Y_dimension(mm),Button,True_depth(m),meas
126.976,0.0,1.443146875,2.047421e-05
126.976,0.0,1.443146875,-3.494133e-06
126.976,0.0,1.443146875,-2.561952e-06
126.976,0.0,1.4430021734372813,-1.965716e-06
126.976,0.0,1.4428289385775117,-1.51711e-06
126.976,0.0,1.4426192855735744,-1.167937e-06
126.976,0.0,1.4423664149368831,-8.988573e-07
126.976,0.0,1.442036043636647,-6.908231e-07
126.976,0.0,1.4417070188862593,-5.278707e-07
126.976,0.0,1.4413117638812796,-4.066096e-07
126.976,0.0,1.4409067448432138,-3.074529e-07
126.976,0.0,1.4405042146085145,-2.348534e-07
126.976,0.0,1.4400697963608118,-1.765002e-07
126.976,0.0,1.4396331079321931,-1.333538e-07
126.976,0.0,1.4392518021830774,-9.757059e-08
126.976,0.0,1.4388141096924283,-7.21775e-08
126.976,0.0,1.4384034632135183,-5.248876e-08
126.976,0.0,1.4380029065901754,-3.521563e-08
126.976,0.0,1.437562881758462,-2.258457e-08
126.976,0.0,1.4371290626901359,-1.32859e-08
126.976,0.0,1.436743436242605,-4.438334e-09
126.976,0.0,1.4363117481992882,9.749783e-10
126.976,0.0,1.4358833195467025,3.085006e-09
126.976,0.0,1.4354688707348635,4.598405e-09
126.976,0.0,1.4350537778452468,8.105417e-09
126.976,0.0,1.4346183617060526,1.142325e-08
126.976,0.0,1.434220093355043,1.105946e-08
126.976,0.0,1.4338037349621153,1.212175e-08
126.976,0.0,1.4333786984281385,1.356238e-08
126.976,0.0,1.4329824943645815,1.204899e-08
126.976,0.0,1.432546381411658,1.439184e-08
126.976,0.0,1.4321141527473085,1.254375e-08
126.976,0.0,1.431715743217508,1.542503e-08
126.976,0.0,1.4312890544681423,1.391163e-08
126.976,0.0,1.430900329721781,1.442095e-08
126.976,0.0,1.43045596627103,1.245644e-08
126.976,0.0,1.4300461776453868,1.436274e-08
126.976,0.0,1.4296171966606805,1.228182e-08
126.976,0.0,1.4292179966481098,1.376611e-08
126.976,0.0,1.4288048407224156,1.391163e-08
126.976,0.0,1.4283759955429398,1.207809e-08
126.976,0.0,1.4279737848137375,1.168519e-08
126.976,0.0,1.427532131972528,1.164153e-08
126.976,0.0,1.4270762965638015,1.318404e-08
126.976,0.0,1.4266940282159268,1.231092e-08
126.976,0.0,1.426272793090282,1.158332e-08
126.976,0.0,1.425865575188119,1.287844e-08
126.976,0.0,1.4254277698971345,1.161243e-08
126.976,0.0,1.4250242755480615,1.204899e-08
126.976,0.0,1.4245880297949576,1.034641e-08
126.976,0.0,1.4241500840551853,1.184526e-08
126.976,0.0,1.4237669697321895,1.196167e-08
126.976,0.0,1.423346496618362,9.88075e-09
126.976,0.0,1.4229404357527795,1.021544e-08
126.976,0.0,1.4225013467812024,1.10449e-08
126.976,0.0,1.4220964061742616,1.108856e-08
126.976,0.0,1.4216551215760918,9.924406e-09
126.976,0.0,1.421261177077847,1.023e-08
126.976,0.0,1.4208622282896148,1.145236e-08
126.976,0.0,1.42043474199932,9.487849e-09
126.976,0.0,1.42000356808067,9.415089e-09
126.976,0.0,1.4195864745210889,1.091394e-08
126.976,0.0,1.4191971442358222,9.022187e-09
126.976,0.0,1.4187747283430356,1.17434e-08
126.976,0.0,1.4183511587288806,8.978532e-09
126.976,0.0,1.4179493818858548,1.068111e-08
126.976,0.0,1.4175040997308228,9.371433e-09
126.976,0.0,1.4171107800787466,1.023e-08
126.976,0.0,1.4166751165551639,9.982614e-09
126.976,0.0,1.4162530151341144,8.20728e-09
126.976,0.0,1.4158246077140464,1.037552e-08
126.976,0.0,1.415426551842553,9.807991e-09
126.976,0.0,1.414993738298925,1.030276e-08
126.976,0.0,1.4145682263165984,1.603621e-08
126.976,0.0,1.4141614511981504,8.818752e-07
126.976,0.0,1.4137270513936029,3.384775e-07
126.976,0.0,1.413324587013775,2.681481e-07
126.976,0.0,1.4129332313641099,2.366141e-07
126.976,0.0,1.4124964145181644,2.34606e-07
126.976,0.0,1.4120643708365983,2.979359e-07
126.976,0.0,1.4116449288143933,2.567976e-07
126.976,0.0,1.4112204083685733,1.905719e-07
126.976,0.0,1.4108223646689977,1.757726e-07
126.976,0.0,1.4103937524804477,1.554145e-07
126.976,0.0,1.4099925264040611,1.395092e-07
126.976,0.0,1.4095636427410505,1.360459e-07
126.976,0.0,1.4091577224190837,1.456065e-07
126.976,0.0,1.4087295515166613,1.420703e-07
126.976,0.0,1.408312055323764,1.151493e-07
126.976,0.0,1.407884486384578,9.960786e-08
126.976,0.0,1.407477496636576,1.129229e-07
126.976,0.0,1.4070406374614612,1.025182e-07
126.976,0.0,1.4066341372827762,1.137087e-07
126.976,0.0,1.4062035065230523,1.156295e-07
126.976,0.0,1.405775699139348,1.232838e-07
126.976,0.0,1.405383299522905,8.214556e-08
126.976,0.0,1.4049533107347276,1.310254e-07
126.976,0.0,1.4045377167945663,9.629002e-08
126.976,0.0,1.4040957604685602,8.715142e-08
126.976,0.0,1.403694406819183,1.249864e-07
126.976,0.0,1.403284320530477,1.124135e-07
126.976,0.0,1.402897015495376,1.347653e-07
126.976,0.0,1.4024571975548183,1.018489e-07
126.976,0.0,1.4020342648492325,1.025182e-07
126.976,0.0,1.4016231682426425,1.350418e-07
126.976,0.0,1.4011926085723023,9.899668e-08
126.976,0.0,1.4007938984622,1.309381e-07
126.976,0.0,1.4003888629602428,6.525079e-08
126.976,0.0,1.3999510603374514,9.407813e-08
126.976,0.0,1.3995524256067005,9.598443e-08
126.976,0.0,1.399113291489933,9.046926e-08
126.976,0.0,1.3987097484006648,8.54925e-08
126.976,0.0,1.39828776105115,1.064473e-07
126.976,0.0,1.3978645017690854,1.069857e-07
126.976,0.0,1.3974584190432346,1.091248e-07
126.976,0.0,1.3970218434219768,8.796633e-08
126.976,0.0,1.3965945909864108,9.025098e-08
126.976,0.0,1.3961758302359417,1.178705e-07
126.976,0.0,1.3957720694443665,1.04963e-07
126.976,0.0,1.3953343907887825,1.169683e-07
126.976,0.0,1.3949415041236177,1.08339e-07
126.976,0.0,1.3945018396063098,1.022127e-07
126.976,0.0,1.3940909574738405,1.372391e-06
126.976,0.0,1.3936586098109647,1.798762e-07
126.976,0.0,1.3932648390706974,1.499575e-07
126.976,0.0,1.392830109950168,1.544395e-07
126.976,0.0,1.3924424244189364,1.293229e-07
126.976,0.0,1.392006373571495,1.239241e-07
126.976,0.0,1.3915757587911441,1.012377e-07
126.976,0.0,1.3911789115247002,1.194567e-07
126.976,0.0,1.3907571907138478,1.046283e-07
126.976,0.0,1.390337965108293,8.604547e-08
126.976,0.0,1.3899358727687843,1.081644e-07
126.976,0.0,1.3894972913514367,8.73406e-08
126.976,0.0,1.3890981593046259,8.181087e-08
126.976,0.0,1.3886679337699497,6.187474e-08
126.976,0.0,1.3882613084808004,7.504423e-08
126.976,0.0,1.3878502276737845,7.246854e-08
126.976,0.0,1.387430584899184,6.705523e-08
126.976,0.0,1.3869861228938989,6.413029e-08
126.976,0.0,1.386557565796286,6.164191e-08
126.976,0.0,1.38615275124311,4.906906e-08
126.976,0.0,1.3857230402172416,4.822505e-08
126.976,0.0,1.3853105169012836,5.069887e-08
126.976,0.0,1.384911201636549,4.496542e-08
126.976,0.0,1.3844820844886199,4.920003e-08
126.976,0.0,1.3840376107235266,4.879257e-08
126.976,0.0,1.3836364090609152,4.190952e-08
126.976,0.0,1.383206314472209,4.173489e-08
126.976,0.0,1.3828146813981754,4.234607e-08
126.976,0.0,1.3823845761526012,3.221794e-08
126.976,0.0,1.381981201385309,3.831519e-08
126.976,0.0,1.3815462895460877,2.099841e-08
126.976,0.0,1.3811417681263003,3.49537e-08
126.976,0.0,1.3807366498990623,3.79805e-08
126.976,0.0,1.3803267756449555,3.619061e-08
126.976,0.0,1.3799031772134427,3.517198e-08
126.976,0.0,1.3794839376343444,3.493915e-08
126.976,0.0,1.3790641721191506,3.668538e-08
126.976,0.0,1.3786319136936336,3.425521e-08
126.976,0.0,1.3782285422411515,4.63624e-08
126.976,0.0,1.3778119980905084,3.80096e-08
126.976,0.0,1.377382843777548,2.162415e-08
126.976,0.0,1.376983479251912,2.249726e-08
126.976,0.0,1.3765475549215773,2.62371e-08
126.976,0.0,1.3761036624862848,2.792513e-08
126.976,0.0,1.3756856935921453,2.722663e-08
126.976,0.0,1.3753004528356128,2.559682e-08
126.976,0.0,1.3748731324840608,2.770685e-08
126.976,0.0,1.3744581578842952,2.261368e-08
126.976,0.0,1.3740358824887118,2.440356e-08
126.976,0.0,1.3736044766529907,2.513116e-08
126.976,0.0,1.3732091916348321,2.451998e-08
126.976,0.0,1.372780472699488,2.310844e-08
126.976,0.0,1.372375556387427,2.428715e-08
126.976,0.0,1.3719492876631132,2.158049e-08
126.976,0.0,1.3715412709395967,2.716843e-08
126.976,0.0,1.3711189082083535,2.8871e-08
126.976,0.0,1.3707058821508467,2.582965e-08
126.976,0.0,1.3702736898078263,2.438901e-08
126.976,0.0,1.3698870191429107,2.62371e-08
126.976,0.0,1.369446954736532,2.35159e-08
126.976,0.0,1.3690377436524943,2.418528e-08
126.976,0.0,1.3685976733223857,2.334127e-08
126.976,0.0,1.3681542211139652,2.136221e-08
126.976,0.0,1.3677731417365075,2.133311e-08
126.976,0.0,1.3673652563510506,2.274464e-08
126.976,0.0,1.3669263670607288,2.316665e-08
126.976,0.0,1.3665277889200576,2.258457e-08
126.976,0.0,1.3660895777442712,2.160959e-08
126.976,0.0,1.3656535891475268,2.232264e-08
126.976,0.0,1.365236967007041,2.355955e-08
126.976,0.0,1.364850261175217,2.387969e-08
126.976,0.0,1.3644127595791917,2.556772e-08
126.976,0.0,1.3640072618752945,3.154855e-08
126.976,0.0,1.363566332775024,3.239256e-08
126.976,0.0,1.3631749293814783,2.836168e-08
126.976,0.0,1.3627490013142243,2.747402e-08
126.976,0.0,1.3623152496872302,3.061723e-08
126.976,0.0,1.3619253002825322,1.2081e-07
126.976,0.0,1.3615050574199707,1.038861e-07
126.976,0.0,1.361079544055813,3.069581e-07
126.976,0.0,1.3606444239476354,2.466404e-07
126.976,0.0,1.3602634007247234,1.404842e-07
126.976,0.0,1.359834249020262,9.560608e-08
126.976,0.0,1.359417367206591,1.272856e-07
126.976,0.0,1.3589999809655577,1.401932e-07
126.976,0.0,1.3585973939508944,1.449225e-07
126.976,0.0,1.3581618526036054,1.502049e-07
126.976,0.0,1.3577406862081103,1.786684e-07
126.976,0.0,1.3573444420660028,1.924927e-07
126.976,0.0,1.3569179156144935,1.944863e-07
126.976,0.0,1.3564866772430126,1.872249e-07
126.976,0.0,1.3560650352570716,2.38826e-07
126.976,0.0,1.3556231570275585,2.419692e-07
126.976,0.0,1.3552260923327806,2.016168e-07
126.976,0.0,1.3548030616847926,1.910375e-07
126.976,0.0,1.3543993131234298,1.838052e-07
126.976,0.0,1.3539832587108056,2.025772e-07
126.976,0.0,1.353555725932672,2.009328e-07
126.976,0.0,1.353152244085451,1.972658e-07
126.976,0.0,1.3527320733013566,2.131274e-07
126.976,0.0,1.3523143167188638,2.191955e-07
126.976,0.0,1.3519130402528954,2.478919e-07
126.976,0.0,1.3514700103904485,1.956942e-07
126.976,0.0,1.3510400828878464,1.736189e-07
126.976,0.0,1.3506390382503826,2.164452e-07
126.976,0.0,1.3501956231305148,1.979497e-07
126.976,0.0,1.3498009840226282,1.155713e-07
126.976,0.0,1.3493984089960405,1.87516e-07
126.976,0.0,1.348959945010412,2.396118e-07
126.976,0.0,1.3485400003676449,1.492299e-07
126.976,0.0,1.3481342959703837,1.713634e-07
126.976,0.0,1.3476995852731801,2.155284e-07
126.976,0.0,1.3472928938518258,1.691078e-07
126.976,0.0,1.3468911911629267,2.387096e-07
126.976,0.0,1.3464554446061436,2.534362e-07
126.976,0.0,1.3460186209270408,2.905581e-07
126.976,0.0,1.3456095018520382,3.355672e-07
126.976,0.0,1.3451777645678353,3.24173e-07
126.976,0.0,1.3447712708692856,3.808818e-07
126.976,0.0,1.3443615271655067,3.8906e-07
126.976,0.0,1.3439479701429675,4.149188e-07
126.976,0.0,1.3435046467462612,3.962195e-07
126.976,0.0,1.3431020896258627,4.052563e-07
126.976,0.0,1.342666755188203,4.211761e-07
126.976,0.0,1.3422652997148998,3.962778e-07
126.976,0.0,1.341858211618096,3.790919e-07
126.976,0.0,1.3414523465777883,4.206086e-07
126.976,0.0,1.3410184463338295,4.213944e-07
126.976,0.0,1.3406185976790401,4.192407e-07
126.976,0.0,1.3401856237987344,4.830072e-07
126.976,0.0,1.3397780319737025,4.372851e-07
126.976,0.0,1.3393776004930542,5.183683e-07
126.976,0.0,1.3389414104283273,4.642934e-07
126.976,0.0,1.3385046667840736,5.070324e-07
126.976,0.0,1.3381156739288933,5.356997e-07
126.976,0.0,1.3376757757836653,5.649199e-07
126.976,0.0,1.3372652965179772,6.122864e-07
126.976,0.0,1.3368589878291606,5.166075e-07
126.976,0.0,1.3364221629727349,6.555347e-07
126.976,0.0,1.3360177846241932,7.125636e-07
126.976,0.0,1.3355674554433425,6.948685e-07
126.976,0.0,1.3351644165765397,7.40838e-07
126.976,0.0,1.3347259423515534,7.826602e-07
126.976,0.0,1.3343388883480665,7.314375e-07
126.976,0.0,1.333909106700385,7.057388e-07
126.976,0.0,1.3334930501522746,6.562914e-07
126.976,0.0,1.333067530238743,6.116461e-07
126.976,0.0,1.3326645158614423,5.133916e-07
126.976,0.0,1.3322301273057662,6.699265e-07
126.976,0.0,1.3318413042664172,7.132476e-07
126.976,0.0,1.331412580474416,6.974878e-07
126.976,0.0,1.3310062101085616,7.445342e-07
126.976,0.0,1.3305770203275809,6.685441e-07
126.976,0.0,1.330138296736131,6.016344e-07
126.976,0.0,1.3297520639602114,5.850015e-07
126.976,0.0,1.329312499385511,5.560287e-07
126.976,0.0,1.3288831053179262,5.903712e-07
126.976,0.0,1.3285042411232326,5.815818e-07
126.976,0.0,1.328065344954643,5.963666e-07
126.976,0.0,1.3276587133630655,6.479677e-07
126.976,0.0,1.3272313676871987,7.082854e-07
126.976,0.0,1.3268004939211941,7.047493e-07
126.976,0.0,1.3263749411380958,6.811752e-07
126.976,0.0,1.325982759605091,7.324415e-07
126.976,0.0,1.3255444657731816,7.668132e-07
126.976,0.0,1.3251072305280038,6.278278e-07
126.976,0.0,1.3247042327668208,6.467308e-07
126.976,0.0,1.3242798536219489,6.681948e-07
126.976,0.0,1.3238643744718608,6.46658e-07
126.976,0.0,1.3234661669598884,7.139752e-07
126.976,0.0,1.3230247753018234,6.174232e-07
126.976,0.0,1.3226051009319133,5.528127e-07
126.976,0.0,1.322187515428483,5.553593e-07
126.976,0.0,1.3217993794342853,5.730835e-07
126.976,0.0,1.3213733629810624,5.409529e-07
126.976,0.0,1.3209725108539314,5.567272e-07
126.976,0.0,1.3205375674052535,5.504407e-07
126.976,0.0,1.3201371038618368,5.434413e-07
126.976,0.0,1.31971183865551,6.554765e-07
126.976,0.0,1.319300549097827,7.470226e-07
126.976,0.0,1.318881988476887,7.428607e-07
126.976,0.0,1.3184754968454753,6.890186e-07
126.976,0.0,1.3180361156253053,7.095368e-07
126.976,0.0,1.317626341326123,6.906048e-07
126.976,0.0,1.3172133366761098,6.845366e-07
126.976,0.0,1.3167924113364131,6.831397e-07
126.976,0.0,1.3163631932990167,7.8429e-07
126.976,0.0,1.315924034007434,7.06641e-07
126.976,0.0,1.3155086511656378,5.581533e-07
126.976,0.0,1.3150907160174194,6.638147e-07
126.976,0.0,1.3146837890377703,7.144117e-07
126.976,0.0,1.3142730761566024,6.429327e-07
126.976,0.0,1.313867769139334,6.238406e-07
126.976,0.0,1.3134363086914829,5.954935e-07
126.976,0.0,1.3130187828281372,6.079645e-07
126.976,0.0,1.3126034593400235,6.286427e-07
126.976,0.0,1.3121633923931082,7.469062e-07
126.976,0.0,1.311779619780752,7.936615e-07
126.976,0.0,1.3113455832573628,8.506322e-07
126.976,0.0,1.310943797520848,7.647031e-07
126.976,0.0,1.3105106584743775,6.827759e-07
126.976,0.0,1.3101121721285407,6.552873e-07
126.976,0.0,1.3096586346986374,6.874616e-07
126.976,0.0,1.3092538439033325,6.845075e-07
126.976,0.0,1.3088671324407142,6.400223e-07
126.976,0.0,1.3084351449323275,6.554474e-07
126.976,0.0,1.3079971317987493,6.152841e-07
126.976,0.0,1.3075953842995078,5.795737e-07
126.976,0.0,1.3071599557462368,4.898175e-07
126.976,0.0,1.306730707298302,4.91942e-07
126.976,0.0,1.3063155266474946,6.370101e-07
126.976,0.0,1.305901146675935,6.861083e-07
126.976,0.0,1.30549540089743,6.728515e-07
126.976,0.0,1.3050695398549041,6.920018e-07
126.976,0.0,1.3046407808536395,5.818438e-07
126.976,0.0,1.3042084575402881,6.35715e-07
126.976,0.0,1.3038150785330505,6.365008e-07
126.976,0.0,1.303380499717663,6.710761e-07
126.976,0.0,1.3029803517704144,6.300397e-07
126.976,0.0,1.3025619385629865,5.946931e-07
126.976,0.0,1.3021301418685285,6.110349e-07
126.976,0.0,1.3017181512028444,4.959438e-07
126.976,0.0,1.3013197189641523,5.53875e-07
126.976,0.0,1.300925902651994,5.497714e-07
126.976,0.0,1.3004888681659899,5.623879e-07
126.976,0.0,1.300059587567064,4.878675e-07
126.976,0.0,1.299644511687025,4.474132e-07
126.976,0.0,1.2992163049199041,5.020411e-07
126.976,0.0,1.2988064733471307,4.597096e-07
126.976,0.0,1.298411491945993,4.12183e-07
126.976,0.0,1.2979681892117059,4.59564e-07
126.976,0.0,1.2975695602173136,4.671892e-07
126.976,0.0,1.2971317337678148,4.574249e-07
126.976,0.0,1.2967114076867077,4.893955e-07
126.976,0.0,1.296303292202217,4.584144e-07
126.976,0.0,1.2959032528998664,5.110196e-07
126.976,0.0,1.2954728246918128,5.526963e-07
126.976,0.0,1.2950416571345293,5.429174e-07
126.976,0.0,1.2946115138118115,5.386973e-07
126.976,0.0,1.2942081451271126,5.304173e-07
126.976,0.0,1.2937984131968032,5.548209e-07
126.976,0.0,1.2933755815310402,5.546608e-07
126.976,0.0,1.2929544958929113,5.553593e-07
126.976,0.0,1.292537173392235,5.012844e-07
126.976,0.0,1.2921272959825942,4.892499e-07
126.976,0.0,1.291693696250351,6.055343e-07
126.976,0.0,1.291286379557504,4.554749e-07
126.976,0.0,1.2908705545837043,4.819449e-07
126.976,0.0,1.2904523580369451,5.103939e-07
126.976,0.0,1.2900473636298395,4.934409e-07
126.976,0.0,1.289604276027406,5.005277e-07
126.976,0.0,1.2892037932103901,5.546171e-07
126.976,0.0,1.288778751299326,4.665199e-07
126.976,0.0,1.288373488025456,5.18412e-07
126.976,0.0,1.2879525446520854,5.583424e-07
126.976,0.0,1.287529261877907,5.252368e-07
126.976,0.0,1.287086003435959,4.984468e-07
126.976,0.0,1.2866811564159857,4.35015e-07
126.976,0.0,1.2862572848402523,4.287867e-07
126.976,0.0,1.2858410875095512,5.034381e-07
126.976,0.0,1.2854398673551486,5.656184e-07
126.976,0.0,1.2849941294099896,7.559429e-07
126.976,0.0,1.2845861469215358,6.358896e-07
126.976,0.0,1.2841464901648496,5.973998e-07
126.976,0.0,1.283752883396281,7.437484e-07
126.976,0.0,1.283345110021043,9.692594e-07
126.976,0.0,1.2829162826568639,7.280323e-07
126.976,0.0,1.2825041426265371,6.388291e-07
126.976,0.0,1.2820747003069075,5.740148e-07
126.976,0.0,1.2816548956964744,5.258917e-07
126.976,0.0,1.2812520562745422,4.099129e-07
126.976,0.0,1.2808481472025586,3.769965e-07
126.976,0.0,1.280417419238569,4.565081e-07
126.976,0.0,1.280011690371685,6.749033e-07
126.976,0.0,1.2795796704312474,5.93398e-07
126.976,0.0,1.2791698256533028,6.523187e-07
126.976,0.0,1.2787604987919425,6.706541e-07
126.976,0.0,1.2783478476757826,5.863258e-07
126.976,0.0,1.2779162013510519,5.699985e-07
126.976,0.0,1.2775146961479615,5.768379e-07
126.976,0.0,1.2770725480869607,5.979527e-07
126.976,0.0,1.276671935528167,6.343034e-07
126.976,0.0,1.2762474640113104,6.245391e-07
126.976,0.0,1.2758292739221968,6.517075e-07
126.976,0.0,1.2754026645505063,6.301707e-07
126.976,0.0,1.2749682091121723,6.229238e-07
126.976,0.0,1.274564476910355,6.851624e-07
126.976,0.0,1.2741583620957826,7.260242e-07
126.976,0.0,1.2737273900676982,7.71528e-07
126.976,0.0,1.2733110027400285,5.015172e-07
126.976,0.0,1.272918415316266,5.037728e-07
126.976,0.0,1.2724801689945506,5.745678e-07
126.976,0.0,1.2720753491964827,6.691116e-07
126.976,0.0,1.2716375820609123,6.035843e-07
126.976,0.0,1.2712052866346712,6.357877e-07
126.976,0.0,1.2708173863962622,7.483759e-07
126.976,0.0,1.2703919143346218,7.882481e-07
126.976,0.0,1.269946875726408,8.53106e-07
126.976,0.0,1.269559916342467,8.754578e-07
126.976,0.0,1.2691232072679886,8.244242e-07
126.976,0.0,1.268729433624911,8.408824e-07
126.976,0.0,1.2682972073950165,8.774514e-07
126.976,0.0,1.2679055911318438,9.351643e-07
126.976,0.0,1.2674699987289384,9.150535e-07
126.976,0.0,1.2670380744598413,9.250798e-07
126.976,0.0,1.2666030773397303,1.002132e-06
126.976,0.0,1.2661972577375837,1.084089e-06
126.976,0.0,1.2657506696034393,1.108681e-06
126.976,0.0,1.2653823659566577,9.954674e-07
126.976,0.0,1.2649411920370102,9.626237e-07
126.976,0.0,1.264504527646387,9.969517e-07
126.976,0.0,1.2641064387843344,9.273936e-07
126.976,0.0,1.2636808678649591,9.593641e-07
126.976,0.0,1.2632502305046511,9.609939e-07
126.976,0.0,1.2628779448348828,1.017455e-06
126.976,0.0,1.2624427389864668,1.097796e-06
126.976,0.0,1.2620234751828616,1.083405e-06
126.976,0.0,1.2616037706878922,1.063148e-06
126.976,0.0,1.2611980839971184,1.09183e-06
126.976,0.0,1.260773422221132,1.101871e-06
126.976,0.0,1.260368326498603,1.178501e-06
126.976,0.0,1.2599351918684683,1.104272e-06
126.976,0.0,1.2595233589795323,9.087671e-07
126.976,0.0,1.259114997885509,9.875512e-07
126.976,0.0,1.258681001987411,1.085777e-06
126.976,0.0,1.2582881378767605,1.260196e-06
126.976,0.0,1.257874588423114,1.170862e-06
126.976,0.0,1.2574499689366183,1.095439e-06
126.976,0.0,1.2570144834422758,1.086592e-06
126.976,0.0,1.2565852600184286,1.095235e-06
126.976,0.0,1.2561804620952026,1.106033e-06
126.976,0.0,1.2557609234890557,1.09899e-06
126.976,0.0,1.2553424409733305,1.041888e-06
126.976,0.0,1.2549110566662998,9.958021e-07
126.976,0.0,1.254513014562078,1.017368e-06
126.976,0.0,1.254076224108791,1.02022e-06
126.976,0.0,1.2536722401070097,9.590294e-07
126.976,0.0,1.253257585550719,9.226351e-07
126.976,0.0,1.2528360296928023,9.572977e-07
126.976,0.0,1.2524092745742332,1.080451e-06
126.976,0.0,1.2520032282716045,9.126088e-07
126.976,0.0,1.2515763160677786,5.846669e-07
126.976,0.0,1.2511404807979503,1.039094e-06
126.976,0.0,1.2507572193708147,9.061187e-07
126.976,0.0,1.250328766774572,8.283823e-07
126.976,0.0,1.2499281052067843,6.741902e-07
126.976,0.0,1.2494959477106784,5.693582e-07
126.976,0.0,1.2490595703436165,6.224436e-07
126.976,0.0,1.2486623384963935,6.608025e-07
126.976,0.0,1.2482372502499866,6.105547e-07
126.976,0.0,1.247820958656541,7.823837e-07
126.976,0.0,1.247415740228855,8.569041e-07
126.976,0.0,1.246966603066516,9.371724e-07
126.976,0.0,1.246540964156652,9.981304e-07
126.976,0.0,1.2461276407613653,8.874486e-07
126.976,0.0,1.2457189501870125,8.379138e-07
126.976,0.0,1.245288524912017,9.505457e-07
126.976,0.0,1.2449062603149037,1.130582e-06
126.976,0.0,1.2444681973331397,1.303823e-06
126.976,0.0,1.2440290402250844,1.311899e-06
126.976,0.0,1.243628700785173,1.45458e-06
126.976,0.0,1.243206974218715,1.533204e-06
126.976,0.0,1.2427923210115543,1.666907e-06
126.976,0.0,1.242389607779952,1.591106e-06
126.976,0.0,1.2419593586105373,1.608627e-06
126.976,0.0,1.2415370163172272,1.702254e-06
126.976,0.0,1.241129057192095,1.699082e-06
126.976,0.0,1.2406941699130352,1.667591e-06
126.976,0.0,1.2402965026293924,1.625594e-06
126.976,0.0,1.2398977543592682,1.613269e-06
126.976,0.0,1.2394562498256043,1.574226e-06
126.976,0.0,1.2390335936363441,1.625129e-06
126.976,0.0,1.2386192514648011,1.638226e-06
126.976,0.0,1.2381943190209317,1.566194e-06
126.976,0.0,1.237794029663889,1.542241e-06
126.976,0.0,1.2373928326734815,1.368186e-06
126.976,0.0,1.236953610378885,1.401801e-06
126.976,0.0,1.2365320842109808,1.486522e-06
126.976,0.0,1.2361084438971357,1.707609e-06
126.976,0.0,1.2356708574361648,1.76733e-06
126.976,0.0,1.2352878944459982,1.890789e-06
126.976,0.0,1.2348548753679702,1.859342e-06
126.976,0.0,1.2344471866285194,1.798369e-06
126.976,0.0,1.2339971221561483,1.771128e-06
126.976,0.0,1.2336109830802642,1.651002e-06
126.976,0.0,1.2331719605458167,1.661785e-06
126.976,0.0,1.232748167967731,1.785549e-06
126.976,0.0,1.2323574032479585,1.615888e-06
126.976,0.0,1.2319385558684217,1.754714e-06
126.976,0.0,1.2315191422688978,1.826265e-06
126.976,0.0,1.2310967612297237,2.078174e-06
126.976,0.0,1.2306575417702446,2.2764e-06
126.976,0.0,1.2302828246778605,2.256391e-06
126.976,0.0,1.2298613219706518,2.322005e-06
126.976,0.0,1.2294327003231373,2.044166e-06
126.976,0.0,1.2290194450246363,2.010871e-06
126.976,0.0,1.2285990801618798,2.162255e-06
126.976,0.0,1.2281677340108348,1.745459e-06
126.976,0.0,1.2277451513012345,1.873719e-06
126.976,0.0,1.2273182518472292,1.806387e-06
126.976,0.0,1.2269308357520141,1.907349e-06
126.976,0.0,1.226484921024968,2.160203e-06
126.976,0.0,1.226071148740465,2.12976e-06
126.976,0.0,1.2256548306876551,2.258443e-06
126.976,0.0,1.225239357041904,2.26844e-06
126.976,0.0,1.2248157262992048,2.46882e-06
126.976,0.0,1.2243920218734612,2.36035e-06
126.976,0.0,1.2239897013757424,2.207744e-06
126.976,0.0,1.2235522409750532,2.062559e-06
126.976,0.0,1.2231502522296767,2.008659e-06
126.976,0.0,1.2227221273904958,2.042827e-06
126.976,0.0,1.222301168536343,2.135203e-06
126.976,0.0,1.221914068787438,2.241955e-06
126.976,0.0,1.2214772860166447,2.239016e-06
126.976,0.0,1.2210737327006473,2.214758e-06
126.976,0.0,1.2206356509354688,2.222005e-06
126.976,0.0,1.2202486232401446,2.20009e-06
126.976,0.0,1.2198172878404612,2.254834e-06
126.976,0.0,1.2194302204654743,2.222543e-06
126.976,0.0,1.2189967401636599,2.161454e-06
126.976,0.0,1.2185531360516686,2.259316e-06
126.976,0.0,1.2181521571325216,2.178916e-06
126.976,0.0,1.217724888070766,2.16109e-06
126.976,0.0,1.217299405586006,2.196743e-06
126.976,0.0,1.2169103807446422,2.383444e-06
126.976,0.0,1.2164739025902247,2.434259e-06
126.976,0.0,1.2160393564546994,2.213987e-06
126.976,0.0,1.2156333416962242,1.664419e-06
126.976,0.0,1.2151984662266524,1.355045e-06
126.976,0.0,1.2147849190071354,1.210399e-06
126.976,0.0,1.2143819198193482,1.419467e-06
126.976,0.0,1.2139495862109262,1.695837e-06
126.976,0.0,1.2135482630446948,2.224944e-06
126.976,0.0,1.2131075733457124,2.732326e-06
126.976,0.0,1.212720744720245,2.825953e-06
126.976,0.0,1.2122837353918179,2.576257e-06
126.976,0.0,1.2118776852265456,2.417408e-06
126.976,0.0,1.2114458034204179,2.535002e-06
126.976,0.0,1.211046950208974,2.624467e-06
126.976,0.0,1.2106048700385175,2.600194e-06
126.976,0.0,1.2102012850964865,2.299275e-06
126.976,0.0,1.2097890895751005,2.428395e-06
126.976,0.0,1.2093577681177754,2.401779e-06
126.976,0.0,1.2089653134685405,2.273024e-06
126.976,0.0,1.2085427327547795,2.193236e-06
126.976,0.0,1.2081040419684856,2.323897e-06
126.976,0.0,1.2076712038821151,2.310873e-06
126.976,0.0,1.2072843398749464,2.212211e-06
126.976,0.0,1.2068735665803987,2.156128e-06
126.976,0.0,1.2064394819558535,2.315152e-06
126.976,0.0,1.2059994925949118,2.520726e-06
126.976,0.0,1.2055785683966818,2.678207e-06
126.976,0.0,1.2051446967862272,2.745903e-06
126.976,0.0,1.2047554420869273,2.60894e-06
126.976,0.0,1.2043325898719732,2.726447e-06
126.976,0.0,1.2039267778016063,2.671179e-06
126.976,0.0,1.203498105564419,2.759116e-06
126.976,0.0,1.2030566212256297,2.761939e-06
126.976,0.0,1.2026699169183175,2.790795e-06
126.976,0.0,1.2022413471478512,2.886285e-06
126.976,0.0,1.2018624658569568,3.061679e-06
126.976,0.0,1.2014265929261119,2.974251e-06
126.976,0.0,1.201007445484581,3.146357e-06
126.976,0.0,1.2005782389016415,3.079782e-06
126.976,0.0,1.2001770494388624,3.01539e-06
126.976,0.0,1.199755821329668,3.052628e-06
126.976,0.0,1.199336475097417,2.804445e-06
126.976,0.0,1.198938934828766,2.684668e-06
126.976,0.0,1.1985005204901753,2.42528e-06
126.976,0.0,1.1981002225177433,2.524408e-06
126.976,0.0,1.1976662811709842,2.443339e-06
126.976,0.0,1.197233450522388,2.566754e-06
126.976,0.0,1.1968531710530912,2.645058e-06
126.976,0.0,1.1964176280121743,2.549146e-06
126.976,0.0,1.195967153684937,2.639412e-06
126.976,0.0,1.1955596847247743,2.538305e-06
126.976,0.0,1.1951344931584307,2.644621e-06
126.976,0.0,1.1947365814087687,2.627377e-06
126.976,0.0,1.194306236797636,2.810048e-06
126.976,0.0,1.193918013908662,2.731511e-06
126.976,0.0,1.19348146770149,2.674133e-06
126.976,0.0,1.193052148230591,2.745437e-06
126.976,0.0,1.1926523297009244,2.617191e-06
126.976,0.0,1.1922274269566464,2.811328e-06
126.976,0.0,1.1918133901002381,2.578308e-06
126.976,0.0,1.1913942765299368,2.730158e-06
126.976,0.0,1.1909840580292241,2.534114e-06
126.976,0.0,1.190542743092558,2.675108e-06
126.976,0.0,1.1901244376137416,2.831119e-06
126.976,0.0,1.1897054821251456,2.652916e-06
126.976,0.0,1.1893178379357403,2.864501e-06
126.976,0.0,1.1888872082905664,2.737797e-06
126.976,0.0,1.1884827749872147,2.803994e-06
126.976,0.0,1.1880390371731377,2.763554e-06
126.976,0.0,1.187610966401662,2.643283e-06
126.976,0.0,1.1872154649696327,2.659493e-06
126.976,0.0,1.186790313683005,2.59286e-06
126.976,0.0,1.1863658684919125,2.764777e-06
126.976,0.0,1.185962622229859,2.89653e-06
126.976,0.0,1.1855233608457327,2.614266e-06
126.976,0.0,1.1850815501512075,2.53215e-06
126.976,0.0,1.1846980822660398,2.438479e-06
126.976,0.0,1.1842603506191656,2.463246e-06
126.976,0.0,1.1838720665076072,2.404355e-06
126.976,0.0,1.1834388266603577,2.349261e-06
126.976,0.0,1.183028574455005,1.944936e-06
126.976,0.0,1.1825915703208971,1.924229e-06
126.976,0.0,1.1821948494026704,2.302477e-06
126.976,0.0,1.1817859312860122,2.361456e-06
126.976,0.0,1.181351345572649,2.243847e-06
126.976,0.0,1.1809489113909235,2.305664e-06
126.976,0.0,1.1805278615849661,2.364104e-06
126.976,0.0,1.1801102396300567,2.624016e-06
126.976,0.0,1.179676426431599,2.571644e-06
126.976,0.0,1.1792930040893235,2.440356e-06
126.976,0.0,1.1788562588379174,2.517874e-06
126.976,0.0,1.1784527323702312,2.422938e-06
126.976,0.0,1.1780278195467797,2.422865e-06
126.976,0.0,1.1776076151660888,2.459827e-06
126.976,0.0,1.177165501777165,2.429617e-06
126.976,0.0,1.1767791426216216,2.373708e-06
126.976,0.0,1.1763628037459253,2.292189e-06
126.976,0.0,1.1759281381025526,2.164408e-06
126.976,0.0,1.1754902442134239,2.255692e-06
126.976,0.0,1.175082169822206,2.241053e-06
126.976,0.0,1.1746478365138624,2.268309e-06
126.976,0.0,1.1742560125421362,2.184446e-06
126.976,0.0,1.1738285848919197,2.259927e-06
126.976,0.0,1.1734272918543327,2.215544e-06
126.976,0.0,1.173010686538479,2.133776e-06
126.976,0.0,1.1725776298592103,2.201748e-06
126.976,0.0,1.1721449892154465,2.220506e-06
126.976,0.0,1.171742159578155,2.395536e-06
126.976,0.0,1.171327349029795,2.378438e-06
126.976,0.0,1.170918748964171,2.223969e-06
126.976,0.0,1.1704833467442444,2.206871e-06
126.976,0.0,1.1700890817036298,2.213041e-06
126.976,0.0,1.1696486302160725,2.226341e-06
126.976,0.0,1.1692495667577703,2.203029e-06
126.976,0.0,1.168845680294879,1.933193e-06
126.976,0.0,1.1684147710148605,1.966677e-06
126.976,0.0,1.1679945508705372,2.479079e-06
126.976,0.0,1.167563531388009,2.485351e-06
126.976,0.0,1.1671505312482917,2.298824e-06
126.976,0.0,1.1667224621519534,2.281013e-06
126.976,0.0,1.166288439607662,2.428686e-06
126.976,0.0,1.1659074253410169,2.427958e-06
126.976,0.0,1.1654737192781528,2.366287e-06
126.976,0.0,1.1650404014537572,2.48212e-06
126.976,0.0,1.1646354725310406,2.376692e-06
126.976,0.0,1.1642066955265986,2.673463e-06
126.976,0.0,1.1637825675841755,2.407163e-06
126.976,0.0,1.1634029255972318,1.699547e-06
126.976,0.0,1.1629735532283076,1.582943e-06
126.976,0.0,1.162535720089084,1.802357e-06
126.976,0.0,1.1621342086857402,2.462111e-06
126.976,0.0,1.1617013043393882,2.448127e-06
126.976,0.0,1.1613173113055364,2.395333e-06
126.976,0.0,1.1608915311923944,2.560933e-06
126.976,0.0,1.160470899857217,2.44136e-06
126.976,0.0,1.1600495735270493,2.42157e-06
126.976,0.0,1.1596123889236951,2.381508e-06
126.976,0.0,1.1592152350097549,2.227374e-06
126.976,0.0,1.1587937031606854,2.076587e-06
126.976,0.0,1.1583747514127358,2.174318e-06
126.976,0.0,1.1579800642344371,2.301051e-06
126.976,0.0,1.1575398007936923,2.243061e-06
126.976,0.0,1.157133935386992,2.246044e-06
126.976,0.0,1.1567072168428751,2.442146e-06
126.976,0.0,1.1562791059949966,2.309622e-06
126.976,0.0,1.155856580266182,2.4209e-06
126.976,0.0,1.1554548256923058,2.301953e-06
126.976,0.0,1.1550267855377387,2.413086e-06
126.976,0.0,1.154599659034755,2.336208e-06
126.976,0.0,1.1541924830045962,2.238216e-06
126.976,0.0,1.1537659353933893,2.56332e-06
126.976,0.0,1.153349276297596,2.396991e-06
126.976,0.0,1.1529527641102026,2.296336e-06
126.976,0.0,1.1525258370191938,2.022978e-06
126.976,0.0,1.1520941881127436,2.181667e-06
126.976,0.0,1.151691483990061,2.083121e-06
126.976,0.0,1.151267521306588,2.082772e-06
126.976,0.0,1.1508452679802748,2.218032e-06
126.976,0.0,1.1504477653029506,1.988592e-06
126.976,0.0,1.150007686157557,2.034751e-06
126.976,0.0,1.1495868858689557,1.974229e-06
126.976,0.0,1.1491769269656271,2.143119e-06
126.976,0.0,1.1487654300882788,2.152839e-06
126.976,0.0,1.1483595299968732,2.173096e-06
126.976,0.0,1.1479334254216962,2.313551e-06
126.976,0.0,1.1474998769920568,2.302811e-06
126.976,0.0,1.1471004060604784,2.544752e-06
126.976,0.0,1.146659922516347,2.640823e-06
126.976,0.0,1.1462255825548353,2.576562e-06
126.976,0.0,1.145841703726428,2.786895e-06
126.976,0.0,1.1454046945744292,2.9574e-06
126.976,0.0,1.145006561331814,2.906381e-06
126.976,0.0,1.1445662465654591,2.779474e-06
126.976,0.0,1.1441275979179943,2.979577e-06
126.976,0.0,1.1437433262930488,2.836125e-06
126.976,0.0,1.1433233744112794,2.764849e-06
126.976,0.0,1.1429164752634589,2.514062e-06
126.976,0.0,1.1424753843989635,2.513334e-06
126.976,0.0,1.1420796488455864,2.551678e-06
126.976,0.0,1.1416423231088373,2.808185e-06
126.976,0.0,1.1412372954077927,2.667599e-06
126.976,0.0,1.1408317479754573,2.828572e-06
126.976,0.0,1.1404278260445344,2.868837e-06
126.976,0.0,1.1399852769128067,2.862449e-06
126.976,0.0,1.139586256748862,2.999208e-06
126.976,0.0,1.1391442200237865,2.83352e-06
126.976,0.0,1.138744899710252,2.478148e-06
126.976,0.0,1.1383315019074154,2.578556e-06
126.976,0.0,1.1379034934377728,2.98566e-06
126.976,0.0,1.137501794273938,3.327659e-06
126.976,0.0,1.1370792009407182,3.388472e-06
126.976,0.0,1.1366465675225945,3.1292e-06
126.976,0.0,1.136218421053841,3.191773e-06
126.976,0.0,1.1358038620485167,3.128109e-06
126.976,0.0,1.1353967992237999,3.235124e-06
126.976,0.0,1.1349573097723962,2.91274e-06
126.976,0.0,1.1345551096824853,3.032183e-06
126.976,0.0,1.1341208602636392,2.995934e-06
126.976,0.0,1.1336898403884934,3.168112e-06
126.976,0.0,1.1333069520029442,2.946603e-06
126.976,0.0,1.1328749333399644,2.945162e-06
126.976,0.0,1.1324676594724266,2.764238e-06
126.976,0.0,1.1320186819443667,2.828267e-06
126.976,0.0,1.1316319962611172,2.550893e-06
126.976,0.0,1.1311836310581125,2.786721e-06
126.976,0.0,1.130794769533011,2.664165e-06
126.976,0.0,1.130393117611045,2.778863e-06
126.976,0.0,1.1299499500018215,2.748682e-06
126.976,0.0,1.1295370238602278,2.93224e-06
126.976,0.0,1.1291101884220516,2.93582e-06
126.976,0.0,1.128711281602343,2.867717e-06
126.976,0.0,1.1282925390008645,3.052482e-06
126.976,0.0,1.1278665515616664,3.298206e-06
126.976,0.0,1.1274567232309414,3.133042e-06
126.976,0.0,1.1270231142164846,3.138819e-06
126.976,0.0,1.1265846807867654,2.977104e-06
126.976,0.0,1.1261837227561802,3.098306e-06
126.976,0.0,1.1257649168078245,3.051915e-06
126.976,0.0,1.1253218010731452,3.026071e-06
126.976,0.0,1.124913530220173,3.192108e-06
126.976,0.0,1.1245029286071286,3.449881e-06
126.976,0.0,1.1240739185303643,3.627181e-06
126.976,0.0,1.1236749128314334,3.928566e-06
126.976,0.0,1.1232546737721245,3.933266e-06
126.976,0.0,1.1228387180707509,3.624882e-06
126.976,0.0,1.1224359707149039,3.708468e-06
126.976,0.0,1.1220044851828133,3.743029e-06
126.976,0.0,1.1215728065950057,3.74837e-06
126.976,0.0,1.1211781334299495,3.541412e-06
126.976,0.0,1.1207551714316488,3.767462e-06
126.976,0.0,1.1203690102077368,3.79172e-06
126.976,0.0,1.1199284011919393,3.532958e-06
126.976,0.0,1.119521531082153,3.649388e-06
126.976,0.0,1.1190925284815778,3.444307e-06
126.976,0.0,1.118682091252774,2.656961e-06
126.976,0.0,1.1182674793993124,2.907298e-06
126.976,0.0,1.1178435433850265,2.577071e-06
126.976,0.0,1.1174466463698334,2.777728e-06
126.976,0.0,1.1170050811639225,2.656539e-06
126.976,0.0,1.1165628980562983,3.152119e-06
126.976,0.0,1.1161604639225196,3.159439e-06
126.976,0.0,1.1157358745482449,3.125693e-06
126.976,0.0,1.1153168568619471,3.230045e-06
126.976,0.0,1.1149104083421781,3.014851e-06
126.976,0.0,1.1144889257760524,3.079462e-06
126.976,0.0,1.1140580507912143,2.949571e-06
126.976,0.0,1.1136617445155725,2.807647e-06
126.976,0.0,1.1132421642855246,2.917513e-06
126.976,0.0,1.112797677292408,2.700835e-06
126.976,0.0,1.1124277752428136,3.034409e-06
126.976,0.0,1.1119978685501994,2.897432e-06
126.976,0.0,1.1115603085447237,2.722474e-06
126.976,0.0,1.1111319287881412,2.553061e-06
126.976,0.0,1.1107331905230098,2.918357e-06
126.976,0.0,1.1103234414218157,2.978733e-06
126.976,0.0,1.10989484767464,2.764529e-06
126.976,0.0,1.1094858526709899,2.819535e-06
126.976,0.0,1.1090642280573235,2.795263e-06
126.976,0.0,1.1086255661914606,2.960194e-06
126.976,0.0,1.1082071506570954,3.100446e-06
126.976,0.0,1.1078277451698133,3.384528e-06
126.976,0.0,1.107402767333938,2.969595e-06
126.976,0.0,1.1069648367521054,3.199646e-06
126.976,0.0,1.1065251238464897,2.946879e-06
126.976,0.0,1.1061320375011245,3.069377e-06
126.976,0.0,1.1057005620664089,3.005785e-06
126.976,0.0,1.1052834683397679,3.186666e-06
126.976,0.0,1.1048578268703728,3.057314e-06
126.976,0.0,1.104456026246507,2.987174e-06
126.976,0.0,1.1040360160812601,3.211884e-06
126.976,0.0,1.1035989716865882,3.036665e-06
126.976,0.0,1.1032042200663548,3.143461e-06
126.976,0.0,1.1027815507865377,2.94346e-06
126.976,0.0,1.1023651195067097,2.85593e-06
126.976,0.0,1.1019654710121225,2.907807e-06
126.976,0.0,1.1015259523450807,2.96603e-06
126.976,0.0,1.1011261431939228,3.106456e-06
126.976,0.0,1.1007009239083245,2.995075e-06
126.976,0.0,1.1002767778704636,3.016045e-06
126.976,0.0,1.099860515985838,3.136171e-06
126.976,0.0,1.0994672155655207,3.107722e-06
126.976,0.0,1.0990289074652249,3.136724e-06
126.976,0.0,1.098627578699384,3.110603e-06
126.976,0.0,1.0982161693889778,3.292633e-06
126.976,0.0,1.0977945943783025,3.281049e-06
126.976,0.0,1.0973750425704685,3.319554e-06
126.976,0.0,1.0969427114968437,3.567446e-06
126.976,0.0,1.0965214614473737,3.490844e-06
126.976,0.0,1.0961038942755692,3.285662e-06
126.976,0.0,1.0956655731709082,2.593399e-06
126.976,0.0,1.0952485380061046,2.708868e-06
126.976,0.0,1.0948328699638845,3.077977e-06
126.976,0.0,1.09444010536085,3.130175e-06
126.976,0.0,1.0940071955449835,3.432506e-06
126.976,0.0,1.093577177147925,3.285837e-06
126.976,0.0,1.0931766869037132,3.370616e-06
126.976,0.0,1.0927424562297035,3.158915e-06
126.976,0.0,1.0923408708279543,2.881003e-06
126.976,0.0,1.0919433344561935,2.232002e-06
126.976,0.0,1.0915015456959807,1.583292e-06
126.976,0.0,1.0911071787878788,2.664892e-06
126.976,0.0,1.0906724417950666,2.888191e-06
126.976,0.0,1.0902516080885019,2.504006e-06
126.976,0.0,1.0898139846020862,3.254856e-06
126.976,0.0,1.089437806033367,3.954934e-06
126.976,0.0,1.0890140781376871,3.862573e-06
126.976,0.0,1.0885791770798092,2.890272e-06
126.976,0.0,1.0881395606749582,2.438173e-06
126.976,0.0,1.0877517774095742,3.412293e-06
126.976,0.0,1.0873368796898861,4.103305e-06
126.976,0.0,1.0869167627958523,4.062487e-06
126.976,0.0,1.0864815447217262,3.653971e-06
126.976,0.0,1.0860423866898699,1.983688e-06
126.976,0.0,1.0856423624175262,1.768436e-06
126.976,0.0,1.0852132491598594,2.55309e-06
126.976,0.0,1.0847895091397919,2.836459e-06
126.976,0.0,1.084399592235576,3.155816e-06
126.976,0.0,1.0839606575405478,3.592751e-06
126.976,0.0,1.0835520971599981,3.526191e-06
126.976,0.0,1.0831198680150045,3.798559e-06
126.976,0.0,1.0827222488226105,3.662804e-06
126.976,0.0,1.0823121222175103,3.832509e-06
126.976,0.0,1.0818881588180105,3.83002e-06
126.976,0.0,1.0814825023558587,3.919849e-06
126.976,0.0,1.0810586103968114,3.858033e-06
126.976,0.0,1.0806217610278166,3.803725e-06
126.976,0.0,1.0802267597764992,3.859197e-06
126.976,0.0,1.0798146941917381,3.962399e-06
126.976,0.0,1.0793982488393383,4.131929e-06
126.976,0.0,1.0789612758175695,4.193338e-06
126.976,0.0,1.0785515117379423,4.185218e-06
126.976,0.0,1.0781391052101204,4.040645e-06
126.976,0.0,1.0777077938800428,4.115136e-06
126.976,0.0,1.0773026790723053,3.889058e-06
126.976,0.0,1.076909233998413,3.873385e-06
126.976,0.0,1.0764694566222555,3.847876e-06
126.976,0.0,1.0760371907211455,3.967667e-06
126.976,0.0,1.0756019976069027,4.000758e-06
126.976,0.0,1.075202498253945,4.191417e-06
126.976,0.0,1.0747912552040817,4.132598e-06
126.976,0.0,1.0743672115943441,3.905734e-06
126.976,0.0,1.073969964080434,3.802255e-06
126.976,0.0,1.0735353782651678,3.63875e-06
126.976,0.0,1.0730850730689425,3.913243e-06
126.976,0.0,1.0726803997210597,4.040587e-06
126.976,0.0,1.0722806218194567,4.189846e-06
126.976,0.0,1.0718590813031863,3.851223e-06
126.976,0.0,1.0714645332304435,4.266403e-06
126.976,0.0,1.0710258386231657,4.463058e-06
126.976,0.0,1.0705907438160849,4.194866e-06
126.976,0.0,1.070196171990046,4.088695e-06
126.976,0.0,1.0697824526275195,3.988564e-06
126.976,0.0,1.0693616354969,3.75614e-06
126.976,0.0,1.0689611982964409,4.009402e-06
126.976,0.0,1.068532835398453,3.372581e-06
126.976,0.0,1.0681123506936578,1.941065e-06
126.976,0.0,1.0676807402668436,1.934503e-06
126.976,0.0,1.0672560921218268,2.414585e-06
126.976,0.0,1.0668370796710527,3.590816e-06
126.976,0.0,1.0664169996083195,4.016139e-06
126.976,0.0,1.066000770792228,3.886918e-06
126.976,0.0,1.0655787255643014,4.110014e-06
126.976,0.0,1.0651414999859232,4.074012e-06
126.976,0.0,1.0647389259298015,4.18548e-06
126.976,0.0,1.0643345650005327,4.235539e-06
126.976,0.0,1.06391125686927,4.057554e-06
126.976,0.0,1.0634750834318147,3.859299e-06
126.976,0.0,1.063074028915946,3.676309e-06
126.976,0.0,1.0626202002661593,3.89629e-06
126.976,0.0,1.0622555668374523,4.153684e-06
126.976,0.0,1.0618304247440642,4.186644e-06
126.976,0.0,1.0614088307659495,4.163812e-06
126.976,0.0,1.0610062535467757,4.056914e-06
126.976,0.0,1.06056823992448,3.916211e-06
126.976,0.0,1.0601393507333539,3.895271e-06
126.976,0.0,1.0597572068672865,4.004236e-06
126.976,0.0,1.0593272357618748,4.031463e-06
126.976,0.0,1.058928316534523,4.154586e-06
126.976,0.0,1.0584995644110684,4.093876e-06
126.976,0.0,1.0580616813043577,4.2022e-06
126.976,0.0,1.057664504684624,4.205911e-06
126.976,0.0,1.0572408738196026,4.154863e-06
126.976,0.0,1.0568124320200112,4.317902e-06
126.976,0.0,1.0564179106994183,4.177404e-06
126.976,0.0,1.0559803775017111,4.369678e-06
126.976,0.0,1.0555383769380267,4.28193e-06
126.976,0.0,1.0551433657435751,4.17947e-06
126.976,0.0,1.0547028484004626,4.306479e-06
126.976,0.0,1.0542951765487893,4.258749e-06
126.976,0.0,1.05389046607547,4.241578e-06
126.976,0.0,1.0534689573526752,4.17688e-06
126.976,0.0,1.0530671544880508,4.234738e-06
126.976,0.0,1.05262579723824,4.189424e-06
126.976,0.0,1.0522044345051782,4.310525e-06
126.976,0.0,1.0517990856696058,4.225716e-06
126.976,0.0,1.0513977925834184,3.765017e-06
126.976,0.0,1.050962006203368,3.31756e-06
126.976,0.0,1.0505430630086776,2.875226e-06
126.976,0.0,1.050125925386569,4.081216e-06
126.976,0.0,1.0496849425951318,4.44481e-06
126.976,0.0,1.0492998751170453,4.49027e-06
126.976,0.0,1.048899684458878,4.399495e-06
126.976,0.0,1.0484617531518152,4.197747e-06
126.976,0.0,1.0480472317473961,4.385089e-06
126.976,0.0,1.047630059152594,4.066824e-06
126.976,0.0,1.047198858998721,3.897861e-06
126.976,0.0,1.0467738341997472,3.412541e-06
126.976,0.0,1.0463631193789966,2.838366e-06
126.976,0.0,1.0459300667759033,3.487774e-06
126.976,0.0,1.0455260832095634,4.002533e-06
126.976,0.0,1.0450944111324993,4.426562e-06
126.976,0.0,1.0446612955073804,4.061454e-06
126.976,0.0,1.044276027718388,3.976456e-06
126.976,0.0,1.0438469886815556,4.207977e-06
126.976,0.0,1.0434232650121085,4.575864e-06
126.976,0.0,1.043012115822335,5.083799e-06
126.976,0.0,1.0425853120471218,5.001028e-06
126.976,0.0,1.0421883377508991,4.877729e-06
126.976,0.0,1.041769864703403,4.939066e-06
126.976,0.0,1.0413522273048064,4.672038e-06
126.976,0.0,1.040953421355764,4.856105e-06
126.976,0.0,1.040513983163514,4.793299e-06
126.976,0.0,1.0401121570385512,4.683214e-06
126.976,0.0,1.0396784106280053,4.751666e-06
126.976,0.0,1.0392539082157182,4.751098e-06
126.976,0.0,1.0388730785288476,4.649541e-06
126.976,0.0,1.0384410045480315,4.643545e-06
126.976,0.0,1.0380027303947839,4.607675e-06
126.976,0.0,1.0376104509484405,4.505651e-06
126.976,0.0,1.037177905691864,4.586866e-06
126.976,0.0,1.0367492234978541,4.588539e-06
126.976,0.0,1.0363374445309328,4.489382e-06
126.976,0.0,1.035905263841354,4.640591e-06
126.976,0.0,1.0355068408030204,4.643487e-06
126.976,0.0,1.0350682218138971,4.85676e-06
126.976,0.0,1.034666941317056,4.823625e-06
126.976,0.0,1.0342458166000215,4.713947e-06
126.976,0.0,1.033817283734018,4.6973e-06
126.976,0.0,1.033426446186918,4.506786e-06
126.976,0.0,1.032981094774526,4.761474e-06
126.976,0.0,1.0325643631031736,4.684611e-06
126.976,0.0,1.0321557981795548,4.797897e-06
126.976,0.0,1.0317334090742714,4.69014e-06
126.976,0.0,1.0313205527114713,4.680551e-06
126.976,0.0,1.030912933408908,4.743619e-06
126.976,0.0,1.0304951916535645,4.636648e-06
126.976,0.0,1.0300540748558493,4.416666e-06
126.976,0.0,1.0296489693284399,4.086643e-06
126.976,0.0,1.0292396495093692,3.927591e-06
126.976,0.0,1.028817877715758,2.807035e-06
126.976,0.0,1.0283887187187024,2.231958e-06
126.976,0.0,1.0279962052018583,2.442364e-06
126.976,0.0,1.0275649352970098,3.371388e-06
126.976,0.0,1.0271247398045988,3.946159e-06
126.976,0.0,1.0266955485785847,4.201793e-06
126.976,0.0,1.0262923031035671,4.079426e-06
126.976,0.0,1.0258720124721246,4.159359e-06
126.976,0.0,1.025454361653841,4.564994e-06
126.976,0.0,1.0250336471422894,4.448768e-06
126.976,0.0,1.0246187556581914,4.589587e-06
126.976,0.0,1.0241952207888834,4.240006e-06
126.976,0.0,1.0237880364658458,4.300906e-06
126.976,0.0,1.0233837951602909,4.254776e-06
126.976,0.0,1.0229468154559735,4.167669e-06
126.976,0.0,1.0225529283118409,3.626265e-06
126.976,0.0,1.0221090802636463,3.866284e-06
126.976,0.0,1.0216780840946063,4.170492e-06
126.976,0.0,1.0213025444299302,4.011134e-06
126.976,0.0,1.0208593451272847,4.052097e-06
126.976,0.0,1.0204720043449307,3.948939e-06
126.976,0.0,1.0200317417055862,4.025758e-06
126.976,0.0,1.019599691291971,4.234258e-06
126.976,0.0,1.019205598139308,4.246991e-06
126.976,0.0,1.018791828030375,4.143309e-06
126.976,0.0,1.0183742558063833,4.173489e-06
126.976,0.0,1.017974592562574,4.201065e-06
126.976,0.0,1.017533551852145,3.929148e-06
126.976,0.0,1.0171010408100958,3.865454e-06
126.976,0.0,1.016703638881486,4.165297e-06
126.976,0.0,1.0162862063592129,4.17087e-06
126.976,0.0,1.0158548301300225,4.516522e-06
126.976,0.0,1.015424117109345,4.476242e-06
126.976,0.0,1.0150234380500356,4.367044e-06
126.976,0.0,1.014589790953954,4.216723e-06
126.976,0.0,1.0141540491133878,4.193309e-06
126.976,0.0,1.013774876977466,4.293281e-06
126.976,0.0,1.013345477538246,3.956229e-06
126.976,0.0,1.0129430060361069,4.196962e-06
126.976,0.0,1.0125157428756548,4.041809e-06
126.976,0.0,1.012079049702645,3.732464e-06
126.976,0.0,1.0116879056410033,3.713809e-06
126.976,0.0,1.0112726655973798,3.828172e-06
126.976,0.0,1.0108528619011483,4.069065e-06
126.976,0.0,1.0104184496376845,4.065616e-06
126.976,0.0,1.01001935243087,4.031885e-06
126.976,0.0,1.0095832638567295,4.060261e-06
126.976,0.0,1.0091811160939057,3.774447e-06
126.976,0.0,1.0087610152326394,3.921828e-06
126.976,0.0,1.0083393205082116,4.012589e-06
126.976,0.0,1.0079349720501678,4.024216e-06
126.976,0.0,1.0075032575879699,4.32384e-06
126.976,0.0,1.0070697724368756,4.21083e-06
126.976,0.0,1.0066188428308027,4.352551e-06
126.976,0.0,1.006209906893451,4.161644e-06
126.976,0.0,1.0058315086038996,4.099275e-06
126.976,0.0,1.0054059819160963,3.842404e-06
126.976,0.0,1.0049609017747763,3.811991e-06
126.976,0.0,1.00456583617414,4.189482e-06
126.976,0.0,1.0041323645259344,4.109912e-06
126.976,0.0,1.0037043479005716,4.268572e-06
126.976,0.0,1.0033160801655872,4.197253e-06
126.976,0.0,1.0028886512816235,4.177855e-06
126.976,0.0,1.002481769156087,4.177593e-06
126.976,0.0,1.0020566743578712,3.944602e-06
126.976,0.0,1.001622897372376,4.196292e-06
126.976,0.0,1.0012327056851769,4.196962e-06
126.976,0.0,1.0008082293649925,4.010959e-06
126.976,0.0,1.0004160810374392,4.308749e-06
126.976,0.0,0.9999818371515936,4.369067e-06
126.976,0.0,0.9995473883835274,4.572124e-06
126.976,0.0,0.9991423382853628,4.591246e-06
126.976,0.0,0.9987243073365034,4.309506e-06
126.976,0.0,0.9983013256486615,4.444621e-06
126.976,0.0,0.9979186167693876,4.40779e-06
126.976,0.0,0.9974896009520853,4.477246e-06
126.976,0.0,0.9970555438495068,4.266622e-06
126.976,0.0,0.9966185267303596,4.119109e-06
126.976,0.0,0.9961895510218126,4.008922e-06
126.976,0.0,0.9958082315839105,3.716923e-06
126.976,0.0,0.9953846998013007,3.933674e-06
126.976,0.0,0.9949461819058052,3.976864e-06
126.976,0.0,0.9945441858062533,3.944529e-06
126.976,0.0,0.9941095844093866,3.648442e-06
126.976,0.0,0.9936797814080376,2.974877e-06
126.976,0.0,0.9932958003131293,2.690373e-06
126.976,0.0,0.9928522093357758,3.410285e-06
126.976,0.0,0.9924350652657036,3.680296e-06
126.976,0.0,0.992029268958735,3.163368e-06
126.976,0.0,0.9916062970158663,3.559835e-06
126.976,0.0,0.9912059587440651,3.419889e-06
126.976,0.0,0.9907928615348855,1.89511e-06
126.976,0.0,0.9903688650187045,2.132947e-06
126.976,0.0,0.9899361611698003,2.733606e-06
126.976,0.0,0.9895408339045897,3.470806e-06
126.976,0.0,0.9891005962599779,3.933601e-06
126.976,0.0,0.9886969982001461,4.097368e-06
126.976,0.0,0.9882773670614853,3.898502e-06
126.976,0.0,0.9878482567797107,4.134723e-06
126.976,0.0,0.987427273648721,3.988418e-06
126.976,0.0,0.9870297621151551,2.981615e-06
126.976,0.0,0.9865937425722223,1.641936e-06
126.976,0.0,0.9861673612301902,2.316534e-06
126.976,0.0,0.9857452201600151,2.876754e-06
126.976,0.0,0.9853301976872533,3.687717e-06
126.976,0.0,0.9849211487504428,3.877984e-06
126.976,0.0,0.9844976080038778,3.999754e-06
126.976,0.0,0.9840605134405339,4.030575e-06
126.976,0.0,0.9836671515952695,3.94677e-06
126.976,0.0,0.9832399990569338,3.904031e-06
126.976,0.0,0.9828264018876687,4.090572e-06
126.976,0.0,0.9824244502326582,4.062182e-06
126.976,0.0,0.9819855453945825,3.911235e-06
126.976,0.0,0.9815858159911168,3.32795e-06
126.976,0.0,0.981149847387373,2.314395e-06
126.976,0.0,0.9807566814471436,2.107146e-06
126.976,0.0,0.9803550693207157,2.567976e-06
126.976,0.0,0.9799195127639019,3.437221e-06
126.976,0.0,0.9795036679640994,3.834226e-06
126.976,0.0,0.9790739967526622,3.980414e-06
126.976,0.0,0.9786489725922649,3.694018e-06
126.976,0.0,0.9782527140258672,3.519774e-06
126.976,0.0,0.9778486784584116,3.360954e-06
126.976,0.0,0.9774254300701422,3.400492e-06
126.976,0.0,0.9769837622288609,3.233043e-06
126.976,0.0,0.9765595944671922,3.312642e-06
126.976,0.0,0.9761432339212534,3.312904e-06
126.976,0.0,0.9757140934933672,3.306763e-06
126.976,0.0,0.9752988339659808,3.282199e-06
126.976,0.0,0.9749169652112513,2.784247e-06
126.976,0.0,0.9744777623813373,2.665882e-06
126.976,0.0,0.9740413780641687,2.921151e-06
126.976,0.0,0.9736395614866088,2.988585e-06
126.976,0.0,0.9732084675447876,3.327979e-06
126.976,0.0,0.9728337997594507,3.32568e-06
126.976,0.0,0.972403676864595,3.458917e-06
126.976,0.0,0.9719671557742051,3.407535e-06
126.976,0.0,0.9715706754410428,3.283756e-06
126.976,0.0,0.9711334860929691,3.295645e-06
126.976,0.0,0.9706995282583242,3.134992e-06
126.976,0.0,0.9703156148197726,3.038818e-06
126.976,0.0,0.9698912013299015,3.199399e-06
126.976,0.0,0.9694552540529842,3.489578e-06
126.976,0.0,0.9690569146546489,3.339184e-06
126.976,0.0,0.9686234320185669,3.186084e-06
126.976,0.0,0.9681932510829149,3.340989e-06
126.976,0.0,0.9677887948877092,3.304449e-06
126.976,0.0,0.967384582855762,3.383073e-06
126.976,0.0,0.966952520364222,3.304216e-06
126.976,0.0,0.9665176122773724,3.316673e-06
126.976,0.0,0.9661034941427391,3.129593e-06
126.976,0.0,0.9656889095699328,3.293986e-06
126.976,0.0,0.9652724438903431,3.175359e-06
126.976,0.0,0.9648529235219907,3.311914e-06
126.976,0.0,0.9644193387330328,3.135545e-06
126.976,0.0,0.9640180702920402,3.206093e-06
126.976,0.0,0.9635847576650068,2.984059e-06
126.976,0.0,0.963185212292977,3.131878e-06
126.976,0.0,0.9627603961732708,3.134715e-06
126.976,0.0,0.9623428538885132,3.330177e-06
126.976,0.0,0.961941429036558,3.420064e-06
126.976,0.0,0.9615188858583212,3.576395e-06
126.976,0.0,0.9610915518105572,3.649431e-06
126.976,0.0,0.9606728165452396,3.62756e-06
126.976,0.0,0.9602651067218784,3.478708e-06
126.976,0.0,0.959851239499435,3.397101e-06
126.976,0.0,0.9594447949258573,2.908346e-06
126.976,0.0,0.959010847058208,2.39884e-06
126.976,0.0,0.9585897453946551,2.413319e-06
126.976,0.0,0.9581663417679176,2.35383e-06
126.976,0.0,0.9577629329066942,2.512548e-06
126.976,0.0,0.9573453473549427,2.752873e-06
126.976,0.0,0.9569481653444896,2.692657e-06
126.976,0.0,0.9565115754141206,2.886532e-06
126.976,0.0,0.9560806743606448,2.720233e-06
126.976,0.0,0.9556458371928989,2.456451e-06
126.976,0.0,0.9552497141296309,2.391971e-06
126.976,0.0,0.954844052926425,2.397646e-06
126.976,0.0,0.9544145551222363,2.637535e-06
126.976,0.0,0.9540083755479578,2.661836e-06
126.976,0.0,0.9535763255009161,2.593311e-06
126.976,0.0,0.9531379039476473,2.370041e-06
126.976,0.0,0.9527336519843175,2.2358e-06
126.976,0.0,0.9523139108474084,2.334476e-06
126.976,0.0,0.9519024705466698,2.564862e-06
126.976,0.0,0.9515018615017667,2.81875e-06
126.976,0.0,0.9510609264171088,2.506611e-06
126.976,0.0,0.9506643644104487,2.393674e-06
126.976,0.0,0.950242345695336,2.394008e-06
126.976,0.0,0.9498258080790192,2.225905e-06
126.976,0.0,0.9494222348910082,2.316316e-06
126.976,0.0,0.9489858771674966,2.103247e-06
126.976,0.0,0.948550588981852,1.981127e-06
126.976,0.0,0.9481533962981599,1.990615e-06
126.976,0.0,0.9477330906142293,2.391156e-06
126.976,0.0,0.9473072161918583,2.054265e-06
126.976,0.0,0.9468827760211928,2.350556e-06
126.976,0.0,0.9464770809915,2.092915e-06
126.976,0.0,0.9460448393683317,2.283341e-06
126.976,0.0,0.9456040849616824,2.361761e-06
126.976,0.0,0.9451986207788392,2.27087e-06
126.976,0.0,0.9447828652969461,2.232337e-06
126.976,0.0,0.9443986130403879,2.355126e-06
126.976,0.0,0.9439580654012353,2.457513e-06
126.976,0.0,0.9435296920779407,2.511631e-06
126.976,0.0,0.943133664759239,2.467874e-06
126.976,0.0,0.942707460638924,2.587607e-06
126.976,0.0,0.942285516821972,2.80542e-06
126.976,0.0,0.9418690894516595,2.589324e-06
126.976,0.0,0.9414689692105737,2.332323e-06
126.976,0.0,0.9410330075028733,2.432105e-06
126.976,0.0,0.9406385403247255,2.715809e-06
126.976,0.0,0.9401867715949004,2.776593e-06
126.976,0.0,0.9397866059536528,2.592249e-06
126.976,0.0,0.939367961946044,2.554982e-06
126.976,0.0,0.938970339319668,2.310553e-06
126.976,0.0,0.9385322685901651,2.360568e-06
126.976,0.0,0.9381343563550636,2.550049e-06
126.976,0.0,0.9377041177537825,2.666231e-06
126.976,0.0,0.9372820142931436,2.620785e-06
126.976,0.0,0.936862234683443,2.361441e-06
126.976,0.0,0.9364643860183052,2.159664e-06
126.976,0.0,0.9360260388721022,2.318717e-06
126.976,0.0,0.9355981600463216,2.54839e-06
126.976,0.0,0.9351948341299214,2.620232e-06
126.976,0.0,0.9347709962483858,2.616915e-06
126.976,0.0,0.9343307933474064,2.630812e-06
126.976,0.0,0.9339456874123793,2.944842e-06
126.976,0.0,0.9335067490437929,3.036694e-06
126.976,0.0,0.9331111528283809,3.175781e-06
126.976,0.0,0.9326740493041147,3.138484e-06
126.976,0.0,0.9322694674069808,2.862696e-06
126.976,0.0,0.9318639224630308,2.942543e-06
126.976,0.0,0.9314367863323387,3.076872e-06
126.976,0.0,0.9310033517279942,3.043839e-06
126.976,0.0,0.9305994528840243,3.268709e-06
126.976,0.0,0.9301623250730235,3.080015e-06
126.976,0.0,0.929741383985146,2.954621e-06
126.976,0.0,0.9293635752381573,2.965855e-06
126.976,0.0,0.9289333026162646,2.816727e-06
126.976,0.0,0.9284946296445874,2.833345e-06
126.976,0.0,0.9280961457225161,2.494009e-06
126.976,0.0,0.9276566893558414,2.135625e-06
126.976,0.0,0.9272523482184688,2.419678e-06
126.976,0.0,0.9268461495368581,2.24635e-06
126.976,0.0,0.9263922023866995,2.658227e-06
126.976,0.0,0.9259799654297134,2.736953e-06
126.976,0.0,0.9255471751489495,2.82946e-06
126.976,0.0,0.9251496732910525,2.864661e-06
126.976,0.0,0.9247214882293225,2.849134e-06
126.976,0.0,0.9242963792581312,3.032459e-06
126.976,0.0,0.9239163870628443,2.925401e-06
126.976,0.0,0.9234829852105311,2.876273e-06
126.976,0.0,0.9230506614465732,2.906265e-06
126.976,0.0,0.9226219535824621,2.807705e-06
126.976,0.0,0.9222203363730961,2.835019e-06
126.976,0.0,0.921804258023133,2.975954e-06
126.976,0.0,0.9214178807787513,2.885383e-06
126.976,0.0,0.9209844767087831,2.803936e-06
126.976,0.0,0.9205490488982426,2.906047e-06
126.976,0.0,0.9201419226134754,2.95334e-06
126.976,0.0,0.9197366561978552,2.942674e-06
126.976,0.0,0.9193266641569613,3.006484e-06
126.976,0.0,0.9189030997219586,2.899542e-06
126.976,0.0,0.918454414292002,2.419692e-06
126.976,0.0,0.9180637114469471,2.082088e-06
126.976,0.0,0.917635954147785,2.560861e-06
126.976,0.0,0.9172071082680396,2.597939e-06
126.976,0.0,0.916811985513895,2.880101e-06
126.976,0.0,0.9163995396806967,2.721339e-06
126.976,0.0,0.9159616757789315,2.355431e-06
126.976,0.0,0.9155267610783524,2.207657e-06
126.976,0.0,0.9151344108253505,2.106448e-06
126.976,0.0,0.9147028395712454,2.113593e-06
126.976,0.0,0.9142937691115225,2.381406e-06
126.976,0.0,0.913894215456707,2.636356e-06
126.976,0.0,0.9134576159877952,2.559114e-06
126.976,0.0,0.913038727546917,2.654386e-06
126.976,0.0,0.9126057090191546,2.811532e-06
126.976,0.0,0.9121923969583267,2.663452e-06
126.976,0.0,0.9117832884577746,2.655303e-06
126.976,0.0,0.9113838691475974,2.495275e-06
126.976,0.0,0.9109504896947956,2.447487e-06
126.976,0.0,0.9105188447416085,2.164437e-06
126.976,0.0,0.9101221843132125,1.977998e-06
126.976,0.0,0.9096859489128796,2.033994e-06
126.976,0.0,0.9092830437717855,2.304514e-06
126.976,0.0,0.9088744399529763,2.47969e-06
126.976,0.0,0.9084646177446077,2.506946e-06
126.976,0.0,0.9080352950832882,2.522385e-06
126.976,0.0,0.9076043560379932,2.489498e-06
126.976,0.0,0.9071692001401476,2.492641e-06
126.976,0.0,0.9067613691409042,2.291694e-06
126.976,0.0,0.9063682450032056,2.451066e-06
126.976,0.0,0.9059312100706693,2.504094e-06
126.976,0.0,0.9054984902514409,2.519853e-06
126.976,0.0,0.905074383537309,2.511966e-06
126.976,0.0,0.9046689975409441,2.420362e-06
126.976,0.0,0.9042490357061089,2.343819e-06
126.976,0.0,0.9038257600107721,2.485162e-06
126.976,0.0,0.9034343283909706,2.530374e-06
126.976,0.0,0.9030036139561235,2.549757e-06
126.976,0.0,0.9025651750695967,2.651243e-06
126.976,0.0,0.902171259710105,2.632733e-06
126.976,0.0,0.9017421925843789,2.290981e-06
126.976,0.0,0.9013238960793806,1.616383e-06
126.976,0.0,0.9009288109193663,1.840963e-06
126.976,0.0,0.9004920782650847,2.328947e-06
126.976,0.0,0.900091884874679,1.916982e-06
126.976,0.0,0.899659918376528,2.204033e-06
126.976,0.0,0.8992609712368131,2.398039e-06
126.976,0.0,0.8988407486379502,2.243672e-06
126.976,0.0,0.8984258960570977,2.26406e-06
126.976,0.0,0.8979908347658563,2.342975e-06
126.976,0.0,0.8975984759423491,2.248184e-06
126.976,0.0,0.8971665602158098,1.835942e-06
126.976,0.0,0.8967286479904785,1.703447e-06
126.976,0.0,0.8963240244873248,1.955297e-06
126.976,0.0,0.8959200787455333,2.299304e-06
126.976,0.0,0.895484935986023,2.520042e-06
126.976,0.0,0.8950564217697247,2.545697e-06
126.976,0.0,0.8946555571589936,2.549816e-06
126.976,0.0,0.8942382438751084,2.537228e-06
126.976,0.0,0.8938168155444423,2.577741e-06
126.976,0.0,0.8933924624406523,2.564106e-06
126.976,0.0,0.8929945502562094,2.497691e-06
126.976,0.0,0.8925487710685615,2.434375e-06
126.976,0.0,0.8921215344589382,2.390807e-06
126.976,0.0,0.8917307327247942,2.163666e-06
126.976,0.0,0.8913226322004317,2.271423e-06
126.976,0.0,0.8909020760577385,2.084154e-06
126.976,0.0,0.8904667460838225,1.99108e-06
126.976,0.0,0.8900677647245021,2.345609e-06
126.976,0.0,0.8896319594847655,2.089873e-06
126.976,0.0,0.8892111378964512,1.54032e-06
126.976,0.0,0.8887883026695412,2.198532e-06
126.976,0.0,0.8884089604548264,2.100744e-06
126.976,0.0,0.8879725122489143,2.194589e-06
126.976,0.0,0.8875317284077471,2.248533e-06
126.976,0.0,0.8871354451968424,2.182249e-06
126.976,0.0,0.8867028552604362,2.135508e-06
126.976,0.0,0.8862733991640177,2.226428e-06
126.976,0.0,0.8858513717160119,2.245026e-06
126.976,0.0,0.8854333918643903,2.136832e-06
126.976,0.0,0.8850227149411648,1.766806e-06
126.976,0.0,0.8845844458376312,1.580731e-06
126.976,0.0,0.8841843754535292,1.77593e-06
126.976,0.0,0.883762451176278,2.137356e-06
126.976,0.0,0.883347284223919,2.355169e-06
126.976,0.0,0.8829582408444686,2.299217e-06
126.976,0.0,0.8825302973133843,2.147863e-06
126.976,0.0,0.8820923057167114,2.214263e-06
126.976,0.0,0.8816937722925293,2.160334e-06
126.976,0.0,0.8812702915367399,1.988315e-06
126.976,0.0,0.8808622044040545,1.860768e-06
126.976,0.0,0.8804652375060581,1.733613e-06
126.976,0.0,0.880028590090092,1.925437e-06
126.976,0.0,0.8795905534963012,2.322879e-06
126.976,0.0,0.8791906932768715,2.241752e-06
126.976,0.0,0.8787791407254658,1.922905e-06
126.976,0.0,0.8783593155996132,2.213987e-06
126.976,0.0,0.8779554751173066,2.480971e-06
126.976,0.0,0.8775256878936999,2.465007e-06
126.976,0.0,0.8770896500632366,2.549452e-06
126.976,0.0,0.8766860764659734,2.412329e-06
126.976,0.0,0.8762685222653255,2.451095e-06
126.976,0.0,0.8758410432659142,2.384753e-06
126.976,0.0,0.8754122493076434,2.429369e-06
126.976,0.0,0.8750105997332159,2.440662e-06
126.976,0.0,0.8745602451514275,2.355417e-06
126.976,0.0,0.8741775622594701,2.481203e-06
126.976,0.0,0.8737519977700504,2.516172e-06
126.976,0.0,0.8733263868420843,2.644229e-06
126.976,0.0,0.8729084679067279,2.578701e-06
126.976,0.0,0.8725065829613949,2.466579e-06
126.976,0.0,0.872073147409424,2.464512e-06
126.976,0.0,0.8716710731217076,2.28417e-06
126.976,0.0,0.8712549766577324,2.405824e-06
126.976,0.0,0.870829318952644,2.428555e-06
126.976,0.0,0.8704013101332352,2.343091e-06
126.976,0.0,0.8700037612531846,2.443194e-06
126.976,0.0,0.8695662137429023,2.506378e-06
126.976,0.0,0.8691729547896566,2.292712e-06
126.976,0.0,0.8687516636887115,2.249828e-06
126.976,0.0,0.8683281536124428,2.393004e-06
126.976,0.0,0.8679031192580235,2.428103e-06
126.976,0.0,0.8674926478481043,2.477405e-06
126.976,0.0,0.8670643614005799,2.396482e-06
126.976,0.0,0.8666240925648345,2.257249e-06
126.976,0.0,0.8662232017831646,2.169458e-06
126.976,0.0,0.8658093437729256,2.239394e-06
126.976,0.0,0.8653851827795243,2.359768e-06
126.976,0.0,0.864949883906861,2.280824e-06
126.976,0.0,0.8645473745308475,2.410277e-06
126.976,0.0,0.8641184947734497,2.495857e-06
126.976,0.0,0.8636879882970274,2.362736e-06
126.976,0.0,0.863311089602107,2.328656e-06
126.976,0.0,0.8628864300962726,2.175686e-06
126.976,0.0,0.8624429669486648,2.065266e-06
126.976,0.0,0.862054599675043,2.158456e-06
126.976,0.0,0.8616138611483524,2.271699e-06
126.976,0.0,0.8612143573217277,2.211164e-06
126.976,0.0,0.8607979793057505,2.445988e-06
126.976,0.0,0.8603928043563679,2.412373e-06
126.976,0.0,0.8599588250899575,2.459332e-06
126.976,0.0,0.8595590720060421,2.354689e-06
126.976,0.0,0.8591198778969789,2.217508e-06
126.976,0.0,0.8587182229783941,1.713677e-06
126.976,0.0,0.8583046028568184,1.659733e-06
126.976,0.0,0.8578820431518284,1.715962e-06
126.976,0.0,0.8574603192348602,1.840119e-06
126.976,0.0,0.8570318518254949,1.646127e-06
126.976,0.0,0.8566004082224632,1.780005e-06
126.976,0.0,0.8562031607249923,1.772874e-06
126.976,0.0,0.8557743550970518,1.491921e-06
126.976,0.0,0.8553599769840982,2.007888e-06
126.976,0.0,0.8549337260749477,1.928755e-06
126.976,0.0,0.8545351163568251,2.05882e-06
126.976,0.0,0.8540954630396866,1.885128e-06
126.976,0.0,0.8536916404180039,1.556764e-06
126.976,0.0,0.8532709673973343,1.472828e-06
126.976,0.0,0.8528506356860666,1.70042e-06
126.976,0.0,0.8524536988422101,1.924142e-06
126.976,0.0,0.852011025242684,2.080735e-06
126.976,0.0,0.851573556600992,2.182467e-06
126.976,0.0,0.8511818058250088,2.213041e-06
126.976,0.0,0.8507709979824802,2.322937e-06
126.976,0.0,0.8503605493478846,2.503861e-06
126.976,0.0,0.84992803939799,2.474189e-06
126.976,0.0,0.849506268680706,2.30335e-06
126.976,0.0,0.8490898958419961,2.394765e-06
126.976,0.0,0.8486867233664067,2.449669e-06
126.976,0.0,0.8482755367558662,2.538261e-06
126.976,0.0,0.8478613687918714,2.590969e-06
126.976,0.0,0.8474297254214596,2.385248e-06
126.976,0.0,0.8469961451071429,2.410437e-06
126.976,0.0,0.846558290956966,2.459623e-06
126.976,0.0,0.8461354220374006,1.848559e-06
126.976,0.0,0.8457205024566474,1.636174e-06
126.976,0.0,0.8453254779618117,1.936714e-06
126.976,0.0,0.8448954605503848,2.189554e-06
126.976,0.0,0.8444869796168313,1.568987e-06
126.976,0.0,0.8440628804528845,1.131557e-06
126.976,0.0,0.8436261010453423,1.274107e-06
126.976,0.0,0.843233748909708,9.664946e-07
126.976,0.0,0.8428202619916287,9.458308e-07
126.976,0.0,0.8423930950809186,1.478125e-06
126.976,0.0,0.8420010349946189,2.137764e-06
126.976,0.0,0.8415753097343499,2.343397e-06
126.976,0.0,0.8411412661454714,2.162255e-06
126.976,0.0,0.8407359208363797,2.341054e-06
126.976,0.0,0.8403289158827145,2.319386e-06
126.976,0.0,0.8399010013301477,2.355533e-06
126.976,0.0,0.8395059346527701,2.182598e-06
126.976,0.0,0.8390688776813354,2.052679e-06
126.976,0.0,0.8386309533188172,2.097513e-06
126.976,0.0,0.8382323179922258,2.124798e-06
126.976,0.0,0.8378096972395033,2.22071e-06
126.976,0.0,0.8373947926184728,2.105662e-06
126.976,0.0,0.8369868707522964,1.888504e-06
126.976,0.0,0.8365580903477786,1.541077e-06
126.976,0.0,0.8361199900223494,2.028042e-06
126.976,0.0,0.8357210439897392,2.146073e-06
126.976,0.0,0.8352913566702415,2.05214e-06
126.976,0.0,0.83488429561124,2.089248e-06
126.976,0.0,0.8344519478454111,2.245622e-06
126.976,0.0,0.8340496912878703,2.308283e-06
126.976,0.0,0.8336091829654231,2.181157e-06
126.976,0.0,0.8332157249133987,2.350396e-06
126.976,0.0,0.8328028713962806,2.348621e-06
126.976,0.0,0.832379974613542,2.26128e-06
126.976,0.0,0.8319769825935008,2.253189e-06
126.976,0.0,0.8315399302532275,2.281769e-06
126.976,0.0,0.8311096679729367,2.431436e-06
126.976,0.0,0.8306957214154166,2.357978e-06
126.976,0.0,0.8302999063638646,2.458371e-06
126.976,0.0,0.8298730372682864,2.397443e-06
126.976,0.0,0.8294419727939637,2.27592e-06
126.976,0.0,0.8290397246234422,2.336019e-06
126.976,0.0,0.828604446280707,2.256173e-06
126.976,0.0,0.8282055491831175,2.209665e-06
126.976,0.0,0.8277920098452948,2.201923e-06
126.976,0.0,0.827363343889244,2.138084e-06
126.976,0.0,0.8269344022419718,2.260073e-06
126.976,0.0,0.8265177025371154,2.442073e-06
126.976,0.0,0.8261005283375226,2.295463e-06
126.976,0.0,0.8256437154878353,2.350775e-06
126.976,0.0,0.825263387239942,2.303481e-06
126.976,0.0,0.8248601201244085,2.276269e-06
126.976,0.0,0.8244303402121105,2.344939e-06
126.976,0.0,0.8240093014813207,2.208748e-06
126.976,0.0,0.8235839742307347,2.293527e-06
126.976,0.0,0.8231509409990126,2.374742e-06
126.976,0.0,0.8227580747909082,2.426226e-06
126.976,0.0,0.8223549584715896,2.162269e-06
126.976,0.0,0.821921655870391,2.18545e-06
126.976,0.0,0.821507889777284,2.195651e-06
126.976,0.0,0.8210803411369949,2.257118e-06
126.976,0.0,0.8206822520927217,2.297616e-06
126.976,0.0,0.820263093841711,2.391069e-06
126.976,0.0,0.8198313808764559,2.237168e-06
126.976,0.0,0.8194427012990736,2.033878e-06
126.976,0.0,0.8190002022679383,1.630033e-06
126.976,0.0,0.8186011110431974,1.200882e-06
126.976,0.0,0.8181714148501605,9.333598e-07
126.976,0.0,0.8177448888357753,1.110297e-06
126.976,0.0,0.8173603729660041,1.173728e-06
126.976,0.0,0.81693376196137,1.662527e-06
126.976,0.0,0.81649745779604,2.084926e-06
126.976,0.0,0.8160576169095345,2.014916e-06
126.976,0.0,0.815659221755459,1.777968e-06
126.976,0.0,0.8152439887069259,1.673019e-06
126.976,0.0,0.814807154184316,1.956418e-06
126.976,0.0,0.8143929431874817,2.147513e-06
126.976,0.0,0.8139895919340708,2.315646e-06
126.976,0.0,0.8135599585499794,2.257118e-06
126.976,0.0,0.8131534324334191,2.289453e-06
126.976,0.0,0.8127282109538055,2.237299e-06
126.976,0.0,0.8123199163257991,2.197354e-06
126.976,0.0,0.8119211883118508,2.3061e-06
126.976,0.0,0.8114855676594357,2.31048e-06
126.976,0.0,0.8110448353745201,2.190674e-06
126.976,0.0,0.8106448038931233,2.250585e-06
126.976,0.0,0.8102302784521399,2.197674e-06
126.976,0.0,0.8097989348968518,2.182234e-06
126.976,0.0,0.8094077390034748,1.7782e-06
126.976,0.0,0.808963645208736,1.62168e-06
126.976,0.0,0.80857053571208,2.138549e-06
126.976,0.0,0.8081297747467111,2.235334e-06
126.976,0.0,0.8077000341035633,2.031171e-06
126.976,0.0,0.8073153476655778,2.390108e-06
126.976,0.0,0.8068906280640603,2.64596e-06
126.976,0.0,0.806452800037811,2.454704e-06
126.976,0.0,0.8060151365354185,2.239263e-06
126.976,0.0,0.805623457104938,2.284709e-06
126.976,0.0,0.8051972712581574,2.04111e-06
126.976,0.0,0.8047739824757615,2.020475e-06
126.976,0.0,0.8043547794483616,2.426983e-06
126.976,0.0,0.8039548830759585,2.176603e-06
126.976,0.0,0.8035147078311266,2.122702e-06
126.976,0.0,0.8031164000063544,2.009459e-06
126.976,0.0,0.8026890137149865,1.97129e-06
126.976,0.0,0.8022686116339817,2.118963e-06
126.976,0.0,0.8018823945350583,2.197747e-06
126.976,0.0,0.8014460274310283,2.243833e-06
126.976,0.0,0.8010363818154336,2.033747e-06
126.976,0.0,0.8006080827238512,2.036497e-06
126.976,0.0,0.8001802391589146,2.045839e-06
126.976,0.0,0.7997768039782126,2.17557e-06
126.976,0.0,0.7993749515029976,2.417233e-06
126.976,0.0,0.7989487328923525,2.254164e-06
126.976,0.0,0.7985301726569478,2.355766e-06
126.976,0.0,0.7981103143760184,2.12439e-06
126.976,0.0,0.7976845005232295,1.842272e-06
126.976,0.0,0.7972752895362066,1.692519e-06
126.976,0.0,0.7968671061562433,1.731809e-06
126.976,0.0,0.7964301586487221,1.65221e-06
126.976,0.0,0.7959879628304125,1.262917e-06
126.976,0.0,0.7955947304380857,1.088469e-06
126.976,0.0,0.7951527965409828,1.620909e-06
126.976,0.0,0.794753498471765,2.043394e-06
126.976,0.0,0.7943523459774919,2.0679e-06
126.976,0.0,0.7939171105625357,1.922002e-06
126.976,0.0,0.7934866775259594,1.677792e-06
126.976,0.0,0.7930872714645208,1.657143e-06
126.976,0.0,0.7926552208245541,1.939698e-06
126.976,0.0,0.7922549141957281,2.057699e-06
126.976,0.0,0.7918458356127714,2.085057e-06
126.976,0.0,0.7914117208561832,1.927139e-06
126.976,0.0,0.791008594904856,1.813853e-06
126.976,0.0,0.7905732517489386,1.927168e-06
126.976,0.0,0.7901696877245068,1.891181e-06
126.976,0.0,0.7897344025256677,1.884619e-06
126.976,0.0,0.7893320202221469,1.767039e-06
126.976,0.0,0.7889300799347592,2.016575e-06
126.976,0.0,0.7884903010936545,1.982902e-06
126.976,0.0,0.7880714600869004,1.943743e-06
126.976,0.0,0.7876523040753289,1.880151e-06
126.976,0.0,0.7872223918673403,1.870983e-06
126.976,0.0,0.7868112388212635,1.861248e-06
126.976,0.0,0.7864121642623115,1.609893e-06
126.976,0.0,0.7859734004053067,1.468958e-06
126.976,0.0,0.785535735475357,2.071145e-06
126.976,0.0,0.7851022128253831,2.162531e-06
126.976,0.0,0.7847212405836342,2.142842e-06
126.976,0.0,0.7842913026684055,1.86509e-06
126.976,0.0,0.7838913874059676,1.894587e-06
126.976,0.0,0.783457307973507,1.884822e-06
126.976,0.0,0.7830602071512527,1.814784e-06
126.976,0.0,0.7826252640416075,1.953871e-06
126.976,0.0,0.7821980976347465,2.012719e-06
126.976,0.0,0.7817921905138748,2.008586e-06
126.976,0.0,0.7813915632250672,1.762062e-06
126.976,0.0,0.780968287599718,1.846769e-06
126.976,0.0,0.7805550313488567,2.000874e-06
126.976,0.0,0.7801173598800143,2.024593e-06
126.976,0.0,0.7797223136658736,2.112545e-06
126.976,0.0,0.7793124655449593,2.211062e-06
126.976,0.0,0.7788899940546719,2.36489e-06
126.976,0.0,0.7784813274030594,1.939479e-06
126.976,0.0,0.7780580525803378,1.942375e-06
126.976,0.0,0.7776196568364657,1.951863e-06
126.976,0.0,0.777221356056159,1.919572e-06
126.976,0.0,0.7768102665210461,1.673441e-06
126.976,0.0,0.7763786826112407,1.896813e-06
126.976,0.0,0.7759215620675428,1.937442e-06
126.976,0.0,0.7755411153743388,2.212866e-06
126.976,0.0,0.7750999286031576,2.013709e-06
126.976,0.0,0.7746984947743757,2.003901e-06
126.976,0.0,0.7742750494181118,1.885128e-06
126.976,0.0,0.7738597182223417,1.90064e-06
126.976,0.0,0.7734571334988104,2.046931e-06
126.976,0.0,0.7730274226042781,1.665772e-06
126.976,0.0,0.7725991864002215,1.568013e-06
126.976,0.0,0.7721965821394843,1.524648e-06
126.976,0.0,0.7717843404947639,1.354725e-06
126.976,0.0,0.7713556868830138,1.797103e-06
126.976,0.0,0.7709515447689482,1.731911e-06
126.976,0.0,0.770518351440176,1.663473e-06
126.976,0.0,0.7701178825461754,2.139088e-06
126.976,0.0,0.7696861371729348,2.257395e-06
126.976,0.0,0.7692656856097889,2.335e-06
126.976,0.0,0.768837733074367,2.248154e-06
126.976,0.0,0.7684403476304107,2.165674e-06
126.976,0.0,0.768002770388397,2.334724e-06
126.976,0.0,0.7675991478537288,2.356712e-06
126.976,0.0,0.7671647002571581,2.203844e-06
126.976,0.0,0.7667456898188625,2.428045e-06
126.976,0.0,0.7663188532092912,2.305998e-06
126.976,0.0,0.7659267702300088,2.241519e-06
126.976,0.0,0.7654942310101845,2.479661e-06
126.976,0.0,0.7650650815575718,2.287197e-06
126.976,0.0,0.7646481456506077,2.479603e-06
126.976,0.0,0.764217583962967,2.617744e-06
126.976,0.0,0.7638392025769334,2.577974e-06
126.976,0.0,0.7634097545814637,2.577668e-06
126.976,0.0,0.7629558071515188,2.475077e-06
126.976,0.0,0.7625709036883934,2.473127e-06
126.976,0.0,0.7621299184698833,2.527551e-06
126.976,0.0,0.761741403699411,2.661312e-06
126.976,0.0,0.7613199812206631,2.574219e-06
126.976,0.0,0.7609025619088019,2.507702e-06
126.976,0.0,0.7605002587392983,2.432178e-06
126.976,0.0,0.760069271729798,1.972687e-06
126.976,0.0,0.7596663703126211,1.876266e-06
126.976,0.0,0.7592455223907321,2.345332e-06
126.976,0.0,0.7588210571105423,2.230459e-06
126.976,0.0,0.7583966763067298,2.237473e-06
126.976,0.0,0.7579955025911119,2.402288e-06
126.976,0.0,0.757555031842436,2.36179e-06
126.976,0.0,0.7571521919976273,2.553425e-06
126.976,0.0,0.7567320501004448,2.702174e-06
126.976,0.0,0.7563059905331002,2.653207e-06
126.976,0.0,0.7558900244326109,2.622124e-06
126.976,0.0,0.7554540317146065,2.524685e-06
126.976,0.0,0.7550530897952157,2.392248e-06
126.976,0.0,0.7546135090581876,2.067725e-06
126.976,0.0,0.7542182428338494,2.045257e-06
126.976,0.0,0.7538019688155787,2.144065e-06
126.976,0.0,0.7533833854955608,2.380199e-06
126.976,0.0,0.7529759380083468,2.338944e-06
126.976,0.0,0.7525490220826277,2.268993e-06
126.976,0.0,0.7521152786787432,2.108398e-06
126.976,0.0,0.7517157016408039,2.032335e-06
126.976,0.0,0.7512831318940228,2.007189e-06
126.976,0.0,0.7508670519245539,1.93945e-06
126.976,0.0,0.7504686935329334,2.178887e-06
126.976,0.0,0.750031110757617,2.031622e-06
126.976,0.0,0.7496283229666114,2.110566e-06
126.976,0.0,0.7491964920780722,2.314337e-06
126.976,0.0,0.7487849676976024,2.376066e-06
126.976,0.0,0.7483784080936068,2.380068e-06
126.976,0.0,0.7479517127481706,2.395624e-06
126.976,0.0,0.7475180795317674,2.251501e-06
126.976,0.0,0.7471201796942784,2.181012e-06
126.976,0.0,0.7466923011373932,2.293891e-06
126.976,0.0,0.7462657226294279,2.524102e-06
126.976,0.0,0.7458409409278405,2.546105e-06
126.976,0.0,0.7454159345905853,2.677785e-06
126.976,0.0,0.745013052138946,2.653425e-06
126.976,0.0,0.744580230989496,2.60667e-06
126.976,0.0,0.7441691604437998,2.505913e-06
126.976,0.0,0.743747158387126,2.673565e-06
126.976,0.0,0.7433334488203864,2.44705e-06
126.976,0.0,0.7429372711439727,2.294299e-06
126.976,0.0,0.7424942271771521,2.175846e-06
126.976,0.0,0.7420981889702594,2.833767e-06
126.976,0.0,0.7416692312768135,2.758723e-06
126.976,0.0,0.7412468187458747,2.794637e-06
126.976,0.0,0.7408379874449709,2.794492e-06
126.976,0.0,0.7404389920386403,2.833593e-06
126.976,0.0,0.7400015598508911,2.956294e-06
126.976,0.0,0.7396037048184586,2.862929e-06
126.976,0.0,0.7391702355630362,2.870773e-06
126.976,0.0,0.7387441469250302,2.855129e-06
126.976,0.0,0.7383660479357579,2.904024e-06
126.976,0.0,0.7379316259035,3.037945e-06
126.976,0.0,0.7374955920460982,2.986693e-06
126.976,0.0,0.7370951376298385,2.958885e-06
126.976,0.0,0.7366478535032405,3.062974e-06
126.976,0.0,0.7362407374353137,2.804503e-06
126.976,0.0,0.7358259345667821,2.846296e-06
126.976,0.0,0.7354248083300962,2.862289e-06
126.976,0.0,0.7349937932011461,2.684988e-06
126.976,0.0,0.7345583848409863,2.840039e-06
126.976,0.0,0.7341648406105408,2.577275e-06
126.976,0.0,0.7337390291964693,2.701214e-06
126.976,0.0,0.7333225225313579,2.95027e-06
126.976,0.0,0.7329257722192962,2.459798e-06
126.976,0.0,0.7324858460599163,2.432731e-06
126.976,0.0,0.7320836388656939,2.668268e-06
126.976,0.0,0.7316545855520287,2.496454e-06
126.976,0.0,0.7312296385089594,2.479064e-06
126.976,0.0,0.7308157263196895,2.460714e-06
126.976,0.0,0.7304103305291859,2.40012e-06
126.976,0.0,0.7299745994048583,2.500528e-06
126.976,0.0,0.7295695555235484,2.530127e-06
126.976,0.0,0.7291298198488712,2.49983e-06
126.976,0.0,0.7287242275115492,2.301167e-06
126.976,0.0,0.7283100519486817,2.333807e-06
126.976,0.0,0.7278814715002266,2.205139e-06
126.976,0.0,0.7274782786160044,1.959081e-06
126.976,0.0,0.7270362542470354,2.729284e-06
126.976,0.0,0.7266357548860966,2.508692e-06
126.976,0.0,0.7262086785844917,2.058543e-06
126.976,0.0,0.7257848358168442,1.960041e-06
126.976,0.0,0.7253619928369316,1.907247e-06
126.976,0.0,0.7249624755590518,1.571651e-06
126.976,0.0,0.7245325190233791,1.185137e-06
126.976,0.0,0.7240939659092569,2.714645e-06
126.976,0.0,0.7236876280626563,2.892848e-06
126.976,0.0,0.7232824998920109,3.045818e-06
126.976,0.0,0.7228743657660813,3.353329e-06
126.976,0.0,0.722438073549492,3.29793e-06
126.976,0.0,0.7220278723839891,3.09218e-06
126.976,0.0,0.7216131909872843,3.162102e-06
126.976,0.0,0.7211787116392077,3.002788e-06
126.976,0.0,0.7207977185287165,3.089168e-06
126.976,0.0,0.7203701620705554,2.970832e-06
126.976,0.0,0.7199724523066959,2.909786e-06
126.976,0.0,0.7195325543966461,3.470617e-06
126.976,0.0,0.7191254566505955,3.43984e-06
126.976,0.0,0.7186936468245022,3.2604e-06
126.976,0.0,0.7182833534349877,2.794099e-06
126.976,0.0,0.7178653227546504,2.778193e-06
126.976,0.0,0.7174593343538158,2.988294e-06
126.976,0.0,0.7170358969101982,3.423891e-06
126.976,0.0,0.7165980479090747,3.361172e-06
126.976,0.0,0.7161653921054504,3.544847e-06
126.976,0.0,0.7157632784713476,3.308742e-06
126.976,0.0,0.7153568733129618,2.96683e-06
126.976,0.0,0.7149226581823808,2.756642e-06
126.976,0.0,0.7145241110185916,2.752829e-06
126.976,0.0,0.7140887913317997,3.011242e-06
126.976,0.0,0.7136546472587633,3.327747e-06
126.976,0.0,0.7132397876198319,3.426336e-06
126.976,0.0,0.7128448427148355,2.875444e-06
126.976,0.0,0.7124120147104077,2.824556e-06
126.976,0.0,0.7120075659375713,3.304755e-06
126.976,0.0,0.711566470136556,3.157707e-06
126.976,0.0,0.7111712296884242,3.337758e-06
126.976,0.0,0.7107474085404558,3.213136e-06
126.976,0.0,0.7103258583811362,3.090841e-06
126.976,0.0,0.7099349417658432,3.003937e-06
126.976,0.0,0.7095094088432055,2.914501e-06
126.976,0.0,0.7090742607484551,2.747736e-06
126.976,0.0,0.7086391724042973,2.725545e-06
126.976,0.0,0.7082576680551846,2.734247e-06
126.976,0.0,0.707828271721558,2.512796e-06
126.976,0.0,0.7073964157417314,3.028093e-06
126.976,0.0,0.7069979197705758,3.141278e-06
126.976,0.0,0.7065578107457473,3.323003e-06
126.976,0.0,0.7061218239685768,2.992383e-06
126.976,0.0,0.7056910167669022,2.936707e-06
126.976,0.0,0.7052951937204177,2.975648e-06
126.976,0.0,0.7048936875283732,3.257926e-06
126.976,0.0,0.7044634260925992,3.016568e-06
126.976,0.0,0.7040459440385365,3.071647e-06
126.976,0.0,0.7036288722370152,3.089313e-06
126.976,0.0,0.7032015962453513,3.296329e-06
126.976,0.0,0.7027946236073318,3.450637e-06
126.976,0.0,0.702389666849641,3.571346e-06
126.976,0.0,0.7019775644833369,3.511406e-06
126.976,0.0,0.7015532369900139,3.471345e-06
126.976,0.0,0.7011179077887987,3.528956e-06
126.976,0.0,0.7007241985318626,3.606197e-06
126.976,0.0,0.7002934548004416,3.554524e-06
126.976,0.0,0.6998803076181479,3.256617e-06
126.976,0.0,0.699482521180758,3.002046e-06
126.976,0.0,0.699044902424172,3.183464e-06
126.976,0.0,0.698633305412206,3.227338e-06
126.976,0.0,0.6982290191524316,3.296082e-06
126.976,0.0,0.697803440159986,2.956047e-06
126.976,0.0,0.6974053042013897,3.02936e-06
126.976,0.0,0.6969732562869551,2.992223e-06
126.976,0.0,0.6965371004968063,3.104986e-06
126.976,0.0,0.6961040959001337,2.87591e-06
126.976,0.0,0.6956748402571075,2.991612e-06
126.976,0.0,0.6952933584076562,2.935631e-06
126.976,0.0,0.6948583733897636,3.311041e-06
126.976,0.0,0.694414703974126,3.150213e-06
126.976,0.0,0.6940365636810071,2.870976e-06
126.976,0.0,0.6935978003983858,3.142864e-06
126.976,0.0,0.6932026156983234,3.186535e-06
126.976,0.0,0.6927749740023661,3.233508e-06
126.976,0.0,0.6923629531316169,3.096386e-06
126.976,0.0,0.6919579032848798,2.770626e-06
126.976,0.0,0.691533312232409,3.150955e-06
126.976,0.0,0.691097085502924,2.840767e-06
126.976,0.0,0.6906951788925686,2.150191e-06
126.976,0.0,0.6902848260511689,2.877263e-06
126.976,0.0,0.6898613091151928,2.968751e-06
138.976,0.0,1.443146875,2.587411e-05
138.976,0.0,1.443146875,1.535896e-06
138.976,0.0,1.443146875,1.941924e-06
138.976,0.0,1.4430015133675682,2.393703e-06
138.976,0.0,1.4428334715964222,2.625064e-06
138.976,0.0,1.4426191435405027,2.887464e-06
138.976,0.0,1.4423655877039572,3.307025e-06
138.976,0.0,1.4420456440887042,3.467911e-06
138.976,0.0,1.4417074997258856,3.805253e-06
138.976,0.0,1.4413176421829705,3.693014e-06
138.976,0.0,1.4409143422817252,3.736772e-06
138.976,0.0,1.4404954942311887,3.836161e-06
138.976,0.0,1.440082300877652,3.755704e-06
138.976,0.0,1.4396435954260847,3.021167e-06
138.976,0.0,1.4392423101811498,3.011417e-06
138.976,0.0,1.4388443621634963,2.356872e-06
138.976,0.0,1.438405699063206,1.817229e-06
138.976,0.0,1.437990889072396,2.053886e-06
138.976,0.0,1.4375772150360775,2.532252e-06
138.976,0.0,1.437165798018674,2.452551e-06
138.976,0.0,1.4367270180392528,2.382876e-06
138.976,0.0,1.4363266546403084,2.407687e-06
138.976,0.0,1.4358874516451525,2.123576e-06
138.976,0.0,1.4354742475744655,2.143599e-06
138.976,0.0,1.4350628513277215,2.369765e-06
138.976,0.0,1.4346160807170727,2.582106e-06
138.976,0.0,1.4342111610289434,2.457353e-06
138.976,0.0,1.4338141844860908,2.214088e-06
138.976,0.0,1.4333760627888292,2.439236e-06
138.976,0.0,1.432963067785189,2.564746e-06
138.976,0.0,1.4325484737521772,2.862391e-06
138.976,0.0,1.4321353209612255,2.517074e-06
138.976,0.0,1.431705847857995,1.43236e-06
138.976,0.0,1.431299113563312,1.455395e-06
138.976,0.0,1.4308975754565845,1.527616e-06
138.976,0.0,1.430456976820337,1.417386e-06
138.976,0.0,1.4300290227199717,2.108092e-06
138.976,0.0,1.4296252295748704,3.041379e-06
138.976,0.0,1.4292092382043777,3.581037e-06
138.976,0.0,1.4287874744560474,3.662775e-06
138.976,0.0,1.4283861640549165,3.678084e-06
138.976,0.0,1.4279739131094313,3.868045e-06
138.976,0.0,1.4275262533459976,3.9843e-06
138.976,0.0,1.427114342455721,3.891953e-06
138.976,0.0,1.4266744615767104,3.793917e-06
138.976,0.0,1.4262645498810425,3.855122e-06
138.976,0.0,1.4258652209959366,3.70515e-06
138.976,0.0,1.425428918334902,3.284702e-06
138.976,0.0,1.4250111347360483,2.690096e-06
138.976,0.0,1.4245971937787565,2.599554e-06
138.976,0.0,1.4241905731884672,2.696528e-06
138.976,0.0,1.4237525718021602,2.08625e-06
138.976,0.0,1.4233500220194053,2.160348e-06
138.976,0.0,1.4229225582153036,1.788881e-06
138.976,0.0,1.422506076765952,1.588196e-06
138.976,0.0,1.422093218703901,1.628272e-06
138.976,0.0,1.4216862561226113,1.488224e-06
138.976,0.0,1.4212482490482226,1.181907e-06
138.976,0.0,1.420847942888233,8.542265e-07
138.976,0.0,1.420441930605502,4.67975e-07
138.976,0.0,1.4200268985605868,9.032083e-07
138.976,0.0,1.4195805018948913,8.46514e-07
138.976,0.0,1.4191725720505448,8.461211e-07
138.976,0.0,1.4187736601212364,1.204709e-06
138.976,0.0,1.418337703516771,1.626031e-06
138.976,0.0,1.4179326962994483,1.561319e-06
138.976,0.0,1.417520715804239,1.360066e-06
138.976,0.0,1.4170752054338434,1.190652e-06
138.976,0.0,1.4166651372337917,1.081702e-06
138.976,0.0,1.4162659196382537,1.113003e-06
138.976,0.0,1.4158293516894378,1.247594e-06
138.976,0.0,1.4154258685636247,1.463006e-06
138.976,0.0,1.4149899872461478,1.524182e-06
138.976,0.0,1.414563082983233,1.673703e-06
138.976,0.0,1.4141501710201085,1.90131e-06
138.976,0.0,1.4137527953606255,1.658889e-06
138.976,0.0,1.4133171689117727,1.659544e-06
138.976,0.0,1.4129125325660539,1.943088e-06
138.976,0.0,1.4124992399943377,2.826011e-06
138.976,0.0,1.4120763755147074,3.243942e-06
138.976,0.0,1.4116410253708476,3.274661e-06
138.976,0.0,1.4112404701813723,3.759502e-06
138.976,0.0,1.4108048878951678,4.191272e-06
138.976,0.0,1.410402932176173,4.344489e-06
138.976,0.0,1.4099886154715182,4.363726e-06
138.976,0.0,1.4095651195637768,4.193076e-06
138.976,0.0,1.409130464930559,4.480491e-06
138.976,0.0,1.4087275922162563,4.20968e-06
138.976,0.0,1.408315228594648,3.94191e-06
138.976,0.0,1.4078929392444621,3.971654e-06
138.976,0.0,1.4074808792739795,4.300047e-06
138.976,0.0,1.4070581984426693,4.381509e-06
138.976,0.0,1.4066242277837446,4.460395e-06
138.976,0.0,1.4062215132329525,4.260131e-06
138.976,0.0,1.4057745958354042,3.889843e-06
138.976,0.0,1.4053833936643847,4.099042e-06
138.976,0.0,1.404947875268031,4.603571e-06
138.976,0.0,1.4045304076768659,3.928391e-06
138.976,0.0,1.4041140871038649,3.428446e-06
138.976,0.0,1.4036889931203627,3.762805e-06
138.976,0.0,1.4032743403832435,4.417117e-06
138.976,0.0,1.4028861663780248,4.369314e-06
138.976,0.0,1.4024482088573422,3.977679e-06
138.976,0.0,1.402029126389384,4.245521e-06
138.976,0.0,1.4016151122654783,4.487738e-06
138.976,0.0,1.4012076382378733,4.692134e-06
138.976,0.0,1.4008099611951668,4.876856e-06
138.976,0.0,1.400371935742149,4.870133e-06
138.976,0.0,1.3999606189143907,4.797199e-06
138.976,0.0,1.3995506982251542,4.936752e-06
138.976,0.0,1.3991033748139694,5.001872e-06
138.976,0.0,1.3986973670726375,4.681453e-06
138.976,0.0,1.3982968420453488,4.158181e-06
138.976,0.0,1.3978572232147557,3.712485e-06
138.976,0.0,1.3974505262804668,3.18473e-06
138.976,0.0,1.3970278605487905,3.419394e-06
138.976,0.0,1.3965890260115508,4.217116e-06
138.976,0.0,1.3961954097770963,4.673304e-06
138.976,0.0,1.3957530126814406,4.139074e-06
138.976,0.0,1.395353066907202,4.095389e-06
138.976,0.0,1.3949510606088533,4.279966e-06
138.976,0.0,1.3945073042400695,4.526315e-06
138.976,0.0,1.3940941397155253,4.119574e-06
138.976,0.0,1.3936853754306537,4.16828e-06
138.976,0.0,1.393246390811844,4.296686e-06
138.976,0.0,1.3928477947873532,4.117173e-06
138.976,0.0,1.392443320722717,4.404763e-06
138.976,0.0,1.392001972626415,4.28682e-06
138.976,0.0,1.3915834719136937,3.730282e-06
138.976,0.0,1.3911746760173171,3.622161e-06
138.976,0.0,1.3907532536761549,3.782261e-06
138.976,0.0,1.3903371176916406,3.326859e-06
138.976,0.0,1.3899333888059475,4.040659e-06
138.976,0.0,1.389500649210596,4.378846e-06
138.976,0.0,1.389074638541787,3.859808e-06
138.976,0.0,1.3886646811852053,3.782974e-06
138.976,0.0,1.3882632938711348,4.106012e-06
138.976,0.0,1.387823422736619,4.283414e-06
138.976,0.0,1.3874191024588374,4.108544e-06
138.976,0.0,1.3869862942481737,3.844383e-06
138.976,0.0,1.3865614475376096,3.724199e-06
138.976,0.0,1.3861487956443377,3.816298e-06
138.976,0.0,1.385708945260213,3.755384e-06
138.976,0.0,1.3853074025006193,3.639201e-06
138.976,0.0,1.3849060294089948,3.818219e-06
138.976,0.0,1.3844720483719413,3.348425e-06
138.976,0.0,1.3840486606823037,2.507135e-06
138.976,0.0,1.383634030708028,2.21307e-06
138.976,0.0,1.3832313195496553,2.305547e-06
138.976,0.0,1.382791240269603,2.904853e-06
138.976,0.0,1.3823909153295806,3.249967e-06
138.976,0.0,1.3819798850115204,3.507972e-06
138.976,0.0,1.3815681644120668,3.612251e-06
138.976,0.0,1.3811737918630538,3.357651e-06
138.976,0.0,1.3807267724658396,3.44943e-06
138.976,0.0,1.3803184977608427,3.365494e-06
138.976,0.0,1.379899155808367,3.331486e-06
138.976,0.0,1.379484778355764,3.500245e-06
138.976,0.0,1.3790620561211349,3.825407e-06
138.976,0.0,1.3786247553521993,3.575842e-06
138.976,0.0,1.3782180847470806,3.666704e-06
138.976,0.0,1.377816484581194,3.578767e-06
138.976,0.0,1.3774126802208948,3.356821e-06
138.976,0.0,1.376966253264193,3.358713e-06
138.976,0.0,1.376552635722021,3.505018e-06
138.976,0.0,1.376095972665928,3.148758e-06
138.976,0.0,1.3757052794081066,2.693938e-06
138.976,0.0,1.375297158571734,2.651621e-06
138.976,0.0,1.3748677501002464,3.019057e-06
138.976,0.0,1.3744620007503885,3.176843e-06
138.976,0.0,1.374035800137778,2.960602e-06
138.976,0.0,1.3736046573933818,2.812027e-06
138.976,0.0,1.3731987358697373,2.754226e-06
138.976,0.0,1.3727967205162943,2.801593e-06
138.976,0.0,1.3723579733945797,3.097739e-06
138.976,0.0,1.3719486075574827,3.262408e-06
138.976,0.0,1.3715346951289713,3.075096e-06
138.976,0.0,1.3711158417650982,3.209032e-06
138.976,0.0,1.3706749121019617,2.962654e-06
138.976,0.0,1.3702717001287295,3.592242e-06
138.976,0.0,1.3698696794971492,3.80454e-06
138.976,0.0,1.3694578353714308,3.789013e-06
138.976,0.0,1.3690064724035478,3.617271e-06
138.976,0.0,1.3686034781628775,3.837864e-06
138.976,0.0,1.3681993073502587,3.830384e-06
138.976,0.0,1.3677612251101556,3.77433e-06
138.976,0.0,1.3673604992688306,3.649955e-06
138.976,0.0,1.3669194930482633,3.554131e-06
138.976,0.0,1.3665084197822277,3.606954e-06
138.976,0.0,1.3660840862777108,3.368812e-06
138.976,0.0,1.3656480385616452,3.583351e-06
138.976,0.0,1.36524919717534,3.576875e-06
138.976,0.0,1.3648131137894333,3.086636e-06
138.976,0.0,1.3644094047162987,3.242429e-06
138.976,0.0,1.3639948330487721,3.314271e-06
138.976,0.0,1.3635738366240915,3.245179e-06
138.976,0.0,1.3631367232203884,2.929708e-06
138.976,0.0,1.3627344141682038,2.547167e-06
138.976,0.0,1.3623330299843086,2.310553e-06
138.976,0.0,1.3619260121509829,1.993627e-06
138.976,0.0,1.3615119887533305,1.740293e-06
138.976,0.0,1.361090161686204,2.538945e-06
138.976,0.0,1.3606523953993082,2.940811e-06
138.976,0.0,1.360251235880901,3.148394e-06
138.976,0.0,1.3598444417841875,3.244946e-06
138.976,0.0,1.3594177340344484,3.283116e-06
138.976,0.0,1.3590043799797882,3.288224e-06
138.976,0.0,1.358582794743648,3.429392e-06
138.976,0.0,1.3581469319608273,3.498571e-06
138.976,0.0,1.357746835151574,3.42264e-06
138.976,0.0,1.3573371832043017,3.225286e-06
138.976,0.0,1.3569066444797908,2.846704e-06
138.976,0.0,1.3564935353664738,2.849833e-06
138.976,0.0,1.3560710856030291,2.754357e-06
138.976,0.0,1.3556366528516826,2.579007e-06
138.976,0.0,1.3552386029380226,2.552057e-06
138.976,0.0,1.3547991130478991,2.593151e-06
138.976,0.0,1.3543998396583357,2.479443e-06
138.976,0.0,1.3539740708627164,2.434768e-06
138.976,0.0,1.353559621943249,2.544766e-06
138.976,0.0,1.3531236049705977,2.612622e-06
138.976,0.0,1.3527239917537657,2.804532e-06
138.976,0.0,1.3523249699027442,2.695349e-06
138.976,0.0,1.3518859212180958,2.689339e-06
138.976,0.0,1.351474452826777,2.912828e-06
138.976,0.0,1.3510612495763075,2.897345e-06
138.976,0.0,1.3506142828644707,2.838118e-06
138.976,0.0,1.3502079557578948,2.904533e-06
138.976,0.0,1.349804938966052,2.725428e-06
138.976,0.0,1.3493735437564214,2.577959e-06
138.976,0.0,1.3489632475085889,2.181172e-06
138.976,0.0,1.348549815528688,2.026092e-06
138.976,0.0,1.3481333101263833,2.154382e-06
138.976,0.0,1.3476997608170382,2.116372e-06
138.976,0.0,1.347297118347347,2.238754e-06
138.976,0.0,1.3468558395891321,2.110202e-06
138.976,0.0,1.3464461641961478,1.949491e-06
138.976,0.0,1.3460306799629838,1.74623e-06
138.976,0.0,1.345609855751968,1.667853e-06
138.976,0.0,1.3451727434434035,1.703927e-06
138.976,0.0,1.3447658072231432,2.178189e-06
138.976,0.0,1.3443376450225206,2.488698e-06
138.976,0.0,1.343918895064525,2.60229e-06
138.976,0.0,1.3435237250832537,2.758941e-06
138.976,0.0,1.343094196229032,2.859437e-06
138.976,0.0,1.3426730190231981,3.031397e-06
138.976,0.0,1.3422756370379543,3.115245e-06
138.976,0.0,1.3418393383180924,3.306821e-06
138.976,0.0,1.3414325551138657,3.403067e-06
138.976,0.0,1.3410174724305906,3.342953e-06
138.976,0.0,1.3406040911887736,3.400812e-06
138.976,0.0,1.3401968653818106,3.613866e-06
138.976,0.0,1.3397581612388068,3.429624e-06
138.976,0.0,1.3393587476146083,3.278983e-06
138.976,0.0,1.3389533129127305,3.31804e-06
138.976,0.0,1.3385218477299619,3.02447e-06
138.976,0.0,1.3380793051532358,2.808432e-06
138.976,0.0,1.3376907873422303,2.790039e-06
138.976,0.0,1.337253425142358,2.763947e-06
138.976,0.0,1.3368532181111998,2.603032e-06
138.976,0.0,1.3364134286737785,2.502464e-06
138.976,0.0,1.3359960759803071,2.909146e-06
138.976,0.0,1.3355846271524472,3.145775e-06
138.976,0.0,1.3351414423046597,3.23751e-06
138.976,0.0,1.3347414818679246,3.584762e-06
138.976,0.0,1.334343366674608,3.4197e-06
138.976,0.0,1.3339036314112631,3.39128e-06
138.976,0.0,1.3334892383448063,3.673456e-06
138.976,0.0,1.333074810954106,3.335677e-06
138.976,0.0,1.3326673052845828,3.616122e-06
138.976,0.0,1.332227999519099,3.877867e-06
138.976,0.0,1.3318297880891148,3.97212e-06
138.976,0.0,1.3314261812857386,3.678433e-06
138.976,0.0,1.3309980182803622,3.321751e-06
138.976,0.0,1.330576206059024,3.635971e-06
138.976,0.0,1.330166230863752,3.950452e-06
138.976,0.0,1.3297277827078569,3.736612e-06
138.976,0.0,1.3293282326836735,3.710506e-06
138.976,0.0,1.3289249819677447,3.806359e-06
138.976,0.0,1.3284771608963173,3.779467e-06
138.976,0.0,1.3280633636785004,3.468682e-06
138.976,0.0,1.327653866396071,3.803347e-06
138.976,0.0,1.3272146762180905,3.462279e-06
138.976,0.0,1.326816549793482,3.145178e-06
138.976,0.0,1.3263777859617285,3.231966e-06
138.976,0.0,1.3259671002426385,3.508394e-06
138.976,0.0,1.325541479981251,3.723457e-06
138.976,0.0,1.3251082370957974,3.349705e-06
138.976,0.0,1.3247028022452683,3.243636e-06
138.976,0.0,1.3243023643674336,3.531706e-06
138.976,0.0,1.3238647048641496,3.391746e-06
138.976,0.0,1.3234580161150211,3.255336e-06
138.976,0.0,1.3230343268688252,3.40736e-06
138.976,0.0,1.3226047145231528,2.711371e-06
138.976,0.0,1.3221967582069998,3.228313e-06
138.976,0.0,1.3217969043699012,3.241905e-06
138.976,0.0,1.32139679063522,3.371388e-06
138.976,0.0,1.3209588341580303,3.3572e-06
138.976,0.0,1.320538037759627,3.417779e-06
138.976,0.0,1.3201267159322558,3.616486e-06
138.976,0.0,1.319721851645628,3.734356e-06
138.976,0.0,1.3192829325650899,3.578098e-06
138.976,0.0,1.3188832637380727,3.488443e-06
138.976,0.0,1.3184763692655794,2.539411e-06
138.976,0.0,1.3180299625937462,2.23126e-06
138.976,0.0,1.3176185770601445,3.048641e-06
138.976,0.0,1.3172133476516799,3.622161e-06
138.976,0.0,1.3167824717254173,3.236244e-06
138.976,0.0,1.3163810608209698,3.197099e-06
138.976,0.0,1.3159405504016326,3.216192e-06
138.976,0.0,1.315525789616546,3.057197e-06
138.976,0.0,1.3151073843637744,3.295019e-06
138.976,0.0,1.3146662832873015,3.071837e-06
138.976,0.0,1.3142652161218984,3.063658e-06
138.976,0.0,1.313864961716372,2.904882e-06
138.976,0.0,1.3134273938786736,2.945351e-06
138.976,0.0,1.3130030740602125,2.72943e-06
138.976,0.0,1.312597986456125,2.529487e-06
138.976,0.0,1.3121900883460769,2.421759e-06
138.976,0.0,1.311750513808191,2.835106e-06
138.976,0.0,1.3113481540779715,3.403213e-06
138.976,0.0,1.3109424478798233,3.527981e-06
138.976,0.0,1.3105110494697936,3.573863e-06
138.976,0.0,1.3100801029592626,3.392081e-06
138.976,0.0,1.3096669893930961,3.162175e-06
138.976,0.0,1.3092657452931509,3.07204e-06
138.976,0.0,1.308863730273811,2.671208e-06
138.976,0.0,1.3084255454536105,2.191082e-06
138.976,0.0,1.3080013022593069,1.878347e-06
138.976,0.0,1.3075897771559388,2.255503e-06
138.976,0.0,1.3071526777218156,2.410437e-06
138.976,0.0,1.3067517587513624,2.81664e-06
138.976,0.0,1.3063158008467541,3.121895e-06
138.976,0.0,1.3059132291890845,3.014648e-06
138.976,0.0,1.305481644325072,2.861081e-06
138.976,0.0,1.3050586557870767,3.056135e-06
138.976,0.0,1.304646922905908,2.920497e-06
138.976,0.0,1.304206913102942,2.254659e-06
138.976,0.0,1.303805497300166,2.478177e-06
138.976,0.0,1.3034049218178296,3.187146e-06
138.976,0.0,1.3029860534019684,3.54457e-06
138.976,0.0,1.30254581946118,3.242356e-06
138.976,0.0,1.3021344286076293,3.042471e-06
138.976,0.0,1.3017317794512375,3.34582e-06
138.976,0.0,1.301331850786319,3.36238e-06
138.976,0.0,1.30089720572776,3.491426e-06
138.976,0.0,1.3004840768880355,3.448527e-06
138.976,0.0,1.3000699464774883,3.492591e-06
138.976,0.0,1.2996586210287742,2.976187e-06
138.976,0.0,1.2992217258338936,2.622997e-06
138.976,0.0,1.2988242132888188,2.477711e-06
138.976,0.0,1.2983878631303658,2.393033e-06
138.976,0.0,1.2979729855088693,2.664165e-06
138.976,0.0,1.2975620213686234,2.698027e-06
138.976,0.0,1.2971480061594036,2.10281e-06
138.976,0.0,1.296710320515264,2.37934e-06
138.976,0.0,1.2963100958766476,3.163383e-06
138.976,0.0,1.2958723107368204,3.576948e-06
138.976,0.0,1.2954649399918752,3.724461e-06
138.976,0.0,1.2950518787039134,3.277615e-06
138.976,0.0,1.2946051854646432,2.749119e-06
138.976,0.0,1.2942048130693502,2.809116e-06
138.976,0.0,1.2938058209546406,3.245164e-06
138.976,0.0,1.2933700216304573,3.857698e-06
138.976,0.0,1.2929591136517509,3.871392e-06
138.976,0.0,1.2925465724314253,3.844048e-06
138.976,0.0,1.2921298284154719,3.755427e-06
138.976,0.0,1.2916934407087513,3.804278e-06
138.976,0.0,1.291293774449647,3.496491e-06
138.976,0.0,1.2908593312982648,3.598965e-06
138.976,0.0,1.2904501035022653,3.71036e-06
138.976,0.0,1.2900366787702056,3.762558e-06
138.976,0.0,1.2896195379071764,3.852707e-06
138.976,0.0,1.2891838616196156,3.719208e-06
138.976,0.0,1.28878470998834,3.696841e-06
138.976,0.0,1.288384395537544,3.689187e-06
138.976,0.0,1.287943563001975,3.597728e-06
138.976,0.0,1.2875265499740516,3.60985e-06
138.976,0.0,1.287106336267098,3.387977e-06
138.976,0.0,1.2866678493995671,3.264504e-06
138.976,0.0,1.2862687961967532,3.201509e-06
138.976,0.0,1.2858310678487,3.203764e-06
138.976,0.0,1.285425253938079,3.150082e-06
138.976,0.0,1.2850106153286052,3.108667e-06
138.976,0.0,1.284589740032924,3.095382e-06
138.976,0.0,1.2841490398688753,2.560555e-06
138.976,0.0,1.2837496977561362,2.14648e-06
138.976,0.0,1.2833515883206494,1.547145e-06
138.976,0.0,1.2829127254804424,1.390174e-06
138.976,0.0,1.2824971153151172,1.320397e-06
138.976,0.0,1.282082785124528,1.394437e-06
138.976,0.0,1.2816756633130746,1.409353e-06
138.976,0.0,1.2812391860004404,1.729102e-06
138.976,0.0,1.2808381834763618,2.005443e-06
138.976,0.0,1.2804359275873545,2.131885e-06
138.976,0.0,1.2800045368711597,2.347311e-06
138.976,0.0,1.279574186295565,2.510758e-06
138.976,0.0,1.279160252150756,2.553978e-06
138.976,0.0,1.2787603439235016,2.789078e-06
138.976,0.0,1.2783529088324128,2.665256e-06
138.976,0.0,1.2779174578655383,2.625049e-06
138.976,0.0,1.2775073056095287,2.570043e-06
138.976,0.0,1.277085665910919,2.604575e-06
138.976,0.0,1.2766459801167327,2.756191e-06
138.976,0.0,1.2762474304743328,2.810935e-06
138.976,0.0,1.275809154049366,3.006571e-06
138.976,0.0,1.2754100342944608,3.189576e-06
138.976,0.0,1.2749910423925774,3.050925e-06
138.976,0.0,1.2745427161888454,2.975677e-06
138.976,0.0,1.274140327426166,2.884597e-06
138.976,0.0,1.2737414005328611,2.629269e-06
138.976,0.0,1.2733020286712873,2.678484e-06
138.976,0.0,1.2729015497920244,2.71319e-06
138.976,0.0,1.2724892797361458,2.488116e-06
138.976,0.0,1.272063246724525,2.540241e-06
138.976,0.0,1.2716266585194609,2.363289e-06
138.976,0.0,1.2712283134499103,2.093671e-06
138.976,0.0,1.270827138379295,2.243614e-06
138.976,0.0,1.2703889866117106,2.405621e-06
138.976,0.0,1.2699742784529637,2.404253e-06
138.976,0.0,1.269559037351067,2.678993e-06
138.976,0.0,1.2691239158262768,2.714776e-06
138.976,0.0,1.2687217748249902,2.744913e-06
138.976,0.0,1.2683208821561331,2.877176e-06
138.976,0.0,1.2678822444544386,2.775094e-06
138.976,0.0,1.2674733001992862,2.438857e-06
138.976,0.0,1.2670472649545976,2.60002e-06
138.976,0.0,1.2666151551414775,2.56201e-06
138.976,0.0,1.2662103599292096,2.491011e-06
138.976,0.0,1.2657634258467247,2.501474e-06
138.976,0.0,1.2653684221085186,2.370551e-06
138.976,0.0,1.264955918116658,2.272151e-06
138.976,0.0,1.2645118315288872,2.36115e-06
138.976,0.0,1.264098079655592,2.336572e-06
138.976,0.0,1.2636936677932435,2.309418e-06
138.976,0.0,1.2632554908520897,2.295856e-06
138.976,0.0,1.2628537813989988,2.542845e-06
138.976,0.0,1.2624476990276299,2.595931e-06
138.976,0.0,1.2620358580522613,2.649409e-06
138.976,0.0,1.2615833341978244,2.552741e-06
138.976,0.0,1.2611861562607276,2.625791e-06
138.976,0.0,1.2607855863352617,2.677654e-06
138.976,0.0,1.2603843590318888,2.742105e-06
138.976,0.0,1.2599443714713552,2.925313e-06
138.976,0.0,1.259517527412336,2.855581e-06
138.976,0.0,1.2591093432986322,2.841232e-06
138.976,0.0,1.258703904709041,2.829634e-06
138.976,0.0,1.258271090025507,2.700195e-06
138.976,0.0,1.2578716708117013,2.684319e-06
138.976,0.0,1.257435280664037,2.263812e-06
138.976,0.0,1.2570172814955602,2.274028e-06
138.976,0.0,1.2565983557233853,2.176515e-06
138.976,0.0,1.2561642013901804,2.151588e-06
138.976,0.0,1.2557636826507985,2.212124e-06
138.976,0.0,1.2553251758969242,2.169734e-06
138.976,0.0,1.2549194792144056,2.116416e-06
138.976,0.0,1.2545042352982305,2.001456e-06
138.976,0.0,1.254087228386337,2.009867e-06
138.976,0.0,1.2536488492087718,2.045053e-06
138.976,0.0,1.2532478764735346,1.856955e-06
138.976,0.0,1.2528482288468492,1.985856e-06
138.976,0.0,1.2524112037321875,2.529618e-06
138.976,0.0,1.2519953473286078,2.741595e-06
138.976,0.0,1.251584014530544,2.891902e-06
138.976,0.0,1.2511758284889405,3.302412e-06
138.976,0.0,1.250736507839811,3.292414e-06
138.976,0.0,1.2503356593011858,3.221707e-06
138.976,0.0,1.2499300127673383,3.146852e-06
138.976,0.0,1.249497120995427,3.304536e-06
138.976,0.0,1.2490730493014346,3.329318e-06
138.976,0.0,1.2486451624883774,3.07204e-06
138.976,0.0,1.2482260594568604,3.410169e-06
138.976,0.0,1.2478286683420976,3.216803e-06
138.976,0.0,1.2474241893348585,2.869274e-06
138.976,0.0,1.2469757585958918,3.254419e-06
138.976,0.0,1.246564519354869,3.543289e-06
138.976,0.0,1.246120776926623,3.247726e-06
138.976,0.0,1.2457203063213813,3.331297e-06
138.976,0.0,1.2453075343690105,3.430658e-06
138.976,0.0,1.244888724482471,3.525623e-06
138.976,0.0,1.244478585386921,3.909474e-06
138.976,0.0,1.244035272744193,4.239278e-06
138.976,0.0,1.2436230519072253,4.320173e-06
138.976,0.0,1.2432202467177196,4.102854e-06
138.976,0.0,1.2428071415086261,4.078567e-06
138.976,0.0,1.2423819614332356,4.278205e-06
138.976,0.0,1.2419726651866894,4.353948e-06
138.976,0.0,1.2415497714722592,4.378075e-06
138.976,0.0,1.2411146435421578,4.419242e-06
138.976,0.0,1.2407103141361338,4.356014e-06
138.976,0.0,1.2403136212472532,4.466347e-06
138.976,0.0,1.239909819081297,4.259695e-06
138.976,0.0,1.2394623685932473,4.008121e-06
138.976,0.0,1.2390518654749707,4.052592e-06
138.976,0.0,1.2386377121092371,4.250265e-06
138.976,0.0,1.2381997255328157,4.119982e-06
138.976,0.0,1.2377902400536476,4.465837e-06
138.976,0.0,1.2374011970979448,4.226953e-06
138.976,0.0,1.2369631096321694,4.36898e-06
138.976,0.0,1.2365408746417987,4.165689e-06
138.976,0.0,1.2361231493504028,3.994355e-06
138.976,0.0,1.235689852860232,4.011745e-06
138.976,0.0,1.235288044324856,3.88085e-06
138.976,0.0,1.2348488512297837,4.248242e-06
138.976,0.0,1.2344410876423915,4.084941e-06
138.976,0.0,1.234028486247552,4.260961e-06
138.976,0.0,1.2336100179103504,4.293892e-06
138.976,0.0,1.2331697180116783,4.180081e-06
138.976,0.0,1.2327691914713785,4.271875e-06
138.976,0.0,1.2323681841087955,4.22282e-06
138.976,0.0,1.2319305186196459,4.111324e-06
138.976,0.0,1.231516608758515,3.890804e-06
138.976,0.0,1.2311038481793826,3.317153e-06
138.976,0.0,1.2306961882573768,3.527835e-06
138.976,0.0,1.2302552896974344,3.62788e-06
138.976,0.0,1.2298536399182194,4.039262e-06
138.976,0.0,1.2294493536671185,4.293208e-06
138.976,0.0,1.229018855104673,4.238478e-06
138.976,0.0,1.2285893268660795,4.428148e-06
138.976,0.0,1.2281818665676525,4.394198e-06
138.976,0.0,1.2277625773259384,4.499991e-06
138.976,0.0,1.2273413304882446,4.3295e-06
138.976,0.0,1.226936032217426,4.556277e-06
138.976,0.0,1.2264885635777547,4.483169e-06
138.976,0.0,1.2260720820921251,4.397458e-06
138.976,0.0,1.225657855375777,4.527945e-06
138.976,0.0,1.2252169456346398,4.32138e-06
138.976,0.0,1.2248152582740566,4.353846e-06
138.976,0.0,1.2244131171910089,4.170128e-06
138.976,0.0,1.2239807658054807,4.344518e-06
138.976,0.0,1.223550477724111,4.45047e-06
138.976,0.0,1.22314361058858,4.252724e-06
138.976,0.0,1.2227478065555117,4.321089e-06
138.976,0.0,1.2223095945031992,4.047601e-06
138.976,0.0,1.2219090248931985,3.8898e-06
138.976,0.0,1.2214976820876635,3.942594e-06
138.976,0.0,1.221075050963842,3.901965e-06
138.976,0.0,1.2206384246493305,3.783542e-06
138.976,0.0,1.2202430242933102,3.882349e-06
138.976,0.0,1.2198324871130952,4.336864e-06
138.976,0.0,1.2194044839668063,4.517497e-06
138.976,0.0,1.2189925834273128,4.277594e-06
138.976,0.0,1.2185704745759434,4.577727e-06
138.976,0.0,1.2181344584356975,4.535497e-06
138.976,0.0,1.2177358647319285,4.762507e-06
138.976,0.0,1.2173366493787618,4.705464e-06
138.976,0.0,1.2168988101794773,4.861722e-06
138.976,0.0,1.2164728662700939,4.862624e-06
138.976,0.0,1.2160577615117991,4.765956e-06
138.976,0.0,1.215622552477272,4.85513e-06
138.976,0.0,1.2152148845729278,4.618938e-06
138.976,0.0,1.2147983790378099,4.767484e-06
138.976,0.0,1.2143804707591364,4.82316e-06
138.976,0.0,1.2139678969279315,4.908929e-06
138.976,0.0,1.2135532151947988,4.632719e-06
138.976,0.0,1.2131378595988311,4.878093e-06
138.976,0.0,1.2127018047390876,4.728092e-06
138.976,0.0,1.21229943985933,4.738657e-06
138.976,0.0,1.2118999492984308,4.676403e-06
138.976,0.0,1.2114458462379343,4.760965e-06
138.976,0.0,1.2110340629974707,4.806512e-06
138.976,0.0,1.2106049462934574,4.851652e-06
138.976,0.0,1.2101915310871914,4.649482e-06
138.976,0.0,1.2097797651168978,4.629052e-06
138.976,0.0,1.2093914172674642,4.529065e-06
138.976,0.0,1.208949916432284,4.855028e-06
138.976,0.0,1.208533228283545,4.822155e-06
138.976,0.0,1.2081203279348438,4.952686e-06
138.976,0.0,1.2076845571095978,5.118811e-06
138.976,0.0,1.2072791323165424,4.913716e-06
138.976,0.0,1.2068776963325556,4.784262e-06
138.976,0.0,1.2064342581204732,4.72831e-06
138.976,0.0,1.2060199123040696,4.367888e-06
138.976,0.0,1.2055988050713815,4.091053e-06
138.976,0.0,1.205161175666584,3.780049e-06
138.976,0.0,1.2047540386064048,3.876572e-06
138.976,0.0,1.2043233618229594,4.535221e-06
138.976,0.0,1.2039195344678641,4.965317e-06
138.976,0.0,1.2035065658145636,5.091089e-06
138.976,0.0,1.203095021557902,5.066584e-06
138.976,0.0,1.2026514380989883,4.819463e-06
138.976,0.0,1.202250525815522,4.931775e-06
138.976,0.0,1.2018509647257067,4.984991e-06
138.976,0.0,1.201443768953624,5.137772e-06
138.976,0.0,1.2010116512500373,5.007489e-06
138.976,0.0,1.2005820801036409,5.197056e-06
138.976,0.0,1.2001738043482928,5.067515e-06
138.976,0.0,1.1997737355896305,5.22974e-06
138.976,0.0,1.1993357800879367,5.00046e-06
138.976,0.0,1.1989298134928355,4.929345e-06
138.976,0.0,1.1985147125857958,4.831381e-06
138.976,0.0,1.1980940548420391,4.832807e-06
138.976,0.0,1.1976553923238216,4.835951e-06
138.976,0.0,1.1972574532025944,4.883637e-06
138.976,0.0,1.1968206984278082,5.017166e-06
138.976,0.0,1.1964163031948623,4.879679e-06
138.976,0.0,1.196004676746983,5.055816e-06
138.976,0.0,1.195561530185877,4.851521e-06
138.976,0.0,1.1951523103625472,5.003065e-06
138.976,0.0,1.1947290753421769,4.963731e-06
138.976,0.0,1.194318541779594,5.202368e-06
138.976,0.0,1.1939152113018416,5.2877e-06
138.976,0.0,1.1934801479808552,5.130976e-06
138.976,0.0,1.193055764003435,5.007809e-06
138.976,0.0,1.1926426279761324,5.118884e-06
138.976,0.0,1.1922449897927487,5.262744e-06
138.976,0.0,1.191806780334157,5.190625e-06
138.976,0.0,1.1914049122234962,5.110924e-06
138.976,0.0,1.1909919126124011,5.318419e-06
138.976,0.0,1.1905655757871438,5.150025e-06
138.976,0.0,1.1901279065000532,5.014314e-06
138.976,0.0,1.1897258332065621,4.912697e-06
138.976,0.0,1.1893261702544804,4.659218e-06
138.976,0.0,1.1888861887060451,4.536094e-06
138.976,0.0,1.1884737712327273,4.615285e-06
138.976,0.0,1.188059023348569,4.61837e-06
138.976,0.0,1.1876284751925523,4.574729e-06
138.976,0.0,1.1872098749081506,4.688249e-06
138.976,0.0,1.1867935566409606,5.160444e-06
138.976,0.0,1.1863714189614727,5.230715e-06
138.976,0.0,1.185959609725898,5.582246e-06
138.976,0.0,1.1855282488855585,5.379479e-06
138.976,0.0,1.1851019528630755,5.595648e-06
138.976,0.0,1.184695886941082,5.565103e-06
138.976,0.0,1.1842673679726972,5.320253e-06
138.976,0.0,1.1838613173856682,5.445327e-06
138.976,0.0,1.183454131773313,5.503214e-06
138.976,0.0,1.1830269231143475,5.573791e-06
138.976,0.0,1.1825963816689273,5.588954e-06
138.976,0.0,1.1821897697891313,5.677357e-06
138.976,0.0,1.181788913363726,5.661481e-06
138.976,0.0,1.1813902262034066,5.614624e-06
138.976,0.0,1.1809447828065194,5.456983e-06
138.976,0.0,1.1805302888756966,5.373877e-06
138.976,0.0,1.1801207392172264,5.514928e-06
138.976,0.0,1.1796821636176238,5.434034e-06
138.976,0.0,1.1792756239376039,4.860791e-06
138.976,0.0,1.1788814702479564,5.190057e-06
138.976,0.0,1.178440677388119,5.045687e-06
138.976,0.0,1.1780195228858095,5.20797e-06
138.976,0.0,1.1776074706659896,5.344147e-06
138.976,0.0,1.1772008194332144,5.352369e-06
138.976,0.0,1.1767608853667433,5.448412e-06
138.976,0.0,1.1763582459740767,5.012946e-06
138.976,0.0,1.1759233008029113,4.929054e-06
138.976,0.0,1.1754971436384196,5.043403e-06
138.976,0.0,1.1750939763488903,5.173773e-06
138.976,0.0,1.1746842427434656,5.235765e-06
138.976,0.0,1.1742439343100712,5.167167e-06
138.976,0.0,1.1738421401394776,5.130118e-06
138.976,0.0,1.1734346131038491,5.183188e-06
138.976,0.0,1.1730001775385714,5.197508e-06
138.976,0.0,1.172573141263624,5.320544e-06
138.976,0.0,1.1721647079330628,5.178372e-06
138.976,0.0,1.171765989948281,5.270776e-06
138.976,0.0,1.1713213587209301,5.382812e-06
138.976,0.0,1.170922010863119,5.234702e-06
138.976,0.0,1.1705111830869621,5.450958e-06
138.976,0.0,1.1700915698487937,5.531008e-06
138.976,0.0,1.1696513161346116,5.291949e-06
138.976,0.0,1.1692489155845927,5.57951e-06
138.976,0.0,1.1688469135178563,5.58373e-06
138.976,0.0,1.1684061842218536,5.703041e-06
138.976,0.0,1.167991448021985,5.701964e-06
138.976,0.0,1.1675789218791228,5.513561e-06
138.976,0.0,1.1671336767071867,5.773603e-06
138.976,0.0,1.1667317503980992,5.7656e-06
138.976,0.0,1.1662931759900403,5.741531e-06
138.976,0.0,1.1658916280423248,5.570648e-06
138.976,0.0,1.1654720046103897,5.482012e-06
138.976,0.0,1.1650549191280435,5.374895e-06
138.976,0.0,1.1646206126829113,4.9066e-06
138.976,0.0,1.1642153303290095,5.494061e-06
138.976,0.0,1.1638142995497045,5.501483e-06
138.976,0.0,1.163375440675901,5.24061e-06
138.976,0.0,1.1629668130529538,5.433365e-06
138.976,0.0,1.1625548026257768,5.598995e-06
138.976,0.0,1.1621404468541214,5.765323e-06
138.976,0.0,1.1617013092651018,5.727736e-06
138.976,0.0,1.1613008601426018,5.670823e-06
138.976,0.0,1.1608976444232093,5.797148e-06
138.976,0.0,1.1604856815596478,5.765149e-06
138.976,0.0,1.1600402185959304,5.847891e-06
138.976,0.0,1.1596269203548055,5.866765e-06
138.976,0.0,1.1592228381454708,5.589056e-06
138.976,0.0,1.15879079724417,5.634094e-06
138.976,0.0,1.158393200767803,5.306865e-06
138.976,0.0,1.1579812522316095,4.920745e-06
138.976,0.0,1.1575333179909348,5.373135e-06
138.976,0.0,1.1571210004705252,5.172071e-06
138.976,0.0,1.1567162753203006,5.377005e-06
138.976,0.0,1.1562783746562284,5.298702e-06
138.976,0.0,1.1558795283487378,5.190508e-06
138.976,0.0,1.1554414256038474,5.010777e-06
138.976,0.0,1.155021908399914,5.125534e-06
138.976,0.0,1.1546138905511676,5.340495e-06
138.976,0.0,1.1541735853746937,4.910238e-06
138.976,0.0,1.153767728785994,4.870075e-06
138.976,0.0,1.153363010256847,3.779001e-06
138.976,0.0,1.152952042696477,2.844594e-06
138.976,0.0,1.1525275629241651,3.100693e-06
138.976,0.0,1.1520976625835404,3.699955e-06
138.976,0.0,1.1516918380036558,4.30386e-06
138.976,0.0,1.151273191375714,4.785426e-06
138.976,0.0,1.150854751455598,5.198395e-06
138.976,0.0,1.1504506807922565,4.993926e-06
138.976,0.0,1.1500183410837852,4.926071e-06
138.976,0.0,1.1495894870987446,4.848742e-06
138.976,0.0,1.1491840480969255,4.655318e-06
138.976,0.0,1.148782117449061,4.430913e-06
138.976,0.0,1.1483421504065774,4.139874e-06
138.976,0.0,1.1479408377138545,3.683119e-06
138.976,0.0,1.1474958263595443,4.031914e-06
138.976,0.0,1.1470776048720261,4.193978e-06
138.976,0.0,1.1466633961261836,4.209433e-06
138.976,0.0,1.1462252495584513,4.268819e-06
138.976,0.0,1.1458292727280788,3.747336e-06
138.976,0.0,1.1453943575512597,3.180539e-06
138.976,0.0,1.144980888284678,2.495508e-06
138.976,0.0,1.1445684221234282,1.803477e-06
138.976,0.0,1.1441589388235438,1.633016e-06
138.976,0.0,1.1437188926215387,1.597116e-06
138.976,0.0,1.1433183689611583,1.378256e-06
138.976,0.0,1.142916774936422,1.320339e-06
138.976,0.0,1.1424686462650184,1.420049e-06
138.976,0.0,1.142058670067673,1.774126e-06
138.976,0.0,1.1416455531884073,1.588851e-06
138.976,0.0,1.1412481779929586,2.361412e-06
138.976,0.0,1.1408109753107583,2.759974e-06
138.976,0.0,1.1404082585461908,2.068002e-06
138.976,0.0,1.1399941837428744,2.900997e-06
138.976,0.0,1.139580403316542,2.615707e-06
138.976,0.0,1.1391681927353634,3.127105e-06
138.976,0.0,1.1387302145549643,3.91982e-06
138.976,0.0,1.1383298092843033,4.140922e-06
138.976,0.0,1.1379271122710892,4.42809e-06
138.976,0.0,1.1374722752824036,4.7801e-06
138.976,0.0,1.1370669727287726,4.737085e-06
138.976,0.0,1.1366542573908731,4.773043e-06
138.976,0.0,1.1362200596167602,4.584828e-06
138.976,0.0,1.1358051362628792,4.721238e-06
138.976,0.0,1.1353813513510507,4.636138e-06
138.976,0.0,1.1349684333130612,3.863679e-06
138.976,0.0,1.1345524212779883,3.679263e-06
138.976,0.0,1.1341401538417708,4.407892e-06
138.976,0.0,1.133704311106936,4.509333e-06
138.976,0.0,1.1333050798272617,4.399e-06
138.976,0.0,1.1329050480994054,4.258589e-06
138.976,0.0,1.1324556040924603,4.335001e-06
138.976,0.0,1.1320464466320117,4.619753e-06
138.976,0.0,1.1316291541768337,4.565736e-06
138.976,0.0,1.1311944476926086,4.431873e-06
138.976,0.0,1.1307952316669931,4.53087e-06
138.976,0.0,1.1303956021295358,4.644433e-06
138.976,0.0,1.129960325928983,4.671572e-06
138.976,0.0,1.1295414134357304,4.942704e-06
138.976,0.0,1.1291255372213413,4.758855e-06
138.976,0.0,1.1286851114971752,4.759408e-06
138.976,0.0,1.1282870347345353,4.64679e-06
138.976,0.0,1.1278883527381158,4.58867e-06
138.976,0.0,1.1274493870015871,4.461937e-06
138.976,0.0,1.1270289747061857,4.423884e-06
138.976,0.0,1.126594448505138,4.275716e-06
138.976,0.0,1.1261687428626295,4.177156e-06
138.976,0.0,1.1257697896677092,4.277579e-06
138.976,0.0,1.1253328291478042,4.127724e-06
138.976,0.0,1.1249290869000577,4.365735e-06
138.976,0.0,1.1245163467001453,4.351736e-06
138.976,0.0,1.1240968397477686,4.042595e-06
138.976,0.0,1.1236575152377946,3.985377e-06
138.976,0.0,1.1232589833905142,4.054789e-06
138.976,0.0,1.122861380822072,4.014786e-06
138.976,0.0,1.1224227879188724,4.108253e-06
138.976,0.0,1.122004868943169,4.053232e-06
138.976,0.0,1.1215957402782504,4.126399e-06
138.976,0.0,1.1211862750167567,4.050919e-06
138.976,0.0,1.1207486513303024,4.268717e-06
138.976,0.0,1.1203512973780942,4.202113e-06
138.976,0.0,1.119941898014489,4.105823e-06
138.976,0.0,1.1195275131469895,4.032278e-06
138.976,0.0,1.1190791438986483,3.81154e-06
138.976,0.0,1.1186493150798915,4.012196e-06
138.976,0.0,1.1182717711032613,3.876863e-06
138.976,0.0,1.1178338161702726,3.786728e-06
138.976,0.0,1.1174329196958623,3.72286e-06
138.976,0.0,1.117018883189962,3.630528e-06
138.976,0.0,1.1165716193463338,4.024812e-06
138.976,0.0,1.1161613808772253,4.169618e-06
138.976,0.0,1.1157381684078083,3.950321e-06
138.976,0.0,1.1153194848163674,4.138768e-06
138.976,0.0,1.114920271297724,4.066314e-06
138.976,0.0,1.1144864216909198,4.217552e-06
138.976,0.0,1.114060527143072,4.145491e-06
138.976,0.0,1.1136304069412972,4.244139e-06
138.976,0.0,1.1132495189740736,4.406058e-06
138.976,0.0,1.1128121293673987,4.341186e-06
138.976,0.0,1.1124134646754724,4.493311e-06
138.976,0.0,1.1119860626235925,4.402405e-06
138.976,0.0,1.1115625443673176,4.094123e-06
138.976,0.0,1.1111491908728832,3.67449e-06
138.976,0.0,1.1107468675318275,3.2354e-06
138.976,0.0,1.1103104236764163,3.033812e-06
138.976,0.0,1.109907553167329,2.708271e-06
138.976,0.0,1.1094957285979428,1.773253e-06
138.976,0.0,1.109052715621647,1.263761e-06
138.976,0.0,1.108630840408805,1.360095e-06
138.976,0.0,1.1082158341744304,2.067536e-06
138.976,0.0,1.107805282703267,3.242792e-06
138.976,0.0,1.107406213116287,2.856556e-06
138.976,0.0,1.1069602164303618,2.849658e-06
138.976,0.0,1.1065482016092325,3.133217e-06
138.976,0.0,1.1061011995720114,3.227877e-06
138.976,0.0,1.1056961919538546,3.527035e-06
138.976,0.0,1.105296994828487,3.708308e-06
138.976,0.0,1.1048578558371456,3.754714e-06
138.976,0.0,1.104452910753991,3.588633e-06
138.976,0.0,1.1040240641975663,3.71247e-06
138.976,0.0,1.1035918895850283,3.652953e-06
138.976,0.0,1.1031847852052887,3.916313e-06
138.976,0.0,1.1027827911937718,3.913796e-06
138.976,0.0,1.1023816139111862,3.932772e-06
138.976,0.0,1.1019402445267419,3.906578e-06
138.976,0.0,1.1015213510430328,3.895606e-06
138.976,0.0,1.1011092035259955,4.012603e-06
138.976,0.0,1.1007033017185806,3.900306e-06
138.976,0.0,1.1002904109990668,4.003741e-06
138.976,0.0,1.0998689507110861,4.047979e-06
138.976,0.0,1.0994649250457398,4.065412e-06
138.976,0.0,1.0990390183115117,4.100817e-06
138.976,0.0,1.0986081249419526,3.942449e-06
138.976,0.0,1.0982071511495237,4.019399e-06
138.976,0.0,1.097759717940458,3.985668e-06
138.976,0.0,1.0973678972568324,3.876368e-06
138.976,0.0,1.0969336505672478,4.098896e-06
138.976,0.0,1.0965155753468996,4.249378e-06
138.976,0.0,1.096097741588381,4.162808e-06
138.976,0.0,1.0956590164209425,4.380141e-06
138.976,0.0,1.095258066726189,4.362868e-06
138.976,0.0,1.094857620807922,4.253714e-06
138.976,0.0,1.094417450539654,4.165588e-06
138.976,0.0,1.094002731208141,3.985944e-06
138.976,0.0,1.0935854943030106,3.597932e-06
138.976,0.0,1.0931488939739278,3.394147e-06
138.976,0.0,1.092741982689481,3.019974e-06
138.976,0.0,1.0923504255984338,2.528526e-06
138.976,0.0,1.0919112634435624,2.534391e-06
138.976,0.0,1.0914945134927785,2.818691e-06
138.976,0.0,1.0910840099623156,3.47865e-06
138.976,0.0,1.090674993027909,3.641544e-06
138.976,0.0,1.0902343290513357,3.492867e-06
138.976,0.0,1.0898317654664773,3.408713e-06
138.976,0.0,1.0894257011300044,3.470064e-06
138.976,0.0,1.0889967082381269,3.663357e-06
138.976,0.0,1.0885723036380228,3.542533e-06
138.976,0.0,1.0881628430078383,3.363471e-06
138.976,0.0,1.087736610252203,3.487963e-06
138.976,0.0,1.087315927046721,3.277688e-06
138.976,0.0,1.0869161638267526,3.41452e-06
138.976,0.0,1.0864725526113848,3.550478e-06
138.976,0.0,1.0860604930295903,3.697991e-06
138.976,0.0,1.0856479366068748,3.835929e-06
138.976,0.0,1.085210433488975,3.980414e-06
138.976,0.0,1.0848146184403422,4.016998e-06
138.976,0.0,1.084382625613843,4.058282e-06
138.976,0.0,1.0839724055872102,3.987167e-06
138.976,0.0,1.0835461825411135,3.779176e-06
138.976,0.0,1.083111855665276,3.937588e-06
138.976,0.0,1.0827054285732203,3.924433e-06
138.976,0.0,1.08231200007013,3.943234e-06
138.976,0.0,1.0819083018956772,3.994035e-06
138.976,0.0,1.081463654374372,4.031332e-06
138.976,0.0,1.0810516239864996,3.884474e-06
138.976,0.0,1.0806376301708696,4.020432e-06
138.976,0.0,1.0802031335350506,3.888388e-06
138.976,0.0,1.0798016102302785,3.762339e-06
138.976,0.0,1.0794008648068905,3.86087e-06
138.976,0.0,1.0789655122023754,3.955385e-06
138.976,0.0,1.0785436964716764,3.93037e-06
138.976,0.0,1.0781310952113115,3.924652e-06
138.976,0.0,1.0777306519523022,4.058777e-06
138.976,0.0,1.0772844195583495,3.741443e-06
138.976,0.0,1.0768947519359648,3.450972e-06
138.976,0.0,1.0764563653791528,3.662528e-06
138.976,0.0,1.0760378208049552,3.627996e-06
138.976,0.0,1.075622522396431,3.629146e-06
138.976,0.0,1.0751902792013688,3.708832e-06
138.976,0.0,1.074776071776133,3.547422e-06
138.976,0.0,1.0743595521155567,3.407025e-06
138.976,0.0,1.073954516611596,3.398382e-06
138.976,0.0,1.07352693017153,3.194073e-06
138.976,0.0,1.0730979464150963,2.91763e-06
138.976,0.0,1.072695711390331,3.670226e-06
138.976,0.0,1.072281517883892,3.410314e-06
138.976,0.0,1.0718621688410128,4.047295e-06
138.976,0.0,1.0714414338610792,4.0421e-06
138.976,0.0,1.0710256371427873,4.296613e-06
138.976,0.0,1.0705962818095451,4.237882e-06
138.976,0.0,1.0701878477184177,4.27886e-06
138.976,0.0,1.069787167440304,4.2506e-06
138.976,0.0,1.069349284767097,4.13612e-06
138.976,0.0,1.068942578119,3.975423e-06
138.976,0.0,1.0685304135281386,3.511668e-06
138.976,0.0,1.0680885302772916,3.100882e-06
138.976,0.0,1.067679456073161,3.125708e-06
138.976,0.0,1.0672591694208924,3.150053e-06
138.976,0.0,1.066843241491478,3.124747e-06
138.976,0.0,1.0664057298499272,3.587222e-06
138.976,0.0,1.065989501946897,3.752473e-06
138.976,0.0,1.0655740185911105,3.864348e-06
138.976,0.0,1.065159593932537,3.722336e-06
138.976,0.0,1.0647307737684282,3.758541e-06
138.976,0.0,1.0643190269631373,3.917143e-06
138.976,0.0,1.0639188456741788,3.782727e-06
138.976,0.0,1.063484579136181,3.661262e-06
138.976,0.0,1.063063064020622,3.556896e-06
138.976,0.0,1.0626525141958316,3.590889e-06
138.976,0.0,1.0622447025118829,3.559937e-06
138.976,0.0,1.0618124531846636,3.666122e-06
138.976,0.0,1.061395725708279,3.757988e-06
138.976,0.0,1.0609995401793986,3.743029e-06
138.976,0.0,1.0605774620263033,3.655674e-06
138.976,0.0,1.060139322303588,3.496898e-06
138.976,0.0,1.0597427689337644,3.515655e-06
138.976,0.0,1.0593479691762244,3.528388e-06
138.976,0.0,1.0589099808937958,3.489244e-06
138.976,0.0,1.0584928661916833,3.562687e-06
138.976,0.0,1.0580803659467355,3.348774e-06
138.976,0.0,1.0576326180584192,3.186346e-06
138.976,0.0,1.0572291825624522,3.313166e-06
138.976,0.0,1.0568309873294925,3.554975e-06
138.976,0.0,1.0563935993339846,3.383931e-06
138.976,0.0,1.0559841890938684,3.525856e-06
138.976,0.0,1.0555417485176375,3.793932e-06
138.976,0.0,1.0551272651466679,3.580455e-06
138.976,0.0,1.054723305059265,3.893132e-06
138.976,0.0,1.0542891737737803,3.853405e-06
138.976,0.0,1.053889560049629,3.828085e-06
138.976,0.0,1.0534823081010245,4.129368e-06
138.976,0.0,1.0530320601866963,4.120215e-06
138.976,0.0,1.0526324563476601,3.851019e-06
138.976,0.0,1.0522266911430422,3.832538e-06
138.976,0.0,1.0517866695696243,3.845416e-06
138.976,0.0,1.051369271262522,3.712848e-06
138.976,0.0,1.0509739440684136,3.482477e-06
138.976,0.0,1.0505477658320874,3.215479e-06
138.976,0.0,1.0501410203547092,2.998102e-06
138.976,0.0,1.049699817118585,3.905399e-06
138.976,0.0,1.0492994887032037,3.775203e-06
138.976,0.0,1.0489000436458777,3.804555e-06
138.976,0.0,1.0484543879547004,3.84904e-06
138.976,0.0,1.0480416109032202,3.907888e-06
138.976,0.0,1.0476278735352005,3.880239e-06
138.976,0.0,1.0471738338727565,3.615845e-06
138.976,0.0,1.0467767351393265,3.89971e-06
138.976,0.0,1.046358404491592,4.212445e-06
138.976,0.0,1.0459239322052039,4.337111e-06
138.976,0.0,1.0455064860139824,4.34347e-06
138.976,0.0,1.045091709107678,4.357629e-06
138.976,0.0,1.0446811256924189,4.172573e-06
138.976,0.0,1.0442613522107171,4.258938e-06
138.976,0.0,1.0438425727421103,4.440168e-06
138.976,0.0,1.0434363048433113,4.451242e-06
138.976,0.0,1.043024642163438,4.277288e-06
138.976,0.0,1.0425780606625972,4.009155e-06
138.976,0.0,1.042169717917531,4.044268e-06
138.976,0.0,1.0417707124391424,4.055153e-06
138.976,0.0,1.0413707040002225,3.895402e-06
138.976,0.0,1.0409306331045574,4.072208e-06
138.976,0.0,1.0405125104839257,3.992522e-06
138.976,0.0,1.0400988294881277,4.06646e-06
138.976,0.0,1.0396919290579993,4.091315e-06
138.976,0.0,1.0392534265893778,4.080415e-06
138.976,0.0,1.0388520347710435,4.145157e-06
138.976,0.0,1.038443417575972,4.054964e-06
138.976,0.0,1.038013667014225,3.85211e-06
138.976,0.0,1.037583373913896,3.729641e-06
138.976,0.0,1.0371626541881076,3.467911e-06
138.976,0.0,1.0367546504924374,3.55544e-06
138.976,0.0,1.0363382436939792,3.408684e-06
138.976,0.0,1.0359331827477785,3.287176e-06
138.976,0.0,1.035486209271665,3.070119e-06
138.976,0.0,1.0350750959166917,2.869056e-06
138.976,0.0,1.0346638396224415,3.141831e-06
138.976,0.0,1.0342267175814097,3.566965e-06
138.976,0.0,1.033826741781896,3.649417e-06
138.976,0.0,1.0334223335214074,3.432884e-06
138.976,0.0,1.032990431530935,3.059002e-06
138.976,0.0,1.0325649064613645,3.34096e-06
138.976,0.0,1.0321352776315476,3.524794e-06
138.976,0.0,1.0317524198295638,3.464331e-06
138.976,0.0,1.0313135195732912,3.664041e-06
138.976,0.0,1.0309154014206456,3.435794e-06
138.976,0.0,1.030501405868054,3.03812e-06
138.976,0.0,1.0300528627260133,2.738554e-06
138.976,0.0,1.0296406884226,2.730972e-06
138.976,0.0,1.029238621394155,3.292284e-06
138.976,0.0,1.0288264355863728,3.366018e-06
138.976,0.0,1.0283992331300935,3.698573e-06
138.976,0.0,1.0279856686370883,3.626017e-06
138.976,0.0,1.0275619710502606,3.894995e-06
138.976,0.0,1.027118123281801,3.893729e-06
138.976,0.0,1.026724459829255,3.982394e-06
138.976,0.0,1.0262852012462225,3.661029e-06
138.976,0.0,1.0258832658525021,3.639434e-06
138.976,0.0,1.025470005609029,3.821653e-06
138.976,0.0,1.025041032023792,3.419089e-06
138.976,0.0,1.0246091467383835,3.154331e-06
138.976,0.0,1.0242063775266572,2.886096e-06
138.976,0.0,1.0237673562886969,3.097375e-06
138.976,0.0,1.023366630837242,3.040463e-06
138.976,0.0,1.02295867948658,3.496563e-06
138.976,0.0,1.0225453452560165,3.643407e-06
138.976,0.0,1.022131128373417,3.691399e-06
138.976,0.0,1.0216947257690427,4.035173e-06
138.976,0.0,1.0212964764487198,4.124726e-06
138.976,0.0,1.0208985563277797,4.054949e-06
138.976,0.0,1.0204506849954835,3.98008e-06
138.976,0.0,1.0200281818982837,4.030488e-06
138.976,0.0,1.0196236188348693,3.973255e-06
138.976,0.0,1.0192191200181298,4.025336e-06
138.976,0.0,1.0187827987634304,4.177724e-06
138.976,0.0,1.01838342091008,4.256784e-06
138.976,0.0,1.017946502370299,4.247922e-06
138.976,0.0,1.0175259932943732,4.354661e-06
138.976,0.0,1.0171153014719532,4.302783e-06
138.976,0.0,1.016680049704032,4.179587e-06
138.976,0.0,1.01627759027447,4.089554e-06
138.976,0.0,1.0158358203352569,4.290254e-06
138.976,0.0,1.0154324591146828,4.120069e-06
138.976,0.0,1.0150213828196621,3.854089e-06
138.976,0.0,1.0146032439004484,3.704263e-06
138.976,0.0,1.0141635072266486,3.366993e-06
138.976,0.0,1.0137636505612657,3.332374e-06
138.976,0.0,1.0133642298192123,3.33527e-06
138.976,0.0,1.012925784949584,3.585825e-06
138.976,0.0,1.012508152591117,3.612557e-06
138.976,0.0,1.0120867585214932,3.147245e-06
138.976,0.0,1.0116849671918315,3.376568e-06
138.976,0.0,1.0112447506182491,3.645968e-06
138.976,0.0,1.0108462276043422,3.836132e-06
138.976,0.0,1.0104397161718268,4.082453e-06
138.976,0.0,1.0100146034379434,3.974201e-06
138.976,0.0,1.0095864058788224,3.948313e-06
138.976,0.0,1.009177294388022,3.87356e-06
138.976,0.0,1.0087527929608628,3.988083e-06
138.976,0.0,1.0083558381629856,3.941997e-06
138.976,0.0,1.0079267729521417,3.98331e-06
138.976,0.0,1.00749193779816,4.213172e-06
138.976,0.0,1.0070694370595679,4.075919e-06
138.976,0.0,1.0066397240384495,4.262765e-06
138.976,0.0,1.0062204777866774,4.34056e-06
138.976,0.0,1.0058103929274829,4.385322e-06
138.976,0.0,1.0053854533012017,4.13935e-06
138.976,0.0,1.0049797034874532,4.226793e-06
138.976,0.0,1.004561710535598,4.452755e-06
138.976,0.0,1.0041338547793686,4.35159e-06
138.976,0.0,1.0037099810833596,4.360991e-06
138.976,0.0,1.0033092188281927,4.403322e-06
138.976,0.0,1.0028795200614535,4.591857e-06
138.976,0.0,1.0024773789057533,4.543966e-06
138.976,0.0,1.002058957347705,4.481655e-06
138.976,0.0,1.0016276354060358,4.455389e-06
138.976,0.0,1.001231371228068,4.056288e-06
138.976,0.0,1.0008009727278258,4.003014e-06
138.976,0.0,1.0004068735796336,4.216956e-06
138.976,0.0,0.9999760593073183,4.188158e-06
138.976,0.0,0.9995595110855131,4.155838e-06
138.976,0.0,0.9991406155435818,3.321635e-06
138.976,0.0,0.9987297561845777,2.336456e-06
138.976,0.0,0.998302029003355,2.932822e-06
138.976,0.0,0.9979126378695455,3.748428e-06
138.976,0.0,0.997474833471464,3.925103e-06
138.976,0.0,0.9970554611671639,4.051108e-06
138.976,0.0,0.9966258340437979,4.247122e-06
138.976,0.0,0.9961994380354733,4.225934e-06
138.976,0.0,0.9958000099453507,4.098474e-06
138.976,0.0,0.9953724326987197,4.513437e-06
138.976,0.0,0.9949725218432453,4.166694e-06
138.976,0.0,0.9945344339023752,3.911366e-06
138.976,0.0,0.9941240602944169,4.023619e-06
138.976,0.0,0.9936936851630752,4.261252e-06
138.976,0.0,0.9933016651856776,4.103975e-06
138.976,0.0,0.9928686553786137,3.943729e-06
138.976,0.0,0.9924660873085891,3.996931e-06
138.976,0.0,0.9920208861546611,3.837747e-06
138.976,0.0,0.9916195681743869,3.683643e-06
138.976,0.0,0.9911876938036102,3.307825e-06
138.976,0.0,0.9907917513965375,3.172972e-06
138.976,0.0,0.9903570589539901,3.186753e-06
138.976,0.0,0.989958153629827,3.200359e-06
138.976,0.0,0.9895175169506846,3.172798e-06
138.976,0.0,0.9891089710862215,3.003996e-06
138.976,0.0,0.9886855724063338,2.968707e-06
138.976,0.0,0.9882898623978985,2.757777e-06
138.976,0.0,0.9878542855678607,2.80168e-06
138.976,0.0,0.9874256393477466,2.800982e-06
138.976,0.0,0.9870086500486838,2.503686e-06
138.976,0.0,0.9865763217036833,1.644279e-06
138.976,0.0,0.9861701332378768,1.531138e-06
138.976,0.0,0.9857417568216762,1.668639e-06
138.976,0.0,0.9853397536208455,1.978071e-06
138.976,0.0,0.9849168355608422,2.275556e-06
138.976,0.0,0.984489781359881,2.58717e-06
138.976,0.0,0.9840706642934163,3.029898e-06
138.976,0.0,0.9836658825414519,3.277484e-06
138.976,0.0,0.9832390393443837,2.943823e-06
138.976,0.0,0.9828421833020711,2.997476e-06
138.976,0.0,0.9824152904877921,3.067864e-06
138.976,0.0,0.982008784295834,2.952685e-06
138.976,0.0,0.9815712181272577,3.094829e-06
138.976,0.0,0.9811683396249363,3.161927e-06
138.976,0.0,0.9807354764439025,3.168243e-06
138.976,0.0,0.9803477698244739,3.096749e-06
138.976,0.0,0.97991794136287,2.695335e-06
138.976,0.0,0.9795071246342928,1.767927e-06
138.976,0.0,0.9790949596621394,1.871565e-06
138.976,0.0,0.9786645101130516,2.067056e-06
138.976,0.0,0.9782489784040727,2.332803e-06
138.976,0.0,0.977843141130037,2.407789e-06
138.976,0.0,0.9774119717836229,2.835412e-06
138.976,0.0,0.9770011507606651,3.034482e-06
138.976,0.0,0.9765597945307305,3.311958e-06
138.976,0.0,0.9761542476089391,3.37309e-06
138.976,0.0,0.9757222524093367,2.83758e-06
138.976,0.0,0.9753164531159877,2.529123e-06
138.976,0.0,0.9749003882568263,3.375069e-06
138.976,0.0,0.9744701431837028,3.879541e-06
138.976,0.0,0.9740514873712038,3.853987e-06
138.976,0.0,0.973644588119908,4.153335e-06
138.976,0.0,0.9732176018760714,4.082423e-06
138.976,0.0,0.9728180909008624,4.099129e-06
138.976,0.0,0.9723980632988307,4.109446e-06
138.976,0.0,0.9719658310169222,3.889174e-06
138.976,0.0,0.9715471813515948,3.875888e-06
138.976,0.0,0.9711363832613458,3.956986e-06
138.976,0.0,0.9707037538296108,3.31999e-06
138.976,0.0,0.9703091399104342,2.476649e-06
138.976,0.0,0.9698781243197045,3.034816e-06
138.976,0.0,0.9694708446571018,3.869442e-06
138.976,0.0,0.969047864235848,4.200527e-06
138.976,0.0,0.9686188415306123,4.299043e-06
138.976,0.0,0.9682234286635202,4.31489e-06
138.976,0.0,0.9677960024973581,4.363232e-06
138.976,0.0,0.9673666345669698,4.35632e-06
138.976,0.0,0.9669693516030156,4.302667e-06
138.976,0.0,0.9665259545388464,4.047295e-06
138.976,0.0,0.9661108194121533,3.887078e-06
138.976,0.0,0.9656764580417991,3.922178e-06
138.976,0.0,0.9652819902386929,3.892797e-06
138.976,0.0,0.9648492909603786,3.867593e-06
138.976,0.0,0.964445362884864,3.736262e-06
138.976,0.0,0.9640185942721597,3.778143e-06
138.976,0.0,0.9635933798905466,3.898225e-06
138.976,0.0,0.9631900170179548,3.97746e-06
138.976,0.0,0.9627588896552612,4.088361e-06
138.976,0.0,0.9623626418596753,4.275513e-06
138.976,0.0,0.9619310372592111,4.269867e-06
138.976,0.0,0.9615178449413146,4.338624e-06
138.976,0.0,0.9611044341667854,4.485017e-06
138.976,0.0,0.9606808921899559,4.465008e-06
138.976,0.0,0.9602735799322524,4.499656e-06
138.976,0.0,0.9598604344825774,4.594302e-06
138.976,0.0,0.9594557363618735,4.441768e-06
138.976,0.0,0.9590124045148882,4.303307e-06
138.976,0.0,0.958603776728061,3.950321e-06
138.976,0.0,0.9581930195469877,3.55384e-06
138.976,0.0,0.9577745085798903,3.391382e-06
138.976,0.0,0.9573429805424869,3.472189e-06
138.976,0.0,0.9569433436983015,3.533321e-06
138.976,0.0,0.9565028023243233,3.681387e-06
138.976,0.0,0.9560862867639024,3.594905e-06
138.976,0.0,0.9556601236188788,3.54946e-06
138.976,0.0,0.955264780764367,3.267356e-06
138.976,0.0,0.9548359012155997,3.149064e-06
138.976,0.0,0.9544357090391693,3.526671e-06
138.976,0.0,0.9539925124968743,3.607318e-06
138.976,0.0,0.9535841120004642,3.382869e-06
138.976,0.0,0.9531425313132967,3.313471e-06
138.976,0.0,0.952751974829481,3.108915e-06
138.976,0.0,0.9523205877256928,3.2034e-06
138.976,0.0,0.9519237076708024,3.220746e-06
138.976,0.0,0.9514952721344043,2.908782e-06
138.976,0.0,0.9510732387689564,2.713234e-06
138.976,0.0,0.9506368264845634,3.023466e-06
138.976,0.0,0.9502440431835565,3.055684e-06
138.976,0.0,0.9498102634665271,3.066263e-06
138.976,0.0,0.9494193991393876,3.191963e-06
138.976,0.0,0.9489830046609142,3.07009e-06
138.976,0.0,0.9485778169326526,3.386143e-06
138.976,0.0,0.9481377221108704,3.542009e-06
138.976,0.0,0.9477456180941519,3.307548e-06
138.976,0.0,0.9473131941532328,3.263835e-06
138.976,0.0,0.9469184900513399,3.242516e-06
138.976,0.0,0.9464758399891927,2.99055e-06
138.976,0.0,0.9460354097859988,2.952467e-06
138.976,0.0,0.9456284302389532,3.173191e-06
138.976,0.0,0.9451964861721763,3.060035e-06
138.976,0.0,0.9448006293498414,3.130976e-06
138.976,0.0,0.9443689835337647,2.937464e-06
138.976,0.0,0.9439544809186788,3.010573e-06
138.976,0.0,0.9435277441515215,2.911213e-06
138.976,0.0,0.9431215395475311,2.856774e-06
138.976,0.0,0.9426989141733091,3.260517e-06
138.976,0.0,0.9422980839320295,3.299356e-06
138.976,0.0,0.9418666324556098,3.302746e-06
138.976,0.0,0.9414642201218699,3.148802e-06
138.976,0.0,0.9410423159734492,3.25845e-06
138.976,0.0,0.9406180507174301,3.172754e-06
138.976,0.0,0.9402218849524411,2.87006e-06
138.976,0.0,0.9397881040660682,2.245928e-06
138.976,0.0,0.9393931849262864,1.909619e-06
138.976,0.0,0.9389500340182725,2.442743e-06
138.976,0.0,0.9385467109521083,2.999252e-06
138.976,0.0,0.9381071449937252,3.065739e-06
138.976,0.0,0.937710736201352,3.08473e-06
138.976,0.0,0.9372797235056074,3.059031e-06
138.976,0.0,0.9368906517841651,3.134308e-06
138.976,0.0,0.936450038354456,2.910339e-06
138.976,0.0,0.936027869799787,2.988163e-06
138.976,0.0,0.9356052960216771,2.903093e-06
138.976,0.0,0.9351720380906696,2.969507e-06
138.976,0.0,0.9347737357639446,2.695611e-06
138.976,0.0,0.9343434872538741,2.98176e-06
138.976,0.0,0.9339428311167263,3.214998e-06
138.976,0.0,0.9335184763316999,3.255293e-06
138.976,0.0,0.9330838203027402,3.257941e-06
138.976,0.0,0.9327014279866724,3.350564e-06
138.976,0.0,0.9322637515927655,3.470894e-06
138.976,0.0,0.9318451624608449,3.69866e-06
138.976,0.0,0.9314262607449624,3.412744e-06
138.976,0.0,0.9310179319688877,3.708104e-06
138.976,0.0,0.9306044936369973,3.904584e-06
138.976,0.0,0.9301709941590424,3.508263e-06
138.976,0.0,0.9297540250982365,3.305744e-06
138.976,0.0,0.9293422005099896,3.796493e-06
138.976,0.0,0.9289399335627397,3.788096e-06
138.976,0.0,0.9285139797976879,3.946232e-06
138.976,0.0,0.9280900952739845,3.811583e-06
138.976,0.0,0.9276539301041984,3.862166e-06
138.976,0.0,0.9272581471307637,3.913068e-06
138.976,0.0,0.9268254269356339,3.489156e-06
138.976,0.0,0.926425428689998,3.41954e-06
138.976,0.0,0.925984749489684,3.289548e-06
138.976,0.0,0.925569834248654,3.496476e-06
138.976,0.0,0.9251411538023852,3.721245e-06
138.976,0.0,0.9247171090398231,3.542795e-06
138.976,0.0,0.9243129667894335,3.611509e-06
138.976,0.0,0.9238844374340041,3.61308e-06
138.976,0.0,0.9234787803582059,3.54441e-06
138.976,0.0,0.9230615206072414,3.63568e-06
138.976,0.0,0.9226355726724647,3.560213e-06
138.976,0.0,0.922241035300488,3.441673e-06
138.976,0.0,0.9218094511389303,3.631663e-06
138.976,0.0,0.9214129635995191,3.490059e-06
138.976,0.0,0.9209784072801764,3.266381e-06
138.976,0.0,0.9205702541889954,3.544643e-06
138.976,0.0,0.9201285089125839,3.735317e-06
138.976,0.0,0.9197330630503509,3.449546e-06
138.976,0.0,0.9193171577282333,3.536654e-06
138.976,0.0,0.9189073144763447,3.645706e-06
138.976,0.0,0.9184829661017629,3.508365e-06
138.976,0.0,0.9180683340463298,3.561072e-06
138.976,0.0,0.9176297519674338,3.330817e-06
138.976,0.0,0.9172369504225539,3.484893e-06
138.976,0.0,0.9168045524104003,3.715337e-06
138.976,0.0,0.9164089639279008,3.28575e-06
138.976,0.0,0.9159707320421973,3.485737e-06
138.976,0.0,0.9155290346727774,3.563473e-06
138.976,0.0,0.9151064250668162,3.58549e-06
138.976,0.0,0.9146927376356414,3.468158e-06
138.976,0.0,0.9142924071306119,3.529713e-06
138.976,0.0,0.9138970804899634,3.779438e-06
138.976,0.0,0.9134571581636585,3.551264e-06
138.976,0.0,0.9130371886174053,3.517591e-06
138.976,0.0,0.9126103715215577,3.595138e-06
138.976,0.0,0.9122143056109013,3.458204e-06
138.976,0.0,0.9117863302188193,3.434281e-06
138.976,0.0,0.911392120195443,3.338631e-06
138.976,0.0,0.9109528877942483,3.505542e-06
138.976,0.0,0.9105282854050211,3.702517e-06
138.976,0.0,0.9101013512361499,3.522699e-06
138.976,0.0,0.9096984688787418,3.568086e-06
138.976,0.0,0.909288925746799,3.53223e-06
138.976,0.0,0.9088815075248664,3.445864e-06
138.976,0.0,0.9084495921121951,3.419031e-06
138.976,0.0,0.9080251937716268,3.068693e-06
138.976,0.0,0.9076033511301071,2.728004e-06
138.976,0.0,0.9071708674676146,2.627829e-06
138.976,0.0,0.9067735675004215,2.815039e-06
138.976,0.0,0.9063423533469801,2.360146e-06
138.976,0.0,0.9059130583871242,2.293833e-06
138.976,0.0,0.9055015647954858,2.885194e-06
138.976,0.0,0.905084210616392,3.166933e-06
138.976,0.0,0.9046518345608793,3.374371e-06
138.976,0.0,0.9042577780237079,3.388224e-06
138.976,0.0,0.9038277647547684,3.354755e-06
138.976,0.0,0.9034281904605961,3.416746e-06
138.976,0.0,0.9029906955884988,3.135952e-06
138.976,0.0,0.9025788279330176,2.384855e-06
138.976,0.0,0.9021726870636784,2.083849e-06
138.976,0.0,0.9017380683465387,2.646528e-06
138.976,0.0,0.9013462612446405,3.210283e-06
138.976,0.0,0.9009193495192586,3.452689e-06
138.976,0.0,0.9005094437333376,3.205278e-06
138.976,0.0,0.9000936692551164,3.194276e-06
138.976,0.0,0.8996652759822621,3.15746e-06
138.976,0.0,0.8992509773210787,3.049659e-06
138.976,0.0,0.8988456275030254,2.313202e-06
138.976,0.0,0.8984144949143553,1.834211e-06
138.976,0.0,0.8980052268986163,2.538218e-06
138.976,0.0,0.8975886352679222,2.846733e-06
138.976,0.0,0.8971584569619043,2.972083e-06
138.976,0.0,0.8967379820604555,3.208595e-06
138.976,0.0,0.8963160782150792,3.398862e-06
138.976,0.0,0.8959000719347402,3.297624e-06
138.976,0.0,0.8954909871631266,3.448324e-06
138.976,0.0,0.8950711806215115,3.151625e-06
138.976,0.0,0.8946409407053665,3.370456e-06
138.976,0.0,0.8942170298250387,3.278634e-06
138.976,0.0,0.8938153982389295,2.715315e-06
138.976,0.0,0.8934182456839952,3.111069e-06
138.976,0.0,0.8929816146661507,3.223351e-06
138.976,0.0,0.8925639800759051,3.216104e-06
138.976,0.0,0.8921335812197881,3.156398e-06
138.976,0.0,0.8917123891380667,2.939632e-06
138.976,0.0,0.8913111510499744,3.020454e-06
138.976,0.0,0.8909143245110551,2.700923e-06
138.976,0.0,0.8904718983086085,2.591332e-06
138.976,0.0,0.8900490167175267,2.959205e-06
138.976,0.0,0.889632456715661,3.123991e-06
138.976,0.0,0.8892305992518645,3.055669e-06
138.976,0.0,0.8888004373720773,3.062771e-06
138.976,0.0,0.8884080870370565,2.867833e-06
138.976,0.0,0.8879701261856148,2.669607e-06
138.976,0.0,0.8875467157431075,3.061519e-06
138.976,0.0,0.8871095847579086,3.163659e-06
138.976,0.0,0.8867005371127537,3.340858e-06
138.976,0.0,0.886270226780294,3.503214e-06
138.976,0.0,0.8858750018279797,3.501365e-06
138.976,0.0,0.8854469359158699,3.434674e-06
138.976,0.0,0.8850225568755794,3.263078e-06
138.976,0.0,0.8845979722268431,3.275884e-06
138.976,0.0,0.8841679276876865,3.431982e-06
138.976,0.0,0.8837735932297691,3.44876e-06
138.976,0.0,0.8833761277419723,3.447713e-06
138.976,0.0,0.8829440307353188,3.650552e-06
138.976,0.0,0.882521828061862,3.273686e-06
138.976,0.0,0.8820986427652446,3.313588e-06
138.976,0.0,0.8817016411057463,3.42798e-06
138.976,0.0,0.8812720778525438,3.272144e-06
138.976,0.0,0.880875001352477,3.356457e-06
138.976,0.0,0.8804421158022924,3.282577e-06
138.976,0.0,0.8800215059361665,3.307185e-06
138.976,0.0,0.8796172411707963,3.401656e-06
138.976,0.0,0.879191412031971,3.2893e-06
138.976,0.0,0.8787825762243962,3.166104e-06
138.976,0.0,0.8783694209127253,3.484369e-06
138.976,0.0,0.8779390597255347,3.420122e-06
138.976,0.0,0.8775259159879258,3.482521e-06
138.976,0.0,0.8771017203448758,3.577909e-06
138.976,0.0,0.8766821756354531,3.387904e-06
138.976,0.0,0.8762550319027078,3.306966e-06
138.976,0.0,0.8758590473064586,3.387395e-06
138.976,0.0,0.8754287443231658,3.253357e-06
138.976,0.0,0.8750009502805418,3.366353e-06
138.976,0.0,0.8745818086614616,3.401845e-06
138.976,0.0,0.8741818973031301,3.484194e-06
138.976,0.0,0.8737557267891032,3.656023e-06
138.976,0.0,0.8733273483756127,3.708687e-06
138.976,0.0,0.8729308665471254,3.682697e-06
138.976,0.0,0.8725037606306865,3.786365e-06
138.976,0.0,0.8720822990387369,3.777823e-06
138.976,0.0,0.8716440076574941,3.491878e-06
138.976,0.0,0.871250949365512,3.439651e-06
138.976,0.0,0.8708200303249037,3.431167e-06
138.976,0.0,0.8704219672995848,3.283058e-06
138.976,0.0,0.8699928984780909,3.239082e-06
138.976,0.0,0.8695723125230391,2.940113e-06
138.976,0.0,0.8691697867263828,2.572051e-06
138.976,0.0,0.8687384691237565,2.469125e-06
138.976,0.0,0.8683354189950042,2.693225e-06
138.976,0.0,0.8679130666736683,2.494533e-06
138.976,0.0,0.8674843069339613,2.887638e-06
138.976,0.0,0.867063463356029,3.372392e-06
138.976,0.0,0.8666253730041026,3.766268e-06
138.976,0.0,0.866228629838959,3.729059e-06
138.976,0.0,0.8657968265385739,3.647961e-06
138.976,0.0,0.8653790524182664,3.819412e-06
138.976,0.0,0.864971454003221,3.731853e-06
138.976,0.0,0.8645498801600406,3.626308e-06
138.976,0.0,0.8641242768508185,3.531735e-06
138.976,0.0,0.8637000325033751,3.217865e-06
138.976,0.0,0.8632988743540814,3.565714e-06
138.976,0.0,0.8628697140004853,3.813053e-06
138.976,0.0,0.8624686502127175,3.809939e-06
138.976,0.0,0.8620519750822928,3.853318e-06
138.976,0.0,0.8616300470807047,3.750611e-06
138.976,0.0,0.8612086004765872,3.616849e-06
138.976,0.0,0.8608090165904129,3.528505e-06
138.976,0.0,0.8603753290951176,3.253837e-06
138.976,0.0,0.8599558376291239,3.082707e-06
138.976,0.0,0.8595536438345793,3.06833e-06
138.976,0.0,0.8591285593236008,2.78042e-06
138.976,0.0,0.8587070864474915,2.958885e-06
138.976,0.0,0.8583066602038462,3.177774e-06
138.976,0.0,0.8578796039079689,2.924746e-06
138.976,0.0,0.857472796417636,3.03534e-06
138.976,0.0,0.8570502927851693,2.936198e-06
138.976,0.0,0.856621652371756,2.816814e-06
138.976,0.0,0.8561902360367675,2.91779e-06
138.976,0.0,0.8557690177815849,2.696848e-06
138.976,0.0,0.8553695109423386,2.531771e-06
138.976,0.0,0.8549395028236516,2.680987e-06
138.976,0.0,0.8545267157409908,2.721281e-06
138.976,0.0,0.8540993512561309,2.565183e-06
138.976,0.0,0.8536808621977365,2.747969e-06
138.976,0.0,0.8532881792302256,2.971967e-06
138.976,0.0,0.8528576032142771,3.095804e-06
138.976,0.0,0.8524530534047887,2.889778e-06
138.976,0.0,0.8520323183673026,3.008507e-06
138.976,0.0,0.8516056456043035,3.104127e-06
138.976,0.0,0.8511769965618706,2.862973e-06
138.976,0.0,0.8507853683644837,2.883142e-06
138.976,0.0,0.8503584695339861,3.225286e-06
138.976,0.0,0.8499349855048065,3.088164e-06
138.976,0.0,0.8495266059385518,3.020992e-06
138.976,0.0,0.849080301818678,3.051115e-06
138.976,0.0,0.8486876284746171,2.860601e-06
138.976,0.0,0.848255249113103,2.979155e-06
138.976,0.0,0.847868173680739,2.992834e-06
138.976,0.0,0.8474353757991243,3.032503e-06
138.976,0.0,0.8470138161735162,3.236797e-06
138.976,0.0,0.8465826676812227,3.216133e-06
138.976,0.0,0.8461510652079938,3.09707e-06
138.976,0.0,0.8457304200440979,3.273628e-06
138.976,0.0,0.8453251113256505,3.190216e-06
138.976,0.0,0.8448967135694824,3.251378e-06
138.976,0.0,0.84449028723989,3.323119e-06
138.976,0.0,0.8440611154889688,3.207344e-06
138.976,0.0,0.8436489312623321,2.864137e-06
138.976,0.0,0.8432241122902788,2.511064e-06
138.976,0.0,0.8428285378190248,2.613684e-06
138.976,0.0,0.8424020126810832,2.889341e-06
138.976,0.0,0.8419971693550619,2.752407e-06
138.976,0.0,0.8415568193970312,2.794142e-06
138.976,0.0,0.8411491273545827,2.876521e-06
138.976,0.0,0.8407561776450072,3.201902e-06
138.976,0.0,0.8403235206729011,3.286113e-06
138.976,0.0,0.8399290664525673,3.335153e-06
138.976,0.0,0.8394907371649699,3.36708e-06
138.976,0.0,0.8390765174051372,3.271678e-06
138.976,0.0,0.8386472378125602,3.283072e-06
138.976,0.0,0.8382323302135885,3.287045e-06
138.976,0.0,0.8378302951752045,3.45982e-06
138.976,0.0,0.8374011181616975,3.23476e-06
138.976,0.0,0.8369749994915644,2.820001e-06
138.976,0.0,0.8365580066870629,2.728222e-06
138.976,0.0,0.8361210366346115,2.980029e-06
138.976,0.0,0.83572413090073,2.122179e-06
138.976,0.0,0.8352913444965775,2.683315e-06
138.976,0.0,0.8348980535123133,3.024586e-06
138.976,0.0,0.8344714035590689,3.115027e-06
138.976,0.0,0.8340546461472372,3.310677e-06
138.976,0.0,0.8336167617394958,3.155699e-06
138.976,0.0,0.8332214407866603,3.297013e-06
138.976,0.0,0.8327922580159269,3.324953e-06
138.976,0.0,0.832400678442465,3.27731e-06
138.976,0.0,0.8319495422244715,3.121502e-06
138.976,0.0,0.8315364164603927,3.016889e-06
138.976,0.0,0.8311207529790342,3.223715e-06
138.976,0.0,0.8306924646159702,3.111185e-06
138.976,0.0,0.8302931244993268,3.040012e-06
138.976,0.0,0.8298683442261618,2.982051e-06
138.976,0.0,0.829467626656237,2.880915e-06
138.976,0.0,0.8290394159263479,2.993591e-06
138.976,0.0,0.8286199153539232,2.796805e-06
138.976,0.0,0.8281936408590677,2.750181e-06
138.976,0.0,0.8277926263475108,2.525543e-06
138.976,0.0,0.8273591545044214,2.63784e-06
138.976,0.0,0.8269612644528401,2.643312e-06
138.976,0.0,0.826517356514568,2.751025e-06
138.976,0.0,0.8261065152539961,2.687433e-06
138.976,0.0,0.8256777243295635,2.848887e-06
138.976,0.0,0.825248369503276,3.034103e-06
138.976,0.0,0.8248526458088971,3.102454e-06
138.976,0.0,0.8244256181062671,2.846646e-06
138.976,0.0,0.8240020512147469,3.017209e-06
138.976,0.0,0.823581080875994,2.84439e-06
138.976,0.0,0.8231816621184646,2.774177e-06
138.976,0.0,0.8227496422923662,2.55843e-06
138.976,0.0,0.8223568544220151,2.480883e-06
138.976,0.0,0.8219287460941787,2.712666e-06
138.976,0.0,0.8215174423062528,2.627421e-06
138.976,0.0,0.821102673924585,2.619403e-06
138.976,0.0,0.8206707432942738,2.669112e-06
138.976,0.0,0.8202784606162631,2.904999e-06
138.976,0.0,0.8198473838325169,2.860092e-06
138.976,0.0,0.8194486860249425,2.686153e-06
138.976,0.0,0.8190097085722388,2.538742e-06
138.976,0.0,0.8185952874840581,2.751796e-06
138.976,0.0,0.8181537798767516,2.611501e-06
138.976,0.0,0.8177558146540665,2.397632e-06
138.976,0.0,0.8173460597540154,1.931185e-06
138.976,0.0,0.8169176988039358,1.712819e-06
138.976,0.0,0.8165083569668833,1.865788e-06
138.976,0.0,0.8160669923864503,1.711946e-06
138.976,0.0,0.815664355,2.026878e-06
138.976,0.0,0.8152324641834395,2.073153e-06
138.976,0.0,0.8148295755053445,2.21243e-06
138.976,0.0,0.8144091236469415,2.194342e-06
138.976,0.0,0.8139805650687839,2.480461e-06
138.976,0.0,0.8135633109376937,2.336426e-06
138.976,0.0,0.8131423659714796,2.372559e-06
138.976,0.0,0.8127352581071499,2.493529e-06
138.976,0.0,0.8123328490812226,2.717177e-06
138.976,0.0,0.8119109889763714,2.750923e-06
138.976,0.0,0.8114794981822961,2.836561e-06
138.976,0.0,0.8110630820098962,2.522516e-06
138.976,0.0,0.8106252951535761,2.444722e-06
138.976,0.0,0.8102274291746914,2.668923e-06
138.976,0.0,0.8098270108674542,2.681045e-06
138.976,0.0,0.8094043169923791,2.801709e-06
138.976,0.0,0.8089611843128495,2.703309e-06
138.976,0.0,0.8085568196434398,2.790272e-06
138.976,0.0,0.808133172678844,2.822097e-06
138.976,0.0,0.8077231252359103,3.113164e-06
138.976,0.0,0.8072910689114993,3.29678e-06
138.976,0.0,0.8068971598696093,3.341615e-06
138.976,0.0,0.806455846683898,3.24288e-06
138.976,0.0,0.806031029463871,3.171866e-06
138.976,0.0,0.8056071374053658,3.160429e-06
138.976,0.0,0.8052097409030838,2.927307e-06
138.976,0.0,0.8047808198720618,2.93339e-06
138.976,0.0,0.8043882041016107,2.93598e-06
138.976,0.0,0.8039498059628507,2.65213e-06
138.976,0.0,0.8035280218142081,2.440618e-06
138.976,0.0,0.8030926614410754,2.312881e-06
138.976,0.0,0.8026782498272653,2.549656e-06
138.976,0.0,0.8022817206433095,2.707078e-06
138.976,0.0,0.8018896798998877,2.792091e-06
138.976,0.0,0.8014505637700535,2.751025e-06
138.976,0.0,0.8010450625718977,2.619956e-06
138.976,0.0,0.8006068031185862,2.670233e-06
138.976,0.0,0.8002117149496393,2.793036e-06
138.976,0.0,0.79978189302215,2.741464e-06
138.976,0.0,0.7993859437203119,2.832458e-06
138.976,0.0,0.7989510244419719,2.72879e-06
138.976,0.0,0.7985367766246917,2.732035e-06
138.976,0.0,0.7980991128766939,2.841465e-06
138.976,0.0,0.797701257246698,2.582747e-06
138.976,0.0,0.7972737037594196,2.661778e-06
138.976,0.0,0.7968748630100263,2.884364e-06
138.976,0.0,0.7964383759756614,2.774614e-06
138.976,0.0,0.7960141306666184,2.547036e-06
138.976,0.0,0.7955924130371093,2.686022e-06
138.976,0.0,0.7951616011772268,2.806424e-06
138.976,0.0,0.7947662927476282,2.797897e-06
138.976,0.0,0.7943220998930175,2.627712e-06
138.976,0.0,0.7939365544538274,2.555069e-06
138.976,0.0,0.7935114514830675,2.610075e-06
138.976,0.0,0.793089271506956,2.575034e-06
138.976,0.0,0.7926562208161793,2.522647e-06
138.976,0.0,0.792264847661738,2.703178e-06
138.976,0.0,0.7918337294709832,2.72179e-06
138.976,0.0,0.7914349008695515,2.860048e-06
138.976,0.0,0.7910078900900069,2.799672e-06
138.976,0.0,0.7905853071642772,2.782253e-06
138.976,0.0,0.7901371284061901,2.608707e-06
138.976,0.0,0.7897568387712757,2.217363e-06
138.976,0.0,0.7893252775064462,1.728942e-06
138.976,0.0,0.7889268777339465,1.916458e-06
138.976,0.0,0.7885020550748161,2.142668e-06
138.976,0.0,0.7880823019575323,2.525165e-06
138.976,0.0,0.7876490028474202,2.54513e-06
138.976,0.0,0.7872315630948156,2.837973e-06
138.976,0.0,0.7868290964078083,2.624642e-06
138.976,0.0,0.7863967780222829,2.791639e-06
138.976,0.0,0.7859891836931806,2.922054e-06
138.976,0.0,0.7855475428734394,2.817134e-06
138.976,0.0,0.7851395030714357,2.933841e-06
138.976,0.0,0.7847072869427804,2.795496e-06
138.976,0.0,0.7843152608493099,2.743851e-06
138.976,0.0,0.7838846874448544,2.868546e-06
138.976,0.0,0.7834811940022414,2.728004e-06
138.976,0.0,0.7830453579997276,2.765097e-06
138.976,0.0,0.7826411951167004,2.765024e-06
138.976,0.0,0.7822116460491356,2.709116e-06
138.976,0.0,0.7817969137756496,2.813118e-06
138.976,0.0,0.7813917132425988,2.712768e-06
138.976,0.0,0.7809851520219695,2.710396e-06
138.976,0.0,0.7805664370900901,2.858855e-06
138.976,0.0,0.7801394500129276,2.939079e-06
138.976,0.0,0.7797164524076922,2.520697e-06
138.976,0.0,0.7793139362869669,2.181769e-06
138.976,0.0,0.7788867680118613,2.035886e-06
138.976,0.0,0.7784816275678113,2.369532e-06
138.976,0.0,0.7780645031268852,3.088979e-06
138.976,0.0,0.7776370950724142,3.469861e-06
138.976,0.0,0.7771971688692099,3.452733e-06
138.976,0.0,0.776802938300199,3.448484e-06
138.976,0.0,0.7763845154163619,3.391018e-06
138.976,0.0,0.7759604110046463,3.212248e-06
138.976,0.0,0.7755313194340075,3.370573e-06
138.976,0.0,0.7751091683699024,3.272158e-06
138.976,0.0,0.7747092717261934,3.34825e-06
138.976,0.0,0.7742764941111003,3.35199e-06
138.976,0.0,0.7738846596672361,3.460736e-06
138.976,0.0,0.77344849562686,3.570269e-06
138.976,0.0,0.7730221842902765,3.441877e-06
138.976,0.0,0.7726100353848664,3.437744e-06
138.976,0.0,0.7722108357715914,3.491368e-06
138.976,0.0,0.7717768206629916,3.315392e-06
138.976,0.0,0.7713786210635359,3.34064e-06
138.976,0.0,0.7709420284787369,3.527894e-06
138.976,0.0,0.7705336356490466,3.465539e-06
138.976,0.0,0.7700894551280665,3.375622e-06
138.976,0.0,0.7696887103445276,3.302557e-06
138.976,0.0,0.7692600702194102,2.989036e-06
138.976,0.0,0.7688668665091115,3.172216e-06
138.976,0.0,0.7684363188801239,3.226451e-06
138.976,0.0,0.7680275251192109,3.400695e-06
138.976,0.0,0.7675882523466117,3.524096e-06
138.976,0.0,0.7671856870925041,3.255322e-06
138.976,0.0,0.7667548764621563,3.258639e-06
138.976,0.0,0.7663231243160814,3.147507e-06
138.976,0.0,0.765926711104825,3.036897e-06
138.976,0.0,0.7655025829443048,3.268156e-06
138.976,0.0,0.7650738616977264,3.228823e-06
138.976,0.0,0.764642195962746,3.237059e-06
138.976,0.0,0.7642495586908071,3.143374e-06
138.976,0.0,0.7638191450943984,3.155394e-06
138.976,0.0,0.7634275031947642,3.220906e-06
138.976,0.0,0.7629898002014576,3.15941e-06
138.976,0.0,0.7625690486785135,3.281748e-06
138.976,0.0,0.7621601563406569,3.247798e-06
138.976,0.0,0.761721229202347,3.045803e-06
138.976,0.0,0.7613306081155399,2.899818e-06
138.976,0.0,0.7609034970510022,2.856425e-06
138.976,0.0,0.7604873050556872,3.052482e-06
138.976,0.0,0.7600807255267277,2.988134e-06
138.976,0.0,0.7596550599640034,3.15973e-06
138.976,0.0,0.7592627071630826,2.994406e-06
138.976,0.0,0.75883220870786,2.950983e-06
138.976,0.0,0.7584072276643066,3.00695e-06
138.976,0.0,0.7580010298762155,2.788016e-06
138.976,0.0,0.7575609095360543,2.715024e-06
138.976,0.0,0.7571544518569211,2.929344e-06
138.976,0.0,0.7567347852106203,2.875429e-06
138.976,0.0,0.7563263756778502,2.792542e-06
138.976,0.0,0.7558933377623246,2.654298e-06
138.976,0.0,0.7554650984201695,2.45923e-06
138.976,0.0,0.7550515220944922,2.434972e-06
138.976,0.0,0.7546436032807599,2.78822e-06
138.976,0.0,0.7542120222697274,2.905595e-06
138.976,0.0,0.7538169678705278,2.8207e-06
138.976,0.0,0.7533853382997414,2.866029e-06
138.976,0.0,0.7529818850104346,2.929839e-06
138.976,0.0,0.7525427233706404,3.039822e-06
138.976,0.0,0.7521430606480377,2.865127e-06
138.976,0.0,0.751714823847032,2.970846e-06
138.976,0.0,0.751304162223117,2.993009e-06
138.976,0.0,0.7508987662959186,3.134832e-06
138.976,0.0,0.7504712390958607,3.111592e-06
138.976,0.0,0.7500557247795034,3.134977e-06
138.976,0.0,0.749614619887146,3.255627e-06
138.976,0.0,0.7492179655436718,2.844696e-06
138.976,0.0,0.7487853021299635,2.836081e-06
138.976,0.0,0.7483942384730382,3.162218e-06
138.976,0.0,0.74795785988456,3.283581e-06
138.976,0.0,0.7475346176084419,3.161418e-06
138.976,0.0,0.7471126171546347,3.297231e-06
138.976,0.0,0.7466820014547174,3.264344e-06
138.976,0.0,0.7462839282795636,3.257504e-06
138.976,0.0,0.7458521744887565,3.198744e-06
138.976,0.0,0.745452187827697,3.330017e-06
138.976,0.0,0.7450117128454176,3.381996e-06
138.976,0.0,0.7445817792286957,3.397552e-06
138.976,0.0,0.7441633187680031,3.29678e-06
138.976,0.0,0.7437595798355234,2.82457e-06
138.976,0.0,0.7433383579897855,2.792352e-06
138.976,0.0,0.7429399360569653,2.605389e-06
138.976,0.0,0.7425179423788653,3.356487e-06
138.976,0.0,0.7421006518468742,3.89987e-06
138.976,0.0,0.7416730376598526,3.653433e-06
138.976,0.0,0.7412728188120663,3.813548e-06
138.976,0.0,0.7408420701168658,3.713722e-06
138.976,0.0,0.7404437893104937,3.501191e-06
138.976,0.0,0.7400173937115611,3.736932e-06
138.976,0.0,0.7395958661708609,3.833557e-06
138.976,0.0,0.739196980799411,3.845475e-06
138.976,0.0,0.7387669069946067,3.578636e-06
138.976,0.0,0.7383370019591587,3.501482e-06
138.976,0.0,0.7379354002666568,3.693407e-06
138.976,0.0,0.7375122511673421,3.639085e-06
138.976,0.0,0.7370910890574761,3.72871e-06
138.976,0.0,0.7366555532186329,3.806228e-06
138.976,0.0,0.7362626947909172,3.521782e-06
138.976,0.0,0.735831855968411,3.652705e-06
138.976,0.0,0.7354041043367633,3.722249e-06
138.976,0.0,0.734995389196335,3.625217e-06
138.976,0.0,0.7345780703671271,3.723238e-06
138.976,0.0,0.73414985775389,3.761292e-06
138.976,0.0,0.7337360498672871,3.633453e-06
138.976,0.0,0.7333287472897775,3.705572e-06
138.976,0.0,0.7329017694567729,3.515408e-06
138.976,0.0,0.7324979252687519,3.639812e-06
138.976,0.0,0.732079744222252,3.833542e-06
138.976,0.0,0.7316462852339585,3.740584e-06
138.976,0.0,0.7312259560285936,3.804482e-06
138.976,0.0,0.7308224251472908,4.028101e-06
138.976,0.0,0.7304276363110659,3.815629e-06
138.976,0.0,0.7299861937013098,3.557871e-06
138.976,0.0,0.7295670630194607,3.823938e-06
138.976,0.0,0.7291356419933587,3.762107e-06
138.976,0.0,0.7287425667060381,3.654102e-06
138.976,0.0,0.7283064051392081,3.668945e-06
138.976,0.0,0.7278922217941551,3.809211e-06
138.976,0.0,0.7274694970748331,3.618756e-06
138.976,0.0,0.7270598250036933,3.850699e-06
138.976,0.0,0.7266247067894647,3.897003e-06
138.976,0.0,0.7262231761678619,3.700683e-06
138.976,0.0,0.7257850614313435,3.694237e-06
138.976,0.0,0.7253836012084522,3.804656e-06
138.976,0.0,0.7249708292822932,3.740191e-06
138.976,0.0,0.7245229977050731,3.773559e-06
138.976,0.0,0.7241070605346194,3.81493e-06
138.976,0.0,0.7237018704309441,3.54505e-06
138.976,0.0,0.7232706291393676,3.664798e-06
138.976,0.0,0.722871037923231,3.675261e-06
138.976,0.0,0.7224623850739214,3.524823e-06
138.976,0.0,0.7220472866158688,3.231733e-06
138.976,0.0,0.7216011406141704,2.586923e-06
138.976,0.0,0.7211938628641689,3.009016e-06
138.976,0.0,0.7207948633437355,3.196241e-06
138.976,0.0,0.7203955411173926,3.084904e-06
138.976,0.0,0.7199602681258063,3.372465e-06
138.976,0.0,0.7195379165747154,3.404304e-06
138.976,0.0,0.7191232917337254,3.52443e-06
138.976,0.0,0.7187196515080307,3.877285e-06
138.976,0.0,0.7182850412394822,4.076501e-06
138.976,0.0,0.7178821206834113,3.897832e-06
138.976,0.0,0.7174465624649493,4.077505e-06
138.976,0.0,0.7170243215514198,3.994326e-06
138.976,0.0,0.7166095981981687,3.913796e-06
138.976,0.0,0.7161733254411637,4.072455e-06
138.976,0.0,0.7157689792863877,3.76119e-06
138.976,0.0,0.7153680588223679,3.843219e-06
138.976,0.0,0.7149274434825964,3.998415e-06
138.976,0.0,0.7145045298010536,4.122048e-06
138.976,0.0,0.7140959515837325,4.138972e-06
138.976,0.0,0.7136911513443293,3.843525e-06
138.976,0.0,0.7132512458236927,3.703477e-06
138.976,0.0,0.7128496557629147,3.664216e-06
138.976,0.0,0.7124410695423234,3.853085e-06
138.976,0.0,0.7120078304367414,3.744484e-06
138.976,0.0,0.7115791197746485,3.856941e-06
138.976,0.0,0.7111700027126057,3.145047e-06
138.976,0.0,0.7107681819208488,4.178044e-06
138.976,0.0,0.7103305052265709,3.661349e-06
138.976,0.0,0.7099266892663908,4.011526e-06
138.976,0.0,0.7095118358628448,4.12736e-06
138.976,0.0,0.7090916707102448,4.046145e-06
138.976,0.0,0.7086534234830517,4.238929e-06
138.976,0.0,0.7082518643316862,4.063331e-06
138.976,0.0,0.7078424493673751,4.123576e-06
138.976,0.0,0.70740139910192,3.960071e-06
138.976,0.0,0.7070013129063504,4.118483e-06
138.976,0.0,0.7065787205252899,3.935915e-06
138.976,0.0,0.7061416687300959,4.140937e-06
138.976,0.0,0.7057393964911954,4.100293e-06
138.976,0.0,0.7052978828577832,4.187721e-06
138.976,0.0,0.7048950183620923,4.032307e-06
138.976,0.0,0.7044827762626977,3.916677e-06
138.976,0.0,0.7040562575231747,3.857363e-06
138.976,0.0,0.7036225957780174,3.97634e-06
138.976,0.0,0.7032194870954593,4.054207e-06
138.976,0.0,0.7028198817677832,4.033704e-06
138.976,0.0,0.7023708279300365,3.903115e-06
138.976,0.0,0.7019719593579867,4.190792e-06
138.976,0.0,0.7015505952936951,4.285612e-06
138.976,0.0,0.7011472493405967,4.282017e-06
138.976,0.0,0.700721566880109,4.092144e-06
138.976,0.0,0.7003089878942037,3.920723e-06
138.976,0.0,0.6999071280487962,3.992798e-06
138.976,0.0,0.6994834797910865,4.101414e-06
138.976,0.0,0.6990503689956769,3.937224e-06
138.976,0.0,0.6986380540248817,4.068745e-06
138.976,0.0,0.6982351965033424,4.040325e-06
138.976,0.0,0.6977968616263075,3.892201e-06
138.976,0.0,0.6974009619503696,3.717607e-06
138.976,0.0,0.696985963029342,3.925088e-06
138.976,0.0,0.6965408510428353,4.355621e-06
138.976,0.0,0.6961256997789885,4.408401e-06
138.976,0.0,0.695688876321474,4.302681e-06
138.976,0.0,0.6952896686105898,4.267538e-06
138.976,0.0,0.6948890509857217,4.363814e-06
138.976,0.0,0.6944483949484869,4.463407e-06
138.976,0.0,0.694030448155205,4.175876e-06
138.976,0.0,0.6936176324926892,3.761699e-06
138.976,0.0,0.6931832299239405,3.605644e-06
138.976,0.0,0.6927796155291731,3.289635e-06
138.976,0.0,0.6923818884805536,3.01504e-06
138.976,0.0,0.6919424205531658,2.891291e-06
138.976,0.0,0.6915233152381003,2.422472e-06
138.976,0.0,0.6911111116818456,1.91899e-06
138.976,0.0,0.6907048151058879,1.110806e-06
138.976,0.0,0.6902651553765031,7.519702e-07
138.976,0.0,0.689869935815416,4.610629e-07
150.976,0.0,1.443146875,2.34669e-05
150.976,0.0,1.443146875,-1.353575e-06
150.976,0.0,1.443146875,-7.300405e-07
150.976,0.0,1.4429928228063365,-3.048917e-07
150.976,0.0,1.4428125585653238,-2.186716e-07
150.976,0.0,1.442592970682512,-2.413581e-07
150.976,0.0,1.442330126809217,-1.602893e-07
150.976,0.0,1.4420266685601972,-1.461158e-07
150.976,0.0,1.4416722356048273,4.473259e-08
150.976,0.0,1.441307353570745,1.12268e-06
150.976,0.0,1.4409027434430055,2.750545e-06
150.976,0.0,1.4404693857272302,2.650646e-06
150.976,0.0,1.4400380826685728,3.190609e-06
150.976,0.0,1.4396348186491779,3.515641e-06
150.976,0.0,1.4392051083159318,2.538669e-06
150.976,0.0,1.4387968828908202,3.080437e-06
150.976,0.0,1.4383948701696556,3.836074e-06
150.976,0.0,1.4379523153896403,3.589827e-06
150.976,0.0,1.4375465847168667,3.415902e-06
150.976,0.0,1.437108743433933,3.435096e-06
150.976,0.0,1.4367094520934276,3.710928e-06
150.976,0.0,1.4362796791518104,3.466805e-06
150.976,0.0,1.4358537421639008,3.894602e-06
150.976,0.0,1.4354536582646742,3.793088e-06
150.976,0.0,1.4350112244401607,3.982495e-06
150.976,0.0,1.4346083718268217,4.163347e-06
150.976,0.0,1.4341689698934812,3.931593e-06
150.976,0.0,1.4337868446176172,4.061847e-06
150.976,0.0,1.4333616797099058,4.273636e-06
150.976,0.0,1.4329575489002806,4.289745e-06
150.976,0.0,1.432504196528342,3.917623e-06
150.976,0.0,1.432104871594356,3.737907e-06
150.976,0.0,1.4316685928401647,3.26024e-06
150.976,0.0,1.4312875876434399,2.613553e-06
150.976,0.0,1.4308553770436085,1.875844e-06
150.976,0.0,1.4304477846144936,1.447261e-06
150.976,0.0,1.4300164545766758,2.195899e-06
150.976,0.0,1.4295856916376,3.365145e-06
150.976,0.0,1.4291857149702971,4.010319e-06
150.976,0.0,1.4287593315956861,3.978901e-06
150.976,0.0,1.428342006395622,4.105677e-06
150.976,0.0,1.4279403829585229,4.255984e-06
150.976,0.0,1.4274908257598298,4.059344e-06
150.976,0.0,1.427096530422416,4.065136e-06
150.976,0.0,1.4266654557560243,3.964873e-06
150.976,0.0,1.4262362585610953,3.910172e-06
150.976,0.0,1.4258236596042222,3.815687e-06
150.976,0.0,1.425421766464979,3.823239e-06
150.976,0.0,1.424988771933624,3.972222e-06
150.976,0.0,1.4245612138431198,3.839843e-06
150.976,0.0,1.4241499864077203,3.728521e-06
150.976,0.0,1.4237205933348442,3.657304e-06
150.976,0.0,1.4233363651794364,3.506037e-06
150.976,0.0,1.4229098859761338,3.283014e-06
150.976,0.0,1.4224896255661021,3.438181e-06
150.976,0.0,1.4220687187127072,3.418274e-06
150.976,0.0,1.4216372362482403,3.726382e-06
150.976,0.0,1.4212239211205553,3.792171e-06
150.976,0.0,1.4208377053851653,3.967114e-06
150.976,0.0,1.4204070653999636,3.946683e-06
150.976,0.0,1.4199935428685269,3.954439e-06
150.976,0.0,1.4195680225707554,4.020723e-06
150.976,0.0,1.4191667653469329,3.904599e-06
150.976,0.0,1.418738954563652,3.906825e-06
150.976,0.0,1.4183213200438456,3.533278e-06
150.976,0.0,1.4179231123473657,3.636073e-06
150.976,0.0,1.41748003549773,3.652749e-06
150.976,0.0,1.4170755425814288,3.450026e-06
150.976,0.0,1.4166354869200724,3.867433e-06
150.976,0.0,1.4162048688262585,3.992696e-06
150.976,0.0,1.4158183892659109,3.918991e-06
150.976,0.0,1.4153882930109534,3.979279e-06
150.976,0.0,1.414953919760786,4.002606e-06
150.976,0.0,1.414554820124435,4.212852e-06
150.976,0.0,1.4141169353421974,4.183617e-06
150.976,0.0,1.4137138731394805,4.250367e-06
150.976,0.0,1.4133006452338277,4.182497e-06
150.976,0.0,1.412862926661306,4.12119e-06
150.976,0.0,1.4124792507700445,4.035915e-06
150.976,0.0,1.4120418564895203,4.01256e-06
150.976,0.0,1.4116078574714588,3.972193e-06
150.976,0.0,1.4112087294126456,3.879628e-06
150.976,0.0,1.4107796569742277,3.479843e-06
150.976,0.0,1.410397844997786,2.556772e-06
150.976,0.0,1.4099561629293522,1.725944e-06
150.976,0.0,1.409556640242394,1.586784e-06
150.976,0.0,1.409115000225444,1.98379e-06
150.976,0.0,1.408711803823052,2.784902e-06
150.976,0.0,1.4082926670224727,3.108144e-06
150.976,0.0,1.4078660283735625,3.814464e-06
150.976,0.0,1.4074665124987427,3.906345e-06
150.976,0.0,1.4070264928278757,3.69153e-06
150.976,0.0,1.4065729575690655,3.559049e-06
150.976,0.0,1.4061833937428467,3.556968e-06
150.976,0.0,1.405758102096795,3.88085e-06
150.976,0.0,1.4053406724945074,3.679888e-06
150.976,0.0,1.4049263906926175,3.472393e-06
150.976,0.0,1.404505235544188,3.620284e-06
150.976,0.0,1.404102197015979,3.934329e-06
150.976,0.0,1.4036622364139895,4.025642e-06
150.976,0.0,1.4032541949051944,4.238362e-06
150.976,0.0,1.402841288469964,4.092755e-06
150.976,0.0,1.4024412009324583,4.097878e-06
150.976,0.0,1.4020120001085559,4.129426e-06
150.976,0.0,1.4015784933054174,4.221816e-06
150.976,0.0,1.401178364359239,4.282148e-06
150.976,0.0,1.4007522748480539,4.345231e-06
150.976,0.0,1.4003372990023553,4.272108e-06
150.976,0.0,1.3999354390435708,4.255184e-06
150.976,0.0,1.399502991734143,4.238318e-06
150.976,0.0,1.3991025719467372,4.445756e-06
150.976,0.0,1.3986644006943907,4.15268e-06
150.976,0.0,1.3982589253824464,3.57964e-06
150.976,0.0,1.397851537346528,2.424538e-06
150.976,0.0,1.3974189993579857,1.941429e-06
150.976,0.0,1.3970159711813674,2.960413e-06
150.976,0.0,1.3965762828062593,4.00882e-06
150.976,0.0,1.3961351840501095,4.572154e-06
150.976,0.0,1.3957446376665952,4.463349e-06
150.976,0.0,1.3953181384028635,4.331567e-06
150.976,0.0,1.3949220398793734,4.313712e-06
150.976,0.0,1.394491288108365,4.247675e-06
150.976,0.0,1.3940525339578744,4.415124e-06
150.976,0.0,1.3936496282077315,4.441114e-06
150.976,0.0,1.3932185980999354,4.433386e-06
150.976,0.0,1.392832648409414,4.285816e-06
150.976,0.0,1.3923999660287238,4.257978e-06
150.976,0.0,1.3919991873451192,4.348185e-06
150.976,0.0,1.3915636413893926,3.900655e-06
150.976,0.0,1.391124498205377,3.233392e-06
150.976,0.0,1.3907092038330728,2.945802e-06
150.976,0.0,1.3903143489799414,2.823523e-06
150.976,0.0,1.3898919599486745,3.080218e-06
150.976,0.0,1.3894951898025205,3.360299e-06
150.976,0.0,1.3890572564923678,3.870911e-06
150.976,0.0,1.3886227645757168,3.995141e-06
150.976,0.0,1.388227497809702,3.643465e-06
150.976,0.0,1.3877964393251354,3.644454e-06
150.976,0.0,1.3873774633794702,3.518158e-06
150.976,0.0,1.3869773010761184,3.332272e-06
150.976,0.0,1.3865376563858063,3.382098e-06
150.976,0.0,1.386089735800753,3.2151e-06
150.976,0.0,1.3856958205729937,3.353052e-06
150.976,0.0,1.385281718920186,3.282679e-06
150.976,0.0,1.3848450283910152,3.315945e-06
150.976,0.0,1.3844598439810858,3.156631e-06
150.976,0.0,1.384018498703218,3.213863e-06
150.976,0.0,1.383614457486801,3.358364e-06
150.976,0.0,1.3831774245911337,3.181005e-06
150.976,0.0,1.3827721029273516,2.896006e-06
150.976,0.0,1.3823683565980285,2.529705e-06
150.976,0.0,1.381960004025996,2.321089e-06
150.976,0.0,1.3815285943654263,2.037588e-06
150.976,0.0,1.3811241014980131,1.544642e-06
150.976,0.0,1.3806953562584097,1.748776e-06
150.976,0.0,1.380270557194347,2.212269e-06
150.976,0.0,1.3798885665191647,2.600165e-06
150.976,0.0,1.3794547647086213,2.373417e-06
150.976,0.0,1.3790277137408866,2.14293e-06
150.976,0.0,1.3786224185185503,2.03446e-06
150.976,0.0,1.378189084234462,2.994842e-06
150.976,0.0,1.3777782720600706,3.108653e-06
150.976,0.0,1.3773716641801643,3.469511e-06
150.976,0.0,1.376938729163472,3.787034e-06
150.976,0.0,1.3765157059603277,3.177309e-06
150.976,0.0,1.3760916565433359,3.178837e-06
150.976,0.0,1.3756525564662914,3.448964e-06
150.976,0.0,1.375265617183992,3.15861e-06
150.976,0.0,1.3748387670438804,3.318288e-06
150.976,0.0,1.3744379491530434,3.512134e-06
150.976,0.0,1.3740014517681933,3.707741e-06
150.976,0.0,1.373596147989986,3.963476e-06
150.976,0.0,1.3731642245501625,3.849927e-06
150.976,0.0,1.3727400025938956,4.066926e-06
150.976,0.0,1.3723575272058022,4.044108e-06
150.976,0.0,1.37192306653088,4.043788e-06
150.976,0.0,1.3715042389214012,4.005473e-06
150.976,0.0,1.371080872365809,4.158297e-06
150.976,0.0,1.370642591705864,4.1928e-06
150.976,0.0,1.3702543845939144,4.244866e-06
150.976,0.0,1.369826940515725,4.253889e-06
150.976,0.0,1.369432072054058,4.304457e-06
150.976,0.0,1.3689980307541185,4.028392e-06
150.976,0.0,1.3685684083671368,3.644658e-06
150.976,0.0,1.3681340181902888,3.650057e-06
150.976,0.0,1.3677233505855786,3.785695e-06
150.976,0.0,1.367337033119803,4.033602e-06
150.976,0.0,1.3669033146211456,4.266534e-06
150.976,0.0,1.3664600366698987,4.271249e-06
150.976,0.0,1.3660567687645777,3.923968e-06
150.976,0.0,1.3656147891556112,4.347428e-06
150.976,0.0,1.3652129556959531,4.546819e-06
150.976,0.0,1.3648040863792401,4.519796e-06
150.976,0.0,1.3643814961008105,4.498943e-06
150.976,0.0,1.363978071387471,4.500384e-06
150.976,0.0,1.363536462538402,4.535221e-06
150.976,0.0,1.3631318819057308,4.386719e-06
150.976,0.0,1.3627002846396494,4.381887e-06
150.976,0.0,1.3623193314777975,4.091504e-06
150.976,0.0,1.3618883111051725,3.98737e-06
150.976,0.0,1.3614732496557675,3.825888e-06
150.976,0.0,1.36104205043497,3.724839e-06
150.976,0.0,1.3606371542209086,3.697336e-06
150.976,0.0,1.3602038156063743,3.567111e-06
150.976,0.0,1.3597974514990827,3.524488e-06
150.976,0.0,1.359395986750383,3.581677e-06
150.976,0.0,1.3589544800665339,3.751818e-06
150.976,0.0,1.3585509624872052,3.614012e-06
150.976,0.0,1.3581145715055694,3.517343e-06
150.976,0.0,1.3577196466712973,3.796376e-06
150.976,0.0,1.3572902456721136,3.75844e-06
150.976,0.0,1.3568539472618708,3.604349e-06
150.976,0.0,1.3564527603084078,3.223133e-06
150.976,0.0,1.3560278776188035,2.710265e-06
150.976,0.0,1.355595931912682,2.186425e-06
150.976,0.0,1.3551979992381242,1.90307e-06
150.976,0.0,1.354769671287712,2.641027e-06
150.976,0.0,1.354351929260373,3.253619e-06
150.976,0.0,1.3539501149282178,3.134905e-06
150.976,0.0,1.3535099975749996,3.142428e-06
150.976,0.0,1.3531078050263188,3.434849e-06
150.976,0.0,1.35267339731418,3.360663e-06
150.976,0.0,1.3522696108671988,3.338588e-06
150.976,0.0,1.3518613909659485,3.002438e-06
150.976,0.0,1.3514284117858704,3.334106e-06
150.976,0.0,1.3510255456851707,3.602705e-06
150.976,0.0,1.350571600020525,3.601337e-06
150.976,0.0,1.350186397129038,3.133289e-06
150.976,0.0,1.3497622660819073,3.437191e-06
150.976,0.0,1.349375126849665,3.964436e-06
150.976,0.0,1.348926917087772,4.524511e-06
150.976,0.0,1.3485060247719105,4.236324e-06
150.976,0.0,1.3480837751748842,3.919049e-06
150.976,0.0,1.3476795169975422,3.738489e-06
150.976,0.0,1.3472504844039574,3.784968e-06
150.976,0.0,1.346832689662921,3.021967e-06
150.976,0.0,1.3464328732023363,2.676112e-06
150.976,0.0,1.3459914724199233,2.76175e-06
150.976,0.0,1.3455624638295176,3.083333e-06
150.976,0.0,1.3451519813011732,3.714682e-06
150.976,0.0,1.3447220351588585,4.056594e-06
150.976,0.0,1.3443350442519735,4.181391e-06
150.976,0.0,1.3439014448191502,4.110465e-06
150.976,0.0,1.3434895774752653,4.259782e-06
150.976,0.0,1.3430664153136809,4.044807e-06
150.976,0.0,1.342633055752394,4.157861e-06
150.976,0.0,1.3422414380237744,4.085843e-06
150.976,0.0,1.3418236965167267,4.100293e-06
150.976,0.0,1.341419182776463,3.549139e-06
150.976,0.0,1.3409662376072016,4.139161e-06
150.976,0.0,1.3405856028799028,3.943234e-06
150.976,0.0,1.340147785146601,3.976456e-06
150.976,0.0,1.339724358205967,3.852561e-06
150.976,0.0,1.3393404252423236,3.793495e-06
150.976,0.0,1.3389088583946298,3.640176e-06
150.976,0.0,1.338493559225633,2.998204e-06
150.976,0.0,1.338069766489839,2.837551e-06
150.976,0.0,1.337631029933424,2.259403e-06
150.976,0.0,1.3372277069253444,2.515982e-06
150.976,0.0,1.3368101994364903,3.213863e-06
150.976,0.0,1.3363814749631286,3.109759e-06
150.976,0.0,1.335976534360218,3.30992e-06
150.976,0.0,1.335539391427309,3.506211e-06
150.976,0.0,1.3351408443882535,3.594905e-06
150.976,0.0,1.334710863922028,3.603709e-06
150.976,0.0,1.3342988888942682,3.472043e-06
150.976,0.0,1.3338942678703483,3.278037e-06
150.976,0.0,1.3334536961650585,3.057925e-06
150.976,0.0,1.3330361169895513,2.663524e-06
150.976,0.0,1.3326162450273125,2.28516e-06
150.976,0.0,1.3322111475440908,1.91135e-06
150.976,0.0,1.331790626154913,2.428802e-06
150.976,0.0,1.3313651743590382,2.565415e-06
150.976,0.0,1.3309629359824482,3.24515e-06
150.976,0.0,1.3305396604456192,3.750785e-06
150.976,0.0,1.3301225510782828,4.036963e-06
150.976,0.0,1.3296882236715644,3.975176e-06
150.976,0.0,1.3293043184759437,3.973197e-06
150.976,0.0,1.3288723223470178,3.966517e-06
150.976,0.0,1.3284615827736446,3.944529e-06
150.976,0.0,1.328037490534848,4.160174e-06
150.976,0.0,1.3275972577937565,4.188478e-06
150.976,0.0,1.3271977161447097,4.184767e-06
150.976,0.0,1.3267803395196367,4.242014e-06
150.976,0.0,1.3263497764827754,4.25287e-06
150.976,0.0,1.325916473621581,4.258021e-06
150.976,0.0,1.3255216279978708,4.516798e-06
150.976,0.0,1.3250851758808988,4.53672e-06
150.976,0.0,1.3246462262361207,4.554779e-06
150.976,0.0,1.324258546501746,4.805435e-06
150.976,0.0,1.323838309633322,4.35159e-06
150.976,0.0,1.3234383275714543,4.163376e-06
150.976,0.0,1.3230001857399274,4.160916e-06
150.976,0.0,1.3225997269306524,4.054426e-06
150.976,0.0,1.3221634929681005,3.712019e-06
150.976,0.0,1.3217580132841573,3.665642e-06
150.976,0.0,1.3213475669258923,3.51858e-06
150.976,0.0,1.3209176328645575,3.531954e-06
150.976,0.0,1.320516303376286,3.625144e-06
150.976,0.0,1.3200838436776783,3.503781e-06
150.976,0.0,1.3196789497606627,3.385299e-06
150.976,0.0,1.3192498935482913,3.656824e-06
150.976,0.0,1.3188665869965555,3.509194e-06
150.976,0.0,1.3184298462935216,3.006018e-06
150.976,0.0,1.3180114287591962,3.17824e-06
150.976,0.0,1.3175864466004643,3.422538e-06
150.976,0.0,1.3171435347775382,3.736772e-06
150.976,0.0,1.3167391236592405,3.933528e-06
150.976,0.0,1.3163167808986442,3.914742e-06
150.976,0.0,1.3159036305259533,4.062109e-06
150.976,0.0,1.3155026828459775,4.188376e-06
150.976,0.0,1.3150647742320876,4.059824e-06
150.976,0.0,1.3146328233753262,4.007321e-06
150.976,0.0,1.314235201286075,3.97049e-06
150.976,0.0,1.3138236492692248,3.842855e-06
150.976,0.0,1.313395840566725,3.902052e-06
150.976,0.0,1.3129964975490704,3.80048e-06
150.976,0.0,1.3125548371843554,3.840367e-06
150.976,0.0,1.3121508493347445,3.308203e-06
150.976,0.0,1.3117254832905652,3.027119e-06
150.976,0.0,1.3113118231354193,3.251305e-06
150.976,0.0,1.310881486970069,3.522335e-06
150.976,0.0,1.3104749113369014,3.881709e-06
150.976,0.0,1.3100529276714088,4.009984e-06
150.976,0.0,1.3096347881700539,3.784458e-06
150.976,0.0,1.3092184267231577,3.90393e-06
150.976,0.0,1.308810261625097,3.719426e-06
150.976,0.0,1.3083923321935833,3.792084e-06
150.976,0.0,1.307981832080874,4.082292e-06
150.976,0.0,1.3075542636803914,4.193673e-06
150.976,0.0,1.3071127225830788,4.251357e-06
150.976,0.0,1.3067083996420785,4.118236e-06
150.976,0.0,1.3062916558829003,3.919267e-06
150.976,0.0,1.3058685343696739,3.952606e-06
150.976,0.0,1.3054342335602418,4.010348e-06
150.976,0.0,1.305032746409577,3.873793e-06
150.976,0.0,1.3045933362084785,3.598921e-06
150.976,0.0,1.3041914035065743,3.410023e-06
150.976,0.0,1.3037832982379634,3.440276e-06
150.976,0.0,1.3033367519346082,4.017507e-06
150.976,0.0,1.302954496107569,4.197864e-06
150.976,0.0,1.3025233599637012,3.538735e-06
150.976,0.0,1.302097458982177,3.555804e-06
150.976,0.0,1.30169732103271,3.820285e-06
150.976,0.0,1.3012737846430862,3.231587e-06
150.976,0.0,1.30085685376876,3.538502e-06
150.976,0.0,1.3004593255218433,3.846391e-06
150.976,0.0,1.300018948394549,3.750873e-06
150.976,0.0,1.299615289974177,3.699373e-06
150.976,0.0,1.2991777812957233,3.825786e-06
150.976,0.0,1.2987810900947818,3.813693e-06
150.976,0.0,1.2983811828138272,3.599285e-06
150.976,0.0,1.2979479933901934,3.326102e-06
150.976,0.0,1.2975176177565433,3.708134e-06
150.976,0.0,1.297099268115375,3.690497e-06
150.976,0.0,1.2966559420989976,3.546564e-06
150.976,0.0,1.2962645227239356,3.708978e-06
150.976,0.0,1.2958363370396175,3.289533e-06
150.976,0.0,1.2954387958547655,2.874382e-06
150.976,0.0,1.295008700412768,2.965084e-06
150.976,0.0,1.2945707542429166,3.447683e-06
150.976,0.0,1.294166407429692,3.466412e-06
150.976,0.0,1.2937307915782172,3.408844e-06
150.976,0.0,1.2933546606835544,3.292487e-06
150.976,0.0,1.292918141528487,3.473717e-06
150.976,0.0,1.2925153618845446,3.330788e-06
150.976,0.0,1.292073700718801,3.23687e-06
150.976,0.0,1.291669909427879,2.993387e-06
150.976,0.0,1.2912442563914341,2.77748e-06
150.976,0.0,1.2908288552093763,3.064226e-06
150.976,0.0,1.2904303740807064,3.235575e-06
150.976,0.0,1.2899922988691104,3.516427e-06
150.976,0.0,1.2895961640526317,3.55707e-06
150.976,0.0,1.2891583316875084,3.483801e-06
150.976,0.0,1.2887333875425315,3.443987e-06
150.976,0.0,1.288321944893782,3.510257e-06
150.976,0.0,1.2879224687617237,3.386886e-06
150.976,0.0,1.2874826165571411,3.370835e-06
150.976,0.0,1.28705658134391,3.276466e-06
150.976,0.0,1.2866402992911392,3.215726e-06
150.976,0.0,1.2862198893155665,3.136345e-06
150.976,0.0,1.2857934932269268,3.083769e-06
150.976,0.0,1.2853728272553941,3.176101e-06
150.976,0.0,1.2849712888427456,3.186942e-06
150.976,0.0,1.284531498993145,3.221867e-06
150.976,0.0,1.2841302698543806,2.798886e-06
150.976,0.0,1.2837050522229978,2.540561e-06
150.976,0.0,1.283294384411552,2.68672e-06
150.976,0.0,1.2828901252374045,2.238376e-06
150.976,0.0,1.2824481337353018,1.838649e-06
150.976,0.0,1.2820495373014522,2.12228e-06
150.976,0.0,1.281613793801922,2.632776e-06
150.976,0.0,1.2812235574134376,2.692192e-06
150.976,0.0,1.2807953272435932,2.65376e-06
150.976,0.0,1.280407774606766,2.611414e-06
150.976,0.0,1.279964413225413,2.797853e-06
150.976,0.0,1.2795421684972583,2.831279e-06
150.976,0.0,1.279120233510531,2.854082e-06
150.976,0.0,1.278710192368416,3.047404e-06
150.976,0.0,1.2783102813451854,3.114474e-06
150.976,0.0,1.2778652131196,3.109759e-06
150.976,0.0,1.2774781279417058,3.043198e-06
150.976,0.0,1.2770370050440192,2.998189e-06
150.976,0.0,1.2766303812366815,2.937406e-06
150.976,0.0,1.2761980027459858,3.0183e-06
150.976,0.0,1.2757734644915784,3.162626e-06
150.976,0.0,1.2753542247516125,3.143956e-06
150.976,0.0,1.2749506589733024,2.957531e-06
150.976,0.0,1.2745135135280101,2.97252e-06
150.976,0.0,1.2741120266245507,3.206456e-06
150.976,0.0,1.273690177287054,3.206311e-06
150.976,0.0,1.273262342874015,3.006426e-06
150.976,0.0,1.2728836586431542,2.958506e-06
150.976,0.0,1.272446461967997,2.964516e-06
150.976,0.0,1.271994942106061,3.114474e-06
150.976,0.0,1.2716083598693064,2.785368e-06
150.976,0.0,1.2711803639606583,2.631685e-06
150.976,0.0,1.270773493372909,2.67908e-06
150.976,0.0,1.270370635940873,2.263143e-06
150.976,0.0,1.2699326796725552,1.693275e-06
150.976,0.0,1.2695290827118637,1.504304e-06
150.976,0.0,1.2690911157070384,1.444729e-06
150.976,0.0,1.2686917936169357,1.51596e-06
150.976,0.0,1.2682705873964641,2.145724e-06
150.976,0.0,1.2678466861778634,2.44641e-06
150.976,0.0,1.2674443394333854,2.828907e-06
150.976,0.0,1.2670028618683025,3.195179e-06
150.976,0.0,1.2665651416583503,3.089517e-06
150.976,0.0,1.2661664727747801,2.893299e-06
150.976,0.0,1.265729691452126,2.894463e-06
150.976,0.0,1.2653200533790696,3.148278e-06
150.976,0.0,1.2648915992122627,2.978413e-06
150.976,0.0,1.2644885474861418,2.867164e-06
150.976,0.0,1.2640591373964865,2.734116e-06
150.976,0.0,1.2636512817199348,2.811663e-06
150.976,0.0,1.263223555925452,2.750312e-06
150.976,0.0,1.2628114568868027,2.562781e-06
150.976,0.0,1.262411017519085,2.60165e-06
150.976,0.0,1.2619940765715212,2.636836e-06
150.976,0.0,1.2615810080922216,2.596571e-06
150.976,0.0,1.2611444473816256,2.531742e-06
150.976,0.0,1.2607428174919921,1.939145e-06
150.976,0.0,1.26033267325329,1.354696e-06
150.976,0.0,1.2599041051396438,1.58757e-06
150.976,0.0,1.2595024808731752,1.530061e-06
150.976,0.0,1.259062703648232,1.517081e-06
150.976,0.0,1.2586307236773064,1.557753e-06
150.976,0.0,1.258243064113444,1.896042e-06
150.976,0.0,1.2578137609858058,2.064684e-06
150.976,0.0,1.2574211954260903,2.104483e-06
150.976,0.0,1.2569706500870848,2.16953e-06
150.976,0.0,1.2565443970925236,2.147164e-06
150.976,0.0,1.2561433481950224,2.15559e-06
150.976,0.0,1.255719924859659,2.278131e-06
150.976,0.0,1.2553045369717548,2.600544e-06
150.976,0.0,1.2548796329011505,2.75216e-06
150.976,0.0,1.2544743644288505,2.835106e-06
150.976,0.0,1.2540412118081796,3.20343e-06
150.976,0.0,1.2536096719737384,3.397538e-06
150.976,0.0,1.2532059006840461,3.460067e-06
150.976,0.0,1.2528020814565122,3.354318e-06
150.976,0.0,1.2524032120397397,3.777721e-06
150.976,0.0,1.2519615463856193,3.758643e-06
150.976,0.0,1.2515434637915261,3.594847e-06
150.976,0.0,1.25110071395683,3.667577e-06
150.976,0.0,1.2507153294453515,3.57216e-06
150.976,0.0,1.2502993698701281,3.635927e-06
150.976,0.0,1.2498729204850636,3.074412e-06
150.976,0.0,1.2494740515860963,3.009482e-06
150.976,0.0,1.2490386582775042,3.007401e-06
150.976,0.0,1.24860715914406,2.719549e-06
150.976,0.0,1.2482084809209573,3.158639e-06
150.976,0.0,1.2477894110914627,3.716836e-06
150.976,0.0,1.247362973987466,3.94677e-06
150.976,0.0,1.2469604884500023,3.883324e-06
150.976,0.0,1.2465212582253793,4.147907e-06
150.976,0.0,1.2460673333428114,4.19961e-06
150.976,0.0,1.2456790678579592,4.315822e-06
150.976,0.0,1.2452444322541991,4.481175e-06
150.976,0.0,1.2448337201997328,4.482499e-06
150.976,0.0,1.2444094390252813,4.759786e-06
150.976,0.0,1.2440096926256743,4.733942e-06
150.976,0.0,1.2435780995223844,4.717454e-06
150.976,0.0,1.2431670914417152,4.737536e-06
150.976,0.0,1.2427620022293397,4.740534e-06
150.976,0.0,1.2423554842408635,4.719157e-06
150.976,0.0,1.2419239708160632,4.623929e-06
150.976,0.0,1.2415239641376115,4.624191e-06
150.976,0.0,1.2410845308794611,4.352842e-06
150.976,0.0,1.240684522074887,3.968758e-06
150.976,0.0,1.2402592932148557,4.181959e-06
150.976,0.0,1.2398436741255425,4.355054e-06
150.976,0.0,1.2394476071942027,4.397385e-06
150.976,0.0,1.2390108991332822,4.647591e-06
150.976,0.0,1.2385802714061398,4.593137e-06
150.976,0.0,1.2381693262680267,4.508882e-06
150.976,0.0,1.2377389569138633,4.471833e-06
150.976,0.0,1.237354988688768,4.451722e-06
150.976,0.0,1.236925619251746,4.026806e-06
150.976,0.0,1.2364866992546966,3.689813e-06
150.976,0.0,1.2360809717971364,3.620939e-06
150.976,0.0,1.2356481656745615,3.36321e-06
150.976,0.0,1.2352224834265413,3.427849e-06
150.976,0.0,1.2348107234252015,3.446374e-06
150.976,0.0,1.2344042933752672,3.301335e-06
150.976,0.0,1.233992096313393,3.220135e-06
150.976,0.0,1.2335454754133637,3.634821e-06
150.976,0.0,1.2331318499814106,4.381844e-06
150.976,0.0,1.2327291245567547,4.660862e-06
150.976,0.0,1.2323274750472175,4.046728e-06
150.976,0.0,1.2318898321244567,2.843022e-06
150.976,0.0,1.2314764022308586,3.398483e-06
150.976,0.0,1.2310622275495615,4.24654e-06
150.976,0.0,1.2306169460771021,4.25044e-06
150.976,0.0,1.2302110856870048,3.82014e-06
150.976,0.0,1.229812994398358,3.902474e-06
150.976,0.0,1.2293773506374337,3.685011e-06
150.976,0.0,1.2289702335865438,4.034708e-06
150.976,0.0,1.228557962596046,4.491929e-06
150.976,0.0,1.2281442151288857,4.32496e-06
150.976,0.0,1.2277067858535013,4.345129e-06
150.976,0.0,1.2273078118069336,4.237401e-06
150.976,0.0,1.2268707088308908,4.288522e-06
150.976,0.0,1.2264625065706007,4.261485e-06
150.976,0.0,1.2260350999757725,4.352958e-06
150.976,0.0,1.2256045765658419,4.385729e-06
150.976,0.0,1.225199145196906,4.220172e-06
150.976,0.0,1.2247629090510148,4.247791e-06
150.976,0.0,1.2243665257768204,4.127636e-06
150.976,0.0,1.223929230897164,4.055808e-06
150.976,0.0,1.223514686605743,3.982612e-06
150.976,0.0,1.2231031697873904,3.637004e-06
150.976,0.0,1.2226963588637685,3.412744e-06
150.976,0.0,1.222258270898257,3.314286e-06
150.976,0.0,1.221859361417867,3.642592e-06
150.976,0.0,1.2214355214185768,3.920562e-06
150.976,0.0,1.2210216953798183,3.874069e-06
150.976,0.0,1.2205922716017519,4.056768e-06
150.976,0.0,1.2201930571578885,3.984678e-06
150.976,0.0,1.2197933870107336,4.035421e-06
150.976,0.0,1.2193547263395912,4.117013e-06
150.976,0.0,1.21894598439244,4.124784e-06
150.976,0.0,1.2185330540616945,4.106463e-06
150.976,0.0,1.2181149017259405,4.05524e-06
150.976,0.0,1.2176773827023408,4.028479e-06
150.976,0.0,1.2172779825544124,3.987952e-06
150.976,0.0,1.2168418854863463,3.89239e-06
150.976,0.0,1.2164225802003752,3.855966e-06
150.976,0.0,1.2160051636584184,3.906185e-06
150.976,0.0,1.215577673021474,4.035581e-06
150.976,0.0,1.2151656827069017,4.0866e-06
150.976,0.0,1.214744770437968,4.496658e-06
150.976,0.0,1.2143328848609398,4.889022e-06
150.976,0.0,1.213926951253145,5.349284e-06
150.976,0.0,1.213492529904264,5.508424e-06
150.976,0.0,1.2130649323119027,5.632028e-06
150.976,0.0,1.212651524062962,5.23364e-06
150.976,0.0,1.2122525823292343,4.76501e-06
150.976,0.0,1.2118434357682586,4.660265e-06
150.976,0.0,1.2114096567933288,4.718037e-06
150.976,0.0,1.210996720106412,4.642745e-06
150.976,0.0,1.210566986455241,4.18011e-06
150.976,0.0,1.2101389735709573,3.80064e-06
150.976,0.0,1.2097376734427534,3.643101e-06
150.976,0.0,1.2093387873667696,3.519497e-06
150.976,0.0,1.2088995994199856,4.185553e-06
150.976,0.0,1.2084844732518272,4.170957e-06
150.976,0.0,1.208072277852298,4.356407e-06
150.976,0.0,1.2076280429631336,4.450136e-06
150.976,0.0,1.207211655849236,4.622678e-06
150.976,0.0,1.2068139753536034,4.517249e-06
150.976,0.0,1.206387345058008,4.496978e-06
150.976,0.0,1.2059772398103987,4.038782e-06
150.976,0.0,1.205551560426524,4.388712e-06
150.976,0.0,1.2051191953478781,4.722649e-06
150.976,0.0,1.204716452743328,4.611327e-06
150.976,0.0,1.2042798646128874,4.33439e-06
150.976,0.0,1.2038783706379546,4.441259e-06
150.976,0.0,1.2034668482419817,4.877715e-06
150.976,0.0,1.2030526981818976,4.615402e-06
150.976,0.0,1.2026071584203748,4.218047e-06
150.976,0.0,1.2021880672566094,4.525267e-06
150.976,0.0,1.2018060865984097,4.332731e-06
150.976,0.0,1.2014034533015368,4.006055e-06
150.976,0.0,1.2009668575588488,4.58314e-06
150.976,0.0,1.2005457625710179,4.647562e-06
150.976,0.0,1.2001327576127796,4.598332e-06
150.976,0.0,1.1997015415191579,4.789166e-06
150.976,0.0,1.1992946312965325,4.762915e-06
150.976,0.0,1.1989002641573638,4.562433e-06
150.976,0.0,1.1984650626761169,4.550893e-06
150.976,0.0,1.1980414969091608,4.904621e-06
150.976,0.0,1.1976281143071854,4.803966e-06
150.976,0.0,1.1971733845484287,4.958682e-06
150.976,0.0,1.1967936007810047,4.957241e-06
150.976,0.0,1.1963556500407542,4.966307e-06
150.976,0.0,1.1959499524507138,4.804897e-06
150.976,0.0,1.1955212326917088,4.411893e-06
150.976,0.0,1.1950929305497686,4.460569e-06
150.976,0.0,1.1946845620538646,4.553833e-06
150.976,0.0,1.1942865710058983,4.961461e-06
150.976,0.0,1.1938478387995453,4.903704e-06
150.976,0.0,1.193440708451093,4.913512e-06
150.976,0.0,1.1930278639236038,5.057664e-06
150.976,0.0,1.1926082055876859,5.123264e-06
150.976,0.0,1.1921517668566008,5.324124e-06
150.976,0.0,1.1917740763052747,4.991714e-06
150.976,0.0,1.191373131088355,5.050402e-06
150.976,0.0,1.1909399144803992,4.993883e-06
150.976,0.0,1.190526124695285,4.913993e-06
150.976,0.0,1.190110035432779,4.96766e-06
150.976,0.0,1.1896735828381027,4.800328e-06
150.976,0.0,1.1892784640274217,5.066715e-06
150.976,0.0,1.1888432459868665,5.020134e-06
150.976,0.0,1.1884379725943346,5.15538e-06
150.976,0.0,1.1880238836530335,5.322145e-06
150.976,0.0,1.1875782362581668,5.36046e-06
150.976,0.0,1.1871682370087489,5.317648e-06
150.976,0.0,1.186743178007255,5.050795e-06
150.976,0.0,1.186326883437623,4.959831e-06
150.976,0.0,1.1859242646729322,5.114562e-06
150.976,0.0,1.1854788599937127,5.096488e-06
150.976,0.0,1.185065223474227,5.132853e-06
150.976,0.0,1.1846506356994189,5.066686e-06
150.976,0.0,1.184212670899206,5.065274e-06
150.976,0.0,1.1838121487577817,4.657224e-06
150.976,0.0,1.1834084592935086,4.254878e-06
150.976,0.0,1.182994833927995,4.145681e-06
150.976,0.0,1.1825522342240644,4.034504e-06
150.976,0.0,1.1821392343448232,4.398127e-06
150.976,0.0,1.1817376305035918,4.552407e-06
150.976,0.0,1.1813373318132112,4.337198e-06
150.976,0.0,1.1809031714316245,3.942914e-06
150.976,0.0,1.180488216597017,3.949521e-06
150.976,0.0,1.1800769405822098,4.676185e-06
150.976,0.0,1.1796277845194374,4.961723e-06
150.976,0.0,1.1792141551849264,5.189853e-06
150.976,0.0,1.1788269302310446,5.209673e-06
150.976,0.0,1.1784233195882203,5.166628e-06
150.976,0.0,1.1779805490403956,5.252194e-06
150.976,0.0,1.1775671386579634,5.16155e-06
150.976,0.0,1.1771558965456304,5.158756e-06
150.976,0.0,1.1767144443756987,5.390146e-06
150.976,0.0,1.1763139897016979,5.397786e-06
150.976,0.0,1.1758763203747076,5.643931e-06
150.976,0.0,1.175468571263458,5.587892e-06
150.976,0.0,1.1750475172637282,5.88916e-06
150.976,0.0,1.1746168208106749,5.986905e-06
150.976,0.0,1.1742167636500396,5.787777e-06
150.976,0.0,1.1737801615194574,5.886715e-06
150.976,0.0,1.173362275808505,5.630005e-06
150.976,0.0,1.1729722402115514,5.521317e-06
150.976,0.0,1.1725477685642123,5.398557e-06
150.976,0.0,1.1721136458073034,5.192327e-06
150.976,0.0,1.171710428031111,5.328402e-06
150.976,0.0,1.1712937326762105,5.3369e-06
150.976,0.0,1.1708739159160606,5.11088e-06
150.976,0.0,1.1704641653959356,5.333815e-06
150.976,0.0,1.170037673285362,5.220892e-06
150.976,0.0,1.1696051948226203,5.169306e-06
150.976,0.0,1.169196966532406,5.152353e-06
150.976,0.0,1.1687958775701144,5.159163e-06
150.976,0.0,1.1683595013735832,5.362948e-06
150.976,0.0,1.1679524246594006,5.244583e-06
150.976,0.0,1.1675146361359285,5.185575e-06
150.976,0.0,1.1670927856076423,5.418886e-06
150.976,0.0,1.1666825217089989,5.443071e-06
150.976,0.0,1.166246138834197,5.560738e-06
150.976,0.0,1.165846969821274,5.419322e-06
150.976,0.0,1.1654386332611684,4.933987e-06
150.976,0.0,1.165008189861441,2.989138e-06
150.976,0.0,1.1645786508347264,3.86317e-06
150.976,0.0,1.1641537289711616,5.115347e-06
150.976,0.0,1.16376361912667,5.451264e-06
150.976,0.0,1.1633236354002867,5.310605e-06
150.976,0.0,1.1629193117745944,5.450653e-06
150.976,0.0,1.1625058658823781,5.442795e-06
150.976,0.0,1.162091420595738,5.507376e-06
150.976,0.0,1.161683830895968,5.5337e-06
150.976,0.0,1.161245306745688,5.467111e-06
150.976,0.0,1.1608469065178595,5.636233e-06
150.976,0.0,1.1604382092863288,5.663998e-06
150.976,0.0,1.1600088792763175,5.507085e-06
150.976,0.0,1.1595823584279417,5.383263e-06
150.976,0.0,1.1591742104839347,5.090085e-06
150.976,0.0,1.1587725280675394,4.969261e-06
150.976,0.0,1.1583340427268003,5.009293e-06
150.976,0.0,1.1579288914106067,5.252004e-06
150.976,0.0,1.157514627893013,5.442707e-06
150.976,0.0,1.15709270065423,5.110283e-06
150.976,0.0,1.156652413694887,5.335052e-06
150.976,0.0,1.1562505999570358,5.200418e-06
150.976,0.0,1.1558128747454492,5.234091e-06
150.976,0.0,1.1554107202073032,4.896501e-06
150.976,0.0,1.1550003388844439,4.902089e-06
150.976,0.0,1.154556947790265,5.004375e-06
150.976,0.0,1.1541429306207251,4.943082e-06
150.976,0.0,1.15374329173109,5.007838e-06
150.976,0.0,1.1532936907225857,4.682923e-06
150.976,0.0,1.1529048768840395,4.298519e-06
150.976,0.0,1.1524911951300312,4.515052e-06
150.976,0.0,1.152065566355768,5.3189e-06
150.976,0.0,1.151628861974185,5.378548e-06
150.976,0.0,1.151224128526977,4.317975e-06
150.976,0.0,1.1508263439720086,4.007801e-06
150.976,0.0,1.150389137936735,4.447735e-06
150.976,0.0,1.1499780660767447,5.18396e-06
150.976,0.0,1.1495637666551886,5.294452e-06
150.976,0.0,1.1491496839849886,5.385038e-06
150.976,0.0,1.1487131544260143,5.346155e-06
150.976,0.0,1.1483043145000593,5.252674e-06
150.976,0.0,1.1479093198628791,5.666952e-06
150.976,0.0,1.1474631634138612,5.586189e-06
150.976,0.0,1.1470494721514854,5.233363e-06
150.976,0.0,1.1466026357478876,5.068083e-06
150.976,0.0,1.1461960555501243,5.027847e-06
150.976,0.0,1.1457801814667796,4.934016e-06
150.976,0.0,1.1453609764559236,4.703412e-06
150.976,0.0,1.144951647039433,4.499205e-06
150.976,0.0,1.1445375885847757,4.321613e-06
150.976,0.0,1.144078370256338,5.088237e-06
150.976,0.0,1.1436819127229305,5.016875e-06
150.976,0.0,1.143284440477074,5.121226e-06
150.976,0.0,1.1428500116896383,5.070891e-06
150.976,0.0,1.142442032760646,4.984453e-06
150.976,0.0,1.1420298141550145,4.501097e-06
150.976,0.0,1.141613007018292,4.07183e-06
150.976,0.0,1.1411740177283733,3.773617e-06
150.976,0.0,1.1407764782020293,4.063186e-06
150.976,0.0,1.1403790398758598,4.44676e-06
150.976,0.0,1.139943581099207,4.924193e-06
150.976,0.0,1.1395234967495242,4.879024e-06
150.976,0.0,1.1391093154905816,4.983798e-06
150.976,0.0,1.138701771386902,4.944057e-06
150.976,0.0,1.1382819900937315,4.963731e-06
150.976,0.0,1.1378630011076247,4.762609e-06
150.976,0.0,1.1374541025459193,4.585192e-06
150.976,0.0,1.1370244696450467,4.454399e-06
150.976,0.0,1.1365929933039052,4.73221e-06
150.976,0.0,1.1361823272245943,5.080423e-06
150.976,0.0,1.1357320271491311,4.832953e-06
150.976,0.0,1.1353442192026664,4.488436e-06
150.976,0.0,1.1349368810913183,4.73285e-06
150.976,0.0,1.1345039373028267,4.722591e-06
150.976,0.0,1.1340753516310196,4.750502e-06
150.976,0.0,1.133663307,4.819129e-06
150.976,0.0,1.1332636258653208,4.676389e-06
150.976,0.0,1.1328277233812638,4.741043e-06
150.976,0.0,1.132423159162176,4.682268e-06
150.976,0.0,1.13201294232314,4.793867e-06
150.976,0.0,1.1315656230706277,4.68448e-06
150.976,0.0,1.1311527524885419,4.623609e-06
150.976,0.0,1.130754723115685,4.443384e-06
150.976,0.0,1.1303460750046235,4.561691e-06
150.976,0.0,1.129906047856985,4.360249e-06
150.976,0.0,1.1294996430778215,3.798035e-06
150.976,0.0,1.1290735868431183,2.895002e-06
150.976,0.0,1.1286377884700731,2.827845e-06
150.976,0.0,1.1282350373255814,3.09704e-06
150.976,0.0,1.1278383493999609,3.804642e-06
150.976,0.0,1.1274038062413962,4.180256e-06
150.976,0.0,1.126990028345615,4.08609e-06
150.976,0.0,1.126546318498972,3.239402e-06
150.976,0.0,1.1261322403359375,2.286863e-06
150.976,0.0,1.1257313976305743,2.496454e-06
150.976,0.0,1.1252985592606355,2.88758e-06
150.976,0.0,1.1248988174191965,3.667854e-06
150.976,0.0,1.124461987694371,3.966939e-06
150.976,0.0,1.1240307035399937,3.939989e-06
150.976,0.0,1.1236257320621288,3.987589e-06
150.976,0.0,1.1232202103087765,4.169779e-06
150.976,0.0,1.1227878453460405,4.269212e-06
150.976,0.0,1.1223877708981793,4.618356e-06
150.976,0.0,1.121976308020146,4.612884e-06
150.976,0.0,1.1215608656005986,4.28049e-06
150.976,0.0,1.1211460183883353,4.177593e-06
150.976,0.0,1.1207095454434426,4.293921e-06
150.976,0.0,1.1203103283015703,4.318936e-06
150.976,0.0,1.1199105064002186,4.068352e-06
150.976,0.0,1.1194635772426533,4.170099e-06
150.976,0.0,1.1190442020326594,4.034067e-06
150.976,0.0,1.1186371444697278,3.903318e-06
150.976,0.0,1.1182063906848796,3.970636e-06
150.976,0.0,1.1177982675110827,4.00313e-06
150.976,0.0,1.1173998029649779,4.056579e-06
150.976,0.0,1.1169614792208868,3.927242e-06
150.976,0.0,1.116541762530456,3.930196e-06
150.976,0.0,1.1161239335536997,4.185378e-06
150.976,0.0,1.1156867582293022,3.69575e-06
150.976,0.0,1.1152864576784616,3.762034e-06
150.976,0.0,1.1148494684610586,3.736175e-06
150.976,0.0,1.114443228961131,3.663561e-06
150.976,0.0,1.114028524152732,3.66896e-06
150.976,0.0,1.1136061072575505,3.532958e-06
150.976,0.0,1.1131710742242402,3.237466e-06
150.976,0.0,1.1127729223797005,3.123001e-06
150.976,0.0,1.1123718466293742,3.450739e-06
150.976,0.0,1.1119318818527086,3.390815e-06
150.976,0.0,1.111513659942519,3.395791e-06
150.976,0.0,1.1111012692077364,3.349342e-06
150.976,0.0,1.1106951331921548,3.505178e-06
150.976,0.0,1.1102533995904238,3.45931e-06
150.976,0.0,1.109851079165119,2.94669e-06
150.976,0.0,1.1094432655808855,2.588e-06
150.976,0.0,1.109027688330752,1.958106e-06
150.976,0.0,1.1086095379692262,2.428933e-06
150.976,0.0,1.108170008786997,3.101464e-06
150.976,0.0,1.1077682652540335,3.364999e-06
150.976,0.0,1.1073597237963972,3.048597e-06
150.976,0.0,1.1069194065876236,3.213951e-06
150.976,0.0,1.1065045543865453,3.118403e-06
150.976,0.0,1.1060608926774003,3.276058e-06
150.976,0.0,1.1056506450417096,3.452646e-06
150.976,0.0,1.105251866459417,3.484165e-06
150.976,0.0,1.104815366034211,3.487075e-06
150.976,0.0,1.104414205472498,3.293331e-06
150.976,0.0,1.10400033088429,3.461799e-06
150.976,0.0,1.1035549199823032,3.185793e-06
150.976,0.0,1.1031429953003786,3.370384e-06
150.976,0.0,1.1027364324204116,3.297755e-06
150.976,0.0,1.10230503622622,3.292022e-06
150.976,0.0,1.1019043063139047,3.205307e-06
150.976,0.0,1.1014897784246107,3.193622e-06
150.976,0.0,1.1010668361341365,3.144203e-06
150.976,0.0,1.1006687168647562,3.135734e-06
150.976,0.0,1.1002299761365328,3.264358e-06
150.976,0.0,1.0998373152223266,3.285444e-06
150.976,0.0,1.0993983736752444,3.143417e-06
150.976,0.0,1.0989827047890621,3.104768e-06
150.976,0.0,1.098571450673595,2.843182e-06
150.976,0.0,1.0981601176727112,2.571833e-06
150.976,0.0,1.0977203415085484,2.808461e-06
150.976,0.0,1.09731969544025,2.902088e-06
150.976,0.0,1.0969164011362131,3.12076e-06
150.976,0.0,1.0964686845358107,3.106863e-06
150.976,0.0,1.0960450106060968,2.924731e-06
150.976,0.0,1.0956412673360911,2.888686e-06
150.976,0.0,1.0952000255315828,1.986875e-06
150.976,0.0,1.0947992721232405,1.187902e-06
150.976,0.0,1.0943973364620905,1.150911e-06
150.976,0.0,1.0939549574969036,1.211345e-06
150.976,0.0,1.0935361784949604,1.622946e-06
150.976,0.0,1.0931234199139133,2.376153e-06
150.976,0.0,1.092719042744805,2.748275e-06
150.976,0.0,1.0922787131848424,2.924295e-06
150.976,0.0,1.0918766485095766,3.187306e-06
150.976,0.0,1.0914685052918391,3.217967e-06
150.976,0.0,1.0910317765633522,3.435183e-06
150.976,0.0,1.0906122143090973,3.525565e-06
150.976,0.0,1.0902049883221145,3.459674e-06
150.976,0.0,1.0897907571347922,3.600449e-06
150.976,0.0,1.0893710423831293,3.600202e-06
150.976,0.0,1.0889609273549707,3.592242e-06
150.976,0.0,1.088534568731919,3.857465e-06
150.976,0.0,1.088102590173032,3.411056e-06
150.976,0.0,1.0876965672517551,3.402762e-06
150.976,0.0,1.0872789400475384,3.19333e-06
150.976,0.0,1.0868574772138986,3.338297e-06
150.976,0.0,1.086451113661031,3.398032e-06
150.976,0.0,1.0860050668492804,3.364519e-06
150.976,0.0,1.0855929015233192,3.462614e-06
150.976,0.0,1.0851826836480603,3.383306e-06
150.976,0.0,1.084742781924774,3.480876e-06
150.976,0.0,1.084343249698456,3.231791e-06
150.976,0.0,1.0839365646734878,3.169014e-06
150.976,0.0,1.0835051764283945,3.094814e-06
150.976,0.0,1.0830771284886225,3.540394e-06
150.976,0.0,1.0826636892783352,3.689434e-06
150.976,0.0,1.082262995466265,3.691399e-06
150.976,0.0,1.0818567975176712,3.595356e-06
150.976,0.0,1.0814218211863291,3.690031e-06
150.976,0.0,1.0810091589621076,3.748675e-06
150.976,0.0,1.0805955380366044,3.808978e-06
150.976,0.0,1.0801874877589341,3.846086e-06
150.976,0.0,1.0797466914264318,3.634879e-06
150.976,0.0,1.079344988820706,3.879439e-06
150.976,0.0,1.0789393065143753,3.970548e-06
150.976,0.0,1.0785244510863894,3.948153e-06
150.976,0.0,1.0780769120465876,3.916924e-06
150.976,0.0,1.0776636980317789,4.253132e-06
150.976,0.0,1.0772642634507805,4.22007e-06
150.976,0.0,1.0768266088178573,4.296948e-06
150.976,0.0,1.0764242279936036,4.152345e-06
150.976,0.0,1.0759905750547356,3.961119e-06
150.976,0.0,1.075560472562434,3.900263e-06
150.976,0.0,1.0751544340319792,4.113943e-06
150.976,0.0,1.074728506720675,4.151341e-06
150.976,0.0,1.0743162956397447,4.01045e-06
150.976,0.0,1.0739151191229364,4.205765e-06
150.976,0.0,1.0734828383750863,4.112822e-06
150.976,0.0,1.073057805449986,4.043497e-06
150.976,0.0,1.072643205904655,4.052505e-06
150.976,0.0,1.0722419784527784,4.008471e-06
150.976,0.0,1.0718298312923393,3.974725e-06
150.976,0.0,1.0714026457876604,3.745357e-06
150.976,0.0,1.070988198301822,3.596913e-06
150.976,0.0,1.0705670352707175,3.406822e-06
150.976,0.0,1.0701306524765308,3.529858e-06
150.976,0.0,1.0697257044908794,3.576759e-06
150.976,0.0,1.0693255093087037,3.767535e-06
150.976,0.0,1.0688876700355592,3.902023e-06
150.976,0.0,1.0684758213099688,3.771464e-06
150.976,0.0,1.0680634290291087,3.740657e-06
150.976,0.0,1.0676030887298058,3.965019e-06
150.976,0.0,1.0672146217918397,4.007219e-06
150.976,0.0,1.0667989617368911,4.018977e-06
150.976,0.0,1.0663776898342148,3.872497e-06
150.976,0.0,1.0659673964551803,3.945795e-06
150.976,0.0,1.0655226558914375,3.879264e-06
150.976,0.0,1.0651073600550442,3.822846e-06
150.976,0.0,1.0647023088735579,4.200541e-06
150.976,0.0,1.0642709063391984,4.2186e-06
150.976,0.0,1.0638713954674328,3.927795e-06
150.976,0.0,1.0634611384972,4.05038e-06
150.976,0.0,1.0630304565780617,4.057554e-06
150.976,0.0,1.0625863350975453,3.988724e-06
150.976,0.0,1.062189777815306,4.00508e-06
150.976,0.0,1.061789062008388,3.460431e-06
150.976,0.0,1.0613905663797505,3.208785e-06
150.976,0.0,1.0609503258396376,2.910427e-06
150.976,0.0,1.060533126811989,2.802248e-06
150.976,0.0,1.0601200601929779,3.220601e-06
150.976,0.0,1.0596835856306517,3.404653e-06
150.976,0.0,1.0592806640709627,3.839508e-06
150.976,0.0,1.0588806211937083,3.921028e-06
150.976,0.0,1.0584676245134763,3.953974e-06
150.976,0.0,1.0580391284410782,4.004789e-06
150.976,0.0,1.0576088771002552,4.066926e-06
150.976,0.0,1.0572019122197176,4.08398e-06
150.976,0.0,1.056759152002502,3.919689e-06
150.976,0.0,1.056367374009,3.924783e-06
150.976,0.0,1.0559305837220618,4.174537e-06
150.976,0.0,1.055511599320662,4.209709e-06
150.976,0.0,1.0550933497245543,4.125657e-06
150.976,0.0,1.0546526894675794,4.260481e-06
150.976,0.0,1.0542577516974896,4.053203e-06
150.976,0.0,1.053853556781017,4.051064e-06
150.976,0.0,1.0534232642453594,3.953814e-06
150.976,0.0,1.053009067039686,3.87695e-06
150.976,0.0,1.0525895364289233,3.835798e-06
150.976,0.0,1.0521511259206915,4.094094e-06
150.976,0.0,1.0517523970112446,4.209214e-06
150.976,0.0,1.051349371372549,4.099726e-06
150.976,0.0,1.0509180059245857,4.121772e-06
150.976,0.0,1.05050412722306,4.281319e-06
150.976,0.0,1.0500887455113999,3.904366e-06
150.976,0.0,1.0496439865104268,3.189489e-06
150.976,0.0,1.0492456532383165,2.961344e-06
150.976,0.0,1.0488440324243555,3.889843e-06
150.976,0.0,1.0484355597343495,3.939582e-06
150.976,0.0,1.0479896512106923,3.826906e-06
150.976,0.0,1.047576740582189,3.708716e-06
150.976,0.0,1.0471654225509295,3.771478e-06
150.976,0.0,1.0467228510107658,3.629073e-06
150.976,0.0,1.046314969715914,3.669265e-06
150.976,0.0,1.045891172096742,3.447771e-06
150.976,0.0,1.0454756117034103,2.653571e-06
150.976,0.0,1.0450612064125633,2.016022e-06
150.976,0.0,1.0446124642789127,2.461747e-06
150.976,0.0,1.0442083460496883,3.487192e-06
150.976,0.0,1.0438081165673998,3.816182e-06
150.976,0.0,1.0434092729550242,3.815367e-06
150.976,0.0,1.0429632659993155,3.291934e-06
150.976,0.0,1.0425493801255938,2.891713e-06
150.976,0.0,1.0421391278301726,2.996807e-06
150.976,0.0,1.0417102599254642,2.946981e-06
150.976,0.0,1.041301791093603,2.814661e-06
150.976,0.0,1.040902277525895,2.704153e-06
150.976,0.0,1.0404881183721706,2.83902e-06
150.976,0.0,1.0400626927670715,2.722736e-06
150.976,0.0,1.0396274772478633,2.64369e-06
150.976,0.0,1.039225639571063,2.57208e-06
150.976,0.0,1.0388245452532336,2.429137e-06
150.976,0.0,1.0383844815927787,2.690591e-06
150.976,0.0,1.0379732463964186,2.912493e-06
150.976,0.0,1.0375584653362349,2.865825e-06
150.976,0.0,1.037114298611504,3.024106e-06
150.976,0.0,1.0367090169300106,3.247289e-06
150.976,0.0,1.0362964885574164,3.141788e-06
150.976,0.0,1.0358737183901998,3.147143e-06
150.976,0.0,1.0354619048724172,3.236913e-06
150.976,0.0,1.035033056500582,3.557434e-06
150.976,0.0,1.034605193018444,3.532215e-06
150.976,0.0,1.0341990480871288,3.390553e-06
150.976,0.0,1.0337830675898596,3.50301e-06
150.976,0.0,1.033361995359746,3.970883e-06
150.976,0.0,1.0329528081543167,4.314221e-06
150.976,0.0,1.0325399259110366,4.143643e-06
150.976,0.0,1.0320941435689852,4.080794e-06
150.976,0.0,1.0316867738456243,3.912399e-06
150.976,0.0,1.0312836959777778,3.863504e-06
150.976,0.0,1.0308492267609186,3.982175e-06
150.976,0.0,1.0304446708021588,3.988171e-06
150.976,0.0,1.0300323823951607,3.93331e-06
150.976,0.0,1.0296123093304927,3.463909e-06
150.976,0.0,1.0291768111531665,3.508656e-06
150.976,0.0,1.0287671369050229,3.673573e-06
150.976,0.0,1.028375665918769,3.803769e-06
150.976,0.0,1.0279353774058844,3.622292e-06
150.976,0.0,1.027515479841627,3.438734e-06
150.976,0.0,1.0270968963113052,2.898509e-06
150.976,0.0,1.0266575692181594,2.843968e-06
150.976,0.0,1.0262557136060726,3.444715e-06
150.976,0.0,1.0258187261013822,3.81429e-06
150.976,0.0,1.0254151818883448,4.386995e-06
150.976,0.0,1.024999306449238,4.662434e-06
150.976,0.0,1.0245624926451533,4.571892e-06
150.976,0.0,1.0241386134284918,4.40536e-06
150.976,0.0,1.0237361711844803,4.446454e-06
150.976,0.0,1.023333796909801,4.519286e-06
150.976,0.0,1.022925873466635,4.703164e-06
150.976,0.0,1.0224894887880367,4.836911e-06
150.976,0.0,1.0220638731747247,4.592555e-06
150.976,0.0,1.0216489076256432,4.690184e-06
150.976,0.0,1.021249767333057,4.755973e-06
150.976,0.0,1.0208496965196456,4.631802e-06
150.976,0.0,1.020410640491395,4.151123e-06
150.976,0.0,1.01998999334608,3.41807e-06
150.976,0.0,1.0195807104077783,3.808178e-06
150.976,0.0,1.019172703497981,4.285917e-06
150.976,0.0,1.0187349865351802,4.530753e-06
150.976,0.0,1.018330411965941,4.583737e-06
150.976,0.0,1.0179275321263028,4.787551e-06
150.976,0.0,1.0174846020053887,4.94883e-06
150.976,0.0,1.0170724950474674,4.823873e-06
150.976,0.0,1.016626188654152,4.743677e-06
150.976,0.0,1.016222166246862,4.891641e-06
150.976,0.0,1.0158222782825543,4.985122e-06
150.976,0.0,1.0153820638896052,4.779213e-06
150.976,0.0,1.0149714826548129,4.992879e-06
150.976,0.0,1.0145404955928239,4.920701e-06
150.976,0.0,1.0141136334845027,4.981004e-06
150.976,0.0,1.0137058168169168,4.962567e-06
150.976,0.0,1.0133028894242904,4.890302e-06
150.976,0.0,1.0128991909102116,4.870395e-06
150.976,0.0,1.0124443256052984,4.749309e-06
150.976,0.0,1.0120387460438547,4.653586e-06
150.976,0.0,1.011625781665523,4.621455e-06
150.976,0.0,1.0112235945749868,4.660164e-06
150.976,0.0,1.0107847948600228,4.711561e-06
150.976,0.0,1.010384092138315,4.83125e-06
150.976,0.0,1.009974107970514,4.955975e-06
150.976,0.0,1.009550022645981,4.837333e-06
150.976,0.0,1.0091163444124334,4.969683e-06
150.976,0.0,1.0087153177869745,5.113601e-06
150.976,0.0,1.0082784401857658,5.089489e-06
150.976,0.0,1.0078818222070731,5.139897e-06
150.976,0.0,1.007468736668848,5.294933e-06
150.976,0.0,1.0070243464076096,5.339185e-06
150.976,0.0,1.006608884518643,5.27098e-06
150.976,0.0,1.0061666920288506,4.810354e-06
150.976,0.0,1.005762181730774,4.532514e-06
150.976,0.0,1.0053607877757875,4.598653e-06
150.976,0.0,1.0049238175782744,4.850459e-06
150.976,0.0,1.0045064603810556,4.74033e-06
150.976,0.0,1.0040933602472697,4.56284e-06
150.976,0.0,1.0036860885268464,4.544039e-06
150.976,0.0,1.0032350278091091,4.641915e-06
150.976,0.0,1.0028461039195888,4.614165e-06
150.976,0.0,1.0024399655711653,4.635527e-06
150.976,0.0,1.0020266685978836,4.651549e-06
150.976,0.0,1.0015800841610407,4.714166e-06
150.976,0.0,1.001173728939175,4.735411e-06
150.976,0.0,1.0007657490943018,4.866582e-06
150.976,0.0,1.0003714213373145,4.430301e-06
150.976,0.0,0.9999331013633271,3.825058e-06
150.976,0.0,0.9995206398800001,4.186557e-06
150.976,0.0,0.999100745390462,4.598376e-06
150.976,0.0,0.9986583206603584,4.53378e-06
150.976,0.0,0.9982570473472095,4.704722e-06
150.976,0.0,0.9978570932470628,4.670219e-06
150.976,0.0,0.9974504298527186,4.618269e-06
150.976,0.0,0.9970029996424506,4.614965e-06
150.976,0.0,0.9965877382788849,4.831993e-06
150.976,0.0,0.9961790868258048,4.747737e-06
150.976,0.0,0.9957342912755976,4.553542e-06
150.976,0.0,0.9953410500690631,4.650661e-06
150.976,0.0,0.9949086018224746,4.461064e-06
150.976,0.0,0.9944953844133276,4.564848e-06
150.976,0.0,0.994072370712885,4.604575e-06
150.976,0.0,0.9936362255842914,4.506117e-06
150.976,0.0,0.9932319050570262,4.223286e-06
150.976,0.0,0.9928299053923249,4.142508e-06
150.976,0.0,0.9924259608220561,4.202098e-06
150.976,0.0,0.9919917577034727,4.2303e-06
150.976,0.0,0.9915665277469329,4.375644e-06
150.976,0.0,0.991155149535326,4.441099e-06
150.976,0.0,0.9907298355723669,4.464586e-06
150.976,0.0,0.9903146867803727,4.340473e-06
150.976,0.0,0.989912605144435,3.933266e-06
150.976,0.0,0.9894901365957448,4.043584e-06
150.976,0.0,0.9890556348832925,4.107773e-06
150.976,0.0,0.9886430275280137,4.188827e-06
150.976,0.0,0.988243360602904,4.130168e-06
150.976,0.0,0.9878053516198011,3.938709e-06
150.976,0.0,0.9874041993588697,3.381007e-06
150.976,0.0,0.986965511772715,3.383626e-06
150.976,0.0,0.9865415850652357,3.603069e-06
150.976,0.0,0.9861254808079796,3.987894e-06
150.976,0.0,0.9856845697254565,4.131231e-06
150.976,0.0,0.98528687243014,4.265035e-06
150.976,0.0,0.9848884610217787,4.334361e-06
150.976,0.0,0.9844475472964793,4.194386e-06
150.976,0.0,0.9840348476976535,4.037196e-06
150.976,0.0,0.9836136816473736,3.893743e-06
150.976,0.0,0.9831995287244694,3.839028e-06
150.976,0.0,0.9827931348067873,3.990383e-06
150.976,0.0,0.982390135423693,3.843525e-06
150.976,0.0,0.981948524378057,3.685229e-06
150.976,0.0,0.981525959907849,3.919267e-06
150.976,0.0,0.9811138946956725,4.00377e-06
150.976,0.0,0.9806958545820641,3.814392e-06
150.976,0.0,0.9802754883533695,3.118505e-06
150.976,0.0,0.9799002177033036,3.567664e-06
150.976,0.0,0.9794588596555138,3.933208e-06
150.976,0.0,0.979053931959455,4.012196e-06
150.976,0.0,0.9786018260036489,3.680791e-06
150.976,0.0,0.978207510569518,3.057838e-06
150.976,0.0,0.9777910782998589,2.704008e-06
150.976,0.0,0.9773716286214552,2.22298e-06
150.976,0.0,0.9769682187196249,2.463101e-06
150.976,0.0,0.9765191481552276,3.820009e-06
150.976,0.0,0.9760915614734128,4.039641e-06
150.976,0.0,0.9756923623473839,3.879002e-06
150.976,0.0,0.9752736237860281,3.880094e-06
150.976,0.0,0.9748506183841554,3.604859e-06
150.976,0.0,0.974447288293277,3.466965e-06
150.976,0.0,0.9740052431689057,3.376452e-06
150.976,0.0,0.9736023667028104,4.174304e-06
150.976,0.0,0.9731625622232969,4.214817e-06
150.976,0.0,0.9727677977601791,4.056157e-06
150.976,0.0,0.9723600881773254,3.900204e-06
150.976,0.0,0.9719262214830882,3.828187e-06
150.976,0.0,0.9715245171230923,3.855574e-06
150.976,0.0,0.9710833615466272,3.815992e-06
150.976,0.0,0.9706823451283548,3.788955e-06
150.976,0.0,0.9702640614934792,3.823661e-06
150.976,0.0,0.9698382057708024,3.827765e-06
150.976,0.0,0.9694420875234012,3.975176e-06
150.976,0.0,0.9690082095404291,3.921392e-06
150.976,0.0,0.9685795759909999,3.868132e-06
150.976,0.0,0.9681706511421158,3.87273e-06
150.976,0.0,0.9677448164820752,4.003115e-06
150.976,0.0,0.9673326798266149,3.999579e-06
150.976,0.0,0.9669334836111614,3.828987e-06
150.976,0.0,0.9664956352705759,3.849709e-06
150.976,0.0,0.9660588184537134,3.963243e-06
150.976,0.0,0.9656573136743023,4.07084e-06
150.976,0.0,0.9652293850514544,4.083675e-06
150.976,0.0,0.9648072163281272,3.891924e-06
150.976,0.0,0.9643825755831115,3.758963e-06
150.976,0.0,0.9639811563981118,3.58207e-06
150.976,0.0,0.963541795304164,3.541631e-06
150.976,0.0,0.9631482293429761,3.957321e-06
150.976,0.0,0.9627193876952237,3.705994e-06
150.976,0.0,0.9623052332259673,3.743058e-06
150.976,0.0,0.9618827247716986,3.884168e-06
150.976,0.0,0.961487534964141,3.992769e-06
150.976,0.0,0.961062027835604,3.931826e-06
150.976,0.0,0.9606298358791381,4.055808e-06
150.976,0.0,0.960238203726961,3.904453e-06
150.976,0.0,0.9598206695650068,3.896406e-06
150.976,0.0,0.9594235943668438,3.661567e-06
150.976,0.0,0.9589883062672364,3.576555e-06
150.976,0.0,0.9585496189825458,3.506299e-06
150.976,0.0,0.9581540986863302,3.278808e-06
150.976,0.0,0.9577339523197179,3.489549e-06
150.976,0.0,0.9573074634079471,3.536188e-06
150.976,0.0,0.9569174803790154,3.352412e-06
150.976,0.0,0.9564795148949838,3.332621e-06
150.976,0.0,0.9560404219653458,3.183348e-06
150.976,0.0,0.9556081012533727,3.140056e-06
150.976,0.0,0.9552111525083491,2.99119e-06
150.976,0.0,0.9547884793226447,2.917586e-06
150.976,0.0,0.9544020420948373,3.088018e-06
150.976,0.0,0.9539613613348128,3.198031e-06
150.976,0.0,0.9535372667582142,3.247958e-06
150.976,0.0,0.9531219747039233,3.375855e-06
150.976,0.0,0.9526972667518844,3.035122e-06
150.976,0.0,0.9522904924785216,3.021298e-06
150.976,0.0,0.9518911772627136,3.334804e-06
150.976,0.0,0.95145656765651,3.184818e-06
150.976,0.0,0.9510267138213495,2.660774e-06
150.976,0.0,0.9506200257995785,2.531902e-06
150.976,0.0,0.9501887677072853,2.865709e-06
150.976,0.0,0.9497807989959115,2.800152e-06
150.976,0.0,0.9493752924271937,3.180525e-06
150.976,0.0,0.9489395169136106,3.044843e-06
150.976,0.0,0.9485380939070721,3.168694e-06
150.976,0.0,0.9480992784207969,3.379944e-06
150.976,0.0,0.9476971554513567,3.647292e-06
150.976,0.0,0.947276401660238,3.562163e-06
150.976,0.0,0.9468460505813454,3.653404e-06
150.976,0.0,0.9464160568296756,3.701105e-06
150.976,0.0,0.9460145065249347,3.744455e-06
150.976,0.0,0.9455766587980479,3.672321e-06
150.976,0.0,0.9451780703038328,3.520108e-06
150.976,0.0,0.9447510599704143,3.582143e-06
150.976,0.0,0.9443332702123015,3.465771e-06
150.976,0.0,0.9439359988433942,3.401234e-06
150.976,0.0,0.9434997962466652,3.487236e-06
150.976,0.0,0.9430674468997033,3.529451e-06
150.976,0.0,0.9426653787201104,2.797737e-06
150.976,0.0,0.9422344239437029,3.131208e-06
150.976,0.0,0.941861265308586,3.1659e-06
150.976,0.0,0.941427046634585,2.966466e-06
150.976,0.0,0.9410016211828227,3.295077e-06
150.976,0.0,0.9405923377606338,3.703914e-06
150.976,0.0,0.940157642595908,3.815061e-06
150.976,0.0,0.9397546065501191,3.727328e-06
150.976,0.0,0.9393447957799681,3.772395e-06
150.976,0.0,0.9389125641736138,3.849855e-06
150.976,0.0,0.9385108135595704,3.895533e-06
150.976,0.0,0.938070800528095,4.006142e-06
150.976,0.0,0.9376675257104672,3.933528e-06
150.976,0.0,0.9372403128861876,4.053276e-06
150.976,0.0,0.9368241632318944,4.097092e-06
150.976,0.0,0.9364272692505834,3.978683e-06
150.976,0.0,0.9359812219043577,3.903871e-06
150.976,0.0,0.9355556949361197,3.95035e-06
150.976,0.0,0.9351532971163998,3.824636e-06
150.976,0.0,0.9347232932121139,3.613895e-06
150.976,0.0,0.9343115009078349,3.34745e-06
150.976,0.0,0.9339107278462503,3.343084e-06
150.976,0.0,0.9334796842141044,3.174311e-06
150.976,0.0,0.9330563834154545,3.060195e-06
150.976,0.0,0.932640124061243,2.570072e-06
150.976,0.0,0.9322375400470099,2.348621e-06
150.976,0.0,0.9318241745831684,3.233523e-06
150.976,0.0,0.9313972398394661,3.39777e-06
150.976,0.0,0.9309610186783992,3.402296e-06
150.976,0.0,0.9305593245373532,3.481357e-06
150.976,0.0,0.9301427920999615,3.312904e-06
150.976,0.0,0.9297321105379914,3.398527e-06
150.976,0.0,0.9292891501607512,3.520516e-06
150.976,0.0,0.9289104479979468,3.260546e-06
150.976,0.0,0.9284788068443559,3.180365e-06
150.976,0.0,0.9280425316848553,2.517219e-06
150.976,0.0,0.9276133345758749,2.067798e-06
150.976,0.0,0.9272300216909559,1.760083e-06
150.976,0.0,0.9267910230325057,1.089415e-06
150.976,0.0,0.92636987263655,1.348308e-06
150.976,0.0,0.9259377920784491,1.341963e-06
150.976,0.0,0.9255367116398378,1.621549e-06
150.976,0.0,0.925096519172823,2.585002e-06
150.976,0.0,0.9246958019300636,2.597546e-06
150.976,0.0,0.9242743559348808,2.788365e-06
150.976,0.0,0.923853367833562,2.913497e-06
150.976,0.0,0.9234547474005919,2.823159e-06
150.976,0.0,0.9230118010061752,3.006528e-06
150.976,0.0,0.9226085728637595,2.990055e-06
150.976,0.0,0.9221699567152806,2.830391e-06
150.976,0.0,0.9217868608280879,2.977526e-06
150.976,0.0,0.9213581143447473,2.888148e-06
150.976,0.0,0.9209565868598983,2.686516e-06
150.976,0.0,0.9205258753128249,2.895773e-06
150.976,0.0,0.920095273021558,3.063469e-06
150.976,0.0,0.9196939501678913,2.865432e-06
150.976,0.0,0.9192838010502055,2.848989e-06
150.976,0.0,0.9188783449168505,2.898305e-06
150.976,0.0,0.9184426153480927,2.942252e-06
150.976,0.0,0.9180263766990093,3.048524e-06
150.976,0.0,0.9176051979448292,2.917703e-06
150.976,0.0,0.9171587374964716,2.882778e-06
150.976,0.0,0.9167661317410541,3.112262e-06
150.976,0.0,0.916366627531882,2.639936e-06
150.976,0.0,0.9159356142498507,2.590328e-06
150.976,0.0,0.9154897228576998,2.673507e-06
150.976,0.0,0.9150952137564814,2.677596e-06
150.976,0.0,0.9146584198289054,2.851317e-06
150.976,0.0,0.9142576966496339,2.646964e-06
150.976,0.0,0.9138566668288635,2.852234e-06
150.976,0.0,0.9134264760345681,2.722198e-06
150.976,0.0,0.9130076923168621,2.69564e-06
150.976,0.0,0.912581978560773,2.670975e-06
150.976,0.0,0.912178136089287,2.497181e-06
150.976,0.0,0.9117581892285098,2.532572e-06
150.976,0.0,0.9113318752298052,2.601955e-06
150.976,0.0,0.9109339672265694,2.567074e-06
150.976,0.0,0.9104990002029287,2.700326e-06
150.976,0.0,0.9100703108037439,2.670626e-06
150.976,0.0,0.9096568265028128,2.699162e-06
150.976,0.0,0.909247274424216,2.675355e-06
150.976,0.0,0.9088475546175022,2.637476e-06
150.976,0.0,0.9083985229362208,2.69986e-06
150.976,0.0,0.907980952622327,2.535002e-06
150.976,0.0,0.9075778800790022,2.706249e-06
150.976,0.0,0.9071270393827797,2.686545e-06
150.976,0.0,0.9067335326590047,2.047658e-06
150.976,0.0,0.9063070990786556,1.464068e-06
150.976,0.0,0.9058836722327557,1.507331e-06
150.976,0.0,0.9054808677869002,2.210945e-06
150.976,0.0,0.9050386703520935,2.366927e-06
150.976,0.0,0.9046361157483614,2.533794e-06
150.976,0.0,0.9041824708879278,2.912275e-06
150.976,0.0,0.9037905896003186,2.624831e-06
150.976,0.0,0.9033874116156445,2.634813e-06
150.976,0.0,0.9029762855526113,2.779998e-06
150.976,0.0,0.9025369423611488,2.748391e-06
150.976,0.0,0.9021108585438714,2.518165e-06
150.976,0.0,0.9017125011624004,2.514978e-06
150.976,0.0,0.9012937631823977,2.628993e-06
150.976,0.0,0.90088901343703,2.715416e-06
150.976,0.0,0.9004671103174084,2.535729e-06
150.976,0.0,0.9000649773581184,2.476518e-06
150.976,0.0,0.8996209529824741,2.501081e-06
150.976,0.0,0.8992168537239454,2.660396e-06
150.976,0.0,0.8988024615348656,2.558474e-06
150.976,0.0,0.8983667988309956,2.46281e-06
150.976,0.0,0.8979780855431977,2.427492e-06
150.976,0.0,0.8975354165281216,2.558518e-06
150.976,0.0,0.897131734313387,2.432702e-06
150.976,0.0,0.8967032935999198,2.365719e-06
150.976,0.0,0.8962779077832079,2.283312e-06
150.976,0.0,0.8958520312451108,2.297937e-06
150.976,0.0,0.8954581445297636,2.442219e-06
150.976,0.0,0.8950171840777104,2.177723e-06
150.976,0.0,0.8945975809162098,2.390836e-06
150.976,0.0,0.8941798195595717,2.342742e-06
150.976,0.0,0.8937729081730362,2.304994e-06
150.976,0.0,0.8933738085761928,2.509638e-06
150.976,0.0,0.8929371653524001,2.106608e-06
150.976,0.0,0.8925387946565205,2.069632e-06
150.976,0.0,0.8920997807134524,2.303961e-06
150.976,0.0,0.8916626072071783,2.204528e-06
150.976,0.0,0.8912818059938388,2.411558e-06
150.976,0.0,0.8908630155314452,2.31275e-06
150.976,0.0,0.8904358852292079,2.343353e-06
150.976,0.0,0.8900174246905356,2.704124e-06
150.976,0.0,0.8895966596332203,2.42317e-06
150.976,0.0,0.8891587427834153,2.339861e-06
150.976,0.0,0.8887789815650646,2.595829e-06
150.976,0.0,0.8883462002460718,2.498695e-06
150.976,0.0,0.8879176450888655,2.444052e-06
150.976,0.0,0.8875162810291559,2.393615e-06
150.976,0.0,0.8870766676147527,2.221015e-06
150.976,0.0,0.886637587845122,2.108951e-06
150.976,0.0,0.8862384727878513,2.249988e-06
150.976,0.0,0.8858263271604971,2.153727e-06
150.976,0.0,0.8853962614880952,2.004002e-06
150.976,0.0,0.8850015191445826,2.088593e-06
150.976,0.0,0.8845645987843744,2.198489e-06
150.976,0.0,0.8841302889372605,2.33874e-06
150.976,0.0,0.8837405163489658,2.414628e-06
150.976,0.0,0.8833229847480686,2.442335e-06
150.976,0.0,0.8829227298833839,2.307148e-06
150.976,0.0,0.8824821527038808,2.621455e-06
150.976,0.0,0.8820784220804251,2.422603e-06
150.976,0.0,0.8816417981776662,2.202432e-06
150.976,0.0,0.8812452392699934,1.905239e-06
150.976,0.0,0.8808382376460954,1.845823e-06
150.976,0.0,0.8804119707170556,2.019005e-06
150.976,0.0,0.8799769220663205,2.264322e-06
150.976,0.0,0.8795739336363856,2.534769e-06
150.976,0.0,0.8791417013873868,2.279412e-06
150.976,0.0,0.8787366307081897,2.347457e-06
150.976,0.0,0.8783284709088395,2.500732e-06
150.976,0.0,0.8779006318304452,2.175351e-06
150.976,0.0,0.8774874094642964,2.39475e-06
150.976,0.0,0.8770603690401043,2.568937e-06
150.976,0.0,0.8766231710620853,2.750021e-06
150.976,0.0,0.8762227945462044,2.775851e-06
150.976,0.0,0.8758073264705489,2.542685e-06
150.976,0.0,0.8753842310070179,2.53183e-06
150.976,0.0,0.8749848422424549,2.69826e-06
150.976,0.0,0.8745448053156079,2.96536e-06
150.976,0.0,0.8741126430627433,3.08665e-06
150.976,0.0,0.8737170287210544,3.319365e-06
150.976,0.0,0.873285796461207,2.696805e-06
150.976,0.0,0.8729010219956119,2.766887e-06
150.976,0.0,0.8724643408152102,2.682311e-06
150.976,0.0,0.8720272041323144,2.700428e-06
150.976,0.0,0.871629992871898,2.535453e-06
150.976,0.0,0.8712012109319095,2.711269e-06
150.976,0.0,0.8707933570164572,2.698624e-06
150.976,0.0,0.870390788532979,2.538683e-06
150.976,0.0,0.8699507896338362,2.376793e-06
150.976,0.0,0.8695489403309754,1.867185e-06
150.976,0.0,0.8691116907291528,1.758075e-06
150.976,0.0,0.868680141102806,2.424233e-06
150.976,0.0,0.868294385568322,2.672023e-06
150.976,0.0,0.8678646266345349,2.606903e-06
150.976,0.0,0.8674618241640395,2.665911e-06
150.976,0.0,0.8670195474689425,2.617453e-06
150.976,0.0,0.866597897311439,2.655855e-06
150.976,0.0,0.8661615869188514,2.496934e-06
150.976,0.0,0.8657547945658493,2.435496e-06
150.976,0.0,0.865345267180162,2.602261e-06
150.976,0.0,0.8649428037055208,2.496279e-06
150.976,0.0,0.8645099422726454,2.506305e-06
150.976,0.0,0.86408125825907,2.842906e-06
150.976,0.0,0.8636721459214999,2.731438e-06
150.976,0.0,0.863246683869229,2.714223e-06
150.976,0.0,0.8628303462790383,2.763656e-06
150.976,0.0,0.8624275148433374,2.700952e-06
150.976,0.0,0.8619938045809971,2.749424e-06
150.976,0.0,0.8615983480857853,2.712652e-06
150.976,0.0,0.8611608118377188,2.721412e-06
150.976,0.0,0.8607574827154608,2.790155e-06
150.976,0.0,0.8603476461591673,2.771631e-06
150.976,0.0,0.8599443451248648,2.798522e-06
150.976,0.0,0.8595177760577095,2.682165e-06
150.976,0.0,0.859075824232502,2.716479e-06
150.976,0.0,0.8586804089221217,2.506204e-06
150.976,0.0,0.8582608135386445,2.548477e-06
150.976,0.0,0.8578415675819124,2.538509e-06
150.976,0.0,0.8574392270786454,2.41441e-06
150.976,0.0,0.8570026549688017,2.413319e-06
150.976,0.0,0.8565677542547359,2.408298e-06
150.976,0.0,0.856168737847329,2.430941e-06
150.976,0.0,0.8557437124643662,2.276342e-06
150.976,0.0,0.8553248153791276,2.406174e-06
150.976,0.0,0.8549200416221544,2.442161e-06
150.976,0.0,0.8544810397918711,2.42934e-06
150.976,0.0,0.8540747475154512,2.603017e-06
150.976,0.0,0.8536465448073278,2.604618e-06
150.976,0.0,0.8532124931520186,2.635861e-06
150.976,0.0,0.8528326733153708,2.651563e-06
150.976,0.0,0.8524023541418012,2.626533e-06
150.976,0.0,0.8519889185722818,2.642351e-06
150.976,0.0,0.8515684086619877,2.673769e-06
150.976,0.0,0.8511292587605408,2.608213e-06
150.976,0.0,0.8507281401914474,2.572691e-06
150.976,0.0,0.8503106791209779,2.588844e-06
150.976,0.0,0.8499174294834102,2.531233e-06
150.976,0.0,0.8494686629716992,2.582732e-06
150.976,0.0,0.8490641919685328,2.570348e-06
150.976,0.0,0.848624267826597,2.503963e-06
150.976,0.0,0.8482347054312886,2.538713e-06
150.976,0.0,0.8478033659590213,2.515691e-06
150.976,0.0,0.8473763038772835,2.419736e-06
150.976,0.0,0.846975964280654,2.52825e-06
150.976,0.0,0.8465341910423037,2.521847e-06
150.976,0.0,0.8460995052291165,2.284432e-06
150.976,0.0,0.8456981658062984,1.943743e-06
150.976,0.0,0.8452570525768037,2.032757e-06
150.976,0.0,0.8448805618189656,2.53589e-06
150.976,0.0,0.8444443474742062,2.301924e-06
150.976,0.0,0.8440248459778783,2.310553e-06
150.976,0.0,0.8436047735213443,2.367597e-06
150.976,0.0,0.8432009622370572,2.338711e-06
150.976,0.0,0.842791001579962,2.395347e-06
150.976,0.0,0.8423639552451396,2.320958e-06
150.976,0.0,0.8419620333596409,2.331682e-06
150.976,0.0,0.8415325258215889,2.378205e-06
150.976,0.0,0.8410989600055693,2.367204e-06
150.976,0.0,0.8406986121355294,2.446177e-06
150.976,0.0,0.8402681432767436,2.398971e-06
150.976,0.0,0.8398906818892646,2.381159e-06
150.976,0.0,0.8394546978980162,2.368106e-06
150.976,0.0,0.8390327579129053,2.393586e-06
150.976,1.0,0.8386138152990688,2.422355e-06
150.976,1.0,0.8381812323401726,2.327113e-06
150.976,1.0,0.8377727384490589,2.007626e-06
150.976,1.0,0.8373664729066835,1.925393e-06
150.976,1.0,0.8369343481017651,2.169967e-06
150.976,1.0,0.8365312700222384,2.236498e-06
150.976,1.0,0.8360879174831605,2.488901e-06
150.976,1.0,0.8356826829967148,2.442219e-06
150.976,1.0,0.8352610535857304,2.458764e-06
150.976,1.0,0.8348370333032693,2.429442e-06
150.976,1.0,0.8344392255332891,2.378903e-06
150.976,1.0,0.8340114505228402,2.478555e-06
150.976,1.0,0.8335740977795816,2.501067e-06
150.976,1.0,0.8331741423702205,2.572167e-06
150.976,1.0,0.8327524194535519,2.462097e-06
150.976,1.0,0.8323379418909231,2.43161e-06
150.976,1.0,0.8319376844338346,1.997425e-06
150.976,1.0,0.8315001772086108,1.39758e-06
150.976,1.0,0.8310751909137807,1.926252e-06
150.976,1.0,0.8306653010308617,2.727364e-06
150.976,1.0,0.830235597653012,2.356945e-06
150.976,1.0,0.8298477532886411,2.408517e-06
150.976,1.0,0.8294083571529968,2.372035e-06
150.976,1.0,0.8289892961634651,2.460132e-06
150.976,1.0,0.8285862670245455,2.503628e-06
150.976,1.0,0.82814547209662,2.597313e-06
150.976,1.0,0.8277408847046972,2.516143e-06
150.976,1.0,0.8273305503558852,2.564222e-06
150.976,1.0,0.826904172169529,2.471817e-06
150.976,1.0,0.8264631322417846,2.479486e-06
150.976,1.0,0.8260633299569857,2.201064e-06
150.976,1.0,0.8256254401872016,2.27397e-06
150.976,1.0,0.8251983271889092,2.60213e-06
150.976,1.0,0.8248192156583884,2.70523e-06
150.976,1.0,0.8243928403384625,2.613218e-06
150.976,1.0,0.8239582577958414,2.568806e-06
150.976,1.0,0.8235471351783272,2.568268e-06
150.976,1.0,0.8231219599885027,2.366549e-06
150.976,1.0,0.8227247449375968,2.403918e-06
150.976,1.0,0.8223177236078107,2.364744e-06
150.976,1.0,0.821894529462492,2.09664e-06
150.976,1.0,0.8214796709618524,2.095025e-06
150.976,1.0,0.8210506006541929,2.00182e-06
150.976,1.0,0.8206480749548023,1.740089e-06
150.976,1.0,0.8202208076870391,1.631677e-06
150.976,1.0,0.8198072486911899,1.895387e-06
150.976,1.0,0.8194050884930176,1.973574e-06
150.976,1.0,0.8189652913719601,2.12653e-06
150.976,1.0,0.8185642568282574,1.944747e-06
150.976,1.0,0.8181265102958193,1.954177e-06
150.976,1.0,0.8177250893367232,1.954177e-06
150.976,1.0,0.8173143713564918,1.997891e-06
150.976,1.0,0.8168919224062788,1.977416e-06
150.976,1.0,0.8164409391857063,1.910375e-06
150.976,1.0,0.8160217620761583,1.846594e-06
150.976,1.0,0.8156187058032119,2.037574e-06
150.976,1.0,0.8151882037615225,1.671855e-06
150.976,1.0,0.8147807703853108,1.302251e-06
150.976,1.0,0.8143735798093982,1.331937e-06
150.976,1.0,0.8139360278473442,1.515218e-06
150.976,1.0,0.8135315929275267,1.817141e-06
150.976,1.0,0.813096172260113,1.848384e-06
150.976,1.0,0.8126978118107953,1.930093e-06
150.976,1.0,0.812283235724684,1.883891e-06
150.976,1.0,0.8118625570858535,1.977591e-06
150.976,1.0,0.8114592932501822,2.037836e-06
150.976,1.0,0.811018175796117,2.151748e-06
150.976,1.0,0.8106155830690283,2.368673e-06
150.976,1.0,0.8101834699668874,2.336426e-06
150.976,1.0,0.8097570291603997,2.222689e-06
150.976,1.0,0.8093715802586969,2.260917e-06
150.976,1.0,0.8089336482923493,2.169792e-06
150.976,1.0,0.8085337588600725,2.186731e-06
150.976,1.0,0.8080918936426241,2.224973e-06
150.976,1.0,0.8076718897595057,2.158777e-06
150.976,1.0,0.8072714700861863,2.25658e-06
150.976,1.0,0.8068424467286559,2.216329e-06
150.976,1.0,0.8064100026019919,2.325891e-06
150.976,1.0,0.806005843061569,2.39849e-06
150.976,1.0,0.8055643025871174,2.340137e-06
150.976,1.0,0.8051600197403159,2.324217e-06
150.976,1.0,0.8047367494804545,2.212488e-06
150.976,1.0,0.8043136569312982,2.264263e-06
150.976,1.0,0.8039231680103239,2.328947e-06
150.976,1.0,0.8034971155621721,2.404035e-06
150.976,1.0,0.8030580899700026,2.387256e-06
150.976,1.0,0.8026341603177466,2.493936e-06
150.976,0.0,0.8022295376387896,2.457571e-06
150.976,0.0,0.8018463300251095,2.490226e-06
150.976,0.0,0.8014125056680933,2.587898e-06
150.976,0.0,0.8010032772194637,2.447996e-06
150.976,0.0,0.8005771393491592,2.501067e-06
150.976,0.0,0.8001407126830893,2.619869e-06
150.976,0.0,0.7997543300510327,2.562592e-06
150.976,0.0,0.7993339378063976,2.594927e-06
150.976,0.0,0.7989307978701181,2.642628e-06
150.976,0.0,0.7984900500708216,2.737012e-06
150.976,0.0,0.7980874123018307,2.672983e-06
150.976,0.0,0.797651987419482,2.555535e-06
150.976,0.0,0.7972279568310564,2.474044e-06
150.976,0.0,0.796820391858077,2.567846e-06
150.976,0.0,0.7964193774927117,2.481393e-06
150.976,0.0,0.7959776755955743,2.337692e-06
150.976,0.0,0.7955504340230941,2.406901e-06
150.976,0.0,0.7951271664656246,2.412678e-06
150.976,0.0,0.7947102591760806,2.423854e-06
150.976,0.0,0.7942998435977074,2.326415e-06
150.976,0.0,0.793897457453279,2.336063e-06
150.976,0.0,0.7934590175353249,2.276473e-06
150.976,0.0,0.7930574114067798,2.33372e-06
150.976,0.0,0.792618509013207,2.344546e-06
150.976,0.0,0.7922196867915572,2.43212e-06
150.976,0.0,0.7918031689038919,2.435379e-06
150.976,0.0,0.7913778152688221,2.341723e-06
150.976,0.0,0.7909736713165941,2.320056e-06
150.976,0.0,0.7905232093866754,2.329631e-06
150.976,0.0,0.7901331129815046,2.332643e-06
150.976,1.0,0.7897070550223775,2.404558e-06
150.976,1.0,0.7892950787976577,2.478904e-06
150.976,1.0,0.7888930959676471,2.364046e-06
150.976,1.0,0.7884528109582197,2.286004e-06
150.976,1.0,0.7880492412299326,2.442379e-06
150.976,1.0,0.7876107047441966,2.367771e-06
150.976,1.0,0.7872068668593878,2.498811e-06
150.976,1.0,0.7867873293833312,2.372355e-06
150.976,1.0,0.7863605487638814,2.223358e-06
150.976,1.0,0.7859225590650445,2.070112e-06
150.976,1.0,0.7855251075644017,2.100438e-06
150.976,1.0,0.7850867128947369,2.118133e-06
150.976,1.0,0.7846879156268891,1.701643e-06
150.976,1.0,0.7842659264704711,2.170476e-06
150.976,1.0,0.7838433791897053,2.47416e-06
150.976,1.0,0.7834389250573762,2.045024e-06
150.976,1.0,0.7829990897372228,1.631226e-06
150.976,1.0,0.7825994283829765,1.594584e-06
150.976,1.0,0.7821576676262735,1.73127e-06
150.976,1.0,0.7817741585654656,1.914814e-06
150.976,1.0,0.7813531455677093,1.999622e-06
150.976,1.0,0.780951729692938,2.092856e-06
150.976,1.0,0.7805141010009825,2.122906e-06
150.976,1.0,0.7801168333028226,2.138957e-06
150.976,1.0,0.7796820752364004,2.081142e-06
150.976,1.0,0.7792499111174316,2.046072e-06
150.976,1.0,0.7788691481617449,1.876659e-06
150.976,1.0,0.7784298520679988,1.820357e-06
150.976,1.0,0.7780318139954667,1.609369e-06
150.976,1.0,0.7775932795686579,1.686771e-06
150.976,1.0,0.7771561002612459,1.879162e-06
150.976,1.0,0.7767533639578215,1.7985e-06
150.976,1.0,0.7763286487900682,1.80956e-06
150.976,1.0,0.7759115394444951,1.699547e-06
150.976,1.0,0.7755107582694537,2.532091e-06
150.976,1.0,0.7750716931627892,1.966895e-06
150.976,1.0,0.7746319415629505,1.926033e-06
150.976,1.0,0.774241277854486,2.250337e-06
150.976,1.0,0.7738246058549988,1.998182e-06
150.976,1.0,0.7734250120848717,1.968758e-06
150.976,1.0,0.7729875160299423,2.074492e-06
150.976,1.0,0.7725872426762472,1.645109e-06
150.976,1.0,0.7721498009240942,1.681095e-06
150.976,1.0,0.7717208617980821,1.688226e-06
150.976,1.0,0.7713368743421017,1.985187e-06
150.976,1.0,0.7709051548242039,2.018292e-06
150.976,1.0,0.7704850640203617,1.954875e-06
150.976,1.0,0.7700664587612649,1.989771e-06
150.976,1.0,0.7696268250323118,1.931243e-06
150.976,1.0,0.7692196665747337,1.966473e-06
150.976,1.0,0.7688040983705563,2.013374e-06
150.976,1.0,0.7684189709516475,1.961758e-06
150.976,1.0,0.7679880409650301,2.008033e-06
150.976,1.0,0.7675495716012042,1.854802e-06
150.976,1.0,0.7671489736943689,1.42827e-06
150.976,1.0,0.7667208081618937,1.709734e-06
150.976,1.0,0.7662956498814585,2.109431e-06
150.976,1.0,0.7658701916511461,2.25009e-06
150.976,1.0,0.7654711294241549,2.243643e-06
150.976,1.0,0.7650297751142546,2.068278e-06
150.976,1.0,0.7646263888419569,2.107641e-06
150.976,1.0,0.7641905660756629,2.151108e-06
150.976,1.0,0.7637829547290372,1.761422e-06
150.976,1.0,0.7633826763520531,1.411943e-06
150.976,1.0,0.7629484798799447,1.556633e-06
150.976,1.0,0.7625478394680222,1.556386e-06
150.976,1.0,0.7621014448963565,1.624809e-06
150.976,1.0,0.7617002730150776,1.79543e-06
150.976,1.0,0.7612906117634167,1.902459e-06
150.976,1.0,0.7608726555679772,2.008674e-06
150.976,1.0,0.760452141960256,2.111963e-06
150.976,1.0,0.7600382754141689,2.154396e-06
150.976,1.0,0.7596040992307693,2.325192e-06
150.976,1.0,0.7592028829549679,2.569854e-06
150.976,1.0,0.7587929210264112,2.634595e-06
150.976,1.0,0.7583931828964662,2.678338e-06
150.976,1.0,0.7579572090752763,2.571993e-06
150.976,1.0,0.7575331976261551,2.621775e-06
150.976,1.0,0.7571117065524171,2.669243e-06
150.976,1.0,0.7566735790941329,2.711211e-06
150.976,1.0,0.7562861497712419,2.549044e-06
150.976,1.0,0.7558549624775416,2.612942e-06
150.976,1.0,0.7554045975308248,2.125103e-06
150.976,1.0,0.7550245787853505,2.325891e-06
150.976,1.0,0.7545857970058205,2.602668e-06
150.976,1.0,0.7541846536807484,2.748857e-06
150.976,1.0,0.7537494105130607,2.727276e-06
150.976,1.0,0.7533408397492203,2.701476e-06
150.976,1.0,0.7529241322025514,2.724657e-06
150.976,1.0,0.7525045900172606,2.605128e-06
150.976,1.0,0.7521007126983911,2.626126e-06
150.976,1.0,0.7516642685447052,2.617278e-06
150.976,1.0,0.7512595190674012,2.716872e-06
150.976,1.0,0.7508517672919607,2.713845e-06
150.976,0.0,0.7504211805886908,2.71498e-06
150.976,0.0,0.7500220459868214,2.754387e-06
150.976,0.0,0.7495808818130778,2.686822e-06
150.976,0.0,0.7491788904306167,2.806555e-06
150.976,0.0,0.748753528730833,2.56153e-06
150.976,0.0,0.7483349887584272,2.486471e-06
150.976,0.0,0.7479374744883172,2.735411e-06
150.976,0.0,0.7475047685424672,2.614994e-06
150.976,0.0,0.7470654321631335,2.698653e-06
150.976,0.0,0.7466639959672318,2.641056e-06
150.976,0.0,0.7462394451808909,2.497924e-06
150.976,0.0,0.7458123932853542,2.62729e-06
150.976,0.0,0.7453875061540971,2.65782e-06
150.976,0.0,0.744989553997016,2.914836e-06
150.976,0.0,0.7445519617449989,2.80267e-06
150.976,0.0,0.7441514310372467,2.843604e-06
150.976,0.0,0.7437284868003604,2.857909e-06
150.976,0.0,0.7433043673813077,3.084991e-06
150.976,0.0,0.7429167426115527,2.859975e-06
150.976,0.0,0.7424736530797221,3.005145e-06
150.976,0.0,0.7420497788119774,2.978253e-06
150.976,0.0,0.7416487041581368,3.16622e-06
150.976,0.0,0.7412216272915296,2.996574e-06
150.976,0.0,0.7408109564469078,2.945599e-06
150.976,0.0,0.7404093139681172,2.687186e-06
150.976,0.0,0.739971993602667,2.709494e-06
150.976,0.0,0.73957152974312,2.612127e-06
150.976,0.0,0.7391288819837819,2.142959e-06
150.976,0.0,0.7387265065643053,1.943496e-06
150.976,0.0,0.7383154851788781,1.982189e-06
150.976,0.0,0.7378902933502826,2.364657e-06
150.976,0.0,0.7374877395626495,2.625471e-06
150.976,0.0,0.7370459414478207,2.701738e-06
150.976,0.0,0.7366431188707041,2.718094e-06
150.976,0.0,0.7362148653686539,2.700923e-06
150.976,0.0,0.7357888807626941,2.699264e-06
150.976,0.0,0.7353699789531056,2.771048e-06
150.976,0.0,0.7349681894609809,2.544271e-06
150.976,0.0,0.7345275408328074,2.396264e-06
150.976,0.0,0.7341261837186907,2.816916e-06
150.976,0.0,0.7336920023402971,2.775065e-06
150.976,0.0,0.7332880144247719,2.809829e-06
150.976,0.0,0.732886933077512,2.974513e-06
150.976,0.0,0.7324474040332498,2.866698e-06
150.976,0.0,0.7320449130073851,2.66025e-06
150.976,0.0,0.7316037783948822,2.336674e-06
150.976,0.0,0.7312039802167669,2.094326e-06
150.976,0.0,0.7307896168431854,2.594985e-06
150.976,0.0,0.7303656247363401,2.846602e-06
150.976,0.0,0.729965338419032,2.971516e-06
150.976,0.0,0.7295241225107034,2.792425e-06
150.976,0.0,0.7291210862964899,2.8738e-06
150.976,0.0,0.7286702118505252,2.959685e-06
150.976,0.0,0.7282819915714287,2.868866e-06
150.976,0.0,0.7278827103922796,2.727757e-06
150.976,0.0,0.7274445561534707,2.805697e-06
150.976,0.0,0.727003072617244,2.853267e-06
150.976,0.0,0.726597051077082,2.980538e-06
150.976,0.0,0.7261652279062711,3.062611e-06
150.976,0.0,0.7257375382998505,3.118155e-06
150.976,0.0,0.7253515752287889,2.965331e-06
150.976,0.0,0.7249175792406669,3.050271e-06
150.976,0.0,0.7244984408311941,2.977293e-06
150.976,0.0,0.7240716097006682,3.103371e-06
150.976,0.0,0.7236717303908102,2.993649e-06
150.976,0.0,0.723249829012014,2.729837e-06
150.976,0.0,0.7228257644708883,2.850982e-06
150.976,0.0,0.7224302113969244,2.640343e-06
150.976,0.0,0.7219951496788366,2.411616e-06
150.976,0.0,0.7215931477652142,2.393062e-06
150.976,0.0,0.72115630481251,3.582114e-06
150.976,0.0,0.7207586438334898,3.107692e-06
150.976,0.0,0.7203528158545636,2.989691e-06
150.976,0.0,0.7199165292903426,2.901696e-06
150.976,0.0,0.719512893707214,3.07351e-06
150.976,0.0,0.719060073709624,4.044137e-06
150.976,0.0,0.7186751982220656,3.208494e-06
150.976,0.0,0.7182547954443977,3.010384e-06
150.976,0.0,0.7178321590538165,3.128007e-06
150.976,0.0,0.717435206039129,3.101915e-06
150.976,0.0,0.7170004526563846,3.299065e-06
150.976,0.0,0.7165617478135139,3.30004e-06
150.976,0.0,0.7161604871961195,3.22843e-06
150.976,0.0,0.7157388027655796,3.37149e-06
150.976,0.0,0.7153121078673235,3.307941e-06
150.976,0.0,0.714878919754877,3.180874e-06
150.976,0.0,0.7144911658520466,3.28118e-06
150.976,0.0,0.7140498415872661,3.188208e-06
150.976,0.0,0.7136496565686364,3.235094e-06
150.976,0.0,0.7132190367516191,3.244248e-06
150.976,0.0,0.7128120050571013,3.203764e-06
150.976,0.0,0.7124096879011302,3.047127e-06
150.976,0.0,0.7119670761135138,2.960063e-06
150.976,0.0,0.7115688800554911,2.823916e-06
150.976,0.0,0.7111370865542298,2.624714e-06
150.976,0.0,0.7107084028366313,2.871777e-06
150.976,0.0,0.7102971504256579,2.983361e-06
150.976,0.0,0.7098925041154496,2.783447e-06
150.976,0.0,0.709478615199385,2.860965e-06
150.976,0.0,0.7090523492996721,3.331341e-06
150.976,0.0,0.7086174122914645,3.297057e-06
150.976,0.0,0.708226401908327,2.951463e-06
150.976,0.0,0.7078022302280478,2.960747e-06
150.976,0.0,0.7073771898041593,3.109308e-06
150.976,0.0,0.7069741748796686,3.070862e-06
150.976,0.0,0.7065350572120642,3.156121e-06
150.976,0.0,0.7060843241812503,3.118374e-06
150.976,0.0,0.7056644088199305,3.179506e-06
150.976,0.0,0.7052748697150468,2.969769e-06
150.976,0.0,0.7048544133537653,2.970439e-06
150.976,0.0,0.7044473847971406,2.87703e-06
150.976,0.0,0.7040192846286608,2.994813e-06
150.976,0.0,0.7035914501587117,2.986068e-06
150.976,0.0,0.7031908591591743,3.069712e-06
150.976,0.0,0.7027666210407948,2.914167e-06
150.976,0.0,0.7023483172867838,2.859539e-06
150.976,0.0,0.7019497558010127,3.037698e-06
150.976,0.0,0.7015151783586756,3.207591e-06
150.976,0.0,0.7011148937032013,3.306748e-06
150.976,0.0,0.7006584387762853,3.381952e-06
150.976,0.0,0.7002741980219818,3.53709e-06
150.976,0.0,0.6998694468825093,3.546535e-06
150.976,0.0,0.6994407218276651,3.428067e-06
150.976,0.0,0.6990292028140742,3.236768e-06
150.976,0.0,0.6985873477921621,3.370151e-06
150.976,0.0,0.6981784829654109,3.489535e-06
150.976,0.0,0.6977773232962009,3.620167e-06
150.976,0.0,0.6973393786853411,3.540947e-06
150.976,0.0,0.6969336650547664,3.518406e-06
150.976,0.0,0.6965003277305712,3.585941e-06
150.976,0.0,0.6960738927678172,3.569847e-06
150.976,0.0,0.6956634248731428,3.618392e-06
150.976,0.0,0.6952646016209136,3.627123e-06
150.976,0.0,0.6948274276422896,3.511261e-06
150.976,0.0,0.6944253619446737,3.523222e-06
150.976,0.0,0.6939936886633125,3.437279e-06
150.976,0.0,0.6935701587896086,3.321475e-06
150.976,0.0,0.6931604720028932,3.587818e-06
150.976,0.0,0.6927595702514563,4.017566e-06
150.976,0.0,0.6923205860012519,3.69511e-06
150.976,0.0,0.6919209519923541,3.292764e-06
150.976,0.0,0.6914872311093264,3.036825e-06
150.976,0.0,0.6910550703598797,2.539266e-06
150.976,0.0,0.6906511091866129,4.413887e-07
150.976,0.0,0.6902499481258966,4.930189e-08
150.976,0.0,0.689804595635397,1.311128e-08
162.976,0.0,1.443146875,2.311182e-05
162.976,0.0,1.443146875,-2.581146e-06
162.976,0.0,1.4431442980608584,-2.290079e-06
162.976,0.0,1.442995539987638,-1.736189e-06
162.976,0.0,1.4428203686297865,-1.278822e-06
162.976,0.0,1.4425880833817724,-9.116629e-07
162.976,0.0,1.4423246812759065,-5.727925e-07
162.976,0.0,1.4420190234276034,-5.180191e-07
162.976,0.0,1.4416597422990667,-4.282047e-07
162.976,0.0,1.4413042339664948,-3.202294e-07
162.976,0.0,1.4409006924209904,2.821616e-08
162.976,0.0,1.4404594061454152,5.403126e-08
162.976,0.0,1.4400569522058497,5.956099e-08
162.976,0.0,1.4396196032191237,5.819311e-08
162.976,0.0,1.4392146892887991,7.158087e-08
162.976,0.0,1.4387921754729263,6.46105e-08
162.976,0.0,1.4384020736808996,5.439506e-08
162.976,0.0,1.4379634783573694,4.783215e-08
162.976,0.0,1.4375235794369499,5.860056e-08
162.976,0.0,1.437124199235341,3.015157e-08
162.976,0.0,1.4366898155110528,3.784953e-08
162.976,0.0,1.4362788781773816,5.2416e-08
162.976,0.0,1.435869778454518,4.618778e-08
162.976,0.0,1.4354295225437268,5.190668e-08
162.976,0.0,1.435018634527068,4.953472e-08
162.976,0.0,1.4345885019593463,4.676986e-08
162.976,0.0,1.4341854432060646,4.441245e-08
162.976,0.0,1.43376077509886,5.12955e-08
162.976,0.0,1.433354554455814,5.960464e-08
162.976,0.0,1.4329374133251704,7.572817e-08
162.976,0.0,1.4325338134706889,5.314359e-08
162.976,0.0,1.4320987052660765,3.563764e-08
162.976,0.0,1.4316566609296135,4.192407e-08
162.976,0.0,1.4312783496604176,4.006142e-08
162.976,0.0,1.430845601509227,4.118192e-08
162.976,0.0,1.4304417909682376,3.635068e-08
162.976,0.0,1.4300122676739595,3.894093e-08
162.976,0.0,1.42958240715081,3.3775e-08
162.976,0.0,1.4291742492209092,3.672903e-08
162.976,0.0,1.4287657545813262,3.540481e-08
162.976,0.0,1.428354683139265,3.53175e-08
162.976,0.0,1.4279171491408444,3.194145e-08
162.976,0.0,1.4275152985544948,3.115565e-08
162.976,0.0,1.4270741855028883,3.034074e-08
162.976,0.0,1.4266369782986836,2.844899e-08
162.976,0.0,1.426247174983971,3.019522e-08
162.976,0.0,1.4258156148485006,2.689194e-08
162.976,0.0,1.4253864596822092,2.534944e-08
162.976,0.0,1.4249874121782902,2.27592e-08
162.976,0.0,1.4245468802374286,2.559682e-08
162.976,0.0,1.4241471068090132,2.370507e-08
162.976,0.0,1.423716683202127,2.689194e-08
162.976,0.0,1.423305671380609,2.724119e-08
162.976,0.0,1.4229068693519598,2.555316e-08
162.976,0.0,1.4224671882980817,2.54804e-08
162.976,0.0,1.422064924725353,2.117304e-08
162.976,0.0,1.4216290286028492,1.890294e-08
162.976,0.0,1.4212280717562051,2.011075e-08
162.976,0.0,1.4208185821168462,1.880107e-08
162.976,0.0,1.420423469895665,1.603621e-08
162.976,0.0,1.4199873744563787,1.463923e-08
162.976,0.0,1.4195591189351897,1.970329e-08
162.976,0.0,1.419145519567597,2.1304e-08
162.976,0.0,1.4187139070161634,2.711022e-08
162.976,0.0,1.4183272382764205,2.77505e-08
162.976,0.0,1.4178955716213184,2.284651e-08
162.976,0.0,1.417482984471577,2.440356e-08
162.976,0.0,1.4170568751273547,2.447632e-08
162.976,0.0,1.4166099919058635,2.537854e-08
162.976,0.0,1.4162222246579699,2.331217e-08
162.976,0.0,1.4158013315719535,2.214801e-08
162.976,0.0,1.415378717709974,2.297747e-08
162.976,0.0,1.4149686202299239,1.67347e-08
162.976,0.0,1.4145387610204683,1.193257e-08
162.976,0.0,1.4141364644664414,1.490116e-08
162.976,0.0,1.4137046207106323,2.294837e-08
162.976,0.0,1.41328215092553,2.401066e-08
162.976,0.0,1.4128660142750311,2.328306e-08
162.976,0.0,1.4124652513827431,2.083834e-08
162.976,0.0,1.4120271409789003,2.16387e-08
162.976,0.0,1.4116297283238564,2.018351e-08
162.976,0.0,1.4111981708212795,1.798617e-08
162.976,0.0,1.4107885944990148,2.075103e-08
162.976,0.0,1.4103946005998722,1.789886e-08
162.976,0.0,1.4099548637465398,1.759327e-08
162.976,0.0,1.409532306129916,1.913577e-08
162.976,0.0,1.409113162274457,1.763692e-08
162.976,0.0,1.4086766627785101,1.992157e-08
162.976,0.0,1.408275576448196,1.747685e-08
162.976,0.0,1.407867529090471,1.820445e-08
162.976,0.0,1.4074344755493624,1.747685e-08
162.976,0.0,1.4070348016466139,1.672015e-08
162.976,0.0,1.4065980404242184,1.494482e-08
162.976,0.0,1.4061664566663739,1.661829e-08
162.976,0.0,1.405735812913174,1.469743e-08
162.976,0.0,1.4053552910123597,1.794251e-08
162.976,0.0,1.4049220064295531,1.613807e-08
162.976,0.0,1.4044836904895686,1.701119e-08
162.976,0.0,1.4040839094536295,1.734588e-08
162.976,0.0,1.403642518668625,1.753506e-08
162.976,0.0,1.4032492258874578,1.51631e-08
162.976,0.0,1.4028432966630247,1.704029e-08
162.976,0.0,1.402410989014866,1.686567e-08
162.976,0.0,1.4020098564587187,1.52213e-08
162.976,0.0,1.4015711785758906,1.392618e-08
162.976,0.0,1.4011686802048915,1.661829e-08
162.976,0.0,1.4007512257131791,1.676381e-08
162.976,0.0,1.400336521520116,1.321314e-08
162.976,0.0,1.399924303293766,1.382432e-08
162.976,0.0,1.399501706950955,1.418812e-08
162.976,0.0,1.3990987809146231,1.327135e-08
162.976,0.0,1.3986603046407908,1.498847e-08
162.976,0.0,1.3982558394573528,1.369335e-08
162.976,0.0,1.3978482996731847,1.276203e-08
162.976,0.0,1.3974156022765074,1.408625e-08
162.976,0.0,1.3969795823793816,1.238368e-08
162.976,0.0,1.3965766850017338,1.415901e-08
162.976,0.0,1.396132578653013,1.332955e-08
162.976,0.0,1.3957335831034787,1.207809e-08
162.976,0.0,1.3953288047027779,1.110311e-08
162.976,0.0,1.3948846858874244,1.375156e-08
162.976,0.0,1.3944716375721304,1.447916e-08
162.976,0.0,1.3940711624865538,1.300941e-08
162.976,0.0,1.3936312232260955,1.127773e-08
162.976,0.0,1.3932307608727812,1.146691e-08
162.976,0.0,1.3928223781215603,1.383887e-08
162.976,0.0,1.3923924304141009,1.391163e-08
162.976,0.0,1.3919916666695293,1.105946e-08
162.976,0.0,1.3915542149767752,1.311128e-08
162.976,0.0,1.3911188213270869,1.108856e-08
162.976,0.0,1.390724937278736,1.452281e-08
162.976,0.0,1.3902983340588548,1.212175e-08
162.976,0.0,1.3899082262220972,1.375156e-08
162.976,0.0,1.3894661252367588,1.439184e-08
162.976,0.0,1.3890610532636007,1.271837e-08
162.976,0.0,1.38862034500468,1.303852e-08
162.976,0.0,1.3882268315404027,1.290755e-08
162.976,0.0,1.3878074755494079,1.184526e-08
162.976,0.0,1.3873729512102124,1.09867e-08
162.976,0.0,1.3869706323334545,1.303852e-08
162.976,0.0,1.3865287565482287,1.071021e-08
162.976,0.0,1.3860935265390606,1.008448e-08
162.976,0.0,1.3856881371958143,1.287844e-08
162.976,0.0,1.385260180261322,1.207809e-08
162.976,0.0,1.3848753941046994,1.092849e-08
162.976,0.0,1.3844362111696054,1.305307e-08
162.976,0.0,1.3840348374107805,1.017179e-08
162.976,0.0,1.3835977779160102,1.068111e-08
162.976,0.0,1.3831610645047823,9.400537e-09
162.976,0.0,1.3827684844564918,1.149601e-08
162.976,0.0,1.3823547320675482,1.277658e-08
162.976,0.0,1.3819564198247942,1.052103e-08
162.976,0.0,1.381514586900476,1.676381e-08
162.976,0.0,1.3811004204880653,2.632878e-07
162.976,0.0,1.3806844055698844,4.289177e-07
162.976,0.0,1.3802660008401604,4.130125e-07
162.976,0.0,1.3798602636742565,6.073969e-07
162.976,0.0,1.3794321909418015,9.052746e-07
162.976,0.0,1.3790318543492428,1.021195e-06
162.976,0.0,1.3785906124424754,1.186985e-06
162.976,0.0,1.3781895193499127,1.599081e-06
162.976,0.0,1.3777680706767765,2.021668e-06
162.976,0.0,1.3773474411788984,2.204237e-06
162.976,0.0,1.3769450410710902,2.401939e-06
162.976,0.0,1.376501516282112,2.190223e-06
162.976,0.0,1.3761002563525886,2.008208e-06
162.976,0.0,1.375664661730597,2.196131e-06
162.976,0.0,1.3752413501804175,2.574438e-06
162.976,0.0,1.374820646299717,2.942616e-06
162.976,0.0,1.374424058551109,3.103676e-06
162.976,0.0,1.3739852508900219,3.147507e-06
162.976,0.0,1.3735830968530587,3.313908e-06
162.976,0.0,1.3731481693987133,3.663066e-06
162.976,0.0,1.3727499784205413,3.756708e-06
162.976,0.0,1.372340385572294,3.748049e-06
162.976,0.0,1.371912553846578,3.528694e-06
162.976,0.0,1.3715103763253407,3.708599e-06
162.976,0.0,1.3710737952966285,3.476191e-06
162.976,0.0,1.3706394513712143,3.852168e-06
162.976,0.0,1.3702517703017532,3.697525e-06
162.976,0.0,1.3698217596105815,3.881927e-06
162.976,0.0,1.36942868847502,4.10706e-06
162.976,0.0,1.3689970694470461,4.076312e-06
162.976,0.0,1.3685577886344913,4.037138e-06
162.976,0.0,1.3681564281293603,4.059111e-06
162.976,0.0,1.367733803916857,3.865513e-06
162.976,0.0,1.3672984761709226,4.027417e-06
162.976,0.0,1.3668830846201885,4.101486e-06
162.976,0.0,1.3664775592772442,3.945941e-06
162.976,0.0,1.3660389022614496,4.164453e-06
162.976,0.0,1.3656357260718375,4.206231e-06
162.976,0.0,1.3652019581925856,4.211426e-06
162.976,0.0,1.364787371909427,4.245579e-06
162.976,0.0,1.3643793655852352,4.190588e-06
162.976,0.0,1.3639687469507114,4.211193e-06
162.976,0.0,1.3635349984533747,3.900903e-06
162.976,0.0,1.3631023370128927,3.73958e-06
162.976,0.0,1.3627101898639267,4.108704e-06
162.976,0.0,1.3623134322908301,3.458365e-06
162.976,0.0,1.3618833325368083,3.288078e-06
162.976,0.0,1.3614722090567137,3.699897e-06
162.976,0.0,1.3610376445224792,4.21713e-06
162.976,0.0,1.3606133576190347,4.389818e-06
162.976,0.0,1.360218510549192,4.314978e-06
162.976,0.0,1.359789545849785,4.125148e-06
162.976,0.0,1.3594019198916474,3.945854e-06
162.976,0.0,1.3589662676071042,4.017304e-06
162.976,0.0,1.3585279549662101,3.808513e-06
162.976,0.0,1.3581305063129034,4.315283e-06
162.976,0.0,1.3576999316145837,4.462287e-06
162.976,0.0,1.3572932536569526,4.201123e-06
162.976,0.0,1.356890847073352,4.35776e-06
162.976,0.0,1.3564481484541184,4.188725e-06
162.976,0.0,1.3560020168436244,3.864581e-06
162.976,0.0,1.355608113787636,3.655834e-06
162.976,0.0,1.355186610650597,3.63031e-06
162.976,0.0,1.354757535205494,3.930589e-06
162.976,0.0,1.3543697488230761,4.506815e-06
162.976,0.0,1.3539309577968592,4.475907e-06
162.976,0.0,1.3535285040146294,4.361835e-06
162.976,0.0,1.3530930098732012,4.60069e-06
162.976,0.0,1.3526912574239356,4.598915e-06
162.976,0.0,1.352271511344298,4.202404e-06
162.976,0.0,1.3518481005233403,4.531365e-06
162.976,0.0,1.3514427372620124,4.756861e-06
162.976,0.0,1.3510037581520438,4.841815e-06
162.976,0.0,1.350600089895492,4.891219e-06
162.976,0.0,1.3501649043536927,4.634509e-06
162.976,0.0,1.3497788185471133,4.754271e-06
162.976,0.0,1.349354746832501,4.895657e-06
162.976,0.0,1.3489246500723189,4.990143e-06
162.976,0.0,1.3485260635710212,4.938207e-06
162.976,0.0,1.3480849639157926,4.782676e-06
162.976,0.0,1.34765193114844,4.773057e-06
162.976,0.0,1.3472514265073112,4.471265e-06
162.976,0.0,1.3468410766049574,4.709524e-06
162.976,0.0,1.3464083249264003,4.565605e-06
162.976,0.0,1.3459714147725523,4.430796e-06
162.976,0.0,1.3455694274871166,4.503745e-06
162.976,0.0,1.3451199113795143,4.646587e-06
162.976,0.0,1.3447310243895603,4.307134e-06
162.976,0.0,1.344318944787053,4.093483e-06
162.976,0.0,1.3438911394799034,3.768786e-06
162.976,0.0,1.3434921921653968,3.371024e-06
162.976,0.0,1.3430526720868263,3.314184e-06
162.976,0.0,1.342650788519125,2.818895e-06
162.976,0.0,1.3422075778323659,2.345609e-06
162.976,0.0,1.3418075543345216,2.34881e-06
162.976,0.0,1.3413855012049964,3.264751e-06
162.976,0.0,1.3409917396562592,4.027184e-06
162.976,0.0,1.3405669878466269,4.177011e-06
162.976,0.0,1.3401379698418685,4.550151e-06
162.976,0.0,1.3397362809623012,4.46364e-06
162.976,0.0,1.3393195584029787,4.500878e-06
162.976,0.0,1.3388925609919475,4.420916e-06
162.976,0.0,1.3384918371817522,4.267626e-06
162.976,0.0,1.3380507151743513,4.404079e-06
162.976,0.0,1.3376483054388348,4.574031e-06
162.976,0.0,1.3372197636350571,4.999267e-06
162.976,0.0,1.336809197120618,4.877293e-06
162.976,0.0,1.336408927570661,4.691174e-06
162.976,0.0,1.335969852440646,4.760979e-06
162.976,0.0,1.3355300742613987,4.656016e-06
162.976,0.0,1.335125992879246,4.790767e-06
162.976,0.0,1.3346909614699034,4.695466e-06
162.976,0.0,1.3343080697344383,4.429457e-06
162.976,0.0,1.3338810941016026,4.557733e-06
162.976,0.0,1.3334677538488866,4.393747e-06
162.976,0.0,1.3330370838408654,4.221904e-06
162.976,0.0,1.3326370135902703,4.681846e-06
162.976,0.0,1.3322076722219829,4.635964e-06
162.976,0.0,1.3317784968664,4.522153e-06
162.976,0.0,1.3313992157409822,4.569069e-06
162.976,0.0,1.3309582335158612,4.193324e-06
162.976,0.0,1.3305274478059044,3.586058e-06
162.976,0.0,1.3301164174332851,3.779947e-06
162.976,0.0,1.329678891206945,3.312773e-06
162.976,0.0,1.3292826534451796,3.392808e-06
162.976,0.0,1.3288640119826634,4.020112e-06
162.976,0.0,1.3284679706074667,4.400747e-06
162.976,0.0,1.328030082628465,4.729445e-06
162.976,0.0,1.3275893365973137,4.808826e-06
162.976,0.0,1.327188568955723,4.813672e-06
162.976,0.0,1.32676356111621,5.081471e-06
162.976,0.0,1.3263432203874768,4.759946e-06
162.976,0.0,1.3259409922190313,4.355505e-06
162.976,0.0,1.325508567250869,3.731213e-06
162.976,0.0,1.3250781587722371,3.719018e-06
162.976,0.0,1.3246655131637932,4.13481e-06
162.976,0.0,1.32423807067655,4.438858e-06
162.976,0.0,1.323859423401948,4.235408e-06
162.976,0.0,1.3234270734877374,4.297792e-06
162.976,0.0,1.323005607515205,4.009518e-06
162.976,0.0,1.3225852671159575,4.261921e-06
162.976,0.0,1.322148677521356,4.481946e-06
162.976,0.0,1.321754339542795,4.598274e-06
162.976,0.0,1.3213364805195782,4.69145e-06
162.976,0.0,1.3209216534897545,4.821864e-06
162.976,0.0,1.320508069366479,4.750764e-06
162.976,0.0,1.3200790145849526,4.540547e-06
162.976,0.0,1.3196711170989843,4.478468e-06
162.976,0.0,1.3192433615516341,4.431145e-06
162.976,0.0,1.318859789238561,4.287547e-06
162.976,0.0,1.3184253116831024,3.786496e-06
162.976,0.0,1.3180080332164312,3.670284e-06
162.976,0.0,1.3175872911020856,3.601293e-06
162.976,0.0,1.3171461563190872,3.358669e-06
162.976,0.0,1.3167440734352045,3.245412e-06
162.976,0.0,1.3163282098923221,4.080284e-06
162.976,0.0,1.3159023688686324,4.752932e-06
162.976,0.0,1.3154988009684536,4.581234e-06
162.976,0.0,1.3150563201009333,4.590285e-06
162.976,0.0,1.3146531242465032,4.727408e-06
162.976,0.0,1.3142275286780771,4.805668e-06
162.976,0.0,1.3138146066256908,4.633795e-06
162.976,0.0,1.313412005690835,4.560017e-06
162.976,0.0,1.3129711899423469,4.338697e-06
162.976,0.0,1.3125674413209696,4.27234e-06
162.976,0.0,1.3121271534994556,4.299422e-06
162.976,0.0,1.311744510808811,4.115122e-06
162.976,0.0,1.3113205730768303,4.354355e-06
162.976,0.0,1.310893429809965,4.731148e-06
162.976,0.0,1.3104812439381361,4.800619e-06
162.976,0.0,1.3100550872360066,4.750997e-06
162.976,0.0,1.309621362267296,4.618239e-06
162.976,0.0,1.3092317367113968,4.652451e-06
162.976,0.0,1.3088043173037374,4.180663e-06
162.976,0.0,1.308378799899876,4.049405e-06
162.976,0.0,1.3079772488890598,4.122645e-06
162.976,0.0,1.3075400718838655,4.014859e-06
162.976,0.0,1.30713671599618,3.492154e-06
162.976,0.0,1.306691904937527,3.263689e-06
162.976,0.0,1.3062854603934757,3.156936e-06
162.976,0.0,1.3058602986057375,3.349036e-06
162.976,0.0,1.3054341046474744,3.500274e-06
162.976,0.0,1.3050345335772455,4.064481e-06
162.976,0.0,1.3045961715032355,4.578673e-06
162.976,0.0,1.3041985660341027,4.734276e-06
162.976,0.0,1.3037807650841993,4.879374e-06
162.976,0.0,1.3033573269029217,4.637375e-06
162.976,0.0,1.3029566327800879,4.869507e-06
162.976,0.0,1.302520808702509,4.64503e-06
162.976,0.0,1.302122036144584,4.264948e-06
162.976,0.0,1.301692212148617,4.04974e-06
162.976,0.0,1.3012843930226914,4.114816e-06
162.976,0.0,1.300881904717531,4.08983e-06
162.976,0.0,1.300443249304534,4.179921e-06
162.976,0.0,1.3000415110791794,4.107351e-06
162.976,0.0,1.2995962982521,4.097077e-06
162.976,0.0,1.2991961725979149,4.274247e-06
162.976,0.0,1.2987824925696971,4.126821e-06
162.976,0.0,1.2983611918203688,4.161426e-06
162.976,0.0,1.2979428023524888,3.935784e-06
162.976,0.0,1.2975259595388697,4.005502e-06
162.976,0.0,1.2970894032548457,4.095215e-06
162.976,0.0,1.296689335033638,4.023386e-06
162.976,0.0,1.2962667424265506,4.190966e-06
162.976,0.0,1.2958444091327617,4.2225e-06
162.976,0.0,1.2954436682799715,4.315661e-06
162.976,0.0,1.295000129825561,4.128364e-06
162.976,0.0,1.2945730542115845,4.221336e-06
162.976,0.0,1.2941642290477642,4.141359e-06
162.976,0.0,1.293745266713226,4.175687e-06
162.976,0.0,1.2933321473603898,3.993191e-06
162.976,0.0,1.2929114532115722,4.077374e-06
162.976,0.0,1.2925119874070021,4.142712e-06
162.976,0.0,1.2920717813315283,4.380563e-06
162.976,0.0,1.2916718860867316,4.371905e-06
162.976,0.0,1.2912445034204887,4.497473e-06
162.976,0.0,1.2908271493043224,4.254165e-06
162.976,0.0,1.2904245570351196,4.329588e-06
162.976,0.0,1.2900053545681993,4.391986e-06
162.976,0.0,1.2895893688700177,4.292131e-06
162.976,0.0,1.2891532969290924,4.200629e-06
162.976,0.0,1.2887483159668829,4.1694e-06
162.976,0.0,1.288335493312475,4.119807e-06
162.976,0.0,1.287904051516211,4.283953e-06
162.976,0.0,1.2874994639929,4.295609e-06
162.976,0.0,1.2870566786071325,4.426416e-06
162.976,0.0,1.2866206621409153,4.375674e-06
162.976,0.0,1.2862184273160495,4.379181e-06
162.976,0.0,1.2857931845729917,4.274902e-06
162.976,0.0,1.285377322640812,4.235539e-06
162.976,0.0,1.2849807160604372,3.955065e-06
162.976,0.0,1.2845456441426788,3.939655e-06
162.976,0.0,1.284108255288133,3.982088e-06
162.976,0.0,1.2837096615674737,4.004964e-06
162.976,0.0,1.2832863691525556,4.074231e-06
162.976,0.0,1.282877544421588,3.778667e-06
162.976,0.0,1.2824740582049463,3.811219e-06
162.976,0.0,1.282035696747706,3.861715e-06
162.976,0.0,1.281633352782384,3.785215e-06
162.976,0.0,1.2812031473869303,3.419715e-06
162.976,0.0,1.2808179727362978,3.253226e-06
162.976,0.0,1.2803858507313364,2.959365e-06
162.976,0.0,1.2799543846243715,3.246983e-06
162.976,0.0,1.2795529949860216,3.032779e-06
162.976,0.0,1.2791179894726243,2.839035e-06
162.976,0.0,1.2787226877216689,2.828572e-06
162.976,0.0,1.278291282854087,2.835193e-06
162.976,0.0,1.2779067911019346,3.069566e-06
162.976,0.0,1.277467956190871,3.131368e-06
162.976,0.0,1.2770205070617549,3.361056e-06
162.976,0.0,1.2766258058241278,3.51519e-06
162.976,0.0,1.2761892515573452,3.030422e-06
162.976,0.0,1.2757821832570855,3.279652e-06
162.976,0.0,1.2753745445332059,3.175504e-06
162.976,0.0,1.274939643277794,2.733417e-06
162.976,0.0,1.274542931989501,2.670538e-06
162.976,0.0,1.2741068971280904,2.839646e-06
162.976,0.0,1.2736730810700587,3.097288e-06
162.976,0.0,1.273269577112828,3.15308e-06
162.976,0.0,1.2728720563363254,3.116424e-06
162.976,0.0,1.2724357128518418,3.211884e-06
162.976,0.0,1.2720362506577034,3.393594e-06
162.976,0.0,1.271595859051157,3.3588e-06
162.976,0.0,1.2711637242922582,2.984641e-06
162.976,0.0,1.2707805708117401,3.154899e-06
162.976,0.0,1.2703540557194215,3.454668e-06
162.976,0.0,1.2699508232721908,3.556983e-06
162.976,0.0,1.2695182631423039,3.386245e-06
162.976,0.0,1.2690884012529278,3.246299e-06
162.976,0.0,1.2686918606612854,3.623994e-06
162.976,0.0,1.268261706965677,3.714071e-06
162.976,0.0,1.2678494102168913,3.62948e-06
162.976,0.0,1.2674100628541403,3.309717e-06
162.976,0.0,1.2669911632954036,2.544912e-06
162.976,0.0,1.2665873781607173,1.955734e-06
162.976,0.0,1.2661447468590101,1.960259e-06
162.976,0.0,1.2657434978141366,2.294735e-06
162.976,0.0,1.2653233346040114,1.884546e-06
162.976,0.0,1.264903846012612,1.982044e-06
162.976,0.0,1.2644872387034487,2.601926e-06
162.976,0.0,1.2640586643038876,2.892935e-06
162.976,0.0,1.2636527123630357,2.480389e-06
162.976,0.0,1.2632209116073863,2.319328e-06
162.976,0.0,1.2628064372120102,2.168628e-06
162.976,0.0,1.2624137981845953,2.330606e-06
162.976,0.0,1.2619785190469501,2.405679e-06
162.976,0.0,1.2615786479394788,2.079265e-06
162.976,0.0,1.2611379136013932,2.115674e-06
162.976,0.0,1.2607493833977907,2.118613e-06
162.976,0.0,1.2603226457394905,2.47531e-06
162.976,0.0,1.259898043635912,2.752393e-06
162.976,0.0,1.2594826646446404,2.670582e-06
162.976,0.0,1.2590657789963666,2.409157e-06
162.976,0.0,1.2586610618190555,2.712201e-06
162.976,0.0,1.258241030914912,3.333087e-06
162.976,0.0,1.2578120585331878,3.514113e-06
162.976,0.0,1.257423640692553,3.072011e-06
162.976,0.0,1.2569861469597607,3.101552e-06
162.976,0.0,1.2565449724471631,3.396985e-06
162.976,0.0,1.2561400360706063,3.473178e-06
162.976,0.0,1.2557081103404941,3.328896e-06
162.976,0.0,1.2552911098317112,3.205467e-06
162.976,0.0,1.2548949130177847,2.545712e-06
162.976,0.0,1.2544531406284827,2.703702e-06
162.976,0.0,1.2540501786911618,3.415495e-06
162.976,0.0,1.2536139424964434,3.470501e-06
162.976,0.0,1.253215349327433,3.449182e-06
162.976,0.0,1.2527884662875985,3.351655e-06
162.976,0.0,1.2523721976826132,3.637309e-06
162.976,0.0,1.251969417365601,3.649489e-06
162.976,0.0,1.2515423508531682,3.630164e-06
162.976,0.0,1.251126266473567,3.659705e-06
162.976,0.0,1.250690822904522,3.601337e-06
162.976,0.0,1.2503077117471753,3.723035e-06
162.976,0.0,1.2498865229849256,3.528257e-06
162.976,0.0,1.2494533195546276,3.763358e-06
162.976,0.0,1.2490518516942881,3.621957e-06
162.976,0.0,1.2486121907868792,3.783964e-06
162.976,0.0,1.2482086859614903,3.918307e-06
162.976,0.0,1.2477926558148384,4.0296e-06
162.976,0.0,1.2473687428908897,3.97375e-06
162.976,0.0,1.2469318712661082,3.942259e-06
162.976,0.0,1.2465266215808573,4.021131e-06
162.976,0.0,1.246088354485484,3.698762e-06
162.976,0.0,1.2456479352202217,3.85633e-06
162.976,0.0,1.245256603889064,3.780078e-06
162.976,0.0,1.2448396036508524,3.637804e-06
162.976,0.0,1.2444116476692972,3.24336e-06
162.976,0.0,1.2440112865004345,3.698093e-06
162.976,0.0,1.2435596053666111,3.854133e-06
162.976,0.0,1.2431710502729416,4.031899e-06
162.976,0.0,1.2427584403632528,4.047179e-06
162.976,0.0,1.2423433830534156,4.511399e-06
162.976,0.0,1.2419437393176542,4.376343e-06
162.976,0.0,1.2415038340311306,4.140544e-06
162.976,0.0,1.2411014708980632,3.96221e-06
162.976,0.0,1.2406635322505943,3.740948e-06
162.976,0.0,1.240262891248565,3.494046e-06
162.976,0.0,1.2398585734564564,3.596491e-06
162.976,0.0,1.2394275820836573,3.464302e-06
162.976,0.0,1.239017692596234,2.958186e-06
162.976,0.0,1.2385860142678853,1.872366e-06
162.976,0.0,1.2381836919920188,2.903704e-06
162.976,0.0,1.2377637871018674,3.507448e-06
162.976,0.0,1.237337862978353,3.461711e-06
162.976,0.0,1.2369365215190333,3.117268e-06
162.976,0.0,1.2365059561201264,3.387671e-06
162.976,0.0,1.2360668600922984,3.771245e-06
162.976,0.0,1.235664962842853,3.572248e-06
162.976,0.0,1.2352412950400389,3.541631e-06
162.976,0.0,1.2348142002572162,3.622496e-06
162.976,0.0,1.234420043785841,3.809881e-06
162.976,0.0,1.2339832320133624,4.084082e-06
162.976,0.0,1.233559097896487,4.198693e-06
162.976,0.0,1.2331425915901442,4.17071e-06
162.976,0.0,1.2327091731531017,4.37678e-06
162.976,0.0,1.2323153604848507,4.191024e-06
162.976,0.0,1.2318963534529321,4.332396e-06
162.976,0.0,1.2314745842775134,4.338173e-06
162.976,0.0,1.2310730574083364,4.397036e-06
162.976,0.0,1.230636547627451,4.385351e-06
162.976,0.0,1.2302358640835318,4.317801e-06
162.976,0.0,1.2298320618648226,4.309506e-06
162.976,0.0,1.2294005582363374,4.07928e-06
162.976,0.0,1.228983208450855,4.252433e-06
162.976,0.0,1.228559184154416,4.244925e-06
162.976,0.0,1.228121775184993,4.382149e-06
162.976,0.0,1.2277304502901163,4.25466e-06
162.976,0.0,1.2272990090311287,3.717083e-06
162.976,0.0,1.2268709709811958,3.368405e-06
162.976,0.0,1.2264717329118082,3.881098e-06
162.976,0.0,1.2260245489345802,3.383742e-06
162.976,0.0,1.22559766720518,3.906258e-06
162.976,0.0,1.2251980152574975,4.366695e-06
162.976,0.0,1.2247790959352245,4.508416e-06
162.976,0.0,1.2243566958023302,4.236746e-06
162.976,0.0,1.2239533976267873,4.14325e-06
162.976,0.0,1.2235131032782374,4.031332e-06
162.976,0.0,1.2231122053544699,4.085654e-06
162.976,0.0,1.2226808764985309,4.359637e-06
162.976,0.0,1.2222735543545011,4.246001e-06
162.976,0.0,1.2218642828166912,4.317524e-06
162.976,0.0,1.22143619911748,4.411631e-06
162.976,0.0,1.2210362489772573,4.556874e-06
162.976,0.0,1.2206029005447483,4.770438e-06
162.976,0.0,1.2202074765546491,4.284477e-06
162.976,0.0,1.2197773691016227,4.311252e-06
162.976,0.0,1.2193589416170003,4.336369e-06
162.976,0.0,1.2189419433794786,4.335408e-06
162.976,0.0,1.2185313195981478,4.299407e-06
162.976,0.0,1.218110633036445,4.344678e-06
162.976,0.0,1.217676236789765,4.434114e-06
162.976,0.0,1.217278357810437,4.254936e-06
162.976,0.0,1.21686334090523,4.401503e-06
162.976,0.0,1.2164378633911155,4.474568e-06
162.976,0.0,1.216015551927283,4.50392e-06
162.976,0.0,1.215597165545781,4.184971e-06
162.976,0.0,1.2151607414445929,4.046989e-06
162.976,0.0,1.2147560383546514,4.084664e-06
162.976,0.0,1.2143448571178241,4.331421e-06
162.976,0.0,1.2139422623558942,4.40437e-06
162.976,0.0,1.2135070262439602,4.390255e-06
162.976,0.0,1.213106413907818,4.385394e-06
162.976,0.0,1.2126760987924312,4.450107e-06
162.976,0.0,1.2122469849021285,4.275746e-06
162.976,0.0,1.2118614814237896,4.060348e-06
162.976,0.0,1.2114247694849545,4.064554e-06
162.976,0.0,1.2110033389073298,3.86106e-06
162.976,0.0,1.2105772728728552,4.075468e-06
162.976,0.0,1.2101578408834028,4.252899e-06
162.976,0.0,1.2097507643621326,3.966416e-06
162.976,0.0,1.2093364688293577,3.449808e-06
162.976,0.0,1.2089412961401704,3.530935e-06
162.976,0.0,1.2085016902733863,3.35752e-06
162.976,0.0,1.2080736636795888,3.314839e-06
162.976,0.0,1.2076617500465754,3.482884e-06
162.976,0.0,1.2072364556293356,3.422989e-06
162.976,0.0,1.2068114817085567,3.771856e-06
162.976,0.0,1.206385251388664,4.227142e-06
162.976,0.0,1.2059873528463936,4.414091e-06
162.976,0.0,1.2055528472297095,4.569039e-06
162.976,0.0,1.2051059678157314,4.569752e-06
162.976,0.0,1.2047315781135643,4.610629e-06
162.976,0.0,1.2043044515913999,4.719259e-06
162.976,0.0,1.2038784504987141,4.552261e-06
162.976,0.0,1.203478688412939,4.530899e-06
162.976,0.0,1.2030444689446655,4.623391e-06
162.976,0.0,1.2026414978678615,4.59711e-06
162.976,0.0,1.202210215843897,4.561487e-06
162.976,0.0,1.2018034114093932,4.63624e-06
162.976,0.0,1.2014017547883427,4.679954e-06
162.976,0.0,1.2009665091578947,4.564383e-06
162.976,0.0,1.2005672845597988,4.363057e-06
162.976,0.0,1.2001262285012007,3.99891e-06
162.976,0.0,1.1997219442436884,3.822439e-06
162.976,0.0,1.1993096138475081,3.787383e-06
162.976,0.0,1.198883187997373,4.359739e-06
162.976,0.0,1.1984878146716975,3.899157e-06
162.976,0.0,1.198052316359809,3.212088e-06
162.976,0.0,1.1976185188922357,2.879067e-06
162.976,0.0,1.197215567465377,3.03585e-06
162.976,0.0,1.1968111104390398,3.54505e-06
162.976,0.0,1.1963825166918105,4.101123e-06
162.976,0.0,1.1959428898338984,4.6801e-06
162.976,0.0,1.1955406138273585,4.68643e-06
162.976,0.0,1.1951043740257608,4.851507e-06
162.976,0.0,1.1947083329226704,4.746515e-06
162.976,0.0,1.1942791730034388,5.064838e-06
162.976,0.0,1.1938587167239265,5.024107e-06
162.976,0.0,1.1934539368146966,5.030044e-06
162.976,0.0,1.1930153415077929,5.180133e-06
162.976,0.0,1.1926117794757052,5.344773e-06
162.976,0.0,1.1921745415137146,5.535752e-06
162.976,0.0,1.1917857928627267,5.254347e-06
162.976,0.0,1.191343990114519,4.988106e-06
162.976,0.0,1.190950438250917,4.966962e-06
162.976,0.0,1.1905200846830335,4.637433e-06
162.976,0.0,1.1901186818049188,4.523332e-06
162.976,0.0,1.189681189155437,4.304893e-06
162.976,0.0,1.1892711419865067,4.508125e-06
162.976,0.0,1.18886302721942,4.687012e-06
162.976,0.0,1.1884339060374556,4.868038e-06
162.976,0.0,1.1880345571522897,5.033478e-06
162.976,0.0,1.1875964465137512,4.914415e-06
162.976,0.0,1.1871579770484053,5.087873e-06
162.976,0.0,1.1867530544552778,5.010748e-06
162.976,0.0,1.186339283122626,4.859699e-06
162.976,0.0,1.1858905935698454,4.991962e-06
162.976,0.0,1.1854964647295072,4.843852e-06
162.976,0.0,1.1850716689382161,4.775386e-06
162.976,0.0,1.1846338811528345,4.512476e-06
162.976,0.0,1.1842489520012351,4.457324e-06
162.976,0.0,1.1838195516468804,4.321584e-06
162.976,0.0,1.1833997618157912,4.625574e-06
162.976,0.0,1.182998817119349,4.88662e-06
162.976,0.0,1.1825630266297569,4.948044e-06
162.976,0.0,1.182160253263397,5.199516e-06
162.976,0.0,1.1817305311554005,5.172245e-06
162.976,0.0,1.1813462610691816,5.198846e-06
162.976,0.0,1.1809161306188247,5.04838e-06
162.976,0.0,1.180501534515111,5.01785e-06
162.976,0.0,1.180079209136059,5.14269e-06
162.976,0.0,1.1796429827884247,4.885413e-06
162.976,0.0,1.1792390054896191,4.950809e-06
162.976,0.0,1.1788257027547233,4.972491e-06
162.976,0.0,1.1784022335011752,4.56463e-06
162.976,0.0,1.1779908001544361,4.319954e-06
162.976,0.0,1.1775646164126092,4.523696e-06
162.976,0.0,1.177163055069775,5.009118e-06
162.976,0.0,1.1767392176245406,5.225855e-06
162.976,0.0,1.1763118559596344,5.198614e-06
162.976,0.0,1.1758864059983498,5.231239e-06
162.976,0.0,1.1754800839587245,5.185793e-06
162.976,0.0,1.1750534590105612,4.972972e-06
162.976,0.0,1.17461722103427,5.191716e-06
162.976,0.0,1.1742260729529086,5.115042e-06
162.976,0.0,1.1737969873763432,5.099646e-06
162.976,0.0,1.1733869171455107,5.495633e-06
162.976,0.0,1.172985172526668,5.889713e-06
162.976,0.0,1.1725398434578043,5.626687e-06
162.976,0.0,1.172116292822231,5.332899e-06
162.976,0.0,1.171728703550274,5.673239e-06
162.976,0.0,1.1713076187021887,5.505921e-06
162.976,0.0,1.1708865283091163,5.295238e-06
162.976,0.0,1.1704734429470305,5.338487e-06
162.976,0.0,1.170047832832197,5.251612e-06
162.976,0.0,1.1696167483408486,5.141686e-06
162.976,0.0,1.1692169391119183,5.334557e-06
162.976,0.0,1.168803942540577,5.432768e-06
162.976,0.0,1.168378651699934,5.582784e-06
162.976,0.0,1.1679449894761589,5.426977e-06
162.976,0.0,1.1675531116457738,5.479567e-06
162.976,0.0,1.167108316160462,5.411581e-06
162.976,0.0,1.1666798847091746,5.354246e-06
162.976,0.0,1.1662528395720608,5.595924e-06
162.976,0.0,1.1658710618671626,5.260677e-06
162.976,0.0,1.1654353751354873,5.038833e-06
162.976,0.0,1.1650153645188486,4.345624e-06
162.976,0.0,1.1645959383951037,3.201741e-06
162.976,0.0,1.164156902124611,4.59986e-06
162.976,0.0,1.1637731490458179,4.568457e-06
162.976,0.0,1.1633495942569196,5.263108e-06
162.976,0.0,1.1629173015670364,5.36174e-06
162.976,0.0,1.1625162802021012,5.488415e-06
162.976,0.0,1.1620777870348475,5.584021e-06
162.976,0.0,1.1616793570398753,5.441601e-06
162.976,0.0,1.1612577129778183,5.348382e-06
162.976,0.0,1.1608431908553085,5.543916e-06
162.976,0.0,1.160445900894452,5.585433e-06
162.976,0.0,1.1600047328689862,5.509719e-06
162.976,0.0,1.1596115197533692,5.568843e-06
162.976,0.0,1.1591717653853233,5.383234e-06
162.976,0.0,1.158771765536354,5.43255e-06
162.976,0.0,1.1583665431939458,5.315494e-06
162.976,0.0,1.1579296862594075,5.357651e-06
162.976,0.0,1.157514188797424,5.044829e-06
162.976,0.0,1.1570921311616713,4.791349e-06
162.976,0.0,1.1566545217615904,4.921269e-06
162.976,0.0,1.1562522621657658,5.031936e-06
162.976,0.0,1.1558431340767088,5.057256e-06
162.976,0.0,1.155418778879252,5.143418e-06
162.976,0.0,1.154979989481515,5.223817e-06
162.976,0.0,1.1545859608509843,5.141221e-06
162.976,0.0,1.1541451177334974,5.14189e-06
162.976,0.0,1.1537463306982976,5.341601e-06
162.976,0.0,1.153334397387645,5.363399e-06
162.976,0.0,1.1528850697753414,5.303446e-06
162.976,0.0,1.1525058434918523,5.200243e-06
162.976,0.0,1.152067385966365,5.276001e-06
162.976,0.0,1.1516306297070937,5.269045e-06
162.976,0.0,1.1512389972003423,5.068767e-06
162.976,0.0,1.150831756677709,5.179623e-06
162.976,0.0,1.1504009844265584,5.135502e-06
162.976,0.0,1.1499981872094867,5.254318e-06
162.976,0.0,1.149557348549647,5.260386e-06
162.976,0.0,1.1491545837683212,5.255686e-06
162.976,0.0,1.1487330194159138,5.167807e-06
162.976,0.0,1.1483060868314225,5.183567e-06
162.976,0.0,1.1479176363903454,5.276743e-06
162.976,0.0,1.1474839455559658,5.110473e-06
162.976,0.0,1.1470439065837166,5.148351e-06
162.976,0.0,1.146649183014942,4.729969e-06
162.976,0.0,1.146209622714104,4.514412e-06
162.976,0.0,1.1457903616808203,4.722024e-06
162.976,0.0,1.1453651014237396,5.130554e-06
162.976,0.0,1.1449623321870002,4.979069e-06
162.976,0.0,1.1445217785062718,5.180045e-06
162.976,0.0,1.1441179603199956,5.042253e-06
162.976,0.0,1.1436871707543936,4.865607e-06
162.976,0.0,1.1432776972820682,4.882022e-06
162.976,0.0,1.1428743592733317,4.774105e-06
162.976,0.0,1.142466575115145,4.964822e-06
162.976,0.0,1.1420374530553983,4.948379e-06
162.976,0.0,1.141605213406208,5.266294e-06
162.976,0.0,1.1412076196988306,5.319918e-06
162.976,0.0,1.1407962706006738,5.557304e-06
162.976,0.0,1.1403926962994246,5.530805e-06
162.976,0.0,1.1399520470526794,5.809037e-06
162.976,0.0,1.139549213938271,5.732916e-06
162.976,0.0,1.1391113821538323,5.702168e-06
162.976,0.0,1.1387138141872546,5.548412e-06
162.976,0.0,1.1383002122503387,5.269656e-06
162.976,0.0,1.1378766827028328,4.904534e-06
162.976,0.0,1.1374393594150551,5.157097e-06
162.976,0.0,1.1370366479050382,5.005888e-06
162.976,0.0,1.1366000012190245,5.066642e-06
162.976,0.0,1.1361665086991979,5.042792e-06
162.976,0.0,1.1357662039819194,5.13719e-06
162.976,0.0,1.1353688555769477,5.038746e-06
162.976,0.0,1.1349411950651216,3.894209e-06
162.976,0.0,1.134500410405198,4.215515e-06
162.976,0.0,1.134100745411156,4.952599e-06
162.976,0.0,1.1336654273535522,5.46845e-06
162.976,0.0,1.133261116145615,5.409529e-06
162.976,0.0,1.1328538229032907,5.390903e-06
162.976,0.0,1.1324216619326917,5.241716e-06
162.976,0.0,1.13201882146032,5.184891e-06
162.976,0.0,1.13157694932963,5.16772e-06
162.976,0.0,1.1311757738175738,5.258131e-06
162.976,0.0,1.1307524419119097,4.804984e-06
162.976,0.0,1.1303173341994053,3.776004e-06
162.976,0.0,1.1299392152656011,2.906701e-06
162.976,0.0,1.1295055062644295,3.183013e-06
162.976,0.0,1.1290796049747382,3.086956e-06
162.976,0.0,1.1286707471529973,3.27098e-06
162.976,0.0,1.1282406960796805,3.642766e-06
162.976,0.0,1.1278275991388882,4.216548e-06
162.976,0.0,1.1274274601374863,5.027949e-06
162.976,0.0,1.1269877819097176,5.035312e-06
162.976,0.0,1.1265497851416029,5.089329e-06
162.976,0.0,1.1261508762494068,4.960762e-06
162.976,0.0,1.1257216188071202,4.98943e-06
162.976,0.0,1.125307403227053,4.952119e-06
162.976,0.0,1.1249052301052025,5.06053e-06
162.976,0.0,1.1244652089100566,5.174326e-06
162.976,0.0,1.124066656978813,5.136448e-06
162.976,0.0,1.123627206949243,4.715184e-06
162.976,0.0,1.1232110720217126,4.697664e-06
162.976,0.0,1.122814724660868,4.536691e-06
162.976,0.0,1.1223754031553779,4.924368e-06
162.976,0.0,1.1219841005298774,4.931368e-06
162.976,0.0,1.1215468525874963,4.999529e-06
162.976,0.0,1.121122259930437,4.889807e-06
162.976,0.0,1.1207349974613172,4.999121e-06
162.976,0.0,1.120308925526316,5.006354e-06
162.976,0.0,1.119884550945011,4.813875e-06
162.976,0.0,1.1194811390423225,4.844391e-06
162.976,0.0,1.1190446963878293,4.785528e-06
162.976,0.0,1.118641341592454,4.739122e-06
162.976,0.0,1.1182104606177632,4.80059e-06
162.976,0.0,1.1178017063893426,4.817353e-06
162.976,0.0,1.1174031345351367,5.066919e-06
162.976,0.0,1.1169657642568906,4.932095e-06
162.976,0.0,1.11654295572706,5.06478e-06
162.976,0.0,1.116126810860791,5.22894e-06
162.976,0.0,1.115694445929102,5.160822e-06
162.976,0.0,1.1152854480759822,5.18086e-06
162.976,0.0,1.1148818989161855,5.426991e-06
162.976,0.0,1.114433839781644,5.266978e-06
162.976,0.0,1.1140343437032372,5.339869e-06
162.976,0.0,1.1136173330156693,4.934569e-06
162.976,0.0,1.1131811531141653,4.953064e-06
162.976,0.0,1.1127987462237208,4.551795e-06
162.976,0.0,1.1123720334773608,4.338552e-06
162.976,0.0,1.1119381700462323,4.911868e-06
162.976,0.0,1.1115413448262983,4.72831e-06
162.976,0.0,1.111105504278967,4.84263e-06
162.976,0.0,1.1106742819843918,4.781075e-06
162.976,0.0,1.1102956118633227,5.164431e-06
162.976,0.0,1.109871612357019,4.819885e-06
162.976,0.0,1.1094170420440748,5.126683e-06
162.976,0.0,1.1090375357306121,4.765359e-06
162.976,0.0,1.1085987355333575,5.152935e-06
162.976,0.0,1.1081998820335548,4.905087e-06
162.976,0.0,1.107772907276139,4.874484e-06
162.976,0.0,1.107358351478594,4.567439e-06
162.976,0.0,1.1069265897790412,4.488509e-06
162.976,0.0,1.1064891350319295,4.473302e-06
162.976,0.0,1.1060928463070019,4.021014e-06
162.976,0.0,1.1056563402531765,4.225556e-06
162.976,0.0,1.1052291773295577,4.224581e-06
162.976,0.0,1.1048471057872506,4.665082e-06
162.976,0.0,1.1044203483456596,4.575952e-06
162.976,0.0,1.1039840211013743,4.7832e-06
162.976,0.0,1.1035668888930579,4.734131e-06
162.976,0.0,1.1031418387512741,4.803267e-06
162.976,0.0,1.102738523974599,4.721878e-06
162.976,0.0,1.102326927370597,4.635178e-06
162.976,0.0,1.1019314454746985,4.849309e-06
162.976,0.0,1.101499542717558,4.792833e-06
162.976,0.0,1.1010732950278963,4.565707e-06
162.976,0.0,1.1006675142262852,4.587244e-06
162.976,0.0,1.10023827082198,4.856352e-06
162.976,0.0,1.0998556071866241,5.014168e-06
162.976,0.0,1.099427622929417,4.958099e-06
162.976,0.0,1.0989880079875762,4.994756e-06
162.976,0.0,1.0985900963778368,4.837653e-06
162.976,0.0,1.098155736672269,4.600151e-06
162.976,0.0,1.0977276379552863,4.770685e-06
162.976,0.0,1.0973427363597643,4.842281e-06
162.976,0.0,1.0969147882389358,5.005801e-06
162.976,0.0,1.096473979059577,5.280745e-06
162.976,0.0,1.0960794226141721,5.139547e-06
162.976,0.0,1.0956390990471174,5.256035e-06
162.976,0.0,1.095207480778885,4.921691e-06
162.976,0.0,1.0948091880856048,4.766727e-06
162.976,0.0,1.0943977597252526,4.810965e-06
162.976,0.0,1.093981188623359,4.594505e-06
162.976,0.0,1.0935538304872912,4.687521e-06
162.976,0.0,1.093118716886303,5.073642e-06
162.976,0.0,1.0927317292301573,5.088092e-06
162.976,0.0,1.0922943078692757,5.001901e-06
162.976,0.0,1.0919110976482682,5.302601e-06
162.976,0.0,1.0914712120276069,5.146649e-06
162.976,0.0,1.09104929653387,5.283611e-06
162.976,0.0,1.0906313488819257,5.283306e-06
162.976,0.0,1.0902023516105945,5.413967e-06
162.976,0.0,1.0897840726248673,5.639216e-06
162.976,0.0,1.0893936055882982,5.709851e-06
162.976,0.0,1.0889532560843702,5.417314e-06
162.976,0.0,1.08854267059586,5.326146e-06
162.976,0.0,1.088112508035953,5.252004e-06
162.976,0.0,1.0877103147306155,5.231035e-06
162.976,0.0,1.0872926339064612,4.652407e-06
162.976,0.0,1.0868647074025468,3.088353e-06
162.976,0.0,1.0864593470408679,3.339519e-06
162.976,0.0,1.0860310343863837,4.905203e-06
162.976,0.0,1.0855931120592253,4.789705e-06
162.976,0.0,1.0851584080595655,4.954447e-06
162.976,0.0,1.0847819990622336,5.195368e-06
162.976,0.0,1.0843534132476886,5.057795e-06
162.976,0.0,1.0839483576655136,5.168913e-06
162.976,0.0,1.0835140686829678,4.899819e-06
162.976,0.0,1.083084497201161,5.19224e-06
162.976,0.0,1.0826549536451784,5.138296e-06
162.976,0.0,1.0822689006631547,5.075854e-06
162.976,0.0,1.081864512166738,5.156588e-06
162.976,0.0,1.0814289921979476,5.023365e-06
162.976,0.0,1.0810156015607035,4.913163e-06
162.976,0.0,1.0805892462721816,4.877525e-06
162.976,0.0,1.0801820681542593,4.860864e-06
162.976,0.0,1.0797571222884201,4.782603e-06
162.976,0.0,1.079381429989744,4.870555e-06
162.976,0.0,1.078944615162829,4.659785e-06
162.976,0.0,1.0785078908163401,4.844696e-06
162.976,0.0,1.0781088479657803,4.725647e-06
162.976,0.0,1.077679303688119,4.795918e-06
162.976,0.0,1.0772625841200085,4.847141e-06
162.976,0.0,1.0768390296577133,5.136404e-06
162.976,0.0,1.0764404544392816,5.17955e-06
162.976,0.0,1.0760066338762626,5.240974e-06
162.976,0.0,1.0755643835156286,5.262773e-06
162.976,0.0,1.075159835234743,5.109046e-06
162.976,0.0,1.0747358253128758,4.88048e-06
162.976,0.0,1.0743129656616368,4.598653e-06
162.976,0.0,1.07392557567439,4.48944e-06
162.976,0.0,1.0734941211972107,4.442132e-06
162.976,0.0,1.0730678781591403,4.215268e-06
162.976,0.0,1.0726559016516237,4.251691e-06
162.976,0.0,1.072223751052305,4.652247e-06
162.976,0.0,1.071821403453583,4.881629e-06
162.976,0.0,1.0714177137009193,4.873902e-06
162.976,0.0,1.0709825675817732,4.933579e-06
162.976,0.0,1.0705574691099538,4.771544e-06
162.976,0.0,1.0701453342985152,4.759364e-06
162.976,0.0,1.0697456639158056,4.729256e-06
162.976,0.0,1.0693061019156294,4.690752e-06
162.976,0.0,1.0689030828381405,4.40584e-06
162.976,0.0,1.0684901964617715,4.32822e-06
162.976,0.0,1.0680671377014441,4.54353e-06
162.976,0.0,1.0676276337074784,4.690548e-06
162.976,0.0,1.0672202063152791,4.455316e-06
162.976,0.0,1.0667851161740711,4.520829e-06
162.976,0.0,1.0663859906215856,4.800269e-06
162.976,0.0,1.0659467460603815,4.667236e-06
162.976,0.0,1.0655271724986628,4.562069e-06
162.976,0.0,1.0651176856588882,4.607034e-06
162.976,0.0,1.0647131378181127,4.574162e-06
162.976,0.0,1.0642739858138415,4.714457e-06
162.976,0.0,1.063873020321228,4.524598e-06
162.976,0.0,1.0634626297304164,4.643749e-06
162.976,0.0,1.0630333843492532,4.281217e-06
162.976,0.0,1.0626009829080838,3.867317e-06
162.976,0.0,1.0621939631151185,3.340654e-06
162.976,0.0,1.0617991771252884,3.809284e-06
162.976,0.0,1.0613646662431504,3.037669e-06
162.976,0.0,1.0609558634066898,3.399182e-06
162.976,0.0,1.0605421501393573,3.668203e-06
162.976,0.0,1.0601264746144152,4.248286e-06
162.976,0.0,1.0596890788552427,4.586924e-06
162.976,0.0,1.0592911307088233,4.464076e-06
162.976,0.0,1.0588918330254091,4.162241e-06
162.976,0.0,1.0584481338867842,4.406844e-06
162.976,0.0,1.0580347166582893,4.501126e-06
162.976,0.0,1.05761626746187,4.523172e-06
162.976,0.0,1.0571763631981492,4.674745e-06
162.976,0.0,1.0567673189343911,4.644782e-06
162.976,0.0,1.0563424947067332,4.438232e-06
162.976,0.0,1.05593473676296,4.34932e-06
162.976,0.0,1.0555186529677947,4.25156e-06
162.976,0.0,1.055098151892403,4.305373e-06
162.976,0.0,1.0546608370312887,4.36636e-06
162.976,0.0,1.054258687348468,4.245492e-06
162.976,0.0,1.053855454642415,4.422924e-06
162.976,0.0,1.0534169691683264,4.457586e-06
162.976,0.0,1.0529959300091394,4.356334e-06
162.976,0.0,1.0525918568095318,4.272486e-06
162.976,0.0,1.052185150479118,4.342612e-06
162.976,0.0,1.0517472510838226,4.43001e-06
162.976,0.0,1.0513467310929818,4.369896e-06
162.976,0.0,1.0509222485391738,4.234549e-06
162.976,0.0,1.050504716663226,4.195565e-06
162.976,0.0,1.0500777816995912,4.241694e-06
162.976,0.0,1.0496674736153617,4.255256e-06
162.976,0.0,1.0492650244863537,4.40517e-06
162.976,0.0,1.0488290448262565,3.978406e-06
162.976,0.0,1.048426368242141,4.1725e-06
162.976,0.0,1.0480119539751966,4.298112e-06
162.976,0.0,1.0475660130160673,4.004542e-06
162.976,0.0,1.0471523267786562,3.84447e-06
162.976,0.0,1.0467066627113402,3.734385e-06
162.976,0.0,1.046311400205588,3.815308e-06
162.976,0.0,1.0459069314040823,3.631183e-06
162.976,0.0,1.0454685775495165,3.80764e-06
162.976,0.0,1.0450467489601918,3.966168e-06
162.976,0.0,1.0446368924345046,3.538502e-06
162.976,0.0,1.0441978119377566,3.688692e-06
162.976,0.0,1.0437951696371834,3.759807e-06
162.976,0.0,1.043399570762423,3.595036e-06
162.976,0.0,1.0429637029692613,3.642068e-06
162.976,0.0,1.0425425181760313,3.538487e-06
162.976,0.0,1.042129642134234,3.627822e-06
162.976,0.0,1.041726011508313,3.520225e-06
162.976,0.0,1.0413242980355242,3.615904e-06
162.976,0.0,1.040886473489893,3.796609e-06
162.976,0.0,1.0404742040237984,3.693902e-06
162.976,0.0,1.0400626269189335,3.802619e-06
162.976,0.0,1.0396521392686935,3.688052e-06
162.976,0.0,1.039209509560969,3.875131e-06
162.976,0.0,1.0388132114656925,3.811307e-06
162.976,0.0,1.0384119955352478,3.730005e-06
162.976,0.0,1.0379747356990656,3.53207e-06
162.976,0.0,1.0375534572212741,2.874192e-06
162.976,0.0,1.0371385371097128,3.272537e-06
162.976,0.0,1.0367034635257435,3.852401e-06
162.976,0.0,1.0363035945122072,3.739915e-06
162.976,0.0,1.0358658907605172,3.954774e-06
162.976,0.0,1.0354586192225927,3.794339e-06
162.976,0.0,1.035024317659981,4.038244e-06
162.976,0.0,1.034598400582035,4.060887e-06
162.976,0.0,1.034190792357387,3.946639e-06
162.976,0.0,1.033788585269357,3.5095e-06
162.976,0.0,1.0333880305173615,3.933907e-06
162.976,0.0,1.032945183305251,3.416091e-06
162.976,0.0,1.0325323214171125,3.831621e-06
162.976,0.0,1.0321193231405288,3.861409e-06
162.976,0.0,1.031681677767668,3.9234e-06
162.976,0.0,1.0312768194327857,3.888359e-06
162.976,0.0,1.0308751092304729,3.728186e-06
162.976,0.0,1.0304373865360228,3.822512e-06
162.976,0.0,1.0300107561998548,3.481589e-06
162.976,0.0,1.029601928814813,3.062654e-06
162.976,0.0,1.0291952815334233,3.236695e-06
162.976,0.0,1.028758315906953,3.718844e-06
162.976,0.0,1.0283601123399908,4.051239e-06
162.976,0.0,1.0279396413461936,3.934751e-06
162.976,0.0,1.027506999581176,3.817739e-06
162.976,0.0,1.0270913639001091,3.204521e-06
162.976,0.0,1.0266819168461234,3.041598e-06
162.976,0.0,1.02624384514725,2.792091e-06
162.976,0.0,1.0258430793291664,3.241075e-06
162.976,0.0,1.0254068730799686,3.793524e-06
162.976,0.0,1.0249854718059552,3.708861e-06
162.976,0.0,1.0245781224659216,3.781592e-06
162.976,0.0,1.0241353515685812,3.701964e-06
162.976,0.0,1.0237360106605908,3.813533e-06
162.976,0.0,1.02333715268716,3.769979e-06
162.976,0.0,1.0229043702350464,3.879293e-06
162.976,0.0,1.0224910779024672,3.664638e-06
162.976,0.0,1.022081683300449,3.595342e-06
162.976,0.0,1.0216364503066009,3.818015e-06
162.976,0.0,1.021235924653095,3.616384e-06
162.976,0.0,1.020834071779084,3.586902e-06
162.976,0.0,1.02042903030013,3.636364e-06
162.976,0.0,1.0199942023460091,3.74917e-06
162.976,0.0,1.0195680884903568,3.362627e-06
162.976,0.0,1.0191553965269142,2.689005e-06
162.976,0.0,1.018757121067559,2.344692e-06
162.976,0.0,1.01832031282809,2.971239e-06
162.976,0.0,1.0179066371128969,3.267603e-06
162.976,0.0,1.0174906236991428,3.614899e-06
162.976,0.0,1.017061813168606,3.824665e-06
162.976,0.0,1.0166446847951975,3.637688e-06
162.976,0.0,1.0162405762594935,3.725901e-06
162.976,0.0,1.0158007025201112,3.93654e-06
162.976,0.0,1.0154010982364616,3.520516e-06
162.976,0.0,1.0149861573933823,4.002635e-06
162.976,0.0,1.0145373460081173,3.727764e-06
162.976,0.0,1.014131179542303,3.865629e-06
162.976,0.0,1.0137279086618471,3.825437e-06
162.976,0.0,1.0132898770325662,3.740497e-06
162.976,0.0,1.012891190324238,4.049245e-06
162.976,0.0,1.0124846696606413,3.721696e-06
162.976,0.0,1.0120402577297056,4.048634e-06
162.976,0.0,1.011628021611532,4.187474e-06
162.976,0.0,1.0112299894923629,3.932626e-06
162.976,0.0,1.0107946681873672,4.120069e-06
162.976,0.0,1.0103956811934978,4.029309e-06
162.976,0.0,1.0099812952906575,4.254092e-06
162.976,0.0,1.0095317950583116,4.260597e-06
162.976,0.0,1.009116498185598,4.430491e-06
162.976,0.0,1.0087114666485906,4.614601e-06
162.976,0.0,1.0082969589276247,4.27624e-06
162.976,0.0,1.0078756895630732,4.383677e-06
162.976,0.0,1.0074645754924674,4.217887e-06
162.976,0.0,1.007039218667319,4.140195e-06
162.976,0.0,1.0066054227361334,4.181638e-06
162.976,0.0,1.0061968453608963,4.039917e-06
162.976,0.0,1.0057602001177357,4.108384e-06
162.976,0.0,1.0053580602838157,3.928042e-06
162.976,0.0,1.0049472818539447,3.917085e-06
162.976,0.0,1.0045038311276184,3.763082e-06
162.976,0.0,1.004090646530496,3.815047e-06
162.976,0.0,1.0036860414746578,3.844587e-06
162.976,0.0,1.0032484699860724,4.311281e-06
162.976,0.0,1.002849926418999,4.024507e-06
162.976,0.0,1.0024421736404932,3.615976e-06
162.976,0.0,1.0020089980235956,3.002322e-06
162.976,0.0,1.001580750438484,3.32034e-06
162.976,0.0,1.00117263770931,2.78691e-06
162.976,0.0,1.0007752664038472,2.991146e-06
162.976,0.0,1.0003699226465472,3.440815e-06
162.976,0.0,0.9999318617196242,3.871362e-06
162.976,0.0,0.9995249058018578,4.064888e-06
162.976,0.0,0.9991086967137279,3.731257e-06
162.976,0.0,0.9986727752345984,3.76704e-06
162.976,0.0,0.9982728446796596,3.714944e-06
162.976,0.0,0.9978683309727685,3.739551e-06
162.976,0.0,0.9974294001021798,3.569934e-06
162.976,0.0,0.997016053330311,3.725727e-06
162.976,0.0,0.9965676171211286,3.902212e-06
162.976,0.0,0.996158563988432,3.686117e-06
162.976,0.0,0.9957614887937508,3.857072e-06
162.976,0.0,0.9953215831802409,4.023022e-06
162.976,0.0,0.9949160231501872,3.863359e-06
162.976,0.0,0.9945024480572525,3.788184e-06
162.976,0.0,0.9940806777319914,3.644644e-06
162.976,0.0,0.9936472625112857,4.005677e-06
162.976,0.0,0.993245425937074,3.703419e-06
162.976,0.0,0.9928446313630057,3.616864e-06
162.976,0.0,0.9924073175254383,3.788184e-06
162.976,0.0,0.9919926903551668,3.513371e-06
162.976,0.0,0.99158256957666,4.098401e-06
162.976,0.0,0.9911391274353569,4.20204e-06
162.976,0.0,0.990738797454303,4.359943e-06
162.976,0.0,0.9903377846087033,4.131725e-06
162.976,0.0,0.9898980896322421,4.379486e-06
162.976,0.0,0.9894839872765954,4.015325e-06
162.976,0.0,0.9890692454660972,4.209651e-06
162.976,0.0,0.9886585093491067,4.339512e-06
162.976,0.0,0.988218767269115,4.476024e-06
162.976,0.0,0.9878172884837031,4.833419e-06
162.976,0.0,0.9874122665611815,4.945614e-06
162.976,0.0,0.986977453467009,4.844274e-06
162.976,0.0,0.9865520847554705,4.629299e-06
162.976,0.0,0.9861092624718457,4.299116e-06
162.976,0.0,0.9856896665390149,4.213638e-06
162.976,0.0,0.9852905158087274,4.699337e-06
162.976,0.0,0.9848674125355216,4.860587e-06
162.976,0.0,0.984457305337689,4.963891e-06
162.976,0.0,0.9840428612256208,5.090405e-06
162.976,0.0,0.9836005146168764,5.0417e-06
162.976,0.0,0.9831956520009514,4.900518e-06
162.976,0.0,0.9827975934567887,4.86408e-06
162.976,0.0,0.9823592124634412,4.455957e-06
162.976,0.0,0.9819498462184622,3.909547e-06
162.976,0.0,0.9815371613594569,3.955618e-06
162.976,0.0,0.9811234975752822,4.508969e-06
162.976,0.0,0.9807220403170178,4.635294e-06
162.976,0.0,0.9802817107539478,4.832604e-06
162.976,0.0,0.97987315976956,4.754867e-06
162.976,0.0,0.9794698830877878,4.913876e-06
162.976,0.0,0.9790437591072089,4.952715e-06
162.976,0.0,0.9786117834365566,4.800619e-06
162.976,0.0,0.9782053548865975,4.902904e-06
162.976,0.0,0.9777733727171156,4.912654e-06
162.976,0.0,0.9773732198195705,4.76322e-06
162.976,0.0,0.9769604548450014,4.8207e-06
162.976,0.0,0.9765316474313271,5.047536e-06
162.976,0.0,0.9761008206914872,5.117006e-06
162.976,0.0,0.9756947078516511,5.106631e-06
162.976,0.0,0.9752550877632983,4.980713e-06
162.976,0.0,0.9748435720592099,5.008624e-06
162.976,0.0,0.9744449962554356,4.589136e-06
162.976,0.0,0.97401479529721,4.89215e-06
162.976,0.0,0.9735882310289538,5.038339e-06
162.976,0.0,0.9731782171129398,4.972215e-06
162.976,0.0,0.9727679909455695,5.017631e-06
162.976,0.0,0.9723278833416049,5.084701e-06
162.976,0.0,0.9719165832795557,5.010166e-06
162.976,0.0,0.9715013909898847,4.950969e-06
162.976,0.0,0.9710870670509729,4.83144e-06
162.976,0.0,0.9706767321113301,4.760019e-06
162.976,0.0,0.9702547895902405,4.559712e-06
162.976,0.0,0.9698400782495012,4.260291e-06
162.976,0.0,0.9694388948532311,4.869609e-06
162.976,0.0,0.9690090517473073,4.803718e-06
162.976,0.0,0.9685824545190631,4.859641e-06
162.976,0.0,0.9681709942538603,4.657108e-06
162.976,0.0,0.9677467525297663,4.699192e-06
162.976,0.0,0.967329890163328,4.70232e-06
162.976,0.0,0.9669250524753529,4.65085e-06
162.976,0.0,0.9664779465004042,4.792018e-06
162.976,0.0,0.9660635341425043,4.943649e-06
162.976,0.0,0.9656504876047124,4.847141e-06
162.976,0.0,0.9652105892859983,4.843547e-06
162.976,0.0,0.9648086549034007,4.890142e-06
162.976,0.0,0.9644050554806904,4.787318e-06
162.976,0.0,0.9639678626447801,4.770656e-06
162.976,0.0,0.963538662085764,4.843649e-06
162.976,0.0,0.9631346516225976,4.614922e-06
162.976,0.0,0.9627084345691874,4.778514e-06
162.976,0.0,0.9623079298492107,4.796515e-06
162.976,0.0,0.961907499850134,5.114591e-06
162.976,0.0,0.9614742495077823,5.107431e-06
162.976,0.0,0.9610509535171822,4.993301e-06
162.976,0.0,0.9606360556293361,4.870686e-06
162.976,0.0,0.96023222046882,4.862261e-06
162.976,0.0,0.9598302684675881,4.710848e-06
162.976,0.0,0.9593891547832571,4.717425e-06
162.976,0.0,0.9589764181037486,4.82444e-06
162.976,0.0,0.9585638198859039,4.725793e-06
162.976,0.0,0.9581491126322942,4.474321e-06
162.976,0.0,0.9577076442815496,5.034424e-06
162.976,0.0,0.9573058682958561,5.022768e-06
162.976,0.0,0.9568904556453706,4.941146e-06
162.976,0.0,0.9564601983828299,4.769405e-06
162.976,0.0,0.9560463279510125,4.576446e-06
162.976,0.0,0.9556302367848262,4.594753e-06
162.976,0.0,0.9551913618869048,4.544767e-06
162.976,0.0,0.9547891531506392,4.135116e-06
162.976,0.0,0.9543867859098998,4.410351e-06
162.976,0.0,0.9539481704375911,4.200352e-06
162.976,0.0,0.9535293929238399,4.533242e-06
162.976,0.0,0.9531149398659697,4.548114e-06
162.976,0.0,0.9526952335274825,4.703528e-06
162.976,0.0,0.9522709359842705,4.380418e-06
162.976,0.0,0.9518691670643916,4.582835e-06
162.976,0.0,0.9514615556649737,4.566915e-06
162.976,0.0,0.951032955199044,4.331581e-06
162.976,0.0,0.9506068817275132,4.70526e-06
162.976,0.0,0.9502029727833275,4.386267e-06
162.976,0.0,0.9497676560386152,4.382367e-06
162.976,0.0,0.9493665730061767,4.419737e-06
162.976,0.0,0.9489572147267539,4.583504e-06
162.976,0.0,0.9485291399902196,4.381815e-06
162.976,0.0,0.9480972045556311,4.511399e-06
162.976,0.0,0.9476744925806797,4.50261e-06
162.976,0.0,0.9472539085033651,4.477944e-06
162.976,0.0,0.9468383068053312,4.617745e-06
162.976,0.0,0.946416743940228,4.562171e-06
162.976,0.0,0.9460023977394328,4.638932e-06
162.976,0.0,0.9455809381226397,4.669811e-06
162.976,0.0,0.9451416049838818,4.439935e-06
162.976,0.0,0.9447401447537429,4.527581e-06
162.976,0.0,0.9443407370285524,4.081114e-06
162.976,0.0,0.9439025161288273,4.245507e-06
162.976,0.0,0.9434790014604497,4.422021e-06
162.976,0.0,0.9430770872632066,4.199595e-06
162.976,0.0,0.94266549201324,4.355621e-06
162.976,0.0,0.9422477764712278,4.240399e-06
162.976,0.0,0.9418241002262918,4.115907e-06
162.976,0.0,0.9414211904197043,3.988884e-06
162.976,0.0,0.941009130252905,4.015077e-06
162.976,0.0,0.9405910892062324,4.148198e-06
162.976,0.0,0.9401518668403417,4.102665e-06
162.976,0.0,0.9397496609226784,3.951529e-06
162.976,0.0,0.9393468752628589,3.907495e-06
162.976,0.0,0.9389096717615631,3.748966e-06
162.976,0.0,0.9384958917128443,3.787034e-06
162.976,0.0,0.9380817261781824,3.849738e-06
162.976,0.0,0.9376371186331609,3.987312e-06
162.976,0.0,0.9372363064861633,4.24718e-06
162.976,0.0,0.936825267029002,4.087022e-06
162.976,0.0,0.9364015230432048,3.85991e-06
162.976,0.0,0.9359871324048028,4.009737e-06
162.976,0.0,0.9355602610714464,3.957757e-06
162.976,0.0,0.9351272633112541,3.939771e-06
162.976,0.0,0.9347234725151172,3.697642e-06
162.976,0.0,0.9343224694835727,3.71768e-06
162.976,0.0,0.9338849226849222,4.140864e-06
162.976,0.0,0.9334747326750557,4.172718e-06
162.976,0.0,0.9330611649755711,4.282847e-06
162.976,0.0,0.9326306941553916,4.107424e-06
162.976,0.0,0.9322112825625635,3.809066e-06
162.976,0.0,0.9318132298905932,4.023663e-06
162.976,0.0,0.9313749721463868,3.88654e-06
162.976,0.0,0.9309642779772187,3.977257e-06
162.976,0.0,0.9305494305725028,3.865425e-06
162.976,0.0,0.9301336377484035,3.680121e-06
162.976,0.0,0.9297025366659838,3.964829e-06
162.976,0.0,0.9292996977798944,3.934358e-06
162.976,0.0,0.9289005546176741,3.716937e-06
162.976,0.0,0.9284627887276342,3.909838e-06
162.976,0.0,0.9280411818518755,3.679452e-06
162.976,0.0,0.9276136752096268,3.726178e-06
162.976,0.0,0.9271918425072421,3.823225e-06
162.976,0.0,0.9267852529466719,3.630586e-06
162.976,0.0,0.926347464355592,3.677647e-06
162.976,0.0,0.9259376002286115,3.576424e-06
162.976,0.0,0.9255255789674108,3.532914e-06
162.976,0.0,0.9251116756992349,3.909896e-06
162.976,0.0,0.9246714095486086,3.706489e-06
162.976,0.0,0.9242727155450132,3.621011e-06
162.976,0.0,0.923866607513986,3.628389e-06
162.976,0.0,0.9234287069520548,3.709923e-06
162.976,0.0,0.9230147133770437,4.117726e-06
162.976,0.0,0.9226012442738722,3.827401e-06
162.976,0.0,0.9221927969222082,3.727211e-06
162.976,0.0,0.9217470403641387,3.721783e-06
162.976,0.0,0.9213504753102753,3.385794e-06
162.976,0.0,0.920943051520354,3.355119e-06
162.976,0.0,0.9205318103085997,3.705718e-06
162.976,0.0,0.920085281602516,3.883382e-06
162.976,0.0,0.9196754023159052,3.790585e-06
162.976,0.0,0.9192791658060577,3.91608e-06
162.976,0.0,0.9188428558390886,4.039146e-06
162.976,0.0,0.9184370896277485,3.974812e-06
162.976,0.0,0.9180229863322882,4.130838e-06
162.976,0.0,0.9176025066602813,3.973561e-06
162.976,0.0,0.9171653735816194,3.965964e-06
162.976,0.0,0.9167677720597707,4.105546e-06
162.976,0.0,0.9163251428401717,3.86592e-06
162.976,0.0,0.9159237081824844,3.790134e-06
162.976,0.0,0.9155108201578812,3.815716e-06
162.976,0.0,0.9150881361461431,3.761699e-06
162.976,0.0,0.9146486750454569,3.889421e-06
162.976,0.0,0.9142501580658589,3.770314e-06
162.976,0.0,0.9138416425884395,4.0265e-06
162.976,0.0,0.9134117371943414,3.927242e-06
162.976,0.0,0.9129988686099251,3.37715e-06
162.976,0.0,0.912577911439341,2.995148e-06
162.976,0.0,0.912146102654151,2.402579e-06
162.976,0.0,0.9117428642860161,2.926172e-06
162.976,0.0,0.9113405782659689,3.730485e-06
162.976,0.0,0.9108859371016125,4.067566e-06
162.976,0.0,0.9104841055097297,4.120098e-06
162.976,0.0,0.9100685157972391,4.12068e-06
162.976,0.0,0.9096416352339564,4.075293e-06
162.976,0.0,0.9092541855444426,4.091562e-06
162.976,0.0,0.9088022999982859,3.85959e-06
162.976,0.0,0.908413242205393,3.887937e-06
162.976,0.0,0.9079997326674449,3.862631e-06
162.976,0.0,0.9075519849138098,3.859692e-06
162.976,0.0,0.9071412557272182,3.880254e-06
162.976,0.0,0.9067101996099954,4.130081e-06
162.976,0.0,0.9063045715623695,4.203626e-06
162.976,0.0,0.9058665019277603,4.232221e-06
162.976,0.0,0.9054412944080115,4.164496e-06
162.976,0.0,0.9050425811517079,3.384295e-06
162.976,0.0,0.9046128873113327,3.880064e-06
162.976,0.0,0.9041953322257656,4.309943e-06
162.976,0.0,0.9037960092851532,4.225571e-06
162.976,0.0,0.9033960497638207,4.06224e-06
162.976,0.0,0.9029584766769035,3.802095e-06
162.976,0.0,0.9025354217198862,3.668407e-06
162.976,0.0,0.9021220076929453,3.896028e-06
162.976,0.0,0.9017159985337229,3.896552e-06
162.976,0.0,0.9012786735476251,3.936511e-06
162.976,0.0,0.9008828572076589,4.051049e-06
162.976,0.0,0.9004750083593204,3.732537e-06
162.976,0.0,0.9000504899759052,3.795998e-06
162.976,0.0,0.8996031790801261,3.855239e-06
162.976,0.0,0.8992138286968263,4.05949e-06
162.976,0.0,0.8988015827066305,4.702248e-06
162.976,0.0,0.8983824448079208,4.553905e-06
162.976,0.0,0.8979691625603449,4.010857e-06
162.976,0.0,0.8975272976051176,3.897701e-06
162.976,0.0,0.8971156517621094,4.094545e-06
162.976,0.0,0.8967093311666791,4.257279e-06
162.976,0.0,0.8962690457052873,4.558256e-06
162.976,0.0,0.8958678626881148,4.428599e-06
162.976,0.0,0.8954567345730791,4.672504e-06
162.976,0.0,0.8950103080927551,4.696645e-06
162.976,0.0,0.8945961118219881,4.74925e-06
162.976,0.0,0.8941880806693226,4.673508e-06
162.976,0.0,0.8937568798771705,4.604575e-06
162.976,0.0,0.8933515028523658,4.791902e-06
162.976,0.0,0.8929432392569971,4.632224e-06
162.976,0.0,0.892529489141345,4.543443e-06
162.976,0.0,0.8920852205926431,4.467234e-06
162.976,0.0,0.891676827563408,4.274407e-06
162.976,0.0,0.8912756383589604,4.219197e-06
162.976,0.0,0.8908353103072516,4.103757e-06
162.976,0.0,0.8904294213679822,3.791036e-06
162.976,0.0,0.8900157227797604,3.920853e-06
162.976,0.0,0.8895979925390034,3.773923e-06
162.976,0.0,0.8891612024083958,3.355352e-06
162.976,0.0,0.8887609656043957,3.61097e-06
162.976,0.0,0.8883582793560431,3.583089e-06
162.976,0.0,0.8879220675405175,3.216221e-06
162.976,0.0,0.8875097238758688,3.377412e-06
162.976,0.0,0.8870901267652829,3.282112e-06
162.976,0.0,0.886653771614568,3.691996e-06
162.976,0.0,0.8862276917866551,4.13743e-06
162.976,0.0,0.8858143166921898,4.602683e-06
162.976,0.0,0.8854108941577323,4.450922e-06
162.976,0.0,0.8849746380692489,4.092595e-06
162.976,0.0,0.8845528082316957,3.418216e-06
162.976,0.0,0.8841414996005598,3.958907e-06
162.976,0.0,0.8837077054134698,4.574977e-06
162.976,0.0,0.88330218959695,4.897578e-06
162.976,0.0,0.8829027311359967,5.044349e-06
162.976,0.0,0.8824894536659792,4.845584e-06
162.976,0.0,0.8820636968756502,4.868314e-06
162.976,0.0,0.881626833147507,4.890637e-06
162.976,0.0,0.8812253187386562,4.908827e-06
162.976,0.0,0.8808267758593578,5.026814e-06
162.976,0.0,0.8804208737807293,4.891161e-06
162.976,0.0,0.8799761118995995,4.863323e-06
162.976,0.0,0.8795638717261057,4.899033e-06
162.976,0.0,0.8791526441582426,4.955786e-06
162.976,0.0,0.878702708824342,4.813075e-06
162.976,0.0,0.8783114658725555,4.856716e-06
162.976,0.0,0.8779139050313768,4.918751e-06
162.976,0.0,0.8774799699416881,4.795947e-06
162.976,0.0,0.8770542872072478,4.941685e-06
162.976,0.0,0.8766393560738256,4.762784e-06
162.976,0.0,0.8761996119218659,4.784786e-06
162.976,0.0,0.8758011520877584,4.689515e-06
162.976,0.0,0.8753997817312391,4.453468e-06
162.976,0.0,0.8749622497141317,4.652306e-06
162.976,0.0,0.8745397427944922,4.708359e-06
162.976,0.0,0.8741276975118019,4.52665e-06
162.976,0.0,0.8736920655250545,4.291331e-06
162.976,0.0,0.8732868482414383,3.930938e-06
162.976,0.0,0.8728942301056927,4.186586e-06
162.976,0.0,0.8724574269306091,4.43864e-06
162.976,0.0,0.8720366112288842,4.551315e-06
162.976,0.0,0.8716221485840547,4.516842e-06
162.976,0.0,0.8712169577265992,4.28177e-06
162.976,0.0,0.8707757613827997,4.082525e-06
162.976,0.0,0.8703733722502297,4.145069e-06
162.976,0.0,0.8699626533734505,4.478337e-06
162.976,0.0,0.8695333313075397,4.536443e-06
162.976,0.0,0.8691000935331054,4.571149e-06
162.976,0.0,0.868696255150636,4.61645e-06
162.976,0.0,0.8682980010354362,4.655783e-06
162.976,0.0,0.867860020816429,4.539746e-06
162.976,0.0,0.86745353669344,4.751433e-06
162.976,0.0,0.8670252450725574,4.661313e-06
162.976,0.0,0.8665930034774425,4.788031e-06
162.976,0.0,0.8661829236014383,4.697184e-06
162.976,0.0,0.8657413205238,4.532994e-06
162.976,0.0,0.8653406193066383,4.676098e-06
162.976,0.0,0.8649382758152333,4.596121e-06
162.976,0.0,0.8644915625939625,4.631816e-06
162.976,0.0,0.8640789235120001,4.743953e-06
162.976,0.0,0.8636759799310161,4.677611e-06
162.976,0.0,0.8632376632380883,4.754518e-06
162.976,0.0,0.8628449014876651,4.874018e-06
162.976,0.0,0.862406042909335,4.930509e-06
162.976,0.0,0.8620050644314514,4.955524e-06
162.976,0.0,0.8615790194394827,5.123133e-06
162.976,0.0,0.861170344405019,5.116861e-06
162.976,0.0,0.8607688322228144,5.104055e-06
162.976,0.0,0.8603344878922599,5.006164e-06
162.976,0.0,0.8599314494927169,4.825881e-06
162.976,0.0,0.8595012542939566,4.789195e-06
162.976,0.0,0.8590761793241769,4.696936e-06
162.976,0.0,0.8586703415135003,4.488887e-06
162.976,0.0,0.8582691257265117,4.531059e-06
162.976,0.0,0.8578295949723852,4.584203e-06
162.976,0.0,0.8574252021777302,4.626912e-06
162.976,0.0,0.8569908645774371,4.64062e-06
162.976,0.0,0.8565641948631837,4.656191e-06
162.976,0.0,0.8561500365313145,4.619607e-06
162.976,0.0,0.8557213451776495,4.549816e-06
162.976,0.0,0.8553111873614512,4.594331e-06
162.976,0.0,0.8549092109860041,4.586502e-06
162.976,0.0,0.8544748388317435,4.437868e-06
162.976,0.0,0.854050213356943,3.946436e-06
162.976,0.0,0.853636567971583,3.913272e-06
162.976,0.0,0.8532353528937047,4.527625e-06
162.976,0.0,0.8527979927272061,4.48717e-06
162.976,0.0,0.8523858766093649,4.224275e-06
162.976,0.0,0.851989777486257,3.981258e-06
162.976,0.0,0.8515442958710083,3.514011e-06
162.976,0.0,0.8511307441765109,3.662077e-06
162.976,0.0,0.850730712936585,3.843525e-06
162.976,0.0,0.8502945026377015,4.24248e-06
162.976,0.0,0.8498918549387534,3.973328e-06
162.976,0.0,0.8494792091619523,3.823268e-06
162.976,0.0,0.849055202277734,3.794194e-06
162.976,0.0,0.8486216774120088,3.482972e-06
162.976,0.0,0.8482170143846306,3.810317e-06
162.976,0.0,0.8478028764348626,4.012487e-06
162.976,0.0,0.8473759473078825,3.654641e-06
162.976,0.0,0.8469644340303448,4.023779e-06
162.976,0.0,0.8465257835145636,4.080212e-06
162.976,0.0,0.8461044180048936,4.119735e-06
162.976,0.0,0.8456738664640557,4.293994e-06
162.976,0.0,0.8452705924494681,4.019996e-06
162.976,0.0,0.8448692303598966,4.03091e-06
162.976,0.0,0.844428417133855,3.979279e-06
162.976,0.0,0.8440103172409968,3.990659e-06
162.976,0.0,0.8435865115814059,4.13286e-06
162.976,0.0,0.8431877045802141,4.009678e-06
162.976,0.0,0.8427713815924575,4.098911e-06
162.976,0.0,0.8423427654861504,3.994428e-06
162.976,0.0,0.8419446588828183,4.045738e-06
162.976,0.0,0.8415298506703695,4.154077e-06
162.976,0.0,0.841112186549853,4.070724e-06
162.976,0.0,0.8406771773402087,3.78117e-06
162.976,0.0,0.8402790862325662,3.681766e-06
162.976,0.0,0.8398775215145249,3.851324e-06
162.976,0.0,0.8394421014158026,3.734895e-06
162.976,0.0,0.8390244809840912,3.988258e-06
162.976,0.0,0.8386118865191466,3.84271e-06
162.976,0.0,0.838172315180017,3.907408e-06
162.976,0.0,0.8377700849566075,4.052476e-06
162.976,0.0,0.8373696160450093,3.854846e-06
162.976,0.0,0.8369289069026934,3.926994e-06
162.976,0.0,0.8365141937362485,3.98868e-06
162.976,0.0,0.8360927468853614,4.165515e-06
162.976,0.0,0.8356550552662475,3.753361e-06
162.976,0.0,0.8352537245677975,4.062269e-06
162.976,0.0,0.8348527040212068,3.858193e-06
162.976,0.0,0.8344131000392732,3.923706e-06
162.976,0.0,0.8339986938795781,4.112604e-06
162.976,0.0,0.833585600780724,3.934445e-06
162.976,0.0,0.8331433769388586,3.939946e-06
162.976,0.0,0.8327424537101235,3.988214e-06
162.976,0.0,0.8323408681497865,4.028712e-06
162.976,0.0,0.8319320646105466,4.104921e-06
162.976,0.0,0.831496643550057,4.061105e-06
162.976,0.0,0.8310654047071355,4.199013e-06
162.976,0.0,0.830658356654447,3.870417e-06
162.976,0.0,0.8302608033057639,3.951034e-06
162.976,0.0,0.8298255143097482,3.832611e-06
162.976,0.0,0.8294207570600859,3.534573e-06
162.976,0.0,0.8289870216724747,3.725989e-06
162.976,0.0,0.8285618690250287,4.07781e-06
162.976,0.0,0.828148814326449,3.612076e-06
162.976,0.0,0.827750506013492,4.142988e-06
162.976,0.0,0.8273126829152748,4.102447e-06
162.976,0.0,0.8269208332370338,4.035348e-06
162.976,0.0,0.8264768803259269,4.330301e-06
162.976,0.0,0.8260510489909602,4.210771e-06
162.976,0.0,0.8256169830412549,4.229005e-06
162.976,0.0,0.8252100570413438,4.035988e-06
162.976,0.0,0.8248116719539315,4.167727e-06
162.976,0.0,0.8243751289800455,4.12314e-06
162.976,0.0,0.8239676581791762,3.527166e-06
162.976,0.0,0.8235428099493675,2.669884e-06
162.976,0.0,0.8231129295697528,3.421213e-06
162.976,0.0,0.822706633292208,3.444366e-06
162.976,0.0,0.8223082581652433,4.098882e-06
162.976,0.0,0.8219045554271811,4.137037e-06
162.976,0.0,0.8214564832065837,4.022178e-06
162.976,0.0,0.8210440725703454,4.061149e-06
162.976,0.0,0.8206336997881274,4.120011e-06
162.976,0.0,0.8202296573268726,4.083689e-06
162.976,0.0,0.8197910008693725,3.985231e-06
162.976,0.0,0.8193915281221587,4.09552e-06
162.976,0.0,0.8189812403917052,4.067871e-06
162.976,0.0,0.8185363823484334,3.845344e-06
162.976,0.0,0.8181251892187266,3.757377e-06
162.976,0.0,0.8177204560397281,3.984271e-06
162.976,0.0,0.8172798606110974,3.881214e-06
162.976,0.0,0.8168805895516459,3.756533e-06
162.976,0.0,0.8164687505277105,3.358131e-06
162.976,0.0,0.8160188450006547,3.339766e-06
162.976,0.0,0.8156087845621612,3.338908e-06
162.976,0.0,0.8152023881915734,3.402034e-06
162.976,0.0,0.814765378590674,3.561174e-06
162.976,0.0,0.8143538519712948,3.388821e-06
162.976,0.0,0.8139346793370187,3.8578e-06
162.976,0.0,0.8135170830404229,3.961613e-06
162.976,0.0,0.8131058870078639,3.988709e-06
162.976,0.0,0.8126987284986117,4.00914e-06
162.976,0.0,0.8122607847648482,4.152404e-06
162.976,0.0,0.8118617517590194,4.120273e-06
162.976,0.0,0.8114501322523413,4.183312e-06
162.976,0.0,0.8110179955921966,4.059752e-06
162.976,0.0,0.8105869474562424,4.147136e-06
162.976,0.0,0.8101758213162329,4.048648e-06
162.976,0.0,0.8097735479486708,4.005778e-06
162.976,0.0,0.8093688200905357,4.099842e-06
162.976,0.0,0.808928485466698,3.890469e-06
162.976,0.0,0.8085148277505694,4.13433e-06
162.976,0.0,0.808101494481268,4.042973e-06
162.976,0.0,0.8076544348379616,3.919398e-06
162.976,0.0,0.8072510377797234,3.537425e-06
162.976,0.0,0.8068482366921247,3.499008e-06
162.976,0.0,0.8064086800862431,3.66231e-06
162.976,0.0,0.8059844972540801,3.643028e-06
162.976,0.0,0.8055790687891188,3.083813e-06
162.976,0.0,0.8051300995435426,3.419438e-06
162.976,0.0,0.8047260888813871,3.476758e-06
162.976,0.0,0.8043243633149869,3.455323e-06
162.976,0.0,0.8039223730040108,3.118184e-06
162.976,0.0,0.8034777768146375,2.894187e-06
162.976,0.0,0.8030669356076333,3.318331e-06
162.976,0.0,0.8026527229635334,3.93494e-06
162.976,0.0,0.80222950375302,3.903202e-06
162.976,0.0,0.801822346134996,3.912428e-06
162.976,0.0,0.8014184195318257,4.016794e-06
162.976,0.0,0.800971235768224,3.929483e-06
162.976,0.0,0.8005609708958994,3.911002e-06
162.976,0.0,0.8001471369468152,3.903697e-06
162.976,0.0,0.7997468081931709,3.905632e-06
162.976,0.0,0.7993177004673805,3.874957e-06
162.976,0.0,0.7989245453515965,3.727939e-06
162.976,0.0,0.7984901568325264,3.758105e-06
162.976,0.0,0.7980669706191048,3.823458e-06
162.976,0.0,0.7976532167066098,3.808702e-06
162.976,0.0,0.7972287407112995,3.934911e-06
162.976,0.0,0.7968169018620657,3.984518e-06
162.976,0.0,0.7964168882505805,3.984023e-06
162.976,0.0,0.7959711359506666,3.969253e-06
162.976,0.0,0.7955581035923032,4.049682e-06
162.976,0.0,0.7951127375533369,4.104106e-06
162.976,0.0,0.7947079984351221,4.153291e-06
162.976,0.0,0.7943084432615215,3.945068e-06
162.976,0.0,0.7938798998782657,3.976282e-06
162.976,0.0,0.7934693213444869,4.045723e-06
162.976,0.0,0.7930480634956716,4.153233e-06
162.976,0.0,0.7926179090901088,4.143425e-06
162.976,0.0,0.7922107666265976,4.105372e-06
162.976,0.0,0.791806625680832,4.006564e-06
162.976,0.0,0.7913657583888287,4.195201e-06
162.976,0.0,0.7909571772484095,4.11876e-06
162.976,0.0,0.790542929157043,3.91154e-06
162.976,0.0,0.7901264664958224,3.799389e-06
162.976,0.0,0.7896888975644049,3.867593e-06
162.976,0.0,0.7892893173058975,3.932058e-06
162.976,0.0,0.7888618928489839,3.718451e-06
162.976,0.0,0.7884530105360733,3.22696e-06
162.976,0.0,0.7880339367950712,3.159614e-06
162.976,0.0,0.7875944680409432,3.2276e-06
162.976,0.0,0.7871850464903323,2.972069e-06
162.976,0.0,0.786783723844963,3.365261e-06
162.976,0.0,0.7863494982761434,3.793859e-06
162.976,0.0,0.7859420411295366,3.660694e-06
162.976,0.0,0.7855096944773478,3.025983e-06
162.976,0.0,0.785080468801328,3.319074e-06
162.976,0.0,0.7846684146019927,3.273395e-06
162.976,0.0,0.784279084877423,3.649388e-06
162.976,0.0,0.7838349617979694,3.843466e-06
162.976,0.0,0.7834144640511298,3.916008e-06
162.976,0.0,0.7829825004123174,4.00524e-06
162.976,0.0,0.7825715834477114,3.976384e-06
162.976,0.0,0.7821375385275243,3.944093e-06
162.976,0.0,0.7817564684134359,4.055357e-06
162.976,0.0,0.7813515027402891,3.990906e-06
162.976,0.0,0.780943183605443,4.122587e-06
162.976,0.0,0.7805051738519304,4.108544e-06
162.976,0.0,0.7800979329852032,3.838897e-06
162.976,0.0,0.7796750461643883,3.918089e-06
162.976,0.0,0.7792549924133375,3.802692e-06
162.976,0.0,0.7788413826097913,3.823719e-06
162.976,0.0,0.7784511613491928,3.981317e-06
162.976,0.0,0.7780100407799945,3.920431e-06
162.976,0.0,0.7775707953754194,3.878231e-06
162.976,0.0,0.7771581892114178,3.626395e-06
162.976,0.0,0.7767563667983352,3.27923e-06
162.976,0.0,0.7763177471257917,2.459579e-06
162.976,0.0,0.7759148964510226,2.418717e-06
162.976,0.0,0.7754807518285259,2.833345e-06
162.976,0.0,0.7750568922035612,3.532608e-06
162.976,0.0,0.7746421017336814,3.906418e-06
162.976,0.0,0.7742392295219996,3.496112e-06
162.976,0.0,0.7737933267717654,3.155161e-06
162.976,0.0,0.7733992579743054,3.672729e-06
162.976,0.0,0.7729847135454546,3.825902e-06
162.976,0.0,0.7725703436021644,4.026821e-06
162.976,0.0,0.7721574978305438,4.071786e-06
162.976,0.0,0.7717191578977831,3.803594e-06
162.976,0.0,0.7713080726783026,3.663721e-06
162.976,0.0,0.7709173673043916,3.850248e-06
162.976,0.0,0.7704796625958706,3.914829e-06
162.976,0.0,0.7700546124155584,3.957248e-06
162.976,0.0,0.7696392708115906,3.922163e-06
162.976,0.0,0.7692127659816559,3.868845e-06
162.976,0.0,0.7688072974912358,3.851514e-06
162.976,0.0,0.768407069006498,3.66423e-06
162.976,0.0,0.7679613106093435,3.405803e-06
162.976,0.0,0.7675444687298691,3.255598e-06
162.976,0.0,0.7671153887182598,3.10225e-06
162.976,0.0,0.7666952305112914,3.09397e-06
162.976,0.0,0.7662858371312128,3.140623e-06
162.976,0.0,0.7658834888650459,3.76055e-06
162.976,0.0,0.7654432685513718,4.222704e-06
162.976,0.0,0.7650245768664625,4.119007e-06
162.976,0.0,0.764611463673669,4.136164e-06
162.976,0.0,0.764204089309636,4.175832e-06
162.976,0.0,0.763767150096173,3.998022e-06
162.976,0.0,0.7633738030499804,4.113346e-06
162.976,0.0,0.7629185186975688,4.352609e-06
162.976,0.0,0.7625167415299908,4.651491e-06
162.976,0.0,0.7620948569404246,4.603688e-06
162.976,0.0,0.761696319402587,4.640315e-06
162.976,0.0,0.761295656878267,4.639805e-06
162.976,0.0,0.7608561391878864,4.641566e-06
162.976,0.0,0.7604471212315392,4.670699e-06
162.976,0.0,0.7600326462719383,4.49903e-06
162.976,0.0,0.7596172269267225,4.385263e-06
162.976,0.0,0.7591805984660747,4.388974e-06
162.976,0.0,0.7587849328138332,4.473142e-06
162.976,0.0,0.7583895402383259,4.480622e-06
162.976,0.0,0.7579480615303223,4.53282e-06
162.976,0.0,0.7575329587549585,4.596499e-06
162.976,0.0,0.757113999283302,4.51105e-06
162.976,0.0,0.7566755919892789,4.390909e-06
162.976,0.0,0.7562763814021113,4.438305e-06
162.976,0.0,0.755839276163269,4.266782e-06
162.976,0.0,0.7554343543849291,4.618909e-06
162.976,0.0,0.7550063101270937,4.568734e-06
162.976,0.0,0.7545830083145227,4.578382e-06
162.976,0.0,0.7541732023918729,4.670612e-06
162.976,0.0,0.753751422683639,4.684975e-06
162.976,0.0,0.7533364843687708,4.549074e-06
162.976,0.0,0.752934991104127,4.205212e-06
162.976,0.0,0.7525043964422057,4.206187e-06
162.976,0.0,0.7520774116670192,4.25789e-06
162.976,0.0,0.7516701412049304,4.155561e-06
162.976,0.0,0.7512319331451275,4.407804e-06
162.976,0.0,0.7508327824823253,4.582122e-06
162.976,0.0,0.7504301842540874,4.568443e-06
162.976,0.0,0.7499985902663192,4.500034e-06
162.976,0.0,0.749570216924124,4.762318e-06
162.976,0.0,0.7491599906142212,4.407717e-06
162.976,0.0,0.7487616950266839,4.392408e-06
162.976,0.0,0.7483222797091975,4.418151e-06
162.976,0.0,0.747918288558494,4.603455e-06
162.976,0.0,0.7474831848460554,4.49628e-06
162.976,0.0,0.7470581624853501,4.558591e-06
162.976,0.0,0.7466461572477777,4.519228e-06
162.976,0.0,0.7462085872701171,4.479152e-06
162.976,0.0,0.7458095512998892,3.782727e-06
162.976,0.0,0.7453713808538398,3.913156e-06
162.976,0.0,0.7449603692870581,4.006259e-06
162.976,0.0,0.7445493683233922,4.305723e-06
162.976,0.0,0.744135484190767,4.396017e-06
162.976,0.0,0.7436980934290705,4.348869e-06
162.976,0.0,0.7432977627772003,4.426955e-06
162.976,0.0,0.742897184964262,4.600341e-06
162.976,0.0,0.7424832393558073,4.634392e-06
162.976,0.0,0.742057752617856,4.618909e-06
162.976,0.0,0.7416262663696221,4.346934e-06
162.976,0.0,0.7412219510992031,3.853231e-06
162.976,0.0,0.7408207074825941,3.739769e-06
162.976,0.0,0.7403830088959573,3.756068e-06
162.976,0.0,0.739971633751745,3.971552e-06
162.976,0.0,0.7395600070131594,4.108777e-06
162.976,0.0,0.7391301727907374,4.416623e-06
162.976,0.0,0.7387118200880771,4.218295e-06
162.976,0.0,0.7383110450494853,4.276866e-06
162.976,0.0,0.7379084294939203,4.216126e-06
162.976,0.0,0.7374614996615961,3.945082e-06
162.976,0.0,0.7370492826281696,4.30613e-06
162.976,0.0,0.7366348202082001,4.369751e-06
162.976,0.0,0.7361978552161871,4.137008e-06
162.976,0.0,0.7357976296190029,4.479152e-06
162.976,0.0,0.7353586787449493,4.271758e-06
162.976,0.0,0.7349501744062548,3.535664e-06
162.976,0.0,0.7345383566917817,4.032976e-06
162.976,0.0,0.7341071705171158,3.793743e-06
162.976,0.0,0.7336862975318708,3.48805e-06
162.976,0.0,0.7332853094656254,3.983325e-06
162.976,0.0,0.732883774049793,4.12605e-06
162.976,0.0,0.7324432107274621,4.351619e-06
162.976,0.0,0.7320231438609662,4.591013e-06
162.976,0.0,0.7316106708651821,4.436719e-06
162.976,0.0,0.7311731080240241,4.473768e-06
162.976,0.0,0.7307691471753415,4.732705e-06
162.976,0.0,0.7303709141246119,4.967049e-06
162.976,0.0,0.7299271264459447,4.833943e-06
162.976,0.0,0.729519049861687,4.754547e-06
162.976,0.0,0.7291053682931181,4.784175e-06
162.976,0.0,0.7286640906868711,4.652917e-06
162.976,0.0,0.7282615023505115,4.942747e-06
162.976,0.0,0.7278640188564934,5.037713e-06
162.976,0.0,0.7274287904943558,4.677437e-06
162.976,0.0,0.7270147053864633,4.76811e-06
162.976,0.0,0.7265672377470399,4.960908e-06
162.976,0.0,0.7261535806654481,4.685848e-06
162.976,0.0,0.7257430770027727,4.911766e-06
162.976,0.0,0.7253153074680652,4.450383e-06
162.976,0.0,0.7249113269495694,3.32066e-06
162.976,0.0,0.7244984927340408,3.456473e-06
162.976,0.0,0.7240793311358061,3.777124e-06
162.976,0.0,0.7236419842308022,4.058704e-06
162.976,0.0,0.7232431923618869,4.027999e-06
162.976,0.0,0.722842914172264,3.902911e-06
162.976,0.0,0.7224041350562158,4.350892e-06
162.976,0.0,0.7219937750983461,4.880072e-06
162.976,0.0,0.7215790259920173,4.974805e-06
162.976,0.0,0.7211657577722185,4.772635e-06
162.976,0.0,0.7207123627823824,4.961941e-06
162.976,0.0,0.7203290991168229,5.116395e-06
162.976,0.0,0.7199240957434193,4.80334e-06
162.976,0.0,0.7194923728689858,4.791975e-06
162.976,0.0,0.7190651564136822,4.930698e-06
162.976,0.0,0.7186534859049853,5.11948e-06
162.976,0.0,0.7182521234442023,5.188471e-06
162.976,0.0,0.7178124896058009,5.069305e-06
162.976,0.0,0.7174105992195892,5.088383e-06
162.976,0.0,0.7169976851855264,5.114664e-06
162.976,0.0,0.7165489181067961,5.242066e-06
162.976,0.0,0.7161334709123712,5.242968e-06
162.976,0.0,0.7157296762351002,4.957285e-06
162.976,0.0,0.7152942205310201,5.271329e-06
162.976,0.0,0.7148787336736828,5.349386e-06
162.976,0.0,0.7144638905001962,5.234891e-06
162.976,0.0,0.7140491514286011,5.160589e-06
162.976,0.0,0.7136404797592404,5.294234e-06
162.976,0.0,0.713204235554545,5.337031e-06
162.976,0.0,0.7128029726719133,5.279813e-06
162.976,0.0,0.7124032511481483,5.173031e-06
162.976,0.0,0.7119694733557892,5.064518e-06
162.976,0.0,0.7115466656716386,5.100199e-06
162.976,0.0,0.7111304564930385,4.892121e-06
162.976,0.0,0.7106916343442948,4.573216e-06
162.976,0.0,0.7102919558580629,4.960995e-06
162.976,0.0,0.7098913462325805,5.1471e-06
162.976,0.0,0.7094529990402741,4.999427e-06
162.976,0.0,0.7090318628845296,4.923349e-06
162.976,0.0,0.7086181819914509,5.109963e-06
162.976,0.0,0.708211917026194,4.960399e-06
162.976,0.0,0.7077724722118601,4.712041e-06
162.976,0.0,0.7073743193096788,4.731017e-06
162.976,0.0,0.7069398574593377,4.914837e-06
162.976,0.0,0.7065109151539519,4.575879e-06
162.976,0.0,0.7061002881736291,4.058471e-06
162.976,0.0,0.7056633151837162,4.489324e-06
162.976,0.0,0.7052631184695745,4.672984e-06
162.976,0.0,0.7048569207093356,4.995221e-06
162.976,0.0,0.7044237473782807,5.022957e-06
162.976,0.0,0.7040137879030347,5.258771e-06
162.976,0.0,0.703594801841352,5.262249e-06
162.976,0.0,0.7031590304594015,5.500959e-06
162.976,0.0,0.7027581536079531,5.485941e-06
162.976,0.0,0.702360107820769,5.21593e-06
162.976,0.0,0.7019250924182544,5.283771e-06
162.976,0.0,0.7015071243803296,5.182141e-06
162.976,0.0,0.7010945201330848,5.25979e-06
162.976,0.0,0.7006862630295567,5.183028e-06
162.976,0.0,0.7002644399575911,5.060254e-06
162.976,0.0,0.6998310919662897,4.921094e-06
162.976,0.0,0.6994388238778816,4.883856e-06
162.976,0.0,0.6990265905293415,5.171794e-06
162.976,0.0,0.6985804699745419,5.211434e-06
162.976,0.0,0.6981678292055751,4.897418e-06
162.976,0.0,0.6977672749802241,4.987858e-06
162.976,0.0,0.6973292669885126,5.092472e-06
162.976,0.0,0.6969252404370422,5.20797e-06
162.976,0.0,0.6964939713473631,5.346214e-06
162.976,0.0,0.6960670832891857,5.32977e-06
162.976,0.0,0.6956371462832404,5.397742e-06
162.976,0.0,0.6952536809402254,5.230177e-06
162.976,0.0,0.6948178045688564,5.326816e-06
162.976,0.0,0.6944185890750181,5.448368e-06
162.976,0.0,0.6939831098824989,5.125839e-06
162.976,0.0,0.6935589681992056,5.026013e-06
162.976,0.0,0.6931459093899973,5.168171e-06
162.976,0.0,0.6927384616919718,4.977119e-06
162.976,0.0,0.6923105266185734,4.647402e-06
162.976,0.0,0.6919119158456085,3.438545e-06
162.976,0.0,0.6914983975560972,1.952227e-06
162.976,0.0,0.6910415342876536,9.727664e-07
162.976,0.0,0.6906222235039308,4.57585e-07
162.976,0.0,0.6902375206743728,1.630251e-07
162.976,0.0,0.6898150522340706,4.301546e-08
165.039,0.0,1.443146875,2.182781e-05
165.039,0.0,1.443146875,-2.856526e-06
165.039,0.0,1.443146875,-2.164568e-06
165.039,0.0,1.4430071953410968,-1.690409e-06
165.039,0.0,1.4428361626785153,-1.284701e-06
165.039,0.0,1.4426045778769803,-9.575597e-07
165.039,0.0,1.4423433218864912,-6.467308e-07
165.039,0.0,1.4420377201807644,-4.202739e-07
165.039,0.0,1.4416811816497797,-3.649766e-07
165.039,0.0,1.44131690604303,-3.17712e-07
165.039,0.0,1.4409149734051043,-2.572924e-07
165.039,0.0,1.4404797234042777,-1.621229e-07
165.039,0.0,1.4400806951861918,-1.175795e-07
165.039,0.0,1.4396431142689665,-6.837945e-08
165.039,0.0,1.439241383335749,-2.830348e-08
165.039,0.0,1.4388286225315157,-1.781154e-08
165.039,0.0,1.438403233447735,3.665627e-08
165.039,0.0,1.438001804151948,2.319575e-08
165.039,0.0,1.437563601498002,1.472654e-08
165.039,0.0,1.4371290592298362,1.545413e-08
165.039,0.0,1.4367408161004585,1.913577e-08
165.039,0.0,1.4363128517216923,2.652814e-08
165.039,0.0,1.4358846887570773,4.59404e-08
165.039,0.0,1.4354511414331714,4.016329e-08
165.039,0.0,1.4350490866030519,4.439789e-08
165.039,0.0,1.4346146648283509,4.33065e-08
165.039,0.0,1.4342160191208224,5.486072e-08
165.039,0.0,1.4337734419235386,5.248876e-08
165.039,0.0,1.4333971091965712,3.783498e-08
165.039,0.0,1.4329545165598292,2.686284e-08
165.039,0.0,1.4325524885095908,3.1534e-08
165.039,0.0,1.4321101597161283,3.058813e-08
165.039,0.0,1.4316957395453214,3.358582e-08
165.039,0.0,1.4312841964916938,2.865272e-08
165.039,0.0,1.430895453436642,2.641173e-08
165.039,0.0,1.430456393384528,3.170862e-08
165.039,0.0,1.430055666911782,3.469177e-08
165.039,0.0,1.4296187722550462,3.410969e-08
165.039,0.0,1.4291834642014467,3.729656e-08
165.039,0.0,1.4287995223521417,4.773028e-08
165.039,0.0,1.4283727344125294,5.85278e-08
165.039,0.0,1.4279640846948434,5.796028e-08
165.039,0.0,1.4275348464843602,1.138687e-07
165.039,0.0,1.427095852937485,9.166251e-08
165.039,0.0,1.426695144812839,7.657218e-08
165.039,0.0,1.4262779168842434,6.089977e-08
165.039,0.0,1.4258618226022843,6.154005e-08
165.039,0.0,1.4254295394488272,5.969196e-08
165.039,0.0,1.425011268585024,5.871698e-08
165.039,0.0,1.4245914801026065,5.705806e-08
165.039,0.0,1.4241501428792724,8.707866e-08
165.039,0.0,1.4237667914286365,5.739275e-08
165.039,0.0,1.4233370743862885,6.829214e-08
165.039,0.0,1.4229371247579876,5.731999e-08
165.039,0.0,1.4225028814079703,6.044866e-08
165.039,0.0,1.4221043429264029,3.945024e-08
165.039,0.0,1.421666979093298,5.232869e-08
165.039,0.0,1.4212628689466733,4.746835e-08
165.039,0.0,1.4208577227220038,3.924652e-08
165.039,0.0,1.4204220095143194,3.26836e-08
165.039,0.0,1.4200189591898935,4.52419e-08
165.039,0.0,1.4195804364689701,4.889444e-08
165.039,0.0,1.4191822052670697,4.486355e-08
165.039,0.0,1.4187567590411487,3.774767e-08
165.039,0.0,1.4183359439246292,3.394962e-08
165.039,0.0,1.4179370667413032,2.233719e-08
165.039,0.0,1.4174917214520428,2.273009e-08
165.039,0.0,1.4170983280510996,3.070454e-08
165.039,0.0,1.4166598755969892,4.911271e-08
165.039,0.0,1.4162264026747933,5.365291e-08
165.039,0.0,1.4158421793428269,5.618494e-08
165.039,0.0,1.415411781938746,6.261689e-08
165.039,0.0,1.4149771274384348,6.538176e-08
165.039,0.0,1.4145770309865995,6.768096e-08
165.039,0.0,1.4141394535276324,7.249764e-08
165.039,0.0,1.4137367341524447,8.338247e-08
165.039,0.0,1.4133239546689553,5.740731e-08
165.039,0.0,1.4128986127658774,6.135087e-08
165.039,0.0,1.4124989554925476,9.34524e-08
165.039,0.0,1.4120597475037355,9.649375e-08
165.039,0.0,1.4116570736563683,5.451147e-08
165.039,0.0,1.4112279456741736,6.197661e-08
165.039,0.0,1.4108130383721718,7.216295e-08
165.039,0.0,1.4104147617513911,6.628397e-08
165.039,0.0,1.409975497036147,4.953472e-08
165.039,0.0,1.4095533827635165,2.718298e-08
165.039,0.0,1.40913338479852,2.286106e-08
165.039,0.0,1.4087233975490887,5.2416e-08
165.039,0.0,1.4083135334253336,7.277413e-08
165.039,0.0,1.40788630251474,8.320785e-08
165.039,0.0,1.4074756827613975,6.717164e-08
165.039,0.0,1.4070568005429571,5.768379e-08
165.039,0.0,1.4066228477375007,5.064066e-08
165.039,0.0,1.4061987716613085,4.789035e-08
165.039,0.0,1.4057729319073857,4.703179e-08
165.039,0.0,1.4053564023299654,3.763125e-08
165.039,0.0,1.4049574542428924,3.659807e-08
165.039,0.0,1.4045177249327987,2.85072e-08
165.039,0.0,1.4041148561996368,2.361776e-08
165.039,0.0,1.403678610829478,1.792796e-08
165.039,0.0,1.4032708819017268,1.418812e-08
165.039,0.0,1.4028669859433087,1.520675e-08
165.039,0.0,1.4024349685535764,1.391163e-08
165.039,0.0,1.4020293228100094,1.282024e-08
165.039,0.0,1.4016015895776115,1.353328e-08
165.039,0.0,1.4011997240049467,1.156877e-08
165.039,0.0,1.4007822527647829,1.114677e-08
165.039,0.0,1.4003620684657916,1.153967e-08
165.039,0.0,1.3999626273366155,1.290755e-08
165.039,0.0,1.3995262831174928,1.023e-08
165.039,0.0,1.399125445190823,1.175795e-08
165.039,0.0,1.398689436961368,1.212175e-08
165.039,0.0,1.3982788411945468,1.076842e-08
165.039,0.0,1.3978722543778106,1.132139e-08
165.039,0.0,1.3974390492601794,9.284122e-09
165.039,0.0,1.3970415818308104,5.034963e-09
165.039,0.0,1.3966039400599932,7.159542e-09
165.039,0.0,1.396167739504782,4.365575e-09
165.039,0.0,1.3957564365009163,6.795744e-09
165.039,0.0,1.3953622220160695,6.359187e-09
165.039,0.0,1.394928571982101,5.77711e-09
165.039,0.0,1.3945002015238526,7.334165e-09
165.039,0.0,1.3940904661942823,5.064066e-09
165.039,0.0,1.3936502123608425,7.392373e-09
165.039,0.0,1.393264150054136,5.689799e-09
165.039,0.0,1.3928415583797482,5.326001e-09
165.039,0.0,1.3924396305955467,6.213668e-09
165.039,0.0,1.3919974807611546,4.656613e-09
165.039,0.0,1.3915976887640333,4.074536e-09
165.039,0.0,1.3911611438800446,6.170012e-09
165.039,0.0,1.3907381133242236,4.627509e-09
165.039,0.0,1.3903565663146165,5.820766e-09
165.039,0.0,1.3899206826475115,5.878974e-09
165.039,0.0,1.389487839655178,4.234607e-09
165.039,0.0,1.3890922021782095,6.693881e-09
165.039,0.0,1.38865168515988,6.490154e-09
165.039,0.0,1.3882442719671488,4.642061e-09
165.039,0.0,1.3878296541966475,4.365575e-09
165.039,0.0,1.3873980306624887,4.394678e-09
165.039,0.0,1.3869938308204925,5.84987e-09
165.039,0.0,1.3865459727418736,4.525646e-09
165.039,0.0,1.38614603369644,4.540198e-09
165.039,0.0,1.3857209665587096,6.257324e-09
165.039,0.0,1.3853051317314895,5.573384e-09
165.039,0.0,1.3848844170943555,4.423782e-09
165.039,0.0,1.3844814480941372,6.126356e-09
165.039,0.0,1.3840402869017852,4.249159e-09
165.039,0.0,1.3836410962952648,6.490154e-09
165.039,0.0,1.3832130813181411,5.413312e-09
165.039,0.0,1.3828068950104193,4.758476e-09
165.039,0.0,1.382408908535869,5.54428e-09
165.039,0.0,1.3819687528664863,5.064066e-09
165.039,0.0,1.3815678706012449,4.962203e-09
165.039,0.0,1.3811281187789661,6.300979e-09
165.039,0.0,1.380731872937017,7.610652e-09
165.039,0.0,1.380319499439095,1.215085e-08
165.039,0.0,1.3798910272566816,1.792796e-08
165.039,0.0,1.3794875949992735,1.820445e-08
165.039,0.0,1.3790466488842916,2.075103e-08
165.039,0.0,1.3786428300519837,2.364686e-08
165.039,0.0,1.378215403536553,2.312299e-08
165.039,0.0,1.3778063915355396,2.437446e-08
165.039,0.0,1.3774132257413805,2.037268e-08
165.039,0.0,1.3769761530107778,2.162415e-08
165.039,0.0,1.3765375508110465,2.604793e-08
165.039,0.0,1.3761339927129916,2.403976e-08
165.039,0.0,1.3757050386250824,2.156739e-07
165.039,0.0,1.375275529374712,4.766043e-07
165.039,0.0,1.3748916362237267,1.118213e-06
165.039,0.0,1.374452138554486,1.517838e-06
165.039,0.0,1.3740287420919994,2.13107e-06
165.039,0.0,1.3736058871600725,2.443543e-06
165.039,0.0,1.3732033015295118,2.344634e-06
165.039,0.0,1.3727874026576143,2.406625e-06
165.039,0.0,1.3723631185877292,2.399975e-06
165.039,0.0,1.3719584599470007,2.406508e-06
165.039,0.0,1.3715175200569818,2.533328e-06
165.039,0.0,1.3711151010843785,2.778324e-06
165.039,0.0,1.3706909887318353,3.192079e-06
165.039,0.0,1.3702637908571842,3.239766e-06
165.039,0.0,1.3698807002546407,3.380366e-06
165.039,0.0,1.3694416695305975,3.472378e-06
165.039,0.0,1.3690079331615665,3.456589e-06
165.039,0.0,1.3686145457377346,3.635883e-06
165.039,0.0,1.368179961141792,3.681635e-06
165.039,0.0,1.3677552843867744,3.528417e-06
165.039,0.0,1.3673393651868988,3.715031e-06
165.039,0.0,1.3669352523971612,3.681344e-06
165.039,0.0,1.3664935034762964,3.584981e-06
165.039,0.0,1.366092816674731,3.650115e-06
165.039,0.0,1.3656580210721077,3.816487e-06
165.039,0.0,1.3652313626701251,3.725625e-06
165.039,0.0,1.364819863469632,3.633162e-06
165.039,0.0,1.364417649588193,3.811001e-06
165.039,0.0,1.363986826374445,3.894165e-06
165.039,0.0,1.3635865495297232,4.057743e-06
165.039,0.0,1.3631555840865037,4.111542e-06
165.039,0.0,1.362739333708243,4.151429e-06
165.039,0.0,1.3623235804464748,4.155081e-06
165.039,0.0,1.3619233190694806,4.146248e-06
165.039,0.0,1.3614814818685588,4.153713e-06
165.039,0.0,1.3610882168977025,4.041314e-06
165.039,0.0,1.3606541687529528,4.094152e-06
165.039,0.0,1.36025037669471,4.102971e-06
165.039,0.0,1.3598390089297099,4.061236e-06
165.039,0.0,1.3594107461886331,3.88897e-06
165.039,0.0,1.359009102429215,3.958616e-06
165.039,0.0,1.3585721416977723,3.960551e-06
165.039,0.0,1.3581400054574884,3.894704e-06
165.039,0.0,1.3577439540482614,3.94175e-06
165.039,0.0,1.3573306429572043,3.944268e-06
165.039,0.0,1.3569053863091969,3.879395e-06
165.039,0.0,1.356466036267432,3.986206e-06
165.039,0.0,1.3560518498557137,4.183385e-06
165.039,0.0,1.3556403064145455,4.278874e-06
165.039,0.0,1.3552084614716318,4.338348e-06
165.039,0.0,1.354798627946348,4.416521e-06
165.039,0.0,1.3543991459924696,4.647431e-06
165.039,0.0,1.3539566803953913,4.370551e-06
165.039,0.0,1.3535548064724194,3.876718e-06
165.039,0.0,1.3531148116352654,3.899739e-06
165.039,0.0,1.3527149882438683,4.490692e-06
165.039,0.0,1.3523014680472116,4.333458e-06
165.039,0.0,1.3518796199606453,4.354966e-06
165.039,0.0,1.35147343973539,4.319896e-06
165.039,0.0,1.351033113535777,4.324233e-06
165.039,0.0,1.3506330109167939,4.252623e-06
165.039,0.0,1.3501808503184716,4.268077e-06
165.039,0.0,1.3497887728009694,4.125846e-06
165.039,0.0,1.3493814257588994,4.158544e-06
165.039,0.0,1.3489446326614223,4.289584e-06
165.039,0.0,1.3485369564960616,4.093818e-06
165.039,0.0,1.3481095434787576,3.811307e-06
165.039,0.0,1.3477093929071866,3.661029e-06
165.039,0.0,1.3472965748196195,2.628833e-06
165.039,0.0,1.346867413399131,2.628411e-06
165.039,0.0,1.3464327315036462,3.060501e-06
165.039,0.0,1.3460346662638292,3.279318e-06
165.039,0.0,1.3455952232553803,3.146051e-06
165.039,0.0,1.3451583841881496,3.324953e-06
165.039,0.0,1.3447743092403242,3.395937e-06
165.039,0.0,1.3443422355948438,3.337089e-06
165.039,0.0,1.343942723680104,3.592795e-06
165.039,0.0,1.343504839616639,3.844107e-06
165.039,0.0,1.3430809830868502,4.078713e-06
165.039,0.0,1.3426699785530414,4.044414e-06
165.039,0.0,1.34226179944723,3.964422e-06
165.039,0.0,1.3418512311611006,3.93299e-06
165.039,0.0,1.3414451502169347,4.255693e-06
165.039,0.0,1.3410152613781703,4.328613e-06
165.039,0.0,1.3405875215152958,4.579269e-06
165.039,0.0,1.3401837476671488,4.443049e-06
165.039,0.0,1.339752005110022,4.243411e-06
165.039,0.0,1.339366215528294,4.46495e-06
165.039,0.0,1.3389293817787022,4.223664e-06
165.039,0.0,1.3385313430529089,4.046306e-06
165.039,0.0,1.3380926053315818,3.926849e-06
165.039,0.0,1.3376616271137,4.199406e-06
165.039,0.0,1.337274650765099,4.73969e-06
165.039,0.0,1.3368416486552763,4.293543e-06
165.039,0.0,1.3364080485226544,4.248082e-06
165.039,0.0,1.3360098578725002,4.325455e-06
165.039,0.0,1.3355563933235701,4.188667e-06
165.039,0.0,1.335162750058104,4.285394e-06
165.039,0.0,1.3347305959282725,4.27365e-06
165.039,0.0,1.3343458594671318,4.094152e-06
165.039,0.0,1.3339149596370614,4.349364e-06
165.039,0.0,1.3334864061145426,4.335088e-06
165.039,0.0,1.333075951657006,4.167858e-06
165.039,0.0,1.3326387889278903,3.539375e-06
165.039,0.0,1.332234411715143,2.908972e-06
165.039,0.0,1.3318174824820375,3.137524e-06
165.039,0.0,1.331424882150709,3.496156e-06
165.039,0.0,1.3309908806934927,2.956513e-06
165.039,0.0,1.330553691234659,1.825043e-06
165.039,0.0,1.330151837422525,1.921842e-06
165.039,0.0,1.3297217697360302,2.583998e-06
165.039,0.0,1.3293375911905156,3.224137e-06
165.039,0.0,1.3289171788566057,3.68974e-06
165.039,0.0,1.3284765901635134,3.893918e-06
165.039,0.0,1.328057335277865,3.981098e-06
165.039,0.0,1.3276258571514732,3.964931e-06
165.039,0.0,1.3272150284716644,3.892259e-06
165.039,0.0,1.3267998021432938,4.168061e-06
165.039,0.0,1.3264092224548851,4.131827e-06
165.039,0.0,1.3259687420747421,3.975845e-06
165.039,0.0,1.3255269035828205,4.078276e-06
165.039,0.0,1.3251021393162765,3.922949e-06
165.039,0.0,1.3247024899931406,4.17394e-06
165.039,0.0,1.3242798116916425,4.472255e-06
165.039,0.0,1.3238678191767357,4.285728e-06
165.039,0.0,1.3234482650656756,4.389352e-06
165.039,0.0,1.3230457224534018,4.269605e-06
165.039,0.0,1.3226046471723225,4.361063e-06
165.039,0.0,1.322205343687533,4.17461e-06
165.039,0.0,1.3217887285612089,3.99597e-06
165.039,0.0,1.3213655641546918,4.087022e-06
165.039,0.0,1.320961615462894,4.264104e-06
165.039,0.0,1.3205360517892442,4.240588e-06
165.039,0.0,1.3201158950183454,3.982655e-06
165.039,0.0,1.3196817215925112,4.056827e-06
165.039,0.0,1.3192959286511554,4.340487e-06
165.039,0.0,1.318866241799157,4.261688e-06
165.039,0.0,1.3184650227444514,4.178393e-06
165.039,0.0,1.3180359617497541,4.087662e-06
165.039,0.0,1.3176006365311745,3.963985e-06
165.039,0.0,1.3172015350907296,3.959693e-06
165.039,0.0,1.3167723567891834,3.409295e-06
165.039,0.0,1.3163545554749367,3.170237e-06
165.039,0.0,1.315950593643349,2.764165e-06
165.039,0.0,1.3155079482967884,2.914589e-06
165.039,0.0,1.3150863462811215,3.070556e-06
165.039,0.0,1.3146783854950028,2.614237e-06
165.039,0.0,1.3142527899364052,2.144356e-06
165.039,0.0,1.3138506343555805,3.16737e-06
165.039,0.0,1.3134349874774278,3.617417e-06
165.039,0.0,1.3130135289872924,3.661029e-06
165.039,0.0,1.3125878595419698,3.979803e-06
165.039,0.0,1.3121842311372953,4.109213e-06
165.039,0.0,1.3117628352411417,4.014728e-06
165.039,0.0,1.3113434570915532,4.040005e-06
165.039,0.0,1.3109400368077764,4.132846e-06
165.039,0.0,1.3104973281656283,4.122412e-06
165.039,0.0,1.3100921458643728,4.098561e-06
165.039,0.0,1.3096325743122683,4.129863e-06
165.039,0.0,1.3092660135849032,4.030851e-06
165.039,0.0,1.3088391176003618,3.868801e-06
165.039,0.0,1.308413338418299,3.929948e-06
165.039,0.0,1.308005043430129,3.886656e-06
165.039,0.0,1.3075737210449705,4.132264e-06
165.039,0.0,1.3071706740473905,4.394838e-06
165.039,0.0,1.306742825432839,4.312518e-06
165.039,0.0,1.3063164449786213,4.247951e-06
165.039,0.0,1.3058883120824307,4.036556e-06
165.039,0.0,1.3054887522603738,3.95946e-06
165.039,0.0,1.305046606162617,3.796435e-06
165.039,0.0,1.304642124562694,3.404406e-06
165.039,0.0,1.304215719825951,3.319743e-06
165.039,0.0,1.3038096211117374,2.973364e-06
165.039,0.0,1.3034155102801193,2.478337e-06
165.039,0.0,1.302975017489584,2.603527e-06
165.039,0.0,1.3025493056661184,3.330424e-06
165.039,0.0,1.3021328079754768,3.503927e-06
165.039,0.0,1.3017306617388118,3.67692e-06
165.039,0.0,1.3013181570219619,3.966081e-06
165.039,0.0,1.300891247122415,4.142916e-06
165.039,0.0,1.3004893901417816,4.251022e-06
165.039,0.0,1.3000371378474218,4.25044e-06
165.039,0.0,1.2996446684384741,4.203772e-06
165.039,0.0,1.2992054684445073,4.319285e-06
165.039,0.0,1.2988238543329036,4.154004e-06
165.039,0.0,1.2983777486359753,4.034169e-06
165.039,0.0,1.2979613670783574,3.983034e-06
165.039,0.0,1.297557924899941,4.128422e-06
165.039,0.0,1.2971195191331226,4.244474e-06
165.039,0.0,1.2967287591654502,4.187808e-06
165.039,0.0,1.296303494074408,4.222165e-06
165.039,0.0,1.2958776366811184,4.328627e-06
165.039,0.0,1.295441286494917,4.334666e-06
165.039,0.0,1.2950418689214822,4.331814e-06
165.039,0.0,1.2946063602979896,4.365269e-06
165.039,0.0,1.2942115084589383,4.407397e-06
165.039,0.0,1.2937844196503332,4.485482e-06
165.039,0.0,1.2933607205979132,4.323243e-06
165.039,0.0,1.2929605094511039,4.034868e-06
165.039,0.0,1.2925197639198633,4.009038e-06
165.039,0.0,1.2921160584725238,4.189642e-06
165.039,0.0,1.291685425802953,4.177986e-06
165.039,0.0,1.2912791884027897,4.140296e-06
165.039,0.0,1.2908758204357103,4.123605e-06
165.039,0.0,1.290439827214919,4.07279e-06
165.039,0.0,1.290037343497382,4.126487e-06
165.039,0.0,1.2895952646726239,4.151792e-06
165.039,0.0,1.2891986968318092,4.121248e-06
165.039,0.0,1.2887787236812809,4.388363e-06
165.039,0.0,1.2883572073165337,4.169153e-06
165.039,0.0,1.2879557096707666,3.791691e-06
165.039,0.0,1.287510739599353,4.037705e-06
165.039,0.0,1.287077766794586,4.061541e-06
165.039,0.0,1.2866758555004068,4.108893e-06
165.039,0.0,1.286250216540243,4.188929e-06
165.039,0.0,1.2858318863746736,4.043686e-06
165.039,0.0,1.2854278973301307,4.042828e-06
165.039,0.0,1.2849888275461367,3.988724e-06
165.039,0.0,1.2845874631163867,3.978799e-06
165.039,0.0,1.2841514727793337,3.909896e-06
165.039,0.0,1.2837091224692334,3.957073e-06
165.039,0.0,1.283342471862803,3.942841e-06
165.039,0.0,1.2829127945857008,3.477428e-06
165.039,0.0,1.282510072396437,2.740882e-06
165.039,0.0,1.2820590761644657,3.061054e-06
165.039,0.0,1.2816372320322982,2.238419e-06
165.039,0.0,1.2812456765596467,2.052126e-06
165.039,0.0,1.2808291021232687,3.07041e-06
165.039,0.0,1.280428275700019,3.07952e-06
165.039,0.0,1.2799890830474756,3.562818e-06
165.039,0.0,1.279591472883057,3.449546e-06
165.039,0.0,1.2791565775417064,3.177382e-06
165.039,0.0,1.278734735142486,2.842135e-06
165.039,0.0,1.2783533519327275,3.115347e-06
165.039,0.0,1.277921091970383,3.047331e-06
165.039,0.0,1.2774995383704666,2.596862e-06
165.039,0.0,1.2770763889905747,2.505432e-06
165.039,0.0,1.2766377236961348,2.283821e-06
165.039,0.0,1.276211476172593,1.893699e-06
165.039,0.0,1.2758225651086703,2.316679e-06
165.039,0.0,1.2753969420582654,2.209912e-06
165.039,0.0,1.2749814557154537,1.889392e-06
165.039,0.0,1.2745539701038506,1.846071e-06
165.039,0.0,1.2741191344149578,2.053828e-06
165.039,0.0,1.2737239152695037,2.513421e-06
165.039,0.0,1.2733091961423382,2.719768e-06
165.039,0.0,1.2729065492533809,2.21144e-06
165.039,0.0,1.2724642908876573,2.274275e-06
165.039,0.0,1.2720548784257195,2.029919e-06
165.039,0.0,1.2716239080766853,1.467342e-06
165.039,0.0,1.271224676835141,1.622029e-06
165.039,0.0,1.2708081069181334,2.032117e-06
165.039,0.0,1.270380112687686,2.198314e-06
165.039,0.0,1.269976605632516,2.287212e-06
165.039,0.0,1.2695379558955597,2.33161e-06
165.039,0.0,1.2691413785241,2.35287e-06
165.039,0.0,1.2687105891888006,2.208326e-06
165.039,0.0,1.2682882851685262,2.614717e-06
165.039,0.0,1.267903167866856,2.333312e-06
165.039,0.0,1.2674629326795481,2.382774e-06
165.039,0.0,1.2670294367446302,2.586647e-06
165.039,0.0,1.2665919331355089,2.566696e-06
165.039,0.0,1.2661740713652272,2.627537e-06
165.039,0.0,1.2657672982633879,2.014363e-06
165.039,0.0,1.2653459087514967,1.326844e-06
165.039,0.0,1.2649421809890988,7.492781e-07
165.039,0.0,1.264509008539613,1.281267e-06
165.039,0.0,1.2641110437741818,1.32079e-06
165.039,0.0,1.2636748435327618,1.168213e-06
165.039,0.0,1.2632692172586841,1.033302e-06
165.039,0.0,1.2628624638204307,1.189779e-06
165.039,0.0,1.2624270552900128,1.469336e-06
165.039,0.0,1.2620277150561157,1.568682e-06
165.039,0.0,1.2615883870934856,1.654858e-06
165.039,0.0,1.2611868376951403,1.693537e-06
165.039,0.0,1.2607626075763139,1.548731e-06
165.039,0.0,1.2603740701607888,1.355598e-06
165.039,0.0,1.2599344979851357,1.277003e-06
165.039,0.0,1.259534268943683,1.246837e-06
165.039,0.0,1.2590978068684775,1.682536e-06
165.039,0.0,1.258664613995497,2.266519e-06
165.039,0.0,1.2582739594040357,2.742032e-06
165.039,0.0,1.257853687643026,1.905777e-06
165.039,0.0,1.2574365231137457,1.465043e-06
165.039,0.0,1.2570222734649308,1.876397e-06
165.039,0.0,1.2565827781439696,2.093919e-06
165.039,0.0,1.2561850311677527,3.14253e-06
165.039,0.0,1.2557625336398868,3.43709e-06
165.039,0.0,1.2553332030865838,3.410576e-06
165.039,0.0,1.254940521553845,3.132765e-06
165.039,0.0,1.2545105829514727,3.312831e-06
165.039,0.0,1.2540794237393542,3.476365e-06
165.039,0.0,1.2536452730587726,3.309673e-06
165.039,0.0,1.2532466195458984,2.825982e-06
165.039,0.0,1.2528349154579357,2.9769e-06
165.039,0.0,1.2524351925462147,3.578069e-06
165.039,0.0,1.2520020615619805,3.671652e-06
165.039,0.0,1.2515624561180954,3.748777e-06
165.039,0.0,1.2511595984162418,3.372959e-06
165.039,0.0,1.2507263836367268,2.792251e-06
165.039,0.0,1.2503207205496627,1.984721e-06
165.039,0.0,1.2499233896146609,1.919514e-06
165.039,0.0,1.2494827944934237,2.671004e-06
165.039,0.0,1.2490808662992186,2.531378e-06
165.039,0.0,1.2486427378987335,3.062436e-06
165.039,0.0,1.2482420834324712,2.835572e-06
165.039,0.0,1.2478312529981785,2.832167e-06
165.039,0.0,1.2474007823077011,3.044421e-06
165.039,0.0,1.246968052308076,2.964909e-06
165.039,0.0,1.2465197059600661,3.184803e-06
165.039,0.0,1.2461312084009137,3.605353e-06
165.039,0.0,1.2456963389367948,3.462774e-06
165.039,0.0,1.245289038629722,3.550158e-06
165.039,0.0,1.2448855504824072,3.248831e-06
165.039,0.0,1.2444512323326116,3.273482e-06
165.039,0.0,1.2440483800607915,3.315392e-06
165.039,0.0,1.2436077726407466,3.451903e-06
165.039,0.0,1.2432100137873134,3.60806e-06
165.039,0.0,1.242795052865959,3.737208e-06
165.039,0.0,1.2423754382176468,3.720314e-06
165.039,0.0,1.2419787331717023,3.409077e-06
165.039,0.0,1.2415446763540565,3.548674e-06
165.039,0.0,1.241111311789378,3.23345e-06
165.039,0.0,1.2407137498316212,3.415233e-06
165.039,0.0,1.2403021606432996,3.653782e-06
165.039,0.0,1.239902873482458,3.943758e-06
165.039,0.0,1.239467069826218,3.569396e-06
165.039,0.0,1.239042851345465,3.540306e-06
165.039,0.0,1.2386255911175459,3.82158e-06
165.039,0.0,1.2381926337666136,3.615147e-06
165.039,0.0,1.2378083332451457,3.498018e-06
165.039,0.0,1.2373833768518083,3.623936e-06
165.039,0.0,1.2369451266020157,2.843604e-06
165.039,0.0,1.2365418396353745,3.012945e-06
165.039,0.0,1.2360980889638609,3.422887e-06
165.039,0.0,1.235694754765534,3.615904e-06
165.039,0.0,1.2352736937931867,3.744499e-06
165.039,0.0,1.234846076464378,3.848269e-06
165.039,0.0,1.2344457131933653,3.991852e-06
165.039,0.0,1.234010944837666,4.090558e-06
165.039,0.0,1.2336105427579585,3.813417e-06
165.039,0.0,1.2331735271215518,3.808687e-06
165.039,0.0,1.2327670110885636,3.747584e-06
165.039,0.0,1.2323653949821645,3.293462e-06
165.039,0.0,1.2319289648349456,2.979446e-06
165.039,0.0,1.2315292112766227,2.651985e-06
165.039,0.0,1.2310868983638328,2.451212e-06
165.039,0.0,1.2306831987669717,2.541638e-06
165.039,0.0,1.2302627736600495,2.735862e-06
165.039,0.0,1.2298241444351867,3.076333e-06
165.039,0.0,1.2294445973803438,3.079345e-06
165.039,0.0,1.229016724734315,3.098248e-06
165.039,0.0,1.2285772853038526,3.184497e-06
165.039,0.0,1.228182162756872,3.059875e-06
165.039,0.0,1.227759240763247,3.190667e-06
165.039,0.0,1.2273331233462685,3.050009e-06
165.039,0.0,1.2269063467833607,3.22517e-06
165.039,0.0,1.2265070899550283,3.440451e-06
165.039,0.0,1.226067862774999,3.271736e-06
165.039,0.0,1.225615550296697,3.22469e-06
165.039,0.0,1.2252402720514342,3.429246e-06
165.039,0.0,1.2248118761507372,3.927969e-06
165.039,0.0,1.2243860759336451,3.722787e-06
165.039,0.0,1.223979788999543,3.984765e-06
165.039,0.0,1.22354547027973,4.472007e-06
165.039,0.0,1.2231411535003747,4.607398e-06
165.039,0.0,1.2227091429773926,4.701142e-06
165.039,0.0,1.222331573533073,4.727772e-06
165.039,0.0,1.2219050683827295,4.810339e-06
165.039,0.0,1.221468904134393,4.634989e-06
165.039,0.0,1.2210669384382278,4.557398e-06
165.039,0.0,1.220627964870748,4.531816e-06
165.039,0.0,1.2202373115991443,4.447429e-06
165.039,0.0,1.2198083316523807,4.370595e-06
165.039,0.0,1.219419313448791,4.348607e-06
165.039,0.0,1.2189805960761146,4.468791e-06
165.039,0.0,1.218577700134691,4.257978e-06
165.039,0.0,1.2181402692276735,4.431189e-06
165.039,0.0,1.2177072875794113,4.4724e-06
165.039,0.0,1.2173292917763794,4.154979e-06
165.039,0.0,1.2169068421190534,4.186892e-06
165.039,0.0,1.2164674668599331,4.183952e-06
165.039,0.0,1.2160296527993943,4.118934e-06
165.039,0.0,1.2156276407106446,3.879119e-06
165.039,0.0,1.215198530852272,4.098474e-06
165.039,0.0,1.2147878896667275,3.952693e-06
165.039,0.0,1.2143828170188644,3.717505e-06
165.039,0.0,1.2139462547449746,3.321693e-06
165.039,0.0,1.2135431251470383,3.131339e-06
165.039,0.0,1.2131013197253497,3.486624e-06
165.039,0.0,1.2127012574982354,3.703171e-06
165.039,0.0,1.2122821325291322,3.830501e-06
165.039,0.0,1.2118643085162117,3.804889e-06
165.039,0.0,1.2114644031605972,4.106289e-06
165.039,0.0,1.2110220764888622,4.446003e-06
165.039,0.0,1.2106192366184994,4.365051e-06
165.039,0.0,1.2101869799498681,4.312649e-06
165.039,0.0,1.2097822028881347,4.087371e-06
165.039,0.0,1.2093823227694567,3.353911e-06
165.039,0.0,1.2089295714059949,3.259702e-06
165.039,0.0,1.2085267358213234,3.482055e-06
165.039,0.0,1.208105193050549,3.069581e-06
165.039,0.0,1.2076723124204427,3.333e-06
165.039,0.0,1.207266410428339,3.702866e-06
165.039,0.0,1.2068619767612643,4.244328e-06
165.039,0.0,1.206430702529684,4.313493e-06
165.039,0.0,1.2059919430830792,4.334244e-06
165.039,0.0,1.205598216004499,4.261674e-06
165.039,0.0,1.2051617956250567,4.297341e-06
165.039,0.0,1.2047556634792573,4.336704e-06
165.039,0.0,1.2043535869884086,4.499248e-06
165.039,0.0,1.2039213341963628,4.20514e-06
165.039,0.0,1.203479227421547,4.507165e-06
165.039,0.0,1.2030713259867296,4.468209e-06
165.039,0.0,1.2026480058716715,4.392015e-06
165.039,0.0,1.2022438728073912,4.119225e-06
165.039,0.0,1.2018342727942193,4.526621e-06
165.039,0.0,1.2014350622416532,4.347909e-06
165.039,0.0,1.2010032756598872,4.759655e-06
165.039,0.0,1.200568641441905,4.664471e-06
165.039,0.0,1.2001669209181807,4.851754e-06
165.039,0.0,1.1997417756559168,4.876725e-06
165.039,0.0,1.1993284496628351,4.714486e-06
165.039,0.0,1.1989246743629611,4.534842e-06
165.039,0.0,1.1984857015542147,4.005386e-06
165.039,0.0,1.198086536857968,4.113128e-06
165.039,0.0,1.197648335964467,4.042056e-06
165.039,0.0,1.1972487130877865,4.191665e-06
165.039,0.0,1.196835691141203,4.183734e-06
165.039,0.0,1.1964123114355458,4.178379e-06
165.039,0.0,1.195959817370461,4.270609e-06
165.039,0.0,1.1955709237894636,3.962807e-06
165.039,0.0,1.1951376048310154,3.995432e-06
165.039,0.0,1.1947344619279618,3.823065e-06
165.039,0.0,1.1943191264258033,3.610301e-06
165.039,0.0,1.1938896243437833,3.065652e-06
165.039,0.0,1.193487032925161,3.029054e-06
165.039,0.0,1.1930485349102495,3.444249e-06
165.039,0.0,1.1926476961264805,3.631852e-06
165.039,0.0,1.1922241711148545,3.537541e-06
165.039,0.0,1.1918016748086948,2.876113e-06
165.039,0.0,1.1914101129180983,3.71848e-06
165.039,0.0,1.1909708079743544,4.103058e-06
165.039,0.0,1.190566847527071,4.259025e-06
165.039,0.0,1.1901274536103106,4.374131e-06
165.039,0.0,1.1897222194472197,4.275804e-06
165.039,0.0,1.1893044454023574,4.666756e-06
165.039,0.0,1.188876715600087,4.886984e-06
165.039,0.0,1.188472171452307,4.87479e-06
165.039,0.0,1.1880253410497592,4.59062e-06
165.039,0.0,1.1876273751164592,4.402813e-06
165.039,0.0,1.1872034050276608,4.57243e-06
165.039,0.0,1.1867761532055072,4.367917e-06
165.039,0.0,1.1863697414948124,4.323418e-06
165.039,0.0,1.1859497759224935,4.089889e-06
165.039,0.0,1.1855146826009244,3.86461e-06
165.039,0.0,1.1851150683133334,3.906389e-06
165.039,0.0,1.184684323416185,4.030488e-06
165.039,0.0,1.1842518316901167,4.18631e-06
165.039,0.0,1.1838461324602745,4.367306e-06
165.039,0.0,1.183443891869195,4.413843e-06
165.039,0.0,1.1829962942808525,4.300877e-06
165.039,0.0,1.182601169071705,4.349728e-06
165.039,0.0,1.1821445877446128,4.502552e-06
165.039,0.0,1.1817856561129814,4.383008e-06
165.039,0.0,1.181346637713348,4.452333e-06
165.039,0.0,1.1809519610597965,4.382004e-06
165.039,0.0,1.1805130518921587,4.305446e-06
165.039,0.0,1.1800919427555407,4.606976e-06
165.039,0.0,1.1796958778719797,4.594956e-06
165.039,0.0,1.1792659736037727,4.49318e-06
165.039,0.0,1.1788762546764175,4.549918e-06
165.039,0.0,1.1784354637326508,4.526068e-06
165.039,0.0,1.1780366178938264,4.599307e-06
165.039,0.0,1.1775936380600152,4.512869e-06
165.039,0.0,1.1771922545677111,4.364687e-06
165.039,0.0,1.1767734613157073,4.522954e-06
165.039,0.0,1.1763454402955085,4.449073e-06
165.039,0.0,1.175909790857907,4.494854e-06
165.039,0.0,1.1755081374622285,4.327769e-06
165.039,0.0,1.175067397877315,4.447211e-06
165.039,0.0,1.1746662811355573,4.649977e-06
165.039,0.0,1.1742565785259858,4.514237e-06
165.039,0.0,1.1738379924126443,4.522895e-06
165.039,0.0,1.1734066092069833,4.52534e-06
165.039,0.0,1.1730037465652114,4.508591e-06
165.039,0.0,1.172561251313778,4.604692e-06
165.039,0.0,1.172161390133807,4.592264e-06
165.039,0.0,1.1717306581607791,5.074267e-06
165.039,0.0,1.1713441151124506,4.721325e-06
165.039,0.0,1.1709081563675992,4.652669e-06
165.039,0.0,1.1704912246647536,5.037218e-06
165.039,0.0,1.1700628842480931,4.968155e-06
165.039,0.0,1.1696399832392312,5.273701e-06
165.039,0.0,1.1692399733417111,5.01411e-06
165.039,0.0,1.1688057728112196,5.030917e-06
165.039,0.0,1.1683974257602758,5.181282e-06
165.039,0.0,1.1679942298967592,5.015521e-06
165.039,0.0,1.1675554262176733,5.404218e-06
165.039,0.0,1.1671212587453268,5.385271e-06
165.039,0.0,1.1667231949012657,5.282796e-06
165.039,0.0,1.16630853075134,5.446011e-06
165.039,0.0,1.1658786031808126,5.39943e-06
165.039,0.0,1.1654708735946497,5.441732e-06
165.039,0.0,1.1650411525836744,5.382026e-06
165.039,0.0,1.1645999866752623,5.211579e-06
165.039,0.0,1.1642009697074855,5.42558e-06
165.039,0.0,1.1637696048321577,5.248119e-06
165.039,0.0,1.1633970397191966,5.251408e-06
165.039,0.0,1.1629562378068585,5.286987e-06
165.039,0.0,1.1625526818350427,4.876667e-06
165.039,0.0,1.162117023601408,5.451235e-06
165.039,0.0,1.1616848107455227,5.275651e-06
165.039,0.0,1.1612993545885346,5.117239e-06
165.039,0.0,1.16085729360712,5.345544e-06
165.039,0.0,1.1604747993011142,5.096328e-06
165.039,0.0,1.1600350221405933,4.467511e-06
165.039,0.0,1.1596335771334298,4.356567e-06
165.039,0.0,1.1592057602680776,4.650108e-06
165.039,0.0,1.1587946881995186,4.820962e-06
165.039,0.0,1.158395067476824,4.752786e-06
165.039,0.0,1.1579613034285972,4.659028e-06
165.039,0.0,1.1575263594169192,4.680041e-06
165.039,0.0,1.157124140957697,5.152819e-06
165.039,0.0,1.1566881985010447,5.299138e-06
165.039,0.0,1.1562700060877562,5.258524e-06
165.039,0.0,1.1558386059251904,5.024936e-06
165.039,0.0,1.1554551202500114,4.471367e-06
165.039,0.0,1.1550235037068624,3.971742e-06
165.039,0.0,1.1545849304469293,3.790745e-06
165.039,0.0,1.154181930125586,4.137502e-06
165.039,0.0,1.1537619454292773,4.866117e-06
165.039,0.0,1.153345702162455,4.714879e-06
165.039,0.0,1.1529443383718454,4.861329e-06
165.039,0.0,1.1525050425859593,5.077687e-06
165.039,0.0,1.1521031651088272,5.272275e-06
165.039,0.0,1.1516625913206535,5.1854e-06
165.039,0.0,1.1512580491230475,4.919551e-06
165.039,0.0,1.1508493543556035,4.976522e-06
165.039,0.0,1.1504449707269808,4.88029e-06
165.039,0.0,1.1500077689962864,4.410715e-06
165.039,0.0,1.1495809362142577,4.194109e-06
165.039,0.0,1.149178486617148,4.587579e-06
165.039,0.0,1.1487525655194737,5.026784e-06
165.039,0.0,1.1483383092230854,5.184789e-06
165.039,0.0,1.1479221797365724,5.29956e-06
165.039,0.0,1.1475011963386712,5.086971e-06
165.039,0.0,1.1470613593788594,5.094684e-06
165.039,0.0,1.1466574452622473,5.030961e-06
165.039,0.0,1.1462317191063032,5.001944e-06
165.039,0.0,1.145803012259485,4.980175e-06
165.039,0.0,1.145415645477112,5.166832e-06
165.039,0.0,1.1449779780055305,5.308801e-06
165.039,0.0,1.144551672119654,5.51391e-06
165.039,0.0,1.1441339360239646,5.66103e-06
165.039,0.0,1.1437330808940518,5.586058e-06
165.039,0.0,1.1433226383009354,5.450041e-06
165.039,0.0,1.1428975048938448,5.15992e-06
165.039,0.0,1.1424851678871208,4.913003e-06
165.039,0.0,1.1420584058271765,4.649555e-06
165.039,0.0,1.1416558794603893,4.391521e-06
165.039,0.0,1.1412373272388685,4.303001e-06
165.039,0.0,1.1408149130182959,4.338712e-06
165.039,0.0,1.1403931452954066,4.39657e-06
165.039,0.0,1.1399901716162213,4.798596e-06
165.039,0.0,1.1395490781617865,4.946603e-06
165.039,0.0,1.1391468166466432,4.705013e-06
165.039,0.0,1.1387254007519256,4.38311e-06
165.039,0.0,1.1383134890091593,3.858353e-06
165.039,0.0,1.1379153265834574,3.562644e-06
165.039,0.0,1.1374784605240613,4.049463e-06
165.039,0.0,1.1370415987857627,4.620946e-06
165.039,0.0,1.1366397831465078,4.854228e-06
165.039,0.0,1.136210307049518,4.977759e-06
165.039,0.0,1.1357845582972497,4.914094e-06
165.039,0.0,1.135349908930361,4.996444e-06
165.039,0.0,1.1349629687006162,4.886169e-06
165.039,0.0,1.134523666435363,4.876638e-06
165.039,0.0,1.1341262054319419,4.769841e-06
165.039,0.0,1.133694385394428,4.660571e-06
165.039,0.0,1.1332872973780994,4.50651e-06
165.039,0.0,1.132887124573767,4.400252e-06
165.039,0.0,1.1324502080200562,4.237139e-06
165.039,0.0,1.132047774354066,4.073954e-06
165.039,0.0,1.131602613158644,4.298723e-06
165.039,0.0,1.1312009552332203,4.311645e-06
165.039,0.0,1.1307820997412987,3.761394e-06
165.039,0.0,1.130359516192434,3.694047e-06
165.039,0.0,1.1299520655570416,3.375433e-06
165.039,0.0,1.1295296308899025,3.485096e-06
165.039,0.0,1.129107697740562,3.552384e-06
165.039,0.0,1.128672195612202,4.029513e-06
165.039,0.0,1.1282869961060304,3.843117e-06
165.039,0.0,1.1278601215529809,4.181333e-06
165.039,0.0,1.127461041894881,4.116388e-06
165.039,0.0,1.1270242574885632,4.088157e-06
165.039,0.0,1.1265835309293153,4.061381e-06
165.039,0.0,1.1261655970899092,4.247078e-06
165.039,0.0,1.1257594049732877,4.166621e-06
165.039,0.0,1.1253380899857746,4.095302e-06
165.039,0.0,1.1249374514350994,4.003436e-06
165.039,0.0,1.1244975323659947,4.197907e-06
165.039,0.0,1.124061437371295,4.231159e-06
165.039,0.0,1.123668545401421,4.031783e-06
165.039,0.0,1.123256964666437,4.090383e-06
165.039,0.0,1.122839079468808,3.908048e-06
165.039,0.0,1.1224364657774557,4.003377e-06
165.039,0.0,1.1219993532438803,4.136629e-06
165.039,0.0,1.1215979881798184,4.004018e-06
165.039,0.0,1.1211628923904682,3.991736e-06
165.039,0.0,1.1207586534796168,4.022222e-06
165.039,0.0,1.1203482111849339,4.078931e-06
165.039,0.0,1.1199133131470995,3.902926e-06
165.039,0.0,1.119505095664313,3.862049e-06
165.039,0.0,1.119090665897805,3.771318e-06
165.039,0.0,1.1186535407691185,3.89402e-06
165.039,0.0,1.1182544962899437,4.025671e-06
165.039,0.0,1.1178463703823074,3.9726e-06
165.039,0.0,1.1173946128111787,3.880341e-06
165.039,0.0,1.1170087459401343,3.866196e-06
165.039,0.0,1.1165743752977457,3.838388e-06
165.039,0.0,1.1161360715619595,3.891531e-06
165.039,0.0,1.1157316036550615,3.786248e-06
165.039,0.0,1.1153146807042085,3.706533e-06
165.039,0.0,1.1148861128445904,3.518857e-06
165.039,0.0,1.1144869716656123,3.163135e-06
165.039,0.0,1.1140478442267834,3.516427e-06
165.039,0.0,1.1136485128694809,3.615627e-06
165.039,0.0,1.1132198281934957,3.592664e-06
165.039,0.0,1.1128054515511008,3.58792e-06
165.039,0.0,1.1124090890248706,3.715177e-06
165.039,0.0,1.1119705304830054,3.675828e-06
165.039,0.0,1.111571685733002,3.280773e-06
165.039,0.0,1.1111359065570057,3.039095e-06
165.039,0.0,1.110703925073457,3.467096e-06
165.039,0.0,1.1103052189996117,3.435489e-06
165.039,0.0,1.1098905357028144,3.797715e-06
165.039,0.0,1.1094778725722476,3.644251e-06
165.039,0.0,1.1090523825458676,3.503694e-06
165.039,0.0,1.1086144961118798,3.558001e-06
165.039,0.0,1.1082149879125245,3.566165e-06
165.039,0.0,1.1077997745699657,3.818452e-06
165.039,0.0,1.1073994410022459,3.646652e-06
165.039,0.0,1.1069599096752047,3.494381e-06
165.039,0.0,1.1065234346006,3.487265e-06
165.039,0.0,1.106128043152235,3.471287e-06
165.039,0.0,1.1056916081255648,3.448629e-06
165.039,0.0,1.105259329251866,3.650362e-06
165.039,0.0,1.1048467836738778,3.867521e-06
165.039,0.0,1.1044248712440392,4.032117e-06
165.039,0.0,1.1040225782555964,4.121102e-06
165.039,0.0,1.1036019922501696,4.175541e-06
165.039,0.0,1.1031628779330316,4.147834e-06
165.039,0.0,1.1027651773889302,3.981593e-06
165.039,0.0,1.102353707156952,3.856636e-06
165.039,0.0,1.1019494040685607,3.832058e-06
165.039,0.0,1.1015108767988702,3.730689e-06
165.039,0.0,1.1011116559300635,3.948837e-06
165.039,0.0,1.1006737951246508,4.019152e-06
165.039,0.0,1.1002896787108267,4.166082e-06
165.039,0.0,1.0998642901091185,4.169342e-06
165.039,0.0,1.0994638262531584,3.993133e-06
165.039,0.0,1.0990262509015736,3.79658e-06
165.039,0.0,1.0985980292194812,3.737616e-06
165.039,0.0,1.0981970502860388,3.754336e-06
165.039,0.0,1.097764886532622,4.010843e-06
165.039,0.0,1.0973467794979501,4.046597e-06
165.039,0.0,1.0969444035163454,4.035377e-06
165.039,0.0,1.0965067330551852,4.018613e-06
165.039,0.0,1.0961038468694042,4.006506e-06
165.039,0.0,1.0956675122258932,3.854191e-06
165.039,0.0,1.0952605402863536,4.009518e-06
165.039,0.0,1.0948494584988129,4.235902e-06
165.039,0.0,1.094398145726211,4.197849e-06
165.039,0.0,1.094009208040046,4.313333e-06
165.039,0.0,1.093583151160347,4.281595e-06
165.039,0.0,1.0931471659024212,4.497502e-06
165.039,0.0,1.0927609378696956,4.484726e-06
165.039,0.0,1.092333088883516,4.470858e-06
165.039,0.0,1.091933666336696,4.463e-06
165.039,0.0,1.0915036486574978,4.239861e-06
165.039,0.0,1.09106651738456,4.210655e-06
165.039,0.0,1.0906682056592818,4.302157e-06
165.039,0.0,1.0902434719012053,4.278059e-06
165.039,0.0,1.0898261512577117,4.552829e-06
165.039,0.0,1.0894271097346793,4.434813e-06
165.039,0.0,1.0889861814444646,4.380418e-06
165.039,0.0,1.0885820592007973,4.554269e-06
165.039,0.0,1.088147703844075,4.339105e-06
165.039,0.0,1.0877208421506053,4.371992e-06
165.039,0.0,1.0873390172367539,4.445639e-06
165.039,0.0,1.0868853368554119,4.586749e-06
165.039,0.0,1.0864712354020192,4.525005e-06
165.039,0.0,1.0860328758027362,4.515387e-06
165.039,0.0,1.0856344133215152,4.696994e-06
165.039,0.0,1.0852043248261407,4.629634e-06
165.039,0.0,1.0847950050384643,4.603586e-06
165.039,0.0,1.0843958860899199,4.396541e-06
165.039,0.0,1.083953188331214,4.384798e-06
165.039,0.0,1.0835527990627485,4.296919e-06
165.039,0.0,1.0831100287601572,4.331901e-06
165.039,0.0,1.0827130818476682,4.232672e-06
165.039,0.0,1.0823015533745384,4.43992e-06
165.039,0.0,1.0818782934479712,4.220507e-06
165.039,0.0,1.0814803961125046,4.483489e-06
165.039,0.0,1.0810286062115337,4.450951e-06
165.039,0.0,1.08063654714158,4.771238e-06
165.039,0.0,1.0801997149191789,4.634901e-06
165.039,0.0,1.0798064652101416,4.424946e-06
165.039,0.0,1.0793899549286718,4.611677e-06
165.039,0.0,1.0789748576703297,4.64308e-06
165.039,0.0,1.0785448514686649,4.566886e-06
165.039,0.0,1.0781432370783723,4.239162e-06
165.039,0.0,1.077712171909587,4.070913e-06
165.039,0.0,1.0772850103176081,3.915076e-06
165.039,0.0,1.0768649118898586,3.867521e-06
165.039,0.0,1.0764642936431639,3.552821e-06
165.039,0.0,1.0760162100120234,3.513182e-06
165.039,0.0,1.0756210172946632,4.272937e-06
165.039,0.0,1.0751953343916534,4.354108e-06
165.039,0.0,1.0747712166498693,4.12426e-06
165.039,0.0,1.0743537716645868,3.986948e-06
165.039,0.0,1.073939302717814,3.984911e-06
165.039,0.0,1.0735158129180973,3.990455e-06
165.039,0.0,1.0731134133323423,4.074158e-06
165.039,0.0,1.072677424509656,4.093512e-06
165.039,0.0,1.0722721148074554,3.982597e-06
165.039,0.0,1.0718654858507155,4.072339e-06
165.039,0.0,1.0714285942828161,3.909896e-06
165.039,0.0,1.071033666520646,3.731766e-06
165.039,0.0,1.0705933066705553,3.789537e-06
165.039,0.0,1.0701902201196587,3.728215e-06
165.039,0.0,1.069768553895894,3.660723e-06
165.039,0.0,1.0693503966012927,3.679117e-06
165.039,0.0,1.0689498945595033,3.519846e-06
165.039,0.0,1.0685113623378553,3.632565e-06
165.039,0.0,1.0680831281603644,3.556677e-06
165.039,0.0,1.0676775270087464,3.580164e-06
165.039,0.0,1.06724894846543,3.079549e-06
165.039,0.0,1.0668266158177646,2.153552e-06
165.039,0.0,1.0663975735446574,2.745001e-06
165.039,0.0,1.0659958863259382,2.389017e-06
165.039,0.0,1.0655559647332882,2.456611e-06
165.039,0.0,1.0651545833121532,2.715009e-06
165.039,0.0,1.0647323434353524,3.54521e-06
165.039,0.0,1.0643067646488837,3.716472e-06
165.039,0.0,1.0639187406865356,3.58648e-06
165.039,0.0,1.063481383615804,3.659443e-06
165.039,0.0,1.0630782122295843,3.694324e-06
165.039,0.0,1.0626405981631524,3.470588e-06
165.039,0.0,1.0622393011790965,3.560359e-06
165.039,0.0,1.0618314108840705,3.594483e-06
165.039,0.0,1.061405695022624,3.774083e-06
165.039,0.0,1.0609914431149,3.520356e-06
165.039,0.0,1.0605663507771605,3.407957e-06
165.039,0.0,1.060163315510793,3.29419e-06
165.039,0.0,1.0597431811113307,3.601381e-06
165.039,0.0,1.0593012197953562,3.598878e-06
165.039,0.0,1.0589246079080648,3.446126e-06
165.039,0.0,1.0584895334611222,2.754008e-06
165.039,0.0,1.0580628134871,3.000925e-06
165.039,0.0,1.0576544089248003,3.185385e-06
165.039,0.0,1.0572308773058177,3.535664e-06
165.039,0.0,1.056803040718266,3.441237e-06
165.039,0.0,1.056384902643106,3.08876e-06
165.039,0.0,1.0559871815747628,3.198977e-06
165.039,0.0,1.0555482843448143,3.434106e-06
165.039,0.0,1.0551089065194441,3.834895e-06
165.039,0.0,1.0547149008712744,3.954628e-06
165.039,0.0,1.0543011903119173,3.859008e-06
165.039,0.0,1.0538746456252266,4.078116e-06
165.039,0.0,1.0534741837454478,4.134883e-06
165.039,0.0,1.0530249770599958,4.095607e-06
165.039,0.0,1.0526373727097464,3.928275e-06
165.039,0.0,1.0522116428985893,3.839668e-06
165.039,0.0,1.0517835396556607,3.88897e-06
165.039,0.0,1.0513994209804958,3.683002e-06
165.039,0.0,1.0509679192051853,3.493551e-06
165.039,0.0,1.0505318468095324,3.3018e-06
165.039,0.0,1.0501330063221535,3.404042e-06
165.039,0.0,1.0497041617126825,3.017951e-06
165.039,0.0,1.0492758415494292,2.9824e-06
165.039,0.0,1.0488879951757206,3.208857e-06
165.039,0.0,1.0484481557575553,3.247609e-06
165.039,0.0,1.0480501320745468,3.538327e-06
165.039,0.0,1.0476125695423377,3.852561e-06
165.039,0.0,1.0471760575829383,4.013302e-06
165.039,0.0,1.0467693689431465,3.827095e-06
165.039,0.0,1.046360959786251,3.70077e-06
165.039,0.0,1.0459229748943824,4.160334e-06
165.039,0.0,1.0455109778648493,3.999841e-06
165.039,0.0,1.0450849726443923,4.296817e-06
165.039,0.0,1.0446459512726638,4.127724e-06
165.039,0.0,1.0442632590172067,4.068992e-06
165.039,0.0,1.0438418001481542,3.978072e-06
165.039,0.0,1.0434079187476952,3.869354e-06
165.039,0.0,1.0430069323058553,3.84626e-06
165.039,0.0,1.0425787546712542,3.356807e-06
165.039,0.0,1.0421730222137628,2.947971e-06
165.039,0.0,1.0417434753911092,3.156456e-06
165.039,0.0,1.0413593670524393,3.503956e-06
165.039,0.0,1.040923984822159,3.642519e-06
165.039,0.0,1.0405268139708002,4.139438e-06
165.039,0.0,1.0400951540947116,4.544141e-06
165.039,0.0,1.0396566337391142,4.421934e-06
165.039,0.0,1.0392549254875556,4.406102e-06
165.039,0.0,1.038842501983703,4.485482e-06
165.039,0.0,1.0384365500815054,4.298476e-06
165.039,0.0,1.0380051526403427,4.19408e-06
165.039,0.0,1.0375647147229625,4.159607e-06
165.039,0.0,1.0371737460330914,4.105037e-06
165.039,0.0,1.0367379205182612,4.207541e-06
165.039,0.0,1.0363279092554016,4.203772e-06
165.039,0.0,1.0359251504838418,4.374902e-06
165.039,0.0,1.0354882255305182,4.127112e-06
165.039,0.0,1.0350532872516232,4.387868e-06
165.039,0.0,1.0346544956806272,4.369227e-06
165.039,0.0,1.0342273283559376,4.367423e-06
165.039,0.0,1.0338135674078563,4.559421e-06
165.039,0.0,1.0334098350746506,4.671107e-06
165.039,0.0,1.0329935172772702,4.979855e-06
165.039,0.0,1.0325707463289375,4.678033e-06
165.039,0.0,1.0321330872378145,4.902715e-06
165.039,0.0,1.0317312818758355,4.532252e-06
165.039,0.0,1.031315427760351,4.541245e-06
165.039,0.0,1.0308913886023459,4.3654e-06
165.039,0.0,1.0304900007122106,4.490052e-06
165.039,0.0,1.030052780666084,4.18094e-06
165.039,0.0,1.029631604397027,4.271671e-06
165.039,0.0,1.0292207470190073,4.242829e-06
165.039,0.0,1.0288083304878575,4.008485e-06
165.039,0.0,1.0284052727965027,3.915557e-06
165.039,0.0,1.0279703813954577,3.596331e-06
165.039,0.0,1.0275380975659019,3.486712e-06
165.039,0.0,1.0271409427177158,3.291527e-06
165.039,0.0,1.0267129196771565,3.50413e-06
165.039,0.0,1.02628217745599,3.587149e-06
165.039,0.0,1.025858191060518,3.438952e-06
165.039,0.0,1.0254607057658478,3.450812e-06
165.039,0.0,1.0250233429444728,4.200861e-06
165.039,0.0,1.0245926223150437,4.364265e-06
165.039,0.0,1.0241914520481785,4.143149e-06
165.039,0.0,1.0237616076354197,3.984969e-06
165.039,0.0,1.0233760722543104,3.687659e-06
165.039,0.0,1.0229374648585183,3.729889e-06
165.039,0.0,1.022538240275222,3.825975e-06
165.039,0.0,1.0220988147323204,4.001486e-06
165.039,0.0,1.0216794484882463,4.213362e-06
165.039,0.0,1.0212721737308885,3.854118e-06
165.039,0.0,1.0208587903444224,3.850131e-06
165.039,0.0,1.0204587331365402,3.801848e-06
165.039,0.0,1.0200180222588555,3.897178e-06
165.039,0.0,1.0196137055793817,3.680136e-06
165.039,0.0,1.0191791139395108,3.514724e-06
165.039,0.0,1.0187975195153192,3.361463e-06
165.039,0.0,1.0183746987961892,3.325549e-06
165.039,0.0,1.017935824155782,3.541732e-06
165.039,0.0,1.017538761920215,3.54959e-06
165.039,0.0,1.017101578727151,3.767665e-06
165.039,0.0,1.0166622724831917,3.771158e-06
165.039,0.0,1.0162785192861672,3.959794e-06
165.039,0.0,1.015851334409166,4.111309e-06
165.039,0.0,1.0154198200001125,3.983092e-06
165.039,0.0,1.0150170485068488,4.268601e-06
165.039,0.0,1.0145725239243828,4.37074e-06
165.039,0.0,1.0141672612827943,4.492962e-06
165.039,0.0,1.0137391813032135,4.520232e-06
165.039,0.0,1.0133541285711407,4.050278e-06
165.039,0.0,1.012917626740063,3.934023e-06
165.039,0.0,1.0125193447790415,4.006637e-06
165.039,0.0,1.0120796691198037,4.259869e-06
165.039,0.0,1.0116772417268358,4.552261e-06
165.039,0.0,1.0112511277380347,4.432281e-06
165.039,0.0,1.0108347578750507,4.587229e-06
165.039,0.0,1.0104362724092109,4.441405e-06
165.039,0.0,1.0099963125837412,4.061934e-06
165.039,0.0,1.0095943264381255,3.573383e-06
165.039,0.0,1.0091546085013812,3.388166e-06
165.039,0.0,1.0087514442028183,3.836496e-06
165.039,0.0,1.0083414693265542,4.192872e-06
165.039,0.0,1.0079136723025621,4.577843e-06
165.039,0.0,1.0074788722913093,4.656104e-06
165.039,0.0,1.0070636460130706,4.478949e-06
165.039,0.0,1.006636827950348,4.347603e-06
165.039,0.0,1.0062080951954808,3.996072e-06
165.039,0.0,1.005797874045435,3.922221e-06
165.039,0.0,1.0053978608237257,3.856519e-06
165.039,0.0,1.0049555353764803,3.944646e-06
165.039,0.0,1.0045506357537701,3.863403e-06
165.039,0.0,1.004113614764447,3.735782e-06
165.039,0.0,1.0037044548047165,3.759298e-06
165.039,0.0,1.0032815124519778,3.927271e-06
165.039,0.0,1.0028963505929407,4.018861e-06
165.039,0.0,1.0024608735476443,4.009213e-06
165.039,0.0,1.0020585507072017,3.790483e-06
165.039,0.0,1.0016199107063308,3.521694e-06
165.039,0.0,1.0012226319181035,3.36254e-06
165.039,0.0,1.0007945126723885,3.631329e-06
165.039,0.0,1.000377207677576,4.025438e-06
165.039,0.0,0.9999790313120503,4.198038e-06
165.039,0.0,0.9995489333422811,4.095913e-06
165.039,0.0,0.9991450532445242,4.260204e-06
165.039,0.0,0.9987130902754018,4.15559e-06
165.039,0.0,0.998300299253607,4.221482e-06
165.039,0.0,0.9979023377859376,4.474539e-06
165.039,0.0,0.9974645927058114,4.746049e-06
165.039,0.0,0.9970406970572507,4.753776e-06
165.039,0.0,0.9966208179632503,4.721514e-06
165.039,0.0,0.9961840025548532,4.537622e-06
165.039,0.0,0.9957883787554793,4.321992e-06
165.039,0.0,0.9953726667867182,4.005691e-06
165.039,0.0,0.9949350447271822,2.786939e-06
165.039,0.0,0.9945364376599068,2.437024e-06
165.039,0.0,0.9940963554383513,3.545603e-06
165.039,0.0,0.9936941727424555,4.963469e-06
165.039,0.0,0.9932746226769482,5.195951e-06
165.039,0.0,0.9928586961772152,5.268768e-06
165.039,0.0,0.9924605507708468,5.359121e-06
165.039,0.0,0.9920252923223022,4.635003e-06
165.039,0.0,0.9915942110270102,4.159578e-06
165.039,0.0,0.9911901686185708,3.756606e-06
165.039,0.0,0.9907652697944547,3.669076e-06
165.039,0.0,0.9903800243007388,3.248308e-06
165.039,0.0,0.9899400279574644,3.300214e-06
165.039,0.0,0.9895191912743332,4.425528e-06
165.039,0.0,0.9890823903663644,4.981921e-06
165.039,0.0,0.9886927103090448,5.430993e-06
165.039,0.0,0.9882705371135556,5.689406e-06
165.039,0.0,0.9878413866726037,5.590438e-06
165.039,0.0,0.9874439700758659,5.594527e-06
165.039,0.0,0.9870150478997854,5.330978e-06
165.039,0.0,0.9865741167589089,4.43001e-06
165.039,0.0,0.986134199433935,3.608089e-06
165.039,0.0,0.9857514765565802,3.244946e-06
165.039,0.0,0.9853252859020991,3.118039e-06
165.039,0.0,0.9848958302246924,2.888002e-06
165.039,0.0,0.9844961139223287,4.297355e-06
165.039,0.0,0.9840584079603183,4.981703e-06
165.039,0.0,0.9836558285634481,5.193055e-06
165.039,0.0,0.9832319568466129,5.036374e-06
165.039,0.0,0.9828189825138816,5.0612e-06
165.039,0.0,0.9824188728779505,4.829213e-06
165.039,0.0,0.9819644700688435,4.891524e-06
165.039,0.0,0.9815673810245051,5.095673e-06
165.039,0.0,0.9811339587773402,5.100403e-06
165.039,0.0,0.9807300426529431,5.179798e-06
165.039,0.0,0.9803292887892189,5.257723e-06
165.039,0.0,0.9799100544993953,5.127236e-06
165.039,0.0,0.9795066516435884,5.159367e-06
165.039,0.0,0.9790679884647022,5.07322e-06
165.039,0.0,0.9786337221805604,4.808331e-06
165.039,0.0,0.9782496952050901,4.787726e-06
165.039,0.0,0.97782122492104,4.55296e-06
165.039,0.0,0.9773969164157723,4.04504e-06
165.039,0.0,0.9769949509097116,3.999419e-06
165.039,0.0,0.976555206328003,5.318652e-06
165.039,0.0,0.9761175808463863,4.904025e-06
165.039,0.0,0.9757227860557681,4.842936e-06
165.039,0.0,0.9752963820867145,4.799746e-06
165.039,0.0,0.974881414795191,4.784015e-06
165.039,0.0,0.9744782489703251,4.859816e-06
165.039,0.0,0.9740368355310096,4.802787e-06
165.039,0.0,0.9736385896433876,4.936301e-06
165.039,0.0,0.973209046399041,4.904388e-06
165.039,0.0,0.9727985334275888,4.920599e-06
165.039,0.0,0.9723989015238419,4.982809e-06
165.039,0.0,0.9719571169244361,4.845831e-06
165.039,0.0,0.9715540919943298,4.892034e-06
165.039,0.0,0.9711138873149121,4.715155e-06
165.039,0.0,0.9707136006194661,4.523637e-06
165.039,0.0,0.9702950468006215,4.433969e-06
165.039,0.0,0.969868022275004,4.350033e-06
165.039,0.0,0.9694658588607539,4.48947e-06
165.039,0.0,0.9690404034756672,4.547357e-06
165.039,0.0,0.9686199734350156,4.776142e-06
165.039,0.0,0.9681687676595058,4.767411e-06
165.039,0.0,0.9677870480307769,4.865578e-06
165.039,0.0,0.9673855939475094,4.73416e-06
165.039,0.0,0.9669453396923585,4.695932e-06
165.039,0.0,0.9665040294752589,4.68074e-06
165.039,0.0,0.9661030748065351,4.741712e-06
165.039,0.0,0.9656680519527219,4.590824e-06
165.039,0.0,0.965264775890325,3.986192e-06
165.039,0.0,0.9648670799901673,4.258429e-06
165.039,0.0,0.9644291441705081,4.375761e-06
165.039,0.0,0.9640079291040783,4.548318e-06
165.039,0.0,0.963589916127167,4.420639e-06
165.039,0.0,0.9631518223634863,4.292451e-06
165.039,0.0,0.9627521084362552,4.118105e-06
165.039,0.0,0.9623493004111632,4.064452e-06
165.039,0.0,0.9619169135648724,4.335234e-06
165.039,0.0,0.9615146547206781,4.431276e-06
165.039,0.0,0.9610870208654778,4.417583e-06
165.039,0.0,0.960684729284877,4.419271e-06
165.039,0.0,0.960260362759115,4.428875e-06
165.039,0.0,0.9598418135859225,4.447953e-06
165.039,0.0,0.9594234221366027,4.497022e-06
165.039,0.0,0.9590050167869701,4.420086e-06
165.039,0.0,0.9585835891519655,4.399815e-06
165.039,0.0,0.9581793407559198,4.343397e-06
165.039,0.0,0.9577504346671305,4.446221e-06
165.039,0.0,0.9573372875558112,4.450805e-06
165.039,0.0,0.9569377160008071,4.431335e-06
165.039,0.0,0.9564976041920908,4.505928e-06
165.039,0.0,0.9560599711404145,4.369198e-06
165.039,0.0,0.9556561580936217,4.383066e-06
165.039,0.0,0.9552320077411127,4.338435e-06
165.039,0.0,0.9548193233285153,4.253452e-06
165.039,0.0,0.9544157995195277,4.271948e-06
165.039,0.0,0.9539735616294057,4.280984e-06
165.039,0.0,0.9535600385783145,4.252899e-06
165.039,0.0,0.9531339198511757,4.37432e-06
165.039,0.0,0.9527340306258634,4.290341e-06
165.039,0.0,0.9523243940643649,4.284811e-06
165.039,0.0,0.9518957173136576,4.354632e-06
165.039,0.0,0.9514913474256709,4.399248e-06
165.039,0.0,0.9510547797586746,4.234171e-06
165.039,0.0,0.9506560740131016,4.468093e-06
165.039,0.0,0.9502292145970064,4.324975e-06
165.039,0.0,0.9498062097459982,4.221773e-06
165.039,0.0,0.9494174637434268,4.13305e-06
165.039,0.0,0.9489788676468456,3.990281e-06
165.039,0.0,0.9485539565219197,3.841225e-06
165.039,0.0,0.9481418314675929,4.217713e-06
165.039,0.0,0.9477150701616179,4.331145e-06
165.039,0.0,0.9473018571302153,4.30808e-06
165.039,0.0,0.9469018432569548,4.379137e-06
165.039,0.0,0.9464461147254499,4.22023e-06
165.039,0.0,0.9460255091919022,4.217742e-06
165.039,0.0,0.945625051992406,4.157468e-06
165.039,0.0,0.9451890317335522,3.816211e-06
165.039,0.0,0.9447824699531011,3.668276e-06
165.039,0.0,0.9443850819442212,4.101152e-06
165.039,0.0,0.9439494312227323,3.970184e-06
165.039,0.0,0.9435285883074844,4.262125e-06
165.039,0.0,0.9431096444362098,4.357425e-06
165.039,0.0,0.9426769419163148,4.340109e-06
165.039,0.0,0.9422913791875958,4.181202e-06
165.039,0.0,0.9418616395001713,4.27186e-06
165.039,0.0,0.9414607641010041,4.548114e-06
165.039,0.0,0.941032741617265,4.561909e-06
165.039,0.0,0.9405999516005377,4.667934e-06
165.039,0.0,0.9401878622628345,4.63234e-06
165.039,0.0,0.9397760937752627,4.708185e-06
165.039,0.0,0.9393621017334755,4.700341e-06
165.039,0.0,0.9389422136763339,4.636458e-06
165.039,0.0,0.9385191988075151,4.656526e-06
165.039,0.0,0.9381123913366991,4.517307e-06
165.039,0.0,0.9376570476323671,4.497284e-06
165.039,0.0,0.9372753190785671,4.493573e-06
165.039,0.0,0.9368694421488568,4.470188e-06
165.039,0.0,0.9364265264915159,4.533795e-06
165.039,0.0,0.9360183061222284,4.684553e-06
165.039,0.0,0.9355743840841759,4.782472e-06
165.039,0.0,0.935165747323391,4.58429e-06
165.039,0.0,0.9347671713462398,4.129368e-06
165.039,0.0,0.9343296417736362,3.786889e-06
165.039,0.0,0.9339262408188325,4.092653e-06
165.039,0.0,0.9335159208004074,4.033514e-06
165.039,0.0,0.9330954285553881,3.989844e-06
165.039,0.0,0.9326586028015204,3.900961e-06
165.039,0.0,0.9322564612360261,3.824272e-06
165.039,0.0,0.9318473996083377,3.964829e-06
165.039,0.0,0.9314154051747872,3.888345e-06
165.039,0.0,0.9310047423780412,4.000118e-06
165.039,0.0,0.9305829895941137,4.048488e-06
165.039,0.0,0.9301447991369852,3.815716e-06
165.039,0.0,0.9297436567285658,3.792491e-06
165.039,0.0,0.9293418598336893,3.737048e-06
165.039,0.0,0.9289035817970054,3.835041e-06
165.039,0.0,0.928485299016198,4.001544e-06
165.039,0.0,0.9280792586158362,3.922978e-06
165.039,0.0,0.9276330824161516,3.985828e-06
165.039,0.0,0.9272287619438958,3.962152e-06
165.039,0.0,0.9268173672002651,3.86266e-06
165.039,0.0,0.9263947521602475,3.933383e-06
165.039,0.0,0.9259817846862679,3.84789e-06
165.039,0.0,0.9255275175931801,3.838693e-06
165.039,0.0,0.9251244696510084,3.892768e-06
165.039,0.0,0.9247204285370229,4.002461e-06
165.039,0.0,0.9242808938943539,4.011657e-06
165.039,0.0,0.92388407437483,3.94808e-06
165.039,0.0,0.9234722049253014,3.93283e-06
165.039,0.0,0.9230454109149041,3.967391e-06
165.039,0.0,0.9226140912905851,4.008078e-06
165.039,0.0,0.9222072806244551,4.148766e-06
165.039,0.0,0.9218075319461314,4.389978e-06
165.039,0.0,0.9214071304467895,4.245157e-06
165.039,0.0,0.9209616724513244,3.937457e-06
165.039,0.0,0.9205481621222992,3.902576e-06
165.039,0.0,0.9201351005954299,4.301633e-06
165.039,0.0,0.9197317890131954,3.992478e-06
165.039,0.0,0.9192861498143696,4.106201e-06
165.039,0.0,0.9188915466349588,4.072179e-06
165.039,0.0,0.9184806310413184,4.20952e-06
165.039,0.0,0.9180553207125941,4.31556e-06
165.039,0.0,0.9176193051471931,4.274712e-06
165.039,0.0,0.9172172139926074,4.440677e-06
165.039,0.0,0.91677921512591,4.610964e-06
165.039,0.0,0.9163792912561968,4.337649e-06
165.039,0.0,0.9159671472616319,4.419242e-06
165.039,0.0,0.9155161016869675,4.678339e-06
165.039,0.0,0.9151025535415493,4.627305e-06
165.039,0.0,0.9146954313732866,4.620189e-06
165.039,0.0,0.9142790935198662,4.446236e-06
165.039,0.0,0.913858790963999,4.584435e-06
165.039,0.0,0.913443275581262,4.498565e-06
165.039,0.0,0.913020721342967,4.462971e-06
165.039,0.0,0.9126191486739572,4.569127e-06
165.039,0.0,0.9121841580094844,4.49011e-06
165.039,0.0,0.9117780064585765,4.63365e-06
165.039,0.0,0.9113710486703829,4.686037e-06
165.039,0.0,0.9109370355864267,4.691174e-06
165.039,0.0,0.9105363960047462,4.681788e-06
165.039,0.0,0.9100981406782837,4.72278e-06
165.039,0.0,0.9096960015706861,4.711284e-06
165.039,0.0,0.9092798719792975,4.658708e-06
165.039,0.0,0.9088571529866961,4.619767e-06
165.039,0.0,0.9084572388714852,4.79896e-06
165.039,0.0,0.9080208356927062,4.773407e-06
165.039,0.0,0.907584001141718,4.857196e-06
165.039,0.0,0.9071812925990946,4.908463e-06
165.039,0.0,0.9067561068364112,4.721325e-06
165.039,0.0,0.9063136045080304,4.541886e-06
165.039,0.0,0.9059096439236143,4.308298e-06
165.039,0.0,0.9055089107325388,3.867346e-06
165.039,0.0,0.9050691579162966,3.476394e-06
165.039,0.0,0.9046653998297776,3.564579e-06
165.039,0.0,0.9042494563194226,3.492911e-06
165.039,0.0,0.9038243523891679,3.597714e-06
165.039,0.0,0.9033948143100962,4.233138e-06
165.039,0.0,0.9029963962616947,4.091838e-06
165.039,0.0,0.9025695659544741,4.156027e-06
165.039,0.0,0.9021574012010368,4.328191e-06
165.039,0.0,0.9017358853592562,4.439367e-06
165.039,0.0,0.9013253051499471,4.512767e-06
165.039,0.0,0.9009248353534717,4.427377e-06
165.039,0.0,0.9004857739430288,4.158996e-06
165.039,0.0,0.9000836062422516,4.287576e-06
165.039,0.0,0.8996423690301041,4.138477e-06
165.039,0.0,0.8992439927958154,4.244168e-06
165.039,0.0,0.8988166797263417,4.209433e-06
165.039,0.0,0.8984076652877394,4.169415e-06
165.039,0.0,0.8979997590405484,4.129426e-06
165.039,0.0,0.8975746570256777,4.316113e-06
165.039,0.0,0.8971639960781326,4.22007e-06
165.039,0.0,0.8967381950625035,3.834677e-06
165.039,0.0,0.896298490932134,3.696507e-06
165.039,0.0,0.89588495311352,3.934969e-06
165.039,0.0,0.8954859910442139,3.937515e-06
165.039,0.0,0.8950446110504697,3.93184e-06
165.039,0.0,0.8946457399981833,4.140253e-06
165.039,0.0,0.8942141109509039,3.848705e-06
165.039,0.0,0.8938007190870252,3.604117e-06
165.039,0.0,0.8934028888883195,3.908048e-06
165.039,0.0,0.8929640350350193,3.572612e-06
165.039,0.0,0.8925663708384516,3.805777e-06
165.039,0.0,0.8921300456514036,3.804103e-06
165.039,0.0,0.8916949624084818,3.731257e-06
165.039,0.0,0.8913068655845079,3.124704e-06
165.039,0.0,0.8908777892322748,3.28332e-06
165.039,0.0,0.890472170237724,3.863141e-06
165.039,0.0,0.8900436140226773,4.108355e-06
165.039,0.0,0.8896101214885,3.900263e-06
165.039,0.0,0.8892097703497645,4.199959e-06
165.039,0.0,0.8887904261272259,4.245914e-06
165.039,0.0,0.8884031977110929,4.267378e-06
165.039,0.0,0.8879677168207272,4.032336e-06
165.039,0.0,0.88752614563173,3.842681e-06
165.039,0.0,0.8871276025115022,3.944733e-06
165.039,0.0,0.8866988866721277,3.960115e-06
165.039,0.0,0.8862762440565246,3.977097e-06
165.039,0.0,0.8858483342960086,4.149391e-06
165.039,0.0,0.8854473558967075,4.135247e-06
165.039,0.0,0.8850149007244716,4.003989e-06
165.039,0.0,0.8845763771334241,3.749985e-06
165.039,0.0,0.8841748201804758,3.604e-06
165.039,0.0,0.883741635983655,3.600217e-06
165.039,0.0,0.8833373255326974,3.998779e-06
165.039,0.0,0.8829383848138442,4.17768e-06
165.039,0.0,0.8825047007815119,3.863388e-06
165.039,0.0,0.8821049974888447,3.930152e-06
165.039,0.0,0.8816665083338707,3.900568e-06
165.039,0.0,0.8812622164988249,3.513094e-06
165.039,0.0,0.8808525990644015,3.31804e-06
165.039,0.0,0.8804472758156022,3.140114e-06
165.039,0.0,0.8800181453159224,3.129375e-06
165.039,0.0,0.8795902395995379,3.457724e-06
165.039,0.0,0.8791864236712615,3.788286e-06
165.039,0.0,0.8787556370551834,3.686568e-06
165.039,0.0,0.8783699291220972,4.036876e-06
165.039,0.0,0.8779363631489705,4.126399e-06
165.039,0.0,0.8774988030624026,3.941022e-06
165.039,0.0,0.877100378728874,4.046087e-06
165.039,0.0,0.8766695092530613,3.584995e-06
165.039,0.0,0.8762509811262293,3.344408e-06
165.039,0.0,0.8758291779529337,3.2057e-06
165.039,0.0,0.8754306210879844,3.839508e-06
165.039,0.0,0.8749934506308475,4.113579e-06
165.039,0.0,0.8745679665043101,4.062254e-06
165.039,0.0,0.8741536746413809,4.124289e-06
165.039,0.0,0.8737212860312963,4.201356e-06
165.039,0.0,0.8733361403441872,3.934081e-06
165.039,0.0,0.8729066716793824,3.923444e-06
165.039,0.0,0.872506288868799,4.051704e-06
165.039,0.0,0.8720555069840776,4.126487e-06
165.039,0.0,0.8716315135120678,3.85342e-06
165.039,0.0,0.8712406398722526,3.917201e-06
165.039,0.0,0.8708121967247275,4.059737e-06
165.039,0.0,0.8704178572983776,3.956113e-06
165.039,0.0,0.8699703582084539,4.026952e-06
165.039,0.0,0.8695602510878613,4.098591e-06
165.039,0.0,0.8691487881375431,3.950059e-06
165.039,0.0,0.8687201427435596,4.101428e-06
165.039,0.0,0.8683088495525206,4.187619e-06
165.039,0.0,0.8679093644743978,4.182453e-06
165.039,0.0,0.867470931860871,4.147747e-06
165.039,0.0,0.8670463681063963,4.310394e-06
165.039,0.0,0.8666321964084699,4.360409e-06
165.039,0.0,0.866201517203575,4.300789e-06
165.039,0.0,0.8657851167249485,4.182948e-06
165.039,0.0,0.8653924585208866,4.198577e-06
165.039,0.0,0.8649569431426158,4.110538e-06
165.039,0.0,0.864535061264789,4.083311e-06
165.039,0.0,0.8641163403307723,4.097252e-06
165.039,0.0,0.8636840007237759,4.049958e-06
165.039,0.0,0.8632864764591672,4.02765e-06
165.039,0.0,0.8628692207590947,3.936511e-06
165.039,0.0,0.862461200870057,3.950016e-06
165.039,0.0,0.8620301210936897,4.020942e-06
165.039,0.0,0.8616281791596619,3.967521e-06
165.039,0.0,0.861197120169777,4.014961e-06
165.039,0.0,0.8607856657471199,4.14619e-06
165.039,0.0,0.8603784097425078,4.033311e-06
165.039,0.0,0.8599445172797457,4.042289e-06
165.039,0.0,0.859542733865726,3.898342e-06
165.039,0.0,0.8591065977686015,3.789595e-06
165.039,0.0,0.8587106809809253,3.668436e-06
165.039,0.0,0.8582844346068901,3.956608e-06
165.039,0.0,0.85786257921108,4.098954e-06
165.039,0.0,0.8574699699344414,4.050438e-06
165.039,0.0,0.8570306545592126,3.987167e-06
165.039,0.0,0.8565908059574113,3.967682e-06
165.039,0.0,0.8561912114111373,4.004571e-06
165.039,0.0,0.8557675257265821,3.776819e-06
165.039,0.0,0.8553470574268087,3.881156e-06
165.039,0.0,0.8549459548677374,3.919966e-06
165.039,0.0,0.854504646900947,3.871173e-06
165.039,0.0,0.8541004253371246,4.02474e-06
165.039,0.0,0.8536655090986707,3.924593e-06
165.039,0.0,0.8532632025315062,3.927096e-06
165.039,0.0,0.8528537802696818,3.841982e-06
165.039,0.0,0.8524220844136655,3.732566e-06
165.039,0.0,0.8520251942190382,3.862995e-06
165.039,0.0,0.8515840083251395,3.992347e-06
165.039,0.0,0.8511827744973522,4.044938e-06
165.039,0.0,0.8507602372052561,4.023488e-06
165.039,0.0,0.8503422909227268,4.127491e-06
165.039,0.0,0.8499483387951354,3.973662e-06
165.039,0.0,0.8495087663789971,3.97196e-06
165.039,0.0,0.8490774776612143,4.037473e-06
165.039,0.0,0.8486674918009404,3.784022e-06
165.039,0.0,0.8482422548151571,3.902489e-06
165.039,0.0,0.8478645496277591,3.905006e-06
165.039,0.0,0.8474280269770619,3.948022e-06
165.039,0.0,0.8469865381097992,4.109475e-06
165.039,0.0,0.8465827599206529,3.905399e-06
165.039,0.0,0.8461448698941942,3.596826e-06
165.039,0.0,0.8457178896675098,3.523237e-06
165.039,0.0,0.8453094336095638,3.349705e-06
165.039,0.0,0.8449102769221555,3.279376e-06
165.039,0.0,0.8444686660894574,3.272042e-06
165.039,0.0,0.8440675984041781,3.352383e-06
165.039,0.0,0.8436267441289569,3.103458e-06
165.039,0.0,0.8432211471952152,3.235182e-06
165.039,0.0,0.8428166912597417,2.996254e-06
165.039,0.0,0.842389427945022,2.655826e-06
165.039,0.0,0.8419859282082927,2.274799e-06
165.039,0.0,0.8415573142236608,2.519606e-06
165.039,0.0,0.8411395777542731,2.90462e-06
165.039,0.0,0.8407103942917751,3.362817e-06
165.039,0.0,0.8403335905829137,3.483889e-06
165.039,0.0,0.8399082822056965,3.072942e-06
165.039,0.0,0.8394687383651255,2.766552e-06
165.039,0.0,0.8390667150217461,3.355424e-06
165.039,0.0,0.8386254186385618,2.624511e-06
165.039,0.0,0.8382275129583157,3.433801e-06
165.039,0.0,0.837816465554607,4.016329e-06
165.039,0.0,0.8373894939553053,3.859313e-06
165.039,0.0,0.8369862923719257,3.656722e-06
165.039,0.0,0.8365538481017238,3.818859e-06
165.039,0.0,0.8361153741665248,3.904788e-06
165.039,0.0,0.8356823847594536,3.670866e-06
165.039,0.0,0.8352895667712438,3.769543e-06
165.039,0.0,0.8348836820303618,3.645226e-06
165.039,0.0,0.8344419727820355,3.299268e-06
165.039,0.0,0.8340433832441315,3.631692e-06
165.039,0.0,0.8335999525340646,3.67254e-06
165.039,0.0,0.8332023532913302,3.686073e-06
165.039,0.0,0.8327765917580097,3.695517e-06
165.039,0.0,0.8323826563240457,3.768087e-06
165.039,0.0,0.8319497407691897,3.736553e-06
165.039,0.0,0.8315266925819983,3.743451e-06
165.039,0.0,0.8310988263850605,3.852008e-06
165.039,0.0,0.8306974509504655,3.567897e-06
165.039,0.0,0.8302729482982373,3.722205e-06
165.039,0.0,0.8298829876609405,3.764697e-06
165.039,0.0,0.8294459283425979,3.600624e-06
165.039,0.0,0.8290210753403923,3.654219e-06
165.039,0.0,0.8285978290534688,3.785943e-06
165.039,0.0,0.8281995255727216,3.976646e-06
165.039,0.0,0.8277731039611103,3.86835e-06
165.039,0.0,0.8273310094834486,3.925845e-06
165.039,0.0,0.8269180549301592,3.6977e-06
165.039,0.0,0.8265072856153654,3.878537e-06
165.039,0.0,0.8260908586623804,3.829628e-06
165.039,0.0,0.825659366210303,3.796464e-06
165.039,0.0,0.825230092605035,3.857975e-06
165.039,0.0,0.8248392585662734,4.015121e-06
165.039,0.0,0.8244095368602625,4.024492e-06
165.039,0.0,0.8240009117099858,4.026457e-06
165.039,0.0,0.8235623459355544,3.870475e-06
165.039,0.0,0.823160237194288,3.974492e-06
165.039,0.0,0.8227286112868543,3.726571e-06
165.039,0.0,0.8223375089980732,3.771944e-06
165.039,0.0,0.8219077241466317,3.723791e-06
165.039,0.0,0.8214981534354849,3.725159e-06
165.039,0.0,0.8210821720660957,3.803987e-06
165.039,0.0,0.8206549812948397,3.716312e-06
165.039,0.0,0.8202621889624473,3.710986e-06
165.039,0.0,0.8198243356798829,3.587149e-06
165.039,0.0,0.8194074323749118,3.745867e-06
165.039,0.0,0.8189960735452393,3.720299e-06
165.039,0.0,0.8185782047842695,3.796784e-06
165.039,0.0,0.8181500473368819,3.686713e-06
165.039,0.0,0.817757400696495,3.609457e-06
165.039,0.0,0.8173249247266103,3.376452e-06
165.039,0.0,0.8168954470333406,3.624664e-06
165.039,0.0,0.8164898637739479,3.49262e-06
165.039,0.0,0.816048366195682,3.674242e-06
165.039,0.0,0.8156429184631409,3.829511e-06
165.039,0.0,0.8152142105912183,3.807159e-06
165.039,0.0,0.8148123868659167,3.48888e-06
165.039,0.0,0.8143926093907674,3.08374e-06
165.039,0.0,0.8139659128664856,2.965811e-06
165.039,0.0,0.8135489870709194,2.899789e-06
165.039,0.0,0.8131445447138985,3.274108e-06
165.039,0.0,0.8127145347849879,3.665031e-06
165.039,0.0,0.8123206106013562,3.777968e-06
165.039,0.0,0.8118947075312334,3.876383e-06
165.039,0.0,0.8114630270685118,3.721463e-06
165.039,0.0,0.8110509071244263,3.494744e-06
165.039,0.0,0.810611818301833,3.535708e-06
165.039,0.0,0.8102120207905624,3.704117e-06
165.039,0.0,0.8098038198023385,3.430789e-06
165.039,0.0,0.8093881674698518,3.725771e-06
165.039,0.0,0.8089592998037285,3.613342e-06
165.039,0.0,0.808544081162101,3.71132e-06
165.039,0.0,0.8081401035925891,3.487759e-06
165.039,0.0,0.8077096792305546,3.286579e-06
165.039,0.0,0.807277344335545,3.55512e-06
165.039,0.0,0.8068799418682358,3.439229e-06
165.039,0.0,0.8064431687246776,3.598165e-06
165.039,0.0,0.8060095554023725,3.476132e-06
165.039,0.0,0.8055992672865944,3.432171e-06
165.039,0.0,0.8051621148540272,3.266119e-06
165.039,0.0,0.8047643348092637,3.209832e-06
165.039,0.0,0.8043483112580881,2.936504e-06
165.039,0.0,0.8039376503429014,3.122201e-06
165.039,0.0,0.8035129873865033,3.331093e-06
165.039,0.0,0.8030927551193077,3.286041e-06
165.039,0.0,0.8026591938115805,3.424779e-06
165.039,0.0,0.8022663094642467,3.27715e-06
165.039,0.0,0.8018736108998077,3.261754e-06
165.039,0.0,0.8014383788656172,3.169203e-06
165.039,0.0,0.8010306673380353,2.788991e-06
165.039,0.0,0.800591916480585,2.516041e-06
165.039,0.0,0.8001921174838192,2.532659e-06
165.039,0.0,0.799759600564878,2.898509e-06
165.039,0.0,0.7993658168295057,3.10484e-06
165.039,0.0,0.7989352884318414,3.205074e-06
165.039,0.0,0.7985157943652541,3.160589e-06
165.039,0.0,0.7980852615162686,3.149951e-06
165.039,0.0,0.7976829107023989,3.1542e-06
165.039,0.0,0.7972598078842185,3.420588e-06
165.039,0.0,0.7968315702433121,3.513444e-06
165.039,0.0,0.7964302806854643,3.702778e-06
165.039,0.0,0.7960021615272049,3.535621e-06
165.039,0.0,0.7955812142043598,3.313689e-06
165.039,0.0,0.795136761678799,3.176014e-06
165.039,0.0,0.7947455327195951,3.358131e-06
165.039,0.0,0.7943414887502529,3.144989e-06
165.039,0.0,0.7939126413359104,3.396737e-06
165.039,0.0,0.7934865917677449,3.434878e-06
165.039,0.0,0.793062664715091,3.506328e-06
165.039,0.0,0.7926638822823315,3.434616e-06
165.039,0.0,0.7922329089748426,3.584108e-06
165.039,0.0,0.7918405530050604,3.245543e-06
165.039,0.0,0.7914081705827476,3.536668e-06
165.039,0.0,0.7910028435749504,3.284847e-06
165.039,0.0,0.7905646701673031,3.176203e-06
165.039,0.0,0.790165089810227,3.253343e-06
165.039,0.0,0.7897367849715156,3.116424e-06
165.039,0.0,0.7893067602035132,3.053006e-06
165.039,0.0,0.78891178727796,2.907749e-06
165.039,0.0,0.7884860570846653,2.694636e-06
165.039,0.0,0.7880612962241225,2.539382e-06
165.039,0.0,0.7876246718580036,2.306275e-06
165.039,0.0,0.7872303542719791,2.610774e-06
165.039,0.0,0.7868168860728041,3.175563e-06
165.039,0.0,0.7863685468326196,3.34777e-06
165.039,0.0,0.785950872883312,3.264591e-06
165.039,0.0,0.7855493174783551,3.194174e-06
165.039,0.0,0.7851091331180771,3.426539e-06
165.039,0.0,0.7847113992618652,3.266905e-06
165.039,0.0,0.7842931122462832,3.376874e-06
165.039,0.0,0.7838677730759223,3.42929e-06
165.039,0.0,0.7834679272037883,3.460256e-06
165.039,0.0,0.7830260460301712,3.749141e-06
165.039,0.0,0.7826233867629442,3.773355e-06
165.039,0.0,0.7822215371855095,3.820169e-06
165.039,0.0,0.7818096599751168,3.557594e-06
165.039,0.0,0.7813831139826615,3.520603e-06
165.039,0.0,0.7809734581470898,3.673398e-06
165.039,0.0,0.7805464805665036,3.792971e-06
165.039,0.0,0.7801109247062691,3.7586e-06
165.039,0.0,0.7797129731642823,3.81167e-06
165.039,0.0,0.7792761114727911,4.046582e-06
165.039,0.0,0.7789006984865633,4.004498e-06
165.039,0.0,0.7784632411303796,4.258356e-06
165.039,0.0,0.7780421197244588,4.052767e-06
165.039,0.0,0.7776234410007703,4.111716e-06
165.039,0.0,0.7771918232855181,3.910507e-06
165.039,0.0,0.7767817112993315,3.808265e-06
165.039,0.0,0.7763869439655173,3.608453e-06
165.039,0.0,0.7759512256936968,3.379115e-06
165.039,0.0,0.7755115360786549,3.736786e-06
165.039,0.0,0.7751110263860045,3.476423e-06
165.039,0.0,0.7746739886988584,3.571098e-06
165.039,0.0,0.7742668465676463,3.550333e-06
165.039,0.0,0.7738593410072934,3.888606e-06
165.039,0.0,0.7734279787797768,4.184796e-06
165.039,0.0,0.7730261891473132,4.114321e-06
165.039,0.0,0.7725844154129016,4.185102e-06
165.039,0.0,0.7721811536880494,4.120346e-06
165.039,0.0,0.771757189711952,3.98331e-06
165.039,0.0,0.7713414010551118,3.961672e-06
165.039,0.0,0.7709423311781377,3.982044e-06
165.039,0.0,0.7705013368478236,3.841342e-06
165.039,0.0,0.7700976461748357,4.028378e-06
165.039,0.0,0.7696587397484329,3.871028e-06
165.039,0.0,0.7692771854269418,3.78977e-06
165.039,0.0,0.7688487091099206,3.89741e-06
165.039,0.0,0.7684199311350354,3.739944e-06
165.039,0.0,0.768010393575158,3.442066e-06
165.039,0.0,0.7675843376039383,3.181398e-06
165.039,0.0,0.7671440745313245,3.234542e-06
165.039,0.0,0.7667400966027907,3.500827e-06
165.039,0.0,0.7663373794588276,3.260924e-06
165.039,0.0,0.7659090470612168,3.339592e-06
165.039,0.0,0.7654743034012274,3.587527e-06
165.039,0.0,0.7650714499990918,3.501686e-06
165.039,0.0,0.7646302411271363,3.649198e-06
165.039,0.0,0.7642299646856843,3.654743e-06
165.039,0.0,0.7638212382671828,3.686015e-06
165.039,0.0,0.7633979068796926,3.642825e-06
165.039,0.0,0.7629860202672138,3.550755e-06
165.039,0.0,0.7625540270829749,3.698209e-06
165.039,0.0,0.7621270932647544,3.66634e-06
165.039,0.0,0.7617358160482899,3.641268e-06
165.039,0.0,0.7613163637233591,3.490408e-06
165.039,0.0,0.7609215663110094,3.363573e-06
165.039,0.0,0.7604875410396421,3.356865e-06
165.039,0.0,0.7600608058542402,3.521025e-06
165.039,0.0,0.7596473485499039,3.882946e-06
165.039,0.0,0.7592154532854078,3.757988e-06
165.039,0.0,0.7588330496651302,3.863897e-06
165.039,0.0,0.7584022703187252,3.918423e-06
165.039,0.0,0.7579822883907533,3.768931e-06
165.039,0.0,0.7575621225469477,3.774112e-06
165.039,0.0,0.7571213752039939,3.799592e-06
165.039,0.0,0.7567193696332625,3.648121e-06
165.039,0.0,0.7563021728236041,3.783352e-06
165.039,0.0,0.7558752077123113,3.669469e-06
165.039,0.0,0.7554678706313142,3.966517e-06
165.039,0.0,0.7550291822128393,3.963098e-06
165.039,0.0,0.7546060066211487,4.014146e-06
165.039,0.0,0.7542054115558003,4.037895e-06
165.039,0.0,0.7537809661461924,3.951951e-06
165.039,0.0,0.7533964950682337,4.010319e-06
165.039,0.0,0.7529544755546492,3.818917e-06
165.039,0.0,0.7525383255357179,3.920577e-06
165.039,0.0,0.7521187396467696,3.838111e-06
165.039,0.0,0.7516824476632312,3.92973e-06
165.039,0.0,0.7512969326850955,3.876674e-06
165.039,0.0,0.7508689702874348,3.593508e-06
165.039,0.0,0.7504639373304746,3.392459e-06
165.039,0.0,0.7500171944498865,3.803885e-06
165.039,0.0,0.7496203707109048,3.710215e-06
165.039,0.0,0.7491826548098113,3.392386e-06
165.039,0.0,0.7487775478934194,3.635985e-06
165.039,0.0,0.7483706016083765,3.697001e-06
165.039,0.0,0.7479617912698103,3.792215e-06
165.039,0.0,0.7475331839366264,3.519497e-06
165.039,0.0,0.7470812901379698,3.246896e-06
165.039,0.0,0.7466566887151662,3.08633e-06
165.039,0.0,0.7462510306864448,3.012596e-06
165.039,0.0,0.7458461465219443,2.731467e-06
165.039,0.0,0.7454100625867307,3.265683e-06
165.039,0.0,0.7449869749780924,3.333043e-06
165.039,0.0,0.7445731241231688,3.132111e-06
165.039,0.0,0.7441633255972047,3.111156e-06
165.039,0.0,0.7437260227062952,3.956171e-06
165.039,0.0,0.743324043742104,3.875117e-06
165.039,0.0,0.742919585802066,3.903566e-06
165.039,0.0,0.7425045543123604,3.724941e-06
165.039,0.0,0.7421026918752318,3.762194e-06
165.039,0.0,0.7416684673752058,3.907597e-06
165.039,0.0,0.7412316143788821,3.989742e-06
165.039,0.0,0.7408330044526009,4.001573e-06
165.039,0.0,0.7404255623156522,3.777881e-06
165.039,0.0,0.7400093524412691,4.290661e-06
165.039,0.0,0.739586478412257,4.146961e-06
165.039,0.0,0.7391480366376005,4.253336e-06
165.039,0.0,0.7387481017882814,4.256406e-06
165.039,0.0,0.7383457040487925,4.0413e-06
165.039,0.0,0.7379072246542869,3.857524e-06
165.039,0.0,0.7374925019550255,3.362758e-06
165.039,0.0,0.7370813988941989,3.846857e-06
165.039,0.0,0.7366354967788451,3.881112e-06
165.039,0.0,0.7362286919317034,3.383044e-06
165.039,0.0,0.7358230019217564,3.652589e-06
165.039,0.0,0.7353953129956988,3.743669e-06
165.039,0.0,0.7349807610721815,3.558234e-06
165.039,0.0,0.7345443049991408,3.809138e-06
165.039,0.0,0.7341283346585628,3.505804e-06
165.039,0.0,0.7337241544617678,3.37376e-06
165.039,0.0,0.7333233685595917,3.388981e-06
165.039,0.0,0.7328814462176976,3.477166e-06
165.039,0.0,0.732466819796127,3.63453e-06
165.039,0.0,0.7320512655610448,4.212605e-06
165.039,0.0,0.7316393524855139,4.054353e-06
165.039,0.0,0.7312086729672918,3.915688e-06
165.039,0.0,0.7307905565108856,4.186528e-06
165.039,0.0,0.7303967290038724,4.478337e-06
165.039,0.0,0.7299812523948171,4.154819e-06
165.039,0.0,0.7295555363529701,4.00962e-06
165.039,0.0,0.7291229265283398,3.950423e-06
165.039,0.0,0.7287217201834605,3.673456e-06
165.039,0.0,0.7282833119966277,3.860769e-06
165.039,0.0,0.7278811043347901,3.520676e-06
165.039,0.0,0.7274697975925374,2.943823e-06
165.039,0.0,0.7270423841361199,2.986868e-06
165.039,0.0,0.7266108252089732,3.489462e-06
165.039,0.0,0.7262029322143603,3.572684e-06
165.039,0.0,0.7257632433420343,3.936555e-06
165.039,0.0,0.7253610880943575,4.024492e-06
165.039,0.0,0.7249507439676769,3.983543e-06
165.039,0.0,0.7245182756202542,4.017958e-06
165.039,0.0,0.7240889997009606,3.935449e-06
165.039,0.0,0.7236792849018929,3.781795e-06
165.039,0.0,0.7232802009496969,3.867259e-06
165.039,0.0,0.7228432768049706,3.93056e-06
165.039,0.0,0.7224367625145798,3.888752e-06
165.039,0.0,0.7220236497625475,3.949695e-06
165.039,0.0,0.7216033340389555,3.869471e-06
165.039,0.0,0.7211653180439088,3.701251e-06
165.039,0.0,0.7207632824067349,3.995432e-06
165.039,0.0,0.7203600548916498,4.256901e-06
165.039,0.0,0.7199377925079302,4.150599e-06
165.039,0.0,0.7195170339975838,4.00377e-06
165.039,0.0,0.7191041645816425,3.93606e-06
165.039,0.0,0.7186986625162768,3.743116e-06
165.039,0.0,0.7182582609412859,4.014e-06
165.039,0.0,0.7178581337067225,4.003348e-06
165.039,0.0,0.7174529714199148,3.950016e-06
165.039,0.0,0.7169997936332101,4.092406e-06
165.039,0.0,0.7165949349823485,4.018992e-06
165.039,0.0,0.716147144769287,4.313115e-06
165.039,0.0,0.715743596577409,4.097674e-06
165.039,0.0,0.7153454395590472,3.892055e-06
165.039,0.0,0.7149077442070093,3.574751e-06
165.039,0.0,0.7144936217822099,3.471592e-06
165.039,0.0,0.7140809344668256,3.937006e-06
165.039,0.0,0.7136710022537217,4.682355e-06
165.039,0.0,0.7132323248238291,4.260379e-06
165.039,0.0,0.7128301309970353,4.22397e-06
165.039,0.0,0.7124261925989762,4.002039e-06
165.039,0.0,0.7119947371191468,4.109839e-06
165.039,0.0,0.7115749006926672,4.068977e-06
165.039,0.0,0.711161697081862,4.114336e-06
165.039,0.0,0.7107240537748231,4.102782e-06
165.039,0.0,0.7103215125867539,4.033223e-06
165.039,0.0,0.7099189395289848,3.93283e-06
165.039,0.0,0.7094857903804019,3.793277e-06
165.039,0.0,0.7090634385075573,3.7266e-06
165.039,0.0,0.7086514176864487,3.198147e-06
165.039,0.0,0.7082505377711171,3.30605e-06
165.039,0.0,0.7078102292251208,3.502108e-06
165.039,0.0,0.7074061979294732,3.834459e-06
165.039,0.0,0.7069715185640555,3.901427e-06
165.039,0.0,0.7065476538203962,3.859517e-06
165.039,0.0,0.7061315121879413,3.968104e-06
165.039,0.0,0.7056915959864316,3.784357e-06
165.039,0.0,0.7052901945601796,3.762179e-06
165.039,0.0,0.7048771732734052,3.892623e-06
165.039,0.0,0.704449843241403,3.913461e-06
165.039,0.0,0.7040292752586961,4.212561e-06
165.039,0.0,0.7036160116421485,3.925452e-06
165.039,0.0,0.7032102447200905,4.061483e-06
165.039,0.0,0.7027941275155617,4.107162e-06
165.039,0.0,0.7023741747836988,3.686611e-06
165.039,0.0,0.7019643293001947,3.874666e-06
165.039,0.0,0.7015521298592002,3.895882e-06
165.039,0.0,0.7011373113889713,3.933645e-06
165.039,0.0,0.7006969977898191,3.985988e-06
165.039,0.0,0.7002953991288665,4.022979e-06
165.039,0.0,0.6998737503832233,3.885376e-06
165.039,0.0,0.6994549415927787,3.900568e-06
165.039,0.0,0.6990321663525842,3.807552e-06
165.039,0.0,0.6986192528463908,3.927649e-06
165.039,0.0,0.6982150931487792,3.80569e-06
165.039,0.0,0.6977976343208077,4.045869e-06
165.039,0.0,0.6973776459198873,3.739246e-06
165.039,0.0,0.6969659782252531,3.785783e-06
165.039,0.0,0.6965185913233628,3.96643e-06
165.039,0.0,0.696103187685342,3.851106e-06
165.039,0.0,0.6956950160177889,3.963927e-06
165.039,0.0,0.6952543018080869,3.835739e-06
165.039,0.0,0.6948568581400788,3.961526e-06
165.039,0.0,0.6944473023130481,4.250353e-06
165.039,0.0,0.6940100279721529,3.819136e-06
165.039,0.0,0.6935850262807984,3.91285e-06
165.039,0.0,0.6931780425581876,3.876325e-06
165.039,0.0,0.6927802620023291,3.71522e-06
165.039,0.0,0.692340640027403,3.093504e-06
165.039,0.0,0.6919352384208836,2.174915e-06
165.039,0.0,0.6915231515681561,1.269465e-06
165.039,0.0,0.6911037675057606,6.655464e-07
165.039,0.0,0.6906655718550588,3.529858e-07
165.039,0.0,0.6902655303889508,1.456501e-07
165.039,0.0,0.6898611955089768,2.73576e-08
