Y_dimension(mm),Button,True_depth(m),meas
125.55,0.0,136.44765312499996,4.70922e-08
125.55,0.0,136.44740312499997,4.62718e-08
125.55,0.0,136.44715312499997,4.7425e-08
125.55,0.0,136.44690312499998,4.79061e-08
125.55,0.0,136.44665312499998,4.889125e-08
125.55,0.0,136.44640312499996,5.009635e-08
125.55,0.0,136.44615312499997,4.8709e-08
125.55,0.0,136.44590312499997,4.9809499999999993e-08
125.55,0.0,136.44565312499998,5.032065e-08
125.55,0.0,136.44540312499998,5.0174750000000004e-08
125.55,0.0,136.44515312499996,5.04137e-08
125.55,0.0,136.44490312499997,5.07731e-08
125.55,0.0,136.44465312499997,5.06514e-08
125.55,0.0,136.44440312499998,5.04532e-08
125.55,0.0,136.44415312499999,5.17618e-08
125.55,0.0,136.44390312499996,5.14302e-08
125.55,0.0,136.44365312499997,5.156165e-08
125.55,0.0,136.44340312499997,5.252315e-08
125.55,0.0,136.44315312499998,5.13114e-08
125.55,0.0,136.442903125,5.209645e-08
125.55,0.0,136.44265312499996,5.143415e-08
125.55,0.0,136.44240312499997,5.142455e-08
125.55,0.0,136.44215312499998,5.0978400000000003e-08
125.55,0.0,136.44190312499998,5.05428e-08
125.55,0.0,136.44165312499996,5.109175e-08
125.55,0.0,136.44140312499997,5.10011e-08
125.55,0.0,136.44115312499997,5.06673e-08
125.55,0.0,136.44090312499998,5.03192e-08
125.55,0.0,136.44065312499998,5.062795e-08
125.55,0.0,136.44040312499996,5.048e-08
125.55,0.0,136.44015312499997,4.97683e-08
125.55,0.0,136.43990312499997,5.02288e-08
125.55,0.0,136.43965312499998,4.986535e-08
125.55,0.0,136.43940312499998,4.987795e-08
125.55,0.0,136.43915312499996,5.0151e-08
125.55,0.0,136.43890312499997,4.899315e-08
125.55,0.0,136.43865312499997,4.97198e-08
125.55,0.0,136.43840312499998,4.931215e-08
125.55,0.0,136.43815312499999,4.92557e-08
125.55,0.0,136.43790312499996,4.89691e-08
125.55,0.0,136.43765312499997,4.88697e-08
125.55,0.0,136.43740312499997,4.89089e-08
125.55,0.0,136.43715312499998,4.89427e-08
125.55,0.0,136.436903125,4.874335e-08
125.55,0.0,136.43665312499996,4.852035e-08
125.55,0.0,136.43640312499997,4.864165e-08
125.55,0.0,136.43615312499998,4.84342e-08
125.55,0.0,136.43590312499998,4.76435e-08
125.55,0.0,136.43565312499996,4.840205e-08
125.55,0.0,136.43540312499997,4.80282e-08
125.55,0.0,136.43515312499997,4.92242e-08
125.55,0.0,136.43490312499998,4.86232e-08
125.55,0.0,136.43465312499998,4.910385e-08
125.55,0.0,136.43440312499996,4.877615e-08
125.55,0.0,136.43415312499997,4.83935e-08
125.55,0.0,136.43390312499997,4.8355750000000006e-08
125.55,0.0,136.43365312499998,4.85235e-08
125.55,0.0,136.43340312499998,4.7911466666666666e-08
125.55,0.0,136.43315312499996,4.78465e-08
125.55,0.0,136.43290312499997,4.844025e-08
125.55,0.0,136.43265312499997,4.81428e-08
125.55,0.0,136.43240312499998,4.817515e-08
125.55,0.0,136.43215312499999,4.80915e-08
125.55,0.0,136.43190312499996,4.8003250000000003e-08
125.55,0.0,136.43165312499997,4.776585e-08
125.55,0.0,136.43140312499997,4.78758e-08
125.55,0.0,136.43115312499998,4.759795e-08
125.55,0.0,136.430903125,4.70855e-08
125.55,0.0,136.43065312499996,4.687915e-08
125.55,0.0,136.43040312499997,4.73283e-08
125.55,0.0,136.43015312499998,4.66961e-08
125.55,0.0,136.42990312499998,4.680795e-08
125.55,0.0,136.42965312499996,4.6835400000000004e-08
125.55,0.0,136.42940312499996,4.69527e-08
125.55,0.0,136.42915312499997,4.70287e-08
125.55,0.0,136.42890312499998,4.63222e-08
125.55,0.0,136.42865312499998,4.74291e-08
125.55,0.0,136.42840312499996,4.65244e-08
125.55,0.0,136.42815312499997,4.61804e-08
125.55,0.0,136.42790312499997,4.596035e-08
125.55,0.0,136.42765312499998,4.594890000000001e-08
125.55,0.0,136.42740312499998,4.643845e-08
125.55,0.0,136.42715312499996,4.49598e-08
125.55,0.0,136.42690312499997,4.56352e-08
125.55,0.0,136.42665312499997,4.562825e-08
125.55,0.0,136.42640312499998,4.60036e-08
125.55,0.0,136.42615312499998,4.558235e-08
125.55,0.0,136.42590312499996,4.536275e-08
125.55,0.0,136.42565312499997,4.507915e-08
125.55,0.0,136.42540312499997,4.41356e-08
125.55,0.0,136.42515312499998,4.4721550000000004e-08
125.55,0.0,136.424903125,4.47527e-08
125.55,0.0,136.42465312499996,4.468155e-08
125.55,0.0,136.42440312499997,4.478515e-08
125.55,0.0,136.42415312499998,4.449405e-08
125.55,0.0,136.42390312499998,4.388495e-08
125.55,0.0,136.423653125,4.4744550000000003e-08
125.55,0.0,136.42340312499996,4.42589e-08
125.55,0.0,136.42315312499997,4.36799e-08
125.55,0.0,136.42290312499998,4.401065e-08
125.55,0.0,136.42265312499998,4.407925e-08
125.55,0.0,136.42240312499996,4.380125e-08
125.55,0.0,136.42215312499997,4.3892e-08
125.55,0.0,136.42190312499997,4.427855e-08
125.55,0.0,136.42165312499998,4.40089e-08
125.55,0.0,136.42140312499998,4.37653e-08
125.55,0.0,136.42115312499996,4.35734e-08
125.55,0.0,136.42090312499997,4.38703e-08
125.55,0.0,136.42065312499997,4.350495e-08
125.55,0.0,136.42040312499998,4.29349e-08
125.55,0.0,136.42015312499998,4.379505e-08
125.55,0.0,136.41990312499996,4.37494e-08
125.55,0.0,136.41965312499997,4.31613e-08
125.55,0.0,136.41940312499997,4.3241e-08
125.55,0.0,136.41915312499998,4.289405e-08
125.55,0.0,136.41890312499999,4.29144e-08
125.55,0.0,136.41865312499996,4.26739e-08
125.55,0.0,136.41840312499997,4.27417e-08
125.55,0.0,136.41815312499998,4.321475e-08
125.55,0.0,136.41790312499998,4.2454233333333335e-08
125.55,0.0,136.417653125,4.29669e-08
125.55,0.0,136.41740312499996,4.22721e-08
125.55,0.0,136.41715312499997,4.19215e-08
125.55,0.0,136.41690312499998,4.23546e-08
125.55,0.0,136.41665312499998,4.15874e-08
125.55,0.0,136.41640312499996,4.18943e-08
125.55,0.0,136.41615312499997,4.246545e-08
125.55,0.0,136.41590312499997,4.256205e-08
125.55,0.0,136.41565312499998,4.158965000000001e-08
125.55,0.0,136.41540312499998,4.188325e-08
125.55,0.0,136.41515312499996,4.09694e-08
125.55,0.0,136.41490312499997,4.110705e-08
125.55,0.0,136.41465312499997,4.10532e-08
125.55,0.0,136.41440312499998,4.11531e-08
125.55,0.0,136.41415312499998,4.140115e-08
125.55,0.0,136.41390312499996,4.168035e-08
125.55,0.0,136.41365312499997,4.13777e-08
125.55,0.0,136.41340312499997,4.0910300000000003e-08
125.55,0.0,136.41315312499998,4.077785e-08
125.55,0.0,136.41290312499999,4.08304e-08
125.55,0.0,136.41265312499996,4.01752e-08
125.55,0.0,136.41240312499997,4.07637e-08
125.55,0.0,136.41215312499997,4.03992e-08
125.55,0.0,136.41190312499998,3.99858e-08
125.55,0.0,136.411653125,3.9773900000000004e-08
125.55,0.0,136.41140312499996,3.93144e-08
125.55,0.0,136.41115312499997,4.029505e-08
125.55,0.0,136.41090312499998,4.0156233333333336e-08
125.55,0.0,136.41065312499998,3.89386e-08
125.55,0.0,136.41040312499996,4.002405e-08
125.55,0.0,136.41015312499997,3.966425e-08
125.55,0.0,136.40990312499997,3.967645e-08
125.55,0.0,136.40965312499998,3.94238e-08
125.55,0.0,136.40940312499998,3.91832e-08
125.55,0.0,136.40915312499996,3.93332e-08
125.55,0.0,136.40890312499997,3.90518e-08
125.55,0.0,136.40865312499997,3.9059200000000003e-08
125.55,0.0,136.40840312499998,3.91043e-08
125.55,0.0,136.40815312499998,3.892935e-08
125.55,0.0,136.40790312499996,3.823170000000001e-08
125.55,0.0,136.40765312499997,3.90845e-08
125.55,0.0,136.40740312499997,3.7988550000000006e-08
125.55,0.0,136.40715312499998,3.846725e-08
125.55,0.0,136.40690312499999,3.861765e-08
125.55,0.0,136.40665312499996,3.8234e-08
125.55,0.0,136.40640312499997,3.826805e-08
125.55,0.0,136.40615312499997,3.81224e-08
125.55,0.0,136.40590312499998,3.773775e-08
125.55,0.0,136.405653125,3.73213e-08
125.55,0.0,136.40540312499996,3.85181e-08
125.55,0.0,136.40515312499997,3.7605750000000006e-08
125.55,0.0,136.40490312499998,3.81813e-08
125.55,0.0,136.40465312499998,3.80997e-08
125.55,0.0,136.40440312499996,3.735675e-08
125.55,0.0,136.40415312499997,3.68232e-08
125.55,0.0,136.40390312499997,3.71881e-08
125.55,0.0,136.40365312499998,3.71301e-08
125.55,0.0,136.40340312499998,3.669665e-08
125.55,0.0,136.40315312499996,3.738075e-08
125.55,0.0,136.40290312499997,3.72027e-08
125.55,0.0,136.40265312499997,3.74925e-08
125.55,0.0,136.40240312499998,3.7015e-08
125.55,0.0,136.40215312499998,3.743675e-08
125.55,0.0,136.40190312499996,3.7218050000000005e-08
125.55,0.0,136.40165312499997,3.690405e-08
125.55,0.0,136.40140312499997,3.667185e-08
125.55,0.0,136.40115312499998,3.64946e-08
125.55,0.0,136.40090312499999,3.6658e-08
125.55,0.0,136.40065312499996,3.6902e-08
125.55,0.0,136.40040312499997,3.66375e-08
125.55,0.0,136.40015312499997,3.6017400000000006e-08
125.55,0.0,136.39990312499998,3.63637e-08
125.55,0.0,136.399653125,3.631095e-08
125.55,0.0,136.39940312499996,3.63518e-08
125.55,0.0,136.39915312499997,3.5711499999999995e-08
125.55,0.0,136.39890312499998,3.636045e-08
125.55,0.0,136.39865312499998,3.58382e-08
125.55,0.0,136.39840312499996,3.61737e-08
125.55,0.0,136.39815312499996,3.59515e-08
125.55,0.0,136.39790312499997,3.661630000000001e-08
125.55,0.0,136.39765312499998,3.58206e-08
125.55,0.0,136.39740312499998,3.62844e-08
125.55,0.0,136.39715312499996,3.572685e-08
125.55,0.0,136.39690312499997,3.54693e-08
125.55,0.0,136.39665312499997,3.45527e-08
125.55,0.0,136.39640312499998,3.5725549999999994e-08
125.55,0.0,136.39615312499998,3.51716e-08
125.55,0.0,136.39590312499996,3.534935e-08
125.55,0.0,136.39565312499997,3.532545e-08
125.55,0.0,136.39540312499997,3.549375e-08
125.55,0.0,136.39515312499998,3.525855e-08
125.55,0.0,136.39490312499998,3.56356e-08
125.55,0.0,136.39465312499996,3.51155e-08
125.55,0.0,136.39440312499997,3.51347e-08
125.55,0.0,136.39415312499997,3.540545e-08
125.55,0.0,136.39390312499998,3.53913e-08
125.55,0.0,136.393653125,3.50235e-08
125.55,0.0,136.39340312499996,3.519645e-08
125.55,0.0,136.39315312499997,3.520505e-08
125.55,0.0,136.39290312499998,3.478775e-08
125.55,0.0,136.39265312499998,3.5416350000000003e-08
125.55,0.0,136.392403125,3.48055e-08
125.55,0.0,136.39215312499996,3.46471e-08
125.55,0.0,136.39190312499997,3.476835e-08
125.55,0.0,136.39165312499998,3.45095e-08
125.55,0.0,136.39140312499998,3.4371199999999995e-08
125.55,0.0,136.39115312499996,3.45351e-08
125.55,0.0,136.39090312499997,3.461585e-08
125.55,0.0,136.39065312499997,3.44407e-08
125.55,0.0,136.39040312499998,3.457735e-08
125.55,0.0,136.39015312499998,3.47068e-08
125.55,0.0,136.38990312499996,3.43759e-08
125.55,0.0,136.38965312499997,3.48351e-08
125.55,0.0,136.38940312499997,3.5536050000000004e-08
125.55,0.0,136.38915312499998,3.47296e-08
125.55,0.0,136.38890312499998,3.50155e-08
125.55,0.0,136.38865312499996,3.487005e-08
125.55,0.0,136.38840312499997,3.466535e-08
125.55,0.0,136.38815312499997,3.48116e-08
125.55,0.0,136.38790312499998,3.44186e-08
125.55,0.0,136.38765312499999,3.46312e-08
125.55,0.0,136.38740312499996,3.428625e-08
125.55,0.0,136.38715312499997,3.447855e-08
125.55,0.0,136.38690312499998,3.42087e-08
125.55,0.0,136.38665312499998,3.408375e-08
125.55,0.0,136.386403125,3.36371e-08
125.55,0.0,136.38615312499996,3.4004350000000004e-08
125.55,0.0,136.38590312499997,3.36329e-08
125.55,0.0,136.38565312499998,3.4073000000000003e-08
125.55,0.0,136.38540312499998,3.38692e-08
125.55,0.0,136.38515312499996,3.390665e-08
125.55,0.0,136.38490312499997,3.40257e-08
125.55,0.0,136.38465312499997,3.409915e-08
125.55,0.0,136.38440312499998,3.38833e-08
125.55,0.0,136.38415312499998,3.408115e-08
125.55,0.0,136.38390312499996,3.40289e-08
125.55,0.0,136.38365312499997,3.41611e-08
125.55,0.0,136.38340312499997,3.390805e-08
125.55,0.0,136.38315312499998,3.35371e-08
125.55,0.0,136.38290312499998,3.37893e-08
125.55,0.0,136.38265312499996,3.3601600000000004e-08
125.55,0.0,136.38240312499997,3.36467e-08
125.55,0.0,136.38215312499997,3.394715e-08
125.55,0.0,136.38190312499998,3.34983e-08
125.55,0.0,136.38165312499999,3.3301499999999995e-08
125.55,0.0,136.38140312499996,3.339115e-08
125.55,0.0,136.38115312499997,3.37924e-08
125.55,0.0,136.38090312499997,3.33324e-08
125.55,0.0,136.38065312499998,3.3235700000000004e-08
125.55,0.0,136.380403125,3.3242450000000005e-08
125.55,0.0,136.38015312499996,3.32282e-08
125.55,0.0,136.37990312499997,3.31954e-08
125.55,0.0,136.37965312499998,3.31511e-08
125.55,0.0,136.37940312499998,3.2858366666666664e-08
125.55,0.0,136.37915312499996,3.333385e-08
125.55,0.0,136.37890312499997,3.32271e-08
125.55,0.0,136.37865312499997,3.325445e-08
125.55,0.0,136.37840312499998,3.3192250000000004e-08
125.55,0.0,136.37815312499998,3.3070350000000003e-08
125.55,0.0,136.37790312499996,3.42709e-08
125.55,0.0,136.37765312499997,3.28724e-08
125.55,0.0,136.37740312499997,3.347025e-08
125.55,0.0,136.37715312499998,3.304935e-08
125.55,0.0,136.37690312499998,3.309145e-08
125.55,0.0,136.37665312499996,3.314405e-08
125.55,0.0,136.37640312499997,3.275825e-08
125.55,0.0,136.37615312499997,3.26565e-08
125.55,0.0,136.37590312499998,3.33968e-08
125.55,0.0,136.37565312499999,3.26592e-08
125.55,0.0,136.37540312499996,3.28355e-08
125.55,0.0,136.37515312499997,3.27734e-08
125.55,0.0,136.37490312499997,3.264455e-08
125.55,0.0,136.37465312499998,3.27629e-08
125.55,0.0,136.374403125,3.252505e-08
125.55,0.0,136.37415312499996,3.211645e-08
125.55,0.0,136.37390312499997,3.24254e-08
125.55,0.0,136.37365312499998,3.245025e-08
125.55,0.0,136.37340312499998,3.17863e-08
125.55,0.0,136.37315312499996,3.26489e-08
125.55,0.0,136.37290312499997,3.264e-08
125.55,0.0,136.37265312499997,3.2609966666666666e-08
125.55,0.0,136.37240312499998,3.24499e-08
125.55,0.0,136.37215312499998,3.29004e-08
125.55,0.0,136.37190312499996,3.24659e-08
125.55,0.0,136.37165312499997,3.250075e-08
125.55,0.0,136.37140312499997,3.287295e-08
125.55,0.0,136.37115312499998,3.227335e-08
125.55,0.0,136.37090312499998,3.19956e-08
125.55,0.0,136.37065312499996,3.23244e-08
125.55,0.0,136.37040312499997,3.2435366666666674e-08
125.55,0.0,136.37015312499997,3.24794e-08
125.55,0.0,136.36990312499998,3.2643900000000006e-08
125.55,0.0,136.36965312499999,3.2330100000000004e-08
125.55,0.0,136.36940312499996,3.20745e-08
125.55,0.0,136.36915312499997,3.21327e-08
125.55,0.0,136.36890312499997,3.22937e-08
125.55,0.0,136.36865312499998,3.21979e-08
125.55,0.0,136.368403125,3.226435e-08
125.55,0.0,136.36815312499996,3.19712e-08
125.55,0.0,136.36790312499997,3.23743e-08
125.55,0.0,136.36765312499998,3.2337e-08
125.55,0.0,136.36740312499998,3.238865e-08
125.55,0.0,136.36715312499996,3.21574e-08
125.55,0.0,136.36690312499996,3.2260100000000004e-08
125.55,0.0,136.36665312499997,3.241505e-08
125.55,0.0,136.36640312499998,3.24765e-08
125.55,0.0,136.36615312499998,3.2640200000000004e-08
125.55,0.0,136.36590312499996,3.285735e-08
125.55,0.0,136.36565312499997,3.253325e-08
125.55,0.0,136.36540312499997,3.237145e-08
125.55,0.0,136.36515312499998,3.22032e-08
125.55,0.0,136.36490312499998,3.250655e-08
125.55,0.0,136.36465312499996,3.215975e-08
125.55,0.0,136.36440312499997,3.206995e-08
125.55,0.0,136.36415312499997,3.20254e-08
125.55,0.0,136.36390312499998,3.234105e-08
125.55,0.0,136.36365312499998,3.2193e-08
125.55,0.0,136.36340312499996,3.218036666666667e-08
125.55,0.0,136.36315312499997,3.28289e-08
125.55,0.0,136.36290312499997,3.211815e-08
125.55,0.0,136.36265312499998,3.2038e-08
125.55,0.0,136.362403125,3.1928999999999994e-08
125.55,0.0,136.36215312499996,3.23555e-08
125.55,0.0,136.36190312499997,3.24195e-08
125.55,0.0,136.36165312499998,3.226305e-08
125.55,0.0,136.36140312499998,3.259835e-08
125.55,0.0,136.361153125,3.235855e-08
125.55,0.0,136.36090312499996,3.222295e-08
125.55,0.0,136.36065312499997,3.2388950000000004e-08
125.55,0.0,136.36040312499998,3.25287e-08
125.55,0.0,136.36015312499998,3.20424e-08
125.55,0.0,136.35990312499996,3.2435600000000005e-08
125.55,0.0,136.35965312499997,3.215075e-08
125.55,0.0,136.35940312499997,3.224825e-08
125.55,0.0,136.35915312499998,3.20657e-08
125.55,0.0,136.35890312499998,3.1902500000000004e-08
125.55,0.0,136.35865312499996,3.196275e-08
125.55,0.0,136.35840312499997,3.212065e-08
125.55,0.0,136.35815312499997,3.17304e-08
125.55,0.0,136.35790312499998,3.167355e-08
125.55,0.0,136.35765312499998,3.14998e-08
125.55,0.0,136.35740312499996,3.189465e-08
125.55,0.0,136.35715312499997,3.162505e-08
125.55,0.0,136.35690312499997,3.1842e-08
125.55,0.0,136.35665312499998,3.2241799999999994e-08
125.55,0.0,136.35640312499999,3.1423e-08
125.55,0.0,136.35615312499996,3.18585e-08
125.55,0.0,136.35590312499997,3.16825e-08
125.55,0.0,136.35565312499998,3.161385e-08
125.55,0.0,136.35540312499998,3.0879900000000004e-08
125.55,0.0,136.355153125,3.15414e-08
125.55,0.0,136.35490312499996,3.123033333333333e-08
125.55,0.0,136.35465312499997,3.125945e-08
125.55,0.0,136.35440312499998,3.14815e-08
125.55,0.0,136.35415312499998,3.12704e-08
125.55,0.0,136.35390312499996,3.105785e-08
125.55,0.0,136.35365312499997,3.1498400000000004e-08
125.55,0.0,136.35340312499997,3.146975e-08
125.55,0.0,136.35315312499998,3.11217e-08
125.55,0.0,136.35290312499998,3.140855e-08
125.55,0.0,136.35265312499996,3.157065e-08
125.55,0.0,136.35240312499997,3.1523750000000005e-08
125.55,0.0,136.35215312499997,3.16946e-08
125.55,0.0,136.35190312499998,3.13986e-08
125.55,0.0,136.35165312499998,3.152335e-08
125.55,0.0,136.35140312499996,3.12644e-08
125.55,0.0,136.35115312499997,3.161915e-08
125.55,0.0,136.35090312499997,3.1206849999999995e-08
125.55,0.0,136.35065312499998,3.1357050000000004e-08
125.55,0.0,136.35040312499999,3.098825e-08
125.55,0.0,136.35015312499996,3.120395e-08
125.55,0.0,136.34990312499997,3.1364e-08
125.55,0.0,136.34965312499997,3.11427e-08
125.55,0.0,136.34940312499998,3.09576e-08
125.55,0.0,136.349153125,3.124935e-08
125.55,0.0,136.34890312499996,3.1229050000000004e-08
125.55,0.0,136.34865312499997,3.1171900000000004e-08
125.55,0.0,136.34840312499998,3.0788e-08
125.55,0.0,136.34815312499998,3.193575e-08
125.55,0.0,136.34790312499996,3.1155266666666673e-08
125.55,0.0,136.34765312499997,3.10561e-08
125.55,0.0,136.34740312499997,3.10302e-08
125.55,0.0,136.34715312499998,3.079375e-08
125.55,0.0,136.34690312499998,3.1104250000000005e-08
125.55,0.0,136.34665312499996,3.0477e-08
125.55,0.0,136.34640312499997,3.11686e-08
125.55,0.0,136.34615312499997,3.088605e-08
125.55,0.0,136.34590312499998,3.120045e-08
125.55,0.0,136.34565312499998,3.133185e-08
125.55,0.0,136.34540312499996,3.1518350000000004e-08
125.55,0.0,136.34515312499997,3.184665e-08
125.55,0.0,136.34490312499997,3.1328e-08
125.55,0.0,136.34465312499998,3.164575e-08
125.55,0.0,136.34440312499999,3.08799e-08
125.55,0.0,136.34415312499996,3.14256e-08
125.55,0.0,136.34390312499997,3.14163e-08
125.55,0.0,136.34365312499997,3.119065e-08
125.55,0.0,136.34340312499998,3.1245e-08
125.55,0.0,136.343153125,3.108435e-08
125.55,0.0,136.34290312499996,3.08562e-08
125.55,0.0,136.34265312499997,3.098795e-08
125.55,0.0,136.34240312499998,3.11508e-08
125.55,0.0,136.34215312499998,3.089975e-08
125.55,0.0,136.34190312499996,3.0889e-08
125.55,0.0,136.34165312499997,3.08866e-08
125.55,0.0,136.34140312499997,3.10352e-08
125.55,0.0,136.34115312499998,3.10191e-08
125.55,0.0,136.34090312499998,3.1450933333333336e-08
125.55,0.0,136.34065312499996,3.140815e-08
125.55,0.0,136.34040312499997,3.16107e-08
125.55,0.0,136.34015312499997,3.091205e-08
125.55,0.0,136.33990312499998,3.14073e-08
125.55,0.0,136.33965312499998,3.14126e-08
125.55,0.0,136.33940312499996,3.11349e-08
125.55,0.0,136.33915312499997,3.104705e-08
125.55,0.0,136.33890312499997,3.1158933333333335e-08
125.55,0.0,136.33865312499998,3.122165e-08
125.55,0.0,136.33840312499999,3.12852e-08
125.55,0.0,136.33815312499996,3.08556e-08
125.55,0.0,136.33790312499997,3.083495e-08
125.55,0.0,136.33765312499997,3.106965e-08
125.55,0.0,136.33740312499998,3.08772e-08
125.55,0.0,136.337153125,3.102215e-08
125.55,0.0,136.33690312499996,3.07374e-08
125.55,0.0,136.33665312499997,3.13363e-08
125.55,0.0,136.33640312499998,3.143255e-08
125.55,0.0,136.33615312499998,3.1534550000000006e-08
125.55,0.0,136.33590312499996,3.08505e-08
125.55,0.0,136.33565312499996,3.12445e-08
125.55,0.0,136.33540312499997,3.14195e-08
125.55,0.0,136.33515312499998,3.12386e-08
125.55,0.0,136.33490312499998,3.102135e-08
125.55,0.0,136.33465312499996,3.12936e-08
125.55,0.0,136.33440312499997,3.131445e-08
125.55,0.0,136.33415312499997,3.100385e-08
125.55,0.0,136.33390312499998,3.0943249999999995e-08
125.55,0.0,136.33365312499998,3.07094e-08
125.55,0.0,136.33340312499996,3.15935e-08
125.55,0.0,136.33315312499997,3.0611400000000004e-08
125.55,0.0,136.33290312499997,3.10131e-08
125.55,0.0,136.33265312499998,3.07894e-08
125.55,0.0,136.33240312499998,3.0865e-08
125.55,0.0,136.33215312499996,3.12286e-08
125.55,0.0,136.33190312499997,3.0693e-08
125.55,0.0,136.33165312499997,3.08444e-08
125.55,0.0,136.33140312499998,3.0774900000000004e-08
125.55,0.0,136.331153125,3.08445e-08
125.55,0.0,136.33090312499996,3.064835e-08
125.55,0.0,136.33065312499997,3.12821e-08
125.55,0.0,136.33040312499998,3.0839599999999995e-08
125.55,0.0,136.33015312499998,3.094525e-08
125.55,0.0,136.329903125,3.06629e-08
125.55,0.0,136.32965312499996,3.0597e-08
125.55,0.0,136.32940312499997,3.035205e-08
125.55,0.0,136.32915312499998,2.97751e-08
125.55,0.0,136.32890312499998,3.01067e-08
125.55,0.0,136.32865312499996,2.9828e-08
125.55,0.0,136.32840312499997,2.9872350000000003e-08
125.55,0.0,136.32815312499997,3.0129350000000004e-08
125.55,0.0,136.32790312499998,3.0298e-08
125.55,0.0,136.32765312499998,3.022455e-08
125.55,0.0,136.32740312499996,3.01447e-08
125.55,0.0,136.32715312499997,3.05686e-08
125.55,0.0,136.32690312499997,3.02946e-08
125.55,0.0,136.32665312499998,3.06267e-08
125.55,0.0,136.32640312499998,3.0102800000000004e-08
125.55,0.0,136.32615312499996,3.0295349999999993e-08
125.55,0.0,136.32590312499997,2.981565e-08
125.55,0.0,136.32565312499997,3.019255e-08
125.55,0.0,136.32540312499998,3.018395e-08
125.55,0.0,136.32515312499999,3.00025e-08
125.55,0.0,136.32490312499996,3.0099400000000005e-08
125.55,0.0,136.32465312499997,2.94275e-08
125.55,0.0,136.32440312499998,3.031045e-08
125.55,0.0,136.32415312499998,3.01678e-08
125.55,0.0,136.323903125,3.032895e-08
125.55,0.0,136.32365312499996,3.02288e-08
125.55,0.0,136.32340312499997,3.0421350000000004e-08
125.55,0.0,136.32315312499998,3.0472750000000004e-08
125.55,0.0,136.32290312499998,3.081475e-08
125.55,0.0,136.32265312499996,3.0478500000000004e-08
125.55,0.0,136.32240312499997,3.050025e-08
125.55,0.0,136.32215312499997,3.024185e-08
125.55,0.0,136.32190312499998,3.047915e-08
125.55,0.0,136.32165312499998,3.00847e-08
125.55,0.0,136.32140312499996,3.003595e-08
125.55,0.0,136.32115312499997,3.0008450000000004e-08
125.55,0.0,136.32090312499997,3.04302e-08
125.55,0.0,136.32065312499998,3.0291150000000005e-08
125.55,0.0,136.32040312499998,3.0215e-08
125.55,0.0,136.32015312499996,3.02546e-08
125.55,0.0,136.31990312499997,3.024235e-08
125.55,0.0,136.31965312499997,3.06368e-08
125.55,0.0,136.31940312499998,3.02678e-08
125.55,0.0,136.31915312499999,3.01269e-08
125.55,0.0,136.31890312499996,2.988955e-08
125.55,0.0,136.31865312499997,3.023465e-08
125.55,0.0,136.31840312499997,2.99558e-08
125.55,0.0,136.31815312499998,2.9825449999999995e-08
125.55,0.0,136.317903125,2.971905e-08
125.55,0.0,136.31765312499996,2.98328e-08
125.55,0.0,136.31740312499997,2.94663e-08
125.55,0.0,136.31715312499998,2.999705e-08
125.55,0.0,136.31690312499998,2.9929e-08
125.55,0.0,136.31665312499996,3.0209150000000004e-08
125.55,0.0,136.31640312499997,3.01372e-08
125.55,0.0,136.31615312499997,3.001515e-08
125.55,0.0,136.31590312499998,2.99472e-08
125.55,0.0,136.31565312499998,3.006855e-08
125.55,0.0,136.31540312499996,3.0012799999999995e-08
125.55,0.0,136.31515312499997,2.9927300000000004e-08
125.55,0.0,136.31490312499997,2.987815e-08
125.55,0.0,136.31465312499998,2.95295e-08
125.55,0.0,136.31440312499998,2.98979e-08
125.55,0.0,136.31415312499996,3.00103e-08
125.55,0.0,136.31390312499997,2.97435e-08
125.55,0.0,136.31365312499997,2.9627e-08
125.55,0.0,136.31340312499998,2.98088e-08
125.55,0.0,136.31315312499999,2.994475e-08
125.55,0.0,136.31290312499996,3.00109e-08
125.55,0.0,136.31265312499997,2.990975e-08
125.55,0.0,136.31240312499997,2.9796200000000002e-08
125.55,0.0,136.31215312499998,2.987825e-08
125.55,0.0,136.311903125,3.043335e-08
125.55,0.0,136.31165312499996,2.96306e-08
125.55,0.0,136.31140312499997,2.941615e-08
125.55,0.0,136.31115312499998,2.92627e-08
125.55,0.0,136.31090312499998,2.97869e-08
125.55,0.0,136.31065312499996,2.961275e-08
125.55,0.0,136.31040312499997,2.93915e-08
125.55,0.0,136.31015312499997,2.984415e-08
125.55,0.0,136.30990312499998,2.9350250000000002e-08
125.55,0.0,136.30965312499998,2.997815e-08
125.55,0.0,136.30940312499996,3.03309e-08
125.55,0.0,136.30915312499997,3.00512e-08
125.55,0.0,136.30890312499997,2.97013e-08
125.55,0.0,136.30865312499998,2.9579350000000002e-08
125.55,0.0,136.30840312499998,3.01667e-08
125.55,0.0,136.30815312499996,2.968885e-08
125.55,0.0,136.30790312499997,2.99542e-08
125.55,0.0,136.30765312499997,2.9880966666666675e-08
125.55,0.0,136.30740312499998,3.0473199999999995e-08
125.55,0.0,136.30715312499999,2.996725e-08
125.55,0.0,136.30690312499996,3.04509e-08
125.55,0.0,136.30665312499997,2.992835e-08
125.55,0.0,136.30640312499997,3.013385e-08
125.55,0.0,136.30615312499998,3.03036e-08
125.55,0.0,136.305903125,3.01925e-08
125.55,0.0,136.30565312499996,3.012e-08
125.55,0.0,136.30540312499997,2.9820250000000005e-08
125.55,0.0,136.30515312499998,3.01873e-08
125.55,0.0,136.30490312499998,3.02502e-08
125.55,0.0,136.30465312499996,3.03309e-08
125.55,0.0,136.30440312499996,3.01721e-08
125.55,0.0,136.30415312499997,3.12006e-08
125.55,0.0,136.30390312499998,3.04258e-08
125.55,0.0,136.30365312499998,3.036935e-08
125.55,0.0,136.30340312499996,3.03802e-08
125.55,0.0,136.30315312499997,3.05002e-08
125.55,0.0,136.30290312499997,3.05456e-08
125.55,0.0,136.30265312499998,3.00981e-08
125.55,0.0,136.30240312499998,3.050795e-08
125.55,0.0,136.30215312499996,3.073865e-08
125.55,0.0,136.30190312499997,3.07275e-08
125.55,0.0,136.30165312499997,3.053725e-08
125.55,0.0,136.30140312499998,3.04082e-08
125.55,0.0,136.30115312499998,3.003105e-08
125.55,0.0,136.30090312499996,3.0218e-08
125.55,0.0,136.30065312499997,3.0418e-08
125.55,0.0,136.30040312499997,3.0398566666666665e-08
125.55,0.0,136.30015312499998,3.053085e-08
125.55,0.0,136.299903125,3.04768e-08
125.55,0.0,136.29965312499996,3.04393e-08
125.55,0.0,136.29940312499997,3.066735e-08
125.55,0.0,136.29915312499998,3.02131e-08
125.55,0.0,136.29890312499998,3.08429e-08
125.55,0.0,136.298653125,3.0746150000000004e-08
125.55,0.0,136.29840312499996,3.03891e-08
125.55,0.0,136.29815312499997,3.02725e-08
125.55,0.0,136.29790312499998,2.988675e-08
125.55,0.0,136.29765312499998,3.04647e-08
125.55,0.0,136.29740312499996,3.0520750000000005e-08
125.55,0.0,136.29715312499997,3.04415e-08
125.55,0.0,136.29690312499997,3.06784e-08
125.55,0.0,136.29665312499998,3.07163e-08
125.55,0.0,136.29640312499998,3.040375e-08
125.55,0.0,136.29615312499996,3.0310100000000004e-08
125.55,0.0,136.29590312499997,3.026955e-08
125.55,0.0,136.29565312499997,3.01714e-08
125.55,0.0,136.29540312499998,3.0137e-08
125.55,0.0,136.29515312499998,3.05982e-08
125.55,0.0,136.29490312499996,3.0304850000000004e-08
125.55,0.0,136.29465312499997,3.05062e-08
125.55,0.0,136.29440312499997,3.05903e-08
125.55,0.0,136.29415312499998,3.0204400000000005e-08
125.55,0.0,136.29390312499999,3.06612e-08
125.55,0.0,136.29365312499996,3.02904e-08
125.55,0.0,136.29340312499997,3.019565e-08
125.55,0.0,136.29315312499998,2.99833e-08
125.55,0.0,136.29290312499998,3.02404e-08
125.55,0.0,136.292653125,2.99919e-08
125.55,0.0,136.29240312499996,3.050055e-08
125.55,0.0,136.29215312499997,3.04574e-08
125.55,0.0,136.29190312499998,3.03608e-08
125.55,0.0,136.29165312499998,3.043563333333333e-08
125.55,0.0,136.29140312499996,3.04389e-08
125.55,0.0,136.29115312499997,3.08112e-08
125.55,0.0,136.29090312499997,3.027405e-08
125.55,0.0,136.29065312499998,3.032225e-08
125.55,0.0,136.29040312499998,3.048935e-08
125.55,0.0,136.29015312499996,3.05297e-08
125.55,0.0,136.28990312499997,3.048935e-08
125.55,0.0,136.28965312499997,3.05948e-08
125.55,0.0,136.28940312499998,3.0416049999999995e-08
125.55,0.0,136.28915312499998,3.10935e-08
125.55,0.0,136.28890312499996,3.0668e-08
125.55,0.0,136.28865312499997,3.07694e-08
125.55,0.0,136.28840312499997,3.059995e-08
125.55,0.0,136.28815312499998,3.08418e-08
125.55,0.0,136.28790312499999,3.073055e-08
125.55,0.0,136.28765312499996,3.03485e-08
125.55,0.0,136.28740312499997,3.0741250000000004e-08
125.55,0.0,136.28715312499997,3.054325e-08
125.55,0.0,136.28690312499998,3.043965e-08
125.55,0.0,136.286653125,3.068875e-08
125.55,0.0,136.28640312499996,3.071945e-08
125.55,0.0,136.28615312499997,3.08492e-08
125.55,0.0,136.28590312499998,3.103915e-08
125.55,0.0,136.28565312499998,3.084585e-08
125.55,0.0,136.28540312499996,3.0588400000000004e-08
125.55,0.0,136.28515312499997,3.08928e-08
125.55,0.0,136.28490312499997,3.0590049999999994e-08
125.55,0.0,136.28465312499998,3.032546666666667e-08
125.55,0.0,136.28440312499998,3.019025e-08
125.55,0.0,136.28415312499996,3.03052e-08
125.55,0.0,136.28390312499997,3.02447e-08
125.55,0.0,136.28365312499997,3.05048e-08
125.55,0.0,136.28340312499998,3.0387200000000004e-08
125.55,0.0,136.28315312499998,3.04891e-08
125.55,0.0,136.28290312499996,3.03152e-08
125.55,0.0,136.28265312499997,3.030905e-08
125.55,0.0,136.28240312499997,3.03458e-08
125.55,0.0,136.28215312499998,3.064685e-08
125.55,0.0,136.28190312499999,2.974295e-08
125.55,0.0,136.28165312499996,3.01762e-08
125.55,0.0,136.28140312499997,3.0325650000000004e-08
125.55,0.0,136.28115312499997,3.04756e-08
125.55,0.0,136.28090312499998,3.02172e-08
125.55,0.0,136.280653125,3.049615e-08
125.55,0.0,136.28040312499996,3.021565e-08
125.55,0.0,136.28015312499997,3.014955e-08
125.55,0.0,136.27990312499998,2.98227e-08
125.55,0.0,136.27965312499998,2.958385e-08
125.55,0.0,136.27940312499996,2.96775e-08
125.55,0.0,136.27915312499997,3.01073e-08
125.55,0.0,136.27890312499997,3.01412e-08
125.55,0.0,136.27865312499998,3.021885e-08
125.55,0.0,136.27840312499998,3.018335e-08
125.55,0.0,136.27815312499996,3.011045e-08
125.55,0.0,136.27790312499997,3.0446499999999994e-08
125.55,0.0,136.27765312499997,3.05398e-08
125.55,0.0,136.27740312499998,3.03048e-08
125.55,0.0,136.27715312499998,3.027005e-08
125.55,0.0,136.27690312499996,2.9946900000000005e-08
125.55,0.0,136.27665312499997,2.98492e-08
125.55,0.0,136.27640312499997,3.0606650000000005e-08
125.55,0.0,136.27615312499998,2.98861e-08
125.55,0.0,136.27590312499999,2.9678e-08
125.55,0.0,136.27565312499996,2.99104e-08
125.55,0.0,136.27540312499997,2.94237e-08
125.55,0.0,136.27515312499997,2.97557e-08
125.55,0.0,136.27490312499998,2.97537e-08
125.55,0.0,136.274653125,2.979405e-08
125.55,0.0,136.27440312499996,2.98094e-08
125.55,0.0,136.27415312499997,3.0201149999999995e-08
125.55,0.0,136.27390312499998,3.0066e-08
125.55,0.0,136.27365312499998,3.008645e-08
125.55,0.0,136.27340312499996,3.01128e-08
125.55,0.0,136.27315312499996,2.988375e-08
125.55,0.0,136.27290312499997,3.0002700000000004e-08
125.55,0.0,136.27265312499998,2.99359e-08
125.55,0.0,136.27240312499998,2.9845e-08
125.55,0.0,136.27215312499996,2.98608e-08
125.55,0.0,136.27190312499997,2.980515e-08
125.55,0.0,136.27165312499997,2.979325e-08
125.55,0.0,136.27140312499998,2.9857249999999994e-08
125.55,0.0,136.27115312499998,2.97357e-08
125.55,0.0,136.27090312499996,2.97203e-08
125.55,0.0,136.27065312499997,2.977625e-08
125.55,0.0,136.27040312499997,2.97386e-08
125.55,0.0,136.27015312499998,2.98485e-08
125.55,0.0,136.26990312499998,2.9930000000000004e-08
125.55,0.0,136.26965312499996,2.989395e-08
125.55,0.0,136.26940312499997,2.956255e-08
125.55,0.0,136.26915312499997,2.959715e-08
125.55,0.0,136.26890312499998,3.014555e-08
125.55,0.0,136.268653125,2.996935e-08
125.55,0.0,136.26840312499996,2.94243e-08
125.55,0.0,136.26815312499997,2.975395e-08
125.55,0.0,136.26790312499998,2.9501e-08
125.55,0.0,136.26765312499998,2.947385e-08
125.55,0.0,136.267403125,2.84999e-08
125.55,0.0,136.26715312499996,2.9575800000000002e-08
125.55,0.0,136.26690312499997,2.933035e-08
125.55,0.0,136.26665312499998,2.9296033333333336e-08
125.55,0.0,136.26640312499998,2.97639e-08
125.55,0.0,136.26615312499996,2.89693e-08
125.55,0.0,136.26590312499997,2.922085e-08
125.55,0.0,136.26565312499997,2.968845e-08
125.55,0.0,136.26540312499998,2.90768e-08
125.55,0.0,136.26515312499998,2.9483650000000002e-08
125.55,0.0,136.26490312499996,2.95221e-08
125.55,0.0,136.26465312499997,2.945005e-08
125.55,0.0,136.26440312499997,2.928385e-08
125.55,0.0,136.26415312499998,2.9567600000000002e-08
125.55,0.0,136.26390312499998,2.898585e-08
125.55,0.0,136.26365312499996,2.8973950000000006e-08
125.55,0.0,136.26340312499997,2.89965e-08
125.55,0.0,136.26315312499997,2.953525e-08
125.55,0.0,136.26290312499998,2.917105e-08
125.55,0.0,136.26265312499999,2.898035e-08
125.55,0.0,136.26240312499996,2.91924e-08
125.55,0.0,136.26215312499997,2.944945e-08
125.55,0.0,136.26190312499998,2.92257e-08
125.55,0.0,136.26165312499998,2.91773e-08
125.55,0.0,136.261403125,2.91274e-08
125.55,0.0,136.26115312499996,2.888895e-08
125.55,0.0,136.26090312499997,2.92075e-08
125.55,0.0,136.26065312499998,2.934765e-08
125.55,0.0,136.26040312499998,2.9254e-08
125.55,0.0,136.26015312499996,3.019785e-08
125.55,0.0,136.25990312499997,2.9109e-08
125.55,0.0,136.25965312499997,2.927755e-08
125.55,0.0,136.25940312499998,2.97447e-08
125.55,0.0,136.25915312499998,2.938595e-08
125.55,0.0,136.25890312499996,2.95212e-08
125.55,0.0,136.25865312499997,2.9491850000000002e-08
125.55,0.0,136.25840312499997,2.91781e-08
125.55,0.0,136.25815312499998,2.901035e-08
125.55,0.0,136.25790312499998,2.913405e-08
125.55,0.0,136.25765312499996,2.90057e-08
125.55,0.0,136.25740312499997,2.913955e-08
125.55,0.0,136.25715312499997,2.94321e-08
125.55,0.0,136.25690312499998,2.93011e-08
125.55,0.0,136.25665312499999,2.93123e-08
125.55,0.0,136.25640312499996,2.909165e-08
125.55,0.0,136.25615312499997,2.936945e-08
125.55,0.0,136.25590312499997,2.94568e-08
125.55,0.0,136.25565312499998,2.9144e-08
125.55,0.0,136.255403125,2.934895e-08
125.55,0.0,136.25515312499996,2.920415e-08
125.55,0.0,136.25490312499997,2.9320150000000002e-08
125.55,0.0,136.25465312499998,2.88721e-08
125.55,0.0,136.25440312499998,2.91544e-08
125.55,0.0,136.25415312499996,2.86696e-08
125.55,0.0,136.25390312499997,2.97896e-08
125.55,0.0,136.25365312499997,2.92604e-08
125.55,0.0,136.25340312499998,2.9245933333333333e-08
125.55,0.0,136.25315312499998,2.90127e-08
125.55,0.0,136.25290312499996,2.933975e-08
125.55,0.0,136.25265312499997,2.98222e-08
125.55,0.0,136.25240312499997,2.97353e-08
125.55,0.0,136.25215312499998,2.90178e-08
125.55,0.0,136.25190312499998,2.91726e-08
125.55,0.0,136.25165312499996,2.90621e-08
125.55,0.0,136.25140312499997,2.92944e-08
125.55,0.0,136.25115312499997,2.9322000000000006e-08
125.55,0.0,136.25090312499998,2.92344e-08
125.55,0.0,136.25065312499999,2.95815e-08
125.55,0.0,136.25040312499996,2.89133e-08
125.55,0.0,136.25015312499997,2.863565e-08
125.55,0.0,136.24990312499997,2.893495e-08
125.55,0.0,136.24965312499998,2.91998e-08
125.55,0.0,136.249403125,2.932555e-08
125.55,0.0,136.24915312499996,2.94991e-08
125.55,0.0,136.24890312499997,2.958665e-08
125.55,0.0,136.24865312499998,2.91084e-08
125.55,0.0,136.24840312499998,2.914355e-08
125.55,0.0,136.24815312499996,2.8763450000000002e-08
125.55,0.0,136.24790312499997,3.00449e-08
125.55,0.0,136.24765312499997,2.88286e-08
125.55,0.0,136.24740312499998,2.925765e-08
125.55,0.0,136.24715312499998,2.93755e-08
125.55,0.0,136.24690312499996,2.954965e-08
125.55,0.0,136.24665312499997,2.970925e-08
125.55,0.0,136.24640312499997,2.938555e-08
125.55,0.0,136.24615312499998,2.952495e-08
125.55,0.0,136.24590312499998,2.920275e-08
125.55,0.0,136.24565312499996,2.95447e-08
125.55,0.0,136.24540312499997,3.0198000000000003e-08
125.55,0.0,136.24515312499997,2.94627e-08
125.55,0.0,136.24490312499998,2.93969e-08
125.55,0.0,136.24465312499999,2.89092e-08
125.55,0.0,136.24440312499996,2.95825e-08
125.55,0.0,136.24415312499997,2.971975e-08
125.55,0.0,136.24390312499997,2.929425e-08
125.55,0.0,136.24365312499998,2.927525e-08
125.55,0.0,136.243403125,2.96566e-08
125.55,0.0,136.24315312499996,2.96002e-08
125.55,0.0,136.24290312499997,2.967905e-08
125.55,0.0,136.24265312499998,2.96514e-08
125.55,0.0,136.24240312499998,2.973975e-08
125.55,0.0,136.24215312499996,2.968805e-08
125.55,0.0,136.24190312499996,2.97609e-08
125.55,0.0,136.24165312499997,2.999005e-08
125.55,0.0,136.24140312499998,2.968575e-08
125.55,0.0,136.24115312499998,2.954395e-08
125.55,0.0,136.24090312499996,2.96525e-08
125.55,0.0,136.24065312499997,2.97115e-08
125.55,0.0,136.24040312499997,2.9745350000000002e-08
125.55,0.0,136.24015312499998,2.9936400000000006e-08
125.55,0.0,136.23990312499998,2.93801e-08
125.55,0.0,136.23965312499996,2.96324e-08
125.55,0.0,136.23940312499997,2.991515e-08
125.55,0.0,136.23915312499997,2.9589150000000006e-08
125.55,0.0,136.23890312499998,2.99533e-08
125.55,0.0,136.23865312499998,3.006035e-08
125.55,0.0,136.23840312499996,2.95651e-08
125.55,0.0,136.23815312499997,3.0157199999999994e-08
125.55,0.0,136.23790312499997,3.03066e-08
125.55,0.0,136.23765312499998,3.01135e-08
125.55,0.0,136.237403125,2.98887e-08
125.55,0.0,136.23715312499996,3.01272e-08
125.55,0.0,136.23690312499997,3.00732e-08
125.55,0.0,136.23665312499998,3.0096e-08
125.55,0.0,136.23640312499998,3.0378349999999995e-08
125.55,0.0,136.236153125,2.9735500000000002e-08
125.55,0.0,136.23590312499996,2.98876e-08
125.55,0.0,136.23565312499997,2.9954500000000005e-08
125.55,0.0,136.23540312499998,3.03555e-08
125.55,0.0,136.23515312499998,3.009115e-08
125.55,0.0,136.23490312499996,3.00237e-08
125.55,0.0,136.23465312499997,2.963505e-08
125.55,0.0,136.23440312499997,2.960265e-08
125.55,0.0,136.23415312499998,2.965275e-08
125.55,0.0,136.23390312499998,2.92839e-08
125.55,0.0,136.23365312499996,2.962235e-08
125.55,0.0,136.23340312499997,2.991035e-08
125.55,0.0,136.23315312499997,2.95971e-08
125.55,0.0,136.23290312499998,2.991695e-08
125.55,0.0,136.23265312499998,3.003385e-08
125.55,0.0,136.23240312499996,2.9748350000000002e-08
125.55,0.0,136.23215312499997,3.02901e-08
125.55,0.0,136.23190312499997,2.95206e-08
125.55,0.0,136.23165312499998,2.983345e-08
125.55,0.0,136.23140312499999,2.9641650000000006e-08
125.55,0.0,136.23115312499996,2.977285e-08
125.55,0.0,136.23090312499997,2.9826e-08
125.55,0.0,136.23065312499998,2.941115e-08
125.55,0.0,136.23040312499998,3.0019600000000005e-08
125.55,0.0,136.230153125,2.95748e-08
125.55,0.0,136.22990312499996,2.94939e-08
125.55,0.0,136.22965312499997,2.99564e-08
125.55,0.0,136.22940312499998,2.99066e-08
125.55,0.0,136.22915312499998,2.9888900000000005e-08
125.55,0.0,136.22890312499996,3.0414e-08
125.55,0.0,136.22865312499997,2.9637166666666664e-08
125.55,0.0,136.22840312499997,2.99059e-08
125.55,0.0,136.22815312499998,3.00019e-08
125.55,0.0,136.22790312499998,2.97293e-08
125.55,0.0,136.22765312499996,2.958465e-08
125.55,0.0,136.22740312499997,2.988515e-08
125.55,0.0,136.22715312499997,2.994675e-08
125.55,0.0,136.22690312499998,2.97402e-08
125.55,0.0,136.22665312499998,3.005175e-08
125.55,0.0,136.22640312499996,3.002795e-08
125.55,0.0,136.22615312499997,3.03098e-08
125.55,0.0,136.22590312499997,2.9821200000000004e-08
125.55,0.0,136.22565312499998,3.029105e-08
125.55,0.0,136.22540312499999,3.002535e-08
125.55,0.0,136.22515312499996,3.0408949999999995e-08
125.55,0.0,136.22490312499997,2.99671e-08
125.55,0.0,136.22465312499997,2.95794e-08
125.55,0.0,136.22440312499998,3.0151500000000004e-08
125.55,0.0,136.224153125,2.9926450000000004e-08
125.55,0.0,136.22390312499996,3.021555e-08
125.55,0.0,136.22365312499997,3.04003e-08
125.55,0.0,136.22340312499998,3.05604e-08
125.55,0.0,136.22315312499998,2.9958750000000003e-08
125.55,0.0,136.22290312499996,3.01383e-08
125.55,0.0,136.22265312499997,2.997755e-08
125.55,0.0,136.22240312499997,3.00957e-08
125.55,0.0,136.22215312499998,2.974245e-08
125.55,0.0,136.22190312499998,2.97409e-08
125.55,0.0,136.22165312499996,2.997365e-08
125.55,0.0,136.22140312499997,2.9710200000000004e-08
125.55,0.0,136.22115312499997,2.96388e-08
125.55,0.0,136.22090312499998,2.96435e-08
125.55,0.0,136.22065312499998,3.01519e-08
125.55,0.0,136.22040312499996,2.969045e-08
125.55,0.0,136.22015312499997,3.013325e-08
125.55,0.0,136.21990312499997,2.98867e-08
125.55,0.0,136.21965312499998,2.977485e-08
125.55,0.0,136.21940312499999,3.038495e-08
125.55,0.0,136.21915312499996,2.913795e-08
125.55,0.0,136.21890312499997,2.981555e-08
125.55,0.0,136.21865312499997,2.969565e-08
125.55,0.0,136.21840312499998,2.974695e-08
125.55,0.0,136.218153125,2.9587e-08
125.55,0.0,136.21790312499996,2.937015e-08
125.55,0.0,136.21765312499997,2.946605e-08
125.55,0.0,136.21740312499998,2.92679e-08
125.55,0.0,136.21715312499998,2.93229e-08
125.55,0.0,136.21690312499996,2.92583e-08
125.55,0.0,136.21665312499997,2.979955e-08
125.55,0.0,136.21640312499997,2.97609e-08
125.55,0.0,136.21615312499998,2.97374e-08
125.55,0.0,136.21590312499998,3.011525e-08
125.55,0.0,136.21565312499996,2.98847e-08
125.55,0.0,136.21540312499997,2.947095e-08
125.55,0.0,136.21515312499997,3.00059e-08
125.55,0.0,136.21490312499998,2.957205e-08
125.55,0.0,136.21465312499998,2.92585e-08
125.55,0.0,136.21440312499996,2.93591e-08
125.55,0.0,136.21415312499997,2.95939e-08
125.55,0.0,136.21390312499997,2.969335e-08
125.55,0.0,136.21365312499998,2.931615e-08
125.55,0.0,136.21340312499999,2.942895e-08
125.55,0.0,136.21315312499996,2.8985e-08
125.55,0.0,136.21290312499997,2.94397e-08
125.55,0.0,136.21265312499997,2.968616666666667e-08
125.55,0.0,136.21240312499998,2.93912e-08
125.55,0.0,136.212153125,2.99768e-08
125.55,0.0,136.21190312499996,2.89951e-08
125.55,0.0,136.21165312499997,2.9190550000000002e-08
125.55,0.0,136.21140312499998,2.885845e-08
125.55,0.0,136.21115312499998,2.95198e-08
125.55,0.0,136.21090312499996,2.90944e-08
125.55,0.0,136.21065312499996,2.924865e-08
125.55,0.0,136.21040312499997,2.9180150000000002e-08
125.55,0.0,136.21015312499998,2.928665e-08
125.55,0.0,136.20990312499998,2.92425e-08
125.55,0.0,136.20965312499996,2.90821e-08
125.55,0.0,136.20940312499997,2.873e-08
125.55,0.0,136.20915312499997,2.92164e-08
125.55,0.0,136.20890312499998,2.892925e-08
125.55,0.0,136.20865312499998,2.9046e-08
125.55,0.0,136.20840312499996,2.906705e-08
125.55,0.0,136.20815312499997,2.90182e-08
125.55,0.0,136.20790312499997,2.92442e-08
125.55,0.0,136.20765312499998,2.8932e-08
125.55,0.0,136.20740312499998,2.90402e-08
125.55,0.0,136.20715312499996,2.91232e-08
125.55,0.0,136.20690312499997,2.88711e-08
125.55,0.0,136.20665312499997,2.91522e-08
125.55,0.0,136.20640312499998,2.9204500000000002e-08
125.55,0.0,136.206153125,2.919625e-08
125.55,0.0,136.20590312499996,2.88816e-08
125.55,0.0,136.20565312499997,2.9393e-08
125.55,0.0,136.20540312499998,2.939965e-08
125.55,0.0,136.20515312499998,2.90701e-08
125.55,0.0,136.204903125,2.90793e-08
125.55,0.0,136.20465312499996,2.93277e-08
125.55,0.0,136.20440312499997,2.936595e-08
125.55,0.0,136.20415312499998,2.90906e-08
125.55,0.0,136.20390312499998,2.87281e-08
125.55,0.0,136.20365312499996,2.889955e-08
125.55,0.0,136.20340312499997,2.916875e-08
125.55,0.0,136.20315312499997,2.8975900000000002e-08
125.55,0.0,136.20290312499998,2.92424e-08
125.55,0.0,136.20265312499998,2.949805e-08
125.55,0.0,136.20240312499996,2.90723e-08
125.55,0.0,136.20215312499997,2.91606e-08
125.55,0.0,136.20190312499997,2.883175e-08
125.55,0.0,136.20165312499998,2.921605e-08
125.55,0.0,136.20140312499998,2.90777e-08
125.55,0.0,136.20115312499996,2.89005e-08
125.55,0.0,136.20090312499997,2.913745e-08
125.55,0.0,136.20065312499997,2.92433e-08
125.55,0.0,136.20040312499998,2.93912e-08
125.55,0.0,136.20015312499999,2.933935e-08
125.55,0.0,136.19990312499996,2.926635e-08
125.55,0.0,136.19965312499997,2.924255e-08
125.55,0.0,136.19940312499998,2.927685e-08
125.55,0.0,136.19915312499998,2.89714e-08
125.55,0.0,136.198903125,2.93487e-08
125.55,0.0,136.19865312499996,2.925195e-08
125.55,0.0,136.19840312499997,2.92895e-08
125.55,0.0,136.19815312499998,2.902435e-08
125.55,0.0,136.19790312499998,2.9371e-08
125.55,0.0,136.19765312499996,2.9172800000000002e-08
125.55,0.0,136.19740312499997,2.970215e-08
125.55,0.0,136.19715312499997,2.89549e-08
125.55,0.0,136.19690312499998,2.92136e-08
125.55,0.0,136.19665312499998,2.89253e-08
125.55,0.0,136.19640312499996,2.87831e-08
125.55,0.0,136.19615312499997,2.87804e-08
125.55,0.0,136.19590312499997,2.93065e-08
125.55,0.0,136.19565312499998,2.89265e-08
125.55,0.0,136.19540312499998,3.02092e-08
125.55,0.0,136.19515312499996,2.919235e-08
125.55,0.0,136.19490312499997,2.93271e-08
125.55,0.0,136.19465312499997,2.9505066666666664e-08
125.55,0.0,136.19440312499998,2.96158e-08
125.55,0.0,136.19415312499999,2.916405e-08
125.55,0.0,136.19390312499996,2.91631e-08
125.55,0.0,136.19365312499997,2.92951e-08
125.55,0.0,136.19340312499997,2.94864e-08
125.55,0.0,136.19315312499998,2.945555e-08
125.55,0.0,136.192903125,2.965955e-08
125.55,0.0,136.19265312499996,2.982e-08
125.55,0.0,136.19240312499997,2.962995e-08
125.55,0.0,136.19215312499998,2.96265e-08
125.55,0.0,136.19190312499998,2.96334e-08
125.55,0.0,136.19165312499996,2.959075e-08
125.55,0.0,136.19140312499997,2.95477e-08
125.55,0.0,136.19115312499997,2.946585e-08
125.55,0.0,136.19090312499998,2.991275e-08
125.55,0.0,136.19065312499998,2.9134e-08
125.55,0.0,136.19040312499996,2.93719e-08
125.55,0.0,136.19015312499997,2.942905e-08
125.55,0.0,136.18990312499997,2.94991e-08
125.55,0.0,136.18965312499998,2.91015e-08
125.55,0.0,136.18940312499998,2.9511e-08
125.55,0.0,136.18915312499996,2.96025e-08
125.55,0.0,136.18890312499997,2.959605e-08
125.55,0.0,136.18865312499997,2.96837e-08
125.55,0.0,136.18840312499998,2.93861e-08
125.55,0.0,136.18815312499999,2.9550850000000003e-08
125.55,0.0,136.18790312499996,2.9638966666666672e-08
125.55,0.0,136.18765312499997,2.95723e-08
125.55,0.0,136.18740312499997,2.94709e-08
125.55,0.0,136.18715312499998,2.9378400000000002e-08
125.55,0.0,136.186903125,2.932315e-08
125.55,0.0,136.18665312499996,2.9331650000000002e-08
125.55,0.0,136.18640312499997,2.92998e-08
125.55,0.0,136.18615312499998,2.9288450000000002e-08
125.55,0.0,136.18590312499998,2.94261e-08
125.55,0.0,136.18565312499996,2.959125e-08
125.55,0.0,136.18540312499997,2.92955e-08
125.55,0.0,136.18515312499997,2.954855e-08
125.55,0.0,136.18490312499998,2.93715e-08
125.55,0.0,136.18465312499998,2.92998e-08
125.55,0.0,136.18440312499996,2.97501e-08
125.55,0.0,136.18415312499997,2.97711e-08
125.55,0.0,136.18390312499997,2.97769e-08
125.55,0.0,136.18365312499998,2.92319e-08
125.55,0.0,136.18340312499998,2.94275e-08
125.55,0.0,136.18315312499996,2.93401e-08
125.55,0.0,136.18290312499997,2.9236700000000006e-08
125.55,0.0,136.18265312499997,2.92363e-08
125.55,0.0,136.18240312499998,2.95963e-08
125.55,0.0,136.18215312499999,2.924445e-08
125.55,0.0,136.18190312499996,2.925085e-08
125.55,0.0,136.18165312499997,2.92958e-08
125.55,0.0,136.18140312499997,2.88603e-08
125.55,0.0,136.18115312499998,2.967245e-08
125.55,0.0,136.180903125,2.942635e-08
125.55,0.0,136.18065312499996,2.99683e-08
125.55,0.0,136.18040312499997,2.969835e-08
125.55,0.0,136.18015312499998,2.93781e-08
125.55,0.0,136.17990312499998,2.941535e-08
125.55,0.0,136.17965312499996,2.94597e-08
125.55,0.0,136.17940312499996,2.92375e-08
125.55,0.0,136.17915312499997,2.936265e-08
125.55,0.0,136.17890312499998,2.9304266666666672e-08
125.55,0.0,136.17865312499998,2.93415e-08
125.55,0.0,136.17840312499996,2.94668e-08
125.55,0.0,136.17815312499997,3.0081e-08
125.55,0.0,136.17790312499997,2.950685e-08
125.55,0.0,136.17765312499998,2.94301e-08
125.55,0.0,136.17740312499998,2.9512650000000002e-08
125.55,0.0,136.17715312499996,2.92893e-08
125.55,0.0,136.17690312499997,2.91557e-08
125.55,0.0,136.17665312499997,2.92106e-08
125.55,0.0,136.17640312499998,2.922425e-08
125.55,0.0,136.17615312499998,2.964855e-08
125.55,0.0,136.17590312499996,2.934755e-08
125.55,0.0,136.17565312499997,2.92556e-08
125.55,0.0,136.17540312499997,2.919425e-08
125.55,0.0,136.17515312499998,2.927335e-08
125.55,0.0,136.174903125,2.943735e-08
125.55,0.0,136.17465312499996,2.952375e-08
125.55,0.0,136.17440312499997,2.95219e-08
125.55,0.0,136.17415312499998,2.9560500000000002e-08
125.55,0.0,136.17390312499998,2.94275e-08
125.55,0.0,136.173653125,2.92279e-08
125.55,0.0,136.17340312499996,2.92807e-08
125.55,0.0,136.17315312499997,2.94981e-08
125.55,0.0,136.17290312499998,2.918115e-08
125.55,0.0,136.17265312499998,2.97235e-08
125.55,0.0,136.17240312499996,2.945515e-08
125.55,0.0,136.17215312499997,2.949635e-08
125.55,0.0,136.17190312499997,2.9470100000000004e-08
125.55,0.0,136.17165312499998,2.94674e-08
125.55,0.0,136.17140312499998,2.96683e-08
125.55,0.0,136.17115312499996,2.983065e-08
125.55,0.0,136.17090312499997,2.969555e-08
125.55,0.0,136.17065312499997,2.95916e-08
125.55,0.0,136.17040312499998,2.997215e-08
125.55,0.0,136.17015312499998,2.985465e-08
125.55,0.0,136.16990312499996,2.9759500000000006e-08
125.55,0.0,136.16965312499997,3.00085e-08
125.55,0.0,136.16940312499997,2.972385e-08
125.55,0.0,136.16915312499998,2.95522e-08
125.55,0.0,136.16890312499999,2.94943e-08
125.55,0.0,136.16865312499996,2.9336e-08
125.55,0.0,136.16840312499997,2.96626e-08
125.55,0.0,136.16815312499998,2.961705e-08
125.55,0.0,136.16790312499998,2.932615e-08
125.55,0.0,136.167653125,2.94021e-08
125.55,0.0,136.16740312499996,2.959265e-08
125.55,0.0,136.16715312499997,2.982495e-08
125.55,0.0,136.16690312499998,2.96172e-08
125.55,0.0,136.16665312499998,2.99956e-08
125.55,0.0,136.16640312499996,3.01407e-08
125.55,0.0,136.16615312499997,2.96115e-08
125.55,0.0,136.16590312499997,2.94785e-08
125.55,0.0,136.16565312499998,2.985295e-08
125.55,0.0,136.16540312499998,3.00936e-08
125.55,0.0,136.16515312499996,2.9828550000000004e-08
125.55,0.0,136.16490312499997,2.96499e-08
125.55,0.0,136.16465312499997,3.004215e-08
125.55,0.0,136.16440312499998,2.995345e-08
125.55,0.0,136.16415312499998,2.949485e-08
125.55,0.0,136.16390312499996,2.959065e-08
125.55,0.0,136.16365312499997,2.9673e-08
125.55,0.0,136.16340312499997,2.947735e-08
125.55,0.0,136.16315312499998,2.968965e-08
125.55,0.0,136.16290312499999,2.99039e-08
125.55,0.0,136.16265312499996,3.02532e-08
125.55,0.0,136.16240312499997,3.02776e-08
125.55,0.0,136.16215312499997,3.036585e-08
125.55,0.0,136.16190312499998,3.07344e-08
125.55,0.0,136.161653125,3.0248700000000005e-08
125.55,0.0,136.16140312499996,3.059035e-08
125.55,0.0,136.16115312499997,3.01872e-08
125.55,0.0,136.16090312499998,2.99904e-08
125.55,0.0,136.16065312499998,2.96278e-08
125.55,0.0,136.16040312499996,2.9751800000000003e-08
125.55,0.0,136.16015312499997,2.95589e-08
125.55,0.0,136.15990312499997,2.92978e-08
125.55,0.0,136.15965312499998,2.942955e-08
125.55,0.0,136.15940312499998,2.9515600000000006e-08
125.55,0.0,136.15915312499996,2.9693e-08
125.55,0.0,136.15890312499997,2.98407e-08
125.55,0.0,136.15865312499997,2.950435e-08
125.55,0.0,136.15840312499998,2.985275e-08
125.55,0.0,136.15815312499998,2.97099e-08
125.55,0.0,136.15790312499996,3.02235e-08
125.55,0.0,136.15765312499997,3.00077e-08
125.55,0.0,136.15740312499997,2.9912400000000005e-08
125.55,0.0,136.15715312499998,2.97474e-08
125.55,0.0,136.15690312499999,2.98182e-08
125.55,0.0,136.15665312499996,2.966175e-08
125.55,0.0,136.15640312499997,2.96853e-08
125.55,0.0,136.15615312499997,2.969355e-08
125.55,0.0,136.15590312499998,2.96881e-08
125.55,0.0,136.155653125,2.975805e-08
125.55,0.0,136.15540312499996,2.966695e-08
125.55,0.0,136.15515312499997,2.960375e-08
125.55,0.0,136.15490312499998,3.03668e-08
125.55,0.0,136.15465312499998,3.01381e-08
125.55,0.0,136.15440312499996,2.97878e-08
125.55,0.0,136.15415312499997,2.96008e-08
125.55,0.0,136.15390312499997,2.986435e-08
125.55,0.0,136.15365312499998,2.97037e-08
125.55,0.0,136.15340312499998,2.97563e-08
125.55,0.0,136.15315312499996,2.973205e-08
125.55,0.0,136.15290312499997,2.97683e-08
125.55,0.0,136.15265312499997,2.972525e-08
125.55,0.0,136.15240312499998,2.965625e-08
125.55,0.0,136.15215312499998,2.975325e-08
125.55,0.0,136.15190312499996,3.0166550000000004e-08
125.55,0.0,136.15165312499997,3.01031e-08
125.55,0.0,136.15140312499997,2.976855e-08
125.55,0.0,136.15115312499998,3.00227e-08
125.55,0.0,136.15090312499999,2.97808e-08
125.55,0.0,136.15065312499996,3.01135e-08
125.55,0.0,136.15040312499997,3.047535e-08
125.55,0.0,136.15015312499997,2.9792900000000002e-08
125.55,0.0,136.14990312499998,3.01865e-08
125.55,0.0,136.149653125,3.0045400000000004e-08
125.55,0.0,136.14940312499996,3.0298199999999995e-08
125.55,0.0,136.14915312499997,3.025095e-08
125.55,0.0,136.14890312499998,3.01592e-08
125.55,0.0,136.14865312499998,3.00674e-08
125.55,0.0,136.14840312499996,3.035305e-08
125.55,0.0,136.14815312499996,3.06281e-08
125.55,0.0,136.14790312499997,3.01261e-08
125.55,0.0,136.14765312499998,3.045615e-08
125.55,0.0,136.14740312499998,3.0537733333333335e-08
125.55,0.0,136.14715312499996,3.03223e-08
125.55,0.0,136.14690312499997,3.0680700000000006e-08
125.55,0.0,136.14665312499997,3.081555e-08
125.55,0.0,136.14640312499998,3.101815e-08
125.55,0.0,136.14615312499998,3.088205e-08
125.55,0.0,136.14590312499996,3.09817e-08
125.55,0.0,136.14565312499997,3.078615e-08
125.55,0.0,136.14540312499997,3.049545e-08
125.55,0.0,136.14515312499998,3.0959e-08
125.55,0.0,136.14490312499998,3.07956e-08
125.55,0.0,136.14465312499996,3.077555e-08
125.55,0.0,136.14440312499997,3.075685e-08
125.55,0.0,136.14415312499997,3.08289e-08
125.55,0.0,136.14390312499998,3.0941250000000006e-08
125.55,0.0,136.143653125,3.0692849999999994e-08
125.55,0.0,136.14340312499996,3.10769e-08
125.55,0.0,136.14315312499997,3.09795e-08
125.55,0.0,136.14290312499998,3.09931e-08
125.55,0.0,136.14265312499998,3.10085e-08
125.55,0.0,136.142403125,3.110575e-08
125.55,0.0,136.14215312499996,3.13299e-08
125.55,0.0,136.14190312499997,3.117465e-08
125.55,0.0,136.14165312499998,3.10123e-08
125.55,0.0,136.14140312499998,3.125325e-08
125.55,0.0,136.14115312499996,3.12041e-08
125.55,0.0,136.14090312499997,3.11127e-08
125.55,0.0,136.14065312499997,3.102725e-08
125.55,0.0,136.14040312499998,3.1112033333333334e-08
125.55,0.0,136.14015312499998,3.04861e-08
125.55,0.0,136.13990312499996,3.11367e-08
125.55,0.0,136.13965312499997,3.1015500000000004e-08
125.55,0.0,136.13940312499997,3.150935e-08
125.55,0.0,136.13915312499998,3.15154e-08
125.55,0.0,136.13890312499998,3.142885e-08
125.55,0.0,136.13865312499996,3.15739e-08
125.55,0.0,136.13840312499997,3.1479466666666674e-08
125.55,0.0,136.13815312499997,3.14416e-08
125.55,0.0,136.13790312499998,3.162645e-08
125.55,0.0,136.13765312499999,3.1668949999999995e-08
125.55,0.0,136.13740312499996,3.12489e-08
125.55,0.0,136.13715312499997,3.16039e-08
125.55,0.0,136.13690312499998,3.126265e-08
125.55,0.0,136.13665312499998,3.11114e-08
125.55,0.0,136.136403125,3.15882e-08
125.55,0.0,136.13615312499996,3.127705e-08
125.55,0.0,136.13590312499997,3.13886e-08
125.55,0.0,136.13565312499998,3.145785e-08
125.55,0.0,136.13540312499998,3.133025e-08
125.55,0.0,136.13515312499996,3.14703e-08
125.55,0.0,136.13490312499997,3.1363749999999995e-08
125.55,0.0,136.13465312499997,3.15685e-08
125.55,0.0,136.13440312499998,3.1499750000000004e-08
125.55,0.0,136.13415312499998,3.16958e-08
125.55,0.0,136.13390312499996,3.14812e-08
125.55,0.0,136.13365312499997,3.144275e-08
125.55,0.0,136.13340312499997,3.15739e-08
125.55,0.0,136.13315312499998,3.1472e-08
125.55,0.0,136.13290312499998,3.16063e-08
125.55,0.0,136.13265312499996,3.13817e-08
125.55,0.0,136.13240312499997,3.1451550000000005e-08
125.55,0.0,136.13215312499997,3.12997e-08
125.55,0.0,136.13190312499998,3.147225e-08
125.55,0.0,136.13165312499999,3.13702e-08
125.55,0.0,136.13140312499996,3.1344333333333335e-08
125.55,0.0,136.13115312499997,3.08738e-08
125.55,0.0,136.13090312499997,3.166995e-08
125.55,0.0,136.13065312499998,3.174865e-08
125.55,0.0,136.130403125,3.157405e-08
125.55,0.0,136.13015312499996,3.17461e-08
125.55,0.0,136.12990312499997,3.162195e-08
125.55,0.0,136.12965312499998,3.1477e-08
125.55,0.0,136.12940312499998,3.14453e-08
125.55,0.0,136.12915312499996,3.18092e-08
125.55,0.0,136.12890312499997,3.17915e-08
125.55,0.0,136.12865312499997,3.162615e-08
125.55,0.0,136.12840312499998,3.132455e-08
125.55,0.0,136.12815312499998,3.15863e-08
125.55,0.0,136.12790312499996,3.1457e-08
125.55,0.0,136.12765312499997,3.15107e-08
125.55,0.0,136.12740312499997,3.125195e-08
125.55,0.0,136.12715312499998,3.15323e-08
125.55,0.0,136.12690312499998,3.13292e-08
125.55,0.0,136.12665312499996,3.14177e-08
125.55,0.0,136.12640312499997,3.12805e-08
125.55,0.0,136.12615312499997,3.14957e-08
125.55,0.0,136.12590312499998,3.133385e-08
125.55,0.0,136.12565312499999,3.1612700000000004e-08
125.55,0.0,136.12540312499996,3.168425e-08
125.55,0.0,136.12515312499997,3.14728e-08
125.55,0.0,136.12490312499997,3.163185e-08
125.55,0.0,136.12465312499998,3.16928e-08
125.55,0.0,136.124403125,3.153315e-08
125.55,0.0,136.12415312499996,3.1553000000000005e-08
125.55,0.0,136.12390312499997,3.208135e-08
125.55,0.0,136.12365312499998,3.15953e-08
125.55,0.0,136.12340312499998,3.14326e-08
125.55,0.0,136.12315312499996,3.202115e-08
125.55,0.0,136.12290312499997,3.17921e-08
125.55,0.0,136.12265312499997,3.1643e-08
125.55,0.0,136.12240312499998,3.2075450000000005e-08
125.55,0.0,136.12215312499998,3.117875e-08
125.55,0.0,136.12190312499996,3.16713e-08
125.55,0.0,136.12165312499997,3.20289e-08
125.55,0.0,136.12140312499997,3.20045e-08
125.55,0.0,136.12115312499998,3.18894e-08
125.55,0.0,136.12090312499998,3.139375e-08
125.55,0.0,136.12065312499996,3.206695e-08
125.55,0.0,136.12040312499997,3.18872e-08
125.55,0.0,136.12015312499997,3.18659e-08
125.55,0.0,136.11990312499998,3.17146e-08
125.55,0.0,136.11965312499999,3.19542e-08
125.55,0.0,136.11940312499996,3.17144e-08
125.55,0.0,136.11915312499997,3.19095e-08
125.55,0.0,136.11890312499997,3.183355e-08
125.55,0.0,136.11865312499998,3.187905e-08
125.55,0.0,136.118403125,3.167805e-08
125.55,0.0,136.11815312499996,3.16449e-08
125.55,0.0,136.11790312499997,3.2187e-08
125.55,0.0,136.11765312499998,3.23271e-08
125.55,0.0,136.11740312499998,3.21814e-08
125.55,0.0,136.11715312499996,3.21225e-08
125.55,0.0,136.11690312499996,3.217125e-08
125.55,0.0,136.11665312499997,3.226395e-08
125.55,0.0,136.11640312499998,3.15181e-08
125.55,0.0,136.11615312499998,3.20386e-08
125.55,0.0,136.11590312499996,3.1999266666666664e-08
125.55,0.0,136.11565312499997,3.212965e-08
125.55,0.0,136.11540312499997,3.21788e-08
125.55,0.0,136.11515312499998,3.1812200000000005e-08
125.55,0.0,136.11490312499998,3.218995e-08
125.55,0.0,136.11465312499996,3.25124e-08
125.55,0.0,136.11440312499997,3.24562e-08
125.55,0.0,136.11415312499997,3.2234699999999994e-08
125.55,0.0,136.11390312499998,3.241805e-08
125.55,0.0,136.11365312499998,3.2495300000000004e-08
125.55,0.0,136.11340312499996,3.23359e-08
125.55,0.0,136.11315312499997,3.23831e-08
125.55,0.0,136.11290312499997,3.242825e-08
125.55,0.0,136.11265312499998,3.2184000000000005e-08
125.55,0.0,136.112403125,3.22511e-08
125.55,0.0,136.11215312499996,3.25596e-08
125.55,0.0,136.11190312499997,3.235635e-08
125.55,0.0,136.11165312499998,3.23587e-08
125.55,0.0,136.11140312499998,3.24215e-08
125.55,0.0,136.111153125,3.23888e-08
125.55,0.0,136.11090312499996,3.256675e-08
125.55,0.0,136.11065312499997,3.23672e-08
125.55,0.0,136.11040312499998,3.31047e-08
125.55,0.0,136.11015312499998,3.2720850000000004e-08
125.55,0.0,136.10990312499996,3.253205e-08
125.55,0.0,136.10965312499997,3.268625e-08
125.55,0.0,136.10940312499997,3.17724e-08
125.55,0.0,136.10915312499998,3.23107e-08
125.55,0.0,136.10890312499998,3.2485e-08
125.55,0.0,136.10865312499996,3.26899e-08
125.55,0.0,136.10840312499997,3.2484650000000004e-08
125.55,0.0,136.10815312499997,3.23927e-08
125.55,0.0,136.10790312499998,3.238515e-08
125.55,0.0,136.10765312499998,3.26675e-08
125.55,0.0,136.10740312499996,3.35723e-08
125.55,0.0,136.10715312499997,3.26831e-08
125.55,0.0,136.10690312499997,3.26788e-08
125.55,0.0,136.10665312499998,3.276105e-08
125.55,0.0,136.10640312499999,3.253225e-08
125.55,0.0,136.10615312499996,3.28934e-08
125.55,0.0,136.10590312499997,3.279215e-08
125.55,0.0,136.10565312499998,3.26616e-08
125.55,0.0,136.10540312499998,3.290055e-08
125.55,0.0,136.105153125,3.305265e-08
125.55,0.0,136.10490312499996,3.298205e-08
125.55,0.0,136.10465312499997,3.291245e-08
125.55,0.0,136.10440312499998,3.325505e-08
125.55,0.0,136.10415312499998,3.2779850000000005e-08
125.55,0.0,136.10390312499996,3.294775e-08
125.55,0.0,136.10365312499997,3.2823e-08
125.55,0.0,136.10340312499997,3.30712e-08
125.55,0.0,136.10315312499998,3.3245850000000004e-08
125.55,0.0,136.10290312499998,3.289505e-08
125.55,0.0,136.10265312499996,3.34585e-08
125.55,0.0,136.10240312499997,3.31027e-08
125.55,0.0,136.10215312499997,3.306895e-08
125.55,0.0,136.10190312499998,3.3143300000000004e-08
125.55,0.0,136.10165312499998,3.28603e-08
125.55,0.0,136.10140312499996,3.34617e-08
125.55,0.0,136.10115312499997,3.31557e-08
125.55,0.0,136.10090312499997,3.306975e-08
125.55,0.0,136.10065312499998,3.26632e-08
125.55,0.0,136.10040312499999,3.27969e-08
125.55,0.0,136.10015312499996,3.3077250000000006e-08
125.55,0.0,136.09990312499997,3.31328e-08
125.55,0.0,136.09965312499997,3.30496e-08
125.55,0.0,136.09940312499998,3.2909700000000005e-08
125.55,0.0,136.099153125,3.2940650000000005e-08
125.55,0.0,136.09890312499996,3.31364e-08
125.55,0.0,136.09865312499997,3.31095e-08
125.55,0.0,136.09840312499998,3.293465e-08
125.55,0.0,136.09815312499998,3.293685e-08
125.55,0.0,136.09790312499996,3.29219e-08
125.55,0.0,136.09765312499997,3.280715e-08
125.55,0.0,136.09740312499997,3.2947699999999995e-08
125.55,0.0,136.09715312499998,3.3147450000000003e-08
125.55,0.0,136.09690312499998,3.303265e-08
125.55,0.0,136.09665312499996,3.34086e-08
125.55,0.0,136.09640312499997,3.326995e-08
125.55,0.0,136.09615312499997,3.29155e-08
125.55,0.0,136.09590312499998,3.319815e-08
125.55,0.0,136.09565312499998,3.28365e-08
125.55,0.0,136.09540312499996,3.3027400000000004e-08
125.55,0.0,136.09515312499997,3.319825e-08
125.55,0.0,136.09490312499997,3.3003499999999995e-08
125.55,0.0,136.09465312499998,3.29903e-08
125.55,0.0,136.09440312499999,3.29e-08
125.55,0.0,136.09415312499996,3.312555e-08
125.55,0.0,136.09390312499997,3.3138800000000006e-08
125.55,0.0,136.09365312499997,3.31467e-08
125.55,0.0,136.09340312499998,3.3069799999999993e-08
125.55,0.0,136.093153125,3.295673333333333e-08
125.55,0.0,136.09290312499996,3.313625e-08
125.55,0.0,136.09265312499997,3.25621e-08
125.55,0.0,136.09240312499998,3.32053e-08
125.55,0.0,136.09215312499998,3.3032300000000004e-08
125.55,0.0,136.09190312499996,3.3188e-08
125.55,0.0,136.09165312499997,3.34267e-08
125.55,0.0,136.09140312499997,3.33404e-08
125.55,0.0,136.09115312499998,3.33053e-08
125.55,0.0,136.09090312499998,3.350755e-08
125.55,0.0,136.09065312499996,3.3241749999999994e-08
125.55,0.0,136.09040312499997,3.3537850000000004e-08
125.55,0.0,136.09015312499997,3.35085e-08
125.55,0.0,136.08990312499998,3.34573e-08
125.55,0.0,136.08965312499998,3.34839e-08
125.55,0.0,136.08940312499996,3.345505e-08
125.55,0.0,136.08915312499997,3.32367e-08
125.55,0.0,136.08890312499997,3.314465e-08
125.55,0.0,136.08865312499998,3.337845e-08
125.55,0.0,136.08840312499999,3.326245e-08
125.55,0.0,136.08815312499996,3.27177e-08
125.55,0.0,136.08790312499997,3.33001e-08
125.55,0.0,136.08765312499997,3.355955e-08
125.55,0.0,136.08740312499998,3.342145e-08
125.55,0.0,136.087153125,3.3469550000000003e-08
125.55,0.0,136.08690312499996,3.33976e-08
125.55,0.0,136.08665312499997,3.3778399999999995e-08
125.55,0.0,136.08640312499998,3.325705e-08
125.55,0.0,136.08615312499998,3.337125e-08
125.55,0.0,136.08590312499996,3.39679e-08
125.55,0.0,136.08565312499996,3.325425e-08
125.55,0.0,136.08540312499997,3.388715e-08
125.55,0.0,136.08515312499998,3.335285e-08
125.55,0.0,136.08490312499998,3.38058e-08
125.55,0.0,136.08465312499996,3.354415e-08
125.55,0.0,136.08440312499997,3.3814300000000004e-08
125.55,0.0,136.08415312499997,3.355805e-08
125.55,0.0,136.08390312499998,3.35168e-08
125.55,0.0,136.08365312499998,3.34832e-08
125.55,0.0,136.08340312499996,3.377455e-08
125.55,0.0,136.08315312499997,3.359665e-08
125.55,0.0,136.08290312499997,3.30263e-08
125.55,0.0,136.08265312499998,3.32919e-08
125.55,0.0,136.08240312499998,3.36138e-08
125.55,0.0,136.08215312499996,3.36532e-08
125.55,0.0,136.08190312499997,3.3764699999999995e-08
125.55,0.0,136.08165312499997,3.3634400000000004e-08
125.55,0.0,136.08140312499998,3.348665e-08
125.55,0.0,136.081153125,3.368725e-08
125.55,0.0,136.08090312499996,3.36602e-08
125.55,0.0,136.08065312499997,3.38355e-08
125.55,0.0,136.08040312499998,3.364065e-08
125.55,0.0,136.08015312499998,3.36062e-08
125.55,0.0,136.079903125,3.350405e-08
125.55,0.0,136.07965312499996,3.32998e-08
125.55,0.0,136.07940312499997,3.379365e-08
125.55,0.0,136.07915312499998,3.3589e-08
125.55,0.0,136.07890312499998,3.37324e-08
125.55,0.0,136.07865312499996,3.37182e-08
125.55,0.0,136.07840312499997,3.364375e-08
125.55,0.0,136.07815312499997,3.39615e-08
125.55,0.0,136.07790312499998,3.3869e-08
125.55,0.0,136.07765312499998,3.3812000000000005e-08
125.55,0.0,136.07740312499996,3.3952e-08
125.55,0.0,136.07715312499997,3.3922350000000003e-08
125.55,0.0,136.07690312499997,3.4054e-08
125.55,0.0,136.07665312499998,3.372595e-08
125.55,0.0,136.07640312499998,3.40094e-08
125.55,0.0,136.07615312499996,3.39947e-08
125.55,0.0,136.07590312499997,3.41324e-08
125.55,0.0,136.07565312499997,3.417455e-08
125.55,0.0,136.07540312499998,3.419045e-08
125.55,0.0,136.07515312499999,3.400475e-08
125.55,0.0,136.07490312499996,3.4175800000000004e-08
125.55,0.0,136.07465312499997,3.399625e-08
125.55,0.0,136.07440312499998,3.421125e-08
125.55,0.0,136.07415312499998,3.366015e-08
125.55,0.0,136.073903125,3.40512e-08
125.55,0.0,136.07365312499996,3.418515e-08
125.55,0.0,136.07340312499997,3.401785e-08
125.55,0.0,136.07315312499998,3.38407e-08
125.55,0.0,136.07290312499998,3.40203e-08
125.55,0.0,136.07265312499996,3.438415e-08
125.55,0.0,136.07240312499997,3.41936e-08
125.55,0.0,136.07215312499997,3.451805e-08
125.55,0.0,136.07190312499998,3.47309e-08
125.55,0.0,136.07165312499998,3.4283150000000005e-08
125.55,0.0,136.07140312499996,3.44019e-08
125.55,0.0,136.07115312499997,3.452425e-08
125.55,0.0,136.07090312499997,3.451115e-08
125.55,0.0,136.07065312499998,3.46432e-08
125.55,0.0,136.07040312499998,3.479645e-08
125.55,0.0,136.07015312499996,3.40665e-08
125.55,0.0,136.06990312499997,3.4669850000000004e-08
125.55,0.0,136.06965312499997,3.4866949999999994e-08
125.55,0.0,136.06940312499998,3.471345e-08
125.55,0.0,136.06915312499999,3.48313e-08
125.55,0.0,136.06890312499996,3.45646e-08
125.55,0.0,136.06865312499997,3.4844850000000004e-08
125.55,0.0,136.06840312499997,3.489103333333333e-08
125.55,0.0,136.06815312499998,3.49072e-08
125.55,0.0,136.067903125,3.484e-08
125.55,0.0,136.06765312499996,3.4921100000000004e-08
125.55,0.0,136.06740312499997,3.461085e-08
125.55,0.0,136.06715312499998,3.46369e-08
125.55,0.0,136.06690312499998,3.48465e-08
125.55,0.0,136.06665312499996,3.487145e-08
125.55,0.0,136.06640312499997,3.4951999999999994e-08
125.55,0.0,136.06615312499997,3.51764e-08
125.55,0.0,136.06590312499998,3.4748249999999995e-08
125.55,0.0,136.06565312499998,3.5166399999999994e-08
125.55,0.0,136.06540312499996,3.54866e-08
125.55,0.0,136.06515312499997,3.50469e-08
125.55,0.0,136.06490312499997,3.52093e-08
125.55,0.0,136.06465312499998,3.510875e-08
125.55,0.0,136.06440312499998,3.523065e-08
125.55,0.0,136.06415312499996,3.51294e-08
125.55,0.0,136.06390312499997,3.53572e-08
125.55,0.0,136.06365312499997,3.5217000000000004e-08
125.55,0.0,136.06340312499998,3.532345e-08
125.55,0.0,136.06315312499999,3.52497e-08
125.55,0.0,136.06290312499996,3.532315e-08
125.55,0.0,136.06265312499997,3.5527199999999995e-08
125.55,0.0,136.06240312499997,3.519945e-08
125.55,0.0,136.06215312499998,3.52876e-08
125.55,0.0,136.061903125,3.536095e-08
125.55,0.0,136.06165312499996,3.53918e-08
125.55,0.0,136.06140312499997,3.537153333333333e-08
125.55,0.0,136.06115312499998,3.55674e-08
125.55,0.0,136.06090312499998,3.56527e-08
125.55,0.0,136.06065312499996,3.543095e-08
125.55,0.0,136.06040312499997,3.564125e-08
125.55,0.0,136.06015312499997,3.53946e-08
125.55,0.0,136.05990312499998,3.55847e-08
125.55,0.0,136.05965312499998,3.53177e-08
125.55,0.0,136.05940312499996,3.540275e-08
125.55,0.0,136.05915312499997,3.53547e-08
125.55,0.0,136.05890312499997,3.54174e-08
125.55,0.0,136.05865312499998,3.540645e-08
125.55,0.0,136.05840312499998,3.55845e-08
125.55,0.0,136.05815312499996,3.55518e-08
125.55,0.0,136.05790312499997,3.54774e-08
125.55,0.0,136.05765312499997,3.54419e-08
125.55,0.0,136.05740312499998,3.50723e-08
125.55,0.0,136.05715312499999,3.515445e-08
125.55,0.0,136.05690312499996,3.537285e-08
125.55,0.0,136.05665312499997,3.549295e-08
125.55,0.0,136.05640312499997,3.539315e-08
125.55,0.0,136.05615312499998,3.55959e-08
125.55,0.0,136.055903125,3.587745e-08
125.55,0.0,136.05565312499996,3.56379e-08
125.55,0.0,136.05540312499997,3.552765e-08
125.55,0.0,136.05515312499998,3.5426099999999995e-08
125.55,0.0,136.05490312499998,3.5616000000000006e-08
125.55,0.0,136.05465312499996,3.55477e-08
125.55,0.0,136.05440312499996,3.56988e-08
125.55,0.0,136.05415312499997,3.58299e-08
125.55,0.0,136.05390312499998,3.5603500000000005e-08
125.55,0.0,136.05365312499998,3.5842750000000005e-08
125.55,0.0,136.05340312499996,3.560445e-08
125.55,0.0,136.05315312499997,3.5321e-08
125.55,0.0,136.05290312499997,3.554775e-08
125.55,0.0,136.05265312499998,3.577505e-08
125.55,0.0,136.05240312499998,3.56178e-08
125.55,0.0,136.05215312499996,3.578345e-08
125.55,0.0,136.05190312499997,3.5843600000000005e-08
125.55,0.0,136.05165312499997,3.5791700000000004e-08
125.55,0.0,136.05140312499998,3.567905e-08
125.55,0.0,136.05115312499998,3.55913e-08
125.55,0.0,136.05090312499996,3.59434e-08
125.55,0.0,136.05065312499997,3.57445e-08
125.55,0.0,136.05040312499997,3.592115e-08
125.55,0.0,136.05015312499998,3.5421250000000004e-08
125.55,0.0,136.049903125,3.55878e-08
125.55,0.0,136.04965312499996,3.59284e-08
125.55,0.0,136.04940312499997,3.5673e-08
125.55,0.0,136.04915312499998,3.595515e-08
125.55,0.0,136.04890312499998,3.63763e-08
125.55,0.0,136.048653125,3.587465e-08
125.55,0.0,136.04840312499996,3.5885350000000006e-08
125.55,0.0,136.04815312499997,3.608275e-08
125.55,0.0,136.04790312499998,3.593765e-08
125.55,0.0,136.04765312499998,3.602685e-08
125.55,0.0,136.04740312499996,3.57777e-08
125.55,0.0,136.04715312499997,3.62622e-08
125.55,0.0,136.04690312499997,3.648285e-08
125.55,0.0,136.04665312499998,3.579855e-08
125.55,0.0,136.04640312499998,3.61736e-08
125.55,0.0,136.04615312499996,3.61707e-08
125.55,0.0,136.04590312499997,3.62118e-08
125.55,0.0,136.04565312499997,3.626265e-08
125.55,0.0,136.04540312499998,3.61344e-08
125.55,0.0,136.04515312499998,3.61473e-08
125.55,0.0,136.04490312499996,3.596605e-08
125.55,0.0,136.04465312499997,3.61392e-08
125.55,0.0,136.04440312499997,3.63084e-08
125.55,0.0,136.04415312499998,3.6454650000000005e-08
125.55,0.0,136.04390312499999,3.63023e-08
125.55,0.0,136.04365312499996,3.638835e-08
125.55,0.0,136.04340312499997,3.64708e-08
125.55,0.0,136.04315312499998,3.637105e-08
125.55,0.0,136.04290312499998,3.63863e-08
125.55,0.0,136.042653125,3.638195000000001e-08
125.55,0.0,136.04240312499996,3.61419e-08
125.55,0.0,136.04215312499997,3.62324e-08
125.55,0.0,136.04190312499998,3.63794e-08
125.55,0.0,136.04165312499998,3.63038e-08
125.55,0.0,136.04140312499996,3.6239600000000004e-08
125.55,0.0,136.04115312499997,3.632365e-08
125.55,0.0,136.04090312499997,3.64641e-08
125.55,0.0,136.04065312499998,3.64259e-08
125.55,0.0,136.04040312499998,3.60497e-08
125.55,0.0,136.04015312499996,3.63674e-08
125.55,0.0,136.03990312499997,3.62322e-08
125.55,0.0,136.03965312499997,3.6564e-08
125.55,0.0,136.03940312499998,3.632925e-08
125.55,0.0,136.03915312499998,3.6403750000000006e-08
125.55,0.0,136.03890312499996,3.63538e-08
125.55,0.0,136.03865312499997,3.650535e-08
125.55,0.0,136.03840312499997,3.69575e-08
125.55,0.0,136.03815312499998,3.6597550000000003e-08
125.55,0.0,136.03790312499999,3.67893e-08
125.55,0.0,136.03765312499996,3.655895e-08
125.55,0.0,136.03740312499997,3.66273e-08
125.55,0.0,136.03715312499997,3.69064e-08
125.55,0.0,136.03690312499998,3.6497e-08
125.55,0.0,136.036653125,3.65854e-08
125.55,0.0,136.03640312499996,3.68178e-08
125.55,0.0,136.03615312499997,3.705915e-08
125.55,0.0,136.03590312499998,3.655405e-08
125.55,0.0,136.03565312499998,3.65508e-08
125.55,0.0,136.03540312499996,3.56722e-08
125.55,0.0,136.03515312499997,3.696085e-08
125.55,0.0,136.03490312499997,3.68168e-08
125.55,0.0,136.03465312499998,3.656695e-08
125.55,0.0,136.03440312499998,3.698335e-08
125.55,0.0,136.03415312499996,3.689725e-08
125.55,0.0,136.03390312499997,3.689105e-08
125.55,0.0,136.03365312499997,3.67293e-08
125.55,0.0,136.03340312499998,3.68855e-08
125.55,0.0,136.03315312499998,3.689435e-08
125.55,0.0,136.03290312499996,3.713975e-08
125.55,0.0,136.03265312499997,3.67312e-08
125.55,0.0,136.03240312499997,3.707705e-08
125.55,0.0,136.03215312499998,3.7162450000000003e-08
125.55,0.0,136.03190312499999,3.69819e-08
125.55,0.0,136.03165312499996,3.69673e-08
125.55,0.0,136.03140312499997,3.708555e-08
125.55,0.0,136.03115312499997,3.71251e-08
125.55,0.0,136.03090312499998,3.72016e-08
125.55,0.0,136.030653125,3.716365e-08
125.55,0.0,136.03040312499996,3.71657e-08
125.55,0.0,136.03015312499997,3.713865e-08
125.55,0.0,136.02990312499998,3.7131533333333344e-08
125.55,0.0,136.02965312499998,3.75594e-08
125.55,0.0,136.02940312499996,3.733815e-08
125.55,0.0,136.02915312499997,3.724515e-08
125.55,0.0,136.02890312499997,3.714865e-08
125.55,0.0,136.02865312499998,3.74186e-08
125.55,0.0,136.02840312499998,3.72142e-08
125.55,0.0,136.02815312499996,3.72559e-08
125.55,0.0,136.02790312499997,3.7219e-08
125.55,0.0,136.02765312499997,3.72472e-08
125.55,0.0,136.02740312499998,3.74987e-08
125.55,0.0,136.02715312499998,3.69099e-08
125.55,0.0,136.02690312499996,3.717175e-08
125.55,0.0,136.02665312499997,3.69566e-08
125.55,0.0,136.02640312499997,3.716385e-08
125.55,0.0,136.02615312499998,3.721775e-08
125.55,0.0,136.02590312499999,3.71992e-08
125.55,0.0,136.02565312499996,3.73925e-08
125.55,0.0,136.02540312499997,3.71732e-08
125.55,0.0,136.02515312499997,3.71269e-08
125.55,0.0,136.02490312499998,3.72663e-08
125.55,0.0,136.024653125,3.72741e-08
125.55,0.0,136.02440312499996,3.73118e-08
125.55,0.0,136.02415312499997,3.72486e-08
125.55,0.0,136.02390312499998,3.73389e-08
125.55,0.0,136.02365312499998,3.72695e-08
125.55,0.0,136.02340312499996,3.73052e-08
125.55,0.0,136.02315312499996,3.7357066666666674e-08
125.55,0.0,136.02290312499997,3.731095e-08
125.55,0.0,136.02265312499998,3.74126e-08
125.55,0.0,136.02240312499998,3.733975e-08
125.55,0.0,136.02215312499996,3.74969e-08
125.55,0.0,136.02190312499997,3.73992e-08
125.55,0.0,136.02165312499997,3.73607e-08
125.55,0.0,136.02140312499998,3.7339450000000006e-08
125.55,0.0,136.02115312499998,3.73965e-08
125.55,0.0,136.02090312499996,3.7329e-08
125.55,0.0,136.02065312499997,3.705715e-08
125.55,0.0,136.02040312499997,3.72413e-08
125.55,0.0,136.02015312499998,3.724845e-08
125.55,0.0,136.01990312499998,3.73654e-08
125.55,0.0,136.01965312499996,3.76039e-08
125.55,0.0,136.01940312499997,3.74087e-08
125.55,0.0,136.01915312499997,3.70722e-08
125.55,0.0,136.01890312499998,3.734435e-08
125.55,0.0,136.018653125,3.712115e-08
125.55,0.0,136.01840312499996,3.71396e-08
125.55,0.0,136.01815312499997,3.687455e-08
125.55,0.0,136.01790312499998,3.674895e-08
125.55,0.0,136.01765312499998,3.68164e-08
125.55,0.0,136.017403125,3.698245e-08
125.55,0.0,136.01715312499996,3.68974e-08
125.55,0.0,136.01690312499997,3.68798e-08
125.55,0.0,136.01665312499998,3.656975e-08
125.55,0.0,136.01640312499998,3.69428e-08
125.55,0.0,136.01615312499996,3.63944e-08
125.55,0.0,136.01590312499997,3.67536e-08
125.55,0.0,136.01565312499997,3.68323e-08
125.55,0.0,136.01540312499998,3.674075e-08
125.55,0.0,136.01515312499998,3.67237e-08
125.55,0.0,136.01490312499996,3.6204600000000004e-08
125.55,0.0,136.01465312499997,3.64594e-08
125.55,0.0,136.01440312499997,3.66188e-08
125.55,0.0,136.01415312499998,3.684005e-08
125.55,0.0,136.01390312499998,3.68013e-08
125.55,0.0,136.01365312499996,3.687105e-08
125.55,0.0,136.01340312499997,3.631115e-08
125.55,0.0,136.01315312499997,3.6548e-08
125.55,0.0,136.01290312499998,3.669045e-08
125.55,0.0,136.01265312499999,3.6911e-08
125.55,0.0,136.01240312499996,3.682655e-08
125.55,0.0,136.01215312499997,3.66304e-08
125.55,0.0,136.01190312499998,3.669185e-08
125.55,0.0,136.01165312499998,3.687965e-08
125.55,0.0,136.011403125,3.671265e-08
125.55,0.0,136.01115312499996,3.653145e-08
125.55,0.0,136.01090312499997,3.66073e-08
125.55,0.0,136.01065312499998,3.65492e-08
125.55,0.0,136.01040312499998,3.688405e-08
125.55,0.0,136.01015312499996,3.65811e-08
125.55,0.0,136.00990312499997,3.6569650000000003e-08
125.55,0.0,136.00965312499997,3.617405e-08
125.55,0.0,136.00940312499998,3.68287e-08
125.55,0.0,136.00915312499998,3.653185e-08
125.55,0.0,136.00890312499996,3.67764e-08
125.55,0.0,136.00865312499997,3.685265e-08
125.55,0.0,136.00840312499997,3.69603e-08
125.55,0.0,136.00815312499998,3.684175e-08
125.55,0.0,136.00790312499998,3.690685e-08
125.55,0.0,136.00765312499996,3.70145e-08
125.55,0.0,136.00740312499997,3.695155e-08
125.55,0.0,136.00715312499997,3.661855e-08
125.55,0.0,136.00690312499998,3.71392e-08
125.55,0.0,136.00665312499999,3.67234e-08
125.55,0.0,136.00640312499996,3.65423e-08
125.55,0.0,136.00615312499997,3.684935e-08
125.55,0.0,136.00590312499997,3.71203e-08
125.55,0.0,136.00565312499998,3.701605e-08
125.55,0.0,136.005403125,3.710146666666666e-08
125.55,0.0,136.00515312499996,3.698275e-08
125.55,0.0,136.00490312499997,3.7021e-08
125.55,0.0,136.00465312499998,3.73037e-08
125.55,0.0,136.00440312499998,3.691735e-08
125.55,0.0,136.00415312499996,3.680495e-08
125.55,0.0,136.00390312499997,3.71244e-08
125.55,0.0,136.00365312499997,3.70532e-08
125.55,0.0,136.00340312499998,3.7171e-08
125.55,0.0,136.00315312499998,3.69567e-08
125.55,0.0,136.00290312499996,3.67648e-08
125.55,0.0,136.00265312499997,3.7147400000000003e-08
125.55,0.0,136.00240312499997,3.666265e-08
125.55,0.0,136.00215312499998,3.682805e-08
125.55,0.0,136.00190312499998,3.67766e-08
125.55,0.0,136.00165312499996,3.67626e-08
125.55,0.0,136.00140312499997,3.721435e-08
125.55,0.0,136.00115312499997,3.6347e-08
125.55,0.0,136.00090312499998,3.676785e-08
125.55,0.0,136.00065312499999,3.650045e-08
125.55,0.0,136.00040312499996,3.650115e-08
125.55,0.0,136.00015312499997,3.6451800000000004e-08
125.55,0.0,135.99990312499997,3.58687e-08
125.55,0.0,135.99965312499998,3.634355e-08
125.55,0.0,135.999403125,3.64099e-08
125.55,0.0,135.99915312499996,3.64596e-08
125.55,0.0,135.99890312499997,3.67401e-08
125.55,0.0,135.99865312499998,3.6425866666666666e-08
125.55,0.0,135.99840312499998,3.67629e-08
125.55,0.0,135.99815312499996,3.65436e-08
125.55,0.0,135.99790312499997,3.646e-08
125.55,0.0,135.99765312499997,3.6472e-08
125.55,0.0,135.99740312499998,3.660705e-08
125.55,0.0,135.99715312499998,3.681725e-08
125.55,0.0,135.99690312499996,3.67402e-08
125.55,0.0,135.99665312499997,3.6884450000000006e-08
125.55,0.0,135.99640312499997,3.676723333333333e-08
125.55,0.0,135.99615312499998,3.6858e-08
125.55,0.0,135.99590312499998,3.671195e-08
125.55,0.0,135.99565312499996,3.69914e-08
125.55,0.0,135.99540312499997,3.69395e-08
125.55,0.0,135.99515312499997,3.691905e-08
125.55,0.0,135.99490312499998,3.63392e-08
125.55,0.0,135.99465312499999,3.680155e-08
125.55,0.0,135.99440312499996,3.68256e-08
125.55,0.0,135.99415312499997,3.71672e-08
125.55,0.0,135.99390312499997,3.70917e-08
125.55,0.0,135.99365312499998,3.67279e-08
125.55,0.0,135.993403125,3.68319e-08
125.55,0.0,135.99315312499996,3.68548e-08
125.55,0.0,135.99290312499997,3.655825e-08
125.55,0.0,135.99265312499998,3.67514e-08
125.55,0.0,135.99240312499998,3.66167e-08
125.55,0.0,135.99215312499996,3.665655e-08
125.55,0.0,135.99190312499996,3.688475e-08
125.55,0.0,135.99165312499997,3.69832e-08
125.55,0.0,135.99140312499998,3.665815e-08
125.55,0.0,135.99115312499998,3.68787e-08
125.55,0.0,135.99090312499996,3.702725e-08
125.55,0.0,135.99065312499997,3.68503e-08
125.55,0.0,135.99040312499997,3.72853e-08
125.55,0.0,135.99015312499998,3.66304e-08
125.55,0.0,135.98990312499998,3.697935e-08
125.55,0.0,135.98965312499996,3.701045e-08
125.55,0.0,135.98940312499997,3.6782366666666674e-08
125.55,0.0,135.98915312499997,3.66298e-08
125.55,0.0,135.98890312499998,3.68298e-08
125.55,0.0,135.98865312499998,3.695455e-08
125.55,0.0,135.98840312499996,3.68602e-08
125.55,0.0,135.98815312499997,3.69976e-08
125.55,0.0,135.98790312499997,3.67056e-08
125.55,0.0,135.98765312499998,3.69169e-08
125.55,0.0,135.987403125,3.71593e-08
125.55,0.0,135.98715312499996,3.75342e-08
125.55,0.0,135.98690312499997,3.69955e-08
125.55,0.0,135.98665312499998,3.70662e-08
125.55,0.0,135.98640312499998,3.674875e-08
125.55,0.0,135.986153125,3.68096e-08
125.55,0.0,135.98590312499996,3.649105e-08
125.55,0.0,135.98565312499997,3.662155e-08
125.55,0.0,135.98540312499998,3.7397300000000004e-08
125.55,0.0,135.98515312499998,3.695445e-08
125.55,0.0,135.98490312499996,3.694275e-08
125.55,0.0,135.98465312499997,3.74469e-08
125.55,0.0,135.98440312499997,3.74279e-08
125.55,0.0,135.98415312499998,3.7358e-08
125.55,0.0,135.98390312499998,3.732875e-08
125.55,0.0,135.98365312499996,3.73107e-08
125.55,0.0,135.98340312499997,3.71307e-08
125.55,0.0,135.98315312499997,3.72636e-08
125.55,0.0,135.98290312499998,3.7226e-08
125.55,0.0,135.98265312499998,3.709015e-08
125.55,0.0,135.98240312499996,3.71349e-08
125.55,0.0,135.98215312499997,3.680455e-08
125.55,0.0,135.98190312499997,3.721835e-08
125.55,0.0,135.98165312499998,3.684005e-08
125.55,0.0,135.98140312499999,3.70411e-08
125.55,0.0,135.98115312499996,3.72483e-08
125.55,0.0,135.98090312499997,3.730885000000001e-08
125.55,0.0,135.98065312499998,3.743465e-08
125.55,0.0,135.98040312499998,3.73998e-08
125.55,0.0,135.980153125,3.68012e-08
125.55,0.0,135.97990312499996,3.737715e-08
125.55,0.0,135.97965312499997,3.73432e-08
125.55,0.0,135.97940312499998,3.742695e-08
125.55,0.0,135.97915312499998,3.71982e-08
125.55,0.0,135.97890312499996,3.72951e-08
125.55,0.0,135.97865312499997,3.762275e-08
125.55,0.0,135.97840312499997,3.724545000000001e-08
125.55,0.0,135.97815312499998,3.7593e-08
125.55,0.0,135.97790312499998,3.72701e-08
125.55,0.0,135.97765312499996,3.71395e-08
125.55,0.0,135.97740312499997,3.740335e-08
125.55,0.0,135.97715312499997,3.75551e-08
125.55,0.0,135.97690312499998,3.7738e-08
125.55,0.0,135.97665312499998,3.778445e-08
125.55,0.0,135.97640312499996,3.754715e-08
125.55,0.0,135.97615312499997,3.790105e-08
125.55,0.0,135.97590312499997,3.757305e-08
125.55,0.0,135.97565312499998,3.768835e-08
125.55,0.0,135.97540312499999,3.74975e-08
125.55,0.0,135.97515312499996,3.75237e-08
125.55,0.0,135.97490312499997,3.751215e-08
125.55,0.0,135.97465312499997,3.706250000000001e-08
125.55,0.0,135.97440312499998,3.759875e-08
125.55,0.0,135.974153125,3.77193e-08
125.55,0.0,135.97390312499996,3.76203e-08
125.55,0.0,135.97365312499997,3.79668e-08
125.55,0.0,135.97340312499998,3.79066e-08
125.55,0.0,135.97315312499998,3.755075e-08
125.55,0.0,135.97290312499996,3.768235e-08
125.55,0.0,135.97265312499997,3.76377e-08
125.55,0.0,135.97240312499997,3.70539e-08
125.55,0.0,135.97215312499998,3.771895e-08
125.55,0.0,135.97190312499998,3.768975e-08
125.55,0.0,135.97165312499996,3.776135e-08
125.55,0.0,135.97140312499997,3.788745000000001e-08
125.55,0.0,135.97115312499997,3.837725e-08
125.55,0.0,135.97090312499998,3.830505e-08
125.55,0.0,135.97065312499998,3.772445000000001e-08
125.55,0.0,135.97040312499996,3.8243e-08
125.55,0.0,135.97015312499997,3.739335e-08
125.55,0.0,135.96990312499997,3.77224e-08
125.55,0.0,135.96965312499998,3.799575e-08
125.55,0.0,135.96940312499999,3.81924e-08
125.55,0.0,135.96915312499996,3.842145e-08
125.55,0.0,135.96890312499997,3.79066e-08
125.55,0.0,135.96865312499997,3.766275e-08
125.55,0.0,135.96840312499998,3.80349e-08
125.55,0.0,135.968153125,3.82168e-08
125.55,0.0,135.96790312499996,3.819245e-08
125.55,0.0,135.96765312499997,3.8219e-08
125.55,0.0,135.96740312499998,3.798305e-08
125.55,0.0,135.96715312499998,3.83359e-08
125.55,0.0,135.96690312499996,3.78782e-08
125.55,0.0,135.96665312499997,3.791415e-08
125.55,0.0,135.96640312499997,3.78131e-08
125.55,0.0,135.96615312499998,3.77327e-08
125.55,0.0,135.96590312499998,3.777975e-08
125.55,0.0,135.96565312499996,3.84494e-08
125.55,0.0,135.96540312499997,3.75783e-08
125.55,0.0,135.96515312499997,3.79517e-08
125.55,0.0,135.96490312499998,3.815955e-08
125.55,0.0,135.96465312499998,3.8520000000000003e-08
125.55,0.0,135.96440312499996,3.800885e-08
125.55,0.0,135.96415312499997,3.81539e-08
125.55,0.0,135.96390312499997,3.7925850000000003e-08
125.55,0.0,135.96365312499998,3.76329e-08
125.55,0.0,135.96340312499999,3.89942e-08
125.55,0.0,135.96315312499996,3.782455e-08
125.55,0.0,135.96290312499997,3.79651e-08
125.55,0.0,135.96265312499997,3.796455e-08
125.55,0.0,135.96240312499998,3.82227e-08
125.55,0.0,135.962153125,3.82457e-08
125.55,0.0,135.96190312499996,3.8546e-08
125.55,0.0,135.96165312499997,3.801315e-08
125.55,0.0,135.96140312499998,3.78242e-08
125.55,0.0,135.96115312499998,3.807955e-08
125.55,0.0,135.96090312499996,3.823785e-08
125.55,0.0,135.96065312499996,3.81386e-08
125.55,0.0,135.96040312499997,3.8222250000000003e-08
125.55,0.0,135.96015312499998,3.78002e-08
125.55,0.0,135.95990312499998,3.7847900000000004e-08
125.55,0.0,135.95965312499996,3.77167e-08
125.55,0.0,135.95940312499997,3.78146e-08
125.55,0.0,135.95915312499997,3.81209e-08
125.55,0.0,135.95890312499998,3.831225e-08
125.55,0.0,135.95865312499998,3.79381e-08
125.55,0.0,135.95840312499996,3.77036e-08
125.55,0.0,135.95815312499997,3.78868e-08
125.55,0.0,135.95790312499997,3.7582633333333344e-08
125.55,0.0,135.95765312499998,3.74857e-08
125.55,0.0,135.95740312499998,3.775415e-08
125.55,0.0,135.95715312499996,3.78342e-08
125.55,0.0,135.95690312499997,3.8079000000000006e-08
125.55,0.0,135.95665312499997,3.7631e-08
125.55,0.0,135.95640312499998,3.82659e-08
125.55,0.0,135.956153125,3.790685e-08
125.55,0.0,135.95590312499996,3.81006e-08
125.55,0.0,135.95565312499997,3.771915e-08
125.55,0.0,135.95540312499998,3.83246e-08
125.55,0.0,135.95515312499998,3.74939e-08
125.55,0.0,135.954903125,3.779285e-08
125.55,0.0,135.95465312499996,3.77965e-08
125.55,0.0,135.95440312499997,3.8030850000000003e-08
125.55,0.0,135.95415312499998,3.8175e-08
125.55,0.0,135.95390312499998,3.782375e-08
125.55,0.0,135.95365312499996,3.865805e-08
125.55,0.0,135.95340312499997,3.787185e-08
125.55,0.0,135.95315312499997,3.778725e-08
125.55,0.0,135.95290312499998,3.7256600000000006e-08
125.55,0.0,135.95265312499998,3.77307e-08
125.55,0.0,135.95240312499996,3.80038e-08
125.55,0.0,135.95215312499997,3.795915e-08
125.55,0.0,135.95190312499997,3.706495e-08
125.55,0.0,135.95165312499998,3.74842e-08
125.55,0.0,135.95140312499998,3.8118133333333336e-08
125.55,0.0,135.95115312499996,3.75892e-08
125.55,0.0,135.95090312499997,3.826165e-08
125.55,0.0,135.95065312499997,3.8728e-08
125.55,0.0,135.95040312499998,3.82509e-08
125.55,0.0,135.95015312499999,3.83579e-08
125.55,0.0,135.94990312499996,3.84835e-08
125.55,0.0,135.94965312499997,3.79408e-08
125.55,0.0,135.94940312499998,3.846535e-08
125.55,0.0,135.94915312499998,3.839585e-08
125.55,0.0,135.948903125,3.8011933333333344e-08
125.55,0.0,135.94865312499996,3.73045e-08
125.55,0.0,135.94840312499997,3.799875e-08
125.55,0.0,135.94815312499998,3.849155e-08
125.55,0.0,135.94790312499998,3.815255e-08
125.55,0.0,135.94765312499996,3.82207e-08
125.55,0.0,135.94740312499997,3.8466e-08
125.55,0.0,135.94715312499997,3.829535e-08
125.55,0.0,135.94690312499998,3.807275e-08
125.55,0.0,135.94665312499998,3.866225e-08
125.55,0.0,135.94640312499996,3.815e-08
125.55,0.0,135.94615312499997,3.92582e-08
125.55,0.0,135.94590312499997,3.85875e-08
125.55,0.0,135.94565312499998,3.88787e-08
125.55,0.0,135.94540312499998,3.86051e-08
125.55,0.0,135.94515312499996,3.853965e-08
125.55,0.0,135.94490312499997,3.863625e-08
125.55,0.0,135.94465312499997,3.83776e-08
125.55,0.0,135.94440312499998,3.861983333333333e-08
125.55,0.0,135.94415312499999,3.8594e-08
125.55,0.0,135.94390312499996,3.789655e-08
125.55,0.0,135.94365312499997,3.76199e-08
125.55,0.0,135.94340312499997,3.8245050000000005e-08
125.55,0.0,135.94315312499998,3.781145e-08
125.55,0.0,135.942903125,3.76446e-08
125.55,0.0,135.94265312499996,3.8345e-08
125.55,0.0,135.94240312499997,3.79007e-08
125.55,0.0,135.94215312499998,3.78248e-08
125.55,0.0,135.94190312499998,3.73702e-08
125.55,0.0,135.94165312499996,3.859205e-08
125.55,0.0,135.94140312499997,3.77669e-08
125.55,0.0,135.94115312499997,3.81588e-08
125.55,0.0,135.94090312499998,3.863995e-08
125.55,0.0,135.94065312499998,3.87208e-08
125.55,0.0,135.94040312499996,3.823985e-08
125.55,0.0,135.94015312499997,3.774745e-08
125.55,0.0,135.93990312499997,3.777085e-08
125.55,0.0,135.93965312499998,3.784645e-08
125.55,0.0,135.93940312499998,3.87096e-08
125.55,0.0,135.93915312499996,3.842865e-08
125.55,0.0,135.93890312499997,3.780495e-08
125.55,0.0,135.93865312499997,3.74688e-08
125.55,0.0,135.93840312499998,3.800665000000001e-08
125.55,0.0,135.93815312499999,3.74849e-08
125.55,0.0,135.93790312499996,3.819745e-08
125.55,0.0,135.93765312499997,3.78588e-08
125.55,0.0,135.93740312499997,3.77368e-08
125.55,0.0,135.93715312499998,3.75928e-08
125.55,0.0,135.936903125,3.76496e-08
125.55,0.0,135.93665312499996,3.80137e-08
125.55,0.0,135.93640312499997,3.7693e-08
125.55,0.0,135.93615312499998,3.75469e-08
125.55,0.0,135.93590312499998,3.820695e-08
125.55,0.0,135.93565312499996,3.792135e-08
125.55,0.0,135.93540312499997,3.76831e-08
125.55,0.0,135.93515312499997,3.795745000000001e-08
125.55,0.0,135.93490312499998,3.75836e-08
125.55,0.0,135.93465312499998,3.744835e-08
125.55,0.0,135.93440312499996,3.730575e-08
125.55,0.0,135.93415312499997,3.767075e-08
125.55,0.0,135.93390312499997,3.78398e-08
125.55,0.0,135.93365312499998,3.7446300000000006e-08
125.55,0.0,135.93340312499998,3.72544e-08
125.55,0.0,135.93315312499996,3.667485e-08
125.55,0.0,135.93290312499997,3.710615e-08
125.55,0.0,135.93265312499997,3.687525e-08
125.55,0.0,135.93240312499998,3.705825e-08
125.55,0.0,135.93215312499999,3.7654450000000005e-08
125.55,0.0,135.93190312499996,3.82483e-08
125.55,0.0,135.93165312499997,3.7424e-08
125.55,0.0,135.93140312499997,3.74984e-08
125.55,0.0,135.93115312499998,3.71659e-08
125.55,0.0,135.930903125,3.75054e-08
125.55,0.0,135.93065312499996,3.7944e-08
125.55,0.0,135.93040312499997,3.78923e-08
125.55,0.0,135.93015312499998,3.69909e-08
125.55,0.0,135.92990312499998,3.75476e-08
125.55,0.0,135.92965312499996,3.7724300000000004e-08
125.55,0.0,135.92940312499996,3.685915e-08
125.55,0.0,135.92915312499997,3.694305e-08
125.55,0.0,135.92890312499998,3.648265e-08
125.55,0.0,135.92865312499998,3.6970200000000004e-08
125.55,0.0,135.92840312499996,3.69419e-08
125.55,0.0,135.92815312499997,3.735275e-08
125.55,0.0,135.92790312499997,3.67692e-08
125.55,0.0,135.92765312499998,3.722685e-08
125.55,0.0,135.92740312499998,3.69696e-08
125.55,0.0,135.92715312499996,3.660635e-08
125.55,0.0,135.92690312499997,3.64416e-08
125.55,0.0,135.92665312499997,3.68129e-08
125.55,0.0,135.92640312499998,3.706966666666666e-08
125.55,0.0,135.92615312499998,3.7357400000000003e-08
125.55,0.0,135.92590312499996,3.71619e-08
125.55,0.0,135.92565312499997,3.701715e-08
125.55,0.0,135.92540312499997,3.71032e-08
125.55,0.0,135.92515312499998,3.696865e-08
125.55,0.0,135.924903125,3.67914e-08
125.55,0.0,135.92465312499996,3.70333e-08
125.55,0.0,135.92440312499997,3.66242e-08
125.55,0.0,135.92415312499998,3.6248700000000006e-08
125.55,0.0,135.92390312499998,3.62701e-08
125.55,0.0,135.923653125,3.659955e-08
125.55,0.0,135.92340312499996,3.667485e-08
125.55,0.0,135.92315312499997,3.691255e-08
125.55,0.0,135.92290312499998,3.78214e-08
125.55,0.0,135.92265312499998,3.780885e-08
125.55,0.0,135.92240312499996,3.616215000000001e-08
125.55,0.0,135.92215312499997,3.68759e-08
125.55,0.0,135.92190312499997,3.70614e-08
125.55,0.0,135.92165312499998,3.66359e-08
125.55,0.0,135.92140312499998,3.66137e-08
125.55,0.0,135.92115312499996,3.574845e-08
125.55,0.0,135.92090312499997,3.62182e-08
125.55,0.0,135.92065312499997,3.635055e-08
125.55,0.0,135.92040312499998,3.625445e-08
125.55,0.0,135.92015312499998,3.74401e-08
125.55,0.0,135.91990312499996,3.62259e-08
125.55,0.0,135.91965312499997,3.626623333333333e-08
125.55,0.0,135.91940312499997,3.64641e-08
125.55,0.0,135.91915312499998,3.62822e-08
125.55,0.0,135.91890312499999,3.62967e-08
125.55,0.0,135.91865312499996,3.632905e-08
125.55,0.0,135.91840312499997,3.73015e-08
125.55,0.0,135.91815312499998,3.645555e-08
125.55,0.0,135.91790312499998,3.69381e-08
125.55,0.0,135.917653125,3.6706600000000004e-08
125.55,0.0,135.91740312499996,3.6259e-08
125.55,0.0,135.91715312499997,3.638425e-08
125.55,0.0,135.91690312499998,3.662455e-08
125.55,0.0,135.91665312499998,3.658245e-08
125.55,0.0,135.91640312499996,3.63905e-08
125.55,0.0,135.91615312499997,3.59406e-08
125.55,0.0,135.91590312499997,3.638375e-08
125.55,0.0,135.91565312499998,3.66999e-08
125.55,0.0,135.91540312499998,3.6736500000000006e-08
125.55,0.0,135.91515312499996,3.66277e-08
125.55,0.0,135.91490312499997,3.66417e-08
125.55,0.0,135.91465312499997,3.584595e-08
125.55,0.0,135.91440312499998,3.624735e-08
125.55,0.0,135.91415312499998,3.68008e-08
125.55,0.0,135.91390312499996,3.666995e-08
125.55,0.0,135.91365312499997,3.65167e-08
125.55,0.0,135.91340312499997,3.54631e-08
125.55,0.0,135.91315312499998,3.596405e-08
125.55,0.0,135.91290312499999,3.629715e-08
125.55,0.0,135.91265312499996,3.626055e-08
125.55,0.0,135.91240312499997,3.66663e-08
125.55,0.0,135.91215312499997,3.62559e-08
125.55,0.0,135.91190312499998,3.681105e-08
125.55,0.0,135.911653125,3.60539e-08
125.55,0.0,135.91140312499996,3.63542e-08
125.55,0.0,135.91115312499997,3.57919e-08
125.55,0.0,135.91090312499998,3.626693333333333e-08
125.55,0.0,135.91065312499998,3.673645e-08
125.55,0.0,135.91040312499996,3.65352e-08
125.55,0.0,135.91015312499997,3.49189e-08
125.55,0.0,135.90990312499997,3.68661e-08
125.55,0.0,135.90965312499998,3.63883e-08
125.55,0.0,135.90940312499998,3.6364e-08
125.55,0.0,135.90915312499996,3.52198e-08
125.55,0.0,135.90890312499997,3.646235e-08
125.55,0.0,135.90865312499997,3.59252e-08
125.55,0.0,135.90840312499998,3.586685e-08
125.55,0.0,135.90815312499998,3.583005e-08
125.55,0.0,135.90790312499996,3.568585e-08
125.55,0.0,135.90765312499997,3.652405e-08
125.55,0.0,135.90740312499997,3.62669e-08
125.55,0.0,135.90715312499998,3.58361e-08
125.55,0.0,135.90690312499999,3.656435e-08
125.55,0.0,135.90665312499996,3.55071e-08
125.55,0.0,135.90640312499997,3.625275e-08
125.55,0.0,135.90615312499997,3.6863150000000005e-08
125.55,0.0,135.90590312499998,3.62365e-08
125.55,0.0,135.905653125,3.626705e-08
125.55,0.0,135.90540312499996,3.635805e-08
125.55,0.0,135.90515312499997,3.68627e-08
125.55,0.0,135.90490312499998,3.755765e-08
125.55,0.0,135.90465312499998,3.63239e-08
125.55,0.0,135.90440312499996,3.60094e-08
125.55,0.0,135.90415312499997,3.57617e-08
125.55,0.0,135.90390312499997,3.64428e-08
125.55,0.0,135.90365312499998,3.67724e-08
125.55,0.0,135.90340312499998,3.61965e-08
125.55,0.0,135.90315312499996,3.62132e-08
125.55,0.0,135.90290312499997,3.61859e-08
125.55,0.0,135.90265312499997,3.636235e-08
125.55,0.0,135.90240312499998,3.64776e-08
125.55,0.0,135.90215312499998,3.65199e-08
125.55,0.0,135.90190312499996,3.6385350000000004e-08
125.55,0.0,135.90165312499997,3.68118e-08
125.55,0.0,135.90140312499997,3.61841e-08
125.55,0.0,135.90115312499998,3.632645e-08
125.55,0.0,135.90090312499999,3.667355e-08
125.55,0.0,135.90065312499996,3.666905000000001e-08
125.55,0.0,135.90040312499997,3.649175e-08
125.55,0.0,135.90015312499997,3.70827e-08
125.55,0.0,135.89990312499998,3.633125e-08
125.55,0.0,135.899653125,3.6720950000000006e-08
125.55,0.0,135.89940312499996,3.646635e-08
125.55,0.0,135.89915312499997,3.70112e-08
125.55,0.0,135.89890312499998,3.621775e-08
125.55,0.0,135.89865312499998,3.6412550000000005e-08
125.55,0.0,135.89840312499996,3.57071e-08
125.55,0.0,135.89815312499996,3.684765e-08
125.55,0.0,135.89790312499997,3.62873e-08
125.55,0.0,135.89765312499998,3.60931e-08
125.55,0.0,135.89740312499998,3.642955e-08
125.55,0.0,135.89715312499996,3.5852900000000005e-08
125.55,0.0,135.89690312499997,3.6163350000000003e-08
125.55,0.0,135.89665312499997,3.583135e-08
125.55,0.0,135.89640312499998,3.57601e-08
125.55,0.0,135.89615312499998,3.605995e-08
125.55,0.0,135.89590312499996,3.5835e-08
125.55,0.0,135.89565312499997,3.603675e-08
125.55,0.0,135.89540312499997,3.64323e-08
125.55,0.0,135.89515312499998,3.670185000000001e-08
125.55,0.0,135.89490312499998,3.624895e-08
125.55,0.0,135.89465312499996,3.59893e-08
125.55,0.0,135.89440312499997,3.56861e-08
125.55,0.0,135.89415312499997,3.640435e-08
125.55,0.0,135.89390312499998,3.6053e-08
125.55,0.0,135.893653125,3.51988e-08
125.55,0.0,135.89340312499996,3.60126e-08
125.55,0.0,135.89315312499997,3.59359e-08
125.55,0.0,135.89290312499998,3.601395e-08
125.55,0.0,135.89265312499998,3.5468e-08
125.55,0.0,135.892403125,3.590285e-08
125.55,0.0,135.89215312499996,3.57714e-08
125.55,0.0,135.89190312499997,3.57773e-08
125.55,0.0,135.89165312499998,3.61706e-08
125.55,0.0,135.89140312499998,3.57108e-08
125.55,0.0,135.89115312499996,3.548055e-08
125.55,0.0,135.89090312499997,3.5218000000000005e-08
125.55,0.0,135.89065312499997,3.623685e-08
125.55,0.0,135.89040312499998,3.5924750000000005e-08
125.55,0.0,135.89015312499998,3.57919e-08
125.55,0.0,135.88990312499996,3.549915e-08
125.55,0.0,135.88965312499997,3.5513400000000004e-08
125.55,0.0,135.88940312499997,3.61814e-08
125.55,0.0,135.88915312499998,3.592795e-08
125.55,0.0,135.88890312499998,3.54585e-08
125.55,0.0,135.88865312499996,3.57437e-08
125.55,0.0,135.88840312499997,3.603885e-08
125.55,0.0,135.88815312499997,3.586095e-08
125.55,0.0,135.88790312499998,3.610055e-08
125.55,0.0,135.88765312499999,3.56898e-08
125.55,0.0,135.88740312499996,3.54605e-08
125.55,0.0,135.88715312499997,3.61007e-08
125.55,0.0,135.88690312499998,3.61341e-08
125.55,0.0,135.88665312499998,3.61615e-08
125.55,0.0,135.886403125,3.55897e-08
125.55,0.0,135.88615312499996,3.546e-08
125.55,0.0,135.88590312499997,3.580139999999999e-08
125.55,0.0,135.88565312499998,3.5755350000000004e-08
125.55,0.0,135.88540312499998,3.59164e-08
125.55,0.0,135.88515312499996,3.558145e-08
125.55,0.0,135.88490312499997,3.605675e-08
125.55,0.0,135.88465312499997,3.57167e-08
125.55,0.0,135.88440312499998,3.56906e-08
125.55,0.0,135.88415312499998,3.58221e-08
125.55,0.0,135.88390312499996,3.600815e-08
125.55,0.0,135.88365312499997,3.56296e-08
125.55,0.0,135.88340312499997,3.58853e-08
125.55,0.0,135.88315312499998,3.5670800000000005e-08
125.55,0.0,135.88290312499998,3.6254650000000004e-08
125.55,0.0,135.88265312499996,3.58429e-08
125.55,0.0,135.88240312499997,3.5797e-08
125.55,0.0,135.88215312499997,3.589595e-08
125.55,0.0,135.88190312499998,3.59551e-08
125.55,0.0,135.88165312499999,3.56049e-08
125.55,0.0,135.88140312499996,3.588355e-08
125.55,0.0,135.88115312499997,3.519655e-08
125.55,0.0,135.88090312499997,3.56499e-08
125.55,0.0,135.88065312499998,3.5483e-08
125.55,0.0,135.880403125,3.56724e-08
125.55,0.0,135.88015312499996,3.54927e-08
125.55,0.0,135.87990312499997,3.5271950000000004e-08
125.55,0.0,135.87965312499998,3.547405e-08
125.55,0.0,135.87940312499998,3.54839e-08
125.55,0.0,135.87915312499996,3.566215e-08
125.55,0.0,135.87890312499997,3.51762e-08
125.55,0.0,135.87865312499997,3.52594e-08
125.55,0.0,135.87840312499998,3.53455e-08
125.55,0.0,135.87815312499998,3.55908e-08
125.55,0.0,135.87790312499996,3.54687e-08
125.55,0.0,135.87765312499997,3.53183e-08
125.55,0.0,135.87740312499997,3.5285e-08
125.55,0.0,135.87715312499998,3.5400950000000004e-08
125.55,0.0,135.87690312499998,3.5420133333333334e-08
125.55,0.0,135.87665312499996,3.57375e-08
125.55,0.0,135.87640312499997,3.5108450000000004e-08
125.55,0.0,135.87615312499997,3.565035e-08
125.55,0.0,135.87590312499998,3.48941e-08
125.55,0.0,135.87565312499999,3.48935e-08
125.55,0.0,135.87540312499996,3.50089e-08
125.55,0.0,135.87515312499997,3.55639e-08
125.55,0.0,135.87490312499997,3.550175e-08
125.55,0.0,135.87465312499998,3.496865e-08
125.55,0.0,135.874403125,3.55056e-08
125.55,0.0,135.87415312499996,3.53458e-08
125.55,0.0,135.87390312499997,3.4947150000000003e-08
125.55,0.0,135.87365312499998,3.6006e-08
125.55,0.0,135.87340312499998,3.51875e-08
125.55,0.0,135.87315312499996,3.518185e-08
125.55,0.0,135.87290312499997,3.501585e-08
125.55,0.0,135.87265312499997,3.488765e-08
125.55,0.0,135.87240312499998,3.48397e-08
125.55,0.0,135.87215312499998,3.44699e-08
125.55,0.0,135.87190312499996,3.542815e-08
125.55,0.0,135.87165312499997,3.47897e-08
125.55,0.0,135.87140312499997,3.521065e-08
125.55,0.0,135.87115312499998,3.51111e-08
125.55,0.0,135.87090312499998,3.41358e-08
125.55,0.0,135.87065312499996,3.53375e-08
125.55,0.0,135.87040312499997,3.59279e-08
125.55,0.0,135.87015312499997,3.5034700000000006e-08
125.55,0.0,135.86990312499998,3.4826266666666674e-08
125.55,0.0,135.86965312499999,3.50934e-08
125.55,0.0,135.86940312499996,3.5486500000000005e-08
125.55,0.0,135.86915312499997,3.523765e-08
125.55,0.0,135.86890312499997,3.515785e-08
125.55,0.0,135.86865312499998,3.51934e-08
125.55,0.0,135.868403125,3.48345e-08
125.55,0.0,135.86815312499996,3.502435e-08
125.55,0.0,135.86790312499997,3.54105e-08
125.55,0.0,135.86765312499998,3.45107e-08
125.55,0.0,135.86740312499998,3.54498e-08
125.55,0.0,135.86715312499996,3.50845e-08
125.55,0.0,135.86690312499996,3.518965e-08
125.55,0.0,135.86665312499997,3.50275e-08
125.55,0.0,135.86640312499998,3.508125e-08
125.55,0.0,135.86615312499998,3.565395e-08
125.55,0.0,135.86590312499996,3.5725699999999995e-08
125.55,0.0,135.86565312499997,3.52031e-08
125.55,0.0,135.86540312499997,3.55504e-08
125.55,0.0,135.86515312499998,3.5655750000000005e-08
125.55,0.0,135.86490312499998,3.505235e-08
125.55,0.0,135.86465312499996,3.55562e-08
125.55,0.0,135.86440312499997,3.616575e-08
125.55,0.0,135.86415312499997,3.56382e-08
125.55,0.0,135.86390312499998,3.561655e-08
125.55,0.0,135.86365312499998,3.54006e-08
125.55,0.0,135.86340312499996,3.5851200000000005e-08
125.55,0.0,135.86315312499997,3.466535e-08
125.55,0.0,135.86290312499997,3.495785e-08
125.55,0.0,135.86265312499998,3.506865e-08
125.55,0.0,135.862403125,3.485135e-08
125.55,0.0,135.86215312499996,3.52032e-08
125.55,0.0,135.86190312499997,3.530405e-08
125.55,0.0,135.86165312499998,3.5038e-08
125.55,0.0,135.86140312499998,3.499445e-08
125.55,0.0,135.861153125,3.5037600000000004e-08
125.55,0.0,135.86090312499996,3.51963e-08
125.55,0.0,135.86065312499997,3.59164e-08
125.55,0.0,135.86040312499998,3.5381850000000004e-08
125.55,0.0,135.86015312499998,3.551245e-08
125.55,0.0,135.85990312499996,3.54542e-08
125.55,0.0,135.85965312499997,3.51541e-08
125.55,0.0,135.85940312499997,3.51226e-08
125.55,0.0,135.85915312499998,3.57776e-08
125.55,0.0,135.85890312499998,3.53186e-08
125.55,0.0,135.85865312499996,3.52397e-08
125.55,0.0,135.85840312499997,3.4816250000000006e-08
125.55,0.0,135.85815312499997,3.5259600000000004e-08
125.55,0.0,135.85790312499998,3.51243e-08
125.55,0.0,135.85765312499998,3.48188e-08
125.55,0.0,135.85740312499996,3.481935e-08
125.55,0.0,135.85715312499997,3.5038049999999995e-08
125.55,0.0,135.85690312499997,3.516925e-08
125.55,0.0,135.85665312499998,3.541475e-08
125.55,0.0,135.85640312499999,3.49585e-08
125.55,0.0,135.85615312499996,3.577595e-08
125.55,0.0,135.85590312499997,3.50566e-08
125.55,0.0,135.85565312499998,3.5752450000000006e-08
125.55,0.0,135.85540312499998,3.564115e-08
125.55,0.0,135.855153125,3.567785e-08
125.55,0.0,135.85490312499996,3.55797e-08
125.55,0.0,135.85465312499997,3.550555e-08
125.55,0.0,135.85440312499998,3.5249200000000004e-08
125.55,0.0,135.85415312499998,3.514245e-08
125.55,0.0,135.85390312499996,3.51611e-08
125.55,0.0,135.85365312499997,3.56584e-08
125.55,0.0,135.85340312499997,3.512815e-08
125.55,0.0,135.85315312499998,3.5484949999999994e-08
125.55,0.0,135.85290312499998,3.63276e-08
125.55,0.0,135.85265312499996,3.49625e-08
125.55,0.0,135.85240312499997,3.4984000000000004e-08
125.55,0.0,135.85215312499997,3.521035e-08
125.55,0.0,135.85190312499998,3.58877e-08
125.55,0.0,135.85165312499998,3.523885e-08
125.55,0.0,135.85140312499996,3.521755e-08
125.55,0.0,135.85115312499997,3.5836850000000004e-08
125.55,0.0,135.85090312499997,3.53328e-08
125.55,0.0,135.85065312499998,3.5558200000000004e-08
125.55,0.0,135.85040312499999,3.500055e-08
125.55,0.0,135.85015312499996,3.53652e-08
125.55,0.0,135.84990312499997,3.53143e-08
125.55,0.0,135.84965312499997,3.609385e-08
125.55,0.0,135.84940312499998,3.56133e-08
125.55,0.0,135.849153125,3.587125e-08
125.55,0.0,135.84890312499996,3.51837e-08
125.55,0.0,135.84865312499997,3.49264e-08
125.55,0.0,135.84840312499998,3.500045e-08
125.55,0.0,135.84815312499998,3.529935e-08
125.55,0.0,135.84790312499996,3.52399e-08
125.55,0.0,135.84765312499997,3.48963e-08
125.55,0.0,135.84740312499997,3.527475e-08
125.55,0.0,135.84715312499998,3.54273e-08
125.55,0.0,135.84690312499998,3.55716e-08
125.55,0.0,135.84665312499996,3.5259950000000003e-08
125.55,0.0,135.84640312499997,3.5672000000000003e-08
125.55,0.0,135.84615312499997,3.5625500000000004e-08
125.55,0.0,135.84590312499998,3.57297e-08
125.55,0.0,135.84565312499998,3.57352e-08
125.55,0.0,135.84540312499996,3.5534700000000004e-08
125.55,0.0,135.84515312499997,3.597075e-08
125.55,0.0,135.84490312499997,3.54174e-08
125.55,0.0,135.84465312499998,3.63195e-08
125.55,0.0,135.84440312499999,3.5668450000000003e-08
125.55,0.0,135.84415312499996,3.5230000000000005e-08
125.55,0.0,135.84390312499997,3.53581e-08
125.55,0.0,135.84365312499997,3.557705e-08
125.55,0.0,135.84340312499998,3.552655e-08
125.55,0.0,135.843153125,3.528235e-08
125.55,0.0,135.84290312499996,3.535525e-08
125.55,0.0,135.84265312499997,3.507625e-08
125.55,0.0,135.84240312499998,3.53568e-08
125.55,0.0,135.84215312499998,3.55851e-08
125.55,0.0,135.84190312499996,3.5539549999999995e-08
125.55,0.0,135.84165312499997,3.51116e-08
125.55,0.0,135.84140312499997,3.597745e-08
125.55,0.0,135.84115312499998,3.5483300000000004e-08
125.55,0.0,135.84090312499998,3.56115e-08
125.55,0.0,135.84065312499996,3.496483333333333e-08
125.55,0.0,135.84040312499997,3.51881e-08
125.55,0.0,135.84015312499997,3.45667e-08
125.55,0.0,135.83990312499998,3.51155e-08
125.55,0.0,135.83965312499998,3.541435e-08
125.55,0.0,135.83940312499996,3.52187e-08
125.55,0.0,135.83915312499997,3.5114e-08
125.55,0.0,135.83890312499997,3.49352e-08
125.55,0.0,135.83865312499998,3.4723966666666674e-08
125.55,0.0,135.83840312499999,3.48534e-08
125.55,0.0,135.83815312499996,3.43984e-08
125.55,0.0,135.83790312499997,3.515265e-08
125.55,0.0,135.83765312499997,3.46474e-08
125.55,0.0,135.83740312499998,3.48608e-08
125.55,0.0,135.837153125,3.4718e-08
125.55,0.0,135.83690312499996,3.48478e-08
125.55,0.0,135.83665312499997,3.447375e-08
125.55,0.0,135.83640312499998,3.456343333333333e-08
125.55,0.0,135.83615312499998,3.51446e-08
125.55,0.0,135.83590312499996,3.492065e-08
125.55,0.0,135.83565312499996,3.48491e-08
125.55,0.0,135.83540312499997,3.437185e-08
125.55,0.0,135.83515312499998,3.51099e-08
125.55,0.0,135.83490312499998,3.479385e-08
125.55,0.0,135.83465312499996,3.432215e-08
125.55,0.0,135.83440312499997,3.49276e-08
125.55,0.0,135.83415312499997,3.46627e-08
125.55,0.0,135.83390312499998,3.46604e-08
125.55,0.0,135.83365312499998,3.4698250000000004e-08
125.55,0.0,135.83340312499996,3.46586e-08
125.55,0.0,135.83315312499997,3.39519e-08
125.55,0.0,135.83290312499997,3.4394250000000004e-08
125.55,0.0,135.83265312499998,3.389665e-08
125.55,0.0,135.83240312499998,3.428505e-08
125.55,0.0,135.83215312499996,3.43635e-08
125.55,0.0,135.83190312499997,3.3826300000000004e-08
125.55,0.0,135.83165312499997,3.414665e-08
125.55,0.0,135.83140312499998,3.44187e-08
125.55,0.0,135.831153125,3.43034e-08
125.55,0.0,135.83090312499996,3.42617e-08
125.55,0.0,135.83065312499997,3.438285e-08
125.55,0.0,135.83040312499998,3.433495e-08
125.55,0.0,135.83015312499998,3.43668e-08
125.55,0.0,135.829903125,3.424815e-08
125.55,0.0,135.82965312499996,3.37709e-08
125.55,0.0,135.82940312499997,3.39958e-08
125.55,0.0,135.82915312499998,3.38028e-08
125.55,0.0,135.82890312499998,3.39527e-08
125.55,0.0,135.82865312499996,3.350385e-08
125.55,0.0,135.82840312499997,3.364955e-08
125.55,0.0,135.82815312499997,3.34189e-08
125.55,0.0,135.82790312499998,3.32461e-08
125.55,0.0,135.82765312499998,3.337545e-08
125.55,0.0,135.82740312499996,3.37307e-08
125.55,0.0,135.82715312499997,3.3579450000000004e-08
125.55,0.0,135.82690312499997,3.382485e-08
125.55,0.0,135.82665312499998,3.37014e-08
125.55,0.0,135.82640312499998,3.327045e-08
125.55,0.0,135.82615312499996,3.34174e-08
125.55,0.0,135.82590312499997,3.275085e-08
125.55,0.0,135.82565312499997,3.351725e-08
125.55,0.0,135.82540312499998,3.35353e-08
125.55,0.0,135.82515312499999,3.31368e-08
125.55,0.0,135.82490312499996,3.3029566666666664e-08
125.55,0.0,135.82465312499997,3.35642e-08
125.55,0.0,135.82440312499998,3.32416e-08
125.55,0.0,135.82415312499998,3.326505e-08
125.55,0.0,135.823903125,3.313715e-08
125.55,0.0,135.82365312499996,3.32116e-08
125.55,0.0,135.82340312499997,3.353485e-08
125.55,0.0,135.82315312499998,3.30234e-08
125.55,0.0,135.82290312499998,3.31212e-08
125.55,0.0,135.82265312499996,3.33095e-08
125.55,0.0,135.82240312499997,3.384915e-08
125.55,0.0,135.82215312499997,3.40725e-08
125.55,0.0,135.82190312499998,3.3407599999999995e-08
125.55,0.0,135.82165312499998,3.341465e-08
125.55,0.0,135.82140312499996,3.54496e-08
125.55,0.0,135.82115312499997,3.3359e-08
125.55,0.0,135.82090312499997,3.370345e-08
125.55,0.0,135.82065312499998,3.3632700000000004e-08
125.55,0.0,135.82040312499998,3.34472e-08
125.55,0.0,135.82015312499996,3.361735e-08
125.55,0.0,135.81990312499997,3.32e-08
125.55,0.0,135.81965312499997,3.38198e-08
125.55,0.0,135.81940312499998,3.28497e-08
125.55,0.0,135.81915312499999,3.36762e-08
125.55,0.0,135.81890312499996,3.32022e-08
125.55,0.0,135.81865312499997,3.339305e-08
125.55,0.0,135.81840312499997,3.3219300000000004e-08
125.55,0.0,135.81815312499998,3.28744e-08
125.55,0.0,135.817903125,3.340595e-08
125.55,0.0,135.81765312499996,3.30263e-08
125.55,0.0,135.81740312499997,3.32948e-08
125.55,0.0,135.81715312499998,3.348235e-08
125.55,0.0,135.81690312499998,3.383485e-08
125.55,0.0,135.81665312499996,3.36043e-08
125.55,0.0,135.81640312499997,3.331325e-08
125.55,0.0,135.81615312499997,3.35509e-08
125.55,0.0,135.81590312499998,3.32801e-08
125.55,0.0,135.81565312499998,3.37024e-08
125.55,0.0,135.81540312499996,3.31899e-08
125.55,0.0,135.81515312499997,3.3112e-08
125.55,0.0,135.81490312499997,3.38039e-08
125.55,0.0,135.81465312499998,3.3185650000000004e-08
125.55,0.0,135.81440312499998,3.29221e-08
125.55,0.0,135.81415312499996,3.321095e-08
125.55,0.0,135.81390312499997,3.333505e-08
125.55,0.0,135.81365312499997,3.350376666666666e-08
125.55,0.0,135.81340312499998,3.32271e-08
125.55,0.0,135.81315312499999,3.313085e-08
125.55,0.0,135.81290312499996,3.3245850000000004e-08
125.55,0.0,135.81265312499997,3.355215e-08
125.55,0.0,135.81240312499997,3.36506e-08
125.55,0.0,135.81215312499998,3.33085e-08
125.55,0.0,135.811903125,3.345935e-08
125.55,0.0,135.81165312499996,3.3677000000000004e-08
125.55,0.0,135.81140312499997,3.32287e-08
125.55,0.0,135.81115312499998,3.390985e-08
125.55,0.0,135.81090312499998,3.32887e-08
125.55,0.0,135.81065312499996,3.338965e-08
125.55,0.0,135.81040312499997,3.35692e-08
125.55,0.0,135.81015312499997,3.311535e-08
125.55,0.0,135.80990312499998,3.4178449999999995e-08
125.55,0.0,135.80965312499998,3.38502e-08
125.55,0.0,135.80940312499996,3.36739e-08
125.55,0.0,135.80915312499997,3.361805e-08
125.55,0.0,135.80890312499997,3.34185e-08
125.55,0.0,135.80865312499998,3.358995e-08
125.55,0.0,135.80840312499998,3.31384e-08
125.55,0.0,135.80815312499996,3.3813800000000003e-08
125.55,0.0,135.80790312499997,3.360255e-08
125.55,0.0,135.80765312499997,3.315615e-08
125.55,0.0,135.80740312499998,3.4171e-08
125.55,0.0,135.80715312499999,3.39522e-08
125.55,0.0,135.80690312499996,3.389366666666666e-08
125.55,0.0,135.80665312499997,3.30987e-08
125.55,0.0,135.80640312499997,3.397985e-08
125.55,0.0,135.80615312499998,3.442085e-08
125.55,0.0,135.805903125,3.373815e-08
125.55,0.0,135.80565312499996,3.38618e-08
125.55,0.0,135.80540312499997,3.29666e-08
125.55,0.0,135.80515312499998,3.431255e-08
125.55,0.0,135.80490312499998,3.40269e-08
125.55,0.0,135.80465312499996,3.35926e-08
125.55,0.0,135.80440312499996,3.3755450000000005e-08
125.55,0.0,135.80415312499997,3.388775e-08
125.55,0.0,135.80390312499998,3.39383e-08
125.55,0.0,135.80365312499998,3.41254e-08
125.55,0.0,135.80340312499996,3.42844e-08
125.55,0.0,135.80315312499997,3.3947999999999994e-08
125.55,0.0,135.80290312499997,3.39645e-08
125.55,0.0,135.80265312499998,3.375125e-08
125.55,0.0,135.80240312499998,3.394555e-08
125.55,0.0,135.80215312499996,3.448035e-08
125.55,0.0,135.80190312499997,3.368155e-08
125.55,0.0,135.80165312499997,3.34481e-08
125.55,0.0,135.80140312499998,3.33794e-08
125.55,0.0,135.80115312499998,3.329215e-08
125.55,0.0,135.80090312499996,3.374475e-08
125.55,0.0,135.80065312499997,3.40571e-08
125.55,0.0,135.80040312499997,3.38043e-08
125.55,0.0,135.80015312499998,3.32776e-08
125.55,0.0,135.799903125,3.37371e-08
125.55,0.0,135.79965312499996,3.28082e-08
125.55,0.0,135.79940312499997,3.385545e-08
125.55,0.0,135.79915312499998,3.34475e-08
125.55,0.0,135.79890312499998,3.39014e-08
125.55,0.0,135.798653125,3.41403e-08
125.55,0.0,135.79840312499996,3.3558099999999994e-08
125.55,0.0,135.79815312499997,3.3240549999999995e-08
125.55,0.0,135.79790312499998,3.3699e-08
125.55,0.0,135.79765312499998,3.35693e-08
125.55,0.0,135.79740312499996,3.357085e-08
125.55,0.0,135.79715312499997,3.34206e-08
125.55,0.0,135.79690312499997,3.334465e-08
125.55,0.0,135.79665312499998,3.41432e-08
125.55,0.0,135.79640312499998,3.3487300000000004e-08
125.55,0.0,135.79615312499996,3.38089e-08
125.55,0.0,135.79590312499997,3.36662e-08
125.55,0.0,135.79565312499997,3.384555e-08
125.55,0.0,135.79540312499998,3.350545e-08
125.55,0.0,135.79515312499998,3.35252e-08
125.55,0.0,135.79490312499996,3.382525e-08
125.55,0.0,135.79465312499997,3.40434e-08
125.55,0.0,135.79440312499997,3.3363350000000005e-08
125.55,0.0,135.79415312499998,3.3590049999999994e-08
125.55,0.0,135.79390312499999,3.343625e-08
125.55,0.0,135.79365312499996,3.389065e-08
125.55,0.0,135.79340312499997,3.3635750000000004e-08
125.55,0.0,135.79315312499998,3.37934e-08
125.55,0.0,135.79290312499998,3.390945e-08
125.55,0.0,135.792653125,3.3534e-08
125.55,0.0,135.79240312499996,3.3749149999999995e-08
125.55,0.0,135.79215312499997,3.34167e-08
125.55,0.0,135.79190312499998,3.4546750000000005e-08
125.55,0.0,135.79165312499998,3.37947e-08
125.55,0.0,135.79140312499996,3.38712e-08
125.55,0.0,135.79115312499997,3.347735e-08
125.55,0.0,135.79090312499997,3.37269e-08
125.55,0.0,135.79065312499998,3.32557e-08
125.55,0.0,135.79040312499998,3.352595e-08
125.55,0.0,135.79015312499996,3.3353e-08
125.55,0.0,135.78990312499997,3.35816e-08
125.55,0.0,135.78965312499997,3.33692e-08
125.55,0.0,135.78940312499998,3.361245e-08
125.55,0.0,135.78915312499998,3.3556250000000006e-08
125.55,0.0,135.78890312499996,3.382905e-08
125.55,0.0,135.78865312499997,3.330955e-08
125.55,0.0,135.78840312499997,3.3548650000000006e-08
125.55,0.0,135.78815312499998,3.329815e-08
125.55,0.0,135.78790312499999,3.30377e-08
125.55,0.0,135.78765312499996,3.34091e-08
125.55,0.0,135.78740312499997,3.38049e-08
125.55,0.0,135.78715312499997,3.359405e-08
125.55,0.0,135.78690312499998,3.307565e-08
125.55,0.0,135.786653125,3.26154e-08
125.55,0.0,135.78640312499996,3.359945e-08
125.55,0.0,135.78615312499997,3.321105e-08
125.55,0.0,135.78590312499998,3.43179e-08
125.55,0.0,135.78565312499998,3.317255e-08
125.55,0.0,135.78540312499996,3.3854700000000005e-08
125.55,0.0,135.78515312499997,3.36647e-08
125.55,0.0,135.78490312499997,3.34755e-08
125.55,0.0,135.78465312499998,3.35857e-08
125.55,0.0,135.78440312499998,3.336375e-08
125.55,0.0,135.78415312499996,3.3294e-08
125.55,0.0,135.78390312499997,3.30058e-08
125.55,0.0,135.78365312499997,3.347685e-08
125.55,0.0,135.78340312499998,3.38525e-08
125.55,0.0,135.78315312499998,3.31545e-08
125.55,0.0,135.78290312499996,3.35535e-08
125.55,0.0,135.78265312499997,3.330675e-08
125.55,0.0,135.78240312499997,3.30391e-08
125.55,0.0,135.78215312499998,3.306195e-08
125.55,0.0,135.78190312499999,3.346045e-08
125.55,0.0,135.78165312499996,3.298045e-08
125.55,0.0,135.78140312499997,3.2674299999999995e-08
125.55,0.0,135.78115312499997,3.335955e-08
125.55,0.0,135.78090312499998,3.29403e-08
125.55,0.0,135.780653125,3.321345e-08
125.55,0.0,135.78040312499996,3.322595e-08
125.55,0.0,135.78015312499997,3.355495e-08
125.55,0.0,135.77990312499998,3.295565e-08
125.55,0.0,135.77965312499998,3.29099e-08
125.55,0.0,135.77940312499996,3.35843e-08
125.55,0.0,135.77915312499997,3.3489800000000007e-08
125.55,0.0,135.77890312499997,3.35042e-08
125.55,0.0,135.77865312499998,3.292065e-08
125.55,0.0,135.77840312499998,3.302865e-08
125.55,0.0,135.77815312499996,3.31898e-08
125.55,0.0,135.77790312499997,3.3010300000000005e-08
125.55,0.0,135.77765312499997,3.323055e-08
125.55,0.0,135.77740312499998,3.34943e-08
125.55,0.0,135.77715312499998,3.267775e-08
125.55,0.0,135.77690312499996,3.30287e-08
125.55,0.0,135.77665312499997,3.282605e-08
125.55,0.0,135.77640312499997,3.261645e-08
125.55,0.0,135.77615312499998,3.2685799999999995e-08
125.55,0.0,135.77590312499999,3.24654e-08
125.55,0.0,135.77565312499996,3.322075e-08
125.55,0.0,135.77540312499997,3.243355e-08
125.55,0.0,135.77515312499997,3.274855e-08
125.55,0.0,135.77490312499998,3.26833e-08
125.55,0.0,135.774653125,3.25474e-08
125.55,0.0,135.77440312499996,3.27236e-08
125.55,0.0,135.77415312499997,3.23237e-08
125.55,0.0,135.77390312499998,3.29788e-08
125.55,0.0,135.77365312499998,3.255505e-08
125.55,0.0,135.77340312499996,3.239695e-08
125.55,0.0,135.77315312499996,3.22972e-08
125.55,0.0,135.77290312499997,3.21897e-08
125.55,0.0,135.77265312499998,3.2322949999999995e-08
125.55,0.0,135.77240312499998,3.2009e-08
125.55,0.0,135.77215312499996,3.25668e-08
125.55,0.0,135.77190312499997,3.3141e-08
125.55,0.0,135.77165312499997,3.22412e-08
125.55,0.0,135.77140312499998,3.2283100000000004e-08
125.55,0.0,135.77115312499998,3.259175e-08
125.55,0.0,135.77090312499996,3.23534e-08
125.55,0.0,135.77065312499997,3.26537e-08
125.55,0.0,135.77040312499997,3.227445e-08
125.55,0.0,135.77015312499998,3.1861400000000005e-08
125.55,0.0,135.76990312499998,3.19512e-08
125.55,0.0,135.76965312499996,3.212215e-08
125.55,0.0,135.76940312499997,3.19144e-08
125.55,0.0,135.76915312499997,3.247155e-08
125.55,0.0,135.76890312499998,3.2628e-08
125.55,0.0,135.768653125,3.25836e-08
125.55,0.0,135.76840312499996,3.22825e-08
125.55,0.0,135.76815312499997,3.30524e-08
125.55,0.0,135.76790312499998,3.29837e-08
125.55,0.0,135.76765312499998,3.135025e-08
125.55,0.0,135.767403125,3.27547e-08
125.55,0.0,135.76715312499996,3.218945e-08
125.55,0.0,135.76690312499997,3.18827e-08
125.55,0.0,135.76665312499998,3.22046e-08
125.55,0.0,135.76640312499998,3.2253466666666665e-08
125.55,0.0,135.76615312499996,3.23216e-08
125.55,0.0,135.76590312499997,3.23351e-08
125.55,0.0,135.76565312499997,3.2324350000000004e-08
125.55,0.0,135.76540312499998,3.23641e-08
125.55,0.0,135.76515312499998,3.21733e-08
125.55,0.0,135.76490312499996,3.251395e-08
125.55,0.0,135.76465312499997,3.29577e-08
125.55,0.0,135.76440312499997,3.24803e-08
125.55,0.0,135.76415312499998,3.1976200000000005e-08
125.55,0.0,135.76390312499998,3.188535e-08
125.55,0.0,135.76365312499996,3.2381449999999995e-08
125.55,0.0,135.76340312499997,3.222025e-08
125.55,0.0,135.76315312499997,3.35809e-08
125.55,0.0,135.76290312499998,3.25453e-08
125.55,0.0,135.76265312499999,3.2392e-08
125.55,0.0,135.76240312499996,3.25917e-08
125.55,0.0,135.76215312499997,3.16165e-08
125.55,0.0,135.76190312499998,3.24332e-08
125.55,0.0,135.76165312499998,3.239426666666666e-08
125.55,0.0,135.761403125,3.258265e-08
125.55,0.0,135.76115312499996,3.28582e-08
125.55,0.0,135.76090312499997,3.24061e-08
125.55,0.0,135.76065312499998,3.2383e-08
125.55,0.0,135.76040312499998,3.27539e-08
125.55,0.0,135.76015312499996,3.2476e-08
125.55,0.0,135.75990312499997,3.264335e-08
125.55,0.0,135.75965312499997,3.3226033333333335e-08
125.55,0.0,135.75940312499998,3.263745e-08
125.55,0.0,135.75915312499998,3.32636e-08
125.55,0.0,135.75890312499996,3.27712e-08
125.55,0.0,135.75865312499997,3.31048e-08
125.55,0.0,135.75840312499997,3.29248e-08
125.55,0.0,135.75815312499998,3.28447e-08
125.55,0.0,135.75790312499998,3.29001e-08
125.55,0.0,135.75765312499996,3.273425e-08
125.55,0.0,135.75740312499997,3.3073633333333333e-08
125.55,0.0,135.75715312499997,3.39646e-08
125.55,0.0,135.75690312499998,3.324815e-08
125.55,0.0,135.75665312499999,3.323665e-08
125.55,0.0,135.75640312499996,3.3467150000000006e-08
125.55,0.0,135.75615312499997,3.34597e-08
125.55,0.0,135.75590312499997,3.403585e-08
125.55,0.0,135.75565312499998,3.33973e-08
125.55,0.0,135.755403125,3.32525e-08
125.55,0.0,135.75515312499996,3.328985e-08
125.55,0.0,135.75490312499997,3.34364e-08
125.55,0.0,135.75465312499998,3.3778450000000004e-08
125.55,0.0,135.75440312499998,3.3349e-08
125.55,0.0,135.75415312499996,3.25297e-08
125.55,0.0,135.75390312499997,3.321535e-08
125.55,0.0,135.75365312499997,3.3461199999999995e-08
125.55,0.0,135.75340312499998,3.26142e-08
125.55,0.0,135.75315312499998,3.37615e-08
125.55,0.0,135.75290312499996,3.36039e-08
125.55,0.0,135.75265312499997,3.373085e-08
125.55,0.0,135.75240312499997,3.38787e-08
125.55,0.0,135.75215312499998,3.33119e-08
125.55,0.0,135.75190312499998,3.3933500000000004e-08
125.55,0.0,135.75165312499996,3.341775e-08
125.55,0.0,135.75140312499997,3.32923e-08
125.55,0.0,135.75115312499997,3.28658e-08
125.55,0.0,135.75090312499998,3.317555e-08
125.55,0.0,135.75065312499999,3.36071e-08
125.55,0.0,135.75040312499996,3.3411149999999995e-08
125.55,0.0,135.75015312499997,3.34384e-08
125.55,0.0,135.74990312499997,3.317485e-08
125.55,0.0,135.74965312499998,3.32599e-08
125.55,0.0,135.749403125,3.39582e-08
125.55,0.0,135.74915312499996,3.31857e-08
125.55,0.0,135.74890312499997,3.332385e-08
125.55,0.0,135.74865312499998,3.30721e-08
125.55,0.0,135.74840312499998,3.30463e-08
125.55,0.0,135.74815312499996,3.28181e-08
125.55,0.0,135.74790312499997,3.28978e-08
125.55,0.0,135.74765312499997,3.28396e-08
125.55,0.0,135.74740312499998,3.32859e-08
125.55,0.0,135.74715312499998,3.296865e-08
125.55,0.0,135.74690312499996,3.3197099999999995e-08
125.55,0.0,135.74665312499997,3.268485e-08
125.55,0.0,135.74640312499997,3.266425e-08
125.55,0.0,135.74615312499998,3.248665e-08
125.55,0.0,135.74590312499998,3.27395e-08
125.55,0.0,135.74565312499996,3.2896700000000004e-08
125.55,0.0,135.74540312499997,3.25478e-08
125.55,0.0,135.74515312499997,3.25635e-08
125.55,0.0,135.74490312499998,3.251585e-08
125.55,0.0,135.74465312499999,3.337825e-08
125.55,0.0,135.74440312499996,3.21623e-08
125.55,0.0,135.74415312499997,3.17372e-08
125.55,0.0,135.74390312499997,3.281665e-08
125.55,0.0,135.74365312499998,3.272443333333333e-08
125.55,0.0,135.743403125,3.33139e-08
125.55,0.0,135.74315312499996,3.270145e-08
125.55,0.0,135.74290312499997,3.291745e-08
125.55,0.0,135.74265312499998,3.248255e-08
125.55,0.0,135.74240312499998,3.22164e-08
125.55,0.0,135.74215312499996,3.28194e-08
125.55,0.0,135.74190312499996,3.30494e-08
125.55,0.0,135.74165312499997,3.359575e-08
125.55,0.0,135.74140312499998,3.28498e-08
125.55,0.0,135.74115312499998,3.27743e-08
125.55,0.0,135.74090312499996,3.27229e-08
125.55,0.0,135.74065312499997,3.251275e-08
125.55,0.0,135.74040312499997,3.2727e-08
125.55,0.0,135.74015312499998,3.277755e-08
125.55,0.0,135.73990312499998,3.238685e-08
125.55,0.0,135.73965312499996,3.22991e-08
125.55,0.0,135.73940312499997,3.26614e-08
125.55,0.0,135.73915312499997,3.2264150000000005e-08
125.55,0.0,135.73890312499998,3.24442e-08
125.55,0.0,135.73865312499998,3.23381e-08
125.55,0.0,135.73840312499996,3.2481e-08
125.55,0.0,135.73815312499997,3.313265e-08
125.55,0.0,135.73790312499997,3.25302e-08
125.55,0.0,135.73765312499998,3.26993e-08
125.55,0.0,135.737403125,3.22828e-08
125.55,0.0,135.73715312499996,3.213545e-08
125.55,0.0,135.73690312499997,3.22852e-08
125.55,0.0,135.73665312499998,3.274445e-08
125.55,0.0,135.73640312499998,3.1906e-08
125.55,0.0,135.736153125,3.278125e-08
125.55,0.0,135.73590312499996,3.238005e-08
125.55,0.0,135.73565312499997,3.239595e-08
125.55,0.0,135.73540312499998,3.26713e-08
125.55,0.0,135.73515312499998,3.2412e-08
125.55,0.0,135.73490312499996,3.247e-08
125.55,0.0,135.73465312499997,3.19617e-08
125.55,0.0,135.73440312499997,3.21253e-08
125.55,0.0,135.73415312499998,3.233165e-08
125.55,0.0,135.73390312499998,3.2555800000000006e-08
125.55,0.0,135.73365312499996,3.2765650000000005e-08
125.55,0.0,135.73340312499997,3.31951e-08
125.55,0.0,135.73315312499997,3.26382e-08
125.55,0.0,135.73290312499998,3.2593700000000004e-08
125.55,0.0,135.73265312499998,3.2758900000000004e-08
125.55,0.0,135.73240312499996,3.26396e-08
125.55,0.0,135.73215312499997,3.275045e-08
125.55,0.0,135.73190312499997,3.274225e-08
125.55,0.0,135.73165312499998,3.2280400000000004e-08
125.55,0.0,135.73140312499999,3.24077e-08
125.55,0.0,135.73115312499996,3.202285e-08
125.55,0.0,135.73090312499997,3.2613300000000005e-08
125.55,0.0,135.73065312499998,3.28261e-08
125.55,0.0,135.73040312499998,3.29876e-08
125.55,0.0,135.730153125,3.344335e-08
125.55,0.0,135.72990312499996,3.26692e-08
125.55,0.0,135.72965312499997,3.16525e-08
125.55,0.0,135.72940312499998,3.30433e-08
125.55,0.0,135.72915312499998,3.296235e-08
125.55,0.0,135.72890312499996,3.252855e-08
125.55,0.0,135.72865312499997,3.278615e-08
125.55,0.0,135.72840312499997,3.23679e-08
125.55,0.0,135.72815312499998,3.257725e-08
125.55,0.0,135.72790312499998,3.28375e-08
125.55,0.0,135.72765312499996,3.34022e-08
125.55,0.0,135.72740312499997,3.274555e-08
125.55,0.0,135.72715312499997,3.266945e-08
125.55,0.0,135.72690312499998,3.318415e-08
125.55,0.0,135.72665312499998,3.29362e-08
125.55,0.0,135.72640312499996,3.2608750000000004e-08
125.55,0.0,135.72615312499997,3.26389e-08
125.55,0.0,135.72590312499997,3.2744833333333335e-08
125.55,0.0,135.72565312499998,3.30584e-08
125.55,0.0,135.72540312499999,3.27249e-08
125.55,0.0,135.72515312499996,3.2488999999999994e-08
125.55,0.0,135.72490312499997,3.2513900000000004e-08
125.55,0.0,135.72465312499997,3.2071e-08
125.55,0.0,135.72440312499998,3.200345e-08
125.55,0.0,135.724153125,3.2256e-08
125.55,0.0,135.72390312499996,3.27253e-08
125.55,0.0,135.72365312499997,3.286205e-08
125.55,0.0,135.72340312499998,3.284585e-08
125.55,0.0,135.72315312499998,3.30247e-08
125.55,0.0,135.72290312499996,3.26471e-08
125.55,0.0,135.72265312499997,3.30169e-08
125.55,0.0,135.72240312499997,3.257805e-08
125.55,0.0,135.72215312499998,3.262395e-08
125.55,0.0,135.72190312499998,3.20086e-08
125.55,0.0,135.72165312499996,3.29935e-08
125.55,0.0,135.72140312499997,3.25187e-08
125.55,0.0,135.72115312499997,3.2702e-08
125.55,0.0,135.72090312499998,3.241005e-08
125.55,0.0,135.72065312499998,3.22766e-08
125.55,0.0,135.72040312499996,3.2835800000000006e-08
125.55,0.0,135.72015312499997,3.2667750000000005e-08
125.55,0.0,135.71990312499997,3.24969e-08
125.55,0.0,135.71965312499998,3.25373e-08
125.55,0.0,135.71940312499999,3.2763e-08
125.55,0.0,135.71915312499996,3.258715e-08
125.55,0.0,135.71890312499997,3.2386533333333336e-08
125.55,0.0,135.71865312499997,3.47725e-08
125.55,0.0,135.71840312499998,3.254405e-08
125.55,0.0,135.718153125,3.255145e-08
125.55,0.0,135.71790312499996,3.2235250000000004e-08
125.55,0.0,135.71765312499997,3.27992e-08
125.55,0.0,135.71740312499998,3.2282e-08
125.55,0.0,135.71715312499998,3.204585e-08
125.55,0.0,135.71690312499996,3.20867e-08
125.55,0.0,135.71665312499997,3.256345e-08
125.55,0.0,135.71640312499997,3.2332249999999995e-08
125.55,0.0,135.71615312499998,3.212285e-08
125.55,0.0,135.71590312499998,3.268725e-08
125.55,0.0,135.71565312499996,3.20441e-08
125.55,0.0,135.71540312499997,3.25741e-08
125.55,0.0,135.71515312499997,3.204595e-08
125.55,0.0,135.71490312499998,3.21261e-08
125.55,0.0,135.71465312499998,3.260915e-08
125.55,0.0,135.71440312499996,3.19675e-08
125.55,0.0,135.71415312499997,3.273125e-08
125.55,0.0,135.71390312499997,3.1911399999999995e-08
125.55,0.0,135.71365312499998,3.17336e-08
125.55,0.0,135.71340312499999,3.105105e-08
125.55,0.0,135.71315312499996,3.1572e-08
125.55,0.0,135.71290312499997,3.15088e-08
125.55,0.0,135.71265312499997,3.24172e-08
125.55,0.0,135.71240312499998,3.17993e-08
125.55,0.0,135.712153125,3.18599e-08
125.55,0.0,135.71190312499996,3.23681e-08
125.55,0.0,135.71165312499997,3.2143899999999994e-08
125.55,0.0,135.71140312499998,3.2237950000000004e-08
125.55,0.0,135.71115312499998,3.222005e-08
125.55,0.0,135.71090312499996,3.2103700000000004e-08
125.55,0.0,135.71065312499996,3.20951e-08
125.55,0.0,135.71040312499997,3.21349e-08
125.55,0.0,135.71015312499998,3.20295e-08
125.55,0.0,135.70990312499998,3.21827e-08
125.55,0.0,135.70965312499996,3.22252e-08
125.55,0.0,135.70940312499997,3.2458899999999994e-08
125.55,0.0,135.70915312499997,3.22094e-08
125.55,0.0,135.70890312499998,3.23053e-08
125.55,0.0,135.70865312499998,3.2509949999999995e-08
125.55,0.0,135.70840312499996,3.22695e-08
125.55,0.0,135.70815312499997,3.25829e-08
125.55,0.0,135.70790312499997,3.23068e-08
125.55,0.0,135.70765312499998,3.265445e-08
125.55,0.0,135.70740312499998,3.224915e-08
125.55,0.0,135.70715312499996,3.31102e-08
125.55,0.0,135.70690312499997,3.23678e-08
125.55,0.0,135.70665312499997,3.295195e-08
125.55,0.0,135.70640312499998,3.2472800000000005e-08
125.55,0.0,135.706153125,3.2474e-08
125.55,0.0,135.70590312499996,3.296065e-08
125.55,0.0,135.70565312499997,3.28497e-08
125.55,0.0,135.70540312499998,3.24103e-08
125.55,0.0,135.70515312499998,3.2877e-08
125.55,0.0,135.704903125,3.25497e-08
125.55,0.0,135.70465312499996,3.276455e-08
125.55,0.0,135.70440312499997,3.25576e-08
125.55,0.0,135.70415312499998,3.28384e-08
125.55,0.0,135.70390312499998,3.29852e-08
125.55,0.0,135.70365312499996,3.211345e-08
125.55,0.0,135.70340312499997,3.2761049999999994e-08
125.55,0.0,135.70315312499997,3.29066e-08
125.55,0.0,135.70290312499998,3.309225e-08
125.55,0.0,135.70265312499998,3.280425e-08
125.55,0.0,135.70240312499996,3.313345e-08
125.55,0.0,135.70215312499997,3.25355e-08
125.55,0.0,135.70190312499997,3.2146e-08
125.55,0.0,135.70165312499998,3.320875e-08
125.55,0.0,135.70140312499998,3.29181e-08
125.55,0.0,135.70115312499996,3.28589e-08
125.55,0.0,135.70090312499997,3.293585e-08
125.55,0.0,135.70065312499997,3.43137e-08
125.55,0.0,135.70040312499998,3.341925e-08
125.55,0.0,135.70015312499999,3.275925e-08
125.55,0.0,135.69990312499996,3.35329e-08
125.55,0.0,135.69965312499997,3.33302e-08
125.55,0.0,135.69940312499998,3.2496300000000005e-08
125.55,0.0,135.69915312499998,3.256785e-08
125.55,0.0,135.698903125,3.29917e-08
125.55,0.0,135.69865312499996,3.399525e-08
125.55,0.0,135.69840312499997,3.2917099999999995e-08
125.55,0.0,135.69815312499998,3.3177700000000005e-08
125.55,0.0,135.69790312499998,3.33441e-08
125.55,0.0,135.69765312499996,3.27819e-08
125.55,0.0,135.69740312499997,3.34089e-08
125.55,0.0,135.69715312499997,3.302145e-08
125.55,0.0,135.69690312499998,3.317015e-08
125.55,0.0,135.69665312499998,3.2882300000000006e-08
125.55,0.0,135.69640312499996,3.238255e-08
125.55,0.0,135.69615312499997,3.274225e-08
125.55,0.0,135.69590312499997,3.31187e-08
125.55,0.0,135.69565312499998,3.26751e-08
125.55,0.0,135.69540312499998,3.30204e-08
125.55,0.0,135.69515312499996,3.2585250000000004e-08
125.55,0.0,135.69490312499997,3.33262e-08
125.55,0.0,135.69465312499997,3.3138300000000005e-08
125.55,0.0,135.69440312499998,3.31128e-08
125.55,0.0,135.69415312499999,3.345705e-08
125.55,0.0,135.69390312499996,3.25427e-08
125.55,0.0,135.69365312499997,3.215215e-08
125.55,0.0,135.69340312499997,3.2802350000000004e-08
125.55,0.0,135.69315312499998,3.3009800000000005e-08
125.55,0.0,135.692903125,3.30865e-08
125.55,0.0,135.69265312499996,3.31393e-08
125.55,0.0,135.69240312499997,3.3483349999999995e-08
125.55,0.0,135.69215312499998,3.27467e-08
125.55,0.0,135.69190312499998,3.32616e-08
125.55,0.0,135.69165312499996,3.2991499999999995e-08
125.55,0.0,135.69140312499997,3.31776e-08
125.55,0.0,135.69115312499997,3.36898e-08
125.55,0.0,135.69090312499998,3.212685e-08
125.55,0.0,135.69065312499998,3.292755e-08
125.55,0.0,135.69040312499996,3.27426e-08
125.55,0.0,135.69015312499997,3.2733000000000006e-08
125.55,0.0,135.68990312499997,3.338175e-08
125.55,0.0,135.68965312499998,3.299495e-08
125.55,0.0,135.68940312499998,3.314065e-08
125.55,0.0,135.68915312499996,3.29612e-08
125.55,0.0,135.68890312499997,3.3188200000000003e-08
125.55,0.0,135.68865312499997,3.310775e-08
125.55,0.0,135.68840312499998,3.29693e-08
125.55,0.0,135.68815312499999,3.26837e-08
125.55,0.0,135.68790312499996,3.2929500000000004e-08
125.55,0.0,135.68765312499997,3.3571666666666675e-08
125.55,0.0,135.68740312499997,3.297965e-08
125.55,0.0,135.68715312499998,3.15692e-08
125.55,0.0,135.686903125,3.30701e-08
125.55,0.0,135.68665312499996,3.21049e-08
125.55,0.0,135.68640312499997,3.21976e-08
125.55,0.0,135.68615312499998,3.2281e-08
125.55,0.0,135.68590312499998,3.24821e-08
125.55,0.0,135.68565312499996,3.276695e-08
125.55,0.0,135.68540312499997,3.290695e-08
125.55,0.0,135.68515312499997,3.2917300000000006e-08
125.55,0.0,135.68490312499998,3.27359e-08
125.55,0.0,135.68465312499998,3.37415e-08
125.55,0.0,135.68440312499996,3.251065e-08
125.55,0.0,135.68415312499997,3.25581e-08
125.55,0.0,135.68390312499997,3.20822e-08
125.55,0.0,135.68365312499998,3.30117e-08
125.55,0.0,135.68340312499998,3.25761e-08
125.55,0.0,135.68315312499996,3.29629e-08
125.55,0.0,135.68290312499997,3.2859233333333334e-08
125.55,0.0,135.68265312499997,3.300955e-08
125.55,0.0,135.68240312499998,3.27463e-08
125.55,0.0,135.68215312499999,3.26795e-08
125.55,0.0,135.68190312499996,3.30322e-08
125.55,0.0,135.68165312499997,3.296875e-08
125.55,0.0,135.68140312499997,3.215225e-08
125.55,0.0,135.68115312499998,3.24552e-08
125.55,0.0,135.680903125,3.25326e-08
125.55,0.0,135.68065312499996,3.25584e-08
125.55,0.0,135.68040312499997,3.2795000000000003e-08
125.55,0.0,135.68015312499998,3.28682e-08
125.55,0.0,135.67990312499998,3.31464e-08
125.55,0.0,135.67965312499996,3.30902e-08
125.55,0.0,135.67940312499996,3.270345e-08
125.55,0.0,135.67915312499997,3.28208e-08
125.55,0.0,135.67890312499998,3.2975800000000006e-08
125.55,0.0,135.67865312499998,3.275915e-08
125.55,0.0,135.67840312499996,3.30196e-08
125.55,0.0,135.67815312499997,3.28944e-08
125.55,0.0,135.67790312499997,3.242525e-08
125.55,0.0,135.67765312499998,3.3009300000000004e-08
125.55,0.0,135.67740312499998,3.274455e-08
125.55,0.0,135.67715312499996,3.29164e-08
125.55,0.0,135.67690312499997,3.308835e-08
125.55,0.0,135.67665312499997,3.22861e-08
125.55,0.0,135.67640312499998,3.26024e-08
125.55,0.0,135.67615312499998,3.28738e-08
125.55,0.0,135.67590312499996,3.30579e-08
125.55,0.0,135.67565312499997,3.3065e-08
125.55,0.0,135.67540312499997,3.3111199999999995e-08
125.55,0.0,135.67515312499998,3.35239e-08
125.55,0.0,135.674903125,3.3542750000000004e-08
125.55,0.0,135.67465312499996,3.301095e-08
125.55,0.0,135.67440312499997,3.310975e-08
125.55,0.0,135.67415312499998,3.336125e-08
125.55,0.0,135.67390312499998,3.314985e-08
125.55,0.0,135.673653125,3.309615e-08
125.55,0.0,135.67340312499996,3.30738e-08
125.55,0.0,135.67315312499997,3.3501500000000004e-08
125.55,0.0,135.67290312499998,3.32612e-08
125.55,0.0,135.67265312499998,3.28545e-08
125.55,0.0,135.67240312499996,3.30974e-08
125.55,0.0,135.67215312499997,3.30422e-08
125.55,0.0,135.67190312499997,3.285885e-08
125.55,0.0,135.67165312499998,3.305586666666667e-08
125.55,0.0,135.67140312499998,3.29139e-08
125.55,0.0,135.67115312499996,3.280785e-08
125.55,0.0,135.67090312499997,3.2902450000000004e-08
125.55,0.0,135.67065312499997,3.2933900000000003e-08
125.55,0.0,135.67040312499998,3.30134e-08
125.55,0.0,135.67015312499998,3.27445e-08
125.55,0.0,135.66990312499996,3.2883000000000004e-08
125.55,0.0,135.66965312499997,3.2816849999999994e-08
125.55,0.0,135.66940312499997,3.3455449999999995e-08
125.55,0.0,135.66915312499998,3.254275e-08
125.55,0.0,135.66890312499999,3.27026e-08
125.55,0.0,135.66865312499996,3.311205e-08
125.55,0.0,135.66840312499997,3.3228e-08
125.55,0.0,135.66815312499998,3.276075e-08
125.55,0.0,135.66790312499998,3.3097050000000005e-08
125.55,0.0,135.667653125,3.2792999999999995e-08
125.55,0.0,135.66740312499996,3.26501e-08
125.55,0.0,135.66715312499997,3.24403e-08
125.55,0.0,135.66690312499998,3.246195e-08
125.55,0.0,135.66665312499998,3.351345e-08
125.55,0.0,135.66640312499996,3.25664e-08
125.55,0.0,135.66615312499997,3.273705e-08
125.55,0.0,135.66590312499997,3.31057e-08
125.55,0.0,135.66565312499998,3.25943e-08
125.55,0.0,135.66540312499998,3.2982e-08
125.55,0.0,135.66515312499996,3.29852e-08
125.55,0.0,135.66490312499997,3.253946666666667e-08
125.55,0.0,135.66465312499997,3.176175e-08
125.55,0.0,135.66440312499998,3.25302e-08
125.55,0.0,135.66415312499998,3.237385e-08
125.55,0.0,135.66390312499996,3.30552e-08
125.55,0.0,135.66365312499997,3.2483249999999994e-08
125.55,0.0,135.66340312499997,3.26707e-08
125.55,0.0,135.66315312499998,3.27368e-08
125.55,0.0,135.66290312499999,3.29134e-08
125.55,0.0,135.66265312499996,3.26413e-08
125.55,0.0,135.66240312499997,3.278255e-08
125.55,0.0,135.66215312499997,3.21214e-08
125.55,0.0,135.66190312499998,3.256815e-08
125.55,0.0,135.661653125,3.27515e-08
125.55,0.0,135.66140312499996,3.42521e-08
125.55,0.0,135.66115312499997,3.25284e-08
125.55,0.0,135.66090312499998,3.260785e-08
125.55,0.0,135.66065312499998,3.27464e-08
125.55,0.0,135.66040312499996,3.2629149999999995e-08
125.55,0.0,135.66015312499997,3.2872350000000004e-08
125.55,0.0,135.65990312499997,3.2825150000000006e-08
125.55,0.0,135.65965312499998,3.2501050000000004e-08
125.55,0.0,135.65940312499998,3.30365e-08
125.55,0.0,135.65915312499996,3.236115e-08
125.55,0.0,135.65890312499997,3.28722e-08
125.55,0.0,135.65865312499997,3.28564e-08
125.55,0.0,135.65840312499998,3.2053300000000006e-08
125.55,0.0,135.65815312499998,3.26318e-08
125.55,0.0,135.65790312499996,3.236005e-08
125.55,0.0,135.65765312499997,3.265735e-08
125.55,0.0,135.65740312499997,3.29107e-08
125.55,0.0,135.65715312499998,3.2249800000000003e-08
125.55,0.0,135.65690312499999,3.32081e-08
125.55,0.0,135.65665312499996,3.28099e-08
125.55,0.0,135.65640312499997,3.2185200000000004e-08
125.55,0.0,135.65615312499997,3.261505e-08
125.55,0.0,135.65590312499998,3.271455e-08
125.55,0.0,135.655653125,3.26586e-08
125.55,0.0,135.65540312499996,3.26943e-08
125.55,0.0,135.65515312499997,3.2815e-08
125.55,0.0,135.65490312499998,3.296555e-08
125.55,0.0,135.65465312499998,3.3183749999999994e-08
125.55,0.0,135.65440312499996,3.27584e-08
125.55,0.0,135.65415312499997,3.295355e-08
125.55,0.0,135.65390312499997,3.24812e-08
125.55,0.0,135.65365312499998,3.238645e-08
125.55,0.0,135.65340312499998,3.28885e-08
125.55,0.0,135.65315312499996,3.21394e-08
125.55,0.0,135.65290312499997,3.25935e-08
125.55,0.0,135.65265312499997,3.27688e-08
125.55,0.0,135.65240312499998,3.24948e-08
125.55,0.0,135.65215312499998,3.297815e-08
125.55,0.0,135.65190312499996,3.266795e-08
125.55,0.0,135.65165312499997,3.222785e-08
125.55,0.0,135.65140312499997,3.272665e-08
125.55,0.0,135.65115312499998,3.287005e-08
125.55,0.0,135.65090312499999,3.274355e-08
125.55,0.0,135.65065312499996,3.26421e-08
125.55,0.0,135.65040312499997,3.268215e-08
125.55,0.0,135.65015312499997,3.292495e-08
125.55,0.0,135.64990312499998,3.14318e-08
125.55,0.0,135.649653125,3.27907e-08
125.55,0.0,135.64940312499996,3.2427066666666676e-08
125.55,0.0,135.64915312499997,3.26066e-08
125.55,0.0,135.64890312499998,3.2400100000000004e-08
125.55,0.0,135.64865312499998,3.30481e-08
125.55,0.0,135.64840312499996,3.26763e-08
125.55,0.0,135.64815312499996,3.30912e-08
125.55,0.0,135.64790312499997,3.248495e-08
125.55,0.0,135.64765312499998,3.28367e-08
125.55,0.0,135.64740312499998,3.299835e-08
125.55,0.0,135.64715312499996,3.245525e-08
125.55,0.0,135.64690312499997,3.2569066666666665e-08
125.55,0.0,135.64665312499997,3.06361e-08
125.55,0.0,135.64640312499998,3.280515e-08
125.55,0.0,135.64615312499998,3.267385e-08
125.55,0.0,135.64590312499996,3.281895e-08
125.55,0.0,135.64565312499997,3.27956e-08
125.55,0.0,135.64540312499997,3.32304e-08
125.55,0.0,135.64515312499998,3.2688700000000006e-08
125.55,0.0,135.64490312499998,3.2760050000000006e-08
125.55,0.0,135.64465312499996,3.281845e-08
125.55,0.0,135.64440312499997,3.285095e-08
125.55,0.0,135.64415312499997,3.24927e-08
125.55,0.0,135.64390312499998,3.261405e-08
125.55,0.0,135.643653125,3.24579e-08
125.55,0.0,135.64340312499996,3.231985e-08
125.55,0.0,135.64315312499997,3.28418e-08
125.55,0.0,135.64290312499998,3.28101e-08
125.55,0.0,135.64265312499998,3.27416e-08
125.55,0.0,135.642403125,3.287156666666667e-08
125.55,0.0,135.64215312499996,3.186215e-08
125.55,0.0,135.64190312499997,3.21441e-08
125.55,0.0,135.64165312499998,3.2103e-08
125.55,0.0,135.64140312499998,3.25614e-08
125.55,0.0,135.64115312499996,3.200085e-08
125.55,0.0,135.64090312499997,3.27608e-08
125.55,0.0,135.64065312499997,3.23408e-08
125.55,0.0,135.64040312499998,3.270675e-08
125.55,0.0,135.64015312499998,3.20118e-08
125.55,0.0,135.63990312499996,3.2807e-08
125.55,0.0,135.63965312499997,3.21139e-08
125.55,0.0,135.63940312499997,3.267055e-08
125.55,0.0,135.63915312499998,3.18191e-08
125.55,0.0,135.63890312499998,3.339495e-08
125.55,0.0,135.63865312499996,3.27369e-08
125.55,0.0,135.63840312499997,3.25705e-08
125.55,0.0,135.63815312499997,3.28506e-08
125.55,0.0,135.63790312499998,3.32019e-08
125.55,0.0,135.63765312499999,3.313705e-08
125.55,0.0,135.63740312499996,3.14839e-08
125.55,0.0,135.63715312499997,3.2925600000000005e-08
125.55,0.0,135.63690312499998,3.295905e-08
125.55,0.0,135.63665312499998,3.3012e-08
125.55,0.0,135.636403125,3.21156e-08
125.55,0.0,135.63615312499996,3.2689e-08
125.55,0.0,135.63590312499997,3.19582e-08
125.55,0.0,135.63565312499998,3.3301650000000004e-08
125.55,0.0,135.63540312499998,3.292335e-08
125.55,0.0,135.63515312499996,3.297445e-08
125.55,0.0,135.63490312499997,3.28537e-08
125.55,0.0,135.63465312499997,3.24896e-08
125.55,0.0,135.63440312499998,3.290165e-08
125.55,0.0,135.63415312499998,3.2929300000000006e-08
125.55,0.0,135.63390312499996,3.2700550000000005e-08
125.55,0.0,135.63365312499997,3.20972e-08
125.55,0.0,135.63340312499997,3.24913e-08
125.55,0.0,135.63315312499998,3.2634600000000006e-08
125.55,0.0,135.63290312499998,3.31928e-08
125.55,0.0,135.63265312499996,3.2991550000000004e-08
125.55,0.0,135.63240312499997,3.2972e-08
125.55,0.0,135.63215312499997,3.250875e-08
125.55,0.0,135.63190312499998,3.262255e-08
125.55,0.0,135.63165312499999,3.24903e-08
125.55,0.0,135.63140312499996,3.237855e-08
125.55,0.0,135.63115312499997,3.0789700000000003e-08
125.55,0.0,135.63090312499997,3.23815e-08
125.55,0.0,135.63065312499998,3.276e-08
125.55,0.0,135.630403125,3.159845e-08
125.55,0.0,135.63015312499996,3.2174999999999995e-08
125.55,0.0,135.62990312499997,3.21584e-08
125.55,0.0,135.62965312499998,3.23161e-08
125.55,0.0,135.62940312499998,3.245385e-08
125.55,0.0,135.62915312499996,3.15178e-08
125.55,0.0,135.62890312499997,3.22708e-08
125.55,0.0,135.62865312499997,3.233395e-08
125.55,0.0,135.62840312499998,3.25016e-08
125.55,0.0,135.62815312499998,3.235415e-08
125.55,0.0,135.62790312499996,3.21749e-08
125.55,0.0,135.62765312499997,3.2387600000000003e-08
125.55,0.0,135.62740312499997,3.23844e-08
125.55,0.0,135.62715312499998,3.21712e-08
125.55,0.0,135.62690312499998,3.24974e-08
125.55,0.0,135.62665312499996,3.218255e-08
125.55,0.0,135.62640312499997,3.2263150000000004e-08
125.55,0.0,135.62615312499997,3.279415e-08
125.55,0.0,135.62590312499998,3.19321e-08
125.55,0.0,135.62565312499999,3.22565e-08
125.55,0.0,135.62540312499996,3.237855e-08
125.55,0.0,135.62515312499997,3.3324599999999994e-08
125.55,0.0,135.62490312499997,3.23002e-08
125.55,0.0,135.62465312499998,3.19002e-08
125.55,0.0,135.624403125,3.260485e-08
125.55,0.0,135.62415312499996,3.2478900000000004e-08
125.55,0.0,135.62390312499997,3.2573e-08
125.55,0.0,135.62365312499998,3.230225e-08
125.55,0.0,135.62340312499998,3.2250466666666675e-08
125.55,0.0,135.62315312499996,3.26343e-08
125.55,0.0,135.62290312499997,3.24836e-08
125.55,0.0,135.62265312499997,3.202635e-08
125.55,0.0,135.62240312499998,3.1871550000000005e-08
125.55,0.0,135.62215312499998,3.141005e-08
125.55,0.0,135.62190312499996,3.07661e-08
125.55,0.0,135.62165312499997,3.136625e-08
125.55,0.0,135.62140312499997,3.208215e-08
125.55,0.0,135.62115312499998,3.177925e-08
125.55,0.0,135.62090312499998,3.21576e-08
125.55,0.0,135.62065312499996,3.224525e-08
125.55,0.0,135.62040312499997,3.160225e-08
125.55,0.0,135.62015312499997,3.213585e-08
125.55,0.0,135.61990312499998,3.13134e-08
125.55,0.0,135.61965312499999,3.1883200000000006e-08
125.55,0.0,135.61940312499996,3.214875e-08
125.55,0.0,135.61915312499997,3.192645e-08
125.55,0.0,135.61890312499997,3.21583e-08
125.55,0.0,135.61865312499998,3.1196750000000004e-08
125.55,0.0,135.618403125,3.210075e-08
125.55,0.0,135.61815312499996,3.1531149999999994e-08
125.55,0.0,135.61790312499997,3.21124e-08
125.55,0.0,135.61765312499998,3.23464e-08
125.55,0.0,135.61740312499998,3.214045e-08
125.55,0.0,135.61715312499996,3.181705e-08
125.55,0.0,135.61690312499996,3.208845e-08
125.55,0.0,135.61665312499997,3.251815e-08
125.55,0.0,135.61640312499998,3.22138e-08
125.55,0.0,135.61615312499998,3.17703e-08
125.55,0.0,135.61590312499996,3.18351e-08
125.55,0.0,135.61565312499997,3.211895e-08
125.55,0.0,135.61540312499997,3.221285e-08
125.55,0.0,135.61515312499998,3.223175e-08
125.55,0.0,135.61490312499998,3.213065e-08
125.55,0.0,135.61465312499996,3.19952e-08
125.55,0.0,135.61440312499997,3.26259e-08
125.55,0.0,135.61415312499997,3.2446e-08
125.55,0.0,135.61390312499998,3.23879e-08
125.55,0.0,135.61365312499998,3.209195e-08
125.55,0.0,135.61340312499996,3.112375e-08
125.55,0.0,135.61315312499997,3.23466e-08
125.55,0.0,135.61290312499997,3.19806e-08
125.55,0.0,135.61265312499998,3.240295e-08
125.55,0.0,135.612403125,3.199205e-08
125.55,0.0,135.61215312499996,3.26302e-08
125.55,0.0,135.61190312499997,3.20219e-08
125.55,0.0,135.61165312499998,3.16274e-08
125.55,0.0,135.61140312499998,3.1632e-08
125.55,0.0,135.611153125,3.23591e-08
125.55,0.0,135.61090312499996,3.168955e-08
125.55,0.0,135.61065312499997,3.1940550000000003e-08
125.55,0.0,135.61040312499998,3.19835e-08
125.55,0.0,135.61015312499998,3.12713e-08
125.55,0.0,135.60990312499996,3.1670649999999994e-08
125.55,0.0,135.60965312499997,3.16015e-08
125.55,0.0,135.60940312499997,3.16537e-08
125.55,0.0,135.60915312499998,3.16917e-08
125.55,0.0,135.60890312499998,3.18849e-08
125.55,0.0,135.60865312499996,3.165385e-08
125.55,0.0,135.60840312499997,3.181565e-08
125.55,0.0,135.60815312499997,3.19786e-08
125.55,0.0,135.60790312499998,3.165905e-08
125.55,0.0,135.60765312499998,3.158515e-08
125.55,0.0,135.60740312499996,3.19388e-08
125.55,0.0,135.60715312499997,3.16677e-08
125.55,0.0,135.60690312499997,3.17837e-08
125.55,0.0,135.60665312499998,3.1203850000000004e-08
125.55,0.0,135.60640312499999,3.145845e-08
125.55,0.0,135.60615312499996,3.15787e-08
125.55,0.0,135.60590312499997,3.14084e-08
125.55,0.0,135.60565312499998,3.11756e-08
125.55,0.0,135.60540312499998,3.17089e-08
125.55,0.0,135.605153125,3.13148e-08
125.55,0.0,135.60490312499996,3.13576e-08
125.55,0.0,135.60465312499997,3.118865e-08
125.55,0.0,135.60440312499998,3.13008e-08
125.55,0.0,135.60415312499998,3.17706e-08
125.55,0.0,135.60390312499996,3.19674e-08
125.55,0.0,135.60365312499997,3.14104e-08
125.55,0.0,135.60340312499997,3.13205e-08
125.55,0.0,135.60315312499998,3.0872749999999994e-08
125.55,0.0,135.60290312499998,3.14617e-08
125.55,0.0,135.60265312499996,3.145215e-08
125.55,0.0,135.60240312499997,3.15914e-08
125.55,0.0,135.60215312499997,3.17439e-08
125.55,0.0,135.60190312499998,3.235185e-08
125.55,0.0,135.60165312499998,3.16514e-08
125.55,0.0,135.60140312499996,3.135025e-08
125.55,0.0,135.60115312499997,3.13985e-08
125.55,0.0,135.60090312499997,3.162185e-08
125.55,0.0,135.60065312499998,3.171845e-08
125.55,0.0,135.60040312499999,3.149405e-08
125.55,0.0,135.60015312499996,3.18215e-08
125.55,0.0,135.59990312499997,3.170445e-08
125.55,0.0,135.59965312499997,3.154765e-08
125.55,0.0,135.59940312499998,3.199345e-08
125.55,0.0,135.599153125,3.19464e-08
125.55,0.0,135.59890312499996,3.15877e-08
125.55,0.0,135.59865312499997,3.19685e-08
125.55,0.0,135.59840312499998,3.15814e-08
125.55,0.0,135.59815312499998,3.182535e-08
125.55,0.0,135.59790312499996,3.163525e-08
125.55,0.0,135.59765312499997,3.2056200000000004e-08
125.55,0.0,135.59740312499997,3.2570149999999995e-08
125.55,0.0,135.59715312499998,3.17358e-08
125.55,0.0,135.59690312499998,3.223165e-08
125.55,0.0,135.59665312499996,3.1899700000000005e-08
125.55,0.0,135.59640312499997,3.23343e-08
125.55,0.0,135.59615312499997,3.1896250000000003e-08
125.55,0.0,135.59590312499998,3.22076e-08
125.55,0.0,135.59565312499998,3.186645e-08
125.55,0.0,135.59540312499996,3.28376e-08
125.55,0.0,135.59515312499997,3.211765e-08
125.55,0.0,135.59490312499997,3.182465e-08
125.55,0.0,135.59465312499998,3.167105e-08
125.55,0.0,135.59440312499999,3.23023e-08
125.55,0.0,135.59415312499996,3.160755e-08
125.55,0.0,135.59390312499997,3.2009e-08
125.55,0.0,135.59365312499997,3.213545e-08
125.55,0.0,135.59340312499998,3.17808e-08
125.55,0.0,135.593153125,3.20435e-08
125.55,0.0,135.59290312499996,3.2178549999999995e-08
125.55,0.0,135.59265312499997,3.14645e-08
125.55,0.0,135.59240312499998,3.226035e-08
125.55,0.0,135.59215312499998,3.22464e-08
125.55,0.0,135.59190312499996,3.176025e-08
125.55,0.0,135.59165312499997,3.158405e-08
125.55,0.0,135.59140312499997,3.17462e-08
125.55,0.0,135.59115312499998,3.186315e-08
125.55,0.0,135.59090312499998,3.14996e-08
125.55,0.0,135.59065312499996,3.15657e-08
125.55,0.0,135.59040312499997,3.12193e-08
125.55,0.0,135.59015312499997,3.2205650000000005e-08
125.55,0.0,135.58990312499998,3.18277e-08
125.55,0.0,135.58965312499998,3.188125e-08
125.55,0.0,135.58940312499996,3.20808e-08
125.55,0.0,135.58915312499997,3.161095e-08
125.55,0.0,135.58890312499997,3.1935e-08
125.55,0.0,135.58865312499998,3.16879e-08
125.55,0.0,135.58840312499999,3.1547e-08
125.55,0.0,135.58815312499996,3.183615e-08
125.55,0.0,135.58790312499997,3.235435e-08
125.55,0.0,135.58765312499997,3.189925e-08
125.55,0.0,135.58740312499998,3.1853100000000006e-08
125.55,0.0,135.587153125,3.1612299999999995e-08
125.55,0.0,135.58690312499996,3.16511e-08
125.55,0.0,135.58665312499997,3.1850699999999995e-08
125.55,0.0,135.58640312499998,3.17484e-08
125.55,0.0,135.58615312499998,3.198375e-08
125.55,0.0,135.58590312499996,3.193875e-08
125.55,0.0,135.58565312499996,3.20202e-08
125.55,0.0,135.58540312499997,3.18612e-08
125.55,0.0,135.58515312499998,3.190185e-08
125.55,0.0,135.58490312499998,3.227385e-08
125.55,0.0,135.58465312499996,3.186555e-08
125.55,0.0,135.58440312499997,3.19065e-08
125.55,0.0,135.58415312499997,3.216215e-08
125.55,0.0,135.58390312499998,3.22105e-08
125.55,0.0,135.58365312499998,3.215665e-08
125.55,0.0,135.58340312499996,3.24592e-08
125.55,0.0,135.58315312499997,3.24419e-08
125.55,0.0,135.58290312499997,3.203355e-08
125.55,0.0,135.58265312499998,3.200023333333333e-08
125.55,0.0,135.58240312499998,3.23358e-08
125.55,0.0,135.58215312499996,3.218425e-08
125.55,0.0,135.58190312499997,3.219695e-08
125.55,0.0,135.58165312499997,3.2339349999999995e-08
125.55,0.0,135.58140312499998,3.22805e-08
125.55,0.0,135.581153125,3.20835e-08
125.55,0.0,135.58090312499996,3.2289700000000004e-08
125.55,0.0,135.58065312499997,3.1946e-08
125.55,0.0,135.58040312499998,3.197675e-08
125.55,0.0,135.58015312499998,3.22059e-08
125.55,0.0,135.579903125,3.237915e-08
125.55,0.0,135.57965312499996,3.20863e-08
125.55,0.0,135.57940312499997,3.37176e-08
125.55,0.0,135.57915312499998,3.193555e-08
125.55,0.0,135.57890312499998,3.213855e-08
125.55,0.0,135.57865312499996,3.21692e-08
125.55,0.0,135.57840312499997,3.208845e-08
125.55,0.0,135.57815312499997,3.226335e-08
125.55,0.0,135.57790312499998,3.23694e-08
125.55,0.0,135.57765312499998,3.20399e-08
125.55,0.0,135.57740312499996,3.2186050000000004e-08
125.55,0.0,135.57715312499997,3.195355e-08
125.55,0.0,135.57690312499997,3.2033700000000004e-08
125.55,0.0,135.57665312499998,3.205945e-08
125.55,0.0,135.57640312499998,3.17864e-08
125.55,0.0,135.57615312499996,3.2221849999999994e-08
125.55,0.0,135.57590312499997,3.19443e-08
125.55,0.0,135.57565312499997,3.26855e-08
125.55,0.0,135.57540312499998,3.172065e-08
125.55,0.0,135.57515312499999,3.18064e-08
125.55,0.0,135.57490312499996,3.19412e-08
125.55,0.0,135.57465312499997,3.14865e-08
125.55,0.0,135.57440312499998,3.221685e-08
125.55,0.0,135.57415312499998,3.14606e-08
125.55,0.0,135.573903125,3.1898866666666675e-08
125.55,0.0,135.57365312499996,3.20657e-08
125.55,0.0,135.57340312499997,3.22916e-08
125.55,0.0,135.57315312499998,3.21208e-08
125.55,0.0,135.57290312499998,3.218405e-08
125.55,0.0,135.57265312499996,3.1223e-08
125.55,0.0,135.57240312499997,3.21636e-08
125.55,0.0,135.57215312499997,3.18686e-08
125.55,0.0,135.57190312499998,3.18706e-08
125.55,0.0,135.57165312499998,3.2270699999999995e-08
125.55,0.0,135.57140312499996,3.18889e-08
125.55,0.0,135.57115312499997,3.22294e-08
125.55,0.0,135.57090312499997,3.208855e-08
125.55,0.0,135.57065312499998,3.19399e-08
125.55,0.0,135.57040312499998,3.21048e-08
125.55,0.0,135.57015312499996,3.223915e-08
125.55,0.0,135.56990312499997,3.195325e-08
125.55,0.0,135.56965312499997,3.18544e-08
125.55,0.0,135.56940312499998,3.1737650000000004e-08
125.55,0.0,135.56915312499999,3.198965e-08
125.55,0.0,135.56890312499996,3.1900950000000006e-08
125.55,0.0,135.56865312499997,3.23814e-08
125.55,0.0,135.56840312499997,3.1823149999999995e-08
125.55,0.0,135.56815312499998,3.196795e-08
125.55,0.0,135.567903125,3.2143950000000004e-08
125.55,0.0,135.56765312499996,3.174595e-08
125.55,0.0,135.56740312499997,3.176325e-08
125.55,0.0,135.56715312499998,3.190735e-08
125.55,0.0,135.56690312499998,3.197975e-08
125.55,0.0,135.56665312499996,3.21384e-08
125.55,0.0,135.56640312499997,3.153565e-08
125.55,0.0,135.56615312499997,3.1584e-08
125.55,0.0,135.56590312499998,3.1934100000000005e-08
125.55,0.0,135.56565312499998,3.18694e-08
125.55,0.0,135.56540312499996,3.1815600000000003e-08
125.55,0.0,135.56515312499997,3.16941e-08
125.55,0.0,135.56490312499997,3.17209e-08
125.55,0.0,135.56465312499998,3.2272600000000005e-08
125.55,0.0,135.56440312499998,3.18854e-08
125.55,0.0,135.56415312499996,3.17372e-08
125.55,0.0,135.56390312499997,3.174565e-08
125.55,0.0,135.56365312499997,3.17966e-08
125.55,0.0,135.56340312499998,3.22258e-08
125.55,0.0,135.56315312499999,3.19136e-08
125.55,0.0,135.56290312499996,3.191665e-08
125.55,0.0,135.56265312499997,3.23089e-08
125.55,0.0,135.56240312499997,3.1968950000000004e-08
125.55,0.0,135.56215312499998,3.182965e-08
125.55,0.0,135.561903125,3.176435e-08
125.55,0.0,135.56165312499996,3.17717e-08
125.55,0.0,135.56140312499997,3.1453199999999995e-08
125.55,0.0,135.56115312499998,3.16251e-08
125.55,0.0,135.56090312499998,3.209935e-08
125.55,0.0,135.56065312499996,3.18119e-08
125.55,0.0,135.56040312499997,3.213655e-08
125.55,0.0,135.56015312499997,3.170735e-08
125.55,0.0,135.55990312499998,3.22431e-08
125.55,0.0,135.55965312499998,3.196e-08
125.55,0.0,135.55940312499996,3.1840950000000004e-08
125.55,0.0,135.55915312499997,3.18085e-08
125.55,0.0,135.55890312499997,3.1614499999999995e-08
125.55,0.0,135.55865312499998,3.164e-08
125.55,0.0,135.55840312499998,3.1711333333333334e-08
125.55,0.0,135.55815312499996,3.146445e-08
125.55,0.0,135.55790312499997,3.15006e-08
125.55,0.0,135.55765312499997,3.15148e-08
125.55,0.0,135.55740312499998,3.164435e-08
125.55,0.0,135.55715312499999,3.160435e-08
125.55,0.0,135.55690312499996,3.09713e-08
125.55,0.0,135.55665312499997,3.1672999999999995e-08
125.55,0.0,135.55640312499997,3.155836666666667e-08
125.55,0.0,135.55615312499998,3.16748e-08
125.55,0.0,135.555903125,3.19625e-08
125.55,0.0,135.55565312499996,3.166855e-08
125.55,0.0,135.55540312499997,3.1726599999999995e-08
125.55,0.0,135.55515312499998,3.18257e-08
125.55,0.0,135.55490312499998,3.15147e-08
125.55,0.0,135.55465312499996,3.1624850000000005e-08
125.55,0.0,135.55440312499996,3.153385e-08
125.55,0.0,135.55415312499997,3.152925e-08
125.55,0.0,135.55390312499998,3.150455e-08
125.55,0.0,135.55365312499998,3.1311200000000006e-08
125.55,0.0,135.55340312499996,3.135775e-08
125.55,0.0,135.55315312499997,3.16439e-08
125.55,0.0,135.55290312499997,3.15991e-08
125.55,0.0,135.55265312499998,3.151105e-08
125.55,0.0,135.55240312499998,3.171425e-08
125.55,0.0,135.55215312499996,3.1713450000000005e-08
125.55,0.0,135.55190312499997,3.175775e-08
125.55,0.0,135.55165312499997,3.1786449999999995e-08
125.55,0.0,135.55140312499998,3.185075e-08
125.55,0.0,135.55115312499998,3.15092e-08
125.55,0.0,135.55090312499996,3.20281e-08
125.55,0.0,135.55065312499997,3.178e-08
125.55,0.0,135.55040312499997,3.17081e-08
125.55,0.0,135.55015312499998,3.183615e-08
125.55,0.0,135.549903125,3.21764e-08
125.55,0.0,135.54965312499996,3.169005e-08
125.55,0.0,135.54940312499997,3.1614349999999994e-08
125.55,0.0,135.54915312499998,3.1705e-08
125.55,0.0,135.54890312499998,3.15516e-08
125.55,0.0,135.548653125,3.1364150000000004e-08
125.55,0.0,135.54840312499996,3.176025e-08
125.55,0.0,135.54815312499997,3.177825e-08
125.55,0.0,135.54790312499998,3.07691e-08
125.55,0.0,135.54765312499998,3.1528449999999994e-08
125.55,0.0,135.54740312499996,3.1460850000000005e-08
125.55,0.0,135.54715312499997,3.138505e-08
125.55,0.0,135.54690312499997,3.113535e-08
125.55,0.0,135.54665312499998,3.114655e-08
125.55,0.0,135.54640312499998,3.145335e-08
125.55,0.0,135.54615312499996,3.10529e-08
125.55,0.0,135.54590312499997,3.10106e-08
125.55,0.0,135.54565312499997,3.103305e-08
125.55,0.0,135.54540312499998,3.1044250000000004e-08
125.55,0.0,135.54515312499998,3.11172e-08
125.55,0.0,135.54490312499996,3.1199450000000005e-08
125.55,0.0,135.54465312499997,3.11832e-08
125.55,0.0,135.54440312499997,3.1141e-08
125.55,0.0,135.54415312499998,3.1126750000000004e-08
125.55,0.0,135.54390312499999,3.07888e-08
125.55,0.0,135.54365312499996,3.10218e-08
125.55,0.0,135.54340312499997,3.1123999999999995e-08
125.55,0.0,135.54315312499998,3.10126e-08
125.55,0.0,135.54290312499998,3.12124e-08
125.55,0.0,135.542653125,3.107005e-08
125.55,0.0,135.54240312499996,3.1233399999999994e-08
125.55,0.0,135.54215312499997,3.06451e-08
125.55,0.0,135.54190312499998,3.10459e-08
125.55,0.0,135.54165312499998,3.1225449999999995e-08
125.55,0.0,135.54140312499996,3.10542e-08
125.55,0.0,135.54115312499997,3.09197e-08
125.55,0.0,135.54090312499997,3.10894e-08
125.55,0.0,135.54065312499998,3.1031900000000004e-08
125.55,0.0,135.54040312499998,3.119245e-08
125.55,0.0,135.54015312499996,3.115235e-08
125.55,0.0,135.53990312499997,3.115505e-08
125.55,0.0,135.53965312499997,3.11327e-08
125.55,0.0,135.53940312499998,3.112635e-08
125.55,0.0,135.53915312499998,3.11402e-08
125.55,0.0,135.53890312499996,3.124975e-08
125.55,0.0,135.53865312499997,3.135785e-08
125.55,0.0,135.53840312499997,3.100845e-08
125.55,0.0,135.53815312499998,3.099325e-08
125.55,0.0,135.53790312499999,3.077375e-08
125.55,0.0,135.53765312499996,3.1085300000000006e-08
125.55,0.0,135.53740312499997,3.10889e-08
125.55,0.0,135.53715312499997,3.12849e-08
125.55,0.0,135.53690312499998,3.095915e-08
125.55,0.0,135.536653125,3.132355e-08
125.55,0.0,135.53640312499996,3.106905e-08
125.55,0.0,135.53615312499997,3.101045e-08
125.55,0.0,135.53590312499998,3.09552e-08
125.55,0.0,135.53565312499998,3.09453e-08
125.55,0.0,135.53540312499996,3.102855e-08
125.55,0.0,135.53515312499997,3.10958e-08
125.55,0.0,135.53490312499997,3.103e-08
125.55,0.0,135.53465312499998,3.07677e-08
125.55,0.0,135.53440312499998,3.077565e-08
125.55,0.0,135.53415312499996,3.06489e-08
125.55,0.0,135.53390312499997,3.104865e-08
125.55,0.0,135.53365312499997,3.0434366666666675e-08
125.55,0.0,135.53340312499998,3.068805e-08
125.55,0.0,135.53315312499998,3.10411e-08
125.55,0.0,135.53290312499996,3.07236e-08
125.55,0.0,135.53265312499997,3.068555e-08
125.55,0.0,135.53240312499997,3.076075e-08
125.55,0.0,135.53215312499998,3.07867e-08
125.55,0.0,135.53190312499999,3.10795e-08
125.55,0.0,135.53165312499996,3.06764e-08
125.55,0.0,135.53140312499997,3.06461e-08
125.55,0.0,135.53115312499997,3.09721e-08
125.55,0.0,135.53090312499998,3.0649100000000004e-08
125.55,0.0,135.530653125,3.056775e-08
125.55,0.0,135.53040312499996,3.09805e-08
125.55,0.0,135.53015312499997,3.09714e-08
125.55,0.0,135.52990312499998,3.04049e-08
125.55,0.0,135.52965312499998,3.07113e-08
125.55,0.0,135.52940312499996,3.07884e-08
125.55,0.0,135.52915312499997,3.0639e-08
125.55,0.0,135.52890312499997,3.079905e-08
125.55,0.0,135.52865312499998,3.10687e-08
125.55,0.0,135.52840312499998,3.07816e-08
125.55,0.0,135.52815312499996,3.10108e-08
125.55,0.0,135.52790312499997,3.053245e-08
125.55,0.0,135.52765312499997,3.063085e-08
125.55,0.0,135.52740312499998,3.103365e-08
125.55,0.0,135.52715312499998,3.03352e-08
125.55,0.0,135.52690312499996,3.087276666666667e-08
125.55,0.0,135.52665312499997,3.077585e-08
125.55,0.0,135.52640312499997,3.074285e-08
125.55,0.0,135.52615312499998,3.07225e-08
125.55,0.0,135.52590312499999,3.11057e-08
125.55,0.0,135.52565312499996,3.0579e-08
125.55,0.0,135.52540312499997,3.0735449999999995e-08
125.55,0.0,135.52515312499997,3.08728e-08
125.55,0.0,135.52490312499998,3.08956e-08
125.55,0.0,135.524653125,3.103385e-08
125.55,0.0,135.52440312499996,3.091665e-08
125.55,0.0,135.52415312499997,3.0950750000000003e-08
125.55,0.0,135.52390312499998,3.07823e-08
125.55,0.0,135.52365312499998,3.09885e-08
125.55,0.0,135.52340312499996,3.07847e-08
125.55,0.0,135.52315312499996,3.09276e-08
125.55,0.0,135.52290312499997,3.067895e-08
125.55,0.0,135.52265312499998,3.066085e-08
125.55,0.0,135.52240312499998,3.080175e-08
125.55,0.0,135.52215312499996,3.108075e-08
125.55,0.0,135.52190312499997,3.054945e-08
125.55,0.0,135.52165312499997,3.066685e-08
125.55,0.0,135.52140312499998,3.10033e-08
125.55,0.0,135.52115312499998,3.057075e-08
125.55,0.0,135.52090312499996,3.0660750000000005e-08
125.55,0.0,135.52065312499997,3.066455e-08
125.55,0.0,135.52040312499997,3.045735e-08
125.55,0.0,135.52015312499998,3.08154e-08
125.55,0.0,135.51990312499998,3.0379250000000004e-08
125.55,0.0,135.51965312499996,3.043106666666666e-08
125.55,0.0,135.51940312499997,3.01525e-08
125.55,0.0,135.51915312499997,3.05073e-08
125.55,0.0,135.51890312499998,3.054835e-08
125.55,0.0,135.518653125,3.02723e-08
125.55,0.0,135.51840312499996,3.02659e-08
125.55,0.0,135.51815312499997,3.039305e-08
125.55,0.0,135.51790312499998,3.0232966666666664e-08
125.55,0.0,135.51765312499998,3.04233e-08
125.55,0.0,135.517403125,3.02077e-08
125.55,0.0,135.51715312499996,3.0523800000000005e-08
125.55,0.0,135.51690312499997,3.053805e-08
125.55,0.0,135.51665312499998,3.05869e-08
125.55,0.0,135.51640312499998,3.02853e-08
125.55,0.0,135.51615312499996,3.056265e-08
125.55,0.0,135.51590312499997,3.076225e-08
125.55,0.0,135.51565312499997,3.0439500000000006e-08
125.55,0.0,135.51540312499998,3.06001e-08
125.55,0.0,135.51515312499998,3.037355e-08
125.55,0.0,135.51490312499996,3.05629e-08
125.55,0.0,135.51465312499997,2.99784e-08
125.55,0.0,135.51440312499997,3.06032e-08
125.55,0.0,135.51415312499998,3.058365e-08
125.55,0.0,135.51390312499998,3.037845e-08
125.55,0.0,135.51365312499996,3.0756249999999995e-08
125.55,0.0,135.51340312499997,3.070545e-08
125.55,0.0,135.51315312499997,3.0939250000000004e-08
125.55,0.0,135.51290312499998,3.102045e-08
125.55,0.0,135.51265312499999,3.0752e-08
125.55,0.0,135.51240312499996,3.0917e-08
125.55,0.0,135.51215312499997,3.0831149999999995e-08
125.55,0.0,135.51190312499998,3.10376e-08
125.55,0.0,135.51165312499998,3.096905e-08
125.55,0.0,135.511403125,3.09197e-08
125.55,0.0,135.51115312499996,3.09315e-08
125.55,0.0,135.51090312499997,3.0772833333333336e-08
125.55,0.0,135.51065312499998,3.096175e-08
125.55,0.0,135.51040312499998,3.03506e-08
125.55,0.0,135.51015312499996,3.095185e-08
125.55,0.0,135.50990312499997,3.062625e-08
125.55,0.0,135.50965312499997,3.08169e-08
125.55,0.0,135.50940312499998,3.07555e-08
125.55,0.0,135.50915312499998,3.04686e-08
125.55,0.0,135.50890312499996,3.0757e-08
125.55,0.0,135.50865312499997,3.063543333333333e-08
125.55,0.0,135.50840312499997,3.07221e-08
125.55,0.0,135.50815312499998,3.0723949999999995e-08
125.55,0.0,135.50790312499998,3.051235e-08
125.55,0.0,135.50765312499996,3.067085e-08
125.55,0.0,135.50740312499997,2.99429e-08
125.55,0.0,135.50715312499997,3.06924e-08
125.55,0.0,135.50690312499998,3.0540050000000004e-08
125.55,0.0,135.50665312499999,3.072255e-08
125.55,0.0,135.50640312499996,3.054665e-08
125.55,0.0,135.50615312499997,3.0430099999999994e-08
125.55,0.0,135.50590312499997,3.07468e-08
125.55,0.0,135.50565312499998,3.0375350000000005e-08
125.55,0.0,135.505403125,3.0629e-08
125.55,0.0,135.50515312499996,3.034805e-08
125.55,0.0,135.50490312499997,3.02314e-08
125.55,0.0,135.50465312499998,3.0159e-08
125.55,0.0,135.50440312499998,2.98802e-08
125.55,0.0,135.50415312499996,3.060495e-08
125.55,0.0,135.50390312499997,3.0524400000000004e-08
125.55,0.0,135.50365312499997,3.03972e-08
125.55,0.0,135.50340312499998,3.03299e-08
125.55,0.0,135.50315312499998,3.02046e-08
125.55,0.0,135.50290312499996,3.00119e-08
125.55,0.0,135.50265312499997,3.046305e-08
125.55,0.0,135.50240312499997,2.97095e-08
125.55,0.0,135.50215312499998,3.042995e-08
125.55,0.0,135.50190312499998,3.04047e-08
125.55,0.0,135.50165312499996,3.02686e-08
125.55,0.0,135.50140312499997,3.04201e-08
125.55,0.0,135.50115312499997,3.02965e-08
125.55,0.0,135.50090312499998,3.020185e-08
125.55,0.0,135.50065312499999,3.03438e-08
125.55,0.0,135.50040312499996,3.0452e-08
125.55,0.0,135.50015312499997,3.020465e-08
125.55,0.0,135.49990312499997,2.98372e-08
125.55,0.0,135.49965312499998,2.992685e-08
125.55,0.0,135.499403125,3.00775e-08
125.55,0.0,135.49915312499996,3.022445e-08
125.55,0.0,135.49890312499997,3.05083e-08
125.55,0.0,135.49865312499998,3.04036e-08
125.55,0.0,135.49840312499998,3.05077e-08
125.55,0.0,135.49815312499996,3.036425e-08
125.55,0.0,135.49790312499997,3.010395e-08
125.55,0.0,135.49765312499997,3.07073e-08
125.55,0.0,135.49740312499998,3.0192e-08
125.55,0.0,135.49715312499998,3.02535e-08
125.55,0.0,135.49690312499996,3.03433e-08
125.55,0.0,135.49665312499997,3.04118e-08
125.55,0.0,135.49640312499997,3.033045e-08
125.55,0.0,135.49615312499998,3.03396e-08
125.55,0.0,135.49590312499998,3.012745e-08
125.55,0.0,135.49565312499996,3.0439950000000004e-08
125.55,0.0,135.49540312499997,3.02517e-08
125.55,0.0,135.49515312499997,3.06361e-08
125.55,0.0,135.49490312499998,3.031605e-08
125.55,0.0,135.49465312499999,3.01399e-08
125.55,0.0,135.49440312499996,3.06897e-08
125.55,0.0,135.49415312499997,3.070435e-08
125.55,0.0,135.49390312499997,3.06548e-08
125.55,0.0,135.49365312499998,3.06626e-08
125.55,0.0,135.493403125,3.055405e-08
125.55,0.0,135.49315312499996,3.03283e-08
125.55,0.0,135.49290312499997,3.0721950000000006e-08
125.55,0.0,135.49265312499998,3.03763e-08
125.55,0.0,135.49240312499998,3.08178e-08
125.55,0.0,135.49215312499996,3.05231e-08
125.55,0.0,135.49190312499996,3.0608799999999995e-08
125.55,0.0,135.49165312499997,3.08108e-08
125.55,0.0,135.49140312499998,3.0448699999999994e-08
125.55,0.0,135.49115312499998,3.094615e-08
125.55,0.0,135.49090312499996,3.080695e-08
125.55,0.0,135.49065312499997,3.08411e-08
125.55,0.0,135.49040312499997,3.10551e-08
125.55,0.0,135.49015312499998,3.127695e-08
125.55,0.0,135.48990312499998,3.077885e-08
125.55,0.0,135.48965312499996,3.12848e-08
125.55,0.0,135.48940312499997,3.05603e-08
125.55,0.0,135.48915312499997,3.104395e-08
125.55,0.0,135.48890312499998,3.10213e-08
125.55,0.0,135.48865312499998,3.11676e-08
125.55,0.0,135.48840312499996,3.077695e-08
125.55,0.0,135.48815312499997,3.129405e-08
125.55,0.0,135.48790312499997,3.07366e-08
125.55,0.0,135.48765312499998,3.1224e-08
125.55,0.0,135.487403125,3.12124e-08
125.55,0.0,135.48715312499996,3.12648e-08
125.55,0.0,135.48690312499997,3.1355299999999995e-08
125.55,0.0,135.48665312499998,3.13696e-08
125.55,0.0,135.48640312499998,3.1088999999999995e-08
125.55,0.0,135.486153125,3.133575e-08
125.55,0.0,135.48590312499996,3.14943e-08
125.55,0.0,135.48565312499997,3.163195e-08
125.55,0.0,135.48540312499998,3.149875e-08
125.55,0.0,135.48515312499998,3.14264e-08
125.55,0.0,135.48490312499996,3.164055e-08
125.55,0.0,135.48465312499997,3.13325e-08
125.55,0.0,135.48440312499997,3.10986e-08
125.55,0.0,135.48415312499998,3.13805e-08
125.55,0.0,135.48390312499998,3.17282e-08
125.55,0.0,135.48365312499996,3.130095e-08
125.55,0.0,135.48340312499997,3.16006e-08
125.55,0.0,135.48315312499997,3.1235300000000004e-08
125.55,0.0,135.48290312499998,3.15257e-08
125.55,0.0,135.48265312499998,3.169355e-08
125.55,0.0,135.48240312499996,3.182645e-08
125.55,0.0,135.48215312499997,3.16839e-08
125.55,0.0,135.48190312499997,3.183835e-08
125.55,0.0,135.48165312499998,3.19398e-08
125.55,0.0,135.48140312499999,3.193166666666666e-08
125.55,0.0,135.48115312499996,3.186245e-08
125.55,0.0,135.48090312499997,3.2124e-08
125.55,0.0,135.48065312499998,3.19971e-08
125.55,0.0,135.48040312499998,3.20641e-08
125.55,0.0,135.480153125,3.198425e-08
125.55,0.0,135.47990312499996,3.24745e-08
125.55,0.0,135.47965312499997,3.18e-08
125.55,0.0,135.47940312499998,3.2663899999999995e-08
125.55,0.0,135.47915312499998,3.267305e-08
125.55,0.0,135.47890312499996,3.2717e-08
125.55,0.0,135.47865312499997,3.300865e-08
125.55,0.0,135.47840312499997,3.283885e-08
125.55,0.0,135.47815312499998,3.26754e-08
125.55,0.0,135.47790312499998,3.2768e-08
125.55,0.0,135.47765312499996,3.26354e-08
125.55,0.0,135.47740312499997,3.2830000000000003e-08
125.55,0.0,135.47715312499997,3.271805e-08
125.55,0.0,135.47690312499998,3.25432e-08
125.55,0.0,135.47665312499998,3.311455e-08
125.55,0.0,135.47640312499996,3.33437e-08
125.55,0.0,135.47615312499997,3.31899e-08
125.55,0.0,135.47590312499997,3.35151e-08
125.55,0.0,135.47565312499998,3.32588e-08
125.55,0.0,135.47540312499999,3.361785e-08
125.55,0.0,135.47515312499996,3.333335e-08
125.55,0.0,135.47490312499997,3.352245e-08
125.55,0.0,135.47465312499997,3.414415e-08
125.55,0.0,135.47440312499998,3.37038e-08
125.55,0.0,135.474153125,3.34326e-08
125.55,0.0,135.47390312499996,3.32667e-08
125.55,0.0,135.47365312499997,3.34262e-08
125.55,0.0,135.47340312499998,3.3816150000000005e-08
125.55,0.0,135.47315312499998,3.356445e-08
125.55,0.0,135.47290312499996,3.354565e-08
125.55,0.0,135.47265312499997,3.36892e-08
125.55,0.0,135.47240312499997,3.364075e-08
125.55,0.0,135.47215312499998,3.339495e-08
125.55,0.0,135.47190312499998,3.40734e-08
125.55,0.0,135.47165312499996,3.3667850000000006e-08
125.55,0.0,135.47140312499997,3.406085e-08
125.55,0.0,135.47115312499997,3.37375e-08
125.55,0.0,135.47090312499998,3.43805e-08
125.55,0.0,135.47065312499998,3.37032e-08
125.55,0.0,135.47040312499996,3.370266666666667e-08
125.55,0.0,135.47015312499997,3.36203e-08
125.55,0.0,135.46990312499997,3.38006e-08
125.55,0.0,135.46965312499998,3.3941450000000004e-08
125.55,0.0,135.46940312499999,3.40189e-08
125.55,0.0,135.46915312499996,3.397625e-08
125.55,0.0,135.46890312499997,3.41685e-08
125.55,0.0,135.46865312499997,3.42861e-08
125.55,0.0,135.46840312499998,3.41718e-08
125.55,0.0,135.468153125,3.41611e-08
125.55,0.0,135.46790312499996,3.4389850000000004e-08
125.55,0.0,135.46765312499997,3.42601e-08
125.55,0.0,135.46740312499998,3.4269300000000004e-08
125.55,0.0,135.46715312499998,3.469375e-08
125.55,0.0,135.46690312499996,3.44016e-08
125.55,0.0,135.46665312499997,3.47347e-08
125.55,0.0,135.46640312499997,3.462385e-08
125.55,0.0,135.46615312499998,3.46847e-08
125.55,0.0,135.46590312499998,3.459395e-08
125.55,0.0,135.46565312499996,3.4442899999999994e-08
125.55,0.0,135.46540312499997,3.436485e-08
125.55,0.0,135.46515312499997,3.45969e-08
125.55,0.0,135.46490312499998,3.476195e-08
125.55,0.0,135.46465312499998,3.44946e-08
125.55,0.0,135.46440312499996,3.432295e-08
125.55,0.0,135.46415312499997,3.4702e-08
125.55,0.0,135.46390312499997,3.48034e-08
125.55,0.0,135.46365312499998,3.45013e-08
125.55,0.0,135.46340312499999,3.429575e-08
125.55,0.0,135.46315312499996,3.398825e-08
125.55,0.0,135.46290312499997,3.412725e-08
125.55,0.0,135.46265312499997,3.410555e-08
125.55,0.0,135.46240312499998,3.39324e-08
125.55,0.0,135.462153125,3.35249e-08
125.55,0.0,135.46190312499996,3.390425e-08
125.55,0.0,135.46165312499997,3.332725e-08
125.55,0.0,135.46140312499998,3.36866e-08
125.55,0.0,135.46115312499998,3.296375e-08
125.55,0.0,135.46090312499996,3.27314e-08
125.55,0.0,135.46065312499996,3.2178549999999995e-08
125.55,0.0,135.46040312499997,3.207455e-08
125.55,0.0,135.46015312499998,3.23206e-08
125.55,0.0,135.45990312499998,3.21176e-08
125.55,0.0,135.45965312499996,3.14582e-08
125.55,0.0,135.45940312499997,3.09395e-08
125.55,0.0,135.45915312499997,3.06625e-08
125.55,0.0,135.45890312499998,3.01575e-08
125.55,0.0,135.45865312499998,2.871775e-08
125.55,0.0,135.45840312499996,2.894815e-08
125.55,0.0,135.45815312499997,2.82255e-08
125.55,0.0,135.45790312499997,2.739345e-08
125.55,0.0,135.45765312499998,2.701715e-08
125.55,0.0,135.45740312499998,2.68188e-08
125.55,0.0,135.45715312499996,2.484255e-08
125.55,0.0,135.45690312499997,2.408535e-08
125.55,0.0,135.45665312499997,2.31458e-08
125.55,0.0,135.45640312499998,2.231105e-08
125.55,0.0,135.456153125,2.09072e-08
125.55,0.0,135.45590312499996,2.03052e-08
125.55,0.0,135.45565312499997,1.9728850000000006e-08
125.55,0.0,135.45540312499998,1.8419750000000002e-08
125.55,0.0,135.45515312499998,1.74477e-08
125.55,0.0,135.454903125,1.66353e-08
125.55,0.0,135.45465312499996,1.5392866666666666e-08
125.55,0.0,135.45440312499997,1.40352e-08
125.55,0.0,135.45415312499998,1.28825e-08
125.55,0.0,135.45390312499998,1.2254e-08
125.55,0.0,135.45365312499996,1.10453e-08
125.55,0.0,135.45340312499997,1.0162565e-08
125.55,0.0,135.45315312499997,8.79154e-09
125.55,0.0,135.45290312499998,8.351845000000001e-09
125.55,0.0,135.45265312499998,7.30608e-09
125.55,0.0,135.45240312499996,6.681035e-09
125.55,0.0,135.45215312499997,5.11632e-09
125.55,0.0,135.45190312499997,4.37219e-09
125.55,0.0,135.45165312499998,3.395715e-09
125.55,0.0,135.45140312499998,2.4035149999999996e-09
125.55,0.0,135.45115312499996,1.55219e-09
125.55,0.0,135.45090312499997,9.631485e-10
125.55,0.0,135.45065312499997,6.040745e-11
125.55,0.0,135.45040312499998,-8.891785e-11
125.55,0.0,135.45015312499999,-4.760285e-10
125.55,0.0,135.44990312499996,-1.15921e-09
125.55,0.0,135.44965312499997,-1.62791e-09
125.55,0.0,135.44940312499998,-2.03843e-09
125.55,0.0,135.44915312499998,-2.6368e-09
125.55,0.0,135.448903125,-3.04775e-09
125.55,0.0,135.44865312499996,-3.301075e-09
125.55,0.0,135.44840312499997,-3.09859e-09
125.55,0.0,135.44815312499998,-3.17673e-09
125.55,0.0,135.44790312499998,-3.1590033333333324e-09
125.55,0.0,135.44765312499996,-3.03081e-09
125.55,0.0,135.44740312499997,-3.334e-09
125.55,0.0,135.44715312499997,-2.905155e-09
125.55,0.0,135.44690312499998,-2.83471e-09
125.55,0.0,135.44665312499998,-3.00186e-09
125.55,0.0,135.44640312499996,-2.702015e-09
125.55,0.0,135.44615312499997,-2.6734e-09
125.55,0.0,135.44590312499997,-2.60278e-09
125.55,0.0,135.44565312499998,-2.39424e-09
125.55,0.0,135.44540312499998,-2.55703e-09
135.05,0.0,136.44765312499996,3.5399225e-08
135.05,0.0,136.44740312499997,2.948715e-08
135.05,0.0,136.44715312499997,2.76131e-08
135.05,0.0,136.44690312499998,2.8282133333333333e-08
135.05,0.0,136.44665312499998,2.858435e-08
135.05,0.0,136.44640312499996,4.266525e-08
135.05,0.0,136.44615312499997,4.69016e-08
135.05,0.0,136.44590312499997,4.73001e-08
135.05,0.0,136.44565312499998,4.55248e-08
135.05,0.0,136.44540312499998,4.49628e-08
135.05,0.0,136.44515312499996,4.38035e-08
135.05,0.0,136.44490312499997,4.276415e-08
135.05,0.0,136.44465312499997,4.308535e-08
135.05,0.0,136.44440312499998,4.47861e-08
135.05,0.0,136.44415312499999,4.87292e-08
135.05,0.0,136.44390312499996,4.977245e-08
135.05,0.0,136.44365312499997,5.165485e-08
135.05,0.0,136.44340312499997,5.290505e-08
135.05,0.0,136.44315312499998,5.17626e-08
135.05,0.0,136.442903125,5.14446e-08
135.05,0.0,136.44265312499996,5.16309e-08
135.05,0.0,136.44240312499997,5.180075e-08
135.05,0.0,136.44215312499998,5.1538900000000004e-08
135.05,0.0,136.44190312499998,5.154445e-08
135.05,0.0,136.44165312499996,5.144925e-08
135.05,0.0,136.44140312499997,5.218785e-08
135.05,0.0,136.44115312499997,5.1668e-08
135.05,0.0,136.44090312499998,5.221205e-08
135.05,0.0,136.44065312499998,5.25706e-08
135.05,0.0,136.44040312499996,5.2115e-08
135.05,0.0,136.44015312499997,5.2133e-08
135.05,0.0,136.43990312499997,5.2328733333333335e-08
135.05,0.0,136.43965312499998,5.266715e-08
135.05,0.0,136.43940312499998,5.201555e-08
135.05,0.0,136.43915312499996,5.1695e-08
135.05,0.0,136.43890312499997,5.11272e-08
135.05,0.0,136.43865312499997,5.13717e-08
135.05,0.0,136.43840312499998,5.17966e-08
135.05,0.0,136.43815312499999,5.15207e-08
135.05,0.0,136.43790312499996,5.1633533333333337e-08
135.05,0.0,136.43765312499997,5.1292e-08
135.05,0.0,136.43740312499997,5.13722e-08
135.05,0.0,136.43715312499998,5.14822e-08
135.05,0.0,136.436903125,5.11649e-08
135.05,0.0,136.43665312499996,5.116045e-08
135.05,0.0,136.43640312499997,5.2038200000000003e-08
135.05,0.0,136.43615312499998,5.10384e-08
135.05,0.0,136.43590312499998,5.0631e-08
135.05,0.0,136.43565312499996,5.0029600000000004e-08
135.05,0.0,136.43540312499997,4.9598e-08
135.05,0.0,136.43515312499997,4.96336e-08
135.05,0.0,136.43490312499998,4.924125e-08
135.05,0.0,136.43465312499998,4.94803e-08
135.05,0.0,136.43440312499996,4.891355e-08
135.05,0.0,136.43415312499997,4.91777e-08
135.05,0.0,136.43390312499997,4.96975e-08
135.05,0.0,136.43365312499998,4.897965e-08
135.05,0.0,136.43340312499998,4.918835e-08
135.05,0.0,136.43315312499996,4.88485e-08
135.05,0.0,136.43290312499997,4.870985e-08
135.05,0.0,136.43265312499997,4.84859e-08
135.05,0.0,136.43240312499998,4.89943e-08
135.05,0.0,136.43215312499999,4.8952800000000004e-08
135.05,0.0,136.43190312499996,4.82257e-08
135.05,0.0,136.43165312499997,4.7644e-08
135.05,0.0,136.43140312499997,4.79276e-08
135.05,0.0,136.43115312499998,4.88627e-08
135.05,0.0,136.430903125,4.72571e-08
135.05,0.0,136.43065312499996,4.837335e-08
135.05,0.0,136.43040312499997,4.7826e-08
135.05,0.0,136.43015312499998,4.696465e-08
135.05,0.0,136.42990312499998,4.67774e-08
135.05,0.0,136.42965312499996,4.602945e-08
135.05,0.0,136.42940312499996,4.65529e-08
135.05,0.0,136.42915312499997,4.63731e-08
135.05,0.0,136.42890312499998,4.555025e-08
135.05,0.0,136.42865312499998,4.562996666666667e-08
135.05,0.0,136.42840312499996,4.51993e-08
135.05,0.0,136.42815312499997,4.531365e-08
135.05,0.0,136.42790312499997,4.459665e-08
135.05,0.0,136.42765312499998,4.486515e-08
135.05,0.0,136.42740312499998,4.48526e-08
135.05,0.0,136.42715312499996,4.497945e-08
135.05,0.0,136.42690312499997,4.433745e-08
135.05,0.0,136.42665312499997,4.52506e-08
135.05,0.0,136.42640312499998,4.490005e-08
135.05,0.0,136.42615312499998,4.537105e-08
135.05,0.0,136.42590312499996,4.61543e-08
135.05,0.0,136.42565312499997,4.55107e-08
135.05,0.0,136.42540312499997,4.42212e-08
135.05,0.0,136.42515312499998,4.553375e-08
135.05,0.0,136.424903125,4.523445e-08
135.05,0.0,136.42465312499996,4.441895e-08
135.05,0.0,136.42440312499997,4.47839e-08
135.05,0.0,136.42415312499998,4.661575000000001e-08
135.05,0.0,136.42390312499998,4.497185e-08
135.05,0.0,136.423653125,4.495595e-08
135.05,0.0,136.42340312499996,4.365e-08
135.05,0.0,136.42315312499997,4.475455e-08
135.05,0.0,136.42290312499998,4.389595e-08
135.05,0.0,136.42265312499998,4.458335e-08
135.05,0.0,136.42240312499996,4.44976e-08
135.05,0.0,136.42215312499997,4.458525e-08
135.05,0.0,136.42190312499997,4.4428200000000003e-08
135.05,0.0,136.42165312499998,4.4164600000000004e-08
135.05,0.0,136.42140312499998,4.37829e-08
135.05,0.0,136.42115312499996,4.38555e-08
135.05,0.0,136.42090312499997,4.36184e-08
135.05,0.0,136.42065312499997,4.380235e-08
135.05,0.0,136.42040312499998,4.48909e-08
135.05,0.0,136.42015312499998,4.335565e-08
135.05,0.0,136.41990312499996,4.31572e-08
135.05,0.0,136.41965312499997,4.29243e-08
135.05,0.0,136.41940312499997,4.2522e-08
135.05,0.0,136.41915312499998,4.349475e-08
135.05,0.0,136.41890312499999,4.30406e-08
135.05,0.0,136.41865312499996,4.2916e-08
135.05,0.0,136.41840312499997,4.26199e-08
135.05,0.0,136.41815312499998,4.23119e-08
135.05,0.0,136.41790312499998,4.298555e-08
135.05,0.0,136.417653125,4.270415e-08
135.05,0.0,136.41740312499996,4.268025e-08
135.05,0.0,136.41715312499997,4.2485e-08
135.05,0.0,136.41690312499998,4.22671e-08
135.05,0.0,136.41665312499998,4.200975e-08
135.05,0.0,136.41640312499996,4.23784e-08
135.05,0.0,136.41615312499997,4.2005400000000006e-08
135.05,0.0,136.41590312499997,4.26254e-08
135.05,0.0,136.41565312499998,4.184535e-08
135.05,0.0,136.41540312499998,4.17921e-08
135.05,0.0,136.41515312499996,4.146105e-08
135.05,0.0,136.41490312499997,4.18959e-08
135.05,0.0,136.41465312499997,4.17048e-08
135.05,0.0,136.41440312499998,4.071195000000001e-08
135.05,0.0,136.41415312499998,4.2120550000000006e-08
135.05,0.0,136.41390312499996,4.210385e-08
135.05,0.0,136.41365312499997,4.15022e-08
135.05,0.0,136.41340312499997,4.17298e-08
135.05,0.0,136.41315312499998,4.124e-08
135.05,0.0,136.41290312499999,4.128305e-08
135.05,0.0,136.41265312499996,4.1668e-08
135.05,0.0,136.41240312499997,4.1065650000000006e-08
135.05,0.0,136.41215312499997,4.05151e-08
135.05,0.0,136.41190312499998,4.0695900000000004e-08
135.05,0.0,136.411653125,4.06947e-08
135.05,0.0,136.41140312499996,4.065275e-08
135.05,0.0,136.41115312499997,4.01445e-08
135.05,0.0,136.41090312499998,4.06518e-08
135.05,0.0,136.41065312499998,4.105585e-08
135.05,0.0,136.41040312499996,4.046055e-08
135.05,0.0,136.41015312499997,3.96115e-08
135.05,0.0,136.40990312499997,3.957845e-08
135.05,0.0,136.40965312499998,3.99357e-08
135.05,0.0,136.40940312499998,4.123745e-08
135.05,0.0,136.40915312499996,4.048535e-08
135.05,0.0,136.40890312499997,4.09225e-08
135.05,0.0,136.40865312499997,4.058750000000001e-08
135.05,0.0,136.40840312499998,3.94674e-08
135.05,0.0,136.40815312499998,3.91976e-08
135.05,0.0,136.40790312499996,3.94519e-08
135.05,0.0,136.40765312499997,4.00999e-08
135.05,0.0,136.40740312499997,3.95421e-08
135.05,0.0,136.40715312499998,3.938500000000001e-08
135.05,0.0,136.40690312499999,3.91861e-08
135.05,0.0,136.40665312499996,3.87624e-08
135.05,0.0,136.40640312499997,3.93083e-08
135.05,0.0,136.40615312499997,3.79722e-08
135.05,0.0,136.40590312499998,3.889015e-08
135.05,0.0,136.405653125,3.76426e-08
135.05,0.0,136.40540312499996,3.846725e-08
135.05,0.0,136.40515312499997,3.88925e-08
135.05,0.0,136.40490312499998,3.77706e-08
135.05,0.0,136.40465312499998,3.88183e-08
135.05,0.0,136.40440312499996,3.798085e-08
135.05,0.0,136.40415312499997,3.84192e-08
135.05,0.0,136.40390312499997,3.81632e-08
135.05,0.0,136.40365312499998,3.81303e-08
135.05,0.0,136.40340312499998,3.79147e-08
135.05,0.0,136.40315312499996,3.817975e-08
135.05,0.0,136.40290312499997,3.8462850000000004e-08
135.05,0.0,136.40265312499997,3.87666e-08
135.05,0.0,136.40240312499998,3.804405e-08
135.05,0.0,136.40215312499998,3.8620600000000004e-08
135.05,0.0,136.40190312499996,3.78981e-08
135.05,0.0,136.40165312499997,3.815945e-08
135.05,0.0,136.40140312499997,3.763755000000001e-08
135.05,0.0,136.40115312499998,3.76796e-08
135.05,0.0,136.40090312499999,3.75294e-08
135.05,0.0,136.40065312499996,3.69634e-08
135.05,0.0,136.40040312499997,3.730505e-08
135.05,0.0,136.40015312499997,3.714495e-08
135.05,0.0,136.39990312499998,3.73412e-08
135.05,0.0,136.399653125,3.67897e-08
135.05,0.0,136.39940312499996,3.7182933333333344e-08
135.05,0.0,136.39915312499997,3.705415e-08
135.05,0.0,136.39890312499998,3.742895e-08
135.05,0.0,136.39865312499998,3.72548e-08
135.05,0.0,136.39840312499996,3.61407e-08
135.05,0.0,136.39815312499996,3.717355e-08
135.05,0.0,136.39790312499997,3.601655e-08
135.05,0.0,136.39765312499998,3.71621e-08
135.05,0.0,136.39740312499998,3.6481066666666673e-08
135.05,0.0,136.39715312499996,3.650795e-08
135.05,0.0,136.39690312499997,3.6639e-08
135.05,0.0,136.39665312499997,3.589115e-08
135.05,0.0,136.39640312499998,3.62419e-08
135.05,0.0,136.39615312499998,3.59034e-08
135.05,0.0,136.39590312499996,3.63903e-08
135.05,0.0,136.39565312499997,3.64314e-08
135.05,0.0,136.39540312499997,3.54491e-08
135.05,0.0,136.39515312499998,3.659015e-08
135.05,0.0,136.39490312499998,3.582725e-08
135.05,0.0,136.39465312499996,3.5716300000000003e-08
135.05,0.0,136.39440312499997,3.6129e-08
135.05,0.0,136.39415312499997,3.507255e-08
135.05,0.0,136.39390312499998,3.59784e-08
135.05,0.0,136.393653125,3.53892e-08
135.05,0.0,136.39340312499996,3.4503650000000003e-08
135.05,0.0,136.39315312499997,3.553025e-08
135.05,0.0,136.39290312499998,3.56085e-08
135.05,0.0,136.39265312499998,3.523675e-08
135.05,0.0,136.392403125,3.506495e-08
135.05,0.0,136.39215312499996,3.41628e-08
135.05,0.0,136.39190312499997,3.40296e-08
135.05,0.0,136.39165312499998,3.4936e-08
135.05,0.0,136.39140312499998,3.49142e-08
135.05,0.0,136.39115312499996,3.504725e-08
135.05,0.0,136.39090312499997,3.51635e-08
135.05,0.0,136.39065312499997,3.4506033333333344e-08
135.05,0.0,136.39040312499998,3.468665e-08
135.05,0.0,136.39015312499998,3.386775e-08
135.05,0.0,136.38990312499996,3.50903e-08
135.05,0.0,136.38965312499997,3.57733e-08
135.05,0.0,136.38940312499997,3.4597650000000004e-08
135.05,0.0,136.38915312499998,3.501705e-08
135.05,0.0,136.38890312499998,3.52861e-08
135.05,0.0,136.38865312499996,3.48659e-08
135.05,0.0,136.38840312499997,3.5009350000000005e-08
135.05,0.0,136.38815312499997,3.5007133333333335e-08
135.05,0.0,136.38790312499998,3.412e-08
135.05,0.0,136.38765312499999,3.47132e-08
135.05,0.0,136.38740312499996,3.40244e-08
135.05,0.0,136.38715312499997,3.4294e-08
135.05,0.0,136.38690312499998,3.3197e-08
135.05,0.0,136.38665312499998,3.437685e-08
135.05,0.0,136.386403125,3.353155e-08
135.05,0.0,136.38615312499996,3.48689e-08
135.05,0.0,136.38590312499997,3.4175450000000004e-08
135.05,0.0,136.38565312499998,3.414935e-08
135.05,0.0,136.38540312499998,3.345065e-08
135.05,0.0,136.38515312499996,3.37346e-08
135.05,0.0,136.38490312499997,3.45311e-08
135.05,0.0,136.38465312499997,3.39189e-08
135.05,0.0,136.38440312499998,3.36296e-08
135.05,0.0,136.38415312499998,3.38728e-08
135.05,0.0,136.38390312499996,3.40103e-08
135.05,0.0,136.38365312499997,3.436345e-08
135.05,0.0,136.38340312499997,3.4043633333333335e-08
135.05,0.0,136.38315312499998,3.4663199999999995e-08
135.05,0.0,136.38290312499998,3.41527e-08
135.05,0.0,136.38265312499996,3.35943e-08
135.05,0.0,136.38240312499997,3.41645e-08
135.05,0.0,136.38215312499997,3.3657400000000003e-08
135.05,0.0,136.38190312499998,3.35554e-08
135.05,0.0,136.38165312499999,3.3921e-08
135.05,0.0,136.38140312499996,3.38812e-08
135.05,0.0,136.38115312499997,3.362085e-08
135.05,0.0,136.38090312499997,3.296995e-08
135.05,0.0,136.38065312499998,3.32403e-08
135.05,0.0,136.380403125,3.291225e-08
135.05,0.0,136.38015312499996,3.350875e-08
135.05,0.0,136.37990312499997,3.37756e-08
135.05,0.0,136.37965312499998,3.400185e-08
135.05,0.0,136.37940312499998,3.30016e-08
135.05,0.0,136.37915312499996,3.246995e-08
135.05,0.0,136.37890312499997,3.34093e-08
135.05,0.0,136.37865312499997,3.28722e-08
135.05,0.0,136.37840312499998,3.306015e-08
135.05,0.0,136.37815312499998,3.3386700000000003e-08
135.05,0.0,136.37790312499996,3.44273e-08
135.05,0.0,136.37765312499997,3.3282999999999994e-08
135.05,0.0,136.37740312499997,3.29107e-08
135.05,0.0,136.37715312499998,3.3512099999999995e-08
135.05,0.0,136.37690312499998,3.27398e-08
135.05,0.0,136.37665312499996,3.3101e-08
135.05,0.0,136.37640312499997,3.33893e-08
135.05,0.0,136.37615312499997,3.29118e-08
135.05,0.0,136.37590312499998,3.237765e-08
135.05,0.0,136.37565312499999,3.239505e-08
135.05,0.0,136.37540312499996,3.2508599999999995e-08
135.05,0.0,136.37515312499997,3.220805e-08
135.05,0.0,136.37490312499997,3.24773e-08
135.05,0.0,136.37465312499998,3.2453733333333344e-08
135.05,0.0,136.374403125,3.203525e-08
135.05,0.0,136.37415312499996,3.2612e-08
135.05,0.0,136.37390312499997,3.27199e-08
135.05,0.0,136.37365312499998,3.241135e-08
135.05,0.0,136.37340312499998,3.282355e-08
135.05,0.0,136.37315312499996,3.24032e-08
135.05,0.0,136.37290312499997,3.220225e-08
135.05,0.0,136.37265312499997,3.216045e-08
135.05,0.0,136.37240312499998,3.25517e-08
135.05,0.0,136.37215312499998,3.208575e-08
135.05,0.0,136.37190312499996,3.297905e-08
135.05,0.0,136.37165312499997,3.316415e-08
135.05,0.0,136.37140312499997,3.2069050000000004e-08
135.05,0.0,136.37115312499998,3.21314e-08
135.05,0.0,136.37090312499998,3.126525e-08
135.05,0.0,136.37065312499996,3.1209600000000004e-08
135.05,0.0,136.37040312499997,3.208845e-08
135.05,0.0,136.37015312499997,3.231565e-08
135.05,0.0,136.36990312499998,3.169565e-08
135.05,0.0,136.36965312499999,3.224515e-08
135.05,0.0,136.36940312499996,3.14575e-08
135.05,0.0,136.36915312499997,3.14179e-08
135.05,0.0,136.36890312499997,3.0924200000000004e-08
135.05,0.0,136.36865312499998,3.201365e-08
135.05,0.0,136.368403125,3.1427999999999995e-08
135.05,0.0,136.36815312499996,3.13291e-08
135.05,0.0,136.36790312499997,3.09738e-08
135.05,0.0,136.36765312499998,3.0913550000000004e-08
135.05,0.0,136.36740312499998,3.1545050000000005e-08
135.05,0.0,136.36715312499996,3.17623e-08
135.05,0.0,136.36690312499996,3.1747600000000006e-08
135.05,0.0,136.36665312499997,3.164165e-08
135.05,0.0,136.36640312499998,3.197e-08
135.05,0.0,136.36615312499998,3.24366e-08
135.05,0.0,136.36590312499996,3.1605533333333344e-08
135.05,0.0,136.36565312499997,3.1488750000000005e-08
135.05,0.0,136.36540312499997,3.1331150000000006e-08
135.05,0.0,136.36515312499998,3.1993e-08
135.05,0.0,136.36490312499998,3.225885e-08
135.05,0.0,136.36465312499996,3.232035e-08
135.05,0.0,136.36440312499997,3.129485e-08
135.05,0.0,136.36415312499997,3.25294e-08
135.05,0.0,136.36390312499998,3.159075e-08
135.05,0.0,136.36365312499998,3.10578e-08
135.05,0.0,136.36340312499996,3.215585e-08
135.05,0.0,136.36315312499997,3.115035e-08
135.05,0.0,136.36290312499997,3.16108e-08
135.05,0.0,136.36265312499998,3.339105e-08
135.05,0.0,136.362403125,3.24251e-08
135.05,0.0,136.36215312499996,3.20988e-08
135.05,0.0,136.36190312499997,3.131115e-08
135.05,0.0,136.36165312499998,3.2333449999999994e-08
135.05,0.0,136.36140312499998,3.2034499999999995e-08
135.05,0.0,136.361153125,3.23297e-08
135.05,0.0,136.36090312499996,3.160486666666667e-08
135.05,0.0,136.36065312499997,3.241355e-08
135.05,0.0,136.36040312499998,3.28006e-08
135.05,0.0,136.36015312499998,3.25465e-08
135.05,0.0,136.35990312499996,3.2776e-08
135.05,0.0,136.35965312499997,3.18496e-08
135.05,0.0,136.35940312499997,3.247125e-08
135.05,0.0,136.35915312499998,3.2166e-08
135.05,0.0,136.35890312499998,3.1753533333333333e-08
135.05,0.0,136.35865312499996,3.1021400000000005e-08
135.05,0.0,136.35840312499997,3.12369e-08
135.05,0.0,136.35815312499997,3.1767900000000005e-08
135.05,0.0,136.35790312499998,3.12175e-08
135.05,0.0,136.35765312499998,3.170565e-08
135.05,0.0,136.35740312499996,3.131525e-08
135.05,0.0,136.35715312499997,3.03811e-08
135.05,0.0,136.35690312499997,3.1423300000000006e-08
135.05,0.0,136.35665312499998,3.1074733333333335e-08
135.05,0.0,136.35640312499999,3.1692e-08
135.05,0.0,136.35615312499996,3.1698250000000004e-08
135.05,0.0,136.35590312499997,3.18182e-08
135.05,0.0,136.35565312499998,3.16576e-08
135.05,0.0,136.35540312499998,3.08739e-08
135.05,0.0,136.355153125,3.0902700000000006e-08
135.05,0.0,136.35490312499996,3.0800549999999995e-08
135.05,0.0,136.35465312499997,3.15411e-08
135.05,0.0,136.35440312499998,3.12318e-08
135.05,0.0,136.35415312499998,3.069395e-08
135.05,0.0,136.35390312499996,3.12616e-08
135.05,0.0,136.35365312499997,3.14019e-08
135.05,0.0,136.35340312499997,3.13719e-08
135.05,0.0,136.35315312499998,3.18309e-08
135.05,0.0,136.35290312499998,3.19466e-08
135.05,0.0,136.35265312499996,3.243565e-08
135.05,0.0,136.35240312499997,3.1515650000000003e-08
135.05,0.0,136.35215312499997,3.063295e-08
135.05,0.0,136.35190312499998,3.112495e-08
135.05,0.0,136.35165312499998,3.129505e-08
135.05,0.0,136.35140312499996,3.19464e-08
135.05,0.0,136.35115312499997,3.104195e-08
135.05,0.0,136.35090312499997,3.269415e-08
135.05,0.0,136.35065312499998,3.17541e-08
135.05,0.0,136.35040312499999,3.08766e-08
135.05,0.0,136.35015312499996,3.141645e-08
135.05,0.0,136.34990312499997,3.127203333333333e-08
135.05,0.0,136.34965312499997,3.04796e-08
135.05,0.0,136.34940312499998,3.13424e-08
135.05,0.0,136.349153125,3.0550649999999994e-08
135.05,0.0,136.34890312499996,3.1616750000000004e-08
135.05,0.0,136.34865312499997,3.095805e-08
135.05,0.0,136.34840312499998,3.25768e-08
135.05,0.0,136.34815312499998,3.066415e-08
135.05,0.0,136.34790312499996,3.073335e-08
135.05,0.0,136.34765312499997,3.1943e-08
135.05,0.0,136.34740312499997,3.137845e-08
135.05,0.0,136.34715312499998,3.080045e-08
135.05,0.0,136.34690312499998,3.053e-08
135.05,0.0,136.34665312499996,3.11513e-08
135.05,0.0,136.34640312499997,3.05545e-08
135.05,0.0,136.34615312499997,3.1587500000000004e-08
135.05,0.0,136.34590312499998,3.079675e-08
135.05,0.0,136.34565312499998,3.1059450000000005e-08
135.05,0.0,136.34540312499996,3.089465e-08
135.05,0.0,136.34515312499997,3.097325e-08
135.05,0.0,136.34490312499997,3.120275e-08
135.05,0.0,136.34465312499998,3.18845e-08
135.05,0.0,136.34440312499999,3.27821e-08
135.05,0.0,136.34415312499996,3.029655e-08
135.05,0.0,136.34390312499997,3.07185e-08
135.05,0.0,136.34365312499997,3.059885e-08
135.05,0.0,136.34340312499998,3.04377e-08
135.05,0.0,136.343153125,3.06175e-08
135.05,0.0,136.34290312499996,3.01625e-08
135.05,0.0,136.34265312499997,3.076706666666667e-08
135.05,0.0,136.34240312499998,3.05255e-08
135.05,0.0,136.34215312499998,3.05418e-08
135.05,0.0,136.34190312499996,3.057125e-08
135.05,0.0,136.34165312499997,3.071705e-08
135.05,0.0,136.34140312499997,3.10602e-08
135.05,0.0,136.34115312499998,3.04956e-08
135.05,0.0,136.34090312499998,3.08207e-08
135.05,0.0,136.34065312499996,3.10589e-08
135.05,0.0,136.34040312499997,3.1080600000000004e-08
135.05,0.0,136.34015312499997,3.1636200000000004e-08
135.05,0.0,136.33990312499998,3.098835e-08
135.05,0.0,136.33965312499998,3.096705e-08
135.05,0.0,136.33940312499996,2.83202e-08
135.05,0.0,136.33915312499997,3.075525e-08
135.05,0.0,136.33890312499997,3.056985e-08
135.05,0.0,136.33865312499998,2.9786e-08
135.05,0.0,136.33840312499999,3.11816e-08
135.05,0.0,136.33815312499996,3.01189e-08
135.05,0.0,136.33790312499997,3.072395e-08
135.05,0.0,136.33765312499997,3.09359e-08
135.05,0.0,136.33740312499998,3.111425e-08
135.05,0.0,136.337153125,3.073765e-08
135.05,0.0,136.33690312499996,3.02772e-08
135.05,0.0,136.33665312499997,3.09553e-08
135.05,0.0,136.33640312499998,3.070815e-08
135.05,0.0,136.33615312499998,3.12022e-08
135.05,0.0,136.33590312499996,3.1130800000000005e-08
135.05,0.0,136.33565312499996,3.11357e-08
135.05,0.0,136.33540312499997,3.146885e-08
135.05,0.0,136.33515312499998,3.147175e-08
135.05,0.0,136.33490312499998,3.174345e-08
135.05,0.0,136.33465312499996,3.13807e-08
135.05,0.0,136.33440312499997,3.11027e-08
135.05,0.0,136.33415312499997,3.06912e-08
135.05,0.0,136.33390312499998,3.0998e-08
135.05,0.0,136.33365312499998,3.0326e-08
135.05,0.0,136.33340312499996,3.05448e-08
135.05,0.0,136.33315312499997,3.017205e-08
135.05,0.0,136.33290312499997,3.062295e-08
135.05,0.0,136.33265312499998,3.00621e-08
135.05,0.0,136.33240312499998,3.09319e-08
135.05,0.0,136.33215312499996,3.05653e-08
135.05,0.0,136.33190312499997,3.01918e-08
135.05,0.0,136.33165312499997,3.02442e-08
135.05,0.0,136.33140312499998,3.054965e-08
135.05,0.0,136.331153125,3.048075e-08
135.05,0.0,136.33090312499996,3.0122750000000004e-08
135.05,0.0,136.33065312499997,2.98554e-08
135.05,0.0,136.33040312499998,3.071665e-08
135.05,0.0,136.33015312499998,3.070155e-08
135.05,0.0,136.329903125,3.01692e-08
135.05,0.0,136.32965312499996,3.067945e-08
135.05,0.0,136.32940312499997,2.994785e-08
135.05,0.0,136.32915312499998,2.9070250000000002e-08
135.05,0.0,136.32890312499998,2.992985e-08
135.05,0.0,136.32865312499996,3.04926e-08
135.05,0.0,136.32840312499997,2.9221e-08
135.05,0.0,136.32815312499997,3.0007e-08
135.05,0.0,136.32790312499998,3.11301e-08
135.05,0.0,136.32765312499998,3.00133e-08
135.05,0.0,136.32740312499996,3.0310100000000004e-08
135.05,0.0,136.32715312499997,3.00234e-08
135.05,0.0,136.32690312499997,2.99608e-08
135.05,0.0,136.32665312499998,2.92184e-08
135.05,0.0,136.32640312499998,2.97115e-08
135.05,0.0,136.32615312499996,2.994205e-08
135.05,0.0,136.32590312499997,2.976125e-08
135.05,0.0,136.32565312499997,2.99421e-08
135.05,0.0,136.32540312499998,2.994265e-08
135.05,0.0,136.32515312499999,2.94832e-08
135.05,0.0,136.32490312499996,2.939615e-08
135.05,0.0,136.32465312499997,3.061165e-08
135.05,0.0,136.32440312499998,2.86389e-08
135.05,0.0,136.32415312499998,2.951905e-08
135.05,0.0,136.323903125,2.9576e-08
135.05,0.0,136.32365312499996,3.03079e-08
135.05,0.0,136.32340312499997,2.891645e-08
135.05,0.0,136.32315312499998,2.969825e-08
135.05,0.0,136.32290312499998,2.991575e-08
135.05,0.0,136.32265312499996,2.9245500000000002e-08
135.05,0.0,136.32240312499997,2.966115e-08
135.05,0.0,136.32215312499997,2.997995e-08
135.05,0.0,136.32190312499998,2.85678e-08
135.05,0.0,136.32165312499998,2.94348e-08
135.05,0.0,136.32140312499996,2.93634e-08
135.05,0.0,136.32115312499997,2.858905e-08
135.05,0.0,136.32090312499997,2.94014e-08
135.05,0.0,136.32065312499998,2.964025e-08
135.05,0.0,136.32040312499998,2.97704e-08
135.05,0.0,136.32015312499996,2.8238950000000003e-08
135.05,0.0,136.31990312499997,2.9636e-08
135.05,0.0,136.31965312499997,2.957895e-08
135.05,0.0,136.31940312499998,2.994005e-08
135.05,0.0,136.31915312499999,2.896795e-08
135.05,0.0,136.31890312499996,2.939165e-08
135.05,0.0,136.31865312499997,2.94432e-08
135.05,0.0,136.31840312499997,2.8884200000000003e-08
135.05,0.0,136.31815312499998,2.90814e-08
135.05,0.0,136.317903125,2.89897e-08
135.05,0.0,136.31765312499996,2.81664e-08
135.05,0.0,136.31740312499997,2.897195e-08
135.05,0.0,136.31715312499998,2.93521e-08
135.05,0.0,136.31690312499998,3.18651e-08
135.05,0.0,136.31665312499996,2.860585e-08
135.05,0.0,136.31640312499997,2.90756e-08
135.05,0.0,136.31615312499997,2.9342733333333333e-08
135.05,0.0,136.31590312499998,2.92858e-08
135.05,0.0,136.31565312499998,2.85123e-08
135.05,0.0,136.31540312499996,2.937285e-08
135.05,0.0,136.31515312499997,2.854385e-08
135.05,0.0,136.31490312499997,2.89341e-08
135.05,0.0,136.31465312499998,2.90141e-08
135.05,0.0,136.31440312499998,2.82998e-08
135.05,0.0,136.31415312499996,2.8889500000000002e-08
135.05,0.0,136.31390312499997,2.82503e-08
135.05,0.0,136.31365312499997,2.9759550000000002e-08
135.05,0.0,136.31340312499998,2.92692e-08
135.05,0.0,136.31315312499999,2.91104e-08
135.05,0.0,136.31290312499996,2.94499e-08
135.05,0.0,136.31265312499997,2.889335e-08
135.05,0.0,136.31240312499997,2.830755e-08
135.05,0.0,136.31215312499998,2.89879e-08
135.05,0.0,136.311903125,2.90508e-08
135.05,0.0,136.31165312499996,2.955075e-08
135.05,0.0,136.31140312499997,2.93087e-08
135.05,0.0,136.31115312499998,2.882985e-08
135.05,0.0,136.31090312499998,2.85519e-08
135.05,0.0,136.31065312499996,2.8944200000000002e-08
135.05,0.0,136.31040312499997,2.926645e-08
135.05,0.0,136.31015312499997,2.91182e-08
135.05,0.0,136.30990312499998,2.9039e-08
135.05,0.0,136.30965312499998,2.904095e-08
135.05,0.0,136.30940312499996,2.906455e-08
135.05,0.0,136.30915312499997,2.92927e-08
135.05,0.0,136.30890312499997,2.96569e-08
135.05,0.0,136.30865312499998,2.883445e-08
135.05,0.0,136.30840312499998,2.89661e-08
135.05,0.0,136.30815312499996,2.949685e-08
135.05,0.0,136.30790312499997,2.68393e-08
135.05,0.0,136.30765312499997,2.91599e-08
135.05,0.0,136.30740312499998,2.909665e-08
135.05,0.0,136.30715312499999,2.904615e-08
135.05,0.0,136.30690312499996,2.90948e-08
135.05,0.0,136.30665312499997,2.9815e-08
135.05,0.0,136.30640312499997,2.9693650000000002e-08
135.05,0.0,136.30615312499998,2.95969e-08
135.05,0.0,136.305903125,2.92775e-08
135.05,0.0,136.30565312499996,2.97017e-08
135.05,0.0,136.30540312499997,2.805495e-08
135.05,0.0,136.30515312499998,2.935155e-08
135.05,0.0,136.30490312499998,2.8743e-08
135.05,0.0,136.30465312499996,2.953025e-08
135.05,0.0,136.30440312499996,2.905945e-08
135.05,0.0,136.30415312499997,2.916925e-08
135.05,0.0,136.30390312499998,2.96745e-08
135.05,0.0,136.30365312499998,2.94025e-08
135.05,0.0,136.30340312499996,3.032905e-08
135.05,0.0,136.30315312499997,2.93191e-08
135.05,0.0,136.30290312499997,3.04563e-08
135.05,0.0,136.30265312499998,2.87618e-08
135.05,0.0,136.30240312499998,2.999245e-08
135.05,0.0,136.30215312499996,2.927955e-08
135.05,0.0,136.30190312499997,2.89536e-08
135.05,0.0,136.30165312499997,2.93447e-08
135.05,0.0,136.30140312499998,2.9728400000000002e-08
135.05,0.0,136.30115312499998,2.97117e-08
135.05,0.0,136.30090312499996,2.87846e-08
135.05,0.0,136.30065312499997,2.99395e-08
135.05,0.0,136.30040312499997,2.973985e-08
135.05,0.0,136.30015312499998,2.91556e-08
135.05,0.0,136.299903125,2.88413e-08
135.05,0.0,136.29965312499996,2.938295e-08
135.05,0.0,136.29940312499997,3.008735e-08
135.05,0.0,136.29915312499998,3.00214e-08
135.05,0.0,136.29890312499998,2.974325e-08
135.05,0.0,136.298653125,2.99927e-08
135.05,0.0,136.29840312499996,2.972365e-08
135.05,0.0,136.29815312499997,3.004385e-08
135.05,0.0,136.29790312499998,2.9509100000000002e-08
135.05,0.0,136.29765312499998,2.947175e-08
135.05,0.0,136.29740312499996,3.0085550000000004e-08
135.05,0.0,136.29715312499997,2.98389e-08
135.05,0.0,136.29690312499997,3.08084e-08
135.05,0.0,136.29665312499998,3.009045e-08
135.05,0.0,136.29640312499998,2.999705e-08
135.05,0.0,136.29615312499996,2.95461e-08
135.05,0.0,136.29590312499997,2.97417e-08
135.05,0.0,136.29565312499997,2.918255e-08
135.05,0.0,136.29540312499998,2.967085e-08
135.05,0.0,136.29515312499998,2.98641e-08
135.05,0.0,136.29490312499996,2.998155e-08
135.05,0.0,136.29465312499997,2.97225e-08
135.05,0.0,136.29440312499997,3.070085e-08
135.05,0.0,136.29415312499998,2.94461e-08
135.05,0.0,136.29390312499999,2.977635e-08
135.05,0.0,136.29365312499996,2.98068e-08
135.05,0.0,136.29340312499997,3.0245166666666675e-08
135.05,0.0,136.29315312499998,2.98761e-08
135.05,0.0,136.29290312499998,2.9927e-08
135.05,0.0,136.292653125,2.99547e-08
135.05,0.0,136.29240312499996,2.93561e-08
135.05,0.0,136.29215312499997,2.9771e-08
135.05,0.0,136.29190312499998,2.99703e-08
135.05,0.0,136.29165312499998,3.012455e-08
135.05,0.0,136.29140312499996,3.02035e-08
135.05,0.0,136.29115312499997,2.946475e-08
135.05,0.0,136.29090312499997,3.02427e-08
135.05,0.0,136.29065312499998,2.86135e-08
135.05,0.0,136.29040312499998,3.02265e-08
135.05,0.0,136.29015312499996,3.03974e-08
135.05,0.0,136.28990312499997,3.0765400000000006e-08
135.05,0.0,136.28965312499997,3.00331e-08
135.05,0.0,136.28940312499998,3.016045e-08
135.05,0.0,136.28915312499998,2.98835e-08
135.05,0.0,136.28890312499996,2.9199e-08
135.05,0.0,136.28865312499997,3.043445e-08
135.05,0.0,136.28840312499997,3.04739e-08
135.05,0.0,136.28815312499998,2.96971e-08
135.05,0.0,136.28790312499999,2.9976150000000005e-08
135.05,0.0,136.28765312499996,3.03918e-08
135.05,0.0,136.28740312499997,2.889715e-08
135.05,0.0,136.28715312499997,2.9852e-08
135.05,0.0,136.28690312499998,3.03011e-08
135.05,0.0,136.286653125,3.005525e-08
135.05,0.0,136.28640312499996,3.0075699999999994e-08
135.05,0.0,136.28615312499997,2.96369e-08
135.05,0.0,136.28590312499998,3.10411e-08
135.05,0.0,136.28565312499998,2.9380850000000002e-08
135.05,0.0,136.28540312499996,3.083195e-08
135.05,0.0,136.28515312499997,3.00135e-08
135.05,0.0,136.28490312499997,2.985525e-08
135.05,0.0,136.28465312499998,2.995335e-08
135.05,0.0,136.28440312499998,3.043565e-08
135.05,0.0,136.28415312499996,2.98716e-08
135.05,0.0,136.28390312499997,2.966055e-08
135.05,0.0,136.28365312499997,2.92106e-08
135.05,0.0,136.28340312499998,3.010895e-08
135.05,0.0,136.28315312499998,3.02124e-08
135.05,0.0,136.28290312499996,2.962335e-08
135.05,0.0,136.28265312499997,2.925405e-08
135.05,0.0,136.28240312499997,3.0439950000000004e-08
135.05,0.0,136.28215312499998,3.006345e-08
135.05,0.0,136.28190312499999,2.9646900000000002e-08
135.05,0.0,136.28165312499996,2.9145e-08
135.05,0.0,136.28140312499997,3.05483e-08
135.05,0.0,136.28115312499997,2.974815e-08
135.05,0.0,136.28090312499998,2.9945550000000004e-08
135.05,0.0,136.280653125,2.92795e-08
135.05,0.0,136.28040312499996,2.888005e-08
135.05,0.0,136.28015312499997,2.98146e-08
135.05,0.0,136.27990312499998,2.97795e-08
135.05,0.0,136.27965312499998,3.0087500000000004e-08
135.05,0.0,136.27940312499996,2.84841e-08
135.05,0.0,136.27915312499997,2.98419e-08
135.05,0.0,136.27890312499997,2.853075e-08
135.05,0.0,136.27865312499998,3.0447050000000004e-08
135.05,0.0,136.27840312499998,3.06351e-08
135.05,0.0,136.27815312499996,2.92888e-08
135.05,0.0,136.27790312499997,3.05655e-08
135.05,0.0,136.27765312499997,2.8917266666666667e-08
135.05,0.0,136.27740312499998,2.99006e-08
135.05,0.0,136.27715312499998,2.98378e-08
135.05,0.0,136.27690312499996,2.93519e-08
135.05,0.0,136.27665312499997,2.9830699999999995e-08
135.05,0.0,136.27640312499997,3.03425e-08
135.05,0.0,136.27615312499998,2.876885e-08
135.05,0.0,136.27590312499999,2.9204150000000006e-08
135.05,0.0,136.27565312499996,2.91698e-08
135.05,0.0,136.27540312499997,2.919175e-08
135.05,0.0,136.27515312499997,3.025755e-08
135.05,0.0,136.27490312499998,2.967795e-08
135.05,0.0,136.274653125,2.960815e-08
135.05,0.0,136.27440312499996,2.91485e-08
135.05,0.0,136.27415312499997,2.91264e-08
135.05,0.0,136.27390312499998,2.923765e-08
135.05,0.0,136.27365312499998,3.015365e-08
135.05,0.0,136.27340312499996,3.083685e-08
135.05,0.0,136.27315312499996,2.93286e-08
135.05,0.0,136.27290312499997,2.972445e-08
135.05,0.0,136.27265312499998,2.89753e-08
135.05,0.0,136.27240312499998,2.89232e-08
135.05,0.0,136.27215312499996,2.99161e-08
135.05,0.0,136.27190312499997,2.975365e-08
135.05,0.0,136.27165312499997,2.878445e-08
135.05,0.0,136.27140312499998,2.90395e-08
135.05,0.0,136.27115312499998,2.86303e-08
135.05,0.0,136.27090312499996,2.900853333333333e-08
135.05,0.0,136.27065312499997,2.97664e-08
135.05,0.0,136.27040312499997,2.91432e-08
135.05,0.0,136.27015312499998,2.8856350000000006e-08
135.05,0.0,136.26990312499998,3.007005e-08
135.05,0.0,136.26965312499996,2.947495e-08
135.05,0.0,136.26940312499997,2.92937e-08
135.05,0.0,136.26915312499997,2.927055e-08
135.05,0.0,136.26890312499998,2.868935e-08
135.05,0.0,136.268653125,2.9680450000000003e-08
135.05,0.0,136.26840312499996,2.942115e-08
135.05,0.0,136.26815312499997,2.8755250000000002e-08
135.05,0.0,136.26790312499998,2.8000550000000006e-08
135.05,0.0,136.26765312499998,2.863465e-08
135.05,0.0,136.267403125,2.93831e-08
135.05,0.0,136.26715312499996,2.871605e-08
135.05,0.0,136.26690312499997,2.829925e-08
135.05,0.0,136.26665312499998,2.8786e-08
135.05,0.0,136.26640312499998,2.8556150000000006e-08
135.05,0.0,136.26615312499996,2.789905e-08
135.05,0.0,136.26590312499997,2.993765e-08
135.05,0.0,136.26565312499997,2.859095e-08
135.05,0.0,136.26540312499998,2.90646e-08
135.05,0.0,136.26515312499998,2.90361e-08
135.05,0.0,136.26490312499996,2.918955e-08
135.05,0.0,136.26465312499997,2.921805e-08
135.05,0.0,136.26440312499997,2.87739e-08
135.05,0.0,136.26415312499998,2.87097e-08
135.05,0.0,136.26390312499998,2.8839033333333334e-08
135.05,0.0,136.26365312499996,2.83423e-08
135.05,0.0,136.26340312499997,2.929155e-08
135.05,0.0,136.26315312499997,2.89268e-08
135.05,0.0,136.26290312499998,2.817e-08
135.05,0.0,136.26265312499999,2.97752e-08
135.05,0.0,136.26240312499996,2.91215e-08
135.05,0.0,136.26215312499997,2.960675e-08
135.05,0.0,136.26190312499998,2.91797e-08
135.05,0.0,136.26165312499998,3.080595e-08
135.05,0.0,136.261403125,2.906795e-08
135.05,0.0,136.26115312499996,2.90545e-08
135.05,0.0,136.26090312499997,2.93452e-08
135.05,0.0,136.26065312499998,2.92469e-08
135.05,0.0,136.26040312499998,2.94176e-08
135.05,0.0,136.26015312499996,2.947815e-08
135.05,0.0,136.25990312499997,2.86909e-08
135.05,0.0,136.25965312499997,2.986095e-08
135.05,0.0,136.25940312499998,2.93587e-08
135.05,0.0,136.25915312499998,2.87912e-08
135.05,0.0,136.25890312499996,2.950065e-08
135.05,0.0,136.25865312499997,2.95254e-08
135.05,0.0,136.25840312499997,2.97844e-08
135.05,0.0,136.25815312499998,2.868925e-08
135.05,0.0,136.25790312499998,2.80685e-08
135.05,0.0,136.25765312499996,2.964745e-08
135.05,0.0,136.25740312499997,2.86019e-08
135.05,0.0,136.25715312499997,2.8951e-08
135.05,0.0,136.25690312499998,2.932895e-08
135.05,0.0,136.25665312499999,3.04001e-08
135.05,0.0,136.25640312499996,2.99533e-08
135.05,0.0,136.25615312499997,2.917925e-08
135.05,0.0,136.25590312499997,2.977255e-08
135.05,0.0,136.25565312499998,2.89865e-08
135.05,0.0,136.255403125,2.9411750000000002e-08
135.05,0.0,136.25515312499996,2.843125e-08
135.05,0.0,136.25490312499997,2.8989e-08
135.05,0.0,136.25465312499998,2.82566e-08
135.05,0.0,136.25440312499998,2.878135e-08
135.05,0.0,136.25415312499996,2.9344e-08
135.05,0.0,136.25390312499997,2.881305e-08
135.05,0.0,136.25365312499997,2.84509e-08
135.05,0.0,136.25340312499998,2.91314e-08
135.05,0.0,136.25315312499998,2.85131e-08
135.05,0.0,136.25290312499996,2.885505e-08
135.05,0.0,136.25265312499997,2.76766e-08
135.05,0.0,136.25240312499997,2.946035e-08
135.05,0.0,136.25215312499998,2.950865e-08
135.05,0.0,136.25190312499998,2.91259e-08
135.05,0.0,136.25165312499996,2.87912e-08
135.05,0.0,136.25140312499997,2.756515e-08
135.05,0.0,136.25115312499997,2.88521e-08
135.05,0.0,136.25090312499998,3.0113950000000005e-08
135.05,0.0,136.25065312499999,3.00198e-08
135.05,0.0,136.25040312499996,2.909e-08
135.05,0.0,136.25015312499997,2.89357e-08
135.05,0.0,136.24990312499997,2.963955e-08
135.05,0.0,136.24965312499998,2.91286e-08
135.05,0.0,136.249403125,2.80001e-08
135.05,0.0,136.24915312499996,2.97221e-08
135.05,0.0,136.24890312499997,2.8963550000000006e-08
135.05,0.0,136.24865312499998,2.9673950000000002e-08
135.05,0.0,136.24840312499998,2.90539e-08
135.05,0.0,136.24815312499996,2.9852400000000003e-08
135.05,0.0,136.24790312499997,2.847995e-08
135.05,0.0,136.24765312499997,2.95101e-08
135.05,0.0,136.24740312499998,2.880545e-08
135.05,0.0,136.24715312499998,2.907085e-08
135.05,0.0,136.24690312499996,2.970935e-08
135.05,0.0,136.24665312499997,2.93484e-08
135.05,0.0,136.24640312499997,2.939165e-08
135.05,0.0,136.24615312499998,3.04695e-08
135.05,0.0,136.24590312499998,2.89384e-08
135.05,0.0,136.24565312499996,2.9333150000000003e-08
135.05,0.0,136.24540312499997,2.965405e-08
135.05,0.0,136.24515312499997,2.923985e-08
135.05,0.0,136.24490312499998,2.80225e-08
135.05,0.0,136.24465312499999,2.89755e-08
135.05,0.0,136.24440312499996,2.978405e-08
135.05,0.0,136.24415312499997,2.9094250000000006e-08
135.05,0.0,136.24390312499997,2.84317e-08
135.05,0.0,136.24365312499998,2.92869e-08
135.05,0.0,136.243403125,2.919445e-08
135.05,0.0,136.24315312499996,2.964075e-08
135.05,0.0,136.24290312499997,2.92987e-08
135.05,0.0,136.24265312499998,2.95805e-08
135.05,0.0,136.24240312499998,2.90736e-08
135.05,0.0,136.24215312499996,2.88711e-08
135.05,0.0,136.24190312499996,2.92151e-08
135.05,0.0,136.24165312499997,2.84265e-08
135.05,0.0,136.24140312499998,2.8767366666666664e-08
135.05,0.0,136.24115312499998,2.829355e-08
135.05,0.0,136.24090312499996,2.90016e-08
135.05,0.0,136.24065312499997,2.86226e-08
135.05,0.0,136.24040312499997,2.90818e-08
135.05,0.0,136.24015312499998,2.89208e-08
135.05,0.0,136.23990312499998,2.86615e-08
135.05,0.0,136.23965312499996,3.03594e-08
135.05,0.0,136.23940312499997,2.9391366666666667e-08
135.05,0.0,136.23915312499997,2.86891e-08
135.05,0.0,136.23890312499998,2.8468e-08
135.05,0.0,136.23865312499998,2.89915e-08
135.05,0.0,136.23840312499996,2.900505e-08
135.05,0.0,136.23815312499997,2.831925e-08
135.05,0.0,136.23790312499997,2.83544e-08
135.05,0.0,136.23765312499998,2.865105e-08
135.05,0.0,136.237403125,2.8714766666666666e-08
135.05,0.0,136.23715312499996,2.88307e-08
135.05,0.0,136.23690312499997,2.92475e-08
135.05,0.0,136.23665312499998,2.875085e-08
135.05,0.0,136.23640312499998,2.826345e-08
135.05,0.0,136.236153125,2.88e-08
135.05,0.0,136.23590312499996,2.95087e-08
135.05,0.0,136.23565312499997,2.889625e-08
135.05,0.0,136.23540312499998,2.924345e-08
135.05,0.0,136.23515312499998,2.90168e-08
135.05,0.0,136.23490312499996,2.865595e-08
135.05,0.0,136.23465312499997,2.8686100000000002e-08
135.05,0.0,136.23440312499997,2.858475e-08
135.05,0.0,136.23415312499998,2.88776e-08
135.05,0.0,136.23390312499998,2.91386e-08
135.05,0.0,136.23365312499996,2.87048e-08
135.05,0.0,136.23340312499997,2.937825e-08
135.05,0.0,136.23315312499997,2.947525e-08
135.05,0.0,136.23290312499998,2.92595e-08
135.05,0.0,136.23265312499998,2.9136950000000002e-08
135.05,0.0,136.23240312499996,2.84487e-08
135.05,0.0,136.23215312499997,2.939905e-08
135.05,0.0,136.23190312499997,2.81136e-08
135.05,0.0,136.23165312499998,2.879905e-08
135.05,0.0,136.23140312499999,2.822605e-08
135.05,0.0,136.23115312499996,2.8947750000000002e-08
135.05,0.0,136.23090312499997,2.80444e-08
135.05,0.0,136.23065312499998,2.877425e-08
135.05,0.0,136.23040312499998,2.908406666666667e-08
135.05,0.0,136.230153125,2.8776800000000006e-08
135.05,0.0,136.22990312499996,2.87835e-08
135.05,0.0,136.22965312499997,2.94656e-08
135.05,0.0,136.22940312499998,2.969155e-08
135.05,0.0,136.22915312499998,2.963785e-08
135.05,0.0,136.22890312499996,2.94523e-08
135.05,0.0,136.22865312499997,2.91937e-08
135.05,0.0,136.22840312499997,2.921245e-08
135.05,0.0,136.22815312499998,2.92722e-08
135.05,0.0,136.22790312499998,2.9592200000000002e-08
135.05,0.0,136.22765312499996,2.923345e-08
135.05,0.0,136.22740312499997,2.90483e-08
135.05,0.0,136.22715312499997,2.97509e-08
135.05,0.0,136.22690312499998,2.89123e-08
135.05,0.0,136.22665312499998,2.97853e-08
135.05,0.0,136.22640312499996,2.85403e-08
135.05,0.0,136.22615312499997,2.95383e-08
135.05,0.0,136.22590312499997,2.934985e-08
135.05,0.0,136.22565312499998,2.85946e-08
135.05,0.0,136.22540312499999,2.947875e-08
135.05,0.0,136.22515312499996,3.09793e-08
135.05,0.0,136.22490312499997,3.07007e-08
135.05,0.0,136.22465312499997,2.99833e-08
135.05,0.0,136.22440312499998,2.8923900000000006e-08
135.05,0.0,136.224153125,2.86198e-08
135.05,0.0,136.22390312499996,2.88439e-08
135.05,0.0,136.22365312499997,3.1004799999999995e-08
135.05,0.0,136.22340312499998,2.96347e-08
135.05,0.0,136.22315312499998,2.93779e-08
135.05,0.0,136.22290312499996,2.98539e-08
135.05,0.0,136.22265312499997,2.95127e-08
135.05,0.0,136.22240312499997,2.99231e-08
135.05,0.0,136.22215312499998,2.87637e-08
135.05,0.0,136.22190312499998,2.975515e-08
135.05,0.0,136.22165312499996,2.85952e-08
135.05,0.0,136.22140312499997,2.960995e-08
135.05,0.0,136.22115312499997,2.99068e-08
135.05,0.0,136.22090312499998,2.962325e-08
135.05,0.0,136.22065312499998,3.00146e-08
135.05,0.0,136.22040312499996,2.917225e-08
135.05,0.0,136.22015312499997,2.89724e-08
135.05,0.0,136.21990312499997,2.84592e-08
135.05,0.0,136.21965312499998,2.905465e-08
135.05,0.0,136.21940312499999,2.94e-08
135.05,0.0,136.21915312499996,2.948075e-08
135.05,0.0,136.21890312499997,2.964135e-08
135.05,0.0,136.21865312499997,2.9862200000000004e-08
135.05,0.0,136.21840312499998,2.935255e-08
135.05,0.0,136.218153125,2.85431e-08
135.05,0.0,136.21790312499996,2.9616450000000003e-08
135.05,0.0,136.21765312499997,2.966845e-08
135.05,0.0,136.21740312499998,2.76124e-08
135.05,0.0,136.21715312499998,2.9096e-08
135.05,0.0,136.21690312499996,2.889415e-08
135.05,0.0,136.21665312499997,3.103345e-08
135.05,0.0,136.21640312499997,2.991875e-08
135.05,0.0,136.21615312499998,2.92626e-08
135.05,0.0,136.21590312499998,2.911675e-08
135.05,0.0,136.21565312499996,2.933875e-08
135.05,0.0,136.21540312499997,2.910705e-08
135.05,0.0,136.21515312499997,3.03425e-08
135.05,0.0,136.21490312499998,2.939005e-08
135.05,0.0,136.21465312499998,2.8762100000000002e-08
135.05,0.0,136.21440312499996,2.87421e-08
135.05,0.0,136.21415312499997,2.85195e-08
135.05,0.0,136.21390312499997,2.839345e-08
135.05,0.0,136.21365312499998,2.955845e-08
135.05,0.0,136.21340312499999,2.876535e-08
135.05,0.0,136.21315312499996,2.85161e-08
135.05,0.0,136.21290312499997,2.9211e-08
135.05,0.0,136.21265312499997,2.8771e-08
135.05,0.0,136.21240312499998,2.893835e-08
135.05,0.0,136.212153125,2.91466e-08
135.05,0.0,136.21190312499996,2.889195e-08
135.05,0.0,136.21165312499997,2.84756e-08
135.05,0.0,136.21140312499998,2.881045e-08
135.05,0.0,136.21115312499998,2.84283e-08
135.05,0.0,136.21090312499996,2.88165e-08
135.05,0.0,136.21065312499996,2.862435e-08
135.05,0.0,136.21040312499997,2.835215e-08
135.05,0.0,136.21015312499998,2.94439e-08
135.05,0.0,136.20990312499998,2.89691e-08
135.05,0.0,136.20965312499996,2.93234e-08
135.05,0.0,136.20940312499997,2.85748e-08
135.05,0.0,136.20915312499997,2.91078e-08
135.05,0.0,136.20890312499998,2.84103e-08
135.05,0.0,136.20865312499998,2.90893e-08
135.05,0.0,136.20840312499996,3.00498e-08
135.05,0.0,136.20815312499997,2.90361e-08
135.05,0.0,136.20790312499997,2.8331466666666665e-08
135.05,0.0,136.20765312499998,2.876095e-08
135.05,0.0,136.20740312499998,2.93133e-08
135.05,0.0,136.20715312499996,2.921e-08
135.05,0.0,136.20690312499997,2.923165e-08
135.05,0.0,136.20665312499997,2.874965e-08
135.05,0.0,136.20640312499998,2.905585e-08
135.05,0.0,136.206153125,2.88753e-08
135.05,0.0,136.20590312499996,2.85341e-08
135.05,0.0,136.20565312499997,3.000755e-08
135.05,0.0,136.20540312499998,2.90905e-08
135.05,0.0,136.20515312499998,3.02321e-08
135.05,0.0,136.204903125,2.92481e-08
135.05,0.0,136.20465312499996,2.88336e-08
135.05,0.0,136.20440312499997,2.87964e-08
135.05,0.0,136.20415312499998,2.926845e-08
135.05,0.0,136.20390312499998,2.71768e-08
135.05,0.0,136.20365312499996,2.94662e-08
135.05,0.0,136.20340312499997,2.8371e-08
135.05,0.0,136.20315312499997,2.82798e-08
135.05,0.0,136.20290312499998,2.98472e-08
135.05,0.0,136.20265312499998,2.90571e-08
135.05,0.0,136.20240312499996,2.84592e-08
135.05,0.0,136.20215312499997,2.927665e-08
135.05,0.0,136.20190312499997,2.985975e-08
135.05,0.0,136.20165312499998,2.8989850000000002e-08
135.05,0.0,136.20140312499998,2.89282e-08
135.05,0.0,136.20115312499996,2.890865e-08
135.05,0.0,136.20090312499997,2.8875666666666667e-08
135.05,0.0,136.20065312499997,2.820075e-08
135.05,0.0,136.20040312499998,2.88379e-08
135.05,0.0,136.20015312499999,2.94501e-08
135.05,0.0,136.19990312499996,2.8613800000000003e-08
135.05,0.0,136.19965312499997,2.9006250000000002e-08
135.05,0.0,136.19940312499998,2.92014e-08
135.05,0.0,136.19915312499998,2.872375e-08
135.05,0.0,136.198903125,2.8287900000000006e-08
135.05,0.0,136.19865312499996,2.908005e-08
135.05,0.0,136.19840312499997,2.87543e-08
135.05,0.0,136.19815312499998,2.88613e-08
135.05,0.0,136.19790312499998,2.9217350000000002e-08
135.05,0.0,136.19765312499996,2.895755e-08
135.05,0.0,136.19740312499997,3.07793e-08
135.05,0.0,136.19715312499997,2.85336e-08
135.05,0.0,136.19690312499998,2.899375e-08
135.05,0.0,136.19665312499998,2.82849e-08
135.05,0.0,136.19640312499996,2.89065e-08
135.05,0.0,136.19615312499997,2.862485e-08
135.05,0.0,136.19590312499997,2.93011e-08
135.05,0.0,136.19565312499998,2.7766550000000002e-08
135.05,0.0,136.19540312499998,2.87934e-08
135.05,0.0,136.19515312499996,2.918625e-08
135.05,0.0,136.19490312499997,2.85924e-08
135.05,0.0,136.19465312499997,2.922185e-08
135.05,0.0,136.19440312499998,2.877345e-08
135.05,0.0,136.19415312499999,2.905665e-08
135.05,0.0,136.19390312499996,2.913835e-08
135.05,0.0,136.19365312499997,2.76355e-08
135.05,0.0,136.19340312499997,2.9257e-08
135.05,0.0,136.19315312499998,2.868625e-08
135.05,0.0,136.192903125,2.86877e-08
135.05,0.0,136.19265312499996,2.878005e-08
135.05,0.0,136.19240312499997,2.8058e-08
135.05,0.0,136.19215312499998,2.948255e-08
135.05,0.0,136.19190312499998,2.90097e-08
135.05,0.0,136.19165312499996,2.894595e-08
135.05,0.0,136.19140312499997,2.901e-08
135.05,0.0,136.19115312499997,2.84868e-08
135.05,0.0,136.19090312499998,2.897055e-08
135.05,0.0,136.19065312499998,2.86843e-08
135.05,0.0,136.19040312499996,2.78268e-08
135.05,0.0,136.19015312499997,2.89198e-08
135.05,0.0,136.18990312499997,2.845445e-08
135.05,0.0,136.18965312499998,2.999045e-08
135.05,0.0,136.18940312499998,2.90876e-08
135.05,0.0,136.18915312499996,2.854675e-08
135.05,0.0,136.18890312499997,2.915765e-08
135.05,0.0,136.18865312499997,2.915435e-08
135.05,0.0,136.18840312499998,2.96868e-08
135.05,0.0,136.18815312499999,2.932865e-08
135.05,0.0,136.18790312499996,2.87479e-08
135.05,0.0,136.18765312499997,2.9155450000000003e-08
135.05,0.0,136.18740312499997,2.856685e-08
135.05,0.0,136.18715312499998,2.963055e-08
135.05,0.0,136.186903125,2.917125e-08
135.05,0.0,136.18665312499996,2.87681e-08
135.05,0.0,136.18640312499997,2.902445e-08
135.05,0.0,136.18615312499998,2.87945e-08
135.05,0.0,136.18590312499998,2.849535e-08
135.05,0.0,136.18565312499996,2.9346350000000006e-08
135.05,0.0,136.18540312499997,2.858585e-08
135.05,0.0,136.18515312499997,2.891445e-08
135.05,0.0,136.18490312499998,2.94706e-08
135.05,0.0,136.18465312499998,2.8322e-08
135.05,0.0,136.18440312499996,2.950455e-08
135.05,0.0,136.18415312499997,2.942245e-08
135.05,0.0,136.18390312499997,2.873695e-08
135.05,0.0,136.18365312499998,2.91576e-08
135.05,0.0,136.18340312499998,2.87791e-08
135.05,0.0,136.18315312499996,2.90006e-08
135.05,0.0,136.18290312499997,2.878705e-08
135.05,0.0,136.18265312499997,2.93775e-08
135.05,0.0,136.18240312499998,2.85812e-08
135.05,0.0,136.18215312499999,2.91803e-08
135.05,0.0,136.18190312499996,2.8381500000000002e-08
135.05,0.0,136.18165312499997,2.81148e-08
135.05,0.0,136.18140312499997,2.96314e-08
135.05,0.0,136.18115312499998,2.928865e-08
135.05,0.0,136.180903125,2.9309500000000002e-08
135.05,0.0,136.18065312499996,2.858895e-08
135.05,0.0,136.18040312499997,2.88953e-08
135.05,0.0,136.18015312499998,2.87486e-08
135.05,0.0,136.17990312499998,2.872395e-08
135.05,0.0,136.17965312499996,2.91225e-08
135.05,0.0,136.17940312499996,2.979775e-08
135.05,0.0,136.17915312499997,2.859105e-08
135.05,0.0,136.17890312499998,2.879085e-08
135.05,0.0,136.17865312499998,2.8537e-08
135.05,0.0,136.17840312499996,2.88348e-08
135.05,0.0,136.17815312499997,2.85722e-08
135.05,0.0,136.17790312499997,2.96625e-08
135.05,0.0,136.17765312499998,2.81367e-08
135.05,0.0,136.17740312499998,2.92976e-08
135.05,0.0,136.17715312499996,2.93286e-08
135.05,0.0,136.17690312499997,2.87294e-08
135.05,0.0,136.17665312499997,2.897285e-08
135.05,0.0,136.17640312499998,2.84037e-08
135.05,0.0,136.17615312499998,2.84855e-08
135.05,0.0,136.17590312499996,2.911405e-08
135.05,0.0,136.17565312499997,2.88899e-08
135.05,0.0,136.17540312499997,2.876445e-08
135.05,0.0,136.17515312499998,2.877655e-08
135.05,0.0,136.174903125,2.9432000000000002e-08
135.05,0.0,136.17465312499996,2.86047e-08
135.05,0.0,136.17440312499997,2.95775e-08
135.05,0.0,136.17415312499998,2.92667e-08
135.05,0.0,136.17390312499998,2.9042833333333333e-08
135.05,0.0,136.173653125,2.85922e-08
135.05,0.0,136.17340312499996,2.94258e-08
135.05,0.0,136.17315312499997,3.040815e-08
135.05,0.0,136.17290312499998,2.90285e-08
135.05,0.0,136.17265312499998,2.92809e-08
135.05,0.0,136.17240312499996,2.96815e-08
135.05,0.0,136.17215312499997,2.919185e-08
135.05,0.0,136.17190312499997,2.91518e-08
135.05,0.0,136.17165312499998,2.913235e-08
135.05,0.0,136.17140312499998,2.89372e-08
135.05,0.0,136.17115312499996,2.98648e-08
135.05,0.0,136.17090312499997,2.901545e-08
135.05,0.0,136.17065312499997,2.92924e-08
135.05,0.0,136.17040312499998,2.94915e-08
135.05,0.0,136.17015312499998,2.9098e-08
135.05,0.0,136.16990312499996,2.945775e-08
135.05,0.0,136.16965312499997,2.94408e-08
135.05,0.0,136.16940312499997,2.91358e-08
135.05,0.0,136.16915312499998,2.92334e-08
135.05,0.0,136.16890312499999,2.84231e-08
135.05,0.0,136.16865312499996,2.93915e-08
135.05,0.0,136.16840312499997,2.916315e-08
135.05,0.0,136.16815312499998,2.924035e-08
135.05,0.0,136.16790312499998,2.86878e-08
135.05,0.0,136.167653125,2.89965e-08
135.05,0.0,136.16740312499996,2.9084466666666672e-08
135.05,0.0,136.16715312499997,2.94056e-08
135.05,0.0,136.16690312499998,2.91382e-08
135.05,0.0,136.16665312499998,2.949755e-08
135.05,0.0,136.16640312499996,2.936845e-08
135.05,0.0,136.16615312499997,2.918465e-08
135.05,0.0,136.16590312499997,2.97184e-08
135.05,0.0,136.16565312499998,2.914895e-08
135.05,0.0,136.16540312499998,2.921105e-08
135.05,0.0,136.16515312499996,2.960495e-08
135.05,0.0,136.16490312499997,2.947005e-08
135.05,0.0,136.16465312499997,2.866385e-08
135.05,0.0,136.16440312499998,2.93454e-08
135.05,0.0,136.16415312499998,2.897115e-08
135.05,0.0,136.16390312499996,3.0417e-08
135.05,0.0,136.16365312499997,2.910565e-08
135.05,0.0,136.16340312499997,2.838695e-08
135.05,0.0,136.16315312499998,2.883485e-08
135.05,0.0,136.16290312499999,2.962205e-08
135.05,0.0,136.16265312499996,3.086675e-08
135.05,0.0,136.16240312499997,2.958055e-08
135.05,0.0,136.16215312499997,3.00317e-08
135.05,0.0,136.16190312499998,2.96382e-08
135.05,0.0,136.161653125,2.95789e-08
135.05,0.0,136.16140312499996,3.018255e-08
135.05,0.0,136.16115312499997,2.94165e-08
135.05,0.0,136.16090312499998,2.95615e-08
135.05,0.0,136.16065312499998,2.91285e-08
135.05,0.0,136.16040312499996,2.9314400000000002e-08
135.05,0.0,136.16015312499997,2.86528e-08
135.05,0.0,136.15990312499997,2.93463e-08
135.05,0.0,136.15965312499998,2.933995e-08
135.05,0.0,136.15940312499998,2.94197e-08
135.05,0.0,136.15915312499996,2.90724e-08
135.05,0.0,136.15890312499997,2.96221e-08
135.05,0.0,136.15865312499997,2.86954e-08
135.05,0.0,136.15840312499998,2.879585e-08
135.05,0.0,136.15815312499998,2.9542366666666673e-08
135.05,0.0,136.15790312499996,2.92166e-08
135.05,0.0,136.15765312499997,2.949525e-08
135.05,0.0,136.15740312499997,2.880315e-08
135.05,0.0,136.15715312499998,2.898135e-08
135.05,0.0,136.15690312499999,2.92864e-08
135.05,0.0,136.15665312499996,2.9875550000000004e-08
135.05,0.0,136.15640312499997,2.928195e-08
135.05,0.0,136.15615312499997,2.973925e-08
135.05,0.0,136.15590312499998,2.96812e-08
135.05,0.0,136.155653125,2.934445e-08
135.05,0.0,136.15540312499996,2.894315e-08
135.05,0.0,136.15515312499997,2.931215e-08
135.05,0.0,136.15490312499998,2.94064e-08
135.05,0.0,136.15465312499998,2.982605e-08
135.05,0.0,136.15440312499996,2.947525e-08
135.05,0.0,136.15415312499997,3.01403e-08
135.05,0.0,136.15390312499997,3.017725e-08
135.05,0.0,136.15365312499998,2.974915e-08
135.05,0.0,136.15340312499998,2.89657e-08
135.05,0.0,136.15315312499996,2.864185e-08
135.05,0.0,136.15290312499997,2.97264e-08
135.05,0.0,136.15265312499997,2.92271e-08
135.05,0.0,136.15240312499998,2.97689e-08
135.05,0.0,136.15215312499998,2.991065e-08
135.05,0.0,136.15190312499996,2.95761e-08
135.05,0.0,136.15165312499997,2.86999e-08
135.05,0.0,136.15140312499997,2.9501566666666674e-08
135.05,0.0,136.15115312499998,2.96129e-08
135.05,0.0,136.15090312499999,2.967895e-08
135.05,0.0,136.15065312499996,2.935695e-08
135.05,0.0,136.15040312499997,2.98067e-08
135.05,0.0,136.15015312499997,2.93675e-08
135.05,0.0,136.14990312499998,2.73389e-08
135.05,0.0,136.149653125,2.96989e-08
135.05,0.0,136.14940312499996,2.95446e-08
135.05,0.0,136.14915312499997,2.974965e-08
135.05,0.0,136.14890312499998,2.98229e-08
135.05,0.0,136.14865312499998,2.99025e-08
135.05,0.0,136.14840312499996,2.91828e-08
135.05,0.0,136.14815312499996,2.96313e-08
135.05,0.0,136.14790312499997,2.849205e-08
135.05,0.0,136.14765312499998,2.94731e-08
135.05,0.0,136.14740312499998,2.96653e-08
135.05,0.0,136.14715312499996,2.929415e-08
135.05,0.0,136.14690312499997,3.005785e-08
135.05,0.0,136.14665312499997,2.96284e-08
135.05,0.0,136.14640312499998,2.966665e-08
135.05,0.0,136.14615312499998,2.90201e-08
135.05,0.0,136.14590312499996,2.95393e-08
135.05,0.0,136.14565312499997,2.950615e-08
135.05,0.0,136.14540312499997,2.990195e-08
135.05,0.0,136.14515312499998,2.96555e-08
135.05,0.0,136.14490312499998,2.96171e-08
135.05,0.0,136.14465312499996,2.9983966666666666e-08
135.05,0.0,136.14440312499997,2.964185e-08
135.05,0.0,136.14415312499997,2.93624e-08
135.05,0.0,136.14390312499998,3.002785e-08
135.05,0.0,136.143653125,2.983285e-08
135.05,0.0,136.14340312499996,2.981075e-08
135.05,0.0,136.14315312499997,2.94295e-08
135.05,0.0,136.14290312499998,2.986125e-08
135.05,0.0,136.14265312499998,2.971945e-08
135.05,0.0,136.142403125,3.01539e-08
135.05,0.0,136.14215312499996,2.967e-08
135.05,0.0,136.14190312499997,2.99231e-08
135.05,0.0,136.14165312499998,2.99592e-08
135.05,0.0,136.14140312499998,3.01672e-08
135.05,0.0,136.14115312499996,2.95476e-08
135.05,0.0,136.14090312499997,3.0144849999999995e-08
135.05,0.0,136.14065312499997,3.074095e-08
135.05,0.0,136.14040312499998,3.00612e-08
135.05,0.0,136.14015312499998,3.11593e-08
135.05,0.0,136.13990312499996,2.9983250000000005e-08
135.05,0.0,136.13965312499997,3.03193e-08
135.05,0.0,136.13940312499997,3.05698e-08
135.05,0.0,136.13915312499998,3.07457e-08
135.05,0.0,136.13890312499998,3.015795e-08
135.05,0.0,136.13865312499996,2.981505e-08
135.05,0.0,136.13840312499997,3.04685e-08
135.05,0.0,136.13815312499997,3.02937e-08
135.05,0.0,136.13790312499998,3.083935e-08
135.05,0.0,136.13765312499999,3.088155e-08
135.05,0.0,136.13740312499996,3.053645e-08
135.05,0.0,136.13715312499997,3.11994e-08
135.05,0.0,136.13690312499998,3.142805e-08
135.05,0.0,136.13665312499998,3.0545e-08
135.05,0.0,136.136403125,3.056125e-08
135.05,0.0,136.13615312499996,3.09707e-08
135.05,0.0,136.13590312499997,3.0801966666666674e-08
135.05,0.0,136.13565312499998,3.03497e-08
135.05,0.0,136.13540312499998,3.02562e-08
135.05,0.0,136.13515312499996,2.96945e-08
135.05,0.0,136.13490312499997,3.083465e-08
135.05,0.0,136.13465312499997,3.137955e-08
135.05,0.0,136.13440312499998,3.0749000000000006e-08
135.05,0.0,136.13415312499998,2.99447e-08
135.05,0.0,136.13390312499996,3.05729e-08
135.05,0.0,136.13365312499997,3.0415100000000003e-08
135.05,0.0,136.13340312499997,3.08499e-08
135.05,0.0,136.13315312499998,3.021295e-08
135.05,0.0,136.13290312499998,3.07704e-08
135.05,0.0,136.13265312499996,3.03315e-08
135.05,0.0,136.13240312499997,3.0940250000000005e-08
135.05,0.0,136.13215312499997,3.0782e-08
135.05,0.0,136.13190312499998,3.11762e-08
135.05,0.0,136.13165312499999,3.058675e-08
135.05,0.0,136.13140312499996,3.1242349999999995e-08
135.05,0.0,136.13115312499997,3.013245e-08
135.05,0.0,136.13090312499997,3.088635e-08
135.05,0.0,136.13065312499998,3.01035e-08
135.05,0.0,136.130403125,3.13909e-08
135.05,0.0,136.13015312499996,3.037685e-08
135.05,0.0,136.12990312499997,3.08048e-08
135.05,0.0,136.12965312499998,3.0732100000000006e-08
135.05,0.0,136.12940312499998,3.1163950000000004e-08
135.05,0.0,136.12915312499996,3.09388e-08
135.05,0.0,136.12890312499997,3.1167033333333337e-08
135.05,0.0,136.12865312499997,3.08822e-08
135.05,0.0,136.12840312499998,3.10701e-08
135.05,0.0,136.12815312499998,3.008225e-08
135.05,0.0,136.12790312499996,3.06555e-08
135.05,0.0,136.12765312499997,3.032415e-08
135.05,0.0,136.12740312499997,3.13712e-08
135.05,0.0,136.12715312499998,3.024335e-08
135.05,0.0,136.12690312499998,3.0448566666666675e-08
135.05,0.0,136.12665312499996,3.067145e-08
135.05,0.0,136.12640312499997,2.98562e-08
135.05,0.0,136.12615312499997,3.059535e-08
135.05,0.0,136.12590312499998,2.998865e-08
135.05,0.0,136.12565312499999,3.133935e-08
135.05,0.0,136.12540312499996,2.82774e-08
135.05,0.0,136.12515312499997,3.131445e-08
135.05,0.0,136.12490312499997,3.119595e-08
135.05,0.0,136.12465312499998,3.1284000000000004e-08
135.05,0.0,136.124403125,3.101265e-08
135.05,0.0,136.12415312499996,3.091415e-08
135.05,0.0,136.12390312499997,3.07803e-08
135.05,0.0,136.12365312499998,3.057025e-08
135.05,0.0,136.12340312499998,3.1231e-08
135.05,0.0,136.12315312499996,3.035345e-08
135.05,0.0,136.12290312499997,3.07357e-08
135.05,0.0,136.12265312499997,3.1885250000000004e-08
135.05,0.0,136.12240312499998,3.00906e-08
135.05,0.0,136.12215312499998,3.170495e-08
135.05,0.0,136.12190312499996,3.1487e-08
135.05,0.0,136.12165312499997,3.164215e-08
135.05,0.0,136.12140312499997,3.13307e-08
135.05,0.0,136.12115312499998,3.18503e-08
135.05,0.0,136.12090312499998,3.04142e-08
135.05,0.0,136.12065312499996,3.1312699999999994e-08
135.05,0.0,136.12040312499997,3.12249e-08
135.05,0.0,136.12015312499997,3.12389e-08
135.05,0.0,136.11990312499998,3.058255e-08
135.05,0.0,136.11965312499999,3.15751e-08
135.05,0.0,136.11940312499996,3.10103e-08
135.05,0.0,136.11915312499997,3.12383e-08
135.05,0.0,136.11890312499997,3.09481e-08
135.05,0.0,136.11865312499998,3.096875e-08
135.05,0.0,136.118403125,3.09157e-08
135.05,0.0,136.11815312499996,3.1566e-08
135.05,0.0,136.11790312499997,3.178185e-08
135.05,0.0,136.11765312499998,3.1443e-08
135.05,0.0,136.11740312499998,3.15175e-08
135.05,0.0,136.11715312499996,3.18089e-08
135.05,0.0,136.11690312499996,3.1327450000000004e-08
135.05,0.0,136.11665312499997,3.184815e-08
135.05,0.0,136.11640312499998,3.12556e-08
135.05,0.0,136.11615312499998,3.132105e-08
135.05,0.0,136.11590312499996,3.13706e-08
135.05,0.0,136.11565312499997,3.108625e-08
135.05,0.0,136.11540312499997,3.16026e-08
135.05,0.0,136.11515312499998,3.148085e-08
135.05,0.0,136.11490312499998,3.127305e-08
135.05,0.0,136.11465312499996,3.146855e-08
135.05,0.0,136.11440312499997,3.12043e-08
135.05,0.0,136.11415312499997,3.10772e-08
135.05,0.0,136.11390312499998,3.181195e-08
135.05,0.0,136.11365312499998,3.14584e-08
135.05,0.0,136.11340312499996,3.157155e-08
135.05,0.0,136.11315312499997,3.161225e-08
135.05,0.0,136.11290312499997,3.14675e-08
135.05,0.0,136.11265312499998,3.09698e-08
135.05,0.0,136.112403125,3.16219e-08
135.05,0.0,136.11215312499996,3.136835e-08
135.05,0.0,136.11190312499997,3.148485e-08
135.05,0.0,136.11165312499998,3.1918400000000003e-08
135.05,0.0,136.11140312499998,3.21838e-08
135.05,0.0,136.111153125,3.17642e-08
135.05,0.0,136.11090312499996,3.1339e-08
135.05,0.0,136.11065312499997,3.10361e-08
135.05,0.0,136.11040312499998,3.218815e-08
135.05,0.0,136.11015312499998,3.150375e-08
135.05,0.0,136.10990312499996,3.150805e-08
135.05,0.0,136.10965312499997,3.17491e-08
135.05,0.0,136.10940312499997,3.2454499999999995e-08
135.05,0.0,136.10915312499998,3.158185e-08
135.05,0.0,136.10890312499998,3.16354e-08
135.05,0.0,136.10865312499996,3.1921600000000004e-08
135.05,0.0,136.10840312499997,3.1562650000000004e-08
135.05,0.0,136.10815312499997,3.2158599999999995e-08
135.05,0.0,136.10790312499998,3.258715e-08
135.05,0.0,136.10765312499998,3.24532e-08
135.05,0.0,136.10740312499996,3.32324e-08
135.05,0.0,136.10715312499997,3.2139050000000003e-08
135.05,0.0,136.10690312499997,3.188775e-08
135.05,0.0,136.10665312499998,3.233625e-08
135.05,0.0,136.10640312499999,3.152305e-08
135.05,0.0,136.10615312499996,3.34114e-08
135.05,0.0,136.10590312499997,3.19584e-08
135.05,0.0,136.10565312499998,3.18223e-08
135.05,0.0,136.10540312499998,3.2542e-08
135.05,0.0,136.105153125,3.2082e-08
135.05,0.0,136.10490312499996,3.33213e-08
135.05,0.0,136.10465312499997,3.19571e-08
135.05,0.0,136.10440312499998,3.217145e-08
135.05,0.0,136.10415312499998,3.130415e-08
135.05,0.0,136.10390312499996,3.216865e-08
135.05,0.0,136.10365312499997,3.294175e-08
135.05,0.0,136.10340312499997,3.2514050000000005e-08
135.05,0.0,136.10315312499998,3.3262250000000004e-08
135.05,0.0,136.10290312499998,3.292615e-08
135.05,0.0,136.10265312499996,3.17969e-08
135.05,0.0,136.10240312499997,3.2211900000000005e-08
135.05,0.0,136.10215312499997,3.219115e-08
135.05,0.0,136.10190312499998,3.218405e-08
135.05,0.0,136.10165312499998,3.226495e-08
135.05,0.0,136.10140312499996,3.34121e-08
135.05,0.0,136.10115312499997,3.14878e-08
135.05,0.0,136.10090312499997,3.28807e-08
135.05,0.0,136.10065312499998,3.18792e-08
135.05,0.0,136.10040312499999,3.29695e-08
135.05,0.0,136.10015312499996,3.266095e-08
135.05,0.0,136.09990312499997,3.130905e-08
135.05,0.0,136.09965312499997,3.261055e-08
135.05,0.0,136.09940312499998,3.26603e-08
135.05,0.0,136.099153125,3.2363e-08
135.05,0.0,136.09890312499996,3.3314150000000005e-08
135.05,0.0,136.09865312499997,3.24243e-08
135.05,0.0,136.09840312499998,3.26306e-08
135.05,0.0,136.09815312499998,3.23466e-08
135.05,0.0,136.09790312499996,3.2878750000000006e-08
135.05,0.0,136.09765312499997,3.277295e-08
135.05,0.0,136.09740312499997,3.26147e-08
135.05,0.0,136.09715312499998,3.25141e-08
135.05,0.0,136.09690312499998,3.2435250000000006e-08
135.05,0.0,136.09665312499996,3.24852e-08
135.05,0.0,136.09640312499997,3.23425e-08
135.05,0.0,136.09615312499997,3.289315e-08
135.05,0.0,136.09590312499998,3.266205e-08
135.05,0.0,136.09565312499998,3.26724e-08
135.05,0.0,136.09540312499996,3.275489999999999e-08
135.05,0.0,136.09515312499997,3.29241e-08
135.05,0.0,136.09490312499997,3.28159e-08
135.05,0.0,136.09465312499998,3.33724e-08
135.05,0.0,136.09440312499999,3.2225450000000004e-08
135.05,0.0,136.09415312499996,3.27079e-08
135.05,0.0,136.09390312499997,3.275645e-08
135.05,0.0,136.09365312499997,3.26138e-08
135.05,0.0,136.09340312499998,3.204455e-08
135.05,0.0,136.093153125,3.304105e-08
135.05,0.0,136.09290312499996,3.267405e-08
135.05,0.0,136.09265312499997,3.310925e-08
135.05,0.0,136.09240312499998,3.275455e-08
135.05,0.0,136.09215312499998,3.2505399999999994e-08
135.05,0.0,136.09190312499996,3.34447e-08
135.05,0.0,136.09165312499997,3.2928150000000004e-08
135.05,0.0,136.09140312499997,3.3843e-08
135.05,0.0,136.09115312499998,3.318655e-08
135.05,0.0,136.09090312499998,3.28251e-08
135.05,0.0,136.09065312499996,3.278605e-08
135.05,0.0,136.09040312499997,3.269055e-08
135.05,0.0,136.09015312499997,3.38086e-08
135.05,0.0,136.08990312499998,3.22088e-08
135.05,0.0,136.08965312499998,3.222035e-08
135.05,0.0,136.08940312499996,3.267815e-08
135.05,0.0,136.08915312499997,3.322005e-08
135.05,0.0,136.08890312499997,3.27428e-08
135.05,0.0,136.08865312499998,3.285843333333333e-08
135.05,0.0,136.08840312499999,3.2130900000000006e-08
135.05,0.0,136.08815312499996,3.23662e-08
135.05,0.0,136.08790312499997,3.20454e-08
135.05,0.0,136.08765312499997,3.277195e-08
135.05,0.0,136.08740312499998,3.28333e-08
135.05,0.0,136.087153125,3.210385e-08
135.05,0.0,136.08690312499996,3.27206e-08
135.05,0.0,136.08665312499997,3.29015e-08
135.05,0.0,136.08640312499998,3.18958e-08
135.05,0.0,136.08615312499998,3.24497e-08
135.05,0.0,136.08590312499996,3.255455e-08
135.05,0.0,136.08565312499996,3.314965e-08
135.05,0.0,136.08540312499997,3.24037e-08
135.05,0.0,136.08515312499998,3.252325e-08
135.05,0.0,136.08490312499998,3.28246e-08
135.05,0.0,136.08465312499996,3.171205e-08
135.05,0.0,136.08440312499997,3.21984e-08
135.05,0.0,136.08415312499997,3.294045e-08
135.05,0.0,136.08390312499998,3.27434e-08
135.05,0.0,136.08365312499998,3.295805e-08
135.05,0.0,136.08340312499996,3.30906e-08
135.05,0.0,136.08315312499997,3.309445e-08
135.05,0.0,136.08290312499997,3.25975e-08
135.05,0.0,136.08265312499998,3.231825e-08
135.05,0.0,136.08240312499998,3.27565e-08
135.05,0.0,136.08215312499996,3.222945e-08
135.05,0.0,136.08190312499997,3.21929e-08
135.05,0.0,136.08165312499997,3.204375e-08
135.05,0.0,136.08140312499998,3.2590633333333335e-08
135.05,0.0,136.081153125,3.27844e-08
135.05,0.0,136.08090312499996,3.26744e-08
135.05,0.0,136.08065312499997,3.3622700000000006e-08
135.05,0.0,136.08040312499998,3.245145e-08
135.05,0.0,136.08015312499998,3.2934849999999995e-08
135.05,0.0,136.079903125,3.29309e-08
135.05,0.0,136.07965312499996,3.270185e-08
135.05,0.0,136.07940312499997,3.422475e-08
135.05,0.0,136.07915312499998,3.3004633333333335e-08
135.05,0.0,136.07890312499998,3.32637e-08
135.05,0.0,136.07865312499996,3.364185e-08
135.05,0.0,136.07840312499997,3.29474e-08
135.05,0.0,136.07815312499997,3.3060700000000004e-08
135.05,0.0,136.07790312499998,3.25827e-08
135.05,0.0,136.07765312499998,3.31795e-08
135.05,0.0,136.07740312499996,3.361655e-08
135.05,0.0,136.07715312499997,3.304715e-08
135.05,0.0,136.07690312499997,3.317075e-08
135.05,0.0,136.07665312499998,3.26913e-08
135.05,0.0,136.07640312499998,3.29449e-08
135.05,0.0,136.07615312499996,3.339705e-08
135.05,0.0,136.07590312499997,3.35657e-08
135.05,0.0,136.07565312499997,3.31952e-08
135.05,0.0,136.07540312499998,3.3447400000000003e-08
135.05,0.0,136.07515312499999,3.33034e-08
135.05,0.0,136.07490312499996,3.348895e-08
135.05,0.0,136.07465312499997,3.32283e-08
135.05,0.0,136.07440312499998,3.39591e-08
135.05,0.0,136.07415312499998,3.26716e-08
135.05,0.0,136.073903125,3.26755e-08
135.05,0.0,136.07365312499996,3.407955e-08
135.05,0.0,136.07340312499997,3.22446e-08
135.05,0.0,136.07315312499998,3.349135e-08
135.05,0.0,136.07290312499998,3.29129e-08
135.05,0.0,136.07265312499996,3.35588e-08
135.05,0.0,136.07240312499997,3.37485e-08
135.05,0.0,136.07215312499997,3.3285e-08
135.05,0.0,136.07190312499998,3.32895e-08
135.05,0.0,136.07165312499998,3.3169250000000004e-08
135.05,0.0,136.07140312499996,3.315035e-08
135.05,0.0,136.07115312499997,3.368e-08
135.05,0.0,136.07090312499997,3.33178e-08
135.05,0.0,136.07065312499998,3.342615e-08
135.05,0.0,136.07040312499998,3.3174900000000005e-08
135.05,0.0,136.07015312499996,3.34992e-08
135.05,0.0,136.06990312499997,3.337335e-08
135.05,0.0,136.06965312499997,3.33945e-08
135.05,0.0,136.06940312499998,3.39973e-08
135.05,0.0,136.06915312499999,3.3472e-08
135.05,0.0,136.06890312499996,3.384425e-08
135.05,0.0,136.06865312499997,3.293835e-08
135.05,0.0,136.06840312499997,3.36054e-08
135.05,0.0,136.06815312499998,3.38436e-08
135.05,0.0,136.067903125,3.4061e-08
135.05,0.0,136.06765312499996,3.36357e-08
135.05,0.0,136.06740312499997,3.39585e-08
135.05,0.0,136.06715312499998,3.29978e-08
135.05,0.0,136.06690312499998,3.4938e-08
135.05,0.0,136.06665312499996,3.329765e-08
135.05,0.0,136.06640312499997,3.394865e-08
135.05,0.0,136.06615312499997,3.405175e-08
135.05,0.0,136.06590312499998,3.391835e-08
135.05,0.0,136.06565312499998,3.422625e-08
135.05,0.0,136.06540312499996,3.430645e-08
135.05,0.0,136.06515312499997,3.43722e-08
135.05,0.0,136.06490312499997,3.44693e-08
135.05,0.0,136.06465312499998,3.42058e-08
135.05,0.0,136.06440312499998,3.446445e-08
135.05,0.0,136.06415312499996,3.42048e-08
135.05,0.0,136.06390312499997,3.428455e-08
135.05,0.0,136.06365312499997,3.5430200000000004e-08
135.05,0.0,136.06340312499998,3.48336e-08
135.05,0.0,136.06315312499999,3.36698e-08
135.05,0.0,136.06290312499996,3.45136e-08
135.05,0.0,136.06265312499997,3.456675e-08
135.05,0.0,136.06240312499997,3.425875e-08
135.05,0.0,136.06215312499998,3.41279e-08
135.05,0.0,136.061903125,3.5278200000000004e-08
135.05,0.0,136.06165312499996,3.4644099999999995e-08
135.05,0.0,136.06140312499997,3.417465e-08
135.05,0.0,136.06115312499998,3.40303e-08
135.05,0.0,136.06090312499998,3.47497e-08
135.05,0.0,136.06065312499996,3.5181300000000005e-08
135.05,0.0,136.06040312499997,3.509955e-08
135.05,0.0,136.06015312499997,3.52805e-08
135.05,0.0,136.05990312499998,3.522475e-08
135.05,0.0,136.05965312499998,3.45272e-08
135.05,0.0,136.05940312499996,3.4475e-08
135.05,0.0,136.05915312499997,3.522575e-08
135.05,0.0,136.05890312499997,3.4758049999999995e-08
135.05,0.0,136.05865312499998,3.544985e-08
135.05,0.0,136.05840312499998,3.529775e-08
135.05,0.0,136.05815312499996,3.46156e-08
135.05,0.0,136.05790312499997,3.47244e-08
135.05,0.0,136.05765312499997,3.4792549999999995e-08
135.05,0.0,136.05740312499998,3.472395e-08
135.05,0.0,136.05715312499999,3.48954e-08
135.05,0.0,136.05690312499996,3.47358e-08
135.05,0.0,136.05665312499997,3.4387150000000004e-08
135.05,0.0,136.05640312499997,3.48496e-08
135.05,0.0,136.05615312499998,3.48983e-08
135.05,0.0,136.055903125,3.558135e-08
135.05,0.0,136.05565312499996,3.43778e-08
135.05,0.0,136.05540312499997,3.5211750000000004e-08
135.05,0.0,136.05515312499998,3.43579e-08
135.05,0.0,136.05490312499998,3.532975e-08
135.05,0.0,136.05465312499996,3.5369150000000005e-08
135.05,0.0,136.05440312499996,3.6051900000000005e-08
135.05,0.0,136.05415312499997,3.50156e-08
135.05,0.0,136.05390312499998,3.5054000000000004e-08
135.05,0.0,136.05365312499998,3.57754e-08
135.05,0.0,136.05340312499996,3.51903e-08
135.05,0.0,136.05315312499997,3.57776e-08
135.05,0.0,136.05290312499997,3.50109e-08
135.05,0.0,136.05265312499998,3.51731e-08
135.05,0.0,136.05240312499998,3.4203700000000003e-08
135.05,0.0,136.05215312499996,3.523675e-08
135.05,0.0,136.05190312499997,3.48933e-08
135.05,0.0,136.05165312499997,3.50412e-08
135.05,0.0,136.05140312499998,3.53232e-08
135.05,0.0,136.05115312499998,3.524215e-08
135.05,0.0,136.05090312499996,3.57787e-08
135.05,0.0,136.05065312499997,3.5572400000000004e-08
135.05,0.0,136.05040312499997,3.477815e-08
135.05,0.0,136.05015312499998,3.541885e-08
135.05,0.0,136.049903125,3.56519e-08
135.05,0.0,136.04965312499996,3.54168e-08
135.05,0.0,136.04940312499997,3.5302e-08
135.05,0.0,136.04915312499998,3.436475e-08
135.05,0.0,136.04890312499998,3.5318399999999994e-08
135.05,0.0,136.048653125,3.471035e-08
135.05,0.0,136.04840312499996,3.63552e-08
135.05,0.0,136.04815312499997,3.51423e-08
135.05,0.0,136.04790312499998,3.51459e-08
135.05,0.0,136.04765312499998,3.542335e-08
135.05,0.0,136.04740312499996,3.47481e-08
135.05,0.0,136.04715312499997,3.618825e-08
135.05,0.0,136.04690312499997,3.56896e-08
135.05,0.0,136.04665312499998,3.549565e-08
135.05,0.0,136.04640312499998,3.54511e-08
135.05,0.0,136.04615312499996,3.57368e-08
135.05,0.0,136.04590312499997,3.48983e-08
135.05,0.0,136.04565312499997,3.5551950000000004e-08
135.05,0.0,136.04540312499998,3.5905500000000003e-08
135.05,0.0,136.04515312499998,3.530895e-08
135.05,0.0,136.04490312499996,3.533085e-08
135.05,0.0,136.04465312499997,3.501455e-08
135.05,0.0,136.04440312499997,3.58117e-08
135.05,0.0,136.04415312499998,3.51052e-08
135.05,0.0,136.04390312499999,3.59301e-08
135.05,0.0,136.04365312499996,3.5366e-08
135.05,0.0,136.04340312499997,3.57497e-08
135.05,0.0,136.04315312499998,3.561635e-08
135.05,0.0,136.04290312499998,3.569475e-08
135.05,0.0,136.042653125,3.696355e-08
135.05,0.0,136.04240312499996,3.57104e-08
135.05,0.0,136.04215312499997,3.540715e-08
135.05,0.0,136.04190312499998,3.51646e-08
135.05,0.0,136.04165312499998,3.5546850000000006e-08
135.05,0.0,136.04140312499996,3.58514e-08
135.05,0.0,136.04115312499997,3.573115e-08
135.05,0.0,136.04090312499997,3.48979e-08
135.05,0.0,136.04065312499998,3.61173e-08
135.05,0.0,136.04040312499998,3.69485e-08
135.05,0.0,136.04015312499996,3.601415e-08
135.05,0.0,136.03990312499997,3.588595e-08
135.05,0.0,136.03965312499997,3.579545e-08
135.05,0.0,136.03940312499998,3.63601e-08
135.05,0.0,136.03915312499998,3.56592e-08
135.05,0.0,136.03890312499996,3.594265e-08
135.05,0.0,136.03865312499997,3.562745e-08
135.05,0.0,136.03840312499997,3.598425e-08
135.05,0.0,136.03815312499998,3.58949e-08
135.05,0.0,136.03790312499999,3.574315e-08
135.05,0.0,136.03765312499996,3.707425e-08
135.05,0.0,136.03740312499997,3.6358e-08
135.05,0.0,136.03715312499997,3.624095e-08
135.05,0.0,136.03690312499998,3.59395e-08
135.05,0.0,136.036653125,3.573055e-08
135.05,0.0,136.03640312499996,3.54076e-08
135.05,0.0,136.03615312499997,3.50063e-08
135.05,0.0,136.03590312499998,3.53505e-08
135.05,0.0,136.03565312499998,3.54681e-08
135.05,0.0,136.03540312499996,3.565445e-08
135.05,0.0,136.03515312499997,3.641935e-08
135.05,0.0,136.03490312499997,3.5922900000000005e-08
135.05,0.0,136.03465312499998,3.57653e-08
135.05,0.0,136.03440312499998,3.58337e-08
135.05,0.0,136.03415312499996,3.6688650000000006e-08
135.05,0.0,136.03390312499997,3.644175e-08
135.05,0.0,136.03365312499997,3.60612e-08
135.05,0.0,136.03340312499998,3.5946750000000004e-08
135.05,0.0,136.03315312499998,3.5851200000000005e-08
135.05,0.0,136.03290312499996,3.732805e-08
135.05,0.0,136.03265312499997,3.59088e-08
135.05,0.0,136.03240312499997,3.5773e-08
135.05,0.0,136.03215312499998,3.624165e-08
135.05,0.0,136.03190312499999,3.64846e-08
135.05,0.0,136.03165312499996,3.70015e-08
135.05,0.0,136.03140312499997,3.66745e-08
135.05,0.0,136.03115312499997,3.65369e-08
135.05,0.0,136.03090312499998,3.61967e-08
135.05,0.0,136.030653125,3.57527e-08
135.05,0.0,136.03040312499996,3.686795e-08
135.05,0.0,136.03015312499997,3.59639e-08
135.05,0.0,136.02990312499998,3.67407e-08
135.05,0.0,136.02965312499998,3.666695e-08
135.05,0.0,136.02940312499996,3.618675e-08
135.05,0.0,136.02915312499997,3.620895e-08
135.05,0.0,136.02890312499997,3.62638e-08
135.05,0.0,136.02865312499998,3.61824e-08
135.05,0.0,136.02840312499998,3.62471e-08
135.05,0.0,136.02815312499996,3.59545e-08
135.05,0.0,136.02790312499997,3.586155e-08
135.05,0.0,136.02765312499997,3.56416e-08
135.05,0.0,136.02740312499998,3.53601e-08
135.05,0.0,136.02715312499998,3.57657e-08
135.05,0.0,136.02690312499996,3.607095e-08
135.05,0.0,136.02665312499997,3.5608e-08
135.05,0.0,136.02640312499997,3.6007399999999995e-08
135.05,0.0,136.02615312499998,3.5745999999999995e-08
135.05,0.0,136.02590312499999,3.57183e-08
135.05,0.0,136.02565312499996,3.575905e-08
135.05,0.0,136.02540312499997,3.595215e-08
135.05,0.0,136.02515312499997,3.62622e-08
135.05,0.0,136.02490312499998,3.59226e-08
135.05,0.0,136.024653125,3.62462e-08
135.05,0.0,136.02440312499996,3.560405e-08
135.05,0.0,136.02415312499997,3.61365e-08
135.05,0.0,136.02390312499998,3.681605e-08
135.05,0.0,136.02365312499998,3.56071e-08
135.05,0.0,136.02340312499996,3.652395e-08
135.05,0.0,136.02315312499996,3.61565e-08
135.05,0.0,136.02290312499997,3.6694e-08
135.05,0.0,136.02265312499998,3.5645049999999995e-08
135.05,0.0,136.02240312499998,3.60301e-08
135.05,0.0,136.02215312499996,3.64577e-08
135.05,0.0,136.02190312499997,3.645915e-08
135.05,0.0,136.02165312499997,3.59082e-08
135.05,0.0,136.02140312499998,3.5287000000000004e-08
135.05,0.0,136.02115312499998,3.642345e-08
135.05,0.0,136.02090312499996,3.625715e-08
135.05,0.0,136.02065312499997,3.640865e-08
135.05,0.0,136.02040312499997,3.639225e-08
135.05,0.0,136.02015312499998,3.66461e-08
135.05,0.0,136.01990312499998,3.63235e-08
135.05,0.0,136.01965312499996,3.56522e-08
135.05,0.0,136.01940312499997,3.672025e-08
135.05,0.0,136.01915312499997,3.71322e-08
135.05,0.0,136.01890312499998,3.71413e-08
135.05,0.0,136.018653125,3.596335e-08
135.05,0.0,136.01840312499996,3.71769e-08
135.05,0.0,136.01815312499997,3.680865e-08
135.05,0.0,136.01790312499998,3.65866e-08
135.05,0.0,136.01765312499998,3.52556e-08
135.05,0.0,136.017403125,3.564235e-08
135.05,0.0,136.01715312499996,3.642985e-08
135.05,0.0,136.01690312499997,3.566995e-08
135.05,0.0,136.01665312499998,3.61963e-08
135.05,0.0,136.01640312499998,3.640773333333333e-08
135.05,0.0,136.01615312499996,3.555045e-08
135.05,0.0,136.01590312499997,3.6672e-08
135.05,0.0,136.01565312499997,3.538565e-08
135.05,0.0,136.01540312499998,3.5772049999999994e-08
135.05,0.0,136.01515312499998,3.673145e-08
135.05,0.0,136.01490312499996,3.66906e-08
135.05,0.0,136.01465312499997,3.5146949999999994e-08
135.05,0.0,136.01440312499997,3.610325e-08
135.05,0.0,136.01415312499998,3.61962e-08
135.05,0.0,136.01390312499998,3.5336e-08
135.05,0.0,136.01365312499996,3.60428e-08
135.05,0.0,136.01340312499997,3.62169e-08
135.05,0.0,136.01315312499997,3.60716e-08
135.05,0.0,136.01290312499998,3.62315e-08
135.05,0.0,136.01265312499999,3.62553e-08
135.05,0.0,136.01240312499996,3.651125e-08
135.05,0.0,136.01215312499997,3.656345e-08
135.05,0.0,136.01190312499998,3.6379e-08
135.05,0.0,136.01165312499998,3.607000000000001e-08
135.05,0.0,136.011403125,3.626605e-08
135.05,0.0,136.01115312499996,3.696315e-08
135.05,0.0,136.01090312499997,3.56512e-08
135.05,0.0,136.01065312499998,3.5642e-08
135.05,0.0,136.01040312499998,3.628855e-08
135.05,0.0,136.01015312499996,3.680595e-08
135.05,0.0,136.00990312499997,3.659225e-08
135.05,0.0,136.00965312499997,3.6443850000000004e-08
135.05,0.0,136.00940312499998,3.595815e-08
135.05,0.0,136.00915312499998,3.648125e-08
135.05,0.0,136.00890312499996,3.63745e-08
135.05,0.0,136.00865312499997,3.665145e-08
135.05,0.0,136.00840312499997,3.62402e-08
135.05,0.0,136.00815312499998,3.70349e-08
135.05,0.0,136.00790312499998,3.54516e-08
135.05,0.0,136.00765312499996,3.596165e-08
135.05,0.0,136.00740312499997,3.554685e-08
135.05,0.0,136.00715312499997,3.65297e-08
135.05,0.0,136.00690312499998,3.64302e-08
135.05,0.0,136.00665312499999,3.539935e-08
135.05,0.0,136.00640312499996,3.637855e-08
135.05,0.0,136.00615312499997,3.674755e-08
135.05,0.0,136.00590312499997,3.63759e-08
135.05,0.0,136.00565312499998,3.63345e-08
135.05,0.0,136.005403125,3.6663e-08
135.05,0.0,136.00515312499996,3.68259e-08
135.05,0.0,136.00490312499997,3.6059000000000005e-08
135.05,0.0,136.00465312499998,3.6876e-08
135.05,0.0,136.00440312499998,3.611845e-08
135.05,0.0,136.00415312499996,3.605475e-08
135.05,0.0,136.00390312499997,3.62154e-08
135.05,0.0,136.00365312499997,3.673615e-08
135.05,0.0,136.00340312499998,3.61259e-08
135.05,0.0,136.00315312499998,3.674775e-08
135.05,0.0,136.00290312499996,3.6744e-08
135.05,0.0,136.00265312499997,3.580275e-08
135.05,0.0,136.00240312499997,3.69811e-08
135.05,0.0,136.00215312499998,3.776345e-08
135.05,0.0,136.00190312499998,3.47683e-08
135.05,0.0,136.00165312499996,3.57033e-08
135.05,0.0,136.00140312499997,3.62156e-08
135.05,0.0,136.00115312499997,3.56178e-08
135.05,0.0,136.00090312499998,3.60608e-08
135.05,0.0,136.00065312499999,3.616595e-08
135.05,0.0,136.00040312499996,3.563216666666666e-08
135.05,0.0,136.00015312499997,3.68714e-08
135.05,0.0,135.99990312499997,3.553725e-08
135.05,0.0,135.99965312499998,3.583225e-08
135.05,0.0,135.999403125,3.63454e-08
135.05,0.0,135.99915312499996,3.65345e-08
135.05,0.0,135.99890312499997,3.64454e-08
135.05,0.0,135.99865312499998,3.57987e-08
135.05,0.0,135.99840312499998,3.614715e-08
135.05,0.0,135.99815312499996,3.64764e-08
135.05,0.0,135.99790312499997,3.708255e-08
135.05,0.0,135.99765312499997,3.62867e-08
135.05,0.0,135.99740312499998,3.66232e-08
135.05,0.0,135.99715312499998,3.55767e-08
135.05,0.0,135.99690312499996,3.60509e-08
135.05,0.0,135.99665312499997,3.5805349999999994e-08
135.05,0.0,135.99640312499997,3.650615e-08
135.05,0.0,135.99615312499998,3.631705e-08
135.05,0.0,135.99590312499998,3.6276100000000005e-08
135.05,0.0,135.99565312499996,3.606415e-08
135.05,0.0,135.99540312499997,3.61544e-08
135.05,0.0,135.99515312499997,3.70607e-08
135.05,0.0,135.99490312499998,3.618815e-08
135.05,0.0,135.99465312499999,3.604145e-08
135.05,0.0,135.99440312499996,3.65117e-08
135.05,0.0,135.99415312499997,3.61645e-08
135.05,0.0,135.99390312499997,3.6390366666666666e-08
135.05,0.0,135.99365312499998,3.647545000000001e-08
135.05,0.0,135.993403125,3.684005e-08
135.05,0.0,135.99315312499996,3.65963e-08
135.05,0.0,135.99290312499997,3.62864e-08
135.05,0.0,135.99265312499998,3.61633e-08
135.05,0.0,135.99240312499998,3.602625e-08
135.05,0.0,135.99215312499996,3.64e-08
135.05,0.0,135.99190312499996,3.59731e-08
135.05,0.0,135.99165312499997,3.606635e-08
135.05,0.0,135.99140312499998,3.6457533333333334e-08
135.05,0.0,135.99115312499998,3.67014e-08
135.05,0.0,135.99090312499996,3.652085e-08
135.05,0.0,135.99065312499997,3.613685e-08
135.05,0.0,135.99040312499997,3.676875e-08
135.05,0.0,135.99015312499998,3.63424e-08
135.05,0.0,135.98990312499998,3.645395e-08
135.05,0.0,135.98965312499996,3.691595e-08
135.05,0.0,135.98940312499997,3.6668200000000005e-08
135.05,0.0,135.98915312499997,3.61101e-08
135.05,0.0,135.98890312499998,3.65082e-08
135.05,0.0,135.98865312499998,3.562745e-08
135.05,0.0,135.98840312499996,3.67526e-08
135.05,0.0,135.98815312499997,3.69013e-08
135.05,0.0,135.98790312499997,3.6741600000000004e-08
135.05,0.0,135.98765312499998,3.636005e-08
135.05,0.0,135.987403125,3.54369e-08
135.05,0.0,135.98715312499996,3.7019400000000004e-08
135.05,0.0,135.98690312499997,3.630095e-08
135.05,0.0,135.98665312499998,3.608135e-08
135.05,0.0,135.98640312499998,3.630315e-08
135.05,0.0,135.986153125,3.56279e-08
135.05,0.0,135.98590312499996,3.60486e-08
135.05,0.0,135.98565312499997,3.63698e-08
135.05,0.0,135.98540312499998,3.5757550000000004e-08
135.05,0.0,135.98515312499998,3.65017e-08
135.05,0.0,135.98490312499996,3.685145e-08
135.05,0.0,135.98465312499997,3.645325e-08
135.05,0.0,135.98440312499997,3.715653333333333e-08
135.05,0.0,135.98415312499998,3.69716e-08
135.05,0.0,135.98390312499998,3.690375e-08
135.05,0.0,135.98365312499996,3.617455e-08
135.05,0.0,135.98340312499997,3.649015e-08
135.05,0.0,135.98315312499997,3.68385e-08
135.05,0.0,135.98290312499998,3.630705000000001e-08
135.05,0.0,135.98265312499998,3.6049050000000003e-08
135.05,0.0,135.98240312499996,3.61974e-08
135.05,0.0,135.98215312499997,3.498015e-08
135.05,0.0,135.98190312499997,3.615555e-08
135.05,0.0,135.98165312499998,3.63584e-08
135.05,0.0,135.98140312499999,3.664425e-08
135.05,0.0,135.98115312499996,3.61379e-08
135.05,0.0,135.98090312499997,3.67154e-08
135.05,0.0,135.98065312499998,3.58516e-08
135.05,0.0,135.98040312499998,3.70728e-08
135.05,0.0,135.980153125,3.6782e-08
135.05,0.0,135.97990312499996,3.76289e-08
135.05,0.0,135.97965312499997,3.67939e-08
135.05,0.0,135.97940312499998,3.47342e-08
135.05,0.0,135.97915312499998,3.756885e-08
135.05,0.0,135.97890312499996,3.659025e-08
135.05,0.0,135.97865312499997,3.66553e-08
135.05,0.0,135.97840312499997,3.7294e-08
135.05,0.0,135.97815312499998,3.66851e-08
135.05,0.0,135.97790312499998,3.705496666666667e-08
135.05,0.0,135.97765312499996,3.66338e-08
135.05,0.0,135.97740312499997,3.72891e-08
135.05,0.0,135.97715312499997,3.73712e-08
135.05,0.0,135.97690312499998,3.70342e-08
135.05,0.0,135.97665312499998,3.703015e-08
135.05,0.0,135.97640312499996,3.70045e-08
135.05,0.0,135.97615312499997,3.6807e-08
135.05,0.0,135.97590312499997,3.57684e-08
135.05,0.0,135.97565312499998,3.665555e-08
135.05,0.0,135.97540312499999,3.71504e-08
135.05,0.0,135.97515312499996,3.66157e-08
135.05,0.0,135.97490312499997,3.68283e-08
135.05,0.0,135.97465312499997,3.69956e-08
135.05,0.0,135.97440312499998,3.73892e-08
135.05,0.0,135.974153125,3.736615e-08
135.05,0.0,135.97390312499996,3.692955e-08
135.05,0.0,135.97365312499997,3.7288e-08
135.05,0.0,135.97340312499998,3.649505e-08
135.05,0.0,135.97315312499998,3.69665e-08
135.05,0.0,135.97290312499996,3.714495e-08
135.05,0.0,135.97265312499997,3.74701e-08
135.05,0.0,135.97240312499997,3.6583e-08
135.05,0.0,135.97215312499998,3.636255e-08
135.05,0.0,135.97190312499998,3.69874e-08
135.05,0.0,135.97165312499996,3.67667e-08
135.05,0.0,135.97140312499997,3.723155e-08
135.05,0.0,135.97115312499997,3.713225e-08
135.05,0.0,135.97090312499998,3.669e-08
135.05,0.0,135.97065312499998,3.696275000000001e-08
135.05,0.0,135.97040312499996,3.71843e-08
135.05,0.0,135.97015312499997,3.656565e-08
135.05,0.0,135.96990312499997,3.691465e-08
135.05,0.0,135.96965312499998,3.675410000000001e-08
135.05,0.0,135.96940312499999,3.60905e-08
135.05,0.0,135.96915312499996,3.65523e-08
135.05,0.0,135.96890312499997,3.644346666666667e-08
135.05,0.0,135.96865312499997,3.707915e-08
135.05,0.0,135.96840312499998,3.6219e-08
135.05,0.0,135.968153125,3.667175e-08
135.05,0.0,135.96790312499996,3.62868e-08
135.05,0.0,135.96765312499997,3.678185e-08
135.05,0.0,135.96740312499998,3.46837e-08
135.05,0.0,135.96715312499998,3.699025e-08
135.05,0.0,135.96690312499996,3.66333e-08
135.05,0.0,135.96665312499997,3.7185366666666674e-08
135.05,0.0,135.96640312499997,3.67652e-08
135.05,0.0,135.96615312499998,3.7395950000000003e-08
135.05,0.0,135.96590312499998,3.6478850000000004e-08
135.05,0.0,135.96565312499996,3.739035e-08
135.05,0.0,135.96540312499997,3.6392e-08
135.05,0.0,135.96515312499997,3.730595e-08
135.05,0.0,135.96490312499998,3.671595e-08
135.05,0.0,135.96465312499998,3.677095e-08
135.05,0.0,135.96440312499996,3.590695e-08
135.05,0.0,135.96415312499997,3.600435e-08
135.05,0.0,135.96390312499997,3.687905000000001e-08
135.05,0.0,135.96365312499998,3.638615e-08
135.05,0.0,135.96340312499999,3.6558e-08
135.05,0.0,135.96315312499996,3.741595e-08
135.05,0.0,135.96290312499997,3.61851e-08
135.05,0.0,135.96265312499997,3.66085e-08
135.05,0.0,135.96240312499998,3.73169e-08
135.05,0.0,135.962153125,3.780705e-08
135.05,0.0,135.96190312499996,3.680563333333333e-08
135.05,0.0,135.96165312499997,3.73307e-08
135.05,0.0,135.96140312499998,3.692915e-08
135.05,0.0,135.96115312499998,3.68181e-08
135.05,0.0,135.96090312499996,3.70519e-08
135.05,0.0,135.96065312499996,3.734945e-08
135.05,0.0,135.96040312499997,3.70151e-08
135.05,0.0,135.96015312499998,3.73658e-08
135.05,0.0,135.95990312499998,3.750975e-08
135.05,0.0,135.95965312499996,3.73624e-08
135.05,0.0,135.95940312499997,3.74489e-08
135.05,0.0,135.95915312499997,3.743445e-08
135.05,0.0,135.95890312499998,3.729815e-08
135.05,0.0,135.95865312499998,3.67991e-08
135.05,0.0,135.95840312499996,3.71335e-08
135.05,0.0,135.95815312499997,3.74219e-08
135.05,0.0,135.95790312499997,3.69113e-08
135.05,0.0,135.95765312499998,3.727355e-08
135.05,0.0,135.95740312499998,3.67422e-08
135.05,0.0,135.95715312499996,3.716365e-08
135.05,0.0,135.95690312499997,3.733015e-08
135.05,0.0,135.95665312499997,3.61795e-08
135.05,0.0,135.95640312499998,3.75381e-08
135.05,0.0,135.956153125,3.690835e-08
135.05,0.0,135.95590312499996,3.736245000000001e-08
135.05,0.0,135.95565312499997,3.7397100000000006e-08
135.05,0.0,135.95540312499998,3.664155e-08
135.05,0.0,135.95515312499998,3.769345e-08
135.05,0.0,135.954903125,3.750565e-08
135.05,0.0,135.95465312499996,3.7342e-08
135.05,0.0,135.95440312499997,3.73948e-08
135.05,0.0,135.95415312499998,3.65813e-08
135.05,0.0,135.95390312499998,3.6823950000000003e-08
135.05,0.0,135.95365312499996,3.72147e-08
135.05,0.0,135.95340312499997,3.641436666666667e-08
135.05,0.0,135.95315312499997,3.624715e-08
135.05,0.0,135.95290312499998,3.661615e-08
135.05,0.0,135.95265312499998,3.58185e-08
135.05,0.0,135.95240312499996,3.6629e-08
135.05,0.0,135.95215312499997,3.704610000000001e-08
135.05,0.0,135.95190312499997,3.73695e-08
135.05,0.0,135.95165312499998,3.6221e-08
135.05,0.0,135.95140312499998,3.72809e-08
135.05,0.0,135.95115312499996,3.672515e-08
135.05,0.0,135.95090312499997,3.751e-08
135.05,0.0,135.95065312499997,3.694285e-08
135.05,0.0,135.95040312499998,3.701265e-08
135.05,0.0,135.95015312499999,3.66488e-08
135.05,0.0,135.94990312499996,3.67734e-08
135.05,0.0,135.94965312499997,3.68442e-08
135.05,0.0,135.94940312499998,3.6037e-08
135.05,0.0,135.94915312499998,3.71224e-08
135.05,0.0,135.948903125,3.652990000000001e-08
135.05,0.0,135.94865312499996,3.68333e-08
135.05,0.0,135.94840312499997,3.756375e-08
135.05,0.0,135.94815312499998,3.86085e-08
135.05,0.0,135.94790312499998,3.7141650000000004e-08
135.05,0.0,135.94765312499996,3.67615e-08
135.05,0.0,135.94740312499997,3.689785e-08
135.05,0.0,135.94715312499997,3.65188e-08
135.05,0.0,135.94690312499998,3.609285e-08
135.05,0.0,135.94665312499998,3.66416e-08
135.05,0.0,135.94640312499996,3.7801400000000004e-08
135.05,0.0,135.94615312499997,3.670235e-08
135.05,0.0,135.94590312499997,3.712135e-08
135.05,0.0,135.94565312499998,3.68447e-08
135.05,0.0,135.94540312499998,3.688375e-08
135.05,0.0,135.94515312499996,3.699905e-08
135.05,0.0,135.94490312499997,3.76726e-08
135.05,0.0,135.94465312499997,3.7474e-08
135.05,0.0,135.94440312499998,3.66815e-08
135.05,0.0,135.94415312499999,3.723875e-08
135.05,0.0,135.94390312499996,3.52407e-08
135.05,0.0,135.94365312499997,3.685925e-08
135.05,0.0,135.94340312499997,3.66449e-08
135.05,0.0,135.94315312499998,3.682195e-08
135.05,0.0,135.942903125,3.700375e-08
135.05,0.0,135.94265312499996,3.43468e-08
135.05,0.0,135.94240312499997,3.646655e-08
135.05,0.0,135.94215312499998,3.678635e-08
135.05,0.0,135.94190312499998,3.57317e-08
135.05,0.0,135.94165312499996,3.693945e-08
135.05,0.0,135.94140312499997,3.6687e-08
135.05,0.0,135.94115312499997,3.6181e-08
135.05,0.0,135.94090312499998,3.6472e-08
135.05,0.0,135.94065312499998,3.76512e-08
135.05,0.0,135.94040312499996,3.69789e-08
135.05,0.0,135.94015312499997,3.662135e-08
135.05,0.0,135.93990312499997,3.73792e-08
135.05,0.0,135.93965312499998,3.7294e-08
135.05,0.0,135.93940312499998,3.758635e-08
135.05,0.0,135.93915312499996,3.68276e-08
135.05,0.0,135.93890312499997,3.70878e-08
135.05,0.0,135.93865312499997,3.59971e-08
135.05,0.0,135.93840312499998,3.70746e-08
135.05,0.0,135.93815312499999,3.7695900000000003e-08
135.05,0.0,135.93790312499996,3.68713e-08
135.05,0.0,135.93765312499997,3.633063333333333e-08
135.05,0.0,135.93740312499997,3.66249e-08
135.05,0.0,135.93715312499998,3.71449e-08
135.05,0.0,135.936903125,3.70562e-08
135.05,0.0,135.93665312499996,3.7491650000000003e-08
135.05,0.0,135.93640312499997,3.67265e-08
135.05,0.0,135.93615312499998,3.674745e-08
135.05,0.0,135.93590312499998,4.08232e-08
135.05,0.0,135.93565312499996,3.751595e-08
135.05,0.0,135.93540312499997,3.755426666666667e-08
135.05,0.0,135.93515312499997,3.697115e-08
135.05,0.0,135.93490312499998,3.62134e-08
135.05,0.0,135.93465312499998,3.654715e-08
135.05,0.0,135.93440312499996,3.63083e-08
135.05,0.0,135.93415312499997,3.6525e-08
135.05,0.0,135.93390312499997,3.68342e-08
135.05,0.0,135.93365312499998,3.643075e-08
135.05,0.0,135.93340312499998,3.730925e-08
135.05,0.0,135.93315312499996,3.59096e-08
135.05,0.0,135.93290312499997,3.70088e-08
135.05,0.0,135.93265312499997,3.71844e-08
135.05,0.0,135.93240312499998,3.691415e-08
135.05,0.0,135.93215312499999,3.787805e-08
135.05,0.0,135.93190312499996,3.60914e-08
135.05,0.0,135.93165312499997,3.65771e-08
135.05,0.0,135.93140312499997,3.7008e-08
135.05,0.0,135.93115312499998,3.802995e-08
135.05,0.0,135.930903125,3.724905e-08
135.05,0.0,135.93065312499996,3.69496e-08
135.05,0.0,135.93040312499997,3.54819e-08
135.05,0.0,135.93015312499998,3.66096e-08
135.05,0.0,135.92990312499998,3.41084e-08
135.05,0.0,135.92965312499996,3.664645e-08
135.05,0.0,135.92940312499996,3.6763050000000006e-08
135.05,0.0,135.92915312499997,3.6584700000000003e-08
135.05,0.0,135.92890312499998,3.69339e-08
135.05,0.0,135.92865312499998,3.72481e-08
135.05,0.0,135.92840312499996,3.688743333333333e-08
135.05,0.0,135.92815312499997,3.647575e-08
135.05,0.0,135.92790312499997,3.6245e-08
135.05,0.0,135.92765312499998,3.679840000000001e-08
135.05,0.0,135.92740312499998,3.7488e-08
135.05,0.0,135.92715312499996,3.66061e-08
135.05,0.0,135.92690312499997,3.6843e-08
135.05,0.0,135.92665312499997,3.579685e-08
135.05,0.0,135.92640312499998,3.764675e-08
135.05,0.0,135.92615312499998,3.656015e-08
135.05,0.0,135.92590312499996,3.5674299999999995e-08
135.05,0.0,135.92565312499997,3.664755e-08
135.05,0.0,135.92540312499997,3.5676550000000005e-08
135.05,0.0,135.92515312499998,3.56467e-08
135.05,0.0,135.924903125,3.61583e-08
135.05,0.0,135.92465312499996,3.61672e-08
135.05,0.0,135.92440312499997,3.648675e-08
135.05,0.0,135.92415312499998,3.64623e-08
135.05,0.0,135.92390312499998,3.63384e-08
135.05,0.0,135.923653125,3.602036666666666e-08
135.05,0.0,135.92340312499996,3.692185e-08
135.05,0.0,135.92315312499997,3.5987e-08
135.05,0.0,135.92290312499998,3.6616800000000005e-08
135.05,0.0,135.92265312499998,3.59692e-08
135.05,0.0,135.92240312499996,3.660075e-08
135.05,0.0,135.92215312499997,3.69037e-08
135.05,0.0,135.92190312499997,3.6463e-08
135.05,0.0,135.92165312499998,3.62835e-08
135.05,0.0,135.92140312499998,3.652815e-08
135.05,0.0,135.92115312499996,3.65235e-08
135.05,0.0,135.92090312499997,3.58777e-08
135.05,0.0,135.92065312499997,3.64279e-08
135.05,0.0,135.92040312499998,3.7218e-08
135.05,0.0,135.92015312499998,3.65271e-08
135.05,0.0,135.91990312499996,3.516285e-08
135.05,0.0,135.91965312499997,3.61294e-08
135.05,0.0,135.91940312499997,3.7238833333333335e-08
135.05,0.0,135.91915312499998,3.58653e-08
135.05,0.0,135.91890312499999,3.597925e-08
135.05,0.0,135.91865312499996,3.53787e-08
135.05,0.0,135.91840312499997,3.59299e-08
135.05,0.0,135.91815312499998,3.6006e-08
135.05,0.0,135.91790312499998,3.644025e-08
135.05,0.0,135.917653125,3.635710000000001e-08
135.05,0.0,135.91740312499996,3.70127e-08
135.05,0.0,135.91715312499997,3.615035e-08
135.05,0.0,135.91690312499998,3.68383e-08
135.05,0.0,135.91665312499998,3.5885550000000003e-08
135.05,0.0,135.91640312499996,3.69586e-08
135.05,0.0,135.91615312499997,3.7095e-08
135.05,0.0,135.91590312499997,3.714e-08
135.05,0.0,135.91565312499998,3.676215e-08
135.05,0.0,135.91540312499998,3.682675e-08
135.05,0.0,135.91515312499996,3.52916e-08
135.05,0.0,135.91490312499997,3.688925e-08
135.05,0.0,135.91465312499997,3.619825e-08
135.05,0.0,135.91440312499998,3.52758e-08
135.05,0.0,135.91415312499998,3.61852e-08
135.05,0.0,135.91390312499996,3.591655e-08
135.05,0.0,135.91365312499997,3.5723550000000005e-08
135.05,0.0,135.91340312499997,3.577335e-08
135.05,0.0,135.91315312499998,3.5913e-08
135.05,0.0,135.91290312499999,3.6653e-08
135.05,0.0,135.91265312499996,3.565385e-08
135.05,0.0,135.91240312499997,3.6713533333333346e-08
135.05,0.0,135.91215312499997,3.5671e-08
135.05,0.0,135.91190312499998,3.657955e-08
135.05,0.0,135.911653125,3.63114e-08
135.05,0.0,135.91140312499996,3.55531e-08
135.05,0.0,135.91115312499997,3.59257e-08
135.05,0.0,135.91090312499998,3.607915e-08
135.05,0.0,135.91065312499998,3.682245e-08
135.05,0.0,135.91040312499996,3.65494e-08
135.05,0.0,135.91015312499997,3.54056e-08
135.05,0.0,135.90990312499997,3.800735e-08
135.05,0.0,135.90965312499998,3.65765e-08
135.05,0.0,135.90940312499998,3.476235e-08
135.05,0.0,135.90915312499996,3.5954e-08
135.05,0.0,135.90890312499997,3.453735e-08
135.05,0.0,135.90865312499997,3.4974149999999994e-08
135.05,0.0,135.90840312499998,3.57832e-08
135.05,0.0,135.90815312499998,3.622045e-08
135.05,0.0,135.90790312499996,3.467875e-08
135.05,0.0,135.90765312499997,3.57804e-08
135.05,0.0,135.90740312499997,3.63597e-08
135.05,0.0,135.90715312499998,3.59813e-08
135.05,0.0,135.90690312499999,3.63505e-08
135.05,0.0,135.90665312499996,3.656765e-08
135.05,0.0,135.90640312499997,3.6023350000000003e-08
135.05,0.0,135.90615312499997,3.68409e-08
135.05,0.0,135.90590312499998,3.4957266666666663e-08
135.05,0.0,135.905653125,3.65215e-08
135.05,0.0,135.90540312499996,3.50247e-08
135.05,0.0,135.90515312499997,3.654900000000001e-08
135.05,0.0,135.90490312499998,3.57574e-08
135.05,0.0,135.90465312499998,3.67702e-08
135.05,0.0,135.90440312499996,3.67722e-08
135.05,0.0,135.90415312499997,3.62974e-08
135.05,0.0,135.90390312499997,3.63944e-08
135.05,0.0,135.90365312499998,3.52472e-08
135.05,0.0,135.90340312499998,3.69286e-08
135.05,0.0,135.90315312499996,3.5947199999999995e-08
135.05,0.0,135.90290312499997,3.563295e-08
135.05,0.0,135.90265312499997,3.698325e-08
135.05,0.0,135.90240312499998,3.57315e-08
135.05,0.0,135.90215312499998,3.64153e-08
135.05,0.0,135.90190312499996,3.5852050000000005e-08
135.05,0.0,135.90165312499997,3.56993e-08
135.05,0.0,135.90140312499997,3.5662350000000004e-08
135.05,0.0,135.90115312499998,3.61971e-08
135.05,0.0,135.90090312499999,3.560795e-08
135.05,0.0,135.90065312499996,3.581175e-08
135.05,0.0,135.90040312499997,3.69943e-08
135.05,0.0,135.90015312499997,3.53163e-08
135.05,0.0,135.89990312499998,3.5976000000000004e-08
135.05,0.0,135.899653125,3.597655e-08
135.05,0.0,135.89940312499996,3.6723850000000004e-08
135.05,0.0,135.89915312499997,3.645855e-08
135.05,0.0,135.89890312499998,3.6011449999999995e-08
135.05,0.0,135.89865312499998,3.6056150000000004e-08
135.05,0.0,135.89840312499996,3.69145e-08
135.05,0.0,135.89815312499996,3.599795e-08
135.05,0.0,135.89790312499997,3.539745e-08
135.05,0.0,135.89765312499998,3.68e-08
135.05,0.0,135.89740312499998,3.64562e-08
135.05,0.0,135.89715312499996,3.5348e-08
135.05,0.0,135.89690312499997,3.594743333333333e-08
135.05,0.0,135.89665312499997,3.5955e-08
135.05,0.0,135.89640312499998,3.56395e-08
135.05,0.0,135.89615312499998,3.674375e-08
135.05,0.0,135.89590312499996,3.476235e-08
135.05,0.0,135.89565312499997,3.568655e-08
135.05,0.0,135.89540312499997,3.88431e-08
135.05,0.0,135.89515312499998,3.58145e-08
135.05,0.0,135.89490312499998,3.57499e-08
135.05,0.0,135.89465312499996,3.590865e-08
135.05,0.0,135.89440312499997,3.60738e-08
135.05,0.0,135.89415312499997,3.514975e-08
135.05,0.0,135.89390312499998,3.578495e-08
135.05,0.0,135.893653125,3.54229e-08
135.05,0.0,135.89340312499996,3.50492e-08
135.05,0.0,135.89315312499997,3.52939e-08
135.05,0.0,135.89290312499998,3.532935e-08
135.05,0.0,135.89265312499998,3.60285e-08
135.05,0.0,135.892403125,3.54342e-08
135.05,0.0,135.89215312499996,3.53018e-08
135.05,0.0,135.89190312499997,3.651795e-08
135.05,0.0,135.89165312499998,3.570055e-08
135.05,0.0,135.89140312499998,3.55786e-08
135.05,0.0,135.89115312499996,3.52478e-08
135.05,0.0,135.89090312499997,3.569215e-08
135.05,0.0,135.89065312499997,3.63612e-08
135.05,0.0,135.89040312499998,3.54424e-08
135.05,0.0,135.89015312499998,3.53102e-08
135.05,0.0,135.88990312499996,3.6054333333333336e-08
135.05,0.0,135.88965312499997,3.552105e-08
135.05,0.0,135.88940312499997,3.56441e-08
135.05,0.0,135.88915312499998,3.376945e-08
135.05,0.0,135.88890312499998,3.560025e-08
135.05,0.0,135.88865312499996,3.47463e-08
135.05,0.0,135.88840312499997,3.58635e-08
135.05,0.0,135.88815312499997,3.54873e-08
135.05,0.0,135.88790312499998,3.406595e-08
135.05,0.0,135.88765312499999,3.57181e-08
135.05,0.0,135.88740312499996,3.503285e-08
135.05,0.0,135.88715312499997,3.47474e-08
135.05,0.0,135.88690312499998,3.50373e-08
135.05,0.0,135.88665312499998,3.580615e-08
135.05,0.0,135.886403125,3.56791e-08
135.05,0.0,135.88615312499996,3.541225e-08
135.05,0.0,135.88590312499997,3.513945e-08
135.05,0.0,135.88565312499998,3.60427e-08
135.05,0.0,135.88540312499998,3.480165e-08
135.05,0.0,135.88515312499996,3.561945e-08
135.05,0.0,135.88490312499997,3.59534e-08
135.05,0.0,135.88465312499997,3.54658e-08
135.05,0.0,135.88440312499998,3.576385e-08
135.05,0.0,135.88415312499998,3.516855e-08
135.05,0.0,135.88390312499996,3.562935e-08
135.05,0.0,135.88365312499997,3.6812450000000004e-08
135.05,0.0,135.88340312499997,3.59837e-08
135.05,0.0,135.88315312499998,3.5822650000000003e-08
135.05,0.0,135.88290312499998,3.5362433333333344e-08
135.05,0.0,135.88265312499996,3.74642e-08
135.05,0.0,135.88240312499997,3.55486e-08
135.05,0.0,135.88215312499997,3.537465e-08
135.05,0.0,135.88190312499998,3.5325e-08
135.05,0.0,135.88165312499999,3.46179e-08
135.05,0.0,135.88140312499996,3.575945e-08
135.05,0.0,135.88115312499997,3.57296e-08
135.05,0.0,135.88090312499997,3.49401e-08
135.05,0.0,135.88065312499998,3.55927e-08
135.05,0.0,135.880403125,3.68094e-08
135.05,0.0,135.88015312499996,3.55834e-08
135.05,0.0,135.87990312499997,3.520295e-08
135.05,0.0,135.87965312499998,3.48555e-08
135.05,0.0,135.87940312499998,3.66517e-08
135.05,0.0,135.87915312499996,3.5594499999999995e-08
135.05,0.0,135.87890312499997,3.559735e-08
135.05,0.0,135.87865312499997,3.540275e-08
135.05,0.0,135.87840312499998,3.5745200000000004e-08
135.05,0.0,135.87815312499998,3.520055e-08
135.05,0.0,135.87790312499996,3.51095e-08
135.05,0.0,135.87765312499997,3.59054e-08
135.05,0.0,135.87740312499997,3.63472e-08
135.05,0.0,135.87715312499998,3.519645e-08
135.05,0.0,135.87690312499998,3.484655e-08
135.05,0.0,135.87665312499996,3.5184649999999995e-08
135.05,0.0,135.87640312499997,3.6326850000000003e-08
135.05,0.0,135.87615312499997,3.5921900000000004e-08
135.05,0.0,135.87590312499998,3.426875e-08
135.05,0.0,135.87565312499999,3.5208e-08
135.05,0.0,135.87540312499996,3.51746e-08
135.05,0.0,135.87515312499997,3.396535e-08
135.05,0.0,135.87490312499997,3.646985e-08
135.05,0.0,135.87465312499998,3.513525e-08
135.05,0.0,135.874403125,3.577855e-08
135.05,0.0,135.87415312499996,3.513385e-08
135.05,0.0,135.87390312499997,3.411505e-08
135.05,0.0,135.87365312499998,3.53265e-08
135.05,0.0,135.87340312499998,3.475765e-08
135.05,0.0,135.87315312499996,3.571585e-08
135.05,0.0,135.87290312499997,3.46927e-08
135.05,0.0,135.87265312499997,3.45018e-08
135.05,0.0,135.87240312499998,3.5413e-08
135.05,0.0,135.87215312499998,3.50799e-08
135.05,0.0,135.87190312499996,3.4531066666666666e-08
135.05,0.0,135.87165312499997,3.57114e-08
135.05,0.0,135.87140312499997,3.570585e-08
135.05,0.0,135.87115312499998,3.474925e-08
135.05,0.0,135.87090312499998,3.480425e-08
135.05,0.0,135.87065312499996,3.42529e-08
135.05,0.0,135.87040312499997,3.541435e-08
135.05,0.0,135.87015312499997,3.507975e-08
135.05,0.0,135.86990312499998,3.58339e-08
135.05,0.0,135.86965312499999,3.5150550000000004e-08
135.05,0.0,135.86940312499996,3.51542e-08
135.05,0.0,135.86915312499997,3.52151e-08
135.05,0.0,135.86890312499997,3.521605e-08
135.05,0.0,135.86865312499998,3.36229e-08
135.05,0.0,135.868403125,3.463125e-08
135.05,0.0,135.86815312499996,3.512735e-08
135.05,0.0,135.86790312499997,3.49066e-08
135.05,0.0,135.86765312499998,3.4881200000000004e-08
135.05,0.0,135.86740312499998,3.55801e-08
135.05,0.0,135.86715312499996,3.472775e-08
135.05,0.0,135.86690312499996,3.43229e-08
135.05,0.0,135.86665312499997,3.4786799999999995e-08
135.05,0.0,135.86640312499998,3.4970249999999995e-08
135.05,0.0,135.86615312499998,3.4165150000000003e-08
135.05,0.0,135.86590312499996,3.414425e-08
135.05,0.0,135.86565312499997,3.47584e-08
135.05,0.0,135.86540312499997,3.5426650000000004e-08
135.05,0.0,135.86515312499998,3.456505e-08
135.05,0.0,135.86490312499998,3.50551e-08
135.05,0.0,135.86465312499996,3.364075e-08
135.05,0.0,135.86440312499997,3.517245e-08
135.05,0.0,135.86415312499997,3.462545e-08
135.05,0.0,135.86390312499998,3.45393e-08
135.05,0.0,135.86365312499998,3.4799649999999995e-08
135.05,0.0,135.86340312499996,3.43064e-08
135.05,0.0,135.86315312499997,3.457835e-08
135.05,0.0,135.86290312499997,3.4860050000000005e-08
135.05,0.0,135.86265312499998,3.37667e-08
135.05,0.0,135.862403125,3.53146e-08
135.05,0.0,135.86215312499996,3.41895e-08
135.05,0.0,135.86190312499997,3.42742e-08
135.05,0.0,135.86165312499998,3.44677e-08
135.05,0.0,135.86140312499998,3.436915e-08
135.05,0.0,135.861153125,3.48239e-08
135.05,0.0,135.86090312499996,3.44704e-08
135.05,0.0,135.86065312499997,3.41012e-08
135.05,0.0,135.86040312499998,3.383e-08
135.05,0.0,135.86015312499998,3.3561350000000004e-08
135.05,0.0,135.85990312499996,3.49406e-08
135.05,0.0,135.85965312499997,3.382615e-08
135.05,0.0,135.85940312499997,3.454415e-08
135.05,0.0,135.85915312499998,3.342855e-08
135.05,0.0,135.85890312499998,3.40109e-08
135.05,0.0,135.85865312499996,3.434005e-08
135.05,0.0,135.85840312499997,3.35353e-08
135.05,0.0,135.85815312499997,3.37824e-08
135.05,0.0,135.85790312499998,3.34793e-08
135.05,0.0,135.85765312499998,3.36647e-08
135.05,0.0,135.85740312499996,3.44589e-08
135.05,0.0,135.85715312499997,3.41181e-08
135.05,0.0,135.85690312499997,3.41901e-08
135.05,0.0,135.85665312499998,3.43123e-08
135.05,0.0,135.85640312499999,3.455646666666666e-08
135.05,0.0,135.85615312499996,3.471705e-08
135.05,0.0,135.85590312499997,3.5952e-08
135.05,0.0,135.85565312499998,3.45947e-08
135.05,0.0,135.85540312499998,3.4579050000000004e-08
135.05,0.0,135.855153125,3.4965400000000004e-08
135.05,0.0,135.85490312499996,3.4868e-08
135.05,0.0,135.85465312499997,3.43821e-08
135.05,0.0,135.85440312499998,3.386895e-08
135.05,0.0,135.85415312499998,3.46202e-08
135.05,0.0,135.85390312499996,3.392425e-08
135.05,0.0,135.85365312499997,3.406575e-08
135.05,0.0,135.85340312499997,3.44265e-08
135.05,0.0,135.85315312499998,3.51564e-08
135.05,0.0,135.85290312499998,3.41291e-08
135.05,0.0,135.85265312499996,3.506115e-08
135.05,0.0,135.85240312499997,3.399045e-08
135.05,0.0,135.85215312499997,3.4447850000000004e-08
135.05,0.0,135.85190312499998,3.3612900000000006e-08
135.05,0.0,135.85165312499998,3.391775e-08
135.05,0.0,135.85140312499996,3.535275e-08
135.05,0.0,135.85115312499997,3.440875e-08
135.05,0.0,135.85090312499997,3.4304e-08
135.05,0.0,135.85065312499998,3.397285e-08
135.05,0.0,135.85040312499999,3.449515e-08
135.05,0.0,135.85015312499996,3.32812e-08
135.05,0.0,135.84990312499997,3.26572e-08
135.05,0.0,135.84965312499997,3.374435e-08
135.05,0.0,135.84940312499998,3.4579666666666667e-08
135.05,0.0,135.849153125,3.44156e-08
135.05,0.0,135.84890312499996,3.4003949999999995e-08
135.05,0.0,135.84865312499997,3.49929e-08
135.05,0.0,135.84840312499998,3.474725e-08
135.05,0.0,135.84815312499998,3.328315e-08
135.05,0.0,135.84790312499996,3.38432e-08
135.05,0.0,135.84765312499997,3.4900249999999995e-08
135.05,0.0,135.84740312499997,3.40643e-08
135.05,0.0,135.84715312499998,3.415355e-08
135.05,0.0,135.84690312499998,3.38127e-08
135.05,0.0,135.84665312499996,3.2546649999999995e-08
135.05,0.0,135.84640312499997,3.444315e-08
135.05,0.0,135.84615312499997,3.49995e-08
135.05,0.0,135.84590312499998,3.3949349999999994e-08
135.05,0.0,135.84565312499998,3.391955e-08
135.05,0.0,135.84540312499996,3.5626500000000005e-08
135.05,0.0,135.84515312499997,3.42866e-08
135.05,0.0,135.84490312499997,3.4196699999999995e-08
135.05,0.0,135.84465312499998,3.4173e-08
135.05,0.0,135.84440312499999,3.3329999999999995e-08
135.05,0.0,135.84415312499996,3.34563e-08
135.05,0.0,135.84390312499997,3.386595e-08
135.05,0.0,135.84365312499997,3.36923e-08
135.05,0.0,135.84340312499998,3.537015e-08
135.05,0.0,135.843153125,3.45664e-08
135.05,0.0,135.84290312499996,3.283785e-08
135.05,0.0,135.84265312499997,3.367135e-08
135.05,0.0,135.84240312499998,3.42672e-08
135.05,0.0,135.84215312499998,3.37213e-08
135.05,0.0,135.84190312499996,3.569915e-08
135.05,0.0,135.84165312499997,3.412635e-08
135.05,0.0,135.84140312499997,3.44288e-08
135.05,0.0,135.84115312499998,3.48591e-08
135.05,0.0,135.84090312499998,3.317215e-08
135.05,0.0,135.84065312499996,3.3966300000000004e-08
135.05,0.0,135.84040312499997,3.422865e-08
135.05,0.0,135.84015312499997,3.39874e-08
135.05,0.0,135.83990312499998,3.48115e-08
135.05,0.0,135.83965312499998,3.47485e-08
135.05,0.0,135.83940312499996,3.42937e-08
135.05,0.0,135.83915312499997,3.43815e-08
135.05,0.0,135.83890312499997,3.54874e-08
135.05,0.0,135.83865312499998,3.4372950000000003e-08
135.05,0.0,135.83840312499999,3.42258e-08
135.05,0.0,135.83815312499996,3.562995e-08
135.05,0.0,135.83790312499997,3.3046500000000004e-08
135.05,0.0,135.83765312499997,3.442455e-08
135.05,0.0,135.83740312499998,3.466915e-08
135.05,0.0,135.837153125,3.41734e-08
135.05,0.0,135.83690312499996,3.38417e-08
135.05,0.0,135.83665312499997,3.535355e-08
135.05,0.0,135.83640312499998,3.44663e-08
135.05,0.0,135.83615312499998,3.461055e-08
135.05,0.0,135.83590312499996,3.4768e-08
135.05,0.0,135.83565312499996,3.40533e-08
135.05,0.0,135.83540312499997,3.5414e-08
135.05,0.0,135.83515312499998,3.38859e-08
135.05,0.0,135.83490312499998,3.4575949999999995e-08
135.05,0.0,135.83465312499996,3.436935e-08
135.05,0.0,135.83440312499997,3.415375e-08
135.05,0.0,135.83415312499997,3.48507e-08
135.05,0.0,135.83390312499998,3.3585200000000004e-08
135.05,0.0,135.83365312499998,3.438285e-08
135.05,0.0,135.83340312499996,3.44196e-08
135.05,0.0,135.83315312499997,3.42814e-08
135.05,0.0,135.83290312499997,3.38851e-08
135.05,0.0,135.83265312499998,3.584235e-08
135.05,0.0,135.83240312499998,3.377395e-08
135.05,0.0,135.83215312499996,3.41821e-08
135.05,0.0,135.83190312499997,3.32772e-08
135.05,0.0,135.83165312499997,3.399795e-08
135.05,0.0,135.83140312499998,3.309115e-08
135.05,0.0,135.831153125,3.44993e-08
135.05,0.0,135.83090312499996,3.481785e-08
135.05,0.0,135.83065312499997,3.36433e-08
135.05,0.0,135.83040312499998,3.4228700000000005e-08
135.05,0.0,135.83015312499998,3.42531e-08
135.05,0.0,135.829903125,3.43368e-08
135.05,0.0,135.82965312499996,3.400525e-08
135.05,0.0,135.82940312499997,3.3931300000000004e-08
135.05,0.0,135.82915312499998,3.44509e-08
135.05,0.0,135.82890312499998,3.4312900000000005e-08
135.05,0.0,135.82865312499996,3.29654e-08
135.05,0.0,135.82840312499997,3.42886e-08
135.05,0.0,135.82815312499997,3.333735e-08
135.05,0.0,135.82790312499998,3.371875e-08
135.05,0.0,135.82765312499998,3.375265e-08
135.05,0.0,135.82740312499996,3.3177149999999995e-08
135.05,0.0,135.82715312499997,3.43646e-08
135.05,0.0,135.82690312499997,3.3885866666666665e-08
135.05,0.0,135.82665312499998,3.396995e-08
135.05,0.0,135.82640312499998,3.26209e-08
135.05,0.0,135.82615312499996,3.3994200000000004e-08
135.05,0.0,135.82590312499997,3.34656e-08
135.05,0.0,135.82565312499997,3.458185e-08
135.05,0.0,135.82540312499998,3.48504e-08
135.05,0.0,135.82515312499999,3.365225e-08
135.05,0.0,135.82490312499996,3.346965e-08
135.05,0.0,135.82465312499997,3.36106e-08
135.05,0.0,135.82440312499998,3.2360850000000006e-08
135.05,0.0,135.82415312499998,3.2587899999999995e-08
135.05,0.0,135.823903125,3.356875e-08
135.05,0.0,135.82365312499996,3.342635e-08
135.05,0.0,135.82340312499997,3.48717e-08
135.05,0.0,135.82315312499998,3.421425e-08
135.05,0.0,135.82290312499998,3.360585e-08
135.05,0.0,135.82265312499996,3.31815e-08
135.05,0.0,135.82240312499997,3.43334e-08
135.05,0.0,135.82215312499997,3.214945e-08
135.05,0.0,135.82190312499998,3.412525e-08
135.05,0.0,135.82165312499998,3.3573700000000004e-08
135.05,0.0,135.82140312499996,3.3934e-08
135.05,0.0,135.82115312499997,3.2444e-08
135.05,0.0,135.82090312499997,3.427525e-08
135.05,0.0,135.82065312499998,3.35754e-08
135.05,0.0,135.82040312499998,3.4433249999999995e-08
135.05,0.0,135.82015312499996,3.40971e-08
135.05,0.0,135.81990312499997,3.327145e-08
135.05,0.0,135.81965312499997,3.423855e-08
135.05,0.0,135.81940312499998,3.38698e-08
135.05,0.0,135.81915312499999,3.430865e-08
135.05,0.0,135.81890312499996,3.291875e-08
135.05,0.0,135.81865312499997,3.246265e-08
135.05,0.0,135.81840312499997,3.35358e-08
135.05,0.0,135.81815312499998,3.306945e-08
135.05,0.0,135.817903125,3.34555e-08
135.05,0.0,135.81765312499996,3.37232e-08
135.05,0.0,135.81740312499997,3.28473e-08
135.05,0.0,135.81715312499998,3.342695e-08
135.05,0.0,135.81690312499998,3.30983e-08
135.05,0.0,135.81665312499996,3.437985e-08
135.05,0.0,135.81640312499997,3.35535e-08
135.05,0.0,135.81615312499997,3.356265e-08
135.05,0.0,135.81590312499998,3.4185049999999994e-08
135.05,0.0,135.81565312499998,3.3421066666666664e-08
135.05,0.0,135.81540312499996,3.33629e-08
135.05,0.0,135.81515312499997,3.3402699999999995e-08
135.05,0.0,135.81490312499997,3.3471050000000005e-08
135.05,0.0,135.81465312499998,3.403695e-08
135.05,0.0,135.81440312499998,3.30178e-08
135.05,0.0,135.81415312499996,3.309955e-08
135.05,0.0,135.81390312499997,3.353035e-08
135.05,0.0,135.81365312499997,3.314425e-08
135.05,0.0,135.81340312499998,3.38901e-08
135.05,0.0,135.81315312499999,3.38273e-08
135.05,0.0,135.81290312499996,3.326495e-08
135.05,0.0,135.81265312499997,3.305475e-08
135.05,0.0,135.81240312499997,3.30664e-08
135.05,0.0,135.81215312499998,3.35888e-08
135.05,0.0,135.811903125,3.3605599999999995e-08
135.05,0.0,135.81165312499996,3.345265e-08
135.05,0.0,135.81140312499997,3.370605e-08
135.05,0.0,135.81115312499998,3.315405e-08
135.05,0.0,135.81090312499998,3.33024e-08
135.05,0.0,135.81065312499996,3.30569e-08
135.05,0.0,135.81040312499997,3.25581e-08
135.05,0.0,135.81015312499997,3.23773e-08
135.05,0.0,135.80990312499998,3.299075e-08
135.05,0.0,135.80965312499998,3.31098e-08
135.05,0.0,135.80940312499996,3.3812e-08
135.05,0.0,135.80915312499997,3.28141e-08
135.05,0.0,135.80890312499997,3.41721e-08
135.05,0.0,135.80865312499998,3.31092e-08
135.05,0.0,135.80840312499998,3.313825e-08
135.05,0.0,135.80815312499996,3.349865e-08
135.05,0.0,135.80790312499997,3.26178e-08
135.05,0.0,135.80765312499997,3.33851e-08
135.05,0.0,135.80740312499998,3.31583e-08
135.05,0.0,135.80715312499999,3.18165e-08
135.05,0.0,135.80690312499996,3.29249e-08
135.05,0.0,135.80665312499997,3.314235e-08
135.05,0.0,135.80640312499997,3.288e-08
135.05,0.0,135.80615312499998,3.1939500000000006e-08
135.05,0.0,135.805903125,3.18735e-08
135.05,0.0,135.80565312499996,3.21826e-08
135.05,0.0,135.80540312499997,3.2097e-08
135.05,0.0,135.80515312499998,3.265555e-08
135.05,0.0,135.80490312499998,3.370835e-08
135.05,0.0,135.80465312499996,3.29488e-08
135.05,0.0,135.80440312499996,3.23795e-08
135.05,0.0,135.80415312499997,3.3439950000000004e-08
135.05,0.0,135.80390312499998,3.31817e-08
135.05,0.0,135.80365312499998,3.18791e-08
135.05,0.0,135.80340312499996,3.2918850000000004e-08
135.05,0.0,135.80315312499997,3.3269350000000004e-08
135.05,0.0,135.80290312499997,3.153835e-08
135.05,0.0,135.80265312499998,3.39136e-08
135.05,0.0,135.80240312499998,3.210935e-08
135.05,0.0,135.80215312499996,3.25774e-08
135.05,0.0,135.80190312499997,3.36127e-08
135.05,0.0,135.80165312499997,3.25938e-08
135.05,0.0,135.80140312499998,3.243695e-08
135.05,0.0,135.80115312499998,3.156065e-08
135.05,0.0,135.80090312499996,3.31071e-08
135.05,0.0,135.80065312499997,3.39136e-08
135.05,0.0,135.80040312499997,3.350715e-08
135.05,0.0,135.80015312499998,3.26458e-08
135.05,0.0,135.799903125,3.255165e-08
135.05,0.0,135.79965312499996,3.25642e-08
135.05,0.0,135.79940312499997,3.23437e-08
135.05,0.0,135.79915312499998,3.29152e-08
135.05,0.0,135.79890312499998,3.296875e-08
135.05,0.0,135.798653125,3.20279e-08
135.05,0.0,135.79840312499996,3.30129e-08
135.05,0.0,135.79815312499997,3.27881e-08
135.05,0.0,135.79790312499998,3.33499e-08
135.05,0.0,135.79765312499998,3.31186e-08
135.05,0.0,135.79740312499996,3.319475e-08
135.05,0.0,135.79715312499997,3.29057e-08
135.05,0.0,135.79690312499997,3.2741650000000004e-08
135.05,0.0,135.79665312499998,3.15324e-08
135.05,0.0,135.79640312499998,3.311205e-08
135.05,0.0,135.79615312499996,3.2972049999999995e-08
135.05,0.0,135.79590312499997,3.343965e-08
135.05,0.0,135.79565312499997,3.3436849999999995e-08
135.05,0.0,135.79540312499998,3.3514799999999995e-08
135.05,0.0,135.79515312499998,3.37889e-08
135.05,0.0,135.79490312499996,3.25018e-08
135.05,0.0,135.79465312499997,3.42768e-08
135.05,0.0,135.79440312499997,3.35905e-08
135.05,0.0,135.79415312499998,3.26989e-08
135.05,0.0,135.79390312499999,3.326275e-08
135.05,0.0,135.79365312499996,3.32266e-08
135.05,0.0,135.79340312499997,3.3957850000000004e-08
135.05,0.0,135.79315312499998,3.3172e-08
135.05,0.0,135.79290312499998,3.435515e-08
135.05,0.0,135.792653125,3.3044650000000003e-08
135.05,0.0,135.79240312499996,3.312005e-08
135.05,0.0,135.79215312499997,3.40389e-08
135.05,0.0,135.79190312499998,3.346e-08
135.05,0.0,135.79165312499998,3.28169e-08
135.05,0.0,135.79140312499996,3.23488e-08
135.05,0.0,135.79115312499997,3.38064e-08
135.05,0.0,135.79090312499997,3.2271750000000006e-08
135.05,0.0,135.79065312499998,3.333095e-08
135.05,0.0,135.79040312499998,3.4640600000000004e-08
135.05,0.0,135.79015312499996,3.2708000000000004e-08
135.05,0.0,135.78990312499997,3.37339e-08
135.05,0.0,135.78965312499997,3.294205e-08
135.05,0.0,135.78940312499998,3.4107099999999994e-08
135.05,0.0,135.78915312499998,3.37883e-08
135.05,0.0,135.78890312499996,3.29698e-08
135.05,0.0,135.78865312499997,3.32943e-08
135.05,0.0,135.78840312499997,3.307585e-08
135.05,0.0,135.78815312499998,3.2892e-08
135.05,0.0,135.78790312499999,3.35684e-08
135.05,0.0,135.78765312499996,3.349025e-08
135.05,0.0,135.78740312499997,3.348615e-08
135.05,0.0,135.78715312499997,3.43259e-08
135.05,0.0,135.78690312499998,3.42418e-08
135.05,0.0,135.786653125,3.334406666666667e-08
135.05,0.0,135.78640312499996,3.36799e-08
135.05,0.0,135.78615312499997,3.3204199999999995e-08
135.05,0.0,135.78590312499998,3.2742e-08
135.05,0.0,135.78565312499998,3.3282999999999994e-08
135.05,0.0,135.78540312499996,3.31565e-08
135.05,0.0,135.78515312499997,3.25704e-08
135.05,0.0,135.78490312499997,3.31602e-08
135.05,0.0,135.78465312499998,3.26849e-08
135.05,0.0,135.78440312499998,3.2536050000000004e-08
135.05,0.0,135.78415312499996,3.284535e-08
135.05,0.0,135.78390312499997,3.386345e-08
135.05,0.0,135.78365312499997,3.317695e-08
135.05,0.0,135.78340312499998,3.27699e-08
135.05,0.0,135.78315312499998,3.368065e-08
135.05,0.0,135.78290312499996,3.31094e-08
135.05,0.0,135.78265312499997,3.2870650000000005e-08
135.05,0.0,135.78240312499997,3.2940949999999994e-08
135.05,0.0,135.78215312499998,3.39431e-08
135.05,0.0,135.78190312499999,3.29187e-08
135.05,0.0,135.78165312499996,3.28116e-08
135.05,0.0,135.78140312499997,3.320335e-08
135.05,0.0,135.78115312499997,3.311635e-08
135.05,0.0,135.78090312499998,3.30878e-08
135.05,0.0,135.780653125,3.443765e-08
135.05,0.0,135.78040312499996,3.259425e-08
135.05,0.0,135.78015312499997,3.36616e-08
135.05,0.0,135.77990312499998,3.20097e-08
135.05,0.0,135.77965312499998,3.3956233333333334e-08
135.05,0.0,135.77940312499996,3.2622e-08
135.05,0.0,135.77915312499997,3.34263e-08
135.05,0.0,135.77890312499997,3.24288e-08
135.05,0.0,135.77865312499998,3.309155e-08
135.05,0.0,135.77840312499998,3.28108e-08
135.05,0.0,135.77815312499996,3.328825e-08
135.05,0.0,135.77790312499997,3.45805e-08
135.05,0.0,135.77765312499997,3.29225e-08
135.05,0.0,135.77740312499998,3.273876666666666e-08
135.05,0.0,135.77715312499998,3.27517e-08
135.05,0.0,135.77690312499996,3.24843e-08
135.05,0.0,135.77665312499997,3.214135e-08
135.05,0.0,135.77640312499997,3.359115e-08
135.05,0.0,135.77615312499998,3.18168e-08
135.05,0.0,135.77590312499999,3.30603e-08
135.05,0.0,135.77565312499996,3.331825e-08
135.05,0.0,135.77540312499997,3.20723e-08
135.05,0.0,135.77515312499997,3.29873e-08
135.05,0.0,135.77490312499998,3.37547e-08
135.05,0.0,135.774653125,3.31308e-08
135.05,0.0,135.77440312499996,3.14697e-08
135.05,0.0,135.77415312499997,3.262445e-08
135.05,0.0,135.77390312499998,3.27971e-08
135.05,0.0,135.77365312499998,3.278415e-08
135.05,0.0,135.77340312499996,3.26714e-08
135.05,0.0,135.77315312499996,3.2803649999999995e-08
135.05,0.0,135.77290312499997,3.26303e-08
135.05,0.0,135.77265312499998,3.2502849999999995e-08
135.05,0.0,135.77240312499998,3.29634e-08
135.05,0.0,135.77215312499996,3.47222e-08
135.05,0.0,135.77190312499997,3.27618e-08
135.05,0.0,135.77165312499997,3.241355e-08
135.05,0.0,135.77140312499998,3.2344650000000004e-08
135.05,0.0,135.77115312499998,3.23778e-08
135.05,0.0,135.77090312499996,3.1622e-08
135.05,0.0,135.77065312499997,3.24214e-08
135.05,0.0,135.77040312499997,3.1815166666666675e-08
135.05,0.0,135.77015312499998,3.239e-08
135.05,0.0,135.76990312499998,3.182595e-08
135.05,0.0,135.76965312499996,3.237135e-08
135.05,0.0,135.76940312499997,3.2089500000000004e-08
135.05,0.0,135.76915312499997,3.18492e-08
135.05,0.0,135.76890312499998,3.12241e-08
135.05,0.0,135.768653125,3.15451e-08
135.05,0.0,135.76840312499996,3.2030266666666666e-08
135.05,0.0,135.76815312499997,3.20717e-08
135.05,0.0,135.76790312499998,3.245885e-08
135.05,0.0,135.76765312499998,3.206595e-08
135.05,0.0,135.767403125,3.175355e-08
135.05,0.0,135.76715312499996,3.28949e-08
135.05,0.0,135.76690312499997,3.132755e-08
135.05,0.0,135.76665312499998,3.16471e-08
135.05,0.0,135.76640312499998,3.153145e-08
135.05,0.0,135.76615312499996,3.19686e-08
135.05,0.0,135.76590312499997,3.168835e-08
135.05,0.0,135.76565312499997,3.176235e-08
135.05,0.0,135.76540312499998,3.15529e-08
135.05,0.0,135.76515312499998,3.26005e-08
135.05,0.0,135.76490312499996,3.127985e-08
135.05,0.0,135.76465312499997,3.2849000000000005e-08
135.05,0.0,135.76440312499997,3.17254e-08
135.05,0.0,135.76415312499998,3.14296e-08
135.05,0.0,135.76390312499998,3.1824e-08
135.05,0.0,135.76365312499996,3.2396600000000014e-08
135.05,0.0,135.76340312499997,3.14686e-08
135.05,0.0,135.76315312499997,3.3487e-08
135.05,0.0,135.76290312499998,3.155985e-08
135.05,0.0,135.76265312499999,3.1339e-08
135.05,0.0,135.76240312499996,3.19693e-08
135.05,0.0,135.76215312499997,3.15789e-08
135.05,0.0,135.76190312499998,3.202765e-08
135.05,0.0,135.76165312499998,3.190235e-08
135.05,0.0,135.761403125,3.15718e-08
135.05,0.0,135.76115312499996,3.14019e-08
135.05,0.0,135.76090312499997,3.184295e-08
135.05,0.0,135.76065312499998,3.159535e-08
135.05,0.0,135.76040312499998,3.19297e-08
135.05,0.0,135.76015312499996,3.2018e-08
135.05,0.0,135.75990312499997,3.244145e-08
135.05,0.0,135.75965312499997,3.150005e-08
135.05,0.0,135.75940312499998,3.2562e-08
135.05,0.0,135.75915312499998,3.22564e-08
135.05,0.0,135.75890312499996,3.1751850000000004e-08
135.05,0.0,135.75865312499997,3.1579550000000004e-08
135.05,0.0,135.75840312499997,3.227755e-08
135.05,0.0,135.75815312499998,3.22554e-08
135.05,0.0,135.75790312499998,3.198825e-08
135.05,0.0,135.75765312499996,3.181945e-08
135.05,0.0,135.75740312499997,3.19714e-08
135.05,0.0,135.75715312499997,3.17943e-08
135.05,0.0,135.75690312499998,3.243565e-08
135.05,0.0,135.75665312499999,3.2132399999999995e-08
135.05,0.0,135.75640312499996,3.2409050000000005e-08
135.05,0.0,135.75615312499997,3.26077e-08
135.05,0.0,135.75590312499997,3.231345e-08
135.05,0.0,135.75565312499998,3.199045e-08
135.05,0.0,135.755403125,3.22321e-08
135.05,0.0,135.75515312499996,3.29828e-08
135.05,0.0,135.75490312499997,3.242596666666666e-08
135.05,0.0,135.75465312499998,3.2216150000000004e-08
135.05,0.0,135.75440312499998,3.23194e-08
135.05,0.0,135.75415312499996,3.305865e-08
135.05,0.0,135.75390312499997,3.277245e-08
135.05,0.0,135.75365312499997,3.20697e-08
135.05,0.0,135.75340312499998,3.252585e-08
135.05,0.0,135.75315312499998,3.24587e-08
135.05,0.0,135.75290312499996,3.16742e-08
135.05,0.0,135.75265312499997,3.22086e-08
135.05,0.0,135.75240312499997,3.174585e-08
135.05,0.0,135.75215312499998,3.3352149999999995e-08
135.05,0.0,135.75190312499998,3.21106e-08
135.05,0.0,135.75165312499996,3.25618e-08
135.05,0.0,135.75140312499997,3.27933e-08
135.05,0.0,135.75115312499997,3.284225e-08
135.05,0.0,135.75090312499998,3.20992e-08
135.05,0.0,135.75065312499999,3.22551e-08
135.05,0.0,135.75040312499996,3.3535e-08
135.05,0.0,135.75015312499997,3.230355e-08
135.05,0.0,135.74990312499997,3.226205e-08
135.05,0.0,135.74965312499998,3.2317e-08
135.05,0.0,135.749403125,3.26108e-08
135.05,0.0,135.74915312499996,3.23448e-08
135.05,0.0,135.74890312499997,3.20764e-08
135.05,0.0,135.74865312499998,3.21763e-08
135.05,0.0,135.74840312499998,3.2299500000000004e-08
135.05,0.0,135.74815312499996,3.26554e-08
135.05,0.0,135.74790312499997,3.38345e-08
135.05,0.0,135.74765312499997,3.216615e-08
135.05,0.0,135.74740312499998,3.21866e-08
135.05,0.0,135.74715312499998,3.2263e-08
135.05,0.0,135.74690312499996,3.21878e-08
135.05,0.0,135.74665312499997,3.3204250000000004e-08
135.05,0.0,135.74640312499997,3.23505e-08
135.05,0.0,135.74615312499998,3.241505e-08
135.05,0.0,135.74590312499998,3.14781e-08
135.05,0.0,135.74565312499996,3.21279e-08
135.05,0.0,135.74540312499997,3.30745e-08
135.05,0.0,135.74515312499997,3.240115e-08
135.05,0.0,135.74490312499998,3.2276500000000005e-08
135.05,0.0,135.74465312499999,3.22966e-08
135.05,0.0,135.74440312499996,3.2253e-08
135.05,0.0,135.74415312499997,3.23496e-08
135.05,0.0,135.74390312499997,3.2166950000000003e-08
135.05,0.0,135.74365312499998,3.23089e-08
135.05,0.0,135.743403125,3.10566e-08
135.05,0.0,135.74315312499996,3.16071e-08
135.05,0.0,135.74290312499997,3.221075e-08
135.05,0.0,135.74265312499998,3.24961e-08
135.05,0.0,135.74240312499998,3.14943e-08
135.05,0.0,135.74215312499996,3.120475e-08
135.05,0.0,135.74190312499996,3.15601e-08
135.05,0.0,135.74165312499997,3.20504e-08
135.05,0.0,135.74140312499998,3.1606049999999995e-08
135.05,0.0,135.74115312499998,3.150435e-08
135.05,0.0,135.74090312499996,3.158355e-08
135.05,0.0,135.74065312499997,3.28113e-08
135.05,0.0,135.74040312499997,3.20489e-08
135.05,0.0,135.74015312499998,3.141625e-08
135.05,0.0,135.73990312499998,3.102135e-08
135.05,0.0,135.73965312499996,3.1037650000000004e-08
135.05,0.0,135.73940312499997,3.03304e-08
135.05,0.0,135.73915312499997,3.1812550000000004e-08
135.05,0.0,135.73890312499998,3.166613333333333e-08
135.05,0.0,135.73865312499998,3.1972650000000005e-08
135.05,0.0,135.73840312499996,3.2052e-08
135.05,0.0,135.73815312499997,3.09694e-08
135.05,0.0,135.73790312499997,3.1098500000000005e-08
135.05,0.0,135.73765312499998,3.18597e-08
135.05,0.0,135.737403125,3.31963e-08
135.05,0.0,135.73715312499996,3.21939e-08
135.05,0.0,135.73690312499997,3.19675e-08
135.05,0.0,135.73665312499998,3.20072e-08
135.05,0.0,135.73640312499998,3.169015e-08
135.05,0.0,135.736153125,3.116675e-08
135.05,0.0,135.73590312499996,3.249065e-08
135.05,0.0,135.73565312499997,3.12303e-08
135.05,0.0,135.73540312499998,3.21238e-08
135.05,0.0,135.73515312499998,3.119635e-08
135.05,0.0,135.73490312499996,3.08769e-08
135.05,0.0,135.73465312499997,3.172465e-08
135.05,0.0,135.73440312499997,3.209755e-08
135.05,0.0,135.73415312499998,3.05659e-08
135.05,0.0,135.73390312499998,3.1726150000000004e-08
135.05,0.0,135.73365312499996,3.16376e-08
135.05,0.0,135.73340312499997,3.21975e-08
135.05,0.0,135.73315312499997,3.19585e-08
135.05,0.0,135.73290312499998,3.148545e-08
135.05,0.0,135.73265312499998,3.1858999999999994e-08
135.05,0.0,135.73240312499996,3.1989750000000004e-08
135.05,0.0,135.73215312499997,3.157485e-08
135.05,0.0,135.73190312499997,3.25808e-08
135.05,0.0,135.73165312499998,3.2104e-08
135.05,0.0,135.73140312499999,3.17907e-08
135.05,0.0,135.73115312499996,3.186285e-08
135.05,0.0,135.73090312499997,3.159255e-08
135.05,0.0,135.73065312499998,3.21442e-08
135.05,0.0,135.73040312499998,3.1948949999999994e-08
135.05,0.0,135.730153125,3.226575e-08
135.05,0.0,135.72990312499996,3.2010966666666675e-08
135.05,0.0,135.72965312499997,3.21872e-08
135.05,0.0,135.72940312499998,3.2063800000000004e-08
135.05,0.0,135.72915312499998,3.18764e-08
135.05,0.0,135.72890312499996,3.256055e-08
135.05,0.0,135.72865312499997,3.14531e-08
135.05,0.0,135.72840312499997,3.275915e-08
135.05,0.0,135.72815312499998,3.23922e-08
135.05,0.0,135.72790312499998,3.262635e-08
135.05,0.0,135.72765312499996,3.182195e-08
135.05,0.0,135.72740312499997,3.15555e-08
135.05,0.0,135.72715312499997,3.22093e-08
135.05,0.0,135.72690312499998,3.22469e-08
135.05,0.0,135.72665312499998,3.22295e-08
135.05,0.0,135.72640312499996,3.22092e-08
135.05,0.0,135.72615312499997,3.2017249999999995e-08
135.05,0.0,135.72590312499997,3.1536950000000004e-08
135.05,0.0,135.72565312499998,3.219365e-08
135.05,0.0,135.72540312499999,3.257615e-08
135.05,0.0,135.72515312499996,3.18784e-08
135.05,0.0,135.72490312499997,3.209945e-08
135.05,0.0,135.72465312499997,3.35126e-08
135.05,0.0,135.72440312499998,3.199725e-08
135.05,0.0,135.724153125,3.19639e-08
135.05,0.0,135.72390312499996,3.20022e-08
135.05,0.0,135.72365312499997,3.20129e-08
135.05,0.0,135.72340312499998,3.25092e-08
135.05,0.0,135.72315312499998,3.21497e-08
135.05,0.0,135.72290312499996,3.32021e-08
135.05,0.0,135.72265312499997,3.26766e-08
135.05,0.0,135.72240312499997,3.27221e-08
135.05,0.0,135.72215312499998,3.180355e-08
135.05,0.0,135.72190312499998,3.16872e-08
135.05,0.0,135.72165312499996,3.22506e-08
135.05,0.0,135.72140312499997,3.02564e-08
135.05,0.0,135.72115312499997,3.247255e-08
135.05,0.0,135.72090312499998,3.12163e-08
135.05,0.0,135.72065312499998,3.102905e-08
135.05,0.0,135.72040312499996,3.15994e-08
135.05,0.0,135.72015312499997,3.14476e-08
135.05,0.0,135.71990312499997,3.2093849999999995e-08
135.05,0.0,135.71965312499998,3.22368e-08
135.05,0.0,135.71940312499999,3.2021149999999994e-08
135.05,0.0,135.71915312499996,3.219615e-08
135.05,0.0,135.71890312499997,3.1733199999999995e-08
135.05,0.0,135.71865312499997,3.210765e-08
135.05,0.0,135.71840312499998,3.0782850000000004e-08
135.05,0.0,135.718153125,3.074245e-08
135.05,0.0,135.71790312499996,3.203535e-08
135.05,0.0,135.71765312499997,3.2397e-08
135.05,0.0,135.71740312499998,3.200275e-08
135.05,0.0,135.71715312499998,3.301045e-08
135.05,0.0,135.71690312499996,3.1669850000000004e-08
135.05,0.0,135.71665312499997,3.2513050000000004e-08
135.05,0.0,135.71640312499997,3.32932e-08
135.05,0.0,135.71615312499998,3.2275150000000004e-08
135.05,0.0,135.71590312499998,3.33838e-08
135.05,0.0,135.71565312499996,3.2036e-08
135.05,0.0,135.71540312499997,3.22326e-08
135.05,0.0,135.71515312499997,3.2478499999999995e-08
135.05,0.0,135.71490312499998,3.189095e-08
135.05,0.0,135.71465312499998,3.21661e-08
135.05,0.0,135.71440312499996,3.21621e-08
135.05,0.0,135.71415312499997,3.24409e-08
135.05,0.0,135.71390312499997,3.18974e-08
135.05,0.0,135.71365312499998,3.248255e-08
135.05,0.0,135.71340312499999,3.20588e-08
135.05,0.0,135.71315312499996,3.21185e-08
135.05,0.0,135.71290312499997,3.25873e-08
135.05,0.0,135.71265312499997,3.155395e-08
135.05,0.0,135.71240312499998,3.13243e-08
135.05,0.0,135.712153125,3.16517e-08
135.05,0.0,135.71190312499996,3.28024e-08
135.05,0.0,135.71165312499997,3.17645e-08
135.05,0.0,135.71140312499998,3.1091250000000004e-08
135.05,0.0,135.71115312499998,3.188175e-08
135.05,0.0,135.71090312499996,3.16742e-08
135.05,0.0,135.71065312499996,3.09478e-08
135.05,0.0,135.71040312499997,3.2285950000000006e-08
135.05,0.0,135.71015312499998,3.16904e-08
135.05,0.0,135.70990312499998,3.117515e-08
135.05,0.0,135.70965312499996,3.18949e-08
135.05,0.0,135.70940312499997,3.14368e-08
135.05,0.0,135.70915312499997,3.18123e-08
135.05,0.0,135.70890312499998,3.19413e-08
135.05,0.0,135.70865312499998,3.18938e-08
135.05,0.0,135.70840312499996,3.1847e-08
135.05,0.0,135.70815312499997,3.149815e-08
135.05,0.0,135.70790312499997,2.97807e-08
135.05,0.0,135.70765312499998,3.148175e-08
135.05,0.0,135.70740312499998,3.16139e-08
135.05,0.0,135.70715312499996,3.19186e-08
135.05,0.0,135.70690312499997,3.16374e-08
135.05,0.0,135.70665312499997,3.348975e-08
135.05,0.0,135.70640312499998,3.15267e-08
135.05,0.0,135.706153125,3.15884e-08
135.05,0.0,135.70590312499996,3.28092e-08
135.05,0.0,135.70565312499997,3.1873699999999995e-08
135.05,0.0,135.70540312499998,2.965365e-08
135.05,0.0,135.70515312499998,3.23045e-08
135.05,0.0,135.704903125,3.20534e-08
135.05,0.0,135.70465312499996,3.162765e-08
135.05,0.0,135.70440312499997,3.248625e-08
135.05,0.0,135.70415312499998,3.208025e-08
135.05,0.0,135.70390312499998,3.22671e-08
135.05,0.0,135.70365312499996,3.14476e-08
135.05,0.0,135.70340312499997,3.246415e-08
135.05,0.0,135.70315312499997,3.17045e-08
135.05,0.0,135.70290312499998,3.15886e-08
135.05,0.0,135.70265312499998,3.18585e-08
135.05,0.0,135.70240312499996,3.18271e-08
135.05,0.0,135.70215312499997,3.0585299999999995e-08
135.05,0.0,135.70190312499997,3.19207e-08
135.05,0.0,135.70165312499998,3.112425e-08
135.05,0.0,135.70140312499998,3.220885e-08
135.05,0.0,135.70115312499996,3.12448e-08
135.05,0.0,135.70090312499997,3.16978e-08
135.05,0.0,135.70065312499997,3.2068566666666666e-08
135.05,0.0,135.70040312499998,3.146925e-08
135.05,0.0,135.70015312499999,3.30647e-08
135.05,0.0,135.69990312499996,3.15372e-08
135.05,0.0,135.69965312499997,3.2338550000000005e-08
135.05,0.0,135.69940312499998,3.203305e-08
135.05,0.0,135.69915312499998,3.1500199999999995e-08
135.05,0.0,135.698903125,3.14775e-08
135.05,0.0,135.69865312499996,3.187586666666666e-08
135.05,0.0,135.69840312499997,3.28017e-08
135.05,0.0,135.69815312499998,3.24678e-08
135.05,0.0,135.69790312499998,3.174515e-08
135.05,0.0,135.69765312499996,3.205235e-08
135.05,0.0,135.69740312499997,3.22881e-08
135.05,0.0,135.69715312499997,3.217825e-08
135.05,0.0,135.69690312499998,3.20577e-08
135.05,0.0,135.69665312499998,3.265065e-08
135.05,0.0,135.69640312499996,3.230835e-08
135.05,0.0,135.69615312499997,3.18283e-08
135.05,0.0,135.69590312499997,3.094995e-08
135.05,0.0,135.69565312499998,3.270635e-08
135.05,0.0,135.69540312499998,3.19007e-08
135.05,0.0,135.69515312499996,3.18996e-08
135.05,0.0,135.69490312499997,3.2527e-08
135.05,0.0,135.69465312499997,3.255375e-08
135.05,0.0,135.69440312499998,3.229485e-08
135.05,0.0,135.69415312499999,3.3123600000000004e-08
135.05,0.0,135.69390312499996,3.34815e-08
135.05,0.0,135.69365312499997,3.2661000000000004e-08
135.05,0.0,135.69340312499997,3.1743849999999995e-08
135.05,0.0,135.69315312499998,3.24442e-08
135.05,0.0,135.692903125,3.253e-08
135.05,0.0,135.69265312499996,3.26581e-08
135.05,0.0,135.69240312499997,3.26659e-08
135.05,0.0,135.69215312499998,3.29941e-08
135.05,0.0,135.69190312499998,3.2544966666666665e-08
135.05,0.0,135.69165312499996,3.240055e-08
135.05,0.0,135.69140312499997,3.321545e-08
135.05,0.0,135.69115312499997,3.25057e-08
135.05,0.0,135.69090312499998,3.2450099999999995e-08
135.05,0.0,135.69065312499998,3.331005e-08
135.05,0.0,135.69040312499996,3.2653e-08
135.05,0.0,135.69015312499997,3.274e-08
135.05,0.0,135.68990312499997,3.273125e-08
135.05,0.0,135.68965312499998,3.26965e-08
135.05,0.0,135.68940312499998,3.28839e-08
135.05,0.0,135.68915312499996,3.24748e-08
135.05,0.0,135.68890312499997,3.292995e-08
135.05,0.0,135.68865312499997,3.359025e-08
135.05,0.0,135.68840312499998,3.27098e-08
135.05,0.0,135.68815312499999,3.28846e-08
135.05,0.0,135.68790312499996,3.2358350000000003e-08
135.05,0.0,135.68765312499997,3.29576e-08
135.05,0.0,135.68740312499997,3.33661e-08
135.05,0.0,135.68715312499998,3.291375e-08
135.05,0.0,135.686903125,3.24541e-08
135.05,0.0,135.68665312499996,3.2613150000000004e-08
135.05,0.0,135.68640312499997,3.341295e-08
135.05,0.0,135.68615312499998,3.25479e-08
135.05,0.0,135.68590312499998,3.2631e-08
135.05,0.0,135.68565312499996,3.256565e-08
135.05,0.0,135.68540312499997,3.144525e-08
135.05,0.0,135.68515312499997,3.2061e-08
135.05,0.0,135.68490312499998,3.3094850000000005e-08
135.05,0.0,135.68465312499998,3.255185e-08
135.05,0.0,135.68440312499996,3.27681e-08
135.05,0.0,135.68415312499997,3.2506e-08
135.05,0.0,135.68390312499997,3.25622e-08
135.05,0.0,135.68365312499998,3.279885e-08
135.05,0.0,135.68340312499998,3.242185e-08
135.05,0.0,135.68315312499996,3.30023e-08
135.05,0.0,135.68290312499997,3.22578e-08
135.05,0.0,135.68265312499997,3.28806e-08
135.05,0.0,135.68240312499998,3.24471e-08
135.05,0.0,135.68215312499999,3.210795e-08
135.05,0.0,135.68190312499996,3.28061e-08
135.05,0.0,135.68165312499997,3.2248250000000006e-08
135.05,0.0,135.68140312499997,3.25707e-08
135.05,0.0,135.68115312499998,3.27552e-08
135.05,0.0,135.680903125,3.225325e-08
135.05,0.0,135.68065312499996,3.2078e-08
135.05,0.0,135.68040312499997,3.240775e-08
135.05,0.0,135.68015312499998,3.251065e-08
135.05,0.0,135.67990312499998,3.226515e-08
135.05,0.0,135.67965312499996,3.267575e-08
135.05,0.0,135.67940312499996,3.24547e-08
135.05,0.0,135.67915312499997,3.33525e-08
135.05,0.0,135.67890312499998,3.27893e-08
135.05,0.0,135.67865312499998,3.25364e-08
135.05,0.0,135.67840312499996,3.31893e-08
135.05,0.0,135.67815312499997,3.222405e-08
135.05,0.0,135.67790312499997,3.299355e-08
135.05,0.0,135.67765312499998,3.27221e-08
135.05,0.0,135.67740312499998,3.1272e-08
135.05,0.0,135.67715312499996,3.266395e-08
135.05,0.0,135.67690312499997,3.214925e-08
135.05,0.0,135.67665312499997,3.172835e-08
135.05,0.0,135.67640312499998,3.28598e-08
135.05,0.0,135.67615312499998,3.25443e-08
135.05,0.0,135.67590312499996,3.0392549999999995e-08
135.05,0.0,135.67565312499997,3.2812e-08
135.05,0.0,135.67540312499997,3.17616e-08
135.05,0.0,135.67515312499998,3.313855e-08
135.05,0.0,135.674903125,3.182865e-08
135.05,0.0,135.67465312499996,3.2020299999999995e-08
135.05,0.0,135.67440312499997,3.32515e-08
135.05,0.0,135.67415312499998,3.2612450000000006e-08
135.05,0.0,135.67390312499998,3.27723e-08
135.05,0.0,135.673653125,3.2557566666666665e-08
135.05,0.0,135.67340312499996,3.27522e-08
135.05,0.0,135.67315312499997,3.250185e-08
135.05,0.0,135.67290312499998,3.24454e-08
135.05,0.0,135.67265312499998,3.139645e-08
135.05,0.0,135.67240312499996,3.2158e-08
135.05,0.0,135.67215312499997,3.224975e-08
135.05,0.0,135.67190312499997,3.252245e-08
135.05,0.0,135.67165312499998,3.198815e-08
135.05,0.0,135.67140312499998,3.32011e-08
135.05,0.0,135.67115312499996,3.22987e-08
135.05,0.0,135.67090312499997,3.1818e-08
135.05,0.0,135.67065312499997,3.19379e-08
135.05,0.0,135.67040312499998,3.21006e-08
135.05,0.0,135.67015312499998,3.224925e-08
135.05,0.0,135.66990312499996,3.222815e-08
135.05,0.0,135.66965312499997,3.221085e-08
135.05,0.0,135.66940312499997,3.2595e-08
135.05,0.0,135.66915312499998,3.27516e-08
135.05,0.0,135.66890312499999,3.2140200000000006e-08
135.05,0.0,135.66865312499996,3.2662500000000005e-08
135.05,0.0,135.66840312499997,3.25636e-08
135.05,0.0,135.66815312499998,3.14029e-08
135.05,0.0,135.66790312499998,3.21941e-08
135.05,0.0,135.667653125,3.2855600000000005e-08
135.05,0.0,135.66740312499996,3.26199e-08
135.05,0.0,135.66715312499997,3.265695e-08
135.05,0.0,135.66690312499998,3.2237066666666665e-08
135.05,0.0,135.66665312499998,3.209045e-08
135.05,0.0,135.66640312499996,3.30969e-08
135.05,0.0,135.66615312499997,3.37777e-08
135.05,0.0,135.66590312499997,3.22438e-08
135.05,0.0,135.66565312499998,3.285115e-08
135.05,0.0,135.66540312499998,3.40683e-08
135.05,0.0,135.66515312499996,3.265455e-08
135.05,0.0,135.66490312499997,3.210315e-08
135.05,0.0,135.66465312499997,3.29032e-08
135.05,0.0,135.66440312499998,3.245935e-08
135.05,0.0,135.66415312499998,3.208855e-08
135.05,0.0,135.66390312499996,3.279895e-08
135.05,0.0,135.66365312499997,3.180235e-08
135.05,0.0,135.66340312499997,3.32288e-08
135.05,0.0,135.66315312499998,3.28215e-08
135.05,0.0,135.66290312499999,3.1428400000000004e-08
135.05,0.0,135.66265312499996,3.23408e-08
135.05,0.0,135.66240312499997,3.24505e-08
135.05,0.0,135.66215312499997,3.3070650000000006e-08
135.05,0.0,135.66190312499998,3.14731e-08
135.05,0.0,135.661653125,3.246895e-08
135.05,0.0,135.66140312499996,3.29833e-08
135.05,0.0,135.66115312499997,3.3189e-08
135.05,0.0,135.66090312499998,3.29094e-08
135.05,0.0,135.66065312499998,3.22487e-08
135.05,0.0,135.66040312499996,3.21886e-08
135.05,0.0,135.66015312499997,3.313975e-08
135.05,0.0,135.65990312499997,3.2155700000000004e-08
135.05,0.0,135.65965312499998,3.26716e-08
135.05,0.0,135.65940312499998,3.28796e-08
135.05,0.0,135.65915312499996,3.1866150000000004e-08
135.05,0.0,135.65890312499997,3.269315e-08
135.05,0.0,135.65865312499997,3.25967e-08
135.05,0.0,135.65840312499998,3.27788e-08
135.05,0.0,135.65815312499998,3.24203e-08
135.05,0.0,135.65790312499996,3.245263333333333e-08
135.05,0.0,135.65765312499997,3.29936e-08
135.05,0.0,135.65740312499997,3.260865e-08
135.05,0.0,135.65715312499998,3.248015e-08
135.05,0.0,135.65690312499999,3.258205e-08
135.05,0.0,135.65665312499996,3.28996e-08
135.05,0.0,135.65640312499997,3.2600300000000004e-08
135.05,0.0,135.65615312499997,3.262035e-08
135.05,0.0,135.65590312499998,3.145025e-08
135.05,0.0,135.655653125,3.32958e-08
135.05,0.0,135.65540312499996,3.333725e-08
135.05,0.0,135.65515312499997,3.27388e-08
135.05,0.0,135.65490312499998,3.210525e-08
135.05,0.0,135.65465312499998,3.35873e-08
135.05,0.0,135.65440312499996,3.2911e-08
135.05,0.0,135.65415312499997,3.27729e-08
135.05,0.0,135.65390312499997,3.2883449999999995e-08
135.05,0.0,135.65365312499998,3.31497e-08
135.05,0.0,135.65340312499998,3.3077e-08
135.05,0.0,135.65315312499996,3.314055e-08
135.05,0.0,135.65290312499997,3.29008e-08
135.05,0.0,135.65265312499997,3.20977e-08
135.05,0.0,135.65240312499998,3.305365e-08
135.05,0.0,135.65215312499998,3.21709e-08
135.05,0.0,135.65190312499996,3.29718e-08
135.05,0.0,135.65165312499997,3.30009e-08
135.05,0.0,135.65140312499997,3.2306366666666674e-08
135.05,0.0,135.65115312499998,3.25851e-08
135.05,0.0,135.65090312499999,3.22584e-08
135.05,0.0,135.65065312499996,3.27981e-08
135.05,0.0,135.65040312499997,3.310035e-08
135.05,0.0,135.65015312499997,3.18008e-08
135.05,0.0,135.64990312499998,3.37611e-08
135.05,0.0,135.649653125,3.31212e-08
135.05,0.0,135.64940312499996,3.3233000000000004e-08
135.05,0.0,135.64915312499997,3.2564e-08
135.05,0.0,135.64890312499998,3.28862e-08
135.05,0.0,135.64865312499998,3.198845e-08
135.05,0.0,135.64840312499996,3.250925e-08
135.05,0.0,135.64815312499996,3.257685e-08
135.05,0.0,135.64790312499997,3.242125e-08
135.05,0.0,135.64765312499998,3.26544e-08
135.05,0.0,135.64740312499998,3.21837e-08
135.05,0.0,135.64715312499996,3.28482e-08
135.05,0.0,135.64690312499997,3.238915e-08
135.05,0.0,135.64665312499997,3.2648e-08
135.05,0.0,135.64640312499998,3.37844e-08
135.05,0.0,135.64615312499998,3.276015e-08
135.05,0.0,135.64590312499996,3.289515e-08
135.05,0.0,135.64565312499997,3.25125e-08
135.05,0.0,135.64540312499997,3.248205e-08
135.05,0.0,135.64515312499998,3.265885e-08
135.05,0.0,135.64490312499998,3.327085e-08
135.05,0.0,135.64465312499996,3.30994e-08
135.05,0.0,135.64440312499997,3.2900400000000005e-08
135.05,0.0,135.64415312499997,3.245265e-08
135.05,0.0,135.64390312499998,3.2364000000000004e-08
135.05,0.0,135.643653125,3.27003e-08
135.05,0.0,135.64340312499996,3.27429e-08
135.05,0.0,135.64315312499997,3.27248e-08
135.05,0.0,135.64290312499998,3.30434e-08
135.05,0.0,135.64265312499998,3.29545e-08
135.05,0.0,135.642403125,3.273055e-08
135.05,0.0,135.64215312499996,3.271275e-08
135.05,0.0,135.64190312499997,3.25128e-08
135.05,0.0,135.64165312499998,3.267055e-08
135.05,0.0,135.64140312499998,3.26017e-08
135.05,0.0,135.64115312499996,3.27502e-08
135.05,0.0,135.64090312499997,3.23922e-08
135.05,0.0,135.64065312499997,3.27848e-08
135.05,0.0,135.64040312499998,3.24505e-08
135.05,0.0,135.64015312499998,3.260585e-08
135.05,0.0,135.63990312499996,3.270925e-08
135.05,0.0,135.63965312499997,3.225125e-08
135.05,0.0,135.63940312499997,3.2553800000000004e-08
135.05,0.0,135.63915312499998,3.2423600000000005e-08
135.05,0.0,135.63890312499998,3.22936e-08
135.05,0.0,135.63865312499996,3.18344e-08
135.05,0.0,135.63840312499997,3.22375e-08
135.05,0.0,135.63815312499997,3.233385e-08
135.05,0.0,135.63790312499998,3.273865e-08
135.05,0.0,135.63765312499999,3.21672e-08
135.05,0.0,135.63740312499996,3.22244e-08
135.05,0.0,135.63715312499997,3.24845e-08
135.05,0.0,135.63690312499998,3.26886e-08
135.05,0.0,135.63665312499998,3.253575e-08
135.05,0.0,135.636403125,3.24628e-08
135.05,0.0,135.63615312499996,3.253365e-08
135.05,0.0,135.63590312499997,3.2387600000000003e-08
135.05,0.0,135.63565312499998,3.25265e-08
135.05,0.0,135.63540312499998,3.258365e-08
135.05,0.0,135.63515312499996,3.251915e-08
135.05,0.0,135.63490312499997,3.28052e-08
135.05,0.0,135.63465312499997,3.248985e-08
135.05,0.0,135.63440312499998,3.222745e-08
135.05,0.0,135.63415312499998,3.281185e-08
135.05,0.0,135.63390312499996,3.25441e-08
135.05,0.0,135.63365312499997,3.255575e-08
135.05,0.0,135.63340312499997,3.27393e-08
135.05,0.0,135.63315312499998,3.272055e-08
135.05,0.0,135.63290312499998,3.226845e-08
135.05,0.0,135.63265312499996,3.25946e-08
135.05,0.0,135.63240312499997,3.3370749999999995e-08
135.05,0.0,135.63215312499997,3.21056e-08
135.05,0.0,135.63190312499998,3.27921e-08
135.05,0.0,135.63165312499999,3.263915e-08
135.05,0.0,135.63140312499996,3.2065300000000006e-08
135.05,0.0,135.63115312499997,3.261745e-08
135.05,0.0,135.63090312499997,3.225125e-08
135.05,0.0,135.63065312499998,3.26502e-08
135.05,0.0,135.630403125,3.2306750000000006e-08
135.05,0.0,135.63015312499996,3.26329e-08
135.05,0.0,135.62990312499997,3.24856e-08
135.05,0.0,135.62965312499998,3.2155450000000004e-08
135.05,0.0,135.62940312499998,3.24441e-08
135.05,0.0,135.62915312499996,3.32075e-08
135.05,0.0,135.62890312499997,3.26438e-08
135.05,0.0,135.62865312499997,3.2656549999999995e-08
135.05,0.0,135.62840312499998,3.248215e-08
135.05,0.0,135.62815312499998,3.22034e-08
135.05,0.0,135.62790312499996,3.2767e-08
135.05,0.0,135.62765312499997,3.239455e-08
135.05,0.0,135.62740312499997,3.263335e-08
135.05,0.0,135.62715312499998,3.18862e-08
135.05,0.0,135.62690312499998,3.23124e-08
135.05,0.0,135.62665312499996,3.257655e-08
135.05,0.0,135.62640312499997,3.259686666666667e-08
135.05,0.0,135.62615312499997,3.239305e-08
135.05,0.0,135.62590312499998,3.28181e-08
135.05,0.0,135.62565312499999,3.244445e-08
135.05,0.0,135.62540312499996,3.237285e-08
135.05,0.0,135.62515312499997,3.218855e-08
135.05,0.0,135.62490312499997,3.24481e-08
135.05,0.0,135.62465312499998,3.2657100000000005e-08
135.05,0.0,135.624403125,3.217005e-08
135.05,0.0,135.62415312499996,3.244275e-08
135.05,0.0,135.62390312499997,3.18738e-08
135.05,0.0,135.62365312499998,3.24193e-08
135.05,0.0,135.62340312499998,3.276185e-08
135.05,0.0,135.62315312499996,3.181775e-08
135.05,0.0,135.62290312499997,3.21446e-08
135.05,0.0,135.62265312499997,3.2325700000000005e-08
135.05,0.0,135.62240312499998,3.20556e-08
135.05,0.0,135.62215312499998,3.22913e-08
135.05,0.0,135.62190312499996,3.30236e-08
135.05,0.0,135.62165312499997,3.2884233333333336e-08
135.05,0.0,135.62140312499997,3.258265e-08
135.05,0.0,135.62115312499998,3.21754e-08
135.05,0.0,135.62090312499998,3.239455e-08
135.05,0.0,135.62065312499996,3.160015e-08
135.05,0.0,135.62040312499997,3.21531e-08
135.05,0.0,135.62015312499997,3.21927e-08
135.05,0.0,135.61990312499998,3.11363e-08
135.05,0.0,135.61965312499999,3.1957899999999995e-08
135.05,0.0,135.61940312499996,3.22512e-08
135.05,0.0,135.61915312499997,3.20419e-08
135.05,0.0,135.61890312499997,3.17863e-08
135.05,0.0,135.61865312499998,3.261305e-08
135.05,0.0,135.618403125,3.22032e-08
135.05,0.0,135.61815312499996,3.22285e-08
135.05,0.0,135.61790312499997,3.19765e-08
135.05,0.0,135.61765312499998,3.215385e-08
135.05,0.0,135.61740312499998,3.1800566666666667e-08
135.05,0.0,135.61715312499996,3.23043e-08
135.05,0.0,135.61690312499996,3.172925e-08
135.05,0.0,135.61665312499997,3.158465e-08
135.05,0.0,135.61640312499998,3.172385e-08
135.05,0.0,135.61615312499998,3.14072e-08
135.05,0.0,135.61590312499996,3.1745049999999993e-08
135.05,0.0,135.61565312499997,3.18872e-08
135.05,0.0,135.61540312499997,3.3395150000000004e-08
135.05,0.0,135.61515312499998,3.2164699999999994e-08
135.05,0.0,135.61490312499998,3.17796e-08
135.05,0.0,135.61465312499996,3.1998649999999995e-08
135.05,0.0,135.61440312499997,3.264755e-08
135.05,0.0,135.61415312499997,3.1526e-08
135.05,0.0,135.61390312499998,3.172585e-08
135.05,0.0,135.61365312499998,3.205705e-08
135.05,0.0,135.61340312499996,3.054295e-08
135.05,0.0,135.61315312499997,3.1871e-08
135.05,0.0,135.61290312499997,3.29804e-08
135.05,0.0,135.61265312499998,3.18455e-08
135.05,0.0,135.612403125,3.15204e-08
135.05,0.0,135.61215312499996,3.22316e-08
135.05,0.0,135.61190312499997,3.198155e-08
135.05,0.0,135.61165312499998,3.204015e-08
135.05,0.0,135.61140312499998,3.1833350000000004e-08
135.05,0.0,135.611153125,3.1008e-08
135.05,0.0,135.61090312499996,3.3103300000000005e-08
135.05,0.0,135.61065312499997,3.2050049999999995e-08
135.05,0.0,135.61040312499998,3.149896666666667e-08
135.05,0.0,135.61015312499998,3.20777e-08
135.05,0.0,135.60990312499996,3.21444e-08
135.05,0.0,135.60965312499997,3.16004e-08
135.05,0.0,135.60940312499997,3.19301e-08
135.05,0.0,135.60915312499998,3.25394e-08
135.05,0.0,135.60890312499998,3.263515e-08
135.05,0.0,135.60865312499996,3.107375e-08
135.05,0.0,135.60840312499997,3.2342950000000004e-08
135.05,0.0,135.60815312499997,3.31234e-08
135.05,0.0,135.60790312499998,3.138225e-08
135.05,0.0,135.60765312499998,3.19129e-08
135.05,0.0,135.60740312499996,3.203215e-08
135.05,0.0,135.60715312499997,2.94462e-08
135.05,0.0,135.60690312499997,3.15189e-08
135.05,0.0,135.60665312499998,3.13728e-08
135.05,0.0,135.60640312499999,3.17724e-08
135.05,0.0,135.60615312499996,3.18509e-08
135.05,0.0,135.60590312499997,3.187905e-08
135.05,0.0,135.60565312499998,3.215985e-08
135.05,0.0,135.60540312499998,3.14309e-08
135.05,0.0,135.605153125,3.25531e-08
135.05,0.0,135.60490312499996,3.20886e-08
135.05,0.0,135.60465312499997,3.226905e-08
135.05,0.0,135.60440312499998,3.144535e-08
135.05,0.0,135.60415312499998,3.18954e-08
135.05,0.0,135.60390312499996,3.067145e-08
135.05,0.0,135.60365312499997,3.1225650000000005e-08
135.05,0.0,135.60340312499997,3.335915e-08
135.05,0.0,135.60315312499998,3.27776e-08
135.05,0.0,135.60290312499998,3.195065e-08
135.05,0.0,135.60265312499996,3.123835e-08
135.05,0.0,135.60240312499997,3.14489e-08
135.05,0.0,135.60215312499997,3.1971e-08
135.05,0.0,135.60190312499998,3.18107e-08
135.05,0.0,135.60165312499998,3.239415e-08
135.05,0.0,135.60140312499996,3.1997700000000003e-08
135.05,0.0,135.60115312499997,3.23013e-08
135.05,0.0,135.60090312499997,3.20858e-08
135.05,0.0,135.60065312499998,3.267765e-08
135.05,0.0,135.60040312499999,3.23094e-08
135.05,0.0,135.60015312499996,3.166625e-08
135.05,0.0,135.59990312499997,3.160985e-08
135.05,0.0,135.59965312499997,3.19633e-08
135.05,0.0,135.59940312499998,3.23939e-08
135.05,0.0,135.599153125,3.202195e-08
135.05,0.0,135.59890312499996,3.20087e-08
135.05,0.0,135.59865312499997,3.201125e-08
135.05,0.0,135.59840312499998,3.23268e-08
135.05,0.0,135.59815312499998,3.1796650000000004e-08
135.05,0.0,135.59790312499996,3.194475e-08
135.05,0.0,135.59765312499997,3.21978e-08
135.05,0.0,135.59740312499997,3.10071e-08
135.05,0.0,135.59715312499998,3.1699750000000006e-08
135.05,0.0,135.59690312499998,3.180695e-08
135.05,0.0,135.59665312499996,3.156605e-08
135.05,0.0,135.59640312499997,3.22806e-08
135.05,0.0,135.59615312499997,3.113475e-08
135.05,0.0,135.59590312499998,3.20715e-08
135.05,0.0,135.59565312499998,3.2565e-08
135.05,0.0,135.59540312499996,3.30924e-08
135.05,0.0,135.59515312499997,3.217165e-08
135.05,0.0,135.59490312499997,3.12881e-08
135.05,0.0,135.59465312499998,3.182545e-08
135.05,0.0,135.59440312499999,3.19972e-08
135.05,0.0,135.59415312499996,3.26533e-08
135.05,0.0,135.59390312499997,3.22255e-08
135.05,0.0,135.59365312499997,3.18963e-08
135.05,0.0,135.59340312499998,3.04815e-08
135.05,0.0,135.593153125,3.11505e-08
135.05,0.0,135.59290312499996,3.179495e-08
135.05,0.0,135.59265312499997,3.1630450000000004e-08
135.05,0.0,135.59240312499998,3.1487400000000004e-08
135.05,0.0,135.59215312499998,3.12832e-08
135.05,0.0,135.59190312499996,3.122e-08
135.05,0.0,135.59165312499997,3.21278e-08
135.05,0.0,135.59140312499997,3.03686e-08
135.05,0.0,135.59115312499998,3.19355e-08
135.05,0.0,135.59090312499998,3.244935e-08
135.05,0.0,135.59065312499996,3.173315e-08
135.05,0.0,135.59040312499997,3.171545e-08
135.05,0.0,135.59015312499997,3.1136400000000003e-08
135.05,0.0,135.58990312499998,3.19807e-08
135.05,0.0,135.58965312499998,3.18429e-08
135.05,0.0,135.58940312499996,3.16233e-08
135.05,0.0,135.58915312499997,3.13799e-08
135.05,0.0,135.58890312499997,3.214725e-08
135.05,0.0,135.58865312499998,3.1154150000000004e-08
135.05,0.0,135.58840312499999,3.19186e-08
135.05,0.0,135.58815312499996,3.165485e-08
135.05,0.0,135.58790312499997,3.161786666666666e-08
135.05,0.0,135.58765312499997,3.154575e-08
135.05,0.0,135.58740312499998,3.2374e-08
135.05,0.0,135.587153125,3.27488e-08
135.05,0.0,135.58690312499996,3.181705e-08
135.05,0.0,135.58665312499997,3.1874250000000005e-08
135.05,0.0,135.58640312499998,3.21217e-08
135.05,0.0,135.58615312499998,3.18271e-08
135.05,0.0,135.58590312499996,3.14662e-08
135.05,0.0,135.58565312499996,3.21036e-08
135.05,0.0,135.58540312499997,3.223395e-08
135.05,0.0,135.58515312499998,3.2250950000000006e-08
135.05,0.0,135.58490312499998,3.2155049999999995e-08
135.05,0.0,135.58465312499996,3.20876e-08
135.05,0.0,135.58440312499997,3.21518e-08
135.05,0.0,135.58415312499997,3.1379200000000003e-08
135.05,0.0,135.58390312499998,3.1205550000000004e-08
135.05,0.0,135.58365312499998,3.15206e-08
135.05,0.0,135.58340312499996,3.30028e-08
135.05,0.0,135.58315312499997,3.197505e-08
135.05,0.0,135.58290312499997,3.209895e-08
135.05,0.0,135.58265312499998,3.1764e-08
135.05,0.0,135.58240312499998,3.1824550000000004e-08
135.05,0.0,135.58215312499996,3.203555e-08
135.05,0.0,135.58190312499997,3.192775e-08
135.05,0.0,135.58165312499997,3.2373900000000004e-08
135.05,0.0,135.58140312499998,3.0738e-08
135.05,0.0,135.581153125,3.1756400000000005e-08
135.05,0.0,135.58090312499996,3.167066666666667e-08
135.05,0.0,135.58065312499997,3.08381e-08
135.05,0.0,135.58040312499998,3.233425e-08
135.05,0.0,135.58015312499998,3.150925e-08
135.05,0.0,135.579903125,3.16035e-08
135.05,0.0,135.57965312499996,3.154e-08
135.05,0.0,135.57940312499997,3.30674e-08
135.05,0.0,135.57915312499998,3.16831e-08
135.05,0.0,135.57890312499998,3.210106666666666e-08
135.05,0.0,135.57865312499996,3.18312e-08
135.05,0.0,135.57840312499997,3.234645e-08
135.05,0.0,135.57815312499997,3.264555e-08
135.05,0.0,135.57790312499998,3.1711e-08
135.05,0.0,135.57765312499998,3.22785e-08
135.05,0.0,135.57740312499996,3.02644e-08
135.05,0.0,135.57715312499997,3.14853e-08
135.05,0.0,135.57690312499997,3.160503333333333e-08
135.05,0.0,135.57665312499998,3.16488e-08
135.05,0.0,135.57640312499998,3.168265e-08
135.05,0.0,135.57615312499996,3.28461e-08
135.05,0.0,135.57590312499997,3.236315e-08
135.05,0.0,135.57565312499997,3.17281e-08
135.05,0.0,135.57540312499998,3.1391700000000004e-08
135.05,0.0,135.57515312499999,3.2178e-08
135.05,0.0,135.57490312499996,3.206635e-08
135.05,0.0,135.57465312499997,3.20635e-08
135.05,0.0,135.57440312499998,3.270875e-08
135.05,0.0,135.57415312499998,3.175925e-08
135.05,0.0,135.573903125,3.232745e-08
135.05,0.0,135.57365312499996,3.18095e-08
135.05,0.0,135.57340312499997,3.18177e-08
135.05,0.0,135.57315312499998,3.0793500000000004e-08
135.05,0.0,135.57290312499998,3.17896e-08
135.05,0.0,135.57265312499996,3.1329e-08
135.05,0.0,135.57240312499997,3.182803333333333e-08
135.05,0.0,135.57215312499997,3.133245e-08
135.05,0.0,135.57190312499998,3.095875e-08
135.05,0.0,135.57165312499998,3.164e-08
135.05,0.0,135.57140312499996,3.222785e-08
135.05,0.0,135.57115312499997,3.14985e-08
135.05,0.0,135.57090312499997,3.1095800000000005e-08
135.05,0.0,135.57065312499998,3.15577e-08
135.05,0.0,135.57040312499998,3.230135e-08
135.05,0.0,135.57015312499996,3.194685e-08
135.05,0.0,135.56990312499997,3.182665e-08
135.05,0.0,135.56965312499997,3.202295e-08
135.05,0.0,135.56940312499998,3.23668e-08
135.05,0.0,135.56915312499999,3.103035e-08
135.05,0.0,135.56890312499996,3.205685e-08
135.05,0.0,135.56865312499997,3.18024e-08
135.05,0.0,135.56840312499997,3.19206e-08
135.05,0.0,135.56815312499998,3.117745e-08
135.05,0.0,135.567903125,3.164005e-08
135.05,0.0,135.56765312499996,3.1819e-08
135.05,0.0,135.56740312499997,3.165865e-08
135.05,0.0,135.56715312499998,3.180015e-08
135.05,0.0,135.56690312499998,3.1237850000000003e-08
135.05,0.0,135.56665312499996,3.33127e-08
135.05,0.0,135.56640312499997,3.18722e-08
135.05,0.0,135.56615312499997,3.1843599999999995e-08
135.05,0.0,135.56590312499998,3.1313e-08
135.05,0.0,135.56565312499998,3.1774850000000003e-08
135.05,0.0,135.56540312499996,3.266625e-08
135.05,0.0,135.56515312499997,3.24083e-08
135.05,0.0,135.56490312499997,3.20835e-08
135.05,0.0,135.56465312499998,3.04628e-08
135.05,0.0,135.56440312499998,3.2169249999999995e-08
135.05,0.0,135.56415312499996,3.1708849999999995e-08
135.05,0.0,135.56390312499997,3.18917e-08
135.05,0.0,135.56365312499997,3.19833e-08
135.05,0.0,135.56340312499998,3.186315e-08
135.05,0.0,135.56315312499999,3.181345e-08
135.05,0.0,135.56290312499996,3.194515e-08
135.05,0.0,135.56265312499997,3.280445e-08
135.05,0.0,135.56240312499997,3.146265e-08
135.05,0.0,135.56215312499998,3.09086e-08
135.05,0.0,135.561903125,3.14365e-08
135.05,0.0,135.56165312499996,3.141395e-08
135.05,0.0,135.56140312499997,3.158435e-08
135.05,0.0,135.56115312499998,3.17891e-08
135.05,0.0,135.56090312499998,3.225205e-08
135.05,0.0,135.56065312499996,3.20818e-08
135.05,0.0,135.56040312499997,3.0904e-08
135.05,0.0,135.56015312499997,3.23604e-08
135.05,0.0,135.55990312499998,3.16309e-08
135.05,0.0,135.55965312499998,3.130715e-08
135.05,0.0,135.55940312499996,3.237685e-08
135.05,0.0,135.55915312499997,3.20011e-08
135.05,0.0,135.55890312499997,3.117955e-08
135.05,0.0,135.55865312499998,3.15019e-08
135.05,0.0,135.55840312499998,3.14446e-08
135.05,0.0,135.55815312499996,3.07354e-08
135.05,0.0,135.55790312499997,3.09826e-08
135.05,0.0,135.55765312499997,3.1241e-08
135.05,0.0,135.55740312499998,3.145465e-08
135.05,0.0,135.55715312499999,3.15952e-08
135.05,0.0,135.55690312499996,3.160905e-08
135.05,0.0,135.55665312499997,3.1413299999999994e-08
135.05,0.0,135.55640312499997,3.2058400000000003e-08
135.05,0.0,135.55615312499998,3.148515e-08
135.05,0.0,135.555903125,3.11793e-08
135.05,0.0,135.55565312499996,3.13565e-08
135.05,0.0,135.55540312499997,3.13027e-08
135.05,0.0,135.55515312499998,3.11662e-08
135.05,0.0,135.55490312499998,3.07272e-08
135.05,0.0,135.55465312499996,3.156255e-08
135.05,0.0,135.55440312499996,3.119795e-08
135.05,0.0,135.55415312499997,3.117325e-08
135.05,0.0,135.55390312499998,3.097595e-08
135.05,0.0,135.55365312499998,3.070255e-08
135.05,0.0,135.55340312499996,3.109755e-08
135.05,0.0,135.55315312499997,3.096255e-08
135.05,0.0,135.55290312499997,3.10941e-08
135.05,0.0,135.55265312499998,3.073015e-08
135.05,0.0,135.55240312499998,3.1313e-08
135.05,0.0,135.55215312499996,3.140785e-08
135.05,0.0,135.55190312499997,3.185145e-08
135.05,0.0,135.55165312499997,3.1342500000000004e-08
135.05,0.0,135.55140312499998,3.153595e-08
135.05,0.0,135.55115312499998,3.17631e-08
135.05,0.0,135.55090312499996,3.12269e-08
135.05,0.0,135.55065312499997,3.153935e-08
135.05,0.0,135.55040312499997,3.13468e-08
135.05,0.0,135.55015312499998,3.10498e-08
135.05,0.0,135.549903125,3.1053550000000003e-08
135.05,0.0,135.54965312499996,3.14337e-08
135.05,0.0,135.54940312499997,3.1814900000000005e-08
135.05,0.0,135.54915312499998,3.148055e-08
135.05,0.0,135.54890312499998,3.16824e-08
135.05,0.0,135.548653125,3.24781e-08
135.05,0.0,135.54840312499996,3.1505500000000004e-08
135.05,0.0,135.54815312499997,3.1272150000000005e-08
135.05,0.0,135.54790312499998,3.14543e-08
135.05,0.0,135.54765312499998,3.141055e-08
135.05,0.0,135.54740312499996,3.10889e-08
135.05,0.0,135.54715312499997,3.13084e-08
135.05,0.0,135.54690312499997,3.151135e-08
135.05,0.0,135.54665312499998,3.17287e-08
135.05,0.0,135.54640312499998,3.146125e-08
135.05,0.0,135.54615312499996,3.110435e-08
135.05,0.0,135.54590312499997,3.14051e-08
135.05,0.0,135.54565312499997,3.12705e-08
135.05,0.0,135.54540312499998,3.175465e-08
135.05,0.0,135.54515312499998,3.16638e-08
135.05,0.0,135.54490312499996,3.135605e-08
135.05,0.0,135.54465312499997,3.226925e-08
135.05,0.0,135.54440312499997,3.1631950000000006e-08
135.05,0.0,135.54415312499998,3.21793e-08
135.05,0.0,135.54390312499999,3.16345e-08
135.05,0.0,135.54365312499996,3.147835e-08
135.05,0.0,135.54340312499997,3.218625e-08
135.05,0.0,135.54315312499998,3.1712e-08
135.05,0.0,135.54290312499998,3.210895e-08
135.05,0.0,135.542653125,3.151235e-08
135.05,0.0,135.54240312499996,3.195115e-08
135.05,0.0,135.54215312499997,3.13067e-08
135.05,0.0,135.54190312499998,3.15214e-08
135.05,0.0,135.54165312499998,3.15873e-08
135.05,0.0,135.54140312499996,3.161765e-08
135.05,0.0,135.54115312499997,3.14134e-08
135.05,0.0,135.54090312499997,3.1039500000000005e-08
135.05,0.0,135.54065312499998,3.1383633333333336e-08
135.05,0.0,135.54040312499998,3.205995e-08
135.05,0.0,135.54015312499996,3.15785e-08
135.05,0.0,135.53990312499997,3.14934e-08
135.05,0.0,135.53965312499997,3.137335e-08
135.05,0.0,135.53940312499998,3.1642950000000005e-08
135.05,0.0,135.53915312499998,3.18111e-08
135.05,0.0,135.53890312499996,3.184645e-08
135.05,0.0,135.53865312499997,3.1490100000000005e-08
135.05,0.0,135.53840312499997,3.1340633333333334e-08
135.05,0.0,135.53815312499998,3.15033e-08
135.05,0.0,135.53790312499999,3.156075e-08
135.05,0.0,135.53765312499996,3.1529650000000006e-08
135.05,0.0,135.53740312499997,3.154155e-08
135.05,0.0,135.53715312499997,3.04537e-08
135.05,0.0,135.53690312499998,3.082505e-08
135.05,0.0,135.536653125,3.147625e-08
135.05,0.0,135.53640312499996,3.092445e-08
135.05,0.0,135.53615312499997,3.11043e-08
135.05,0.0,135.53590312499998,3.191075e-08
135.05,0.0,135.53565312499998,3.10376e-08
135.05,0.0,135.53540312499996,3.096855e-08
135.05,0.0,135.53515312499997,3.0768e-08
135.05,0.0,135.53490312499997,3.06617e-08
135.05,0.0,135.53465312499998,3.01487e-08
135.05,0.0,135.53440312499998,3.09878e-08
135.05,0.0,135.53415312499996,3.13914e-08
135.05,0.0,135.53390312499997,3.120725e-08
135.05,0.0,135.53365312499997,3.0940549999999994e-08
135.05,0.0,135.53340312499998,3.06593e-08
135.05,0.0,135.53315312499998,3.12376e-08
135.05,0.0,135.53290312499996,3.09936e-08
135.05,0.0,135.53265312499997,3.083585e-08
135.05,0.0,135.53240312499997,3.054015e-08
135.05,0.0,135.53215312499998,3.11019e-08
135.05,0.0,135.53190312499999,3.0808e-08
135.05,0.0,135.53165312499996,3.04467e-08
135.05,0.0,135.53140312499997,3.0543199999999995e-08
135.05,0.0,135.53115312499997,3.07287e-08
135.05,0.0,135.53090312499998,3.0423999999999995e-08
135.05,0.0,135.530653125,2.991085e-08
135.05,0.0,135.53040312499996,3.05707e-08
135.05,0.0,135.53015312499997,3.04098e-08
135.05,0.0,135.52990312499998,3.06901e-08
135.05,0.0,135.52965312499998,3.07575e-08
135.05,0.0,135.52940312499996,3.088685e-08
135.05,0.0,135.52915312499997,3.069225e-08
135.05,0.0,135.52890312499997,3.051945e-08
135.05,0.0,135.52865312499998,3.012065e-08
135.05,0.0,135.52840312499998,3.061755e-08
135.05,0.0,135.52815312499996,3.02545e-08
135.05,0.0,135.52790312499997,3.05366e-08
135.05,0.0,135.52765312499997,3.040235e-08
135.05,0.0,135.52740312499998,3.02755e-08
135.05,0.0,135.52715312499998,3.094845e-08
135.05,0.0,135.52690312499996,3.0174949999999995e-08
135.05,0.0,135.52665312499997,3.101535e-08
135.05,0.0,135.52640312499997,3.09873e-08
135.05,0.0,135.52615312499998,3.093e-08
135.05,0.0,135.52590312499999,3.07413e-08
135.05,0.0,135.52565312499996,3.0475950000000005e-08
135.05,0.0,135.52540312499997,3.07691e-08
135.05,0.0,135.52515312499997,3.11638e-08
135.05,0.0,135.52490312499998,3.14593e-08
135.05,0.0,135.524653125,3.07945e-08
135.05,0.0,135.52440312499996,3.11466e-08
135.05,0.0,135.52415312499997,3.121755e-08
135.05,0.0,135.52390312499998,3.092705e-08
135.05,0.0,135.52365312499998,3.078495e-08
135.05,0.0,135.52340312499996,3.15828e-08
135.05,0.0,135.52315312499996,3.0834e-08
135.05,0.0,135.52290312499997,3.07078e-08
135.05,0.0,135.52265312499998,3.0907950000000005e-08
135.05,0.0,135.52240312499998,3.0621850000000006e-08
135.05,0.0,135.52215312499996,3.1049e-08
135.05,0.0,135.52190312499997,3.081245e-08
135.05,0.0,135.52165312499997,3.080435e-08
135.05,0.0,135.52140312499998,3.13116e-08
135.05,0.0,135.52115312499998,3.05257e-08
135.05,0.0,135.52090312499996,3.038175e-08
135.05,0.0,135.52065312499997,3.10749e-08
135.05,0.0,135.52040312499997,3.171485e-08
135.05,0.0,135.52015312499998,3.082315e-08
135.05,0.0,135.51990312499998,3.087925e-08
135.05,0.0,135.51965312499996,3.08064e-08
135.05,0.0,135.51940312499997,3.07784e-08
135.05,0.0,135.51915312499997,3.06295e-08
135.05,0.0,135.51890312499998,2.943305e-08
135.05,0.0,135.518653125,3.042995e-08
135.05,0.0,135.51840312499996,2.985465e-08
135.05,0.0,135.51815312499997,3.07207e-08
135.05,0.0,135.51790312499998,3.023575e-08
135.05,0.0,135.51765312499998,3.042265e-08
135.05,0.0,135.517403125,3.01071e-08
135.05,0.0,135.51715312499996,3.11501e-08
135.05,0.0,135.51690312499997,3.0460400000000005e-08
135.05,0.0,135.51665312499998,3.115965e-08
135.05,0.0,135.51640312499998,3.04656e-08
135.05,0.0,135.51615312499996,3.051915e-08
135.05,0.0,135.51590312499997,3.045315e-08
135.05,0.0,135.51565312499997,3.0536099999999995e-08
135.05,0.0,135.51540312499998,3.06059e-08
135.05,0.0,135.51515312499998,3.06459e-08
135.05,0.0,135.51490312499996,3.0754600000000005e-08
135.05,0.0,135.51465312499997,3.0926e-08
135.05,0.0,135.51440312499997,3.07895e-08
135.05,0.0,135.51415312499998,3.041905e-08
135.05,0.0,135.51390312499998,3.01677e-08
135.05,0.0,135.51365312499996,3.116115e-08
135.05,0.0,135.51340312499997,3.05408e-08
135.05,0.0,135.51315312499997,3.062615e-08
135.05,0.0,135.51290312499998,3.03528e-08
135.05,0.0,135.51265312499999,3.0775750000000003e-08
135.05,0.0,135.51240312499996,3.07538e-08
135.05,0.0,135.51215312499997,3.07134e-08
135.05,0.0,135.51190312499998,3.0997349999999995e-08
135.05,0.0,135.51165312499998,3.0856e-08
135.05,0.0,135.511403125,3.13057e-08
135.05,0.0,135.51115312499996,3.03837e-08
135.05,0.0,135.51090312499997,3.08909e-08
135.05,0.0,135.51065312499998,3.04319e-08
135.05,0.0,135.51040312499998,3.13179e-08
135.05,0.0,135.51015312499996,3.137875e-08
135.05,0.0,135.50990312499997,3.062455e-08
135.05,0.0,135.50965312499997,3.05142e-08
135.05,0.0,135.50940312499998,3.156205e-08
135.05,0.0,135.50915312499998,3.034795e-08
135.05,0.0,135.50890312499996,3.06932e-08
135.05,0.0,135.50865312499997,3.08184e-08
135.05,0.0,135.50840312499997,3.0896800000000004e-08
135.05,0.0,135.50815312499998,3.06367e-08
135.05,0.0,135.50790312499998,3.055445e-08
135.05,0.0,135.50765312499996,3.0565400000000004e-08
135.05,0.0,135.50740312499997,3.06053e-08
135.05,0.0,135.50715312499997,3.064395e-08
135.05,0.0,135.50690312499998,3.083145e-08
135.05,0.0,135.50665312499999,3.072065e-08
135.05,0.0,135.50640312499996,3.049385e-08
135.05,0.0,135.50615312499997,3.017505e-08
135.05,0.0,135.50590312499997,3.02358e-08
135.05,0.0,135.50565312499998,3.1187e-08
135.05,0.0,135.505403125,3.13618e-08
135.05,0.0,135.50515312499996,3.02273e-08
135.05,0.0,135.50490312499997,3.05564e-08
135.05,0.0,135.50465312499998,3.04895e-08
135.05,0.0,135.50440312499998,2.956975e-08
135.05,0.0,135.50415312499996,3.02531e-08
135.05,0.0,135.50390312499997,3.02523e-08
135.05,0.0,135.50365312499997,2.98906e-08
135.05,0.0,135.50340312499998,3.0268949999999995e-08
135.05,0.0,135.50315312499998,3.041995e-08
135.05,0.0,135.50290312499996,3.11969e-08
135.05,0.0,135.50265312499997,3.04343e-08
135.05,0.0,135.50240312499997,2.99887e-08
135.05,0.0,135.50215312499998,3.09107e-08
135.05,0.0,135.50190312499998,3.073795e-08
135.05,0.0,135.50165312499996,3.04525e-08
135.05,0.0,135.50140312499997,3.0830649999999994e-08
135.05,0.0,135.50115312499997,3.07187e-08
135.05,0.0,135.50090312499998,3.07194e-08
135.05,0.0,135.50065312499999,3.07871e-08
135.05,0.0,135.50040312499996,3.05364e-08
135.05,0.0,135.50015312499997,3.03007e-08
135.05,0.0,135.49990312499997,2.9980366666666663e-08
135.05,0.0,135.49965312499998,3.04744e-08
135.05,0.0,135.499403125,3.0824250000000006e-08
135.05,0.0,135.49915312499996,2.99347e-08
135.05,0.0,135.49890312499997,3.05619e-08
135.05,0.0,135.49865312499998,2.95603e-08
135.05,0.0,135.49840312499998,3.048705e-08
135.05,0.0,135.49815312499996,3.022595e-08
135.05,0.0,135.49790312499997,3.066205e-08
135.05,0.0,135.49765312499997,3.038335e-08
135.05,0.0,135.49740312499998,3.08757e-08
135.05,0.0,135.49715312499998,3.06109e-08
135.05,0.0,135.49690312499996,3.03388e-08
135.05,0.0,135.49665312499997,2.96332e-08
135.05,0.0,135.49640312499997,3.056345e-08
135.05,0.0,135.49615312499998,3.00306e-08
135.05,0.0,135.49590312499998,3.06615e-08
135.05,0.0,135.49565312499996,3.03616e-08
135.05,0.0,135.49540312499997,3.031195e-08
135.05,0.0,135.49515312499997,3.08544e-08
135.05,0.0,135.49490312499998,3.078e-08
135.05,0.0,135.49465312499999,2.92416e-08
135.05,0.0,135.49440312499996,3.048065e-08
135.05,0.0,135.49415312499997,3.104285e-08
135.05,0.0,135.49390312499997,3.051625e-08
135.05,0.0,135.49365312499998,3.03698e-08
135.05,0.0,135.493403125,3.0605366666666664e-08
135.05,0.0,135.49315312499996,3.068405e-08
135.05,0.0,135.49290312499997,3.12327e-08
135.05,0.0,135.49265312499998,2.93444e-08
135.05,0.0,135.49240312499998,3.09808e-08
135.05,0.0,135.49215312499996,3.1053499999999994e-08
135.05,0.0,135.49190312499996,3.08978e-08
135.05,0.0,135.49165312499997,3.07786e-08
135.05,0.0,135.49140312499998,3.1514450000000005e-08
135.05,0.0,135.49115312499998,3.078515e-08
135.05,0.0,135.49090312499996,3.108215e-08
135.05,0.0,135.49065312499997,3.109865e-08
135.05,0.0,135.49040312499997,3.13378e-08
135.05,0.0,135.49015312499998,3.104535e-08
135.05,0.0,135.48990312499998,3.09583e-08
135.05,0.0,135.48965312499996,3.06673e-08
135.05,0.0,135.48940312499997,2.991875e-08
135.05,0.0,135.48915312499997,3.10524e-08
135.05,0.0,135.48890312499998,3.0718600000000004e-08
135.05,0.0,135.48865312499998,3.12673e-08
135.05,0.0,135.48840312499996,3.0769150000000004e-08
135.05,0.0,135.48815312499997,3.105175e-08
135.05,0.0,135.48790312499997,3.11527e-08
135.05,0.0,135.48765312499998,3.11073e-08
135.05,0.0,135.487403125,3.10053e-08
135.05,0.0,135.48715312499996,3.101175e-08
135.05,0.0,135.48690312499997,3.04531e-08
135.05,0.0,135.48665312499998,3.14917e-08
135.05,0.0,135.48640312499998,3.15479e-08
135.05,0.0,135.486153125,3.094185e-08
135.05,0.0,135.48590312499996,3.17483e-08
135.05,0.0,135.48565312499997,3.146645e-08
135.05,0.0,135.48540312499998,3.1382900000000005e-08
135.05,0.0,135.48515312499998,3.14548e-08
135.05,0.0,135.48490312499996,3.14688e-08
135.05,0.0,135.48465312499997,3.140385e-08
135.05,0.0,135.48440312499997,3.125285e-08
135.05,0.0,135.48415312499998,3.058695e-08
135.05,0.0,135.48390312499998,3.05104e-08
135.05,0.0,135.48365312499996,3.130895e-08
135.05,0.0,135.48340312499997,3.144425e-08
135.05,0.0,135.48315312499997,3.235565e-08
135.05,0.0,135.48290312499998,3.13681e-08
135.05,0.0,135.48265312499998,3.117665e-08
135.05,0.0,135.48240312499996,3.167605e-08
135.05,0.0,135.48215312499997,3.129825e-08
135.05,0.0,135.48190312499997,3.0811e-08
135.05,0.0,135.48165312499998,3.17501e-08
135.05,0.0,135.48140312499999,3.129675e-08
135.05,0.0,135.48115312499996,3.15691e-08
135.05,0.0,135.48090312499997,3.15622e-08
135.05,0.0,135.48065312499998,3.172115e-08
135.05,0.0,135.48040312499998,3.126725e-08
135.05,0.0,135.480153125,3.1814550000000006e-08
135.05,0.0,135.47990312499996,3.316455e-08
135.05,0.0,135.47965312499997,3.172355e-08
135.05,0.0,135.47940312499998,3.157555e-08
135.05,0.0,135.47915312499998,3.17937e-08
135.05,0.0,135.47890312499996,3.18341e-08
135.05,0.0,135.47865312499997,3.18149e-08
135.05,0.0,135.47840312499997,3.1769899999999994e-08
135.05,0.0,135.47815312499998,3.175975e-08
135.05,0.0,135.47790312499998,3.27233e-08
135.05,0.0,135.47765312499996,3.1964550000000004e-08
135.05,0.0,135.47740312499997,3.27736e-08
135.05,0.0,135.47715312499997,3.22429e-08
135.05,0.0,135.47690312499998,3.24489e-08
135.05,0.0,135.47665312499998,3.154815e-08
135.05,0.0,135.47640312499996,3.24521e-08
135.05,0.0,135.47615312499997,3.35491e-08
135.05,0.0,135.47590312499997,3.37255e-08
135.05,0.0,135.47565312499998,3.315715e-08
135.05,0.0,135.47540312499999,3.19736e-08
135.05,0.0,135.47515312499996,3.292265e-08
135.05,0.0,135.47490312499997,3.33209e-08
135.05,0.0,135.47465312499997,3.27977e-08
135.05,0.0,135.47440312499998,3.329965e-08
135.05,0.0,135.474153125,3.234515e-08
135.05,0.0,135.47390312499996,3.28407e-08
135.05,0.0,135.47365312499997,3.342395e-08
135.05,0.0,135.47340312499998,3.338165e-08
135.05,0.0,135.47315312499998,3.320095e-08
135.05,0.0,135.47290312499996,3.355505e-08
135.05,0.0,135.47265312499997,3.279055e-08
135.05,0.0,135.47240312499997,3.35043e-08
135.05,0.0,135.47215312499998,3.25831e-08
135.05,0.0,135.47190312499998,3.33385e-08
135.05,0.0,135.47165312499996,3.394695e-08
135.05,0.0,135.47140312499997,3.42327e-08
135.05,0.0,135.47115312499997,3.3835100000000004e-08
135.05,0.0,135.47090312499998,3.33359e-08
135.05,0.0,135.47065312499998,3.36422e-08
135.05,0.0,135.47040312499996,3.40405e-08
135.05,0.0,135.47015312499997,3.41119e-08
135.05,0.0,135.46990312499997,3.371085e-08
135.05,0.0,135.46965312499998,3.36974e-08
135.05,0.0,135.46940312499999,3.39569e-08
135.05,0.0,135.46915312499996,3.318745e-08
135.05,0.0,135.46890312499997,3.37558e-08
135.05,0.0,135.46865312499997,3.38087e-08
135.05,0.0,135.46840312499998,3.38379e-08
135.05,0.0,135.468153125,3.42918e-08
135.05,0.0,135.46790312499996,3.378315e-08
135.05,0.0,135.46765312499997,3.43876e-08
135.05,0.0,135.46740312499998,3.39403e-08
135.05,0.0,135.46715312499998,3.46539e-08
135.05,0.0,135.46690312499996,3.4243600000000004e-08
135.05,0.0,135.46665312499997,3.465015e-08
135.05,0.0,135.46640312499997,3.4177099999999994e-08
135.05,0.0,135.46615312499998,3.44786e-08
135.05,0.0,135.46590312499998,3.434445e-08
135.05,0.0,135.46565312499996,3.46261e-08
135.05,0.0,135.46540312499997,3.450565e-08
135.05,0.0,135.46515312499997,3.3745e-08
135.05,0.0,135.46490312499998,3.509435e-08
135.05,0.0,135.46465312499998,3.490845e-08
135.05,0.0,135.46440312499996,3.472135e-08
135.05,0.0,135.46415312499997,3.4784300000000005e-08
135.05,0.0,135.46390312499997,3.443135e-08
135.05,0.0,135.46365312499998,3.4832850000000003e-08
135.05,0.0,135.46340312499999,3.4399e-08
135.05,0.0,135.46315312499996,3.36998e-08
135.05,0.0,135.46290312499997,3.487415e-08
135.05,0.0,135.46265312499997,3.41667e-08
135.05,0.0,135.46240312499998,3.4792600000000004e-08
135.05,0.0,135.462153125,3.50311e-08
135.05,0.0,135.46190312499996,3.49967e-08
135.05,0.0,135.46165312499997,3.5037266666666675e-08
135.05,0.0,135.46140312499998,3.471295e-08
135.05,0.0,135.46115312499998,3.37501e-08
135.05,0.0,135.46090312499996,3.443115e-08
135.05,0.0,135.46065312499996,3.5009350000000005e-08
135.05,0.0,135.46040312499997,3.442105e-08
135.05,0.0,135.46015312499998,3.43952e-08
135.05,0.0,135.45990312499998,3.307145e-08
135.05,0.0,135.45965312499996,3.387915e-08
135.05,0.0,135.45940312499997,3.4414766666666664e-08
135.05,0.0,135.45915312499997,3.28537e-08
135.05,0.0,135.45890312499998,3.23757e-08
135.05,0.0,135.45865312499998,3.244865e-08
135.05,0.0,135.45840312499996,3.204955e-08
135.05,0.0,135.45815312499997,3.18624e-08
135.05,0.0,135.45790312499997,3.122425e-08
135.05,0.0,135.45765312499998,3.0256e-08
135.05,0.0,135.45740312499998,2.862925e-08
135.05,0.0,135.45715312499996,2.9367750000000002e-08
135.05,0.0,135.45690312499997,2.8864900000000002e-08
135.05,0.0,135.45665312499997,2.820135e-08
135.05,0.0,135.45640312499998,2.6712e-08
135.05,0.0,135.456153125,2.60672e-08
135.05,0.0,135.45590312499996,2.58121e-08
135.05,0.0,135.45565312499997,2.498375e-08
135.05,0.0,135.45540312499998,2.378065e-08
135.05,0.0,135.45515312499998,2.26166e-08
135.05,0.0,135.454903125,2.199265e-08
135.05,0.0,135.45465312499996,2.10962e-08
135.05,0.0,135.45440312499997,2.011e-08
135.05,0.0,135.45415312499998,1.91014e-08
135.05,0.0,135.45390312499998,1.811215e-08
135.05,0.0,135.45365312499996,1.707875e-08
135.05,0.0,135.45340312499997,1.617375e-08
135.05,0.0,135.45315312499997,1.50728e-08
135.05,0.0,135.45290312499998,1.409735e-08
135.05,0.0,135.45265312499998,1.3271533333333334e-08
135.05,0.0,135.45240312499996,1.24346e-08
135.05,0.0,135.45215312499997,1.139675e-08
135.05,0.0,135.45190312499997,1.04498e-08
135.05,0.0,135.45165312499998,9.59185e-09
135.05,0.0,135.45140312499998,8.390925e-09
135.05,0.0,135.45115312499996,6.63721e-09
135.05,0.0,135.45090312499997,7.263505000000001e-09
135.05,0.0,135.45065312499997,5.79844e-09
135.05,0.0,135.45040312499998,4.832545e-09
135.05,0.0,135.45015312499999,2.655865e-09
135.05,0.0,135.44990312499996,1.60727e-09
135.05,0.0,135.44965312499997,1.35758e-09
135.05,0.0,135.44940312499998,1.02044e-09
135.05,0.0,135.44915312499998,5.329585e-10
135.05,0.0,135.448903125,4.239185e-11
135.05,0.0,135.44865312499996,-8.04339e-10
135.05,0.0,135.44840312499997,-9.025405e-10
135.05,0.0,135.44815312499998,-1.0477525e-09
135.05,0.0,135.44790312499998,-1.171837e-09
135.05,0.0,135.44765312499996,-2.1752850000000003e-09
135.05,0.0,135.44740312499997,-3.6113e-09
135.05,0.0,135.44715312499997,-3.14728e-09
135.05,0.0,135.44690312499998,-3.09695e-09
135.05,0.0,135.44665312499998,-3.473365e-09
135.05,0.0,135.44640312499996,-3.9794050000000005e-09
135.05,0.0,135.44615312499997,-3.48838e-09
135.05,0.0,135.44590312499997,-3.6333299999999995e-09
135.05,0.0,135.44565312499998,-3.46975e-09
135.05,0.0,135.44540312499998,-3.16544e-09
144.55,0.0,136.44765312499996,7.3812625e-09
144.55,0.0,136.44740312499997,7.139315e-09
144.55,0.0,136.44715312499997,5.9396799999999995e-09
144.55,0.0,136.44690312499998,5.288085e-09
144.55,0.0,136.44665312499998,6.205395e-09
144.55,0.0,136.44640312499996,4.853235e-09
144.55,0.0,136.44615312499997,4.874855e-09
144.55,0.0,136.44590312499997,5.29578e-09
144.55,0.0,136.44565312499998,5.8921099999999994e-09
144.55,0.0,136.44540312499998,6.3214e-09
144.55,0.0,136.44515312499996,7.82057e-09
144.55,0.0,136.44490312499997,8.46778e-09
144.55,0.0,136.44465312499997,8.73238e-09
144.55,0.0,136.44440312499998,9.217455e-09
144.55,0.0,136.44415312499999,1.063807e-08
144.55,0.0,136.44390312499996,1.029874e-08
144.55,0.0,136.44365312499997,8.81197e-09
144.55,0.0,136.44340312499997,8.239355e-09
144.55,0.0,136.44315312499998,7.716955000000001e-09
144.55,0.0,136.442903125,7.71907e-09
144.55,0.0,136.44265312499996,8.326975000000001e-09
144.55,0.0,136.44240312499997,8.077200000000001e-09
144.55,0.0,136.44215312499998,8.017135e-09
144.55,0.0,136.44190312499998,8.202375e-09
144.55,0.0,136.44165312499996,8.15798e-09
144.55,0.0,136.44140312499997,8.336305e-09
144.55,0.0,136.44115312499997,8.24458e-09
144.55,0.0,136.44090312499998,8.528285e-09
144.55,0.0,136.44065312499998,8.76113e-09
144.55,0.0,136.44040312499996,9.46397e-09
144.55,0.0,136.44015312499997,9.86864e-09
144.55,0.0,136.43990312499997,9.999285e-09
144.55,0.0,136.43965312499998,1.00782e-08
144.55,0.0,136.43940312499998,1.037885e-08
144.55,0.0,136.43915312499996,1.042e-08
144.55,0.0,136.43890312499997,1.1914750000000001e-08
144.55,0.0,136.43865312499997,1.21999e-08
144.55,0.0,136.43840312499998,1.4798300000000001e-08
144.55,0.0,136.43815312499999,1.79149e-08
144.55,0.0,136.43790312499996,1.844575e-08
144.55,0.0,136.43765312499997,1.91352e-08
144.55,0.0,136.43740312499997,1.95804e-08
144.55,0.0,136.43715312499998,1.73886e-08
144.55,0.0,136.436903125,1.724275e-08
144.55,0.0,136.43665312499996,1.732005e-08
144.55,0.0,136.43640312499997,1.77427e-08
144.55,0.0,136.43615312499998,1.90132e-08
144.55,0.0,136.43590312499998,1.96892e-08
144.55,0.0,136.43565312499996,1.99373e-08
144.55,0.0,136.43540312499997,2.2784e-08
144.55,0.0,136.43515312499997,3.94206e-08
144.55,0.0,136.43490312499998,4.84852e-08
144.55,0.0,136.43465312499998,4.823815e-08
144.55,0.0,136.43440312499996,4.87278e-08
144.55,0.0,136.43415312499997,4.86099e-08
144.55,0.0,136.43390312499997,4.84874e-08
144.55,0.0,136.43365312499998,4.85932e-08
144.55,0.0,136.43340312499998,4.850325e-08
144.55,0.0,136.43315312499996,4.819655e-08
144.55,0.0,136.43290312499997,4.87289e-08
144.55,0.0,136.43265312499997,4.841995e-08
144.55,0.0,136.43240312499998,4.814765e-08
144.55,0.0,136.43215312499999,4.79346e-08
144.55,0.0,136.43190312499996,4.27126e-08
144.55,0.0,136.43165312499997,3.556745e-08
144.55,0.0,136.43140312499997,3.249355e-08
144.55,0.0,136.43115312499998,3.293565e-08
144.55,0.0,136.430903125,3.359125e-08
144.55,0.0,136.43065312499996,3.460195e-08
144.55,0.0,136.43040312499997,4.12623e-08
144.55,0.0,136.43015312499998,4.73174e-08
144.55,0.0,136.42990312499998,4.703345e-08
144.55,0.0,136.42965312499996,4.68221e-08
144.55,0.0,136.42940312499996,4.689165e-08
144.55,0.0,136.42915312499997,4.6821e-08
144.55,0.0,136.42890312499998,4.68933e-08
144.55,0.0,136.42865312499998,4.660405e-08
144.55,0.0,136.42840312499996,4.67871e-08
144.55,0.0,136.42815312499997,4.68954e-08
144.55,0.0,136.42790312499997,4.64856e-08
144.55,0.0,136.42765312499998,4.62055e-08
144.55,0.0,136.42740312499998,4.6079950000000004e-08
144.55,0.0,136.42715312499996,4.64862e-08
144.55,0.0,136.42690312499997,4.63245e-08
144.55,0.0,136.42665312499997,4.606765e-08
144.55,0.0,136.42640312499998,4.616295e-08
144.55,0.0,136.42615312499998,4.6171e-08
144.55,0.0,136.42590312499996,4.62233e-08
144.55,0.0,136.42565312499997,4.60192e-08
144.55,0.0,136.42540312499997,4.64439e-08
144.55,0.0,136.42515312499998,4.60923e-08
144.55,0.0,136.424903125,4.598715e-08
144.55,0.0,136.42465312499996,4.602895e-08
144.55,0.0,136.42440312499997,4.554175e-08
144.55,0.0,136.42415312499998,4.54749e-08
144.55,0.0,136.42390312499998,4.512705e-08
144.55,0.0,136.423653125,4.54166e-08
144.55,0.0,136.42340312499996,4.47173e-08
144.55,0.0,136.42315312499997,4.4910250000000003e-08
144.55,0.0,136.42290312499998,4.4640900000000004e-08
144.55,0.0,136.42265312499998,4.46053e-08
144.55,0.0,136.42240312499996,4.448615e-08
144.55,0.0,136.42215312499997,4.48331e-08
144.55,0.0,136.42190312499997,4.46519e-08
144.55,0.0,136.42165312499998,4.45306e-08
144.55,0.0,136.42140312499998,4.46813e-08
144.55,0.0,136.42115312499996,4.424685e-08
144.55,0.0,136.42090312499997,4.40931e-08
144.55,0.0,136.42065312499997,4.358035e-08
144.55,0.0,136.42040312499998,4.36096e-08
144.55,0.0,136.42015312499998,4.328025e-08
144.55,0.0,136.41990312499996,4.29165e-08
144.55,0.0,136.41965312499997,4.227976666666666e-08
144.55,0.0,136.41940312499997,4.24713e-08
144.55,0.0,136.41915312499998,4.24198e-08
144.55,0.0,136.41890312499999,4.246495e-08
144.55,0.0,136.41865312499996,4.254725e-08
144.55,0.0,136.41840312499997,4.26916e-08
144.55,0.0,136.41815312499998,4.220775e-08
144.55,0.0,136.41790312499998,4.231965e-08
144.55,0.0,136.417653125,4.2096400000000004e-08
144.55,0.0,136.41740312499996,4.208015e-08
144.55,0.0,136.41715312499997,4.22773e-08
144.55,0.0,136.41690312499998,4.15784e-08
144.55,0.0,136.41665312499998,4.0858e-08
144.55,0.0,136.41640312499996,4.1149e-08
144.55,0.0,136.41615312499997,4.098525e-08
144.55,0.0,136.41590312499997,4.04675e-08
144.55,0.0,136.41565312499998,4.08351e-08
144.55,0.0,136.41540312499998,4.04778e-08
144.55,0.0,136.41515312499996,4.04371e-08
144.55,0.0,136.41490312499997,4.045815e-08
144.55,0.0,136.41465312499997,4.01247e-08
144.55,0.0,136.41440312499998,3.98454e-08
144.55,0.0,136.41415312499998,4.00523e-08
144.55,0.0,136.41390312499996,4.005755e-08
144.55,0.0,136.41365312499997,3.953595e-08
144.55,0.0,136.41340312499997,3.93101e-08
144.55,0.0,136.41315312499998,3.9299e-08
144.55,0.0,136.41290312499999,3.913495e-08
144.55,0.0,136.41265312499996,3.928103333333333e-08
144.55,0.0,136.41240312499997,3.93242e-08
144.55,0.0,136.41215312499997,3.937695e-08
144.55,0.0,136.41190312499998,3.963195e-08
144.55,0.0,136.411653125,4.010075e-08
144.55,0.0,136.41140312499996,4.01422e-08
144.55,0.0,136.41115312499997,4.04579e-08
144.55,0.0,136.41090312499998,4.018265e-08
144.55,0.0,136.41065312499998,4.042935e-08
144.55,0.0,136.41040312499996,4.034505e-08
144.55,0.0,136.41015312499997,4.0223150000000004e-08
144.55,0.0,136.40990312499997,3.99095e-08
144.55,0.0,136.40965312499998,4.00405e-08
144.55,0.0,136.40940312499998,3.91519e-08
144.55,0.0,136.40915312499996,3.9409700000000004e-08
144.55,0.0,136.40890312499997,3.92049e-08
144.55,0.0,136.40865312499997,3.910285e-08
144.55,0.0,136.40840312499998,3.92297e-08
144.55,0.0,136.40815312499998,3.95319e-08
144.55,0.0,136.40790312499996,3.8959100000000004e-08
144.55,0.0,136.40765312499997,3.906315e-08
144.55,0.0,136.40740312499997,3.92197e-08
144.55,0.0,136.40715312499998,3.90583e-08
144.55,0.0,136.40690312499999,3.9023e-08
144.55,0.0,136.40665312499996,3.89614e-08
144.55,0.0,136.40640312499997,3.90036e-08
144.55,0.0,136.40615312499997,3.868145000000001e-08
144.55,0.0,136.40590312499998,3.885265e-08
144.55,0.0,136.405653125,3.85806e-08
144.55,0.0,136.40540312499996,3.851485e-08
144.55,0.0,136.40515312499997,3.80746e-08
144.55,0.0,136.40490312499998,3.808975e-08
144.55,0.0,136.40465312499998,3.78601e-08
144.55,0.0,136.40440312499996,3.82851e-08
144.55,0.0,136.40415312499997,3.78611e-08
144.55,0.0,136.40390312499997,3.807855e-08
144.55,0.0,136.40365312499998,3.81026e-08
144.55,0.0,136.40340312499998,3.80815e-08
144.55,0.0,136.40315312499996,3.837115e-08
144.55,0.0,136.40290312499997,3.814765e-08
144.55,0.0,136.40265312499997,3.80817e-08
144.55,0.0,136.40240312499998,3.738985e-08
144.55,0.0,136.40215312499998,3.739615e-08
144.55,0.0,136.40190312499996,3.74611e-08
144.55,0.0,136.40165312499997,3.73974e-08
144.55,0.0,136.40140312499997,3.70512e-08
144.55,0.0,136.40115312499998,3.697565e-08
144.55,0.0,136.40090312499999,3.69768e-08
144.55,0.0,136.40065312499996,3.68724e-08
144.55,0.0,136.40040312499997,3.65488e-08
144.55,0.0,136.40015312499997,3.71318e-08
144.55,0.0,136.39990312499998,3.656270000000001e-08
144.55,0.0,136.399653125,3.66059e-08
144.55,0.0,136.39940312499996,3.65283e-08
144.55,0.0,136.39915312499997,3.6355e-08
144.55,0.0,136.39890312499998,3.671005e-08
144.55,0.0,136.39865312499998,3.62408e-08
144.55,0.0,136.39840312499996,3.639655e-08
144.55,0.0,136.39815312499996,3.6281e-08
144.55,0.0,136.39790312499997,3.5986949999999994e-08
144.55,0.0,136.39765312499998,3.587955e-08
144.55,0.0,136.39740312499998,3.58028e-08
144.55,0.0,136.39715312499996,3.581315e-08
144.55,0.0,136.39690312499997,3.578335e-08
144.55,0.0,136.39665312499997,3.59038e-08
144.55,0.0,136.39640312499998,3.559045e-08
144.55,0.0,136.39615312499998,3.58611e-08
144.55,0.0,136.39590312499996,3.563705e-08
144.55,0.0,136.39565312499997,3.52672e-08
144.55,0.0,136.39540312499997,3.54217e-08
144.55,0.0,136.39515312499998,3.540555e-08
144.55,0.0,136.39490312499998,3.5539266666666675e-08
144.55,0.0,136.39465312499996,3.5028e-08
144.55,0.0,136.39440312499997,3.556145e-08
144.55,0.0,136.39415312499997,3.52196e-08
144.55,0.0,136.39390312499998,3.55869e-08
144.55,0.0,136.393653125,3.53687e-08
144.55,0.0,136.39340312499996,3.4929900000000004e-08
144.55,0.0,136.39315312499997,3.50786e-08
144.55,0.0,136.39290312499998,3.51646e-08
144.55,0.0,136.39265312499998,3.49643e-08
144.55,0.0,136.392403125,3.49519e-08
144.55,0.0,136.39215312499996,3.4918900000000004e-08
144.55,0.0,136.39190312499997,3.4860849999999995e-08
144.55,0.0,136.39165312499998,3.45598e-08
144.55,0.0,136.39140312499998,3.461235e-08
144.55,0.0,136.39115312499996,3.44523e-08
144.55,0.0,136.39090312499997,3.4490100000000005e-08
144.55,0.0,136.39065312499997,3.45501e-08
144.55,0.0,136.39040312499998,3.4866099999999995e-08
144.55,0.0,136.39015312499998,3.493815e-08
144.55,0.0,136.38990312499996,3.47939e-08
144.55,0.0,136.38965312499997,3.48031e-08
144.55,0.0,136.38940312499997,3.46922e-08
144.55,0.0,136.38915312499998,3.492085e-08
144.55,0.0,136.38890312499998,3.43898e-08
144.55,0.0,136.38865312499996,3.45333e-08
144.55,0.0,136.38840312499997,3.4684666666666667e-08
144.55,0.0,136.38815312499997,3.446285e-08
144.55,0.0,136.38790312499998,3.43121e-08
144.55,0.0,136.38765312499999,3.45098e-08
144.55,0.0,136.38740312499996,3.40861e-08
144.55,0.0,136.38715312499997,3.399635e-08
144.55,0.0,136.38690312499998,3.3849249999999995e-08
144.55,0.0,136.38665312499998,3.43198e-08
144.55,0.0,136.386403125,3.352175e-08
144.55,0.0,136.38615312499996,3.36822e-08
144.55,0.0,136.38590312499997,3.358905e-08
144.55,0.0,136.38565312499998,3.38926e-08
144.55,0.0,136.38540312499998,3.35922e-08
144.55,0.0,136.38515312499996,3.37035e-08
144.55,0.0,136.38490312499997,3.38378e-08
144.55,0.0,136.38465312499997,3.38631e-08
144.55,0.0,136.38440312499998,3.3978450000000006e-08
144.55,0.0,136.38415312499998,3.3964950000000004e-08
144.55,0.0,136.38390312499996,3.370275e-08
144.55,0.0,136.38365312499997,3.36791e-08
144.55,0.0,136.38340312499997,3.3741333333333333e-08
144.55,0.0,136.38315312499998,3.36889e-08
144.55,0.0,136.38290312499998,3.37823e-08
144.55,0.0,136.38265312499996,3.371355e-08
144.55,0.0,136.38240312499997,3.36009e-08
144.55,0.0,136.38215312499997,3.331255e-08
144.55,0.0,136.38190312499998,3.31759e-08
144.55,0.0,136.38165312499999,3.358385e-08
144.55,0.0,136.38140312499996,3.345105e-08
144.55,0.0,136.38115312499997,3.28943e-08
144.55,0.0,136.38090312499997,3.2607e-08
144.55,0.0,136.38065312499998,3.284755e-08
144.55,0.0,136.380403125,3.26661e-08
144.55,0.0,136.38015312499996,3.27203e-08
144.55,0.0,136.37990312499997,3.29266e-08
144.55,0.0,136.37965312499998,3.25572e-08
144.55,0.0,136.37940312499998,3.2734999999999995e-08
144.55,0.0,136.37915312499996,3.2729650000000004e-08
144.55,0.0,136.37890312499997,3.261745e-08
144.55,0.0,136.37865312499997,3.23695e-08
144.55,0.0,136.37840312499998,3.25326e-08
144.55,0.0,136.37815312499998,3.23528e-08
144.55,0.0,136.37790312499996,3.35817e-08
144.55,0.0,136.37765312499997,3.255655e-08
144.55,0.0,136.37740312499997,3.23355e-08
144.55,0.0,136.37715312499998,3.23887e-08
144.55,0.0,136.37690312499998,3.216755e-08
144.55,0.0,136.37665312499996,3.22418e-08
144.55,0.0,136.37640312499997,3.194895e-08
144.55,0.0,136.37615312499997,3.2240150000000004e-08
144.55,0.0,136.37590312499998,3.24274e-08
144.55,0.0,136.37565312499999,3.20286e-08
144.55,0.0,136.37540312499996,3.172355e-08
144.55,0.0,136.37515312499997,3.2062950000000005e-08
144.55,0.0,136.37490312499997,3.1992e-08
144.55,0.0,136.37465312499998,3.192055e-08
144.55,0.0,136.374403125,3.17269e-08
144.55,0.0,136.37415312499996,3.14919e-08
144.55,0.0,136.37390312499997,3.26751e-08
144.55,0.0,136.37365312499998,3.18648e-08
144.55,0.0,136.37340312499998,3.15838e-08
144.55,0.0,136.37315312499996,3.2330950000000004e-08
144.55,0.0,136.37290312499997,3.13552e-08
144.55,0.0,136.37265312499997,3.1899800000000004e-08
144.55,0.0,136.37240312499998,3.22373e-08
144.55,0.0,136.37215312499998,3.2153e-08
144.55,0.0,136.37190312499996,3.20989e-08
144.55,0.0,136.37165312499997,3.212285e-08
144.55,0.0,136.37140312499997,3.208665e-08
144.55,0.0,136.37115312499998,3.210395e-08
144.55,0.0,136.37090312499998,3.20228e-08
144.55,0.0,136.37065312499996,3.203935e-08
144.55,0.0,136.37040312499997,3.21944e-08
144.55,0.0,136.37015312499997,3.196325e-08
144.55,0.0,136.36990312499998,3.1824849999999994e-08
144.55,0.0,136.36965312499999,3.114245e-08
144.55,0.0,136.36940312499996,3.16765e-08
144.55,0.0,136.36915312499997,3.18004e-08
144.55,0.0,136.36890312499997,3.16126e-08
144.55,0.0,136.36865312499998,3.14239e-08
144.55,0.0,136.368403125,3.17063e-08
144.55,0.0,136.36815312499996,3.135575e-08
144.55,0.0,136.36790312499997,3.15172e-08
144.55,0.0,136.36765312499998,3.1429050000000006e-08
144.55,0.0,136.36740312499998,3.158875e-08
144.55,0.0,136.36715312499996,3.08672e-08
144.55,0.0,136.36690312499996,2.98168e-08
144.55,0.0,136.36665312499997,3.109185e-08
144.55,0.0,136.36640312499998,3.1068750000000005e-08
144.55,0.0,136.36615312499998,3.133795e-08
144.55,0.0,136.36590312499996,3.16502e-08
144.55,0.0,136.36565312499997,3.190345e-08
144.55,0.0,136.36540312499997,3.169525e-08
144.55,0.0,136.36515312499998,3.15466e-08
144.55,0.0,136.36490312499998,3.1548450000000003e-08
144.55,0.0,136.36465312499996,3.107e-08
144.55,0.0,136.36440312499997,3.106855e-08
144.55,0.0,136.36415312499997,3.13513e-08
144.55,0.0,136.36390312499998,3.1319150000000006e-08
144.55,0.0,136.36365312499998,3.14993e-08
144.55,0.0,136.36340312499996,3.14061e-08
144.55,0.0,136.36315312499997,3.051745e-08
144.55,0.0,136.36290312499997,3.12994e-08
144.55,0.0,136.36265312499998,3.16058e-08
144.55,0.0,136.362403125,3.119785e-08
144.55,0.0,136.36215312499996,3.10572e-08
144.55,0.0,136.36190312499997,3.06066e-08
144.55,0.0,136.36165312499998,3.169485e-08
144.55,0.0,136.36140312499998,3.134985e-08
144.55,0.0,136.361153125,3.15196e-08
144.55,0.0,136.36090312499996,3.16601e-08
144.55,0.0,136.36065312499997,3.230495e-08
144.55,0.0,136.36040312499998,3.1451550000000005e-08
144.55,0.0,136.36015312499998,3.08469e-08
144.55,0.0,136.35990312499996,3.094395e-08
144.55,0.0,136.35965312499997,3.13358e-08
144.55,0.0,136.35940312499997,3.02923e-08
144.55,0.0,136.35915312499998,3.1193e-08
144.55,0.0,136.35890312499998,3.106505e-08
144.55,0.0,136.35865312499996,3.062195e-08
144.55,0.0,136.35840312499997,3.10764e-08
144.55,0.0,136.35815312499997,3.08888e-08
144.55,0.0,136.35790312499998,3.10854e-08
144.55,0.0,136.35765312499998,3.10881e-08
144.55,0.0,136.35740312499996,3.09187e-08
144.55,0.0,136.35715312499997,3.10763e-08
144.55,0.0,136.35690312499997,3.1397500000000014e-08
144.55,0.0,136.35665312499998,3.136965e-08
144.55,0.0,136.35640312499999,3.11291e-08
144.55,0.0,136.35615312499996,3.11956e-08
144.55,0.0,136.35590312499997,3.119855e-08
144.55,0.0,136.35565312499998,3.06334e-08
144.55,0.0,136.35540312499998,3.1102400000000005e-08
144.55,0.0,136.355153125,3.1255e-08
144.55,0.0,136.35490312499996,3.0540050000000004e-08
144.55,0.0,136.35465312499997,3.07725e-08
144.55,0.0,136.35440312499998,3.0634400000000003e-08
144.55,0.0,136.35415312499998,3.076885e-08
144.55,0.0,136.35390312499996,3.082695e-08
144.55,0.0,136.35365312499997,3.0946350000000004e-08
144.55,0.0,136.35340312499997,3.09051e-08
144.55,0.0,136.35315312499998,3.09017e-08
144.55,0.0,136.35290312499998,3.107795e-08
144.55,0.0,136.35265312499996,3.0967300000000005e-08
144.55,0.0,136.35240312499997,3.136825e-08
144.55,0.0,136.35215312499997,3.06607e-08
144.55,0.0,136.35190312499998,3.079565e-08
144.55,0.0,136.35165312499998,3.093205e-08
144.55,0.0,136.35140312499996,3.09106e-08
144.55,0.0,136.35115312499997,3.08868e-08
144.55,0.0,136.35090312499997,3.0404899999999995e-08
144.55,0.0,136.35065312499998,3.06252e-08
144.55,0.0,136.35040312499999,3.05807e-08
144.55,0.0,136.35015312499996,3.08712e-08
144.55,0.0,136.34990312499997,3.0917866666666674e-08
144.55,0.0,136.34965312499997,3.05465e-08
144.55,0.0,136.34940312499998,3.12517e-08
144.55,0.0,136.349153125,3.07899e-08
144.55,0.0,136.34890312499996,3.0975549999999994e-08
144.55,0.0,136.34865312499997,3.09666e-08
144.55,0.0,136.34840312499998,3.10672e-08
144.55,0.0,136.34815312499998,3.10918e-08
144.55,0.0,136.34790312499996,3.0885650000000004e-08
144.55,0.0,136.34765312499997,3.08885e-08
144.55,0.0,136.34740312499997,3.09516e-08
144.55,0.0,136.34715312499998,3.00968e-08
144.55,0.0,136.34690312499998,3.07283e-08
144.55,0.0,136.34665312499996,3.0831999999999994e-08
144.55,0.0,136.34640312499997,3.07001e-08
144.55,0.0,136.34615312499997,3.06162e-08
144.55,0.0,136.34590312499998,3.07569e-08
144.55,0.0,136.34565312499998,3.080745e-08
144.55,0.0,136.34540312499996,3.0962400000000005e-08
144.55,0.0,136.34515312499997,3.0986750000000004e-08
144.55,0.0,136.34490312499997,3.1122149999999994e-08
144.55,0.0,136.34465312499998,3.075425e-08
144.55,0.0,136.34440312499999,3.09272e-08
144.55,0.0,136.34415312499996,3.066615e-08
144.55,0.0,136.34390312499997,3.03207e-08
144.55,0.0,136.34365312499997,3.04726e-08
144.55,0.0,136.34340312499998,3.05939e-08
144.55,0.0,136.343153125,3.01181e-08
144.55,0.0,136.34290312499996,3.0228500000000005e-08
144.55,0.0,136.34265312499997,3.056395e-08
144.55,0.0,136.34240312499998,3.01185e-08
144.55,0.0,136.34215312499998,3.03881e-08
144.55,0.0,136.34190312499996,3.04379e-08
144.55,0.0,136.34165312499997,3.041745e-08
144.55,0.0,136.34140312499997,3.0377e-08
144.55,0.0,136.34115312499998,3.09647e-08
144.55,0.0,136.34090312499998,3.039655e-08
144.55,0.0,136.34065312499996,3.0669849999999995e-08
144.55,0.0,136.34040312499997,3.073265e-08
144.55,0.0,136.34015312499997,3.0347800000000004e-08
144.55,0.0,136.33990312499998,3.02046e-08
144.55,0.0,136.33965312499998,3.05152e-08
144.55,0.0,136.33940312499996,3.01617e-08
144.55,0.0,136.33915312499997,3.0139300000000006e-08
144.55,0.0,136.33890312499997,3.01568e-08
144.55,0.0,136.33865312499998,3.007065e-08
144.55,0.0,136.33840312499999,2.989895e-08
144.55,0.0,136.33815312499996,2.993225e-08
144.55,0.0,136.33790312499997,2.96684e-08
144.55,0.0,136.33765312499997,2.96035e-08
144.55,0.0,136.33740312499998,2.9641e-08
144.55,0.0,136.337153125,2.97737e-08
144.55,0.0,136.33690312499996,3.0058150000000005e-08
144.55,0.0,136.33665312499997,2.985295e-08
144.55,0.0,136.33640312499998,2.986835e-08
144.55,0.0,136.33615312499998,2.987225e-08
144.55,0.0,136.33590312499996,3.025635e-08
144.55,0.0,136.33565312499996,2.9697100000000003e-08
144.55,0.0,136.33540312499997,3.01685e-08
144.55,0.0,136.33515312499998,3.000345e-08
144.55,0.0,136.33490312499998,3.008e-08
144.55,0.0,136.33465312499996,2.966915e-08
144.55,0.0,136.33440312499997,2.95718e-08
144.55,0.0,136.33415312499997,2.9729e-08
144.55,0.0,136.33390312499998,2.951835e-08
144.55,0.0,136.33365312499998,2.928555e-08
144.55,0.0,136.33340312499996,2.96873e-08
144.55,0.0,136.33315312499997,2.95928e-08
144.55,0.0,136.33290312499997,2.952935e-08
144.55,0.0,136.33265312499998,2.989925e-08
144.55,0.0,136.33240312499998,2.95631e-08
144.55,0.0,136.33215312499996,2.970785e-08
144.55,0.0,136.33190312499997,2.978285e-08
144.55,0.0,136.33165312499997,2.974715e-08
144.55,0.0,136.33140312499998,2.98374e-08
144.55,0.0,136.331153125,2.98788e-08
144.55,0.0,136.33090312499996,2.9633950000000003e-08
144.55,0.0,136.33065312499997,3.002765e-08
144.55,0.0,136.33040312499998,2.97543e-08
144.55,0.0,136.33015312499998,2.99097e-08
144.55,0.0,136.329903125,3.05771e-08
144.55,0.0,136.32965312499996,2.97237e-08
144.55,0.0,136.32940312499997,2.97703e-08
144.55,0.0,136.32915312499998,3.03038e-08
144.55,0.0,136.32890312499998,2.96936e-08
144.55,0.0,136.32865312499996,2.97044e-08
144.55,0.0,136.32840312499997,2.96044e-08
144.55,0.0,136.32815312499997,2.980275e-08
144.55,0.0,136.32790312499998,2.912615e-08
144.55,0.0,136.32765312499998,2.9576900000000002e-08
144.55,0.0,136.32740312499996,2.952345e-08
144.55,0.0,136.32715312499997,2.9945050000000004e-08
144.55,0.0,136.32690312499997,3.01277e-08
144.55,0.0,136.32665312499998,2.97415e-08
144.55,0.0,136.32640312499998,2.983005e-08
144.55,0.0,136.32615312499996,2.99462e-08
144.55,0.0,136.32590312499997,2.989255e-08
144.55,0.0,136.32565312499997,2.98788e-08
144.55,0.0,136.32540312499998,2.949815e-08
144.55,0.0,136.32515312499999,2.97749e-08
144.55,0.0,136.32490312499996,2.9497233333333333e-08
144.55,0.0,136.32465312499997,2.95787e-08
144.55,0.0,136.32440312499998,2.92833e-08
144.55,0.0,136.32415312499998,2.96866e-08
144.55,0.0,136.323903125,2.95535e-08
144.55,0.0,136.32365312499996,2.9274e-08
144.55,0.0,136.32340312499997,2.9750950000000003e-08
144.55,0.0,136.32315312499998,2.953755e-08
144.55,0.0,136.32290312499998,2.96483e-08
144.55,0.0,136.32265312499996,2.961555e-08
144.55,0.0,136.32240312499997,2.9515950000000002e-08
144.55,0.0,136.32215312499997,2.940505e-08
144.55,0.0,136.32190312499998,2.958935e-08
144.55,0.0,136.32165312499998,2.92224e-08
144.55,0.0,136.32140312499996,2.89288e-08
144.55,0.0,136.32115312499997,2.91397e-08
144.55,0.0,136.32090312499997,2.90015e-08
144.55,0.0,136.32065312499998,2.8827e-08
144.55,0.0,136.32040312499998,2.914355e-08
144.55,0.0,136.32015312499996,2.879205e-08
144.55,0.0,136.31990312499997,2.938035e-08
144.55,0.0,136.31965312499997,2.94222e-08
144.55,0.0,136.31940312499998,2.8914950000000002e-08
144.55,0.0,136.31915312499999,2.903915e-08
144.55,0.0,136.31890312499996,2.912755e-08
144.55,0.0,136.31865312499997,2.874245e-08
144.55,0.0,136.31840312499997,2.88618e-08
144.55,0.0,136.31815312499998,2.866515e-08
144.55,0.0,136.317903125,2.87662e-08
144.55,0.0,136.31765312499996,2.87556e-08
144.55,0.0,136.31740312499997,2.85709e-08
144.55,0.0,136.31715312499998,2.83437e-08
144.55,0.0,136.31690312499998,2.821555e-08
144.55,0.0,136.31665312499996,2.8385e-08
144.55,0.0,136.31640312499997,2.86743e-08
144.55,0.0,136.31615312499997,2.84468e-08
144.55,0.0,136.31590312499998,2.8589766666666666e-08
144.55,0.0,136.31565312499998,2.83363e-08
144.55,0.0,136.31540312499996,2.868945e-08
144.55,0.0,136.31515312499997,2.738225e-08
144.55,0.0,136.31490312499997,2.839335e-08
144.55,0.0,136.31465312499998,2.79007e-08
144.55,0.0,136.31440312499998,2.8588950000000006e-08
144.55,0.0,136.31415312499996,2.83433e-08
144.55,0.0,136.31390312499997,2.8528250000000006e-08
144.55,0.0,136.31365312499997,2.818175e-08
144.55,0.0,136.31340312499998,2.826975e-08
144.55,0.0,136.31315312499999,2.867075e-08
144.55,0.0,136.31290312499996,2.838825e-08
144.55,0.0,136.31265312499997,2.89451e-08
144.55,0.0,136.31240312499997,2.839515e-08
144.55,0.0,136.31215312499998,2.83682e-08
144.55,0.0,136.311903125,2.792885e-08
144.55,0.0,136.31165312499996,2.829625e-08
144.55,0.0,136.31140312499997,2.821555e-08
144.55,0.0,136.31115312499998,2.82338e-08
144.55,0.0,136.31090312499998,2.83248e-08
144.55,0.0,136.31065312499996,2.83097e-08
144.55,0.0,136.31040312499997,2.83857e-08
144.55,0.0,136.31015312499997,2.876585e-08
144.55,0.0,136.30990312499998,2.92131e-08
144.55,0.0,136.30965312499998,2.87344e-08
144.55,0.0,136.30940312499996,2.880325e-08
144.55,0.0,136.30915312499997,2.8819500000000002e-08
144.55,0.0,136.30890312499997,2.863905e-08
144.55,0.0,136.30865312499998,2.84379e-08
144.55,0.0,136.30840312499998,2.84941e-08
144.55,0.0,136.30815312499996,2.83632e-08
144.55,0.0,136.30790312499997,2.83283e-08
144.55,0.0,136.30765312499997,2.8541700000000002e-08
144.55,0.0,136.30740312499998,2.853585e-08
144.55,0.0,136.30715312499999,2.859445e-08
144.55,0.0,136.30690312499996,2.854585e-08
144.55,0.0,136.30665312499997,2.852605e-08
144.55,0.0,136.30640312499997,2.86633e-08
144.55,0.0,136.30615312499998,2.885435e-08
144.55,0.0,136.305903125,2.89035e-08
144.55,0.0,136.30565312499996,2.89137e-08
144.55,0.0,136.30540312499997,2.80401e-08
144.55,0.0,136.30515312499998,2.865045e-08
144.55,0.0,136.30490312499998,2.856555e-08
144.55,0.0,136.30465312499996,2.9410100000000002e-08
144.55,0.0,136.30440312499996,2.8700300000000002e-08
144.55,0.0,136.30415312499997,2.870415e-08
144.55,0.0,136.30390312499998,2.86049e-08
144.55,0.0,136.30365312499998,2.86365e-08
144.55,0.0,136.30340312499996,2.965535e-08
144.55,0.0,136.30315312499997,2.896395e-08
144.55,0.0,136.30290312499997,2.8763e-08
144.55,0.0,136.30265312499998,2.885145e-08
144.55,0.0,136.30240312499998,2.885513333333333e-08
144.55,0.0,136.30215312499996,2.930395e-08
144.55,0.0,136.30190312499997,2.8976e-08
144.55,0.0,136.30165312499997,2.897975e-08
144.55,0.0,136.30140312499998,2.88016e-08
144.55,0.0,136.30115312499998,2.860725e-08
144.55,0.0,136.30090312499996,2.88534e-08
144.55,0.0,136.30065312499997,2.90215e-08
144.55,0.0,136.30040312499997,2.891355e-08
144.55,0.0,136.30015312499998,2.86418e-08
144.55,0.0,136.299903125,2.908335e-08
144.55,0.0,136.29965312499996,2.90839e-08
144.55,0.0,136.29940312499997,2.89382e-08
144.55,0.0,136.29915312499998,2.91161e-08
144.55,0.0,136.29890312499998,2.89844e-08
144.55,0.0,136.298653125,2.874065e-08
144.55,0.0,136.29840312499996,2.918215e-08
144.55,0.0,136.29815312499997,2.890365e-08
144.55,0.0,136.29790312499998,2.8973450000000002e-08
144.55,0.0,136.29765312499998,2.9097800000000006e-08
144.55,0.0,136.29740312499996,2.88928e-08
144.55,0.0,136.29715312499997,2.927225e-08
144.55,0.0,136.29690312499997,2.91759e-08
144.55,0.0,136.29665312499998,2.892025e-08
144.55,0.0,136.29640312499998,2.89842e-08
144.55,0.0,136.29615312499996,2.90287e-08
144.55,0.0,136.29590312499997,2.879445e-08
144.55,0.0,136.29565312499997,2.884585e-08
144.55,0.0,136.29540312499998,2.8791e-08
144.55,0.0,136.29515312499998,2.9407650000000002e-08
144.55,0.0,136.29490312499996,2.87903e-08
144.55,0.0,136.29465312499997,2.90622e-08
144.55,0.0,136.29440312499997,2.90962e-08
144.55,0.0,136.29415312499998,2.924115e-08
144.55,0.0,136.29390312499999,2.942e-08
144.55,0.0,136.29365312499996,2.9447e-08
144.55,0.0,136.29340312499997,2.91604e-08
144.55,0.0,136.29315312499998,2.91996e-08
144.55,0.0,136.29290312499998,2.90957e-08
144.55,0.0,136.292653125,2.92072e-08
144.55,0.0,136.29240312499996,2.94595e-08
144.55,0.0,136.29215312499997,2.95014e-08
144.55,0.0,136.29190312499998,2.83728e-08
144.55,0.0,136.29165312499998,2.957615e-08
144.55,0.0,136.29140312499996,2.96252e-08
144.55,0.0,136.29115312499997,2.944355e-08
144.55,0.0,136.29090312499997,2.9540800000000002e-08
144.55,0.0,136.29065312499998,2.94324e-08
144.55,0.0,136.29040312499998,2.962895e-08
144.55,0.0,136.29015312499996,2.96252e-08
144.55,0.0,136.28990312499997,2.96391e-08
144.55,0.0,136.28965312499997,2.977095e-08
144.55,0.0,136.28940312499998,2.988055e-08
144.55,0.0,136.28915312499998,2.98221e-08
144.55,0.0,136.28890312499996,2.993635e-08
144.55,0.0,136.28865312499997,2.955685e-08
144.55,0.0,136.28840312499997,2.969845e-08
144.55,0.0,136.28815312499998,3.00544e-08
144.55,0.0,136.28790312499999,2.949945e-08
144.55,0.0,136.28765312499996,2.934355e-08
144.55,0.0,136.28740312499997,2.96379e-08
144.55,0.0,136.28715312499997,2.96356e-08
144.55,0.0,136.28690312499998,2.965495e-08
144.55,0.0,136.286653125,2.98144e-08
144.55,0.0,136.28640312499996,2.97257e-08
144.55,0.0,136.28615312499997,3.00486e-08
144.55,0.0,136.28590312499998,2.991455e-08
144.55,0.0,136.28565312499998,2.966315e-08
144.55,0.0,136.28540312499996,2.95851e-08
144.55,0.0,136.28515312499997,2.97513e-08
144.55,0.0,136.28490312499997,2.94709e-08
144.55,0.0,136.28465312499998,2.960315e-08
144.55,0.0,136.28440312499998,2.93696e-08
144.55,0.0,136.28415312499996,2.96038e-08
144.55,0.0,136.28390312499997,2.940255e-08
144.55,0.0,136.28365312499997,2.9246e-08
144.55,0.0,136.28340312499998,2.96566e-08
144.55,0.0,136.28315312499998,2.94812e-08
144.55,0.0,136.28290312499996,2.9670150000000002e-08
144.55,0.0,136.28265312499997,2.9451e-08
144.55,0.0,136.28240312499997,2.97489e-08
144.55,0.0,136.28215312499998,2.96448e-08
144.55,0.0,136.28190312499999,2.968265e-08
144.55,0.0,136.28165312499996,2.98882e-08
144.55,0.0,136.28140312499997,2.96264e-08
144.55,0.0,136.28115312499997,2.97634e-08
144.55,0.0,136.28090312499998,2.9482300000000002e-08
144.55,0.0,136.280653125,2.9827200000000004e-08
144.55,0.0,136.28040312499996,2.97588e-08
144.55,0.0,136.28015312499997,2.9519e-08
144.55,0.0,136.27990312499998,2.93973e-08
144.55,0.0,136.27965312499998,2.943415e-08
144.55,0.0,136.27940312499996,2.944e-08
144.55,0.0,136.27915312499997,2.9138e-08
144.55,0.0,136.27890312499997,2.95207e-08
144.55,0.0,136.27865312499998,2.946375e-08
144.55,0.0,136.27840312499998,2.948115e-08
144.55,0.0,136.27815312499996,2.93315e-08
144.55,0.0,136.27790312499997,2.9701133333333334e-08
144.55,0.0,136.27765312499997,2.970565e-08
144.55,0.0,136.27740312499998,2.95371e-08
144.55,0.0,136.27715312499998,2.85821e-08
144.55,0.0,136.27690312499996,2.949025e-08
144.55,0.0,136.27665312499997,2.94876e-08
144.55,0.0,136.27640312499997,2.91983e-08
144.55,0.0,136.27615312499998,2.93158e-08
144.55,0.0,136.27590312499999,2.903235e-08
144.55,0.0,136.27565312499996,2.9563933333333333e-08
144.55,0.0,136.27540312499997,2.89667e-08
144.55,0.0,136.27515312499997,2.887015e-08
144.55,0.0,136.27490312499998,2.938275e-08
144.55,0.0,136.274653125,2.910875e-08
144.55,0.0,136.27440312499996,2.93291e-08
144.55,0.0,136.27415312499997,2.92956e-08
144.55,0.0,136.27390312499998,2.973185e-08
144.55,0.0,136.27365312499998,2.97245e-08
144.55,0.0,136.27340312499996,2.9649000000000003e-08
144.55,0.0,136.27315312499996,2.95314e-08
144.55,0.0,136.27290312499997,2.9448650000000002e-08
144.55,0.0,136.27265312499998,3.00491e-08
144.55,0.0,136.27240312499998,2.96201e-08
144.55,0.0,136.27215312499996,2.93768e-08
144.55,0.0,136.27190312499997,2.93413e-08
144.55,0.0,136.27165312499997,2.95964e-08
144.55,0.0,136.27140312499998,2.9604e-08
144.55,0.0,136.27115312499998,2.95495e-08
144.55,0.0,136.27090312499996,2.92891e-08
144.55,0.0,136.27065312499997,2.94878e-08
144.55,0.0,136.27040312499997,3.00003e-08
144.55,0.0,136.27015312499998,2.974805e-08
144.55,0.0,136.26990312499998,2.93588e-08
144.55,0.0,136.26965312499996,2.96549e-08
144.55,0.0,136.26940312499997,2.87425e-08
144.55,0.0,136.26915312499997,2.94547e-08
144.55,0.0,136.26890312499998,2.9576e-08
144.55,0.0,136.268653125,2.9323466666666668e-08
144.55,0.0,136.26840312499996,2.95528e-08
144.55,0.0,136.26815312499997,2.944995e-08
144.55,0.0,136.26790312499998,2.92508e-08
144.55,0.0,136.26765312499998,2.93495e-08
144.55,0.0,136.267403125,2.97252e-08
144.55,0.0,136.26715312499996,2.927265e-08
144.55,0.0,136.26690312499997,2.914675e-08
144.55,0.0,136.26665312499998,2.918335e-08
144.55,0.0,136.26640312499998,2.89766e-08
144.55,0.0,136.26615312499996,2.932205e-08
144.55,0.0,136.26590312499997,2.926335e-08
144.55,0.0,136.26565312499997,2.8972100000000002e-08
144.55,0.0,136.26540312499998,2.94032e-08
144.55,0.0,136.26515312499998,2.91541e-08
144.55,0.0,136.26490312499996,2.9135e-08
144.55,0.0,136.26465312499997,2.91976e-08
144.55,0.0,136.26440312499997,2.91463e-08
144.55,0.0,136.26415312499998,2.8922050000000002e-08
144.55,0.0,136.26390312499998,2.91175e-08
144.55,0.0,136.26365312499996,2.906735e-08
144.55,0.0,136.26340312499997,2.90915e-08
144.55,0.0,136.26315312499997,2.96963e-08
144.55,0.0,136.26290312499998,2.89206e-08
144.55,0.0,136.26265312499999,2.918215e-08
144.55,0.0,136.26240312499996,2.91527e-08
144.55,0.0,136.26215312499997,2.924255e-08
144.55,0.0,136.26190312499998,2.9410950000000002e-08
144.55,0.0,136.26165312499998,2.88551e-08
144.55,0.0,136.261403125,2.88441e-08
144.55,0.0,136.26115312499996,2.84818e-08
144.55,0.0,136.26090312499997,2.907835e-08
144.55,0.0,136.26065312499998,2.91527e-08
144.55,0.0,136.26040312499998,2.96612e-08
144.55,0.0,136.26015312499996,2.936795e-08
144.55,0.0,136.25990312499997,2.90848e-08
144.55,0.0,136.25965312499997,2.940325e-08
144.55,0.0,136.25940312499998,2.93047e-08
144.55,0.0,136.25915312499998,2.919555e-08
144.55,0.0,136.25890312499996,2.953705e-08
144.55,0.0,136.25865312499997,2.92382e-08
144.55,0.0,136.25840312499997,2.96243e-08
144.55,0.0,136.25815312499998,2.95477e-08
144.55,0.0,136.25790312499998,2.91887e-08
144.55,0.0,136.25765312499996,2.92434e-08
144.55,0.0,136.25740312499997,2.9358700000000002e-08
144.55,0.0,136.25715312499997,2.921865e-08
144.55,0.0,136.25690312499998,2.96051e-08
144.55,0.0,136.25665312499999,2.95553e-08
144.55,0.0,136.25640312499996,2.91499e-08
144.55,0.0,136.25615312499997,2.951745e-08
144.55,0.0,136.25590312499997,2.9565150000000002e-08
144.55,0.0,136.25565312499998,2.956335e-08
144.55,0.0,136.255403125,2.95131e-08
144.55,0.0,136.25515312499996,2.97245e-08
144.55,0.0,136.25490312499997,2.94366e-08
144.55,0.0,136.25465312499998,2.95929e-08
144.55,0.0,136.25440312499998,2.96528e-08
144.55,0.0,136.25415312499996,2.943575e-08
144.55,0.0,136.25390312499997,2.92698e-08
144.55,0.0,136.25365312499997,2.94798e-08
144.55,0.0,136.25340312499998,2.95936e-08
144.55,0.0,136.25315312499998,2.92828e-08
144.55,0.0,136.25290312499996,2.95192e-08
144.55,0.0,136.25265312499997,2.93109e-08
144.55,0.0,136.25240312499997,2.97961e-08
144.55,0.0,136.25215312499998,2.984135e-08
144.55,0.0,136.25190312499998,2.961375e-08
144.55,0.0,136.25165312499996,2.97611e-08
144.55,0.0,136.25140312499997,2.96694e-08
144.55,0.0,136.25115312499997,2.9742e-08
144.55,0.0,136.25090312499998,2.9380850000000002e-08
144.55,0.0,136.25065312499999,2.93554e-08
144.55,0.0,136.25040312499996,2.94417e-08
144.55,0.0,136.25015312499997,2.91329e-08
144.55,0.0,136.24990312499997,2.94637e-08
144.55,0.0,136.24965312499998,2.95627e-08
144.55,0.0,136.249403125,2.964275e-08
144.55,0.0,136.24915312499996,2.972315e-08
144.55,0.0,136.24890312499997,2.963195e-08
144.55,0.0,136.24865312499998,2.95043e-08
144.55,0.0,136.24840312499998,2.91254e-08
144.55,0.0,136.24815312499996,2.92757e-08
144.55,0.0,136.24790312499997,2.91113e-08
144.55,0.0,136.24765312499997,2.92198e-08
144.55,0.0,136.24740312499998,2.9469450000000002e-08
144.55,0.0,136.24715312499998,2.954785e-08
144.55,0.0,136.24690312499996,2.98568e-08
144.55,0.0,136.24665312499997,2.9492950000000002e-08
144.55,0.0,136.24640312499997,2.9105e-08
144.55,0.0,136.24615312499998,2.930225e-08
144.55,0.0,136.24590312499998,2.978175e-08
144.55,0.0,136.24565312499996,2.95544e-08
144.55,0.0,136.24540312499997,2.966585e-08
144.55,0.0,136.24515312499997,2.901165e-08
144.55,0.0,136.24490312499998,2.938275e-08
144.55,0.0,136.24465312499999,2.96445e-08
144.55,0.0,136.24440312499996,2.918695e-08
144.55,0.0,136.24415312499997,2.94744e-08
144.55,0.0,136.24390312499997,2.939115e-08
144.55,0.0,136.24365312499998,2.955585e-08
144.55,0.0,136.243403125,2.948645e-08
144.55,0.0,136.24315312499996,2.9884100000000004e-08
144.55,0.0,136.24290312499997,2.96936e-08
144.55,0.0,136.24265312499998,2.95565e-08
144.55,0.0,136.24240312499998,2.966065e-08
144.55,0.0,136.24215312499996,2.97512e-08
144.55,0.0,136.24190312499996,2.981835e-08
144.55,0.0,136.24165312499997,2.92783e-08
144.55,0.0,136.24140312499998,2.961265e-08
144.55,0.0,136.24115312499998,2.944345e-08
144.55,0.0,136.24090312499996,2.95544e-08
144.55,0.0,136.24065312499997,2.93169e-08
144.55,0.0,136.24040312499997,2.940855e-08
144.55,0.0,136.24015312499998,2.95272e-08
144.55,0.0,136.23990312499998,2.953525e-08
144.55,0.0,136.23965312499996,2.96387e-08
144.55,0.0,136.23940312499997,2.9423450000000006e-08
144.55,0.0,136.23915312499997,2.95279e-08
144.55,0.0,136.23890312499998,2.95734e-08
144.55,0.0,136.23865312499998,2.95632e-08
144.55,0.0,136.23840312499996,2.91265e-08
144.55,0.0,136.23815312499997,2.924985e-08
144.55,0.0,136.23790312499997,2.908205e-08
144.55,0.0,136.23765312499998,2.8935e-08
144.55,0.0,136.237403125,2.9240300000000002e-08
144.55,0.0,136.23715312499996,2.8913e-08
144.55,0.0,136.23690312499997,2.92057e-08
144.55,0.0,136.23665312499998,2.97585e-08
144.55,0.0,136.23640312499998,2.89379e-08
144.55,0.0,136.236153125,2.884655e-08
144.55,0.0,136.23590312499996,2.865145e-08
144.55,0.0,136.23565312499997,2.87999e-08
144.55,0.0,136.23540312499998,2.81989e-08
144.55,0.0,136.23515312499998,2.888035e-08
144.55,0.0,136.23490312499996,2.86145e-08
144.55,0.0,136.23465312499997,2.80816e-08
144.55,0.0,136.23440312499997,2.87518e-08
144.55,0.0,136.23415312499998,2.84686e-08
144.55,0.0,136.23390312499998,2.82371e-08
144.55,0.0,136.23365312499996,2.843295e-08
144.55,0.0,136.23340312499997,2.816415e-08
144.55,0.0,136.23315312499997,2.877195e-08
144.55,0.0,136.23290312499998,2.902745e-08
144.55,0.0,136.23265312499998,2.883855e-08
144.55,0.0,136.23240312499996,2.87951e-08
144.55,0.0,136.23215312499997,2.91127e-08
144.55,0.0,136.23190312499997,2.86151e-08
144.55,0.0,136.23165312499998,2.87972e-08
144.55,0.0,136.23140312499999,2.845715e-08
144.55,0.0,136.23115312499996,2.87313e-08
144.55,0.0,136.23090312499997,2.87231e-08
144.55,0.0,136.23065312499998,2.86039e-08
144.55,0.0,136.23040312499998,2.88202e-08
144.55,0.0,136.230153125,2.8806050000000006e-08
144.55,0.0,136.22990312499996,2.8231e-08
144.55,0.0,136.22965312499997,2.880655e-08
144.55,0.0,136.22940312499998,2.862235e-08
144.55,0.0,136.22915312499998,2.84968e-08
144.55,0.0,136.22890312499996,2.86111e-08
144.55,0.0,136.22865312499997,2.89445e-08
144.55,0.0,136.22840312499997,2.8713833333333334e-08
144.55,0.0,136.22815312499998,2.8319e-08
144.55,0.0,136.22790312499998,2.81131e-08
144.55,0.0,136.22765312499996,2.8453e-08
144.55,0.0,136.22740312499997,2.86758e-08
144.55,0.0,136.22715312499997,2.884915e-08
144.55,0.0,136.22690312499998,2.87276e-08
144.55,0.0,136.22665312499998,2.88791e-08
144.55,0.0,136.22640312499996,2.90629e-08
144.55,0.0,136.22615312499997,2.879185e-08
144.55,0.0,136.22590312499997,2.89101e-08
144.55,0.0,136.22565312499998,2.8950200000000002e-08
144.55,0.0,136.22540312499999,2.91536e-08
144.55,0.0,136.22515312499996,2.867155e-08
144.55,0.0,136.22490312499997,2.88356e-08
144.55,0.0,136.22465312499997,2.82647e-08
144.55,0.0,136.22440312499998,2.88424e-08
144.55,0.0,136.224153125,2.8655750000000002e-08
144.55,0.0,136.22390312499996,2.85476e-08
144.55,0.0,136.22365312499997,2.896735e-08
144.55,0.0,136.22340312499998,2.908643333333333e-08
144.55,0.0,136.22315312499998,2.89646e-08
144.55,0.0,136.22290312499996,2.89422e-08
144.55,0.0,136.22265312499997,2.91549e-08
144.55,0.0,136.22240312499997,2.91132e-08
144.55,0.0,136.22215312499998,2.9111000000000002e-08
144.55,0.0,136.22190312499998,2.87117e-08
144.55,0.0,136.22165312499996,2.89276e-08
144.55,0.0,136.22140312499997,2.901045e-08
144.55,0.0,136.22115312499997,2.8969900000000002e-08
144.55,0.0,136.22090312499998,2.8817e-08
144.55,0.0,136.22065312499998,2.84796e-08
144.55,0.0,136.22040312499996,2.928485e-08
144.55,0.0,136.22015312499997,2.94604e-08
144.55,0.0,136.21990312499997,2.9064e-08
144.55,0.0,136.21965312499998,2.921595e-08
144.55,0.0,136.21940312499999,2.90551e-08
144.55,0.0,136.21915312499996,2.9379500000000002e-08
144.55,0.0,136.21890312499997,2.92554e-08
144.55,0.0,136.21865312499997,2.88606e-08
144.55,0.0,136.21840312499998,2.902725e-08
144.55,0.0,136.218153125,2.886925e-08
144.55,0.0,136.21790312499996,2.89409e-08
144.55,0.0,136.21765312499997,2.88738e-08
144.55,0.0,136.21740312499998,2.922595e-08
144.55,0.0,136.21715312499998,2.905365e-08
144.55,0.0,136.21690312499996,2.921385e-08
144.55,0.0,136.21665312499997,2.9141600000000002e-08
144.55,0.0,136.21640312499997,2.958525e-08
144.55,0.0,136.21615312499998,2.93688e-08
144.55,0.0,136.21590312499998,2.94213e-08
144.55,0.0,136.21565312499996,2.930415e-08
144.55,0.0,136.21540312499997,2.9641e-08
144.55,0.0,136.21515312499997,2.89744e-08
144.55,0.0,136.21490312499998,2.90001e-08
144.55,0.0,136.21465312499998,2.9145733333333332e-08
144.55,0.0,136.21440312499996,2.847515e-08
144.55,0.0,136.21415312499997,2.91158e-08
144.55,0.0,136.21390312499997,2.91921e-08
144.55,0.0,136.21365312499998,2.911895e-08
144.55,0.0,136.21340312499999,2.923815e-08
144.55,0.0,136.21315312499996,2.93123e-08
144.55,0.0,136.21290312499997,2.94789e-08
144.55,0.0,136.21265312499997,2.960495e-08
144.55,0.0,136.21240312499998,2.89965e-08
144.55,0.0,136.212153125,2.9034e-08
144.55,0.0,136.21190312499996,2.889665e-08
144.55,0.0,136.21165312499997,2.90957e-08
144.55,0.0,136.21140312499998,2.89147e-08
144.55,0.0,136.21115312499998,2.88914e-08
144.55,0.0,136.21090312499996,2.92091e-08
144.55,0.0,136.21065312499996,2.945495e-08
144.55,0.0,136.21040312499997,2.938285e-08
144.55,0.0,136.21015312499998,2.9318800000000002e-08
144.55,0.0,136.20990312499998,2.90772e-08
144.55,0.0,136.20965312499996,2.913935e-08
144.55,0.0,136.20940312499997,2.89654e-08
144.55,0.0,136.20915312499997,2.87659e-08
144.55,0.0,136.20890312499998,2.894735e-08
144.55,0.0,136.20865312499998,2.884775e-08
144.55,0.0,136.20840312499996,2.902175e-08
144.55,0.0,136.20815312499997,2.8757450000000002e-08
144.55,0.0,136.20790312499997,2.90712e-08
144.55,0.0,136.20765312499998,2.8951300000000002e-08
144.55,0.0,136.20740312499998,2.89379e-08
144.55,0.0,136.20715312499996,2.85282e-08
144.55,0.0,136.20690312499997,2.910705e-08
144.55,0.0,136.20665312499997,2.8515650000000003e-08
144.55,0.0,136.20640312499998,2.877405e-08
144.55,0.0,136.206153125,2.84726e-08
144.55,0.0,136.20590312499996,2.9023566666666664e-08
144.55,0.0,136.20565312499997,2.87294e-08
144.55,0.0,136.20540312499998,2.85803e-08
144.55,0.0,136.20515312499998,2.85581e-08
144.55,0.0,136.204903125,2.880725e-08
144.55,0.0,136.20465312499996,2.82225e-08
144.55,0.0,136.20440312499997,2.86289e-08
144.55,0.0,136.20415312499998,2.87779e-08
144.55,0.0,136.20390312499998,2.891865e-08
144.55,0.0,136.20365312499996,2.861405e-08
144.55,0.0,136.20340312499997,2.856475e-08
144.55,0.0,136.20315312499997,2.857615e-08
144.55,0.0,136.20290312499998,2.888835e-08
144.55,0.0,136.20265312499998,2.88297e-08
144.55,0.0,136.20240312499996,2.869245e-08
144.55,0.0,136.20215312499997,2.81287e-08
144.55,0.0,136.20190312499997,2.8759650000000002e-08
144.55,0.0,136.20165312499998,2.852225e-08
144.55,0.0,136.20140312499998,2.87233e-08
144.55,0.0,136.20115312499996,2.8934e-08
144.55,0.0,136.20090312499997,2.8827466666666668e-08
144.55,0.0,136.20065312499997,2.86754e-08
144.55,0.0,136.20040312499998,2.873345e-08
144.55,0.0,136.20015312499999,2.85405e-08
144.55,0.0,136.19990312499996,2.859635e-08
144.55,0.0,136.19965312499997,2.847535e-08
144.55,0.0,136.19940312499998,2.826805e-08
144.55,0.0,136.19915312499998,2.86536e-08
144.55,0.0,136.198903125,2.869e-08
144.55,0.0,136.19865312499996,2.83837e-08
144.55,0.0,136.19840312499997,2.90854e-08
144.55,0.0,136.19815312499998,2.848415e-08
144.55,0.0,136.19790312499998,2.8569600000000002e-08
144.55,0.0,136.19765312499996,2.8722100000000006e-08
144.55,0.0,136.19740312499997,2.833195e-08
144.55,0.0,136.19715312499997,2.83337e-08
144.55,0.0,136.19690312499998,2.809725e-08
144.55,0.0,136.19665312499998,2.826115e-08
144.55,0.0,136.19640312499996,2.844415e-08
144.55,0.0,136.19615312499997,2.80979e-08
144.55,0.0,136.19590312499997,2.815845e-08
144.55,0.0,136.19565312499998,2.8053650000000002e-08
144.55,0.0,136.19540312499998,2.81332e-08
144.55,0.0,136.19515312499996,2.80843e-08
144.55,0.0,136.19490312499997,2.832695e-08
144.55,0.0,136.19465312499997,2.814965e-08
144.55,0.0,136.19440312499998,2.83314e-08
144.55,0.0,136.19415312499999,2.827305e-08
144.55,0.0,136.19390312499996,2.88645e-08
144.55,0.0,136.19365312499997,2.871985e-08
144.55,0.0,136.19340312499997,2.89401e-08
144.55,0.0,136.19315312499998,2.830635e-08
144.55,0.0,136.192903125,2.887205e-08
144.55,0.0,136.19265312499996,2.87151e-08
144.55,0.0,136.19240312499997,2.84946e-08
144.55,0.0,136.19215312499998,2.85793e-08
144.55,0.0,136.19190312499998,2.855105e-08
144.55,0.0,136.19165312499996,2.848585e-08
144.55,0.0,136.19140312499997,2.85648e-08
144.55,0.0,136.19115312499997,2.83511e-08
144.55,0.0,136.19090312499998,2.85198e-08
144.55,0.0,136.19065312499998,2.84555e-08
144.55,0.0,136.19040312499996,2.80908e-08
144.55,0.0,136.19015312499997,2.8298e-08
144.55,0.0,136.18990312499997,2.8009333333333332e-08
144.55,0.0,136.18965312499998,2.83855e-08
144.55,0.0,136.18940312499998,2.82259e-08
144.55,0.0,136.18915312499996,2.820635e-08
144.55,0.0,136.18890312499997,2.8455050000000002e-08
144.55,0.0,136.18865312499997,2.881225e-08
144.55,0.0,136.18840312499998,2.87784e-08
144.55,0.0,136.18815312499999,2.84626e-08
144.55,0.0,136.18790312499996,2.918855e-08
144.55,0.0,136.18765312499997,2.86141e-08
144.55,0.0,136.18740312499997,2.846965e-08
144.55,0.0,136.18715312499998,2.8574250000000002e-08
144.55,0.0,136.186903125,2.855875e-08
144.55,0.0,136.18665312499996,2.83806e-08
144.55,0.0,136.18640312499997,2.83811e-08
144.55,0.0,136.18615312499998,2.820315e-08
144.55,0.0,136.18590312499998,2.826505e-08
144.55,0.0,136.18565312499996,2.872645e-08
144.55,0.0,136.18540312499997,2.84708e-08
144.55,0.0,136.18515312499997,2.868455e-08
144.55,0.0,136.18490312499998,2.86626e-08
144.55,0.0,136.18465312499998,2.9118e-08
144.55,0.0,136.18440312499996,2.85247e-08
144.55,0.0,136.18415312499997,2.875765e-08
144.55,0.0,136.18390312499997,2.879835e-08
144.55,0.0,136.18365312499998,2.86382e-08
144.55,0.0,136.18340312499998,2.8585e-08
144.55,0.0,136.18315312499996,2.874555e-08
144.55,0.0,136.18290312499997,2.84649e-08
144.55,0.0,136.18265312499997,2.86197e-08
144.55,0.0,136.18240312499998,2.90329e-08
144.55,0.0,136.18215312499999,2.889445e-08
144.55,0.0,136.18190312499996,2.879615e-08
144.55,0.0,136.18165312499997,2.900145e-08
144.55,0.0,136.18140312499997,2.91973e-08
144.55,0.0,136.18115312499998,2.92729e-08
144.55,0.0,136.180903125,2.90019e-08
144.55,0.0,136.18065312499996,2.90194e-08
144.55,0.0,136.18040312499997,2.88754e-08
144.55,0.0,136.18015312499998,2.903565e-08
144.55,0.0,136.17990312499998,2.88365e-08
144.55,0.0,136.17965312499996,2.905395e-08
144.55,0.0,136.17940312499996,2.90601e-08
144.55,0.0,136.17915312499997,2.915855e-08
144.55,0.0,136.17890312499998,2.9339850000000002e-08
144.55,0.0,136.17865312499998,2.938255e-08
144.55,0.0,136.17840312499996,2.922045e-08
144.55,0.0,136.17815312499997,2.91418e-08
144.55,0.0,136.17790312499997,2.920085e-08
144.55,0.0,136.17765312499998,2.95436e-08
144.55,0.0,136.17740312499998,2.9268750000000002e-08
144.55,0.0,136.17715312499996,2.91262e-08
144.55,0.0,136.17690312499997,2.867965e-08
144.55,0.0,136.17665312499997,2.86978e-08
144.55,0.0,136.17640312499998,2.91632e-08
144.55,0.0,136.17615312499998,2.895785e-08
144.55,0.0,136.17590312499996,2.8877e-08
144.55,0.0,136.17565312499997,2.86604e-08
144.55,0.0,136.17540312499997,2.9022e-08
144.55,0.0,136.17515312499998,2.906945e-08
144.55,0.0,136.174903125,2.863325e-08
144.55,0.0,136.17465312499996,2.87464e-08
144.55,0.0,136.17440312499997,2.92165e-08
144.55,0.0,136.17415312499998,2.897815e-08
144.55,0.0,136.17390312499998,2.8757766666666665e-08
144.55,0.0,136.173653125,2.92011e-08
144.55,0.0,136.17340312499996,2.90543e-08
144.55,0.0,136.17315312499997,2.8715e-08
144.55,0.0,136.17290312499998,2.912665e-08
144.55,0.0,136.17265312499998,2.95739e-08
144.55,0.0,136.17240312499996,2.900605e-08
144.55,0.0,136.17215312499997,2.92577e-08
144.55,0.0,136.17190312499997,2.95793e-08
144.55,0.0,136.17165312499998,2.9160200000000002e-08
144.55,0.0,136.17140312499998,2.898425e-08
144.55,0.0,136.17115312499996,2.930985e-08
144.55,0.0,136.17090312499997,2.91632e-08
144.55,0.0,136.17065312499997,2.88783e-08
144.55,0.0,136.17040312499998,2.89632e-08
144.55,0.0,136.17015312499998,2.87783e-08
144.55,0.0,136.16990312499996,2.888185e-08
144.55,0.0,136.16965312499997,2.87615e-08
144.55,0.0,136.16940312499997,2.90392e-08
144.55,0.0,136.16915312499998,2.87117e-08
144.55,0.0,136.16890312499999,2.870345e-08
144.55,0.0,136.16865312499996,2.88827e-08
144.55,0.0,136.16840312499997,2.8641800000000002e-08
144.55,0.0,136.16815312499998,2.86049e-08
144.55,0.0,136.16790312499998,2.869975e-08
144.55,0.0,136.167653125,2.83527e-08
144.55,0.0,136.16740312499996,2.835615e-08
144.55,0.0,136.16715312499997,2.82333e-08
144.55,0.0,136.16690312499998,2.87617e-08
144.55,0.0,136.16665312499998,2.876805e-08
144.55,0.0,136.16640312499996,2.93633e-08
144.55,0.0,136.16615312499997,2.88123e-08
144.55,0.0,136.16590312499997,2.87546e-08
144.55,0.0,136.16565312499998,2.86762e-08
144.55,0.0,136.16540312499998,2.90392e-08
144.55,0.0,136.16515312499996,2.87471e-08
144.55,0.0,136.16490312499997,2.880595e-08
144.55,0.0,136.16465312499997,2.87524e-08
144.55,0.0,136.16440312499998,2.886535e-08
144.55,0.0,136.16415312499998,2.888465e-08
144.55,0.0,136.16390312499996,2.92596e-08
144.55,0.0,136.16365312499997,2.89107e-08
144.55,0.0,136.16340312499997,2.914785e-08
144.55,0.0,136.16315312499998,2.91857e-08
144.55,0.0,136.16290312499999,2.93906e-08
144.55,0.0,136.16265312499996,2.95389e-08
144.55,0.0,136.16240312499997,2.92061e-08
144.55,0.0,136.16215312499997,2.931175e-08
144.55,0.0,136.16190312499998,2.90163e-08
144.55,0.0,136.161653125,2.902615e-08
144.55,0.0,136.16140312499996,2.890635e-08
144.55,0.0,136.16115312499997,2.87112e-08
144.55,0.0,136.16090312499998,2.846055e-08
144.55,0.0,136.16065312499998,2.855045e-08
144.55,0.0,136.16040312499996,2.85446e-08
144.55,0.0,136.16015312499997,2.890105e-08
144.55,0.0,136.15990312499997,2.82475e-08
144.55,0.0,136.15965312499998,2.880615e-08
144.55,0.0,136.15940312499998,2.88363e-08
144.55,0.0,136.15915312499996,2.850725e-08
144.55,0.0,136.15890312499997,2.87248e-08
144.55,0.0,136.15865312499997,2.864345e-08
144.55,0.0,136.15840312499998,2.90606e-08
144.55,0.0,136.15815312499998,2.89039e-08
144.55,0.0,136.15790312499996,2.91807e-08
144.55,0.0,136.15765312499997,2.90317e-08
144.55,0.0,136.15740312499997,2.89936e-08
144.55,0.0,136.15715312499998,2.89077e-08
144.55,0.0,136.15690312499999,2.8865e-08
144.55,0.0,136.15665312499996,2.899295e-08
144.55,0.0,136.15640312499997,2.89832e-08
144.55,0.0,136.15615312499997,2.886825e-08
144.55,0.0,136.15590312499998,2.87024e-08
144.55,0.0,136.155653125,2.882275e-08
144.55,0.0,136.15540312499996,2.89604e-08
144.55,0.0,136.15515312499997,2.885375e-08
144.55,0.0,136.15490312499998,2.90082e-08
144.55,0.0,136.15465312499998,2.88707e-08
144.55,0.0,136.15440312499996,2.92435e-08
144.55,0.0,136.15415312499997,2.924475e-08
144.55,0.0,136.15390312499997,2.91435e-08
144.55,0.0,136.15365312499998,2.9288100000000006e-08
144.55,0.0,136.15340312499998,2.932565e-08
144.55,0.0,136.15315312499996,2.902285e-08
144.55,0.0,136.15290312499997,2.89061e-08
144.55,0.0,136.15265312499997,2.896835e-08
144.55,0.0,136.15240312499998,2.92189e-08
144.55,0.0,136.15215312499998,2.927935e-08
144.55,0.0,136.15190312499996,2.8904450000000003e-08
144.55,0.0,136.15165312499997,2.9177700000000002e-08
144.55,0.0,136.15140312499997,2.914555e-08
144.55,0.0,136.15115312499998,2.905785e-08
144.55,0.0,136.15090312499999,2.9049e-08
144.55,0.0,136.15065312499996,2.896745e-08
144.55,0.0,136.15040312499997,2.9282e-08
144.55,0.0,136.15015312499997,2.9084450000000002e-08
144.55,0.0,136.14990312499998,2.86732e-08
144.55,0.0,136.149653125,2.914265e-08
144.55,0.0,136.14940312499996,2.9459433333333334e-08
144.55,0.0,136.14915312499997,2.89894e-08
144.55,0.0,136.14890312499998,2.907345e-08
144.55,0.0,136.14865312499998,2.87946e-08
144.55,0.0,136.14840312499996,2.896245e-08
144.55,0.0,136.14815312499996,2.916685e-08
144.55,0.0,136.14790312499997,2.89872e-08
144.55,0.0,136.14765312499998,2.91346e-08
144.55,0.0,136.14740312499998,2.88123e-08
144.55,0.0,136.14715312499996,2.917995e-08
144.55,0.0,136.14690312499997,2.927255e-08
144.55,0.0,136.14665312499997,2.92503e-08
144.55,0.0,136.14640312499998,2.95725e-08
144.55,0.0,136.14615312499998,2.9236200000000002e-08
144.55,0.0,136.14590312499996,2.94227e-08
144.55,0.0,136.14565312499997,2.93044e-08
144.55,0.0,136.14540312499997,2.9601e-08
144.55,0.0,136.14515312499998,2.89993e-08
144.55,0.0,136.14490312499998,2.921995e-08
144.55,0.0,136.14465312499996,2.899495e-08
144.55,0.0,136.14440312499997,2.908715e-08
144.55,0.0,136.14415312499997,2.90393e-08
144.55,0.0,136.14390312499998,2.97349e-08
144.55,0.0,136.143653125,2.94904e-08
144.55,0.0,136.14340312499996,2.908905e-08
144.55,0.0,136.14315312499997,2.9351600000000002e-08
144.55,0.0,136.14290312499998,2.93653e-08
144.55,0.0,136.14265312499998,2.96855e-08
144.55,0.0,136.142403125,2.924275e-08
144.55,0.0,136.14215312499996,3.01581e-08
144.55,0.0,136.14190312499997,2.92677e-08
144.55,0.0,136.14165312499998,2.921545e-08
144.55,0.0,136.14140312499998,2.92824e-08
144.55,0.0,136.14115312499996,2.9319800000000003e-08
144.55,0.0,136.14090312499997,2.94593e-08
144.55,0.0,136.14065312499997,2.936135e-08
144.55,0.0,136.14040312499998,2.92633e-08
144.55,0.0,136.14015312499998,2.930405e-08
144.55,0.0,136.13990312499996,2.93789e-08
144.55,0.0,136.13965312499997,2.928305e-08
144.55,0.0,136.13940312499997,2.941845e-08
144.55,0.0,136.13915312499998,2.94968e-08
144.55,0.0,136.13890312499998,2.952045e-08
144.55,0.0,136.13865312499996,2.933585e-08
144.55,0.0,136.13840312499997,2.95821e-08
144.55,0.0,136.13815312499997,2.94339e-08
144.55,0.0,136.13790312499998,2.9829900000000004e-08
144.55,0.0,136.13765312499999,2.9686e-08
144.55,0.0,136.13740312499996,2.968985e-08
144.55,0.0,136.13715312499997,2.99434e-08
144.55,0.0,136.13690312499998,2.971945e-08
144.55,0.0,136.13665312499998,2.95e-08
144.55,0.0,136.136403125,2.953245e-08
144.55,0.0,136.13615312499996,2.97401e-08
144.55,0.0,136.13590312499997,2.967685e-08
144.55,0.0,136.13565312499998,2.948115e-08
144.55,0.0,136.13540312499998,2.941945e-08
144.55,0.0,136.13515312499996,2.9221e-08
144.55,0.0,136.13490312499997,2.96969e-08
144.55,0.0,136.13465312499997,2.93745e-08
144.55,0.0,136.13440312499998,2.95943e-08
144.55,0.0,136.13415312499998,2.98241e-08
144.55,0.0,136.13390312499996,2.97087e-08
144.55,0.0,136.13365312499997,2.96523e-08
144.55,0.0,136.13340312499997,2.9609e-08
144.55,0.0,136.13315312499998,2.96145e-08
144.55,0.0,136.13290312499998,2.959715e-08
144.55,0.0,136.13265312499996,2.95964e-08
144.55,0.0,136.13240312499997,2.969755e-08
144.55,0.0,136.13215312499997,2.95674e-08
144.55,0.0,136.13190312499998,2.960415e-08
144.55,0.0,136.13165312499999,2.95573e-08
144.55,0.0,136.13140312499996,2.993515e-08
144.55,0.0,136.13115312499997,2.97953e-08
144.55,0.0,136.13090312499997,2.983035e-08
144.55,0.0,136.13065312499998,2.96631e-08
144.55,0.0,136.130403125,2.96839e-08
144.55,0.0,136.13015312499996,3.01304e-08
144.55,0.0,136.12990312499997,2.986975e-08
144.55,0.0,136.12965312499998,2.9969400000000004e-08
144.55,0.0,136.12940312499998,3.015445e-08
144.55,0.0,136.12915312499996,2.991885e-08
144.55,0.0,136.12890312499997,2.98337e-08
144.55,0.0,136.12865312499997,2.97781e-08
144.55,0.0,136.12840312499998,2.96893e-08
144.55,0.0,136.12815312499998,2.98113e-08
144.55,0.0,136.12790312499996,2.960935e-08
144.55,0.0,136.12765312499997,2.959985e-08
144.55,0.0,136.12740312499997,2.967085e-08
144.55,0.0,136.12715312499998,2.9321e-08
144.55,0.0,136.12690312499998,2.9439533333333333e-08
144.55,0.0,136.12665312499996,2.940565e-08
144.55,0.0,136.12640312499997,2.967645e-08
144.55,0.0,136.12615312499997,2.96325e-08
144.55,0.0,136.12590312499998,2.952455e-08
144.55,0.0,136.12565312499999,2.9958900000000005e-08
144.55,0.0,136.12540312499996,3.0105650000000006e-08
144.55,0.0,136.12515312499997,3.00876e-08
144.55,0.0,136.12490312499997,3.040085e-08
144.55,0.0,136.12465312499998,3.000275e-08
144.55,0.0,136.124403125,2.9949600000000005e-08
144.55,0.0,136.12415312499996,3.016635e-08
144.55,0.0,136.12390312499997,2.984485e-08
144.55,0.0,136.12365312499998,2.95625e-08
144.55,0.0,136.12340312499998,2.95105e-08
144.55,0.0,136.12315312499996,2.9674e-08
144.55,0.0,136.12290312499997,2.93726e-08
144.55,0.0,136.12265312499997,2.958425e-08
144.55,0.0,136.12240312499998,2.9726200000000002e-08
144.55,0.0,136.12215312499998,2.9765e-08
144.55,0.0,136.12190312499996,2.988765e-08
144.55,0.0,136.12165312499997,2.977545e-08
144.55,0.0,136.12140312499997,3.00864e-08
144.55,0.0,136.12115312499998,2.97365e-08
144.55,0.0,136.12090312499998,2.9603150000000002e-08
144.55,0.0,136.12065312499996,3.01702e-08
144.55,0.0,136.12040312499997,2.99031e-08
144.55,0.0,136.12015312499997,2.98403e-08
144.55,0.0,136.11990312499998,2.9780000000000006e-08
144.55,0.0,136.11965312499999,2.97002e-08
144.55,0.0,136.11940312499996,2.97072e-08
144.55,0.0,136.11915312499997,2.952985e-08
144.55,0.0,136.11890312499997,2.99494e-08
144.55,0.0,136.11865312499998,2.94192e-08
144.55,0.0,136.118403125,2.97917e-08
144.55,0.0,136.11815312499996,2.98721e-08
144.55,0.0,136.11790312499997,2.97267e-08
144.55,0.0,136.11765312499998,3.00021e-08
144.55,0.0,136.11740312499998,2.99669e-08
144.55,0.0,136.11715312499996,3.009255e-08
144.55,0.0,136.11690312499996,2.9986650000000003e-08
144.55,0.0,136.11665312499997,3.02453e-08
144.55,0.0,136.11640312499998,3.00751e-08
144.55,0.0,136.11615312499998,2.980305e-08
144.55,0.0,136.11590312499996,2.9881666666666667e-08
144.55,0.0,136.11565312499997,3.00711e-08
144.55,0.0,136.11540312499997,3.03179e-08
144.55,0.0,136.11515312499998,3.00976e-08
144.55,0.0,136.11490312499998,3.016575e-08
144.55,0.0,136.11465312499996,2.99501e-08
144.55,0.0,136.11440312499997,3.02312e-08
144.55,0.0,136.11415312499997,3.029e-08
144.55,0.0,136.11390312499998,3.0228e-08
144.55,0.0,136.11365312499998,3.04925e-08
144.55,0.0,136.11340312499996,3.047265e-08
144.55,0.0,136.11315312499997,3.04254e-08
144.55,0.0,136.11290312499997,3.03517e-08
144.55,0.0,136.11265312499998,3.024815e-08
144.55,0.0,136.112403125,3.03135e-08
144.55,0.0,136.11215312499996,3.04145e-08
144.55,0.0,136.11190312499997,3.04239e-08
144.55,0.0,136.11165312499998,3.03272e-08
144.55,0.0,136.11140312499998,3.01911e-08
144.55,0.0,136.111153125,3.04377e-08
144.55,0.0,136.11090312499996,3.0627133333333345e-08
144.55,0.0,136.11065312499997,3.0624900000000006e-08
144.55,0.0,136.11040312499998,3.07503e-08
144.55,0.0,136.11015312499998,3.047215e-08
144.55,0.0,136.10990312499996,3.0784999999999994e-08
144.55,0.0,136.10965312499997,3.07397e-08
144.55,0.0,136.10940312499997,2.96187e-08
144.55,0.0,136.10915312499998,3.0598700000000005e-08
144.55,0.0,136.10890312499998,3.07533e-08
144.55,0.0,136.10865312499996,3.0617033333333335e-08
144.55,0.0,136.10840312499997,3.04433e-08
144.55,0.0,136.10815312499997,3.07073e-08
144.55,0.0,136.10790312499998,3.058845e-08
144.55,0.0,136.10765312499998,3.092855e-08
144.55,0.0,136.10740312499996,3.10623e-08
144.55,0.0,136.10715312499997,3.07703e-08
144.55,0.0,136.10690312499997,3.0861800000000004e-08
144.55,0.0,136.10665312499998,3.0856349999999994e-08
144.55,0.0,136.10640312499999,3.0574700000000004e-08
144.55,0.0,136.10615312499996,3.0361099999999995e-08
144.55,0.0,136.10590312499997,3.0696049999999995e-08
144.55,0.0,136.10565312499998,3.05366e-08
144.55,0.0,136.10540312499998,3.06642e-08
144.55,0.0,136.105153125,3.073875e-08
144.55,0.0,136.10490312499996,3.069675e-08
144.55,0.0,136.10465312499997,3.0784649999999995e-08
144.55,0.0,136.10440312499998,3.08698e-08
144.55,0.0,136.10415312499998,3.0661e-08
144.55,0.0,136.10390312499996,3.05425e-08
144.55,0.0,136.10365312499997,3.09055e-08
144.55,0.0,136.10340312499997,3.073565e-08
144.55,0.0,136.10315312499998,3.07672e-08
144.55,0.0,136.10290312499998,3.061695e-08
144.55,0.0,136.10265312499996,3.068265e-08
144.55,0.0,136.10240312499997,3.08914e-08
144.55,0.0,136.10215312499997,3.09079e-08
144.55,0.0,136.10190312499998,3.1151899999999995e-08
144.55,0.0,136.10165312499998,3.11701e-08
144.55,0.0,136.10140312499996,3.113825e-08
144.55,0.0,136.10115312499997,3.089425e-08
144.55,0.0,136.10090312499997,3.11376e-08
144.55,0.0,136.10065312499998,3.13301e-08
144.55,0.0,136.10040312499999,3.12279e-08
144.55,0.0,136.10015312499996,3.119285e-08
144.55,0.0,136.09990312499997,3.1026099999999995e-08
144.55,0.0,136.09965312499997,3.15031e-08
144.55,0.0,136.09940312499998,3.13067e-08
144.55,0.0,136.099153125,3.1549800000000004e-08
144.55,0.0,136.09890312499996,3.141675e-08
144.55,0.0,136.09865312499997,3.16587e-08
144.55,0.0,136.09840312499998,3.153265e-08
144.55,0.0,136.09815312499998,3.16748e-08
144.55,0.0,136.09790312499996,3.1307000000000004e-08
144.55,0.0,136.09765312499997,3.168965e-08
144.55,0.0,136.09740312499997,3.180645e-08
144.55,0.0,136.09715312499998,3.188145e-08
144.55,0.0,136.09690312499998,3.184025e-08
144.55,0.0,136.09665312499996,3.23958e-08
144.55,0.0,136.09640312499997,3.17206e-08
144.55,0.0,136.09615312499997,3.217475e-08
144.55,0.0,136.09590312499998,3.201655e-08
144.55,0.0,136.09565312499998,3.158595e-08
144.55,0.0,136.09540312499996,3.1957950000000005e-08
144.55,0.0,136.09515312499997,3.1611850000000004e-08
144.55,0.0,136.09490312499997,3.16273e-08
144.55,0.0,136.09465312499998,3.20927e-08
144.55,0.0,136.09440312499999,3.206315e-08
144.55,0.0,136.09415312499996,3.191845e-08
144.55,0.0,136.09390312499997,3.181345e-08
144.55,0.0,136.09365312499997,3.19305e-08
144.55,0.0,136.09340312499998,3.19072e-08
144.55,0.0,136.093153125,3.185635e-08
144.55,0.0,136.09290312499996,3.201385e-08
144.55,0.0,136.09265312499997,3.160945e-08
144.55,0.0,136.09240312499998,3.194445e-08
144.55,0.0,136.09215312499998,3.22417e-08
144.55,0.0,136.09190312499996,3.20353e-08
144.55,0.0,136.09165312499997,3.17943e-08
144.55,0.0,136.09140312499997,3.211855e-08
144.55,0.0,136.09115312499998,3.214645e-08
144.55,0.0,136.09090312499998,3.2158599999999995e-08
144.55,0.0,136.09065312499996,3.2157300000000004e-08
144.55,0.0,136.09040312499997,3.2490700000000007e-08
144.55,0.0,136.09015312499997,3.179335e-08
144.55,0.0,136.08990312499998,3.214235e-08
144.55,0.0,136.08965312499998,3.22275e-08
144.55,0.0,136.08940312499996,3.241195e-08
144.55,0.0,136.08915312499997,3.2319899999999995e-08
144.55,0.0,136.08890312499997,3.2001400000000005e-08
144.55,0.0,136.08865312499998,3.21696e-08
144.55,0.0,136.08840312499999,3.2701750000000004e-08
144.55,0.0,136.08815312499996,3.236045e-08
144.55,0.0,136.08790312499997,3.231785e-08
144.55,0.0,136.08765312499997,3.23934e-08
144.55,0.0,136.08740312499998,3.2429000000000005e-08
144.55,0.0,136.087153125,3.222605e-08
144.55,0.0,136.08690312499996,3.25452e-08
144.55,0.0,136.08665312499997,3.2142e-08
144.55,0.0,136.08640312499998,3.247175e-08
144.55,0.0,136.08615312499998,3.24656e-08
144.55,0.0,136.08590312499996,3.2003899999999995e-08
144.55,0.0,136.08565312499996,3.210005e-08
144.55,0.0,136.08540312499997,3.221945e-08
144.55,0.0,136.08515312499998,3.24122e-08
144.55,0.0,136.08490312499998,3.2370850000000004e-08
144.55,0.0,136.08465312499996,3.23543e-08
144.55,0.0,136.08440312499997,3.2312850000000005e-08
144.55,0.0,136.08415312499997,3.22451e-08
144.55,0.0,136.08390312499998,3.25355e-08
144.55,0.0,136.08365312499998,3.226645e-08
144.55,0.0,136.08340312499996,3.20143e-08
144.55,0.0,136.08315312499997,3.2085100000000005e-08
144.55,0.0,136.08290312499997,3.21826e-08
144.55,0.0,136.08265312499998,3.22627e-08
144.55,0.0,136.08240312499998,3.2205500000000003e-08
144.55,0.0,136.08215312499996,3.25312e-08
144.55,0.0,136.08190312499997,3.20161e-08
144.55,0.0,136.08165312499997,3.22564e-08
144.55,0.0,136.08140312499998,3.24636e-08
144.55,0.0,136.081153125,3.2707500000000004e-08
144.55,0.0,136.08090312499996,3.24953e-08
144.55,0.0,136.08065312499997,3.25935e-08
144.55,0.0,136.08040312499998,3.240835e-08
144.55,0.0,136.08015312499998,3.2167899999999995e-08
144.55,0.0,136.079903125,3.23668e-08
144.55,0.0,136.07965312499996,3.22571e-08
144.55,0.0,136.07940312499997,3.2375566666666664e-08
144.55,0.0,136.07915312499998,3.224175e-08
144.55,0.0,136.07890312499998,3.22412e-08
144.55,0.0,136.07865312499996,3.22901e-08
144.55,0.0,136.07840312499997,3.246235e-08
144.55,0.0,136.07815312499997,3.21893e-08
144.55,0.0,136.07790312499998,3.29768e-08
144.55,0.0,136.07765312499998,3.246175e-08
144.55,0.0,136.07740312499996,3.2243600000000006e-08
144.55,0.0,136.07715312499997,3.21685e-08
144.55,0.0,136.07690312499997,3.22449e-08
144.55,0.0,136.07665312499998,3.21917e-08
144.55,0.0,136.07640312499998,3.21097e-08
144.55,0.0,136.07615312499996,3.2331950000000005e-08
144.55,0.0,136.07590312499997,3.24192e-08
144.55,0.0,136.07565312499997,3.24473e-08
144.55,0.0,136.07540312499998,3.306115e-08
144.55,0.0,136.07515312499999,3.23483e-08
144.55,0.0,136.07490312499996,3.27162e-08
144.55,0.0,136.07465312499997,3.245175e-08
144.55,0.0,136.07440312499998,3.22908e-08
144.55,0.0,136.07415312499998,3.259735e-08
144.55,0.0,136.073903125,3.27235e-08
144.55,0.0,136.07365312499996,3.23047e-08
144.55,0.0,136.07340312499997,3.2198550000000005e-08
144.55,0.0,136.07315312499998,3.218565e-08
144.55,0.0,136.07290312499998,3.240575e-08
144.55,0.0,136.07265312499996,3.23283e-08
144.55,0.0,136.07240312499997,3.21719e-08
144.55,0.0,136.07215312499997,3.266865e-08
144.55,0.0,136.07190312499998,3.30183e-08
144.55,0.0,136.07165312499998,3.2612450000000006e-08
144.55,0.0,136.07140312499996,3.25278e-08
144.55,0.0,136.07115312499997,3.279275e-08
144.55,0.0,136.07090312499997,3.22994e-08
144.55,0.0,136.07065312499998,3.239225e-08
144.55,0.0,136.07040312499998,3.2308766666666665e-08
144.55,0.0,136.07015312499996,3.24977e-08
144.55,0.0,136.06990312499997,3.27307e-08
144.55,0.0,136.06965312499997,3.2578599999999995e-08
144.55,0.0,136.06940312499998,3.255435e-08
144.55,0.0,136.06915312499999,3.28717e-08
144.55,0.0,136.06890312499996,3.27037e-08
144.55,0.0,136.06865312499997,3.28793e-08
144.55,0.0,136.06840312499997,3.285465e-08
144.55,0.0,136.06815312499998,3.276425e-08
144.55,0.0,136.067903125,3.2744e-08
144.55,0.0,136.06765312499996,3.29045e-08
144.55,0.0,136.06740312499997,3.32797e-08
144.55,0.0,136.06715312499998,3.26776e-08
144.55,0.0,136.06690312499998,3.30295e-08
144.55,0.0,136.06665312499996,3.3168900000000005e-08
144.55,0.0,136.06640312499997,3.314445e-08
144.55,0.0,136.06615312499997,3.31308e-08
144.55,0.0,136.06590312499998,3.33352e-08
144.55,0.0,136.06565312499998,3.32938e-08
144.55,0.0,136.06540312499996,3.299225e-08
144.55,0.0,136.06515312499997,3.31834e-08
144.55,0.0,136.06490312499997,3.2959e-08
144.55,0.0,136.06465312499998,3.319945e-08
144.55,0.0,136.06440312499998,3.329615e-08
144.55,0.0,136.06415312499996,3.33081e-08
144.55,0.0,136.06390312499997,3.39531e-08
144.55,0.0,136.06365312499997,3.349885e-08
144.55,0.0,136.06340312499998,3.375395e-08
144.55,0.0,136.06315312499999,3.33403e-08
144.55,0.0,136.06290312499996,3.363195e-08
144.55,0.0,136.06265312499997,3.332225e-08
144.55,0.0,136.06240312499997,3.35354e-08
144.55,0.0,136.06215312499998,3.32245e-08
144.55,0.0,136.061903125,3.3364550000000003e-08
144.55,0.0,136.06165312499996,3.369585e-08
144.55,0.0,136.06140312499997,3.388405e-08
144.55,0.0,136.06115312499998,3.37905e-08
144.55,0.0,136.06090312499998,3.37736e-08
144.55,0.0,136.06065312499996,3.358445e-08
144.55,0.0,136.06040312499997,3.3771000000000005e-08
144.55,0.0,136.06015312499997,3.35251e-08
144.55,0.0,136.05990312499998,3.381845e-08
144.55,0.0,136.05965312499998,3.367995e-08
144.55,0.0,136.05940312499996,3.377655e-08
144.55,0.0,136.05915312499997,3.36996e-08
144.55,0.0,136.05890312499997,3.39602e-08
144.55,0.0,136.05865312499998,3.374485e-08
144.55,0.0,136.05840312499998,3.3581650000000003e-08
144.55,0.0,136.05815312499996,3.39533e-08
144.55,0.0,136.05790312499997,3.39377e-08
144.55,0.0,136.05765312499997,3.40037e-08
144.55,0.0,136.05740312499998,3.41234e-08
144.55,0.0,136.05715312499999,3.3882e-08
144.55,0.0,136.05690312499996,3.3889700000000005e-08
144.55,0.0,136.05665312499997,3.39716e-08
144.55,0.0,136.05640312499997,3.421815e-08
144.55,0.0,136.05615312499998,3.41399e-08
144.55,0.0,136.055903125,3.440195e-08
144.55,0.0,136.05565312499996,3.42833e-08
144.55,0.0,136.05540312499997,3.44153e-08
144.55,0.0,136.05515312499998,3.45953e-08
144.55,0.0,136.05490312499998,3.449233333333333e-08
144.55,0.0,136.05465312499996,3.449545e-08
144.55,0.0,136.05440312499996,3.478865e-08
144.55,0.0,136.05415312499997,3.46246e-08
144.55,0.0,136.05390312499998,3.486e-08
144.55,0.0,136.05365312499998,3.473505e-08
144.55,0.0,136.05340312499996,3.47755e-08
144.55,0.0,136.05315312499997,3.46231e-08
144.55,0.0,136.05290312499997,3.46055e-08
144.55,0.0,136.05265312499998,3.475715e-08
144.55,0.0,136.05240312499998,3.483325e-08
144.55,0.0,136.05215312499996,3.4583399999999995e-08
144.55,0.0,136.05190312499997,3.480535e-08
144.55,0.0,136.05165312499997,3.47098e-08
144.55,0.0,136.05140312499998,3.466565e-08
144.55,0.0,136.05115312499998,3.5318e-08
144.55,0.0,136.05090312499996,3.47608e-08
144.55,0.0,136.05065312499997,3.4686e-08
144.55,0.0,136.05040312499997,3.4598300000000006e-08
144.55,0.0,136.05015312499998,3.4488250000000004e-08
144.55,0.0,136.049903125,3.4722750000000006e-08
144.55,0.0,136.04965312499996,3.440835e-08
144.55,0.0,136.04940312499997,3.43626e-08
144.55,0.0,136.04915312499998,3.46062e-08
144.55,0.0,136.04890312499998,3.46527e-08
144.55,0.0,136.048653125,3.4640600000000004e-08
144.55,0.0,136.04840312499996,3.447235e-08
144.55,0.0,136.04815312499997,3.4381e-08
144.55,0.0,136.04790312499998,3.44331e-08
144.55,0.0,136.04765312499998,3.41948e-08
144.55,0.0,136.04740312499996,3.43827e-08
144.55,0.0,136.04715312499997,3.441065e-08
144.55,0.0,136.04690312499997,3.4231250000000004e-08
144.55,0.0,136.04665312499998,3.41038e-08
144.55,0.0,136.04640312499998,3.4169200000000004e-08
144.55,0.0,136.04615312499996,3.42625e-08
144.55,0.0,136.04590312499997,3.449825e-08
144.55,0.0,136.04565312499997,3.430195e-08
144.55,0.0,136.04540312499998,3.40595e-08
144.55,0.0,136.04515312499998,3.418705e-08
144.55,0.0,136.04490312499996,3.4104950000000004e-08
144.55,0.0,136.04465312499997,3.43139e-08
144.55,0.0,136.04440312499997,3.41933e-08
144.55,0.0,136.04415312499998,3.41047e-08
144.55,0.0,136.04390312499999,3.432785e-08
144.55,0.0,136.04365312499996,3.422075e-08
144.55,0.0,136.04340312499997,3.454675e-08
144.55,0.0,136.04315312499998,3.421445e-08
144.55,0.0,136.04290312499998,3.413175e-08
144.55,0.0,136.042653125,3.42873e-08
144.55,0.0,136.04240312499996,3.40162e-08
144.55,0.0,136.04215312499997,3.415475e-08
144.55,0.0,136.04190312499998,3.40993e-08
144.55,0.0,136.04165312499998,3.39204e-08
144.55,0.0,136.04140312499996,3.40879e-08
144.55,0.0,136.04115312499997,3.40521e-08
144.55,0.0,136.04090312499997,3.396793333333333e-08
144.55,0.0,136.04065312499998,3.391685e-08
144.55,0.0,136.04040312499998,3.4195e-08
144.55,0.0,136.04015312499996,3.3908e-08
144.55,0.0,136.03990312499997,3.420035e-08
144.55,0.0,136.03965312499997,3.4237150000000006e-08
144.55,0.0,136.03940312499998,3.43702e-08
144.55,0.0,136.03915312499998,3.414165e-08
144.55,0.0,136.03890312499996,3.4098266666666675e-08
144.55,0.0,136.03865312499997,3.42407e-08
144.55,0.0,136.03840312499997,3.43526e-08
144.55,0.0,136.03815312499998,3.43105e-08
144.55,0.0,136.03790312499999,3.4435150000000005e-08
144.55,0.0,136.03765312499996,3.42891e-08
144.55,0.0,136.03740312499997,3.48347e-08
144.55,0.0,136.03715312499997,3.460195e-08
144.55,0.0,136.03690312499998,3.42031e-08
144.55,0.0,136.036653125,3.418393333333333e-08
144.55,0.0,136.03640312499996,3.41182e-08
144.55,0.0,136.03615312499997,3.454155e-08
144.55,0.0,136.03590312499998,3.422655e-08
144.55,0.0,136.03565312499998,3.416625e-08
144.55,0.0,136.03540312499996,3.43932e-08
144.55,0.0,136.03515312499997,3.4459e-08
144.55,0.0,136.03490312499997,3.4749599999999995e-08
144.55,0.0,136.03465312499998,3.453035e-08
144.55,0.0,136.03440312499998,3.48016e-08
144.55,0.0,136.03415312499996,3.456605e-08
144.55,0.0,136.03390312499997,3.454945e-08
144.55,0.0,136.03365312499997,3.460025e-08
144.55,0.0,136.03340312499998,3.45836e-08
144.55,0.0,136.03315312499998,3.481225e-08
144.55,0.0,136.03290312499996,3.473205e-08
144.55,0.0,136.03265312499997,3.44877e-08
144.55,0.0,136.03240312499997,3.49033e-08
144.55,0.0,136.03215312499998,3.48677e-08
144.55,0.0,136.03190312499999,3.52547e-08
144.55,0.0,136.03165312499996,3.489795e-08
144.55,0.0,136.03140312499997,3.50198e-08
144.55,0.0,136.03115312499997,3.502205e-08
144.55,0.0,136.03090312499998,3.49475e-08
144.55,0.0,136.030653125,3.51144e-08
144.55,0.0,136.03040312499996,3.51605e-08
144.55,0.0,136.03015312499997,3.50924e-08
144.55,0.0,136.02990312499998,3.52512e-08
144.55,0.0,136.02965312499998,3.5144800000000004e-08
144.55,0.0,136.02940312499996,3.513755e-08
144.55,0.0,136.02915312499997,3.5261300000000004e-08
144.55,0.0,136.02890312499997,3.52775e-08
144.55,0.0,136.02865312499998,3.510085e-08
144.55,0.0,136.02840312499998,3.51453e-08
144.55,0.0,136.02815312499996,3.52335e-08
144.55,0.0,136.02790312499997,3.51966e-08
144.55,0.0,136.02765312499997,3.531165e-08
144.55,0.0,136.02740312499998,3.5392449999999995e-08
144.55,0.0,136.02715312499998,3.5282400000000006e-08
144.55,0.0,136.02690312499996,3.5258699999999995e-08
144.55,0.0,136.02665312499997,3.48924e-08
144.55,0.0,136.02640312499997,3.5388100000000004e-08
144.55,0.0,136.02615312499998,3.53226e-08
144.55,0.0,136.02590312499999,3.55358e-08
144.55,0.0,136.02565312499996,3.537805e-08
144.55,0.0,136.02540312499997,3.55722e-08
144.55,0.0,136.02515312499997,3.555735e-08
144.55,0.0,136.02490312499998,3.5486799999999995e-08
144.55,0.0,136.024653125,3.53257e-08
144.55,0.0,136.02440312499996,3.539735e-08
144.55,0.0,136.02415312499997,3.549975e-08
144.55,0.0,136.02390312499998,3.54621e-08
144.55,0.0,136.02365312499998,3.54934e-08
144.55,0.0,136.02340312499996,3.57098e-08
144.55,0.0,136.02315312499996,3.549965e-08
144.55,0.0,136.02290312499997,3.557075e-08
144.55,0.0,136.02265312499998,3.548665e-08
144.55,0.0,136.02240312499998,3.54636e-08
144.55,0.0,136.02215312499996,3.55295e-08
144.55,0.0,136.02190312499997,3.563115e-08
144.55,0.0,136.02165312499997,3.57994e-08
144.55,0.0,136.02140312499998,3.574145e-08
144.55,0.0,136.02115312499998,3.5660500000000004e-08
144.55,0.0,136.02090312499996,3.5713400000000005e-08
144.55,0.0,136.02065312499997,3.568525e-08
144.55,0.0,136.02040312499997,3.58924e-08
144.55,0.0,136.02015312499998,3.579685e-08
144.55,0.0,136.01990312499998,3.58347e-08
144.55,0.0,136.01965312499996,3.56062e-08
144.55,0.0,136.01940312499997,3.54847e-08
144.55,0.0,136.01915312499997,3.5482600000000006e-08
144.55,0.0,136.01890312499998,3.559545e-08
144.55,0.0,136.018653125,3.561215e-08
144.55,0.0,136.01840312499996,3.557145e-08
144.55,0.0,136.01815312499997,3.597765e-08
144.55,0.0,136.01790312499998,3.56894e-08
144.55,0.0,136.01765312499998,3.55773e-08
144.55,0.0,136.017403125,3.5791e-08
144.55,0.0,136.01715312499996,3.515015e-08
144.55,0.0,136.01690312499997,3.555755e-08
144.55,0.0,136.01665312499998,3.559995e-08
144.55,0.0,136.01640312499998,3.559955e-08
144.55,0.0,136.01615312499996,3.5653700000000006e-08
144.55,0.0,136.01590312499997,3.5505950000000004e-08
144.55,0.0,136.01565312499997,3.57117e-08
144.55,0.0,136.01540312499998,3.5541800000000004e-08
144.55,0.0,136.01515312499998,3.58335e-08
144.55,0.0,136.01490312499996,3.5626299999999994e-08
144.55,0.0,136.01465312499997,3.53274e-08
144.55,0.0,136.01440312499997,3.553415e-08
144.55,0.0,136.01415312499998,3.56315e-08
144.55,0.0,136.01390312499998,3.554525e-08
144.55,0.0,136.01365312499996,3.5686200000000004e-08
144.55,0.0,136.01340312499997,3.57322e-08
144.55,0.0,136.01315312499997,3.549105e-08
144.55,0.0,136.01290312499998,3.56679e-08
144.55,0.0,136.01265312499999,3.54029e-08
144.55,0.0,136.01240312499996,3.56966e-08
144.55,0.0,136.01215312499997,3.575065e-08
144.55,0.0,136.01190312499998,3.559705e-08
144.55,0.0,136.01165312499998,3.56905e-08
144.55,0.0,136.011403125,3.569255e-08
144.55,0.0,136.01115312499996,3.564215e-08
144.55,0.0,136.01090312499997,3.55906e-08
144.55,0.0,136.01065312499998,3.56737e-08
144.55,0.0,136.01040312499998,3.55228e-08
144.55,0.0,136.01015312499996,3.555295e-08
144.55,0.0,136.00990312499997,3.606365e-08
144.55,0.0,136.00965312499997,3.5857e-08
144.55,0.0,136.00940312499998,3.561625e-08
144.55,0.0,136.00915312499998,3.58636e-08
144.55,0.0,136.00890312499996,3.57702e-08
144.55,0.0,136.00865312499997,3.604495e-08
144.55,0.0,136.00840312499997,3.568095e-08
144.55,0.0,136.00815312499998,3.5907500000000006e-08
144.55,0.0,136.00790312499998,3.574975e-08
144.55,0.0,136.00765312499996,3.57941e-08
144.55,0.0,136.00740312499997,3.6000733333333336e-08
144.55,0.0,136.00715312499997,3.568155e-08
144.55,0.0,136.00690312499998,3.56059e-08
144.55,0.0,136.00665312499999,3.59622e-08
144.55,0.0,136.00640312499996,3.587705e-08
144.55,0.0,136.00615312499997,3.591995e-08
144.55,0.0,136.00590312499997,3.58685e-08
144.55,0.0,136.00565312499998,3.58282e-08
144.55,0.0,136.005403125,3.614995e-08
144.55,0.0,136.00515312499996,3.585305e-08
144.55,0.0,136.00490312499997,3.595495e-08
144.55,0.0,136.00465312499998,3.595025e-08
144.55,0.0,136.00440312499998,3.6298e-08
144.55,0.0,136.00415312499996,3.576775e-08
144.55,0.0,136.00390312499997,3.59435e-08
144.55,0.0,136.00365312499997,3.60369e-08
144.55,0.0,136.00340312499998,3.602245e-08
144.55,0.0,136.00315312499998,3.632555e-08
144.55,0.0,136.00290312499996,3.611355e-08
144.55,0.0,136.00265312499997,3.62606e-08
144.55,0.0,136.00240312499997,3.644185e-08
144.55,0.0,136.00215312499998,3.612575e-08
144.55,0.0,136.00190312499998,3.62024e-08
144.55,0.0,136.00165312499996,3.607125e-08
144.55,0.0,136.00140312499997,3.593435e-08
144.55,0.0,136.00115312499997,3.593705e-08
144.55,0.0,136.00090312499998,3.58423e-08
144.55,0.0,136.00065312499999,3.59615e-08
144.55,0.0,136.00040312499996,3.60069e-08
144.55,0.0,136.00015312499997,3.613045e-08
144.55,0.0,135.99990312499997,3.52201e-08
144.55,0.0,135.99965312499998,3.60195e-08
144.55,0.0,135.999403125,3.61206e-08
144.55,0.0,135.99915312499996,3.62578e-08
144.55,0.0,135.99890312499997,3.62444e-08
144.55,0.0,135.99865312499998,3.59845e-08
144.55,0.0,135.99840312499998,3.60408e-08
144.55,0.0,135.99815312499996,3.611075000000001e-08
144.55,0.0,135.99790312499997,3.62113e-08
144.55,0.0,135.99765312499997,3.62064e-08
144.55,0.0,135.99740312499998,3.64086e-08
144.55,0.0,135.99715312499998,3.636575e-08
144.55,0.0,135.99690312499996,3.62769e-08
144.55,0.0,135.99665312499997,3.638275e-08
144.55,0.0,135.99640312499997,3.6231150000000003e-08
144.55,0.0,135.99615312499998,3.615860000000001e-08
144.55,0.0,135.99590312499998,3.61837e-08
144.55,0.0,135.99565312499996,3.614505e-08
144.55,0.0,135.99540312499997,3.59651e-08
144.55,0.0,135.99515312499997,3.63822e-08
144.55,0.0,135.99490312499998,3.61279e-08
144.55,0.0,135.99465312499999,3.642645e-08
144.55,0.0,135.99440312499996,3.636845e-08
144.55,0.0,135.99415312499997,3.631595e-08
144.55,0.0,135.99390312499997,3.5912400000000006e-08
144.55,0.0,135.99365312499998,3.63088e-08
144.55,0.0,135.993403125,3.62774e-08
144.55,0.0,135.99315312499996,3.631505e-08
144.55,0.0,135.99290312499997,3.66388e-08
144.55,0.0,135.99265312499998,3.636045e-08
144.55,0.0,135.99240312499998,3.661555e-08
144.55,0.0,135.99215312499996,3.62179e-08
144.55,0.0,135.99190312499996,3.73204e-08
144.55,0.0,135.99165312499997,3.6452e-08
144.55,0.0,135.99140312499998,3.660265e-08
144.55,0.0,135.99115312499998,3.64323e-08
144.55,0.0,135.99090312499996,3.670205e-08
144.55,0.0,135.99065312499997,3.615085e-08
144.55,0.0,135.99040312499997,3.6653850000000004e-08
144.55,0.0,135.99015312499998,3.63507e-08
144.55,0.0,135.98990312499998,3.65339e-08
144.55,0.0,135.98965312499996,3.6411050000000004e-08
144.55,0.0,135.98940312499997,3.678565e-08
144.55,0.0,135.98915312499997,3.654715e-08
144.55,0.0,135.98890312499998,3.68259e-08
144.55,0.0,135.98865312499998,3.6588e-08
144.55,0.0,135.98840312499996,3.670490000000001e-08
144.55,0.0,135.98815312499997,3.65268e-08
144.55,0.0,135.98790312499997,3.650305e-08
144.55,0.0,135.98765312499998,3.63704e-08
144.55,0.0,135.987403125,3.683125e-08
144.55,0.0,135.98715312499996,3.623425e-08
144.55,0.0,135.98690312499997,3.614095e-08
144.55,0.0,135.98665312499998,3.604715e-08
144.55,0.0,135.98640312499998,3.608805e-08
144.55,0.0,135.986153125,3.59956e-08
144.55,0.0,135.98590312499996,3.644505e-08
144.55,0.0,135.98565312499997,3.655275e-08
144.55,0.0,135.98540312499998,3.616775e-08
144.55,0.0,135.98515312499998,3.71944e-08
144.55,0.0,135.98490312499996,3.7502433333333335e-08
144.55,0.0,135.98465312499997,3.77452e-08
144.55,0.0,135.98440312499997,3.790975e-08
144.55,0.0,135.98415312499998,3.76918e-08
144.55,0.0,135.98390312499998,3.6903050000000006e-08
144.55,0.0,135.98365312499996,3.693025e-08
144.55,0.0,135.98340312499997,3.669285e-08
144.55,0.0,135.98315312499997,3.62366e-08
144.55,0.0,135.98290312499998,3.64054e-08
144.55,0.0,135.98265312499998,3.5961800000000004e-08
144.55,0.0,135.98240312499996,3.54842e-08
144.55,0.0,135.98215312499997,3.523715e-08
144.55,0.0,135.98190312499997,3.5664050000000004e-08
144.55,0.0,135.98165312499998,3.5743299999999994e-08
144.55,0.0,135.98140312499999,3.58959e-08
144.55,0.0,135.98115312499996,3.58635e-08
144.55,0.0,135.98090312499997,3.5784549999999995e-08
144.55,0.0,135.98065312499998,3.58208e-08
144.55,0.0,135.98040312499998,3.643165e-08
144.55,0.0,135.980153125,3.62647e-08
144.55,0.0,135.97990312499996,3.68506e-08
144.55,0.0,135.97965312499997,3.655e-08
144.55,0.0,135.97940312499998,3.625505e-08
144.55,0.0,135.97915312499998,3.6601e-08
144.55,0.0,135.97890312499996,3.674265e-08
144.55,0.0,135.97865312499997,3.727395e-08
144.55,0.0,135.97840312499997,3.66534e-08
144.55,0.0,135.97815312499998,3.67055e-08
144.55,0.0,135.97790312499998,3.652845e-08
144.55,0.0,135.97765312499996,3.670805e-08
144.55,0.0,135.97740312499997,3.68162e-08
144.55,0.0,135.97715312499997,3.68151e-08
144.55,0.0,135.97690312499998,3.682965e-08
144.55,0.0,135.97665312499998,3.721215e-08
144.55,0.0,135.97640312499996,3.67828e-08
144.55,0.0,135.97615312499997,3.69888e-08
144.55,0.0,135.97590312499997,3.708913333333333e-08
144.55,0.0,135.97565312499998,3.67641e-08
144.55,0.0,135.97540312499999,3.647465e-08
144.55,0.0,135.97515312499996,3.6598e-08
144.55,0.0,135.97490312499997,3.65069e-08
144.55,0.0,135.97465312499997,3.750915e-08
144.55,0.0,135.97440312499998,3.688985e-08
144.55,0.0,135.974153125,3.64805e-08
144.55,0.0,135.97390312499996,3.65343e-08
144.55,0.0,135.97365312499997,3.62804e-08
144.55,0.0,135.97340312499998,3.70515e-08
144.55,0.0,135.97315312499998,3.63448e-08
144.55,0.0,135.97290312499996,3.666485e-08
144.55,0.0,135.97265312499997,3.654805e-08
144.55,0.0,135.97240312499997,3.669005e-08
144.55,0.0,135.97215312499998,3.66932e-08
144.55,0.0,135.97190312499998,3.705675e-08
144.55,0.0,135.97165312499996,3.68757e-08
144.55,0.0,135.97140312499997,3.62881e-08
144.55,0.0,135.97115312499997,3.680285e-08
144.55,0.0,135.97090312499998,3.70144e-08
144.55,0.0,135.97065312499998,3.68382e-08
144.55,0.0,135.97040312499996,3.67804e-08
144.55,0.0,135.97015312499997,3.7025e-08
144.55,0.0,135.96990312499997,3.693485000000001e-08
144.55,0.0,135.96965312499998,3.7146700000000005e-08
144.55,0.0,135.96940312499999,3.69372e-08
144.55,0.0,135.96915312499996,3.68145e-08
144.55,0.0,135.96890312499997,3.6425966666666665e-08
144.55,0.0,135.96865312499997,3.65588e-08
144.55,0.0,135.96840312499998,3.65691e-08
144.55,0.0,135.968153125,3.748385000000001e-08
144.55,0.0,135.96790312499996,3.635135e-08
144.55,0.0,135.96765312499997,3.69209e-08
144.55,0.0,135.96740312499998,3.71037e-08
144.55,0.0,135.96715312499998,3.706e-08
144.55,0.0,135.96690312499996,3.6661333333333336e-08
144.55,0.0,135.96665312499997,3.72384e-08
144.55,0.0,135.96640312499997,3.80273e-08
144.55,0.0,135.96615312499998,3.752485e-08
144.55,0.0,135.96590312499998,3.689205e-08
144.55,0.0,135.96565312499996,3.719055e-08
144.55,0.0,135.96540312499997,3.58695e-08
144.55,0.0,135.96515312499997,3.69661e-08
144.55,0.0,135.96490312499998,3.74778e-08
144.55,0.0,135.96465312499998,3.7053e-08
144.55,0.0,135.96440312499996,3.728565e-08
144.55,0.0,135.96415312499997,3.634375e-08
144.55,0.0,135.96390312499997,3.729545e-08
144.55,0.0,135.96365312499998,3.668865e-08
144.55,0.0,135.96340312499999,3.72142e-08
144.55,0.0,135.96315312499996,3.68283e-08
144.55,0.0,135.96290312499997,3.75248e-08
144.55,0.0,135.96265312499997,3.65213e-08
144.55,0.0,135.96240312499998,3.74123e-08
144.55,0.0,135.962153125,3.66118e-08
144.55,0.0,135.96190312499996,3.734865e-08
144.55,0.0,135.96165312499997,3.693925e-08
144.55,0.0,135.96140312499998,3.70761e-08
144.55,0.0,135.96115312499998,3.702345e-08
144.55,0.0,135.96090312499996,3.653405e-08
144.55,0.0,135.96065312499996,3.55124e-08
144.55,0.0,135.96040312499997,3.71643e-08
144.55,0.0,135.96015312499998,3.6576e-08
144.55,0.0,135.95990312499998,3.729495e-08
144.55,0.0,135.95965312499996,3.62738e-08
144.55,0.0,135.95940312499997,3.63144e-08
144.55,0.0,135.95915312499997,3.657135e-08
144.55,0.0,135.95890312499998,3.623675e-08
144.55,0.0,135.95865312499998,3.659035e-08
144.55,0.0,135.95840312499996,3.64234e-08
144.55,0.0,135.95815312499997,3.63019e-08
144.55,0.0,135.95790312499997,3.744635e-08
144.55,0.0,135.95765312499998,3.60639e-08
144.55,0.0,135.95740312499998,3.64327e-08
144.55,0.0,135.95715312499996,3.61778e-08
144.55,0.0,135.95690312499997,3.65442e-08
144.55,0.0,135.95665312499997,3.65898e-08
144.55,0.0,135.95640312499998,3.64563e-08
144.55,0.0,135.956153125,3.675805e-08
144.55,0.0,135.95590312499996,3.68261e-08
144.55,0.0,135.95565312499997,3.671515e-08
144.55,0.0,135.95540312499998,3.675535e-08
144.55,0.0,135.95515312499998,3.710045e-08
144.55,0.0,135.954903125,3.69937e-08
144.55,0.0,135.95465312499996,3.65721e-08
144.55,0.0,135.95440312499997,3.61088e-08
144.55,0.0,135.95415312499998,3.6313150000000004e-08
144.55,0.0,135.95390312499998,3.637845e-08
144.55,0.0,135.95365312499996,3.5770400000000004e-08
144.55,0.0,135.95340312499997,3.604005e-08
144.55,0.0,135.95315312499997,3.613505e-08
144.55,0.0,135.95290312499998,3.65319e-08
144.55,0.0,135.95265312499998,3.63905e-08
144.55,0.0,135.95240312499996,3.64688e-08
144.55,0.0,135.95215312499997,3.570755e-08
144.55,0.0,135.95190312499997,3.6109750000000003e-08
144.55,0.0,135.95165312499998,3.631115e-08
144.55,0.0,135.95140312499998,3.72604e-08
144.55,0.0,135.95115312499996,3.688325e-08
144.55,0.0,135.95090312499997,3.68747e-08
144.55,0.0,135.95065312499997,3.700895e-08
144.55,0.0,135.95040312499998,3.63347e-08
144.55,0.0,135.95015312499999,3.801165e-08
144.55,0.0,135.94990312499996,3.582205e-08
144.55,0.0,135.94965312499997,3.66743e-08
144.55,0.0,135.94940312499998,3.5708000000000004e-08
144.55,0.0,135.94915312499998,3.6147e-08
144.55,0.0,135.948903125,3.586345e-08
144.55,0.0,135.94865312499996,3.640695e-08
144.55,0.0,135.94840312499997,3.547385e-08
144.55,0.0,135.94815312499998,3.57074e-08
144.55,0.0,135.94790312499998,3.72135e-08
144.55,0.0,135.94765312499996,3.66128e-08
144.55,0.0,135.94740312499997,3.626855e-08
144.55,0.0,135.94715312499997,3.5979e-08
144.55,0.0,135.94690312499998,3.55317e-08
144.55,0.0,135.94665312499998,3.625165e-08
144.55,0.0,135.94640312499996,3.50436e-08
144.55,0.0,135.94615312499997,3.632695e-08
144.55,0.0,135.94590312499997,3.81966e-08
144.55,0.0,135.94565312499998,3.63911e-08
144.55,0.0,135.94540312499998,3.59213e-08
144.55,0.0,135.94515312499996,3.61843e-08
144.55,0.0,135.94490312499997,3.562315e-08
144.55,0.0,135.94465312499997,3.6121e-08
144.55,0.0,135.94440312499998,3.5949e-08
144.55,0.0,135.94415312499999,3.59038e-08
144.55,0.0,135.94390312499996,3.689306666666667e-08
144.55,0.0,135.94365312499997,3.62296e-08
144.55,0.0,135.94340312499997,3.57098e-08
144.55,0.0,135.94315312499998,3.5868450000000005e-08
144.55,0.0,135.942903125,3.617805e-08
144.55,0.0,135.94265312499996,3.70236e-08
144.55,0.0,135.94240312499997,3.62179e-08
144.55,0.0,135.94215312499998,3.59206e-08
144.55,0.0,135.94190312499998,3.63457e-08
144.55,0.0,135.94165312499996,3.648405e-08
144.55,0.0,135.94140312499997,3.69562e-08
144.55,0.0,135.94115312499997,3.61286e-08
144.55,0.0,135.94090312499998,3.69212e-08
144.55,0.0,135.94065312499998,3.35116e-08
144.55,0.0,135.94040312499996,3.652785e-08
144.55,0.0,135.94015312499997,3.66705e-08
144.55,0.0,135.93990312499997,3.6621050000000004e-08
144.55,0.0,135.93965312499998,3.669e-08
144.55,0.0,135.93940312499998,3.61316e-08
144.55,0.0,135.93915312499996,3.6125300000000004e-08
144.55,0.0,135.93890312499997,3.67176e-08
144.55,0.0,135.93865312499997,3.29113e-08
144.55,0.0,135.93840312499998,3.64821e-08
144.55,0.0,135.93815312499999,3.62022e-08
144.55,0.0,135.93790312499996,3.6353200000000006e-08
144.55,0.0,135.93765312499997,3.59561e-08
144.55,0.0,135.93740312499997,3.62038e-08
144.55,0.0,135.93715312499998,3.61501e-08
144.55,0.0,135.936903125,3.66572e-08
144.55,0.0,135.93665312499996,3.94738e-08
144.55,0.0,135.93640312499997,3.66412e-08
144.55,0.0,135.93615312499998,3.6955150000000004e-08
144.55,0.0,135.93590312499998,3.713495e-08
144.55,0.0,135.93565312499996,3.73931e-08
144.55,0.0,135.93540312499997,3.615303333333333e-08
144.55,0.0,135.93515312499997,3.5340600000000003e-08
144.55,0.0,135.93490312499998,3.73209e-08
144.55,0.0,135.93465312499998,3.386645e-08
144.55,0.0,135.93440312499996,3.528645e-08
144.55,0.0,135.93415312499997,3.5819100000000003e-08
144.55,0.0,135.93390312499997,3.618175e-08
144.55,0.0,135.93365312499998,3.61308e-08
144.55,0.0,135.93340312499998,3.711895e-08
144.55,0.0,135.93315312499996,3.5741300000000005e-08
144.55,0.0,135.93290312499997,3.74959e-08
144.55,0.0,135.93265312499997,3.63847e-08
144.55,0.0,135.93240312499998,3.61335e-08
144.55,0.0,135.93215312499999,3.57537e-08
144.55,0.0,135.93190312499996,3.60652e-08
144.55,0.0,135.93165312499997,3.56472e-08
144.55,0.0,135.93140312499997,3.823545e-08
144.55,0.0,135.93115312499998,3.57185e-08
144.55,0.0,135.930903125,3.736815e-08
144.55,0.0,135.93065312499996,3.626315e-08
144.55,0.0,135.93040312499997,3.826445e-08
144.55,0.0,135.93015312499998,3.630465e-08
144.55,0.0,135.92990312499998,3.64653e-08
144.55,0.0,135.92965312499996,3.630645e-08
144.55,0.0,135.92940312499996,3.66734e-08
144.55,0.0,135.92915312499997,3.689190000000001e-08
144.55,0.0,135.92890312499998,3.65752e-08
144.55,0.0,135.92865312499998,3.680553333333333e-08
144.55,0.0,135.92840312499996,3.56345e-08
144.55,0.0,135.92815312499997,3.57202e-08
144.55,0.0,135.92790312499997,3.80549e-08
144.55,0.0,135.92765312499998,3.67657e-08
144.55,0.0,135.92740312499998,3.6418e-08
144.55,0.0,135.92715312499996,3.64159e-08
144.55,0.0,135.92690312499997,3.6348e-08
144.55,0.0,135.92665312499997,3.61687e-08
144.55,0.0,135.92640312499998,3.632986666666667e-08
144.55,0.0,135.92615312499998,3.598785e-08
144.55,0.0,135.92590312499996,3.50281e-08
144.55,0.0,135.92565312499997,3.616545e-08
144.55,0.0,135.92540312499997,3.53649e-08
144.55,0.0,135.92515312499998,3.580785e-08
144.55,0.0,135.924903125,3.66048e-08
144.55,0.0,135.92465312499996,3.462055e-08
144.55,0.0,135.92440312499997,3.60762e-08
144.55,0.0,135.92415312499998,3.581235e-08
144.55,0.0,135.92390312499998,3.70316e-08
144.55,0.0,135.923653125,3.5761750000000006e-08
144.55,0.0,135.92340312499996,3.6160950000000006e-08
144.55,0.0,135.92315312499997,3.601685e-08
144.55,0.0,135.92290312499998,3.65506e-08
144.55,0.0,135.92265312499998,3.546975e-08
144.55,0.0,135.92240312499996,3.698885e-08
144.55,0.0,135.92215312499997,3.53296e-08
144.55,0.0,135.92190312499997,3.72072e-08
144.55,0.0,135.92165312499998,3.629005e-08
144.55,0.0,135.92140312499998,3.56877e-08
144.55,0.0,135.92115312499996,3.627235e-08
144.55,0.0,135.92090312499997,3.56783e-08
144.55,0.0,135.92065312499997,3.63481e-08
144.55,0.0,135.92040312499998,3.6524000000000003e-08
144.55,0.0,135.92015312499998,3.5238300000000004e-08
144.55,0.0,135.91990312499996,3.32593e-08
144.55,0.0,135.91965312499997,3.63805e-08
144.55,0.0,135.91940312499997,3.57037e-08
144.55,0.0,135.91915312499998,3.561655e-08
144.55,0.0,135.91890312499999,3.72424e-08
144.55,0.0,135.91865312499996,3.494695e-08
144.55,0.0,135.91840312499997,3.492015e-08
144.55,0.0,135.91815312499998,3.68655e-08
144.55,0.0,135.91790312499998,3.60464e-08
144.55,0.0,135.917653125,3.727845e-08
144.55,0.0,135.91740312499996,3.623845e-08
144.55,0.0,135.91715312499997,3.59682e-08
144.55,0.0,135.91690312499998,3.604955e-08
144.55,0.0,135.91665312499998,3.63452e-08
144.55,0.0,135.91640312499996,3.44161e-08
144.55,0.0,135.91615312499997,3.4505000000000004e-08
144.55,0.0,135.91590312499997,3.62841e-08
144.55,0.0,135.91565312499998,3.5862200000000005e-08
144.55,0.0,135.91540312499998,3.61287e-08
144.55,0.0,135.91515312499996,3.6436750000000004e-08
144.55,0.0,135.91490312499997,3.62918e-08
144.55,0.0,135.91465312499997,3.549715e-08
144.55,0.0,135.91440312499998,3.605145e-08
144.55,0.0,135.91415312499998,3.50125e-08
144.55,0.0,135.91390312499996,3.547295e-08
144.55,0.0,135.91365312499997,3.557295e-08
144.55,0.0,135.91340312499997,3.57389e-08
144.55,0.0,135.91315312499998,3.574055e-08
144.55,0.0,135.91290312499999,3.54453e-08
144.55,0.0,135.91265312499996,3.55193e-08
144.55,0.0,135.91240312499997,3.550843333333333e-08
144.55,0.0,135.91215312499997,3.5951e-08
144.55,0.0,135.91190312499998,3.5466499999999995e-08
144.55,0.0,135.911653125,3.552975e-08
144.55,0.0,135.91140312499996,3.528635e-08
144.55,0.0,135.91115312499997,3.73839e-08
144.55,0.0,135.91090312499998,3.536505e-08
144.55,0.0,135.91065312499998,3.677535e-08
144.55,0.0,135.91040312499996,3.564776666666667e-08
144.55,0.0,135.91015312499997,3.59931e-08
144.55,0.0,135.90990312499997,3.439885e-08
144.55,0.0,135.90965312499998,3.551805e-08
144.55,0.0,135.90940312499998,3.662e-08
144.55,0.0,135.90915312499996,3.59138e-08
144.55,0.0,135.90890312499997,3.691885e-08
144.55,0.0,135.90865312499997,3.502005e-08
144.55,0.0,135.90840312499998,3.516e-08
144.55,0.0,135.90815312499998,3.53983e-08
144.55,0.0,135.90790312499996,3.44142e-08
144.55,0.0,135.90765312499997,3.5288850000000004e-08
144.55,0.0,135.90740312499997,3.626675e-08
144.55,0.0,135.90715312499998,3.39961e-08
144.55,0.0,135.90690312499999,3.49564e-08
144.55,0.0,135.90665312499996,3.503085e-08
144.55,0.0,135.90640312499997,3.539685e-08
144.55,0.0,135.90615312499997,3.53377e-08
144.55,0.0,135.90590312499998,3.73164e-08
144.55,0.0,135.905653125,3.56383e-08
144.55,0.0,135.90540312499996,3.5963300000000005e-08
144.55,0.0,135.90515312499997,3.36393e-08
144.55,0.0,135.90490312499998,3.609725e-08
144.55,0.0,135.90465312499998,3.5168249999999995e-08
144.55,0.0,135.90440312499996,3.549905e-08
144.55,0.0,135.90415312499997,3.58158e-08
144.55,0.0,135.90390312499997,3.622215e-08
144.55,0.0,135.90365312499998,3.5649449999999995e-08
144.55,0.0,135.90340312499998,3.53275e-08
144.55,0.0,135.90315312499996,3.548385e-08
144.55,0.0,135.90290312499997,3.5994100000000003e-08
144.55,0.0,135.90265312499997,3.51507e-08
144.55,0.0,135.90240312499998,3.5234349999999995e-08
144.55,0.0,135.90215312499998,3.53967e-08
144.55,0.0,135.90190312499996,3.5580350000000004e-08
144.55,0.0,135.90165312499997,3.53633e-08
144.55,0.0,135.90140312499997,3.672025e-08
144.55,0.0,135.90115312499998,3.54119e-08
144.55,0.0,135.90090312499999,3.594525e-08
144.55,0.0,135.90065312499996,3.57631e-08
144.55,0.0,135.90040312499997,3.57126e-08
144.55,0.0,135.90015312499997,3.61066e-08
144.55,0.0,135.89990312499998,3.565335e-08
144.55,0.0,135.899653125,3.584915e-08
144.55,0.0,135.89940312499996,3.5666699999999995e-08
144.55,0.0,135.89915312499997,3.570565e-08
144.55,0.0,135.89890312499998,3.58464e-08
144.55,0.0,135.89865312499998,3.58417e-08
144.55,0.0,135.89840312499996,3.60831e-08
144.55,0.0,135.89815312499996,3.53452e-08
144.55,0.0,135.89790312499997,3.577685e-08
144.55,0.0,135.89765312499998,3.56711e-08
144.55,0.0,135.89740312499998,3.5606900000000004e-08
144.55,0.0,135.89715312499996,3.56844e-08
144.55,0.0,135.89690312499997,3.560146666666667e-08
144.55,0.0,135.89665312499997,3.553965e-08
144.55,0.0,135.89640312499998,3.56943e-08
144.55,0.0,135.89615312499998,3.566335e-08
144.55,0.0,135.89590312499996,3.55476e-08
144.55,0.0,135.89565312499997,3.5478050000000004e-08
144.55,0.0,135.89540312499997,3.5480549999999994e-08
144.55,0.0,135.89515312499998,3.55417e-08
144.55,0.0,135.89490312499998,3.5810800000000005e-08
144.55,0.0,135.89465312499996,3.574485e-08
144.55,0.0,135.89440312499997,3.561915e-08
144.55,0.0,135.89415312499997,3.595455e-08
144.55,0.0,135.89390312499998,3.513675e-08
144.55,0.0,135.893653125,3.5571550000000005e-08
144.55,0.0,135.89340312499996,3.56527e-08
144.55,0.0,135.89315312499997,3.52901e-08
144.55,0.0,135.89290312499998,3.54282e-08
144.55,0.0,135.89265312499998,3.5178600000000005e-08
144.55,0.0,135.892403125,3.56837e-08
144.55,0.0,135.89215312499996,3.512775e-08
144.55,0.0,135.89190312499997,3.5270600000000003e-08
144.55,0.0,135.89165312499998,3.493205e-08
144.55,0.0,135.89140312499998,3.5294e-08
144.55,0.0,135.89115312499996,3.538465e-08
144.55,0.0,135.89090312499997,3.5271e-08
144.55,0.0,135.89065312499997,3.556165e-08
144.55,0.0,135.89040312499998,3.57866e-08
144.55,0.0,135.89015312499998,3.56378e-08
144.55,0.0,135.88990312499996,3.557955e-08
144.55,0.0,135.88965312499997,3.56714e-08
144.55,0.0,135.88940312499997,3.54495e-08
144.55,0.0,135.88915312499998,3.52841e-08
144.55,0.0,135.88890312499998,3.55168e-08
144.55,0.0,135.88865312499996,3.506995e-08
144.55,0.0,135.88840312499997,3.56224e-08
144.55,0.0,135.88815312499997,3.55429e-08
144.55,0.0,135.88790312499998,3.5324333333333335e-08
144.55,0.0,135.88765312499999,3.558895e-08
144.55,0.0,135.88740312499996,3.55632e-08
144.55,0.0,135.88715312499997,3.537995e-08
144.55,0.0,135.88690312499998,3.548985e-08
144.55,0.0,135.88665312499998,3.50675e-08
144.55,0.0,135.886403125,3.54424e-08
144.55,0.0,135.88615312499996,3.5533850000000004e-08
144.55,0.0,135.88590312499997,3.579165e-08
144.55,0.0,135.88565312499998,3.58391e-08
144.55,0.0,135.88540312499998,3.574685e-08
144.55,0.0,135.88515312499996,3.5852e-08
144.55,0.0,135.88490312499997,3.5447399999999995e-08
144.55,0.0,135.88465312499997,3.584015e-08
144.55,0.0,135.88440312499998,3.58793e-08
144.55,0.0,135.88415312499998,3.58131e-08
144.55,0.0,135.88390312499996,3.55847e-08
144.55,0.0,135.88365312499997,3.58791e-08
144.55,0.0,135.88340312499997,3.51666e-08
144.55,0.0,135.88315312499998,3.572735e-08
144.55,0.0,135.88290312499998,3.558395e-08
144.55,0.0,135.88265312499996,3.570455e-08
144.55,0.0,135.88240312499997,3.58108e-08
144.55,0.0,135.88215312499997,3.5739800000000003e-08
144.55,0.0,135.88190312499998,3.554905e-08
144.55,0.0,135.88165312499999,3.59563e-08
144.55,0.0,135.88140312499996,3.5779e-08
144.55,0.0,135.88115312499997,3.57661e-08
144.55,0.0,135.88090312499997,3.542265e-08
144.55,0.0,135.88065312499998,3.5789199999999995e-08
144.55,0.0,135.880403125,3.49136e-08
144.55,0.0,135.88015312499996,3.560485e-08
144.55,0.0,135.87990312499997,3.5727450000000004e-08
144.55,0.0,135.87965312499998,3.5508150000000004e-08
144.55,0.0,135.87940312499998,3.52768e-08
144.55,0.0,135.87915312499996,3.5756999999999994e-08
144.55,0.0,135.87890312499997,3.568035e-08
144.55,0.0,135.87865312499997,3.55265e-08
144.55,0.0,135.87840312499998,3.561635e-08
144.55,0.0,135.87815312499998,3.5353950000000004e-08
144.55,0.0,135.87790312499996,3.54946e-08
144.55,0.0,135.87765312499997,3.544945e-08
144.55,0.0,135.87740312499997,3.54078e-08
144.55,0.0,135.87715312499998,3.55653e-08
144.55,0.0,135.87690312499998,3.56863e-08
144.55,0.0,135.87665312499996,3.5217500000000004e-08
144.55,0.0,135.87640312499997,3.49454e-08
144.55,0.0,135.87615312499997,3.546915e-08
144.55,0.0,135.87590312499998,3.56126e-08
144.55,0.0,135.87565312499999,3.53906e-08
144.55,0.0,135.87540312499996,3.52753e-08
144.55,0.0,135.87515312499997,3.5140900000000005e-08
144.55,0.0,135.87490312499997,3.5596750000000004e-08
144.55,0.0,135.87465312499998,3.52664e-08
144.55,0.0,135.874403125,3.46715e-08
144.55,0.0,135.87415312499996,3.53422e-08
144.55,0.0,135.87390312499997,3.4923e-08
144.55,0.0,135.87365312499998,3.53006e-08
144.55,0.0,135.87340312499998,3.502775e-08
144.55,0.0,135.87315312499996,3.47315e-08
144.55,0.0,135.87290312499997,3.555395e-08
144.55,0.0,135.87265312499997,3.51828e-08
144.55,0.0,135.87240312499998,3.496935e-08
144.55,0.0,135.87215312499998,3.49515e-08
144.55,0.0,135.87190312499996,3.5007866666666667e-08
144.55,0.0,135.87165312499997,3.49901e-08
144.55,0.0,135.87140312499997,3.5020700000000003e-08
144.55,0.0,135.87115312499998,3.50813e-08
144.55,0.0,135.87090312499998,3.5069900000000004e-08
144.55,0.0,135.87065312499996,3.43507e-08
144.55,0.0,135.87040312499997,3.484655e-08
144.55,0.0,135.87015312499997,3.48501e-08
144.55,0.0,135.86990312499998,3.514975e-08
144.55,0.0,135.86965312499999,3.5110599999999994e-08
144.55,0.0,135.86940312499996,3.47367e-08
144.55,0.0,135.86915312499997,3.462515e-08
144.55,0.0,135.86890312499997,3.466865e-08
144.55,0.0,135.86865312499998,3.3913e-08
144.55,0.0,135.868403125,3.445175e-08
144.55,0.0,135.86815312499996,3.431195e-08
144.55,0.0,135.86790312499997,3.427105e-08
144.55,0.0,135.86765312499998,3.414085e-08
144.55,0.0,135.86740312499998,3.4173600000000004e-08
144.55,0.0,135.86715312499996,3.41242e-08
144.55,0.0,135.86690312499996,3.4028850000000005e-08
144.55,0.0,135.86665312499997,3.446e-08
144.55,0.0,135.86640312499998,3.410465e-08
144.55,0.0,135.86615312499998,3.409235e-08
144.55,0.0,135.86590312499996,3.44521e-08
144.55,0.0,135.86565312499997,3.43585e-08
144.55,0.0,135.86540312499997,3.41643e-08
144.55,0.0,135.86515312499998,3.457725e-08
144.55,0.0,135.86490312499998,3.403195e-08
144.55,0.0,135.86465312499996,3.44534e-08
144.55,0.0,135.86440312499997,3.450485e-08
144.55,0.0,135.86415312499997,3.38278e-08
144.55,0.0,135.86390312499998,3.45015e-08
144.55,0.0,135.86365312499998,3.42412e-08
144.55,0.0,135.86340312499996,3.4022e-08
144.55,0.0,135.86315312499997,3.432105e-08
144.55,0.0,135.86290312499997,3.462275e-08
144.55,0.0,135.86265312499998,3.37314e-08
144.55,0.0,135.862403125,3.38827e-08
144.55,0.0,135.86215312499996,3.36715e-08
144.55,0.0,135.86190312499997,3.42756e-08
144.55,0.0,135.86165312499998,3.44372e-08
144.55,0.0,135.86140312499998,3.394115e-08
144.55,0.0,135.861153125,3.422095e-08
144.55,0.0,135.86090312499996,3.44291e-08
144.55,0.0,135.86065312499997,3.47158e-08
144.55,0.0,135.86040312499998,3.428495e-08
144.55,0.0,135.86015312499998,3.4717200000000003e-08
144.55,0.0,135.85990312499996,3.424595e-08
144.55,0.0,135.85965312499997,3.46214e-08
144.55,0.0,135.85940312499997,3.42723e-08
144.55,0.0,135.85915312499998,3.44288e-08
144.55,0.0,135.85890312499998,3.48672e-08
144.55,0.0,135.85865312499996,3.42313e-08
144.55,0.0,135.85840312499997,3.40157e-08
144.55,0.0,135.85815312499997,3.43625e-08
144.55,0.0,135.85790312499998,3.44013e-08
144.55,0.0,135.85765312499998,3.428775e-08
144.55,0.0,135.85740312499996,3.412585e-08
144.55,0.0,135.85715312499997,3.434195e-08
144.55,0.0,135.85690312499997,3.42948e-08
144.55,0.0,135.85665312499998,3.41788e-08
144.55,0.0,135.85640312499999,3.4158233333333344e-08
144.55,0.0,135.85615312499996,3.429945e-08
144.55,0.0,135.85590312499997,3.45535e-08
144.55,0.0,135.85565312499998,3.424035e-08
144.55,0.0,135.85540312499998,3.45911e-08
144.55,0.0,135.855153125,3.428275e-08
144.55,0.0,135.85490312499996,3.51207e-08
144.55,0.0,135.85465312499997,3.4552000000000004e-08
144.55,0.0,135.85440312499998,3.4545050000000005e-08
144.55,0.0,135.85415312499998,3.438425e-08
144.55,0.0,135.85390312499996,3.469675e-08
144.55,0.0,135.85365312499997,3.45629e-08
144.55,0.0,135.85340312499997,3.442945e-08
144.55,0.0,135.85315312499998,3.4408950000000005e-08
144.55,0.0,135.85290312499998,3.47165e-08
144.55,0.0,135.85265312499996,3.488535e-08
144.55,0.0,135.85240312499997,3.43192e-08
144.55,0.0,135.85215312499997,3.452365e-08
144.55,0.0,135.85190312499998,3.4406400000000006e-08
144.55,0.0,135.85165312499998,3.43802e-08
144.55,0.0,135.85140312499996,3.424195e-08
144.55,0.0,135.85115312499997,3.430265e-08
144.55,0.0,135.85090312499997,3.44813e-08
144.55,0.0,135.85065312499998,3.394435e-08
144.55,0.0,135.85040312499999,3.444185e-08
144.55,0.0,135.85015312499996,3.461325e-08
144.55,0.0,135.84990312499997,3.372745e-08
144.55,0.0,135.84965312499997,3.449065e-08
144.55,0.0,135.84940312499998,3.421775e-08
144.55,0.0,135.849153125,3.425e-08
144.55,0.0,135.84890312499996,3.43349e-08
144.55,0.0,135.84865312499997,3.40007e-08
144.55,0.0,135.84840312499998,3.43009e-08
144.55,0.0,135.84815312499998,3.46583e-08
144.55,0.0,135.84790312499996,3.48106e-08
144.55,0.0,135.84765312499997,3.43477e-08
144.55,0.0,135.84740312499997,3.3707233333333336e-08
144.55,0.0,135.84715312499998,3.42792e-08
144.55,0.0,135.84690312499998,3.40347e-08
144.55,0.0,135.84665312499996,3.4124050000000004e-08
144.55,0.0,135.84640312499997,3.37241e-08
144.55,0.0,135.84615312499997,3.45254e-08
144.55,0.0,135.84590312499998,3.43146e-08
144.55,0.0,135.84565312499998,3.41753e-08
144.55,0.0,135.84540312499996,3.429455e-08
144.55,0.0,135.84515312499997,3.425945e-08
144.55,0.0,135.84490312499997,3.419545e-08
144.55,0.0,135.84465312499998,3.4310499999999995e-08
144.55,0.0,135.84440312499999,3.42523e-08
144.55,0.0,135.84415312499996,3.42731e-08
144.55,0.0,135.84390312499997,3.44634e-08
144.55,0.0,135.84365312499997,3.43205e-08
144.55,0.0,135.84340312499998,3.4169649999999995e-08
144.55,0.0,135.843153125,3.370135e-08
144.55,0.0,135.84290312499996,3.3873e-08
144.55,0.0,135.84265312499997,3.4031866666666665e-08
144.55,0.0,135.84240312499998,3.3953100000000005e-08
144.55,0.0,135.84215312499998,3.38872e-08
144.55,0.0,135.84190312499996,3.4074e-08
144.55,0.0,135.84165312499997,3.38893e-08
144.55,0.0,135.84140312499997,3.394995e-08
144.55,0.0,135.84115312499998,3.41609e-08
144.55,0.0,135.84090312499998,3.41928e-08
144.55,0.0,135.84065312499996,3.39365e-08
144.55,0.0,135.84040312499997,3.39231e-08
144.55,0.0,135.84015312499997,3.429345e-08
144.55,0.0,135.83990312499998,3.42314e-08
144.55,0.0,135.83965312499998,3.406215e-08
144.55,0.0,135.83940312499996,3.42009e-08
144.55,0.0,135.83915312499997,3.3901999999999995e-08
144.55,0.0,135.83890312499997,3.38967e-08
144.55,0.0,135.83865312499998,3.36335e-08
144.55,0.0,135.83840312499999,3.394e-08
144.55,0.0,135.83815312499996,3.38808e-08
144.55,0.0,135.83790312499997,3.3518750000000004e-08
144.55,0.0,135.83765312499997,3.39555e-08
144.55,0.0,135.83740312499998,3.4026650000000005e-08
144.55,0.0,135.837153125,3.40516e-08
144.55,0.0,135.83690312499996,3.4067199999999994e-08
144.55,0.0,135.83665312499997,3.3764199999999995e-08
144.55,0.0,135.83640312499998,3.415785e-08
144.55,0.0,135.83615312499998,3.426045e-08
144.55,0.0,135.83590312499996,3.44754e-08
144.55,0.0,135.83565312499996,3.44344e-08
144.55,0.0,135.83540312499997,3.363665e-08
144.55,0.0,135.83515312499998,3.44549e-08
144.55,0.0,135.83490312499998,3.428065e-08
144.55,0.0,135.83465312499996,3.4071e-08
144.55,0.0,135.83440312499997,3.44294e-08
144.55,0.0,135.83415312499997,3.41584e-08
144.55,0.0,135.83390312499998,3.40934e-08
144.55,0.0,135.83365312499998,3.42541e-08
144.55,0.0,135.83340312499996,3.42834e-08
144.55,0.0,135.83315312499997,3.41206e-08
144.55,0.0,135.83290312499997,3.436255e-08
144.55,0.0,135.83265312499998,3.451895e-08
144.55,0.0,135.83240312499998,3.4267100000000004e-08
144.55,0.0,135.83215312499996,3.42867e-08
144.55,0.0,135.83190312499997,3.44224e-08
144.55,0.0,135.83165312499997,3.466875e-08
144.55,0.0,135.83140312499998,3.43266e-08
144.55,0.0,135.831153125,3.41703e-08
144.55,0.0,135.83090312499996,3.445525e-08
144.55,0.0,135.83065312499997,3.42227e-08
144.55,0.0,135.83040312499998,3.44671e-08
144.55,0.0,135.83015312499998,3.44535e-08
144.55,0.0,135.829903125,3.434955e-08
144.55,0.0,135.82965312499996,3.446825e-08
144.55,0.0,135.82940312499997,3.467745e-08
144.55,0.0,135.82915312499998,3.4284500000000005e-08
144.55,0.0,135.82890312499998,3.4267100000000004e-08
144.55,0.0,135.82865312499996,3.378405e-08
144.55,0.0,135.82840312499997,3.401995e-08
144.55,0.0,135.82815312499997,3.43015e-08
144.55,0.0,135.82790312499998,3.411395e-08
144.55,0.0,135.82765312499998,3.37797e-08
144.55,0.0,135.82740312499996,3.362075e-08
144.55,0.0,135.82715312499997,3.405615e-08
144.55,0.0,135.82690312499997,3.397405e-08
144.55,0.0,135.82665312499998,3.3926550000000005e-08
144.55,0.0,135.82640312499998,3.387925e-08
144.55,0.0,135.82615312499996,3.41595e-08
144.55,0.0,135.82590312499997,3.422045e-08
144.55,0.0,135.82565312499997,3.406045e-08
144.55,0.0,135.82540312499998,3.409435e-08
144.55,0.0,135.82515312499999,3.41507e-08
144.55,0.0,135.82490312499996,3.3656200000000005e-08
144.55,0.0,135.82465312499997,3.40289e-08
144.55,0.0,135.82440312499998,3.34502e-08
144.55,0.0,135.82415312499998,3.37106e-08
144.55,0.0,135.823903125,3.369785e-08
144.55,0.0,135.82365312499996,3.349105e-08
144.55,0.0,135.82340312499997,3.367455e-08
144.55,0.0,135.82315312499998,3.36746e-08
144.55,0.0,135.82290312499998,3.3475e-08
144.55,0.0,135.82265312499996,3.33462e-08
144.55,0.0,135.82240312499997,3.33721e-08
144.55,0.0,135.82215312499997,3.34859e-08
144.55,0.0,135.82190312499998,3.354895e-08
144.55,0.0,135.82165312499998,3.340955e-08
144.55,0.0,135.82140312499996,3.322145e-08
144.55,0.0,135.82115312499997,3.36022e-08
144.55,0.0,135.82090312499997,3.32543e-08
144.55,0.0,135.82065312499998,3.35102e-08
144.55,0.0,135.82040312499998,3.25543e-08
144.55,0.0,135.82015312499996,3.31725e-08
144.55,0.0,135.81990312499997,3.244065e-08
144.55,0.0,135.81965312499997,3.280215e-08
144.55,0.0,135.81940312499998,3.27926e-08
144.55,0.0,135.81915312499999,3.284675e-08
144.55,0.0,135.81890312499996,3.249145e-08
144.55,0.0,135.81865312499997,3.267705e-08
144.55,0.0,135.81840312499997,3.25864e-08
144.55,0.0,135.81815312499998,3.23997e-08
144.55,0.0,135.817903125,3.284966666666667e-08
144.55,0.0,135.81765312499996,3.25903e-08
144.55,0.0,135.81740312499997,3.28636e-08
144.55,0.0,135.81715312499998,3.28309e-08
144.55,0.0,135.81690312499998,3.2795900000000006e-08
144.55,0.0,135.81665312499996,3.319105e-08
144.55,0.0,135.81640312499997,3.27648e-08
144.55,0.0,135.81615312499997,3.284195e-08
144.55,0.0,135.81590312499998,3.2585033333333337e-08
144.55,0.0,135.81565312499998,3.249675e-08
144.55,0.0,135.81540312499996,3.26931e-08
144.55,0.0,135.81515312499997,3.2489550000000004e-08
144.55,0.0,135.81490312499997,3.24893e-08
144.55,0.0,135.81465312499998,3.2127999999999995e-08
144.55,0.0,135.81440312499998,3.24647e-08
144.55,0.0,135.81415312499996,3.27649e-08
144.55,0.0,135.81390312499997,3.23434e-08
144.55,0.0,135.81365312499997,3.2475850000000004e-08
144.55,0.0,135.81340312499998,3.263585e-08
144.55,0.0,135.81315312499999,3.24914e-08
144.55,0.0,135.81290312499996,3.2751600000000006e-08
144.55,0.0,135.81265312499997,3.27007e-08
144.55,0.0,135.81240312499997,3.23671e-08
144.55,0.0,135.81215312499998,3.299875e-08
144.55,0.0,135.811903125,3.244975e-08
144.55,0.0,135.81165312499996,3.26662e-08
144.55,0.0,135.81140312499997,3.22003e-08
144.55,0.0,135.81115312499998,3.2589300000000004e-08
144.55,0.0,135.81090312499998,3.28728e-08
144.55,0.0,135.81065312499996,3.256125e-08
144.55,0.0,135.81040312499997,3.2539e-08
144.55,0.0,135.81015312499997,3.2793e-08
144.55,0.0,135.80990312499998,3.243725e-08
144.55,0.0,135.80965312499998,3.27612e-08
144.55,0.0,135.80940312499996,3.21551e-08
144.55,0.0,135.80915312499997,3.289495e-08
144.55,0.0,135.80890312499997,3.25901e-08
144.55,0.0,135.80865312499998,3.3063900000000005e-08
144.55,0.0,135.80840312499998,3.32491e-08
144.55,0.0,135.80815312499996,3.24812e-08
144.55,0.0,135.80790312499997,3.29007e-08
144.55,0.0,135.80765312499997,3.27084e-08
144.55,0.0,135.80740312499998,3.28026e-08
144.55,0.0,135.80715312499999,3.275075e-08
144.55,0.0,135.80690312499996,3.2771e-08
144.55,0.0,135.80665312499997,3.2618933333333337e-08
144.55,0.0,135.80640312499997,3.26689e-08
144.55,0.0,135.80615312499998,3.272475e-08
144.55,0.0,135.805903125,3.2696500000000004e-08
144.55,0.0,135.80565312499996,3.23248e-08
144.55,0.0,135.80540312499997,3.25433e-08
144.55,0.0,135.80515312499998,3.307205e-08
144.55,0.0,135.80490312499998,3.30557e-08
144.55,0.0,135.80465312499996,3.285175e-08
144.55,0.0,135.80440312499996,3.36004e-08
144.55,0.0,135.80415312499997,3.271555e-08
144.55,0.0,135.80390312499998,3.238705e-08
144.55,0.0,135.80365312499998,3.29155e-08
144.55,0.0,135.80340312499996,3.26253e-08
144.55,0.0,135.80315312499997,3.292505e-08
144.55,0.0,135.80290312499997,3.26868e-08
144.55,0.0,135.80265312499998,3.24783e-08
144.55,0.0,135.80240312499998,3.2494e-08
144.55,0.0,135.80215312499996,3.215825e-08
144.55,0.0,135.80190312499997,3.2401433333333335e-08
144.55,0.0,135.80165312499997,3.24389e-08
144.55,0.0,135.80140312499998,3.233825e-08
144.55,0.0,135.80115312499998,3.2050600000000005e-08
144.55,0.0,135.80090312499996,3.254905e-08
144.55,0.0,135.80065312499997,3.2421750000000004e-08
144.55,0.0,135.80040312499997,3.25278e-08
144.55,0.0,135.80015312499998,3.285095e-08
144.55,0.0,135.799903125,3.37048e-08
144.55,0.0,135.79965312499996,3.24894e-08
144.55,0.0,135.79940312499997,3.27822e-08
144.55,0.0,135.79915312499998,3.246545e-08
144.55,0.0,135.79890312499998,3.24899e-08
144.55,0.0,135.798653125,3.20003e-08
144.55,0.0,135.79840312499996,3.236065e-08
144.55,0.0,135.79815312499997,3.24086e-08
144.55,0.0,135.79790312499998,3.2447e-08
144.55,0.0,135.79765312499998,3.209045e-08
144.55,0.0,135.79740312499996,3.222075e-08
144.55,0.0,135.79715312499997,3.24724e-08
144.55,0.0,135.79690312499997,3.24822e-08
144.55,0.0,135.79665312499998,3.36796e-08
144.55,0.0,135.79640312499998,3.261465e-08
144.55,0.0,135.79615312499996,3.270195e-08
144.55,0.0,135.79590312499997,3.283725e-08
144.55,0.0,135.79565312499997,3.280545e-08
144.55,0.0,135.79540312499998,3.29993e-08
144.55,0.0,135.79515312499998,3.30694e-08
144.55,0.0,135.79490312499996,3.269385e-08
144.55,0.0,135.79465312499997,3.33093e-08
144.55,0.0,135.79440312499997,3.277485e-08
144.55,0.0,135.79415312499998,3.287115e-08
144.55,0.0,135.79390312499999,3.2451e-08
144.55,0.0,135.79365312499996,3.27006e-08
144.55,0.0,135.79340312499997,3.27299e-08
144.55,0.0,135.79315312499998,3.25333e-08
144.55,0.0,135.79290312499998,3.2623566666666673e-08
144.55,0.0,135.792653125,3.24303e-08
144.55,0.0,135.79240312499996,3.28087e-08
144.55,0.0,135.79215312499997,3.26983e-08
144.55,0.0,135.79190312499998,3.27655e-08
144.55,0.0,135.79165312499998,3.264e-08
144.55,0.0,135.79140312499996,3.312275e-08
144.55,0.0,135.79115312499997,3.30518e-08
144.55,0.0,135.79090312499997,3.31117e-08
144.55,0.0,135.79065312499998,3.2319e-08
144.55,0.0,135.79040312499998,3.28802e-08
144.55,0.0,135.79015312499996,3.268865e-08
144.55,0.0,135.78990312499997,3.2787e-08
144.55,0.0,135.78965312499997,3.30518e-08
144.55,0.0,135.78940312499998,3.318175e-08
144.55,0.0,135.78915312499998,3.2661850000000003e-08
144.55,0.0,135.78890312499996,3.25757e-08
144.55,0.0,135.78865312499997,3.261685e-08
144.55,0.0,135.78840312499997,3.27725e-08
144.55,0.0,135.78815312499998,3.24687e-08
144.55,0.0,135.78790312499999,3.31808e-08
144.55,0.0,135.78765312499996,3.28501e-08
144.55,0.0,135.78740312499997,3.29305e-08
144.55,0.0,135.78715312499997,3.285005e-08
144.55,0.0,135.78690312499998,3.3276100000000005e-08
144.55,0.0,135.786653125,3.28353e-08
144.55,0.0,135.78640312499996,3.30729e-08
144.55,0.0,135.78615312499997,3.292855e-08
144.55,0.0,135.78590312499998,3.274735e-08
144.55,0.0,135.78565312499998,3.27799e-08
144.55,0.0,135.78540312499996,3.25739e-08
144.55,0.0,135.78515312499997,3.25995e-08
144.55,0.0,135.78490312499997,3.2682749999999995e-08
144.55,0.0,135.78465312499998,3.26021e-08
144.55,0.0,135.78440312499998,3.287235e-08
144.55,0.0,135.78415312499996,3.27231e-08
144.55,0.0,135.78390312499997,3.351115e-08
144.55,0.0,135.78365312499997,3.27946e-08
144.55,0.0,135.78340312499998,3.3003e-08
144.55,0.0,135.78315312499998,3.27082e-08
144.55,0.0,135.78290312499996,3.27606e-08
144.55,0.0,135.78265312499997,3.2963e-08
144.55,0.0,135.78240312499997,3.28719e-08
144.55,0.0,135.78215312499998,3.2789150000000005e-08
144.55,0.0,135.78190312499999,3.3334e-08
144.55,0.0,135.78165312499996,3.26852e-08
144.55,0.0,135.78140312499997,3.2590449999999994e-08
144.55,0.0,135.78115312499997,3.268265e-08
144.55,0.0,135.78090312499998,3.27426e-08
144.55,0.0,135.780653125,3.303875e-08
144.55,0.0,135.78040312499996,3.26863e-08
144.55,0.0,135.78015312499997,3.276265e-08
144.55,0.0,135.77990312499998,3.25564e-08
144.55,0.0,135.77965312499998,3.2767299999999995e-08
144.55,0.0,135.77940312499996,3.26166e-08
144.55,0.0,135.77915312499997,3.284825e-08
144.55,0.0,135.77890312499997,3.3074e-08
144.55,0.0,135.77865312499998,3.2989799999999995e-08
144.55,0.0,135.77840312499998,3.30446e-08
144.55,0.0,135.77815312499996,3.319255e-08
144.55,0.0,135.77790312499997,3.3035350000000003e-08
144.55,0.0,135.77765312499997,3.289175e-08
144.55,0.0,135.77740312499998,3.282175e-08
144.55,0.0,135.77715312499998,3.276705e-08
144.55,0.0,135.77690312499996,3.24469e-08
144.55,0.0,135.77665312499997,3.31385e-08
144.55,0.0,135.77640312499997,3.283045e-08
144.55,0.0,135.77615312499998,3.3277749999999995e-08
144.55,0.0,135.77590312499999,3.34768e-08
144.55,0.0,135.77565312499996,3.26576e-08
144.55,0.0,135.77540312499997,3.2781533333333334e-08
144.55,0.0,135.77515312499997,3.283645e-08
144.55,0.0,135.77490312499998,3.25229e-08
144.55,0.0,135.774653125,3.2752450000000006e-08
144.55,0.0,135.77440312499996,3.25427e-08
144.55,0.0,135.77415312499997,3.26732e-08
144.55,0.0,135.77390312499998,3.24331e-08
144.55,0.0,135.77365312499998,3.2489550000000004e-08
144.55,0.0,135.77340312499996,3.253105e-08
144.55,0.0,135.77315312499996,3.24889e-08
144.55,0.0,135.77290312499997,3.234085e-08
144.55,0.0,135.77265312499998,3.227925e-08
144.55,0.0,135.77240312499998,3.25063e-08
144.55,0.0,135.77215312499996,3.2389450000000004e-08
144.55,0.0,135.77190312499997,3.23798e-08
144.55,0.0,135.77165312499997,3.2404650000000006e-08
144.55,0.0,135.77140312499998,3.23461e-08
144.55,0.0,135.77115312499998,3.2155049999999995e-08
144.55,0.0,135.77090312499996,3.235415e-08
144.55,0.0,135.77065312499997,3.2285749999999995e-08
144.55,0.0,135.77040312499997,3.21259e-08
144.55,0.0,135.77015312499998,3.21718e-08
144.55,0.0,135.76990312499998,3.20643e-08
144.55,0.0,135.76965312499996,3.20007e-08
144.55,0.0,135.76940312499997,3.221755e-08
144.55,0.0,135.76915312499997,3.1923100000000006e-08
144.55,0.0,135.76890312499998,3.18835e-08
144.55,0.0,135.768653125,3.195005e-08
144.55,0.0,135.76840312499996,3.2241266666666674e-08
144.55,0.0,135.76815312499997,3.201885e-08
144.55,0.0,135.76790312499998,3.20565e-08
144.55,0.0,135.76765312499998,3.211645e-08
144.55,0.0,135.767403125,3.25676e-08
144.55,0.0,135.76715312499996,3.2245050000000005e-08
144.55,0.0,135.76690312499997,3.20866e-08
144.55,0.0,135.76665312499998,3.1859050000000004e-08
144.55,0.0,135.76640312499998,3.2020850000000004e-08
144.55,0.0,135.76615312499996,3.188495e-08
144.55,0.0,135.76590312499997,3.188395e-08
144.55,0.0,135.76565312499997,3.205935e-08
144.55,0.0,135.76540312499998,3.199605e-08
144.55,0.0,135.76515312499998,3.255535e-08
144.55,0.0,135.76490312499996,3.23733e-08
144.55,0.0,135.76465312499997,3.26741e-08
144.55,0.0,135.76440312499997,3.213765e-08
144.55,0.0,135.76415312499998,3.223025e-08
144.55,0.0,135.76390312499998,3.19875e-08
144.55,0.0,135.76365312499996,3.21205e-08
144.55,0.0,135.76340312499997,3.219435e-08
144.55,0.0,135.76315312499997,3.22885e-08
144.55,0.0,135.76290312499998,3.213315e-08
144.55,0.0,135.76265312499999,3.248615e-08
144.55,0.0,135.76240312499996,3.216255e-08
144.55,0.0,135.76215312499997,3.24543e-08
144.55,0.0,135.76190312499998,3.10168e-08
144.55,0.0,135.76165312499998,3.207825e-08
144.55,0.0,135.761403125,3.246345e-08
144.55,0.0,135.76115312499996,3.225305e-08
144.55,0.0,135.76090312499997,3.220805e-08
144.55,0.0,135.76065312499998,3.21356e-08
144.55,0.0,135.76040312499998,3.233545e-08
144.55,0.0,135.76015312499996,3.30443e-08
144.55,0.0,135.75990312499997,3.2165750000000005e-08
144.55,0.0,135.75965312499997,3.225745e-08
144.55,0.0,135.75940312499998,3.231535e-08
144.55,0.0,135.75915312499998,3.2308450000000005e-08
144.55,0.0,135.75890312499996,3.229425e-08
144.55,0.0,135.75865312499997,3.209535e-08
144.55,0.0,135.75840312499997,3.2534299999999995e-08
144.55,0.0,135.75815312499998,3.22978e-08
144.55,0.0,135.75790312499998,3.22031e-08
144.55,0.0,135.75765312499996,3.244585e-08
144.55,0.0,135.75740312499997,3.2505450000000003e-08
144.55,0.0,135.75715312499997,3.24042e-08
144.55,0.0,135.75690312499998,3.2202e-08
144.55,0.0,135.75665312499999,3.252685e-08
144.55,0.0,135.75640312499996,3.28016e-08
144.55,0.0,135.75615312499997,3.25229e-08
144.55,0.0,135.75590312499997,3.247845e-08
144.55,0.0,135.75565312499998,3.282325e-08
144.55,0.0,135.755403125,3.33323e-08
144.55,0.0,135.75515312499996,3.252595e-08
144.55,0.0,135.75490312499997,3.243475e-08
144.55,0.0,135.75465312499998,3.2322500000000004e-08
144.55,0.0,135.75440312499998,3.254425e-08
144.55,0.0,135.75415312499996,3.25933e-08
144.55,0.0,135.75390312499997,3.22313e-08
144.55,0.0,135.75365312499997,3.2378300000000003e-08
144.55,0.0,135.75340312499998,3.24061e-08
144.55,0.0,135.75315312499998,3.20599e-08
144.55,0.0,135.75290312499996,3.2398e-08
144.55,0.0,135.75265312499997,3.210445e-08
144.55,0.0,135.75240312499997,3.234626666666666e-08
144.55,0.0,135.75215312499998,3.25443e-08
144.55,0.0,135.75190312499998,3.27432e-08
144.55,0.0,135.75165312499996,3.2428350000000003e-08
144.55,0.0,135.75140312499997,3.268035e-08
144.55,0.0,135.75115312499997,3.18333e-08
144.55,0.0,135.75090312499998,3.24005e-08
144.55,0.0,135.75065312499999,3.2331450000000005e-08
144.55,0.0,135.75040312499996,3.219555e-08
144.55,0.0,135.75015312499997,3.2402800000000005e-08
144.55,0.0,135.74990312499997,3.218375e-08
144.55,0.0,135.74965312499998,3.2308450000000005e-08
144.55,0.0,135.749403125,3.1989900000000005e-08
144.55,0.0,135.74915312499996,3.2172e-08
144.55,0.0,135.74890312499997,3.22888e-08
144.55,0.0,135.74865312499998,3.256185e-08
144.55,0.0,135.74840312499998,3.22259e-08
144.55,0.0,135.74815312499996,3.2381150000000005e-08
144.55,0.0,135.74790312499997,3.19625e-08
144.55,0.0,135.74765312499997,3.2272899999999995e-08
144.55,0.0,135.74740312499998,3.262865e-08
144.55,0.0,135.74715312499998,3.27555e-08
144.55,0.0,135.74690312499996,3.232255e-08
144.55,0.0,135.74665312499997,3.21663e-08
144.55,0.0,135.74640312499997,3.23101e-08
144.55,0.0,135.74615312499998,3.25528e-08
144.55,0.0,135.74590312499998,3.224693333333333e-08
144.55,0.0,135.74565312499996,3.236455e-08
144.55,0.0,135.74540312499997,3.25136e-08
144.55,0.0,135.74515312499997,3.23182e-08
144.55,0.0,135.74490312499998,3.22528e-08
144.55,0.0,135.74465312499999,3.266755e-08
144.55,0.0,135.74440312499996,3.225185e-08
144.55,0.0,135.74415312499997,3.2266e-08
144.55,0.0,135.74390312499997,3.24651e-08
144.55,0.0,135.74365312499998,3.227845e-08
144.55,0.0,135.743403125,3.230125e-08
144.55,0.0,135.74315312499996,3.243315e-08
144.55,0.0,135.74290312499997,3.2547499999999994e-08
144.55,0.0,135.74265312499998,3.186355e-08
144.55,0.0,135.74240312499998,3.24451e-08
144.55,0.0,135.74215312499996,3.240405e-08
144.55,0.0,135.74190312499996,3.244325e-08
144.55,0.0,135.74165312499997,3.220965e-08
144.55,0.0,135.74140312499998,3.2655250000000004e-08
144.55,0.0,135.74115312499998,3.242325e-08
144.55,0.0,135.74090312499996,3.2372550000000004e-08
144.55,0.0,135.74065312499997,3.206625e-08
144.55,0.0,135.74040312499997,3.20594e-08
144.55,0.0,135.74015312499998,3.1881200000000004e-08
144.55,0.0,135.73990312499998,3.215165e-08
144.55,0.0,135.73965312499996,3.225055e-08
144.55,0.0,135.73940312499997,3.24019e-08
144.55,0.0,135.73915312499997,3.22218e-08
144.55,0.0,135.73890312499998,3.2157800000000005e-08
144.55,0.0,135.73865312499998,3.216955e-08
144.55,0.0,135.73840312499996,3.21634e-08
144.55,0.0,135.73815312499997,3.2418700000000004e-08
144.55,0.0,135.73790312499997,3.20654e-08
144.55,0.0,135.73765312499998,3.19117e-08
144.55,0.0,135.737403125,3.27069e-08
144.55,0.0,135.73715312499996,3.204725e-08
144.55,0.0,135.73690312499997,3.20405e-08
144.55,0.0,135.73665312499998,3.2041e-08
144.55,0.0,135.73640312499998,3.13492e-08
144.55,0.0,135.736153125,3.207135e-08
144.55,0.0,135.73590312499996,3.17462e-08
144.55,0.0,135.73565312499997,3.17596e-08
144.55,0.0,135.73540312499998,3.21977e-08
144.55,0.0,135.73515312499998,3.1861750000000004e-08
144.55,0.0,135.73490312499996,3.17692e-08
144.55,0.0,135.73465312499997,3.190585e-08
144.55,0.0,135.73440312499997,3.2129750000000004e-08
144.55,0.0,135.73415312499998,3.17412e-08
144.55,0.0,135.73390312499998,3.1837699999999994e-08
144.55,0.0,135.73365312499996,3.18544e-08
144.55,0.0,135.73340312499997,3.17562e-08
144.55,0.0,135.73315312499997,3.18091e-08
144.55,0.0,135.73290312499998,3.17002e-08
144.55,0.0,135.73265312499998,3.19804e-08
144.55,0.0,135.73240312499996,3.2214450000000004e-08
144.55,0.0,135.73215312499997,3.202705e-08
144.55,0.0,135.73190312499997,3.16723e-08
144.55,0.0,135.73165312499998,3.1982e-08
144.55,0.0,135.73140312499999,3.17301e-08
144.55,0.0,135.73115312499996,3.207595e-08
144.55,0.0,135.73090312499997,3.196745e-08
144.55,0.0,135.73065312499998,3.168175e-08
144.55,0.0,135.73040312499998,3.18313e-08
144.55,0.0,135.730153125,3.18594e-08
144.55,0.0,135.72990312499996,3.1966633333333335e-08
144.55,0.0,135.72965312499997,3.184015e-08
144.55,0.0,135.72940312499998,3.18421e-08
144.55,0.0,135.72915312499998,3.177185e-08
144.55,0.0,135.72890312499996,3.188005e-08
144.55,0.0,135.72865312499997,3.18941e-08
144.55,0.0,135.72840312499997,3.18906e-08
144.55,0.0,135.72815312499998,3.1743900000000004e-08
144.55,0.0,135.72790312499998,3.20829e-08
144.55,0.0,135.72765312499996,3.19668e-08
144.55,0.0,135.72740312499997,3.17509e-08
144.55,0.0,135.72715312499997,3.19004e-08
144.55,0.0,135.72690312499998,3.15137e-08
144.55,0.0,135.72665312499998,3.1875250000000006e-08
144.55,0.0,135.72640312499996,3.16826e-08
144.55,0.0,135.72615312499997,3.15347e-08
144.55,0.0,135.72590312499997,3.15785e-08
144.55,0.0,135.72565312499998,3.16179e-08
144.55,0.0,135.72540312499999,3.15555e-08
144.55,0.0,135.72515312499996,3.18764e-08
144.55,0.0,135.72490312499997,3.15533e-08
144.55,0.0,135.72465312499997,3.17163e-08
144.55,0.0,135.72440312499998,3.179425e-08
144.55,0.0,135.724153125,3.200995e-08
144.55,0.0,135.72390312499996,3.181635e-08
144.55,0.0,135.72365312499997,3.212225e-08
144.55,0.0,135.72340312499998,3.24219e-08
144.55,0.0,135.72315312499998,3.186935e-08
144.55,0.0,135.72290312499996,3.182706666666667e-08
144.55,0.0,135.72265312499997,3.25399e-08
144.55,0.0,135.72240312499997,3.20685e-08
144.55,0.0,135.72215312499998,3.18762e-08
144.55,0.0,135.72190312499998,3.22248e-08
144.55,0.0,135.72165312499996,3.20211e-08
144.55,0.0,135.72140312499997,3.198845e-08
144.55,0.0,135.72115312499997,3.20148e-08
144.55,0.0,135.72090312499998,3.226255e-08
144.55,0.0,135.72065312499998,3.18285e-08
144.55,0.0,135.72040312499996,3.192935e-08
144.55,0.0,135.72015312499997,3.226255e-08
144.55,0.0,135.71990312499997,3.19024e-08
144.55,0.0,135.71965312499998,3.21318e-08
144.55,0.0,135.71940312499999,3.1514100000000006e-08
144.55,0.0,135.71915312499996,3.204615e-08
144.55,0.0,135.71890312499997,3.2060699999999995e-08
144.55,0.0,135.71865312499997,3.19192e-08
144.55,0.0,135.71840312499998,3.21251e-08
144.55,0.0,135.718153125,3.22111e-08
144.55,0.0,135.71790312499996,3.189445e-08
144.55,0.0,135.71765312499997,3.20025e-08
144.55,0.0,135.71740312499998,3.1954699999999994e-08
144.55,0.0,135.71715312499998,3.201775e-08
144.55,0.0,135.71690312499996,3.194735e-08
144.55,0.0,135.71665312499997,3.20874e-08
144.55,0.0,135.71640312499997,3.160615e-08
144.55,0.0,135.71615312499998,3.19376e-08
144.55,0.0,135.71590312499998,3.18432e-08
144.55,0.0,135.71565312499996,3.17318e-08
144.55,0.0,135.71540312499997,3.178535e-08
144.55,0.0,135.71515312499997,3.117975e-08
144.55,0.0,135.71490312499998,3.1670850000000005e-08
144.55,0.0,135.71465312499998,3.151025e-08
144.55,0.0,135.71440312499996,3.16102e-08
144.55,0.0,135.71415312499997,3.144295e-08
144.55,0.0,135.71390312499997,3.130475e-08
144.55,0.0,135.71365312499998,3.13775e-08
144.55,0.0,135.71340312499999,3.1338e-08
144.55,0.0,135.71315312499996,3.12936e-08
144.55,0.0,135.71290312499997,3.14146e-08
144.55,0.0,135.71265312499997,3.21727e-08
144.55,0.0,135.71240312499998,3.1336e-08
144.55,0.0,135.712153125,3.144105e-08
144.55,0.0,135.71190312499996,3.15248e-08
144.55,0.0,135.71165312499997,3.170765e-08
144.55,0.0,135.71140312499998,3.1461200000000004e-08
144.55,0.0,135.71115312499998,3.14408e-08
144.55,0.0,135.71090312499996,3.12641e-08
144.55,0.0,135.71065312499996,3.18044e-08
144.55,0.0,135.71040312499997,3.14632e-08
144.55,0.0,135.71015312499998,3.14271e-08
144.55,0.0,135.70990312499998,3.12176e-08
144.55,0.0,135.70965312499996,3.126105e-08
144.55,0.0,135.70940312499997,3.138505e-08
144.55,0.0,135.70915312499997,3.1239e-08
144.55,0.0,135.70890312499998,3.13447e-08
144.55,0.0,135.70865312499998,3.05964e-08
144.55,0.0,135.70840312499996,3.127545e-08
144.55,0.0,135.70815312499997,3.1023950000000004e-08
144.55,0.0,135.70790312499997,3.1334e-08
144.55,0.0,135.70765312499998,3.128445e-08
144.55,0.0,135.70740312499998,3.099235e-08
144.55,0.0,135.70715312499996,3.116155e-08
144.55,0.0,135.70690312499997,3.14845e-08
144.55,0.0,135.70665312499997,3.08834e-08
144.55,0.0,135.70640312499998,3.120135e-08
144.55,0.0,135.706153125,3.149815e-08
144.55,0.0,135.70590312499996,3.152245e-08
144.55,0.0,135.70565312499997,3.12952e-08
144.55,0.0,135.70540312499998,3.16315e-08
144.55,0.0,135.70515312499998,3.152415e-08
144.55,0.0,135.704903125,3.13886e-08
144.55,0.0,135.70465312499996,3.1343350000000004e-08
144.55,0.0,135.70440312499997,3.13748e-08
144.55,0.0,135.70415312499998,3.11705e-08
144.55,0.0,135.70390312499998,3.15808e-08
144.55,0.0,135.70365312499996,3.17025e-08
144.55,0.0,135.70340312499997,3.11706e-08
144.55,0.0,135.70315312499997,3.16234e-08
144.55,0.0,135.70290312499998,3.158245e-08
144.55,0.0,135.70265312499998,3.16826e-08
144.55,0.0,135.70240312499996,3.127595e-08
144.55,0.0,135.70215312499997,3.11956e-08
144.55,0.0,135.70190312499997,3.13811e-08
144.55,0.0,135.70165312499998,3.13632e-08
144.55,0.0,135.70140312499998,3.10475e-08
144.55,0.0,135.70115312499996,3.140685e-08
144.55,0.0,135.70090312499997,3.0971e-08
144.55,0.0,135.70065312499997,3.16393e-08
144.55,0.0,135.70040312499998,3.12665e-08
144.55,0.0,135.70015312499999,3.182835e-08
144.55,0.0,135.69990312499996,3.1924e-08
144.55,0.0,135.69965312499997,3.166795e-08
144.55,0.0,135.69940312499998,3.14802e-08
144.55,0.0,135.69915312499998,3.12631e-08
144.55,0.0,135.698903125,3.169035e-08
144.55,0.0,135.69865312499996,3.160265e-08
144.55,0.0,135.69840312499997,3.17946e-08
144.55,0.0,135.69815312499998,3.15857e-08
144.55,0.0,135.69790312499998,3.1803e-08
144.55,0.0,135.69765312499996,3.1415200000000005e-08
144.55,0.0,135.69740312499997,3.146375e-08
144.55,0.0,135.69715312499997,3.2099650000000004e-08
144.55,0.0,135.69690312499998,3.1532e-08
144.55,0.0,135.69665312499998,3.14157e-08
144.55,0.0,135.69640312499996,3.14424e-08
144.55,0.0,135.69615312499997,3.146745e-08
144.55,0.0,135.69590312499997,3.23288e-08
144.55,0.0,135.69565312499998,3.1381400000000003e-08
144.55,0.0,135.69540312499998,3.1423949999999995e-08
144.55,0.0,135.69515312499996,3.166085e-08
144.55,0.0,135.69490312499997,3.14066e-08
144.55,0.0,135.69465312499997,3.1641549999999995e-08
144.55,0.0,135.69440312499998,3.16642e-08
144.55,0.0,135.69415312499999,3.15235e-08
144.55,0.0,135.69390312499996,3.21171e-08
144.55,0.0,135.69365312499997,3.18288e-08
144.55,0.0,135.69340312499997,3.153295e-08
144.55,0.0,135.69315312499998,3.15984e-08
144.55,0.0,135.692903125,3.16444e-08
144.55,0.0,135.69265312499996,3.24043e-08
144.55,0.0,135.69240312499997,3.1653450000000003e-08
144.55,0.0,135.69215312499998,3.140715e-08
144.55,0.0,135.69190312499998,3.172565e-08
144.55,0.0,135.69165312499996,3.1525450000000004e-08
144.55,0.0,135.69140312499997,3.13441e-08
144.55,0.0,135.69115312499997,3.1452349999999995e-08
144.55,0.0,135.69090312499998,3.15166e-08
144.55,0.0,135.69065312499998,3.112605e-08
144.55,0.0,135.69040312499996,3.14192e-08
144.55,0.0,135.69015312499997,3.15032e-08
144.55,0.0,135.68990312499997,3.08756e-08
144.55,0.0,135.68965312499998,3.16827e-08
144.55,0.0,135.68940312499998,3.14442e-08
144.55,0.0,135.68915312499996,3.1682e-08
144.55,0.0,135.68890312499997,3.164215e-08
144.55,0.0,135.68865312499997,3.153265e-08
144.55,0.0,135.68840312499998,3.157755e-08
144.55,0.0,135.68815312499999,3.144585e-08
144.55,0.0,135.68790312499996,3.15363e-08
144.55,0.0,135.68765312499997,3.145245e-08
144.55,0.0,135.68740312499997,3.1526800000000004e-08
144.55,0.0,135.68715312499998,3.15272e-08
144.55,0.0,135.686903125,3.14592e-08
144.55,0.0,135.68665312499996,3.13828e-08
144.55,0.0,135.68640312499997,3.107625e-08
144.55,0.0,135.68615312499998,3.14479e-08
144.55,0.0,135.68590312499998,3.149555e-08
144.55,0.0,135.68565312499996,3.11417e-08
144.55,0.0,135.68540312499997,3.13186e-08
144.55,0.0,135.68515312499997,3.0999e-08
144.55,0.0,135.68490312499998,3.1618450000000003e-08
144.55,0.0,135.68465312499998,3.142665e-08
144.55,0.0,135.68440312499996,3.13208e-08
144.55,0.0,135.68415312499997,3.14568e-08
144.55,0.0,135.68390312499997,3.153535e-08
144.55,0.0,135.68365312499998,3.153405e-08
144.55,0.0,135.68340312499998,3.17633e-08
144.55,0.0,135.68315312499996,3.15065e-08
144.55,0.0,135.68290312499997,3.091775e-08
144.55,0.0,135.68265312499997,3.1485499999999994e-08
144.55,0.0,135.68240312499998,3.1316433333333335e-08
144.55,0.0,135.68215312499999,3.14598e-08
144.55,0.0,135.68190312499996,3.159525e-08
144.55,0.0,135.68165312499997,3.15297e-08
144.55,0.0,135.68140312499997,3.171715e-08
144.55,0.0,135.68115312499998,3.15087e-08
144.55,0.0,135.680903125,3.14161e-08
144.55,0.0,135.68065312499996,3.15541e-08
144.55,0.0,135.68040312499997,3.16799e-08
144.55,0.0,135.68015312499998,3.15717e-08
144.55,0.0,135.67990312499998,3.165105e-08
144.55,0.0,135.67965312499996,3.17673e-08
144.55,0.0,135.67940312499996,3.1753649999999995e-08
144.55,0.0,135.67915312499997,3.18974e-08
144.55,0.0,135.67890312499998,3.2264000000000004e-08
144.55,0.0,135.67865312499998,3.185285e-08
144.55,0.0,135.67840312499996,3.193955e-08
144.55,0.0,135.67815312499997,3.196415e-08
144.55,0.0,135.67790312499997,3.170725e-08
144.55,0.0,135.67765312499998,3.191575e-08
144.55,0.0,135.67740312499998,3.21017e-08
144.55,0.0,135.67715312499996,3.14787e-08
144.55,0.0,135.67690312499997,3.1555499999999994e-08
144.55,0.0,135.67665312499997,3.160565e-08
144.55,0.0,135.67640312499998,3.154745e-08
144.55,0.0,135.67615312499998,3.148765e-08
144.55,0.0,135.67590312499996,3.11853e-08
144.55,0.0,135.67565312499997,3.171795e-08
144.55,0.0,135.67540312499997,3.15258e-08
144.55,0.0,135.67515312499998,3.18002e-08
144.55,0.0,135.674903125,3.173965e-08
144.55,0.0,135.67465312499996,3.072015e-08
144.55,0.0,135.67440312499997,3.196215e-08
144.55,0.0,135.67415312499998,3.16262e-08
144.55,0.0,135.67390312499998,3.1662e-08
144.55,0.0,135.673653125,3.191493333333333e-08
144.55,0.0,135.67340312499996,3.14314e-08
144.55,0.0,135.67315312499997,3.16037e-08
144.55,0.0,135.67290312499998,3.18294e-08
144.55,0.0,135.67265312499998,3.205065e-08
144.55,0.0,135.67240312499996,3.177215e-08
144.55,0.0,135.67215312499997,3.16577e-08
144.55,0.0,135.67190312499997,3.156555e-08
144.55,0.0,135.67165312499998,3.1820500000000004e-08
144.55,0.0,135.67140312499998,3.155085e-08
144.55,0.0,135.67115312499996,3.18608e-08
144.55,0.0,135.67090312499997,3.166445e-08
144.55,0.0,135.67065312499997,3.228385e-08
144.55,0.0,135.67040312499998,3.16959e-08
144.55,0.0,135.67015312499998,3.21701e-08
144.55,0.0,135.66990312499996,3.1905149999999995e-08
144.55,0.0,135.66965312499997,3.2045550000000003e-08
144.55,0.0,135.66940312499997,3.185225e-08
144.55,0.0,135.66915312499998,3.231305e-08
144.55,0.0,135.66890312499999,3.212835e-08
144.55,0.0,135.66865312499996,3.21464e-08
144.55,0.0,135.66840312499997,3.20744e-08
144.55,0.0,135.66815312499998,3.196695e-08
144.55,0.0,135.66790312499998,3.192395e-08
144.55,0.0,135.667653125,3.19218e-08
144.55,0.0,135.66740312499996,3.177915e-08
144.55,0.0,135.66715312499997,3.18347e-08
144.55,0.0,135.66690312499998,3.196063333333334e-08
144.55,0.0,135.66665312499998,3.19896e-08
144.55,0.0,135.66640312499996,3.18489e-08
144.55,0.0,135.66615312499997,3.2117349999999995e-08
144.55,0.0,135.66590312499997,3.219485e-08
144.55,0.0,135.66565312499998,3.223935e-08
144.55,0.0,135.66540312499998,3.22793e-08
144.55,0.0,135.66515312499996,3.241815e-08
144.55,0.0,135.66490312499997,3.23778e-08
144.55,0.0,135.66465312499997,3.227705e-08
144.55,0.0,135.66440312499998,3.18554e-08
144.55,0.0,135.66415312499998,3.2770349999999994e-08
144.55,0.0,135.66390312499996,3.2348e-08
144.55,0.0,135.66365312499997,3.220265e-08
144.55,0.0,135.66340312499997,3.22006e-08
144.55,0.0,135.66315312499998,3.220965e-08
144.55,0.0,135.66290312499999,3.196445e-08
144.55,0.0,135.66265312499996,3.203765e-08
144.55,0.0,135.66240312499997,3.17827e-08
144.55,0.0,135.66215312499997,3.194685e-08
144.55,0.0,135.66190312499998,3.235625e-08
144.55,0.0,135.661653125,3.215895e-08
144.55,0.0,135.66140312499996,3.19222e-08
144.55,0.0,135.66115312499997,3.186735e-08
144.55,0.0,135.66090312499998,3.241725e-08
144.55,0.0,135.66065312499998,3.21495e-08
144.55,0.0,135.66040312499996,3.181295e-08
144.55,0.0,135.66015312499997,3.21049e-08
144.55,0.0,135.65990312499997,3.2304400000000004e-08
144.55,0.0,135.65965312499998,3.222305e-08
144.55,0.0,135.65940312499998,3.20643e-08
144.55,0.0,135.65915312499996,3.23147e-08
144.55,0.0,135.65890312499997,3.208455e-08
144.55,0.0,135.65865312499997,3.28984e-08
144.55,0.0,135.65840312499998,3.18444e-08
144.55,0.0,135.65815312499998,3.210936666666666e-08
144.55,0.0,135.65790312499996,3.247005e-08
144.55,0.0,135.65765312499997,3.21232e-08
144.55,0.0,135.65740312499997,3.20133e-08
144.55,0.0,135.65715312499998,3.17144e-08
144.55,0.0,135.65690312499999,3.1997350000000004e-08
144.55,0.0,135.65665312499996,3.267405e-08
144.55,0.0,135.65640312499997,3.1982e-08
144.55,0.0,135.65615312499997,3.20485e-08
144.55,0.0,135.65590312499998,3.1653399999999994e-08
144.55,0.0,135.655653125,3.2007133333333335e-08
144.55,0.0,135.65540312499996,3.19339e-08
144.55,0.0,135.65515312499997,3.1966750000000004e-08
144.55,0.0,135.65490312499998,3.15553e-08
144.55,0.0,135.65465312499998,3.2498449999999995e-08
144.55,0.0,135.65440312499996,3.18971e-08
144.55,0.0,135.65415312499997,3.14375e-08
144.55,0.0,135.65390312499997,3.17968e-08
144.55,0.0,135.65365312499998,3.19825e-08
144.55,0.0,135.65340312499998,3.16728e-08
144.55,0.0,135.65315312499996,3.185e-08
144.55,0.0,135.65290312499997,3.19846e-08
144.55,0.0,135.65265312499997,3.16684e-08
144.55,0.0,135.65240312499998,3.17789e-08
144.55,0.0,135.65215312499998,3.19761e-08
144.55,0.0,135.65190312499996,3.188275e-08
144.55,0.0,135.65165312499997,3.19643e-08
144.55,0.0,135.65140312499997,3.1374249999999994e-08
144.55,0.0,135.65115312499998,3.15234e-08
144.55,0.0,135.65090312499999,3.197545e-08
144.55,0.0,135.65065312499996,3.20207e-08
144.55,0.0,135.65040312499997,3.20901e-08
144.55,0.0,135.65015312499997,3.2361550000000004e-08
144.55,0.0,135.64990312499998,3.18233e-08
144.55,0.0,135.649653125,3.19005e-08
144.55,0.0,135.64940312499996,3.20245e-08
144.55,0.0,135.64915312499997,3.15455e-08
144.55,0.0,135.64890312499998,3.196035e-08
144.55,0.0,135.64865312499998,3.196325e-08
144.55,0.0,135.64840312499996,3.15321e-08
144.55,0.0,135.64815312499996,3.2075300000000004e-08
144.55,0.0,135.64790312499997,3.185365e-08
144.55,0.0,135.64765312499998,3.18491e-08
144.55,0.0,135.64740312499998,3.228645e-08
144.55,0.0,135.64715312499996,3.2006e-08
144.55,0.0,135.64690312499997,3.192405e-08
144.55,0.0,135.64665312499997,3.1789700000000006e-08
144.55,0.0,135.64640312499998,3.19878e-08
144.55,0.0,135.64615312499998,3.1984500000000004e-08
144.55,0.0,135.64590312499996,3.20367e-08
144.55,0.0,135.64565312499997,3.2344e-08
144.55,0.0,135.64540312499997,3.19186e-08
144.55,0.0,135.64515312499998,3.2096100000000004e-08
144.55,0.0,135.64490312499998,3.21814e-08
144.55,0.0,135.64465312499996,3.221305e-08
144.55,0.0,135.64440312499997,3.195455e-08
144.55,0.0,135.64415312499997,3.20811e-08
144.55,0.0,135.64390312499998,3.16209e-08
144.55,0.0,135.643653125,3.20674e-08
144.55,0.0,135.64340312499996,3.196e-08
144.55,0.0,135.64315312499997,3.1805899999999995e-08
144.55,0.0,135.64290312499998,3.195605e-08
144.55,0.0,135.64265312499998,3.23608e-08
144.55,0.0,135.642403125,3.23047e-08
144.55,0.0,135.64215312499996,3.2356300000000005e-08
144.55,0.0,135.64190312499997,3.216653333333333e-08
144.55,0.0,135.64165312499998,3.22265e-08
144.55,0.0,135.64140312499998,3.2164699999999994e-08
144.55,0.0,135.64115312499996,3.22757e-08
144.55,0.0,135.64090312499997,3.22245e-08
144.55,0.0,135.64065312499997,3.20928e-08
144.55,0.0,135.64040312499998,3.22583e-08
144.55,0.0,135.64015312499998,3.2234750000000003e-08
144.55,0.0,135.63990312499996,3.226745e-08
144.55,0.0,135.63965312499997,3.2227800000000005e-08
144.55,0.0,135.63940312499997,3.2467550000000005e-08
144.55,0.0,135.63915312499998,3.23261e-08
144.55,0.0,135.63890312499998,3.21482e-08
144.55,0.0,135.63865312499996,3.22624e-08
144.55,0.0,135.63840312499997,3.2133e-08
144.55,0.0,135.63815312499997,3.21127e-08
144.55,0.0,135.63790312499998,3.194475e-08
144.55,0.0,135.63765312499999,3.21208e-08
144.55,0.0,135.63740312499996,3.231925e-08
144.55,0.0,135.63715312499997,3.215195e-08
144.55,0.0,135.63690312499998,3.2287500000000004e-08
144.55,0.0,135.63665312499998,3.17165e-08
144.55,0.0,135.636403125,3.2241449999999995e-08
144.55,0.0,135.63615312499996,3.215035e-08
144.55,0.0,135.63590312499997,3.21944e-08
144.55,0.0,135.63565312499998,3.226825e-08
144.55,0.0,135.63540312499998,3.18173e-08
144.55,0.0,135.63515312499996,3.23958e-08
144.55,0.0,135.63490312499997,3.223005e-08
144.55,0.0,135.63465312499997,3.22447e-08
144.55,0.0,135.63440312499998,3.238975e-08
144.55,0.0,135.63415312499998,3.2351400000000005e-08
144.55,0.0,135.63390312499996,3.2161700000000004e-08
144.55,0.0,135.63365312499997,3.23473e-08
144.55,0.0,135.63340312499997,3.19112e-08
144.55,0.0,135.63315312499998,3.22368e-08
144.55,0.0,135.63290312499998,3.204355e-08
144.55,0.0,135.63265312499996,3.22686e-08
144.55,0.0,135.63240312499997,3.2420550000000005e-08
144.55,0.0,135.63215312499997,3.208685e-08
144.55,0.0,135.63190312499998,3.22275e-08
144.55,0.0,135.63165312499999,3.22156e-08
144.55,0.0,135.63140312499996,3.19191e-08
144.55,0.0,135.63115312499997,3.23205e-08
144.55,0.0,135.63090312499997,3.1518850000000004e-08
144.55,0.0,135.63065312499998,3.21831e-08
144.55,0.0,135.630403125,3.18517e-08
144.55,0.0,135.63015312499996,3.216285e-08
144.55,0.0,135.62990312499997,3.20809e-08
144.55,0.0,135.62965312499998,3.2419550000000004e-08
144.55,0.0,135.62940312499998,3.180555e-08
144.55,0.0,135.62915312499996,3.2566e-08
144.55,0.0,135.62890312499997,3.22674e-08
144.55,0.0,135.62865312499997,3.2240650000000005e-08
144.55,0.0,135.62840312499998,3.251055e-08
144.55,0.0,135.62815312499998,3.196085e-08
144.55,0.0,135.62790312499996,3.20612e-08
144.55,0.0,135.62765312499997,3.194305e-08
144.55,0.0,135.62740312499997,3.201465e-08
144.55,0.0,135.62715312499998,3.179335e-08
144.55,0.0,135.62690312499998,3.21085e-08
144.55,0.0,135.62665312499996,3.20033e-08
144.55,0.0,135.62640312499997,3.24758e-08
144.55,0.0,135.62615312499997,3.21207e-08
144.55,0.0,135.62590312499998,3.17731e-08
144.55,0.0,135.62565312499999,3.196645e-08
144.55,0.0,135.62540312499996,3.18856e-08
144.55,0.0,135.62515312499997,3.22065e-08
144.55,0.0,135.62490312499997,3.20289e-08
144.55,0.0,135.62465312499998,3.172645e-08
144.55,0.0,135.624403125,3.19082e-08
144.55,0.0,135.62415312499996,3.20724e-08
144.55,0.0,135.62390312499997,3.167685e-08
144.55,0.0,135.62365312499998,3.211475e-08
144.55,0.0,135.62340312499998,3.188615e-08
144.55,0.0,135.62315312499996,3.2254649999999994e-08
144.55,0.0,135.62290312499997,3.21556e-08
144.55,0.0,135.62265312499997,3.18803e-08
144.55,0.0,135.62240312499998,3.2015450000000004e-08
144.55,0.0,135.62215312499998,3.185785e-08
144.55,0.0,135.62190312499996,3.25395e-08
144.55,0.0,135.62165312499997,3.191685e-08
144.55,0.0,135.62140312499997,3.2116050000000004e-08
144.55,0.0,135.62115312499998,3.2003950000000004e-08
144.55,0.0,135.62090312499998,3.22634e-08
144.55,0.0,135.62065312499996,3.19931e-08
144.55,0.0,135.62040312499997,3.2035050000000005e-08
144.55,0.0,135.62015312499997,3.213055e-08
144.55,0.0,135.61990312499998,3.19416e-08
144.55,0.0,135.61965312499999,3.2118733333333335e-08
144.55,0.0,135.61940312499996,3.168685e-08
144.55,0.0,135.61915312499997,3.190905e-08
144.55,0.0,135.61890312499997,3.19734e-08
144.55,0.0,135.61865312499998,3.20435e-08
144.55,0.0,135.618403125,3.19838e-08
144.55,0.0,135.61815312499996,3.17739e-08
144.55,0.0,135.61790312499997,3.2109e-08
144.55,0.0,135.61765312499998,3.207585e-08
144.55,0.0,135.61740312499998,3.177456666666667e-08
144.55,0.0,135.61715312499996,3.192865e-08
144.55,0.0,135.61690312499996,3.2522e-08
144.55,0.0,135.61665312499997,3.1158550000000003e-08
144.55,0.0,135.61640312499998,3.182905e-08
144.55,0.0,135.61615312499998,3.183285e-08
144.55,0.0,135.61590312499996,3.18527e-08
144.55,0.0,135.61565312499997,3.220805e-08
144.55,0.0,135.61540312499997,3.14881e-08
144.55,0.0,135.61515312499998,3.1807249999999995e-08
144.55,0.0,135.61490312499998,3.183765e-08
144.55,0.0,135.61465312499996,3.18389e-08
144.55,0.0,135.61440312499997,3.1436500000000005e-08
144.55,0.0,135.61415312499997,3.1640600000000003e-08
144.55,0.0,135.61390312499998,3.16282e-08
144.55,0.0,135.61365312499998,3.18843e-08
144.55,0.0,135.61340312499996,3.18036e-08
144.55,0.0,135.61315312499997,3.19093e-08
144.55,0.0,135.61290312499997,3.17627e-08
144.55,0.0,135.61265312499998,3.177615e-08
144.55,0.0,135.612403125,3.179625e-08
144.55,0.0,135.61215312499996,3.17843e-08
144.55,0.0,135.61190312499997,3.1694850000000005e-08
144.55,0.0,135.61165312499998,3.174445e-08
144.55,0.0,135.61140312499998,3.1518799999999995e-08
144.55,0.0,135.611153125,3.1490450000000004e-08
144.55,0.0,135.61090312499996,3.12567e-08
144.55,0.0,135.61065312499997,3.15536e-08
144.55,0.0,135.61040312499998,3.13999e-08
144.55,0.0,135.61015312499998,3.15817e-08
144.55,0.0,135.60990312499996,3.156155e-08
144.55,0.0,135.60965312499997,3.1553850000000004e-08
144.55,0.0,135.60940312499997,3.12111e-08
144.55,0.0,135.60915312499998,3.1395e-08
144.55,0.0,135.60890312499998,3.15379e-08
144.55,0.0,135.60865312499996,3.1349600000000004e-08
144.55,0.0,135.60840312499997,3.1531100000000005e-08
144.55,0.0,135.60815312499997,3.1404e-08
144.55,0.0,135.60790312499998,3.1752700000000003e-08
144.55,0.0,135.60765312499998,3.140545e-08
144.55,0.0,135.60740312499996,3.161105e-08
144.55,0.0,135.60715312499997,3.04008e-08
144.55,0.0,135.60690312499997,3.10844e-08
144.55,0.0,135.60665312499998,3.1635850000000005e-08
144.55,0.0,135.60640312499999,3.132325e-08
144.55,0.0,135.60615312499996,3.1565799999999995e-08
144.55,0.0,135.60590312499997,3.136555e-08
144.55,0.0,135.60565312499998,3.13897e-08
144.55,0.0,135.60540312499998,3.12156e-08
144.55,0.0,135.605153125,3.05801e-08
144.55,0.0,135.60490312499996,3.1509700000000006e-08
144.55,0.0,135.60465312499997,3.127075e-08
144.55,0.0,135.60440312499998,3.16079e-08
144.55,0.0,135.60415312499998,3.18621e-08
144.55,0.0,135.60390312499996,3.141615e-08
144.55,0.0,135.60365312499997,3.2035066666666674e-08
144.55,0.0,135.60340312499997,3.119225e-08
144.55,0.0,135.60315312499998,3.14638e-08
144.55,0.0,135.60290312499998,3.14624e-08
144.55,0.0,135.60265312499996,3.16311e-08
144.55,0.0,135.60240312499997,3.146765e-08
144.55,0.0,135.60215312499997,3.15932e-08
144.55,0.0,135.60190312499998,3.20723e-08
144.55,0.0,135.60165312499998,3.16631e-08
144.55,0.0,135.60140312499996,3.115115e-08
144.55,0.0,135.60115312499997,3.174825e-08
144.55,0.0,135.60090312499997,3.180485e-08
144.55,0.0,135.60065312499998,3.104445e-08
144.55,0.0,135.60040312499999,3.1938500000000005e-08
144.55,0.0,135.60015312499996,3.17052e-08
144.55,0.0,135.59990312499997,3.17005e-08
144.55,0.0,135.59965312499997,3.17708e-08
144.55,0.0,135.59940312499998,3.16183e-08
144.55,0.0,135.599153125,3.148255e-08
144.55,0.0,135.59890312499996,3.168305e-08
144.55,0.0,135.59865312499997,3.1437700000000004e-08
144.55,0.0,135.59840312499998,3.14345e-08
144.55,0.0,135.59815312499998,3.18136e-08
144.55,0.0,135.59790312499996,3.17512e-08
144.55,0.0,135.59765312499997,3.18771e-08
144.55,0.0,135.59740312499997,3.18975e-08
144.55,0.0,135.59715312499998,3.17578e-08
144.55,0.0,135.59690312499998,3.18759e-08
144.55,0.0,135.59665312499996,3.1549249999999994e-08
144.55,0.0,135.59640312499997,3.15229e-08
144.55,0.0,135.59615312499997,3.12968e-08
144.55,0.0,135.59590312499998,3.15663e-08
144.55,0.0,135.59565312499998,3.16571e-08
144.55,0.0,135.59540312499996,3.17631e-08
144.55,0.0,135.59515312499997,3.17942e-08
144.55,0.0,135.59490312499997,3.1145266666666675e-08
144.55,0.0,135.59465312499998,3.15187e-08
144.55,0.0,135.59440312499999,3.12314e-08
144.55,0.0,135.59415312499996,3.117855e-08
144.55,0.0,135.59390312499997,3.15239e-08
144.55,0.0,135.59365312499997,3.1259599999999995e-08
144.55,0.0,135.59340312499998,3.124485e-08
144.55,0.0,135.593153125,3.12843e-08
144.55,0.0,135.59290312499996,3.116235e-08
144.55,0.0,135.59265312499997,3.114645e-08
144.55,0.0,135.59240312499998,3.0808200000000005e-08
144.55,0.0,135.59215312499998,3.086285e-08
144.55,0.0,135.59190312499996,3.11631e-08
144.55,0.0,135.59165312499997,3.10211e-08
144.55,0.0,135.59140312499997,3.10266e-08
144.55,0.0,135.59115312499998,3.05751e-08
144.55,0.0,135.59090312499998,3.10213e-08
144.55,0.0,135.59065312499996,3.089355e-08
144.55,0.0,135.59040312499997,3.098295e-08
144.55,0.0,135.59015312499997,3.12728e-08
144.55,0.0,135.58990312499998,3.101585e-08
144.55,0.0,135.58965312499998,3.102645e-08
144.55,0.0,135.58940312499996,3.14709e-08
144.55,0.0,135.58915312499997,3.109155e-08
144.55,0.0,135.58890312499997,3.094975e-08
144.55,0.0,135.58865312499998,3.10255e-08
144.55,0.0,135.58840312499999,3.086295e-08
144.55,0.0,135.58815312499996,3.094545e-08
144.55,0.0,135.58790312499997,3.144155e-08
144.55,0.0,135.58765312499997,3.093155e-08
144.55,0.0,135.58740312499998,3.11602e-08
144.55,0.0,135.587153125,3.084685e-08
144.55,0.0,135.58690312499996,3.1033750000000005e-08
144.55,0.0,135.58665312499997,3.0511749999999995e-08
144.55,0.0,135.58640312499998,3.11621e-08
144.55,0.0,135.58615312499998,3.11553e-08
144.55,0.0,135.58590312499996,3.146923333333333e-08
144.55,0.0,135.58565312499996,3.129475e-08
144.55,0.0,135.58540312499997,3.16173e-08
144.55,0.0,135.58515312499998,3.148785e-08
144.55,0.0,135.58490312499998,3.151365e-08
144.55,0.0,135.58465312499996,3.109135e-08
144.55,0.0,135.58440312499997,3.13429e-08
144.55,0.0,135.58415312499997,3.11906e-08
144.55,0.0,135.58390312499998,3.14964e-08
144.55,0.0,135.58365312499998,3.11926e-08
144.55,0.0,135.58340312499996,3.14395e-08
144.55,0.0,135.58315312499997,3.1583100000000004e-08
144.55,0.0,135.58290312499997,3.15999e-08
144.55,0.0,135.58265312499998,3.12961e-08
144.55,0.0,135.58240312499998,3.16274e-08
144.55,0.0,135.58215312499996,3.173365e-08
144.55,0.0,135.58190312499997,3.1684900000000003e-08
144.55,0.0,135.58165312499997,3.175225e-08
144.55,0.0,135.58140312499998,3.1291100000000004e-08
144.55,0.0,135.581153125,3.185005e-08
144.55,0.0,135.58090312499996,3.174375e-08
144.55,0.0,135.58065312499997,3.169805e-08
144.55,0.0,135.58040312499998,3.2187e-08
144.55,0.0,135.58015312499998,3.204165e-08
144.55,0.0,135.579903125,3.19742e-08
144.55,0.0,135.57965312499996,3.2009e-08
144.55,0.0,135.57940312499997,3.24921e-08
144.55,0.0,135.57915312499998,3.204225e-08
144.55,0.0,135.57890312499998,3.20631e-08
144.55,0.0,135.57865312499996,3.1969399999999995e-08
144.55,0.0,135.57840312499997,3.22133e-08
144.55,0.0,135.57815312499997,3.18559e-08
144.55,0.0,135.57790312499998,3.217475e-08
144.55,0.0,135.57765312499998,3.220255e-08
144.55,0.0,135.57740312499996,3.20025e-08
144.55,0.0,135.57715312499997,3.231495e-08
144.55,0.0,135.57690312499997,3.225403333333333e-08
144.55,0.0,135.57665312499998,3.18753e-08
144.55,0.0,135.57640312499998,3.2420400000000004e-08
144.55,0.0,135.57615312499996,3.2126200000000003e-08
144.55,0.0,135.57590312499997,3.20227e-08
144.55,0.0,135.57565312499997,3.216715e-08
144.55,0.0,135.57540312499998,3.2486e-08
144.55,0.0,135.57515312499999,3.214415e-08
144.55,0.0,135.57490312499996,3.23202e-08
144.55,0.0,135.57465312499997,3.206455e-08
144.55,0.0,135.57440312499998,3.213495e-08
144.55,0.0,135.57415312499998,3.1993950000000006e-08
144.55,0.0,135.573903125,3.24104e-08
144.55,0.0,135.57365312499996,3.18733e-08
144.55,0.0,135.57340312499997,3.211765e-08
144.55,0.0,135.57315312499998,3.183695e-08
144.55,0.0,135.57290312499998,3.209185e-08
144.55,0.0,135.57265312499996,3.19922e-08
144.55,0.0,135.57240312499997,3.20029e-08
144.55,0.0,135.57215312499997,3.20776e-08
144.55,0.0,135.57190312499998,3.1835999999999995e-08
144.55,0.0,135.57165312499998,3.19243e-08
144.55,0.0,135.57140312499996,3.187125e-08
144.55,0.0,135.57115312499997,3.23348e-08
144.55,0.0,135.57090312499997,3.1981950000000005e-08
144.55,0.0,135.57065312499998,3.19558e-08
144.55,0.0,135.57040312499998,3.191335e-08
144.55,0.0,135.57015312499996,3.21161e-08
144.55,0.0,135.56990312499997,3.164973333333333e-08
144.55,0.0,135.56965312499997,3.18751e-08
144.55,0.0,135.56940312499998,3.19451e-08
144.55,0.0,135.56915312499999,3.193675e-08
144.55,0.0,135.56890312499996,3.1848400000000003e-08
144.55,0.0,135.56865312499997,3.16495e-08
144.55,0.0,135.56840312499997,3.1759249999999994e-08
144.55,0.0,135.56815312499998,3.170775e-08
144.55,0.0,135.567903125,3.193375e-08
144.55,0.0,135.56765312499996,3.18289e-08
144.55,0.0,135.56740312499997,3.17815e-08
144.55,0.0,135.56715312499998,3.191935e-08
144.55,0.0,135.56690312499998,3.20121e-08
144.55,0.0,135.56665312499996,3.21416e-08
144.55,0.0,135.56640312499997,3.19731e-08
144.55,0.0,135.56615312499997,3.195195e-08
144.55,0.0,135.56590312499998,3.20711e-08
144.55,0.0,135.56565312499998,3.186505e-08
144.55,0.0,135.56540312499996,3.1837e-08
144.55,0.0,135.56515312499997,3.19244e-08
144.55,0.0,135.56490312499997,3.1607e-08
144.55,0.0,135.56465312499998,3.15322e-08
144.55,0.0,135.56440312499998,3.174345e-08
144.55,0.0,135.56415312499996,3.178485e-08
144.55,0.0,135.56390312499997,3.175925e-08
144.55,0.0,135.56365312499997,3.19084e-08
144.55,0.0,135.56340312499998,3.18917e-08
144.55,0.0,135.56315312499999,3.185035e-08
144.55,0.0,135.56290312499996,3.181096666666667e-08
144.55,0.0,135.56265312499997,3.18591e-08
144.55,0.0,135.56240312499997,3.17792e-08
144.55,0.0,135.56215312499998,3.202515e-08
144.55,0.0,135.561903125,3.19209e-08
144.55,0.0,135.56165312499996,3.17429e-08
144.55,0.0,135.56140312499997,3.183375e-08
144.55,0.0,135.56115312499998,3.14514e-08
144.55,0.0,135.56090312499998,3.1905999999999995e-08
144.55,0.0,135.56065312499996,3.14615e-08
144.55,0.0,135.56040312499997,3.144655e-08
144.55,0.0,135.56015312499997,3.178475e-08
144.55,0.0,135.55990312499998,3.149795e-08
144.55,0.0,135.55965312499998,3.15685e-08
144.55,0.0,135.55940312499996,3.13901e-08
144.55,0.0,135.55915312499997,3.136595e-08
144.55,0.0,135.55890312499997,3.1320299999999995e-08
144.55,0.0,135.55865312499998,3.12921e-08
144.55,0.0,135.55840312499998,3.0885e-08
144.55,0.0,135.55815312499996,3.0934850000000004e-08
144.55,0.0,135.55790312499997,3.09835e-08
144.55,0.0,135.55765312499997,3.09105e-08
144.55,0.0,135.55740312499998,3.097315e-08
144.55,0.0,135.55715312499999,3.08932e-08
144.55,0.0,135.55690312499996,3.1098850000000005e-08
144.55,0.0,135.55665312499997,3.09232e-08
144.55,0.0,135.55640312499997,3.08853e-08
144.55,0.0,135.55615312499998,3.089265e-08
144.55,0.0,135.555903125,3.08199e-08
144.55,0.0,135.55565312499996,3.108525e-08
144.55,0.0,135.55540312499997,3.11452e-08
144.55,0.0,135.55515312499998,3.098315e-08
144.55,0.0,135.55490312499998,3.09693e-08
144.55,0.0,135.55465312499996,3.09522e-08
144.55,0.0,135.55440312499996,3.10321e-08
144.55,0.0,135.55415312499997,3.10287e-08
144.55,0.0,135.55390312499998,3.0973e-08
144.55,0.0,135.55365312499998,3.07971e-08
144.55,0.0,135.55340312499996,3.0772350000000005e-08
144.55,0.0,135.55315312499997,3.090005e-08
144.55,0.0,135.55290312499997,3.06303e-08
144.55,0.0,135.55265312499998,3.0904199999999994e-08
144.55,0.0,135.55240312499998,3.094915e-08
144.55,0.0,135.55215312499996,3.09793e-08
144.55,0.0,135.55190312499997,3.091365e-08
144.55,0.0,135.55165312499997,3.1049150000000004e-08
144.55,0.0,135.55140312499998,3.10038e-08
144.55,0.0,135.55115312499998,3.108305e-08
144.55,0.0,135.55090312499996,3.10718e-08
144.55,0.0,135.55065312499997,3.10602e-08
144.55,0.0,135.55040312499997,3.1062850000000003e-08
144.55,0.0,135.55015312499998,3.10607e-08
144.55,0.0,135.549903125,3.13215e-08
144.55,0.0,135.54965312499996,3.11448e-08
144.55,0.0,135.54940312499997,3.1141e-08
144.55,0.0,135.54915312499998,3.13918e-08
144.55,0.0,135.54890312499998,3.15181e-08
144.55,0.0,135.548653125,3.16494e-08
144.55,0.0,135.54840312499996,3.1553150000000006e-08
144.55,0.0,135.54815312499997,3.152605e-08
144.55,0.0,135.54790312499998,3.158295e-08
144.55,0.0,135.54765312499998,3.156525e-08
144.55,0.0,135.54740312499996,3.158355e-08
144.55,0.0,135.54715312499997,3.15315e-08
144.55,0.0,135.54690312499997,3.15165e-08
144.55,0.0,135.54665312499998,3.13417e-08
144.55,0.0,135.54640312499998,3.1549e-08
144.55,0.0,135.54615312499996,3.13992e-08
144.55,0.0,135.54590312499997,3.12318e-08
144.55,0.0,135.54565312499997,3.1317599999999995e-08
144.55,0.0,135.54540312499998,3.1254750000000004e-08
144.55,0.0,135.54515312499998,3.138825e-08
144.55,0.0,135.54490312499996,3.152945e-08
144.55,0.0,135.54465312499997,3.1519700000000004e-08
144.55,0.0,135.54440312499997,3.14668e-08
144.55,0.0,135.54415312499998,3.11762e-08
144.55,0.0,135.54390312499999,3.13293e-08
144.55,0.0,135.54365312499996,3.1354000000000004e-08
144.55,0.0,135.54340312499997,3.155465e-08
144.55,0.0,135.54315312499998,3.13608e-08
144.55,0.0,135.54290312499998,3.136865e-08
144.55,0.0,135.542653125,3.13281e-08
144.55,0.0,135.54240312499996,3.13079e-08
144.55,0.0,135.54215312499997,3.13756e-08
144.55,0.0,135.54190312499998,3.13506e-08
144.55,0.0,135.54165312499998,3.122885e-08
144.55,0.0,135.54140312499996,3.10216e-08
144.55,0.0,135.54115312499997,3.1117100000000005e-08
144.55,0.0,135.54090312499997,3.10231e-08
144.55,0.0,135.54065312499998,3.10707e-08
144.55,0.0,135.54040312499998,3.111785e-08
144.55,0.0,135.54015312499996,3.108115e-08
144.55,0.0,135.53990312499997,3.11479e-08
144.55,0.0,135.53965312499997,3.108235e-08
144.55,0.0,135.53940312499998,3.119685e-08
144.55,0.0,135.53915312499998,3.089825e-08
144.55,0.0,135.53890312499996,3.09182e-08
144.55,0.0,135.53865312499997,3.1012e-08
144.55,0.0,135.53840312499997,3.1119150000000004e-08
144.55,0.0,135.53815312499998,3.09769e-08
144.55,0.0,135.53790312499999,3.09857e-08
144.55,0.0,135.53765312499996,3.082375e-08
144.55,0.0,135.53740312499997,3.0813450000000004e-08
144.55,0.0,135.53715312499997,3.091925e-08
144.55,0.0,135.53690312499998,3.07659e-08
144.55,0.0,135.536653125,3.0928e-08
144.55,0.0,135.53640312499996,3.0631733333333336e-08
144.55,0.0,135.53615312499997,3.0718e-08
144.55,0.0,135.53590312499998,3.053695e-08
144.55,0.0,135.53565312499998,3.072235e-08
144.55,0.0,135.53540312499996,3.07743e-08
144.55,0.0,135.53515312499997,3.08274e-08
144.55,0.0,135.53490312499997,3.0797700000000006e-08
144.55,0.0,135.53465312499998,3.067205e-08
144.55,0.0,135.53440312499998,3.0739700000000006e-08
144.55,0.0,135.53415312499996,3.0573799999999995e-08
144.55,0.0,135.53390312499997,3.055775e-08
144.55,0.0,135.53365312499997,3.0619350000000003e-08
144.55,0.0,135.53340312499998,3.0564400000000003e-08
144.55,0.0,135.53315312499998,3.06355e-08
144.55,0.0,135.53290312499996,3.051455e-08
144.55,0.0,135.53265312499997,3.045885e-08
144.55,0.0,135.53240312499997,3.05098e-08
144.55,0.0,135.53215312499998,3.05515e-08
144.55,0.0,135.53190312499999,3.06959e-08
144.55,0.0,135.53165312499996,3.048946666666667e-08
144.55,0.0,135.53140312499997,3.037075e-08
144.55,0.0,135.53115312499997,3.05192e-08
144.55,0.0,135.53090312499998,3.044725e-08
144.55,0.0,135.530653125,3.035005e-08
144.55,0.0,135.53040312499996,3.06155e-08
144.55,0.0,135.53015312499997,3.03823e-08
144.55,0.0,135.52990312499998,3.04982e-08
144.55,0.0,135.52965312499998,3.0463600000000006e-08
144.55,0.0,135.52940312499996,3.0449766666666674e-08
144.55,0.0,135.52915312499997,3.0318e-08
144.55,0.0,135.52890312499997,3.052785e-08
144.55,0.0,135.52865312499998,3.05134e-08
144.55,0.0,135.52840312499998,3.04343e-08
144.55,0.0,135.52815312499996,3.05706e-08
144.55,0.0,135.52790312499997,3.039425e-08
144.55,0.0,135.52765312499997,3.0271e-08
144.55,0.0,135.52740312499998,3.02183e-08
144.55,0.0,135.52715312499998,3.028785e-08
144.55,0.0,135.52690312499996,3.037355e-08
144.55,0.0,135.52665312499997,3.03121e-08
144.55,0.0,135.52640312499997,3.046685e-08
144.55,0.0,135.52615312499998,3.06893e-08
144.55,0.0,135.52590312499999,3.04336e-08
144.55,0.0,135.52565312499996,3.0544600000000005e-08
144.55,0.0,135.52540312499997,3.060085e-08
144.55,0.0,135.52515312499997,3.0480700000000004e-08
144.55,0.0,135.52490312499998,3.05571e-08
144.55,0.0,135.524653125,3.05e-08
144.55,0.0,135.52440312499996,3.0455000000000004e-08
144.55,0.0,135.52415312499997,3.04683e-08
144.55,0.0,135.52390312499998,3.04926e-08
144.55,0.0,135.52365312499998,3.045645e-08
144.55,0.0,135.52340312499996,3.02667e-08
144.55,0.0,135.52315312499996,3.02419e-08
144.55,0.0,135.52290312499997,3.031075e-08
144.55,0.0,135.52265312499998,3.0282200000000004e-08
144.55,0.0,135.52240312499998,3.0174e-08
144.55,0.0,135.52215312499996,3.018685e-08
144.55,0.0,135.52190312499997,3.05202e-08
144.55,0.0,135.52165312499997,3.027985e-08
144.55,0.0,135.52140312499998,3.024435e-08
144.55,0.0,135.52115312499998,3.01888e-08
144.55,0.0,135.52090312499996,3.0129350000000004e-08
144.55,0.0,135.52065312499997,3.022085e-08
144.55,0.0,135.52040312499997,3.01524e-08
144.55,0.0,135.52015312499998,3.029895e-08
144.55,0.0,135.51990312499998,3.01763e-08
144.55,0.0,135.51965312499996,3.02556e-08
144.55,0.0,135.51940312499997,3.0223299999999995e-08
144.55,0.0,135.51915312499997,3.07474e-08
144.55,0.0,135.51890312499998,3.010375e-08
144.55,0.0,135.518653125,3.01477e-08
144.55,0.0,135.51840312499996,3.027235e-08
144.55,0.0,135.51815312499997,3.0248200000000005e-08
144.55,0.0,135.51790312499998,3.057935e-08
144.55,0.0,135.51765312499998,3.04324e-08
144.55,0.0,135.517403125,3.04092e-08
144.55,0.0,135.51715312499996,3.053855e-08
144.55,0.0,135.51690312499997,3.0618949999999995e-08
144.55,0.0,135.51665312499998,3.0527e-08
144.55,0.0,135.51640312499998,3.067215e-08
144.55,0.0,135.51615312499996,3.06096e-08
144.55,0.0,135.51590312499997,3.04961e-08
144.55,0.0,135.51565312499997,3.07168e-08
144.55,0.0,135.51540312499998,3.06867e-08
144.55,0.0,135.51515312499998,3.09918e-08
144.55,0.0,135.51490312499996,3.07569e-08
144.55,0.0,135.51465312499997,3.0493999999999995e-08
144.55,0.0,135.51440312499997,3.08308e-08
144.55,0.0,135.51415312499998,3.062045e-08
144.55,0.0,135.51390312499998,3.06558e-08
144.55,0.0,135.51365312499996,3.07424e-08
144.55,0.0,135.51340312499997,3.06862e-08
144.55,0.0,135.51315312499997,3.07184e-08
144.55,0.0,135.51290312499998,3.07457e-08
144.55,0.0,135.51265312499999,3.085265e-08
144.55,0.0,135.51240312499996,3.08299e-08
144.55,0.0,135.51215312499997,3.0851599999999995e-08
144.55,0.0,135.51190312499998,3.09767e-08
144.55,0.0,135.51165312499998,3.090055e-08
144.55,0.0,135.511403125,3.080805e-08
144.55,0.0,135.51115312499996,3.103615e-08
144.55,0.0,135.51090312499997,3.11938e-08
144.55,0.0,135.51065312499998,3.118615e-08
144.55,0.0,135.51040312499998,3.09973e-08
144.55,0.0,135.51015312499996,3.0837800000000004e-08
144.55,0.0,135.50990312499997,3.107685e-08
144.55,0.0,135.50965312499997,3.110395e-08
144.55,0.0,135.50940312499998,3.06866e-08
144.55,0.0,135.50915312499998,3.09421e-08
144.55,0.0,135.50890312499996,3.1003949999999995e-08
144.55,0.0,135.50865312499997,3.115045e-08
144.55,0.0,135.50840312499997,3.08676e-08
144.55,0.0,135.50815312499998,3.128055e-08
144.55,0.0,135.50790312499998,3.1260949999999995e-08
144.55,0.0,135.50765312499996,3.119025e-08
144.55,0.0,135.50740312499997,3.15612e-08
144.55,0.0,135.50715312499997,3.111435e-08
144.55,0.0,135.50690312499998,3.1243299999999994e-08
144.55,0.0,135.50665312499999,3.13042e-08
144.55,0.0,135.50640312499996,3.08667e-08
144.55,0.0,135.50615312499997,3.124195e-08
144.55,0.0,135.50590312499997,3.106865e-08
144.55,0.0,135.50565312499998,3.116635e-08
144.55,0.0,135.505403125,3.10221e-08
144.55,0.0,135.50515312499996,3.107495e-08
144.55,0.0,135.50490312499997,3.0913149999999995e-08
144.55,0.0,135.50465312499998,3.110965e-08
144.55,0.0,135.50440312499998,3.10117e-08
144.55,0.0,135.50415312499996,3.095375e-08
144.55,0.0,135.50390312499997,3.1065149999999995e-08
144.55,0.0,135.50365312499997,3.07896e-08
144.55,0.0,135.50340312499998,3.08982e-08
144.55,0.0,135.50315312499998,3.10409e-08
144.55,0.0,135.50290312499996,3.07428e-08
144.55,0.0,135.50265312499997,3.096775e-08
144.55,0.0,135.50240312499997,3.09808e-08
144.55,0.0,135.50215312499998,3.099355e-08
144.55,0.0,135.50190312499998,3.12523e-08
144.55,0.0,135.50165312499996,3.10518e-08
144.55,0.0,135.50140312499997,3.06508e-08
144.55,0.0,135.50115312499997,3.078795e-08
144.55,0.0,135.50090312499998,3.08842e-08
144.55,0.0,135.50065312499999,3.088665e-08
144.55,0.0,135.50040312499996,3.0843e-08
144.55,0.0,135.50015312499997,3.09994e-08
144.55,0.0,135.49990312499997,3.1040933333333334e-08
144.55,0.0,135.49965312499998,3.10687e-08
144.55,0.0,135.499403125,3.110135e-08
144.55,0.0,135.49915312499996,3.0889200000000004e-08
144.55,0.0,135.49890312499997,3.09763e-08
144.55,0.0,135.49865312499998,3.098655e-08
144.55,0.0,135.49840312499998,3.11331e-08
144.55,0.0,135.49815312499996,3.10911e-08
144.55,0.0,135.49790312499997,3.097453333333333e-08
144.55,0.0,135.49765312499997,3.09454e-08
144.55,0.0,135.49740312499998,3.081505e-08
144.55,0.0,135.49715312499998,3.0869e-08
144.55,0.0,135.49690312499996,3.078215e-08
144.55,0.0,135.49665312499997,3.08107e-08
144.55,0.0,135.49640312499997,3.081045e-08
144.55,0.0,135.49615312499998,3.060395e-08
144.55,0.0,135.49590312499998,3.09196e-08
144.55,0.0,135.49565312499996,3.08036e-08
144.55,0.0,135.49540312499997,3.0819850000000006e-08
144.55,0.0,135.49515312499997,3.0647e-08
144.55,0.0,135.49490312499998,3.07211e-08
144.55,0.0,135.49465312499999,3.10547e-08
144.55,0.0,135.49440312499996,3.07725e-08
144.55,0.0,135.49415312499997,3.08037e-08
144.55,0.0,135.49390312499997,3.067095e-08
144.55,0.0,135.49365312499998,3.08043e-08
144.55,0.0,135.493403125,3.0839800000000006e-08
144.55,0.0,135.49315312499996,3.0815450000000006e-08
144.55,0.0,135.49290312499997,3.06682e-08
144.55,0.0,135.49265312499998,3.062e-08
144.55,0.0,135.49240312499998,3.07126e-08
144.55,0.0,135.49215312499996,3.07431e-08
144.55,0.0,135.49190312499996,3.06933e-08
144.55,0.0,135.49165312499997,3.06438e-08
144.55,0.0,135.49140312499998,3.046945e-08
144.55,0.0,135.49115312499998,3.06054e-08
144.55,0.0,135.49090312499996,3.07933e-08
144.55,0.0,135.49065312499997,3.05693e-08
144.55,0.0,135.49040312499997,3.0639e-08
144.55,0.0,135.49015312499998,3.06055e-08
144.55,0.0,135.48990312499998,3.07202e-08
144.55,0.0,135.48965312499996,3.05941e-08
144.55,0.0,135.48940312499997,3.05273e-08
144.55,0.0,135.48915312499997,3.05925e-08
144.55,0.0,135.48890312499998,3.06233e-08
144.55,0.0,135.48865312499998,3.0673950000000004e-08
144.55,0.0,135.48840312499996,3.076395e-08
144.55,0.0,135.48815312499997,3.06135e-08
144.55,0.0,135.48790312499997,3.05029e-08
144.55,0.0,135.48765312499998,3.06083e-08
144.55,0.0,135.487403125,3.046465e-08
144.55,0.0,135.48715312499996,3.0646050000000005e-08
144.55,0.0,135.48690312499997,3.0547300000000005e-08
144.55,0.0,135.48665312499998,3.085575e-08
144.55,0.0,135.48640312499998,3.046545e-08
144.55,0.0,135.486153125,3.0761649999999995e-08
144.55,0.0,135.48590312499996,3.0740900000000005e-08
144.55,0.0,135.48565312499997,3.07389e-08
144.55,0.0,135.48540312499998,3.079065e-08
144.55,0.0,135.48515312499998,3.0643799999999995e-08
144.55,0.0,135.48490312499996,3.1001800000000004e-08
144.55,0.0,135.48465312499997,3.09994e-08
144.55,0.0,135.48440312499997,3.0733300000000004e-08
144.55,0.0,135.48415312499998,3.07985e-08
144.55,0.0,135.48390312499998,3.084606666666666e-08
144.55,0.0,135.48365312499996,3.08869e-08
144.55,0.0,135.48340312499997,3.097805e-08
144.55,0.0,135.48315312499997,3.124095e-08
144.55,0.0,135.48290312499998,3.132825e-08
144.55,0.0,135.48265312499998,3.11112e-08
144.55,0.0,135.48240312499996,3.105305e-08
144.55,0.0,135.48215312499997,3.0815599999999994e-08
144.55,0.0,135.48190312499997,3.12352e-08
144.55,0.0,135.48165312499998,3.115555e-08
144.55,0.0,135.48140312499999,3.109095e-08
144.55,0.0,135.48115312499996,3.122055e-08
144.55,0.0,135.48090312499997,3.10677e-08
144.55,0.0,135.48065312499998,3.09528e-08
144.55,0.0,135.48040312499998,3.10562e-08
144.55,0.0,135.480153125,3.116765e-08
144.55,0.0,135.47990312499996,3.1696050000000004e-08
144.55,0.0,135.47965312499997,3.123055e-08
144.55,0.0,135.47940312499998,3.1397950000000005e-08
144.55,0.0,135.47915312499998,3.141595e-08
144.55,0.0,135.47890312499996,3.12685e-08
144.55,0.0,135.47865312499997,3.14236e-08
144.55,0.0,135.47840312499997,3.1487400000000004e-08
144.55,0.0,135.47815312499998,3.169975e-08
144.55,0.0,135.47790312499998,3.123975e-08
144.55,0.0,135.47765312499996,3.144205e-08
144.55,0.0,135.47740312499997,3.138705e-08
144.55,0.0,135.47715312499997,3.1396950000000004e-08
144.55,0.0,135.47690312499998,3.13578e-08
144.55,0.0,135.47665312499998,3.128475e-08
144.55,0.0,135.47640312499996,3.168115e-08
144.55,0.0,135.47615312499997,3.17229e-08
144.55,0.0,135.47590312499997,3.178535e-08
144.55,0.0,135.47565312499998,3.1850199999999995e-08
144.55,0.0,135.47540312499999,3.217785e-08
144.55,0.0,135.47515312499996,3.183395e-08
144.55,0.0,135.47490312499997,3.18208e-08
144.55,0.0,135.47465312499997,3.1695149999999995e-08
144.55,0.0,135.47440312499998,3.1962850000000005e-08
144.55,0.0,135.474153125,3.188145e-08
144.55,0.0,135.47390312499996,3.19495e-08
144.55,0.0,135.47365312499997,3.202075e-08
144.55,0.0,135.47340312499998,3.2249e-08
144.55,0.0,135.47315312499998,3.1933250000000006e-08
144.55,0.0,135.47290312499996,3.1880299999999995e-08
144.55,0.0,135.47265312499997,3.193535e-08
144.55,0.0,135.47240312499997,3.223125e-08
144.55,0.0,135.47215312499998,3.2081e-08
144.55,0.0,135.47190312499998,3.21539e-08
144.55,0.0,135.47165312499996,3.2059400000000004e-08
144.55,0.0,135.47140312499997,3.2304e-08
144.55,0.0,135.47115312499997,3.21644e-08
144.55,0.0,135.47090312499998,3.23359e-08
144.55,0.0,135.47065312499998,3.22691e-08
144.55,0.0,135.47040312499996,3.2228099999999995e-08
144.55,0.0,135.47015312499997,3.2422250000000004e-08
144.55,0.0,135.46990312499997,3.23672e-08
144.55,0.0,135.46965312499998,3.22766e-08
144.55,0.0,135.46940312499999,3.21819e-08
144.55,0.0,135.46915312499996,3.256725e-08
144.55,0.0,135.46890312499997,3.244945e-08
144.55,0.0,135.46865312499997,3.259745e-08
144.55,0.0,135.46840312499998,3.23925e-08
144.55,0.0,135.468153125,3.2777949999999995e-08
144.55,0.0,135.46790312499996,3.24086e-08
144.55,0.0,135.46765312499997,3.28292e-08
144.55,0.0,135.46740312499998,3.297105e-08
144.55,0.0,135.46715312499998,3.3030600000000005e-08
144.55,0.0,135.46690312499996,3.29584e-08
144.55,0.0,135.46665312499997,3.30933e-08
144.55,0.0,135.46640312499997,3.31521e-08
144.55,0.0,135.46615312499998,3.316625e-08
144.55,0.0,135.46590312499998,3.25828e-08
144.55,0.0,135.46565312499996,3.3232599999999995e-08
144.55,0.0,135.46540312499997,3.32804e-08
144.55,0.0,135.46515312499997,3.33308e-08
144.55,0.0,135.46490312499998,3.34576e-08
144.55,0.0,135.46465312499998,3.33641e-08
144.55,0.0,135.46440312499996,3.3497100000000004e-08
144.55,0.0,135.46415312499997,3.369805e-08
144.55,0.0,135.46390312499997,3.3758500000000004e-08
144.55,0.0,135.46365312499998,3.37711e-08
144.55,0.0,135.46340312499999,3.33808e-08
144.55,0.0,135.46315312499996,3.372885e-08
144.55,0.0,135.46290312499997,3.37968e-08
144.55,0.0,135.46265312499997,3.399445e-08
144.55,0.0,135.46240312499998,3.38365e-08
144.55,0.0,135.462153125,3.3838650000000004e-08
144.55,0.0,135.46190312499996,3.39075e-08
144.55,0.0,135.46165312499997,3.3542500000000004e-08
144.55,0.0,135.46140312499998,3.366785e-08
144.55,0.0,135.46115312499998,3.37774e-08
144.55,0.0,135.46090312499996,3.3807200000000004e-08
144.55,0.0,135.46065312499996,3.337695e-08
144.55,0.0,135.46040312499997,3.36958e-08
144.55,0.0,135.46015312499998,3.367325e-08
144.55,0.0,135.45990312499998,3.3499e-08
144.55,0.0,135.45965312499996,3.330225e-08
144.55,0.0,135.45940312499997,3.3405200000000005e-08
144.55,0.0,135.45915312499997,3.28858e-08
144.55,0.0,135.45890312499998,3.310045e-08
144.55,0.0,135.45865312499998,3.2518749999999995e-08
144.55,0.0,135.45840312499996,3.2365e-08
144.55,0.0,135.45815312499997,3.20492e-08
144.55,0.0,135.45790312499997,3.18412e-08
144.55,0.0,135.45765312499998,3.16455e-08
144.55,0.0,135.45740312499998,3.127973333333333e-08
144.55,0.0,135.45715312499996,3.09149e-08
144.55,0.0,135.45690312499997,3.0376149999999995e-08
144.55,0.0,135.45665312499997,2.996595e-08
144.55,0.0,135.45640312499998,2.96411e-08
144.55,0.0,135.456153125,2.87577e-08
144.55,0.0,135.45590312499996,2.820425e-08
144.55,0.0,135.45565312499997,2.746615e-08
144.55,0.0,135.45540312499998,2.6467500000000002e-08
144.55,0.0,135.45515312499998,2.55554e-08
144.55,0.0,135.454903125,2.463485e-08
144.55,0.0,135.45465312499996,2.37597e-08
144.55,0.0,135.45440312499997,2.258245e-08
144.55,0.0,135.45415312499998,2.20572e-08
144.55,0.0,135.45390312499998,2.13861e-08
144.55,0.0,135.45365312499996,2.032775e-08
144.55,0.0,135.45340312499997,1.958045e-08
144.55,0.0,135.45315312499997,1.84341e-08
144.55,0.0,135.45290312499998,1.76707e-08
144.55,0.0,135.45265312499998,1.648e-08
144.55,0.0,135.45240312499996,1.55465e-08
144.55,0.0,135.45215312499997,1.43026e-08
144.55,0.0,135.45190312499997,1.38603e-08
144.55,0.0,135.45165312499998,1.301735e-08
144.55,0.0,135.45140312499998,1.204185e-08
144.55,0.0,135.45115312499996,1.10455e-08
144.55,0.0,135.45090312499997,1.03931e-08
144.55,0.0,135.45065312499997,9.216556666666666e-09
144.55,0.0,135.45040312499998,7.626175000000001e-09
144.55,0.0,135.45015312499999,6.72882e-09
144.55,0.0,135.44990312499996,5.9106050000000014e-09
144.55,0.0,135.44965312499997,4.99047e-09
144.55,0.0,135.44940312499998,4.206405e-09
144.55,0.0,135.44915312499998,2.73165e-09
144.55,0.0,135.448903125,2.5562400000000003e-09
144.55,0.0,135.44865312499996,1.72766e-09
144.55,0.0,135.44840312499997,1.057379e-09
144.55,0.0,135.44815312499998,6.239e-12
144.55,0.0,135.44790312499998,-4.800065e-10
144.55,0.0,135.44765312499996,-9.840154999999999e-10
144.55,0.0,135.44740312499997,-1.19326e-09
144.55,0.0,135.44715312499997,-1.74118e-09
144.55,0.0,135.44690312499998,-1.48347e-09
144.55,0.0,135.44665312499998,-1.718895e-09
144.55,0.0,135.44640312499996,-1.99985e-09
144.55,0.0,135.44615312499997,-2.375195e-09
144.55,0.0,135.44590312499997,-2.94351e-09
144.55,0.0,135.44565312499998,-3.36813e-09
144.55,0.0,135.44540312499998,-3.47309e-09
154.05,0.0,136.44765312499996,1.271845e-08
154.05,0.0,136.44740312499997,1.391355e-08
154.05,0.0,136.44715312499997,1.633905e-08
154.05,0.0,136.44690312499998,1.84928e-08
154.05,0.0,136.44665312499998,1.933775e-08
154.05,0.0,136.44640312499996,2.054725e-08
154.05,0.0,136.44615312499997,2.2353250000000002e-08
154.05,0.0,136.44590312499997,2.44997e-08
154.05,0.0,136.44565312499998,2.62572e-08
154.05,0.0,136.44540312499998,2.943515e-08
154.05,0.0,136.44515312499996,3.13788e-08
154.05,0.0,136.44490312499997,3.40195e-08
154.05,0.0,136.44465312499997,3.5382649999999994e-08
154.05,0.0,136.44440312499998,3.677555e-08
154.05,0.0,136.44415312499999,3.8654250000000003e-08
154.05,0.0,136.44390312499996,3.987025e-08
154.05,0.0,136.44365312499997,4.089065e-08
154.05,0.0,136.44340312499997,4.26505e-08
154.05,0.0,136.44315312499998,4.56575e-08
154.05,0.0,136.442903125,4.664245e-08
154.05,0.0,136.44265312499996,4.80461e-08
154.05,0.0,136.44240312499997,4.900355e-08
154.05,0.0,136.44215312499998,4.93256e-08
154.05,0.0,136.44190312499998,4.98569e-08
154.05,0.0,136.44165312499996,5.00314e-08
154.05,0.0,136.44140312499997,5.07669e-08
154.05,0.0,136.44115312499997,5.14354e-08
154.05,0.0,136.44090312499998,5.20742e-08
154.05,0.0,136.44065312499998,5.23378e-08
154.05,0.0,136.44040312499996,5.257765e-08
154.05,0.0,136.44015312499997,5.2781e-08
154.05,0.0,136.43990312499997,5.26936e-08
154.05,0.0,136.43965312499998,5.241295e-08
154.05,0.0,136.43940312499998,5.26711e-08
154.05,0.0,136.43915312499996,5.28605e-08
154.05,0.0,136.43890312499997,5.27624e-08
154.05,0.0,136.43865312499997,5.261615e-08
154.05,0.0,136.43840312499998,5.28715e-08
154.05,0.0,136.43815312499999,5.29575e-08
154.05,0.0,136.43790312499996,5.2614e-08
154.05,0.0,136.43765312499997,5.27939e-08
154.05,0.0,136.43740312499997,5.301905e-08
154.05,0.0,136.43715312499998,5.2466950000000006e-08
154.05,0.0,136.436903125,5.2441e-08
154.05,0.0,136.43665312499996,5.253645e-08
154.05,0.0,136.43640312499997,5.177055e-08
154.05,0.0,136.43615312499998,5.14131e-08
154.05,0.0,136.43590312499998,5.0968e-08
154.05,0.0,136.43565312499996,5.078405e-08
154.05,0.0,136.43540312499997,5.125525e-08
154.05,0.0,136.43515312499997,5.040725e-08
154.05,0.0,136.43490312499998,5.030565e-08
154.05,0.0,136.43465312499998,5.0043550000000003e-08
154.05,0.0,136.43440312499996,4.95102e-08
154.05,0.0,136.43415312499997,4.90717e-08
154.05,0.0,136.43390312499997,4.919065e-08
154.05,0.0,136.43365312499998,4.889795e-08
154.05,0.0,136.43340312499998,4.8464500000000004e-08
154.05,0.0,136.43315312499996,4.81287e-08
154.05,0.0,136.43290312499997,4.8323e-08
154.05,0.0,136.43265312499997,4.78566e-08
154.05,0.0,136.43240312499998,4.745295e-08
154.05,0.0,136.43215312499999,4.70943e-08
154.05,0.0,136.43190312499996,4.727025e-08
154.05,0.0,136.43165312499997,4.718495e-08
154.05,0.0,136.43140312499997,4.71098e-08
154.05,0.0,136.43115312499998,4.66942e-08
154.05,0.0,136.430903125,4.720895e-08
154.05,0.0,136.43065312499996,4.69215e-08
154.05,0.0,136.43040312499997,4.69835e-08
154.05,0.0,136.43015312499998,4.68597e-08
154.05,0.0,136.42990312499998,4.65872e-08
154.05,0.0,136.42965312499996,4.6619150000000004e-08
154.05,0.0,136.42940312499996,4.642835e-08
154.05,0.0,136.42915312499997,4.60353e-08
154.05,0.0,136.42890312499998,4.6374150000000004e-08
154.05,0.0,136.42865312499998,4.652275000000001e-08
154.05,0.0,136.42840312499996,4.63957e-08
154.05,0.0,136.42815312499997,4.724235e-08
154.05,0.0,136.42790312499997,4.730005e-08
154.05,0.0,136.42765312499998,4.759225e-08
154.05,0.0,136.42740312499998,4.78592e-08
154.05,0.0,136.42715312499996,4.77055e-08
154.05,0.0,136.42690312499997,4.786435e-08
154.05,0.0,136.42665312499997,4.78147e-08
154.05,0.0,136.42640312499998,4.775215e-08
154.05,0.0,136.42615312499998,4.77775e-08
154.05,0.0,136.42590312499996,4.744316666666668e-08
154.05,0.0,136.42565312499997,4.72852e-08
154.05,0.0,136.42540312499997,4.74567e-08
154.05,0.0,136.42515312499998,4.714e-08
154.05,0.0,136.424903125,4.64423e-08
154.05,0.0,136.42465312499996,4.63864e-08
154.05,0.0,136.42440312499997,4.61981e-08
154.05,0.0,136.42415312499998,4.67553e-08
154.05,0.0,136.42390312499998,4.6347e-08
154.05,0.0,136.423653125,4.590435e-08
154.05,0.0,136.42340312499996,4.61593e-08
154.05,0.0,136.42315312499997,4.642605e-08
154.05,0.0,136.42290312499998,4.56334e-08
154.05,0.0,136.42265312499998,4.5836e-08
154.05,0.0,136.42240312499996,4.56593e-08
154.05,0.0,136.42215312499997,4.586915e-08
154.05,0.0,136.42190312499997,4.5849e-08
154.05,0.0,136.42165312499998,4.55927e-08
154.05,0.0,136.42140312499998,4.50989e-08
154.05,0.0,136.42115312499996,4.485235e-08
154.05,0.0,136.42090312499997,4.454085e-08
154.05,0.0,136.42065312499997,4.42698e-08
154.05,0.0,136.42040312499998,4.46423e-08
154.05,0.0,136.42015312499998,4.4443e-08
154.05,0.0,136.41990312499996,4.393705e-08
154.05,0.0,136.41965312499997,4.445605e-08
154.05,0.0,136.41940312499997,4.45826e-08
154.05,0.0,136.41915312499998,4.474470000000001e-08
154.05,0.0,136.41890312499999,4.4501750000000003e-08
154.05,0.0,136.41865312499996,4.456325e-08
154.05,0.0,136.41840312499997,4.49766e-08
154.05,0.0,136.41815312499998,4.46077e-08
154.05,0.0,136.41790312499998,4.44077e-08
154.05,0.0,136.417653125,4.43301e-08
154.05,0.0,136.41740312499996,4.34662e-08
154.05,0.0,136.41715312499997,4.377885e-08
154.05,0.0,136.41690312499998,4.339785e-08
154.05,0.0,136.41665312499998,4.36009e-08
154.05,0.0,136.41640312499996,4.35687e-08
154.05,0.0,136.41615312499997,4.37521e-08
154.05,0.0,136.41590312499997,4.30625e-08
154.05,0.0,136.41565312499998,4.309705e-08
154.05,0.0,136.41540312499998,4.17213e-08
154.05,0.0,136.41515312499996,4.278545e-08
154.05,0.0,136.41490312499997,4.28259e-08
154.05,0.0,136.41465312499997,4.2776233333333336e-08
154.05,0.0,136.41440312499998,4.26395e-08
154.05,0.0,136.41415312499998,4.232925e-08
154.05,0.0,136.41390312499996,4.250785e-08
154.05,0.0,136.41365312499997,4.22347e-08
154.05,0.0,136.41340312499997,4.13584e-08
154.05,0.0,136.41315312499998,4.20267e-08
154.05,0.0,136.41290312499999,4.18445e-08
154.05,0.0,136.41265312499996,4.150315e-08
154.05,0.0,136.41240312499997,4.147565e-08
154.05,0.0,136.41215312499997,4.09015e-08
154.05,0.0,136.41190312499998,4.074755e-08
154.05,0.0,136.411653125,4.06289e-08
154.05,0.0,136.41140312499996,4.07761e-08
154.05,0.0,136.41115312499997,4.063445e-08
154.05,0.0,136.41090312499998,4.004315e-08
154.05,0.0,136.41065312499998,4.011575e-08
154.05,0.0,136.41040312499996,4.046575e-08
154.05,0.0,136.41015312499997,3.988205e-08
154.05,0.0,136.40990312499997,4.018465e-08
154.05,0.0,136.40965312499998,3.99438e-08
154.05,0.0,136.40940312499998,3.988545e-08
154.05,0.0,136.40915312499996,3.981205e-08
154.05,0.0,136.40890312499997,3.966695e-08
154.05,0.0,136.40865312499997,3.96376e-08
154.05,0.0,136.40840312499998,3.92584e-08
154.05,0.0,136.40815312499998,3.92495e-08
154.05,0.0,136.40790312499996,3.94358e-08
154.05,0.0,136.40765312499997,3.973645e-08
154.05,0.0,136.40740312499997,3.89497e-08
154.05,0.0,136.40715312499998,3.8845e-08
154.05,0.0,136.40690312499999,3.90852e-08
154.05,0.0,136.40665312499996,3.90332e-08
154.05,0.0,136.40640312499997,3.86256e-08
154.05,0.0,136.40615312499997,3.827895e-08
154.05,0.0,136.40590312499998,3.830475e-08
154.05,0.0,136.405653125,3.81207e-08
154.05,0.0,136.40540312499996,3.7925000000000004e-08
154.05,0.0,136.40515312499997,3.800765e-08
154.05,0.0,136.40490312499998,3.799425e-08
154.05,0.0,136.40465312499998,3.75494e-08
154.05,0.0,136.40440312499996,3.76658e-08
154.05,0.0,136.40415312499997,3.741405e-08
154.05,0.0,136.40390312499997,3.78947e-08
154.05,0.0,136.40365312499998,3.7603550000000006e-08
154.05,0.0,136.40340312499998,3.74711e-08
154.05,0.0,136.40315312499996,3.77331e-08
154.05,0.0,136.40290312499997,3.75802e-08
154.05,0.0,136.40265312499997,3.73916e-08
154.05,0.0,136.40240312499998,3.704785e-08
154.05,0.0,136.40215312499998,3.7047300000000004e-08
154.05,0.0,136.40190312499996,3.66963e-08
154.05,0.0,136.40165312499997,3.68937e-08
154.05,0.0,136.40140312499997,3.6959e-08
154.05,0.0,136.40115312499998,3.678613333333333e-08
154.05,0.0,136.40090312499999,3.644465e-08
154.05,0.0,136.40065312499996,3.82527e-08
154.05,0.0,136.40040312499997,3.624825e-08
154.05,0.0,136.40015312499997,3.6373e-08
154.05,0.0,136.39990312499998,3.657555e-08
154.05,0.0,136.399653125,3.64411e-08
154.05,0.0,136.39940312499996,3.678475e-08
154.05,0.0,136.39915312499997,3.666495e-08
154.05,0.0,136.39890312499998,3.628266666666667e-08
154.05,0.0,136.39865312499998,3.67606e-08
154.05,0.0,136.39840312499996,3.6125450000000005e-08
154.05,0.0,136.39815312499996,3.60998e-08
154.05,0.0,136.39790312499997,3.618405e-08
154.05,0.0,136.39765312499998,3.57735e-08
154.05,0.0,136.39740312499998,3.64342e-08
154.05,0.0,136.39715312499996,3.575055e-08
154.05,0.0,136.39690312499997,3.589565e-08
154.05,0.0,136.39665312499997,3.507065e-08
154.05,0.0,136.39640312499998,3.578615e-08
154.05,0.0,136.39615312499998,3.5558149999999995e-08
154.05,0.0,136.39590312499996,3.5551100000000004e-08
154.05,0.0,136.39565312499997,3.4984e-08
154.05,0.0,136.39540312499997,3.479285e-08
154.05,0.0,136.39515312499998,3.521465e-08
154.05,0.0,136.39490312499998,3.541925e-08
154.05,0.0,136.39465312499996,3.544605e-08
154.05,0.0,136.39440312499997,3.52776e-08
154.05,0.0,136.39415312499997,3.50826e-08
154.05,0.0,136.39390312499998,3.51879e-08
154.05,0.0,136.393653125,3.43617e-08
154.05,0.0,136.39340312499996,3.48496e-08
154.05,0.0,136.39315312499997,3.46841e-08
154.05,0.0,136.39290312499998,3.423115e-08
154.05,0.0,136.39265312499998,3.47288e-08
154.05,0.0,136.392403125,3.4433950000000006e-08
154.05,0.0,136.39215312499996,3.48194e-08
154.05,0.0,136.39190312499997,3.434175e-08
154.05,0.0,136.39165312499998,3.43754e-08
154.05,0.0,136.39140312499998,3.4154650000000005e-08
154.05,0.0,136.39115312499996,3.4466e-08
154.05,0.0,136.39090312499997,3.4061500000000004e-08
154.05,0.0,136.39065312499997,3.37926e-08
154.05,0.0,136.39040312499998,3.39253e-08
154.05,0.0,136.39015312499998,3.39115e-08
154.05,0.0,136.38990312499996,3.4390700000000004e-08
154.05,0.0,136.38965312499997,3.43067e-08
154.05,0.0,136.38940312499997,3.4349100000000004e-08
154.05,0.0,136.38915312499998,3.37325e-08
154.05,0.0,136.38890312499998,3.44886e-08
154.05,0.0,136.38865312499996,3.4543149999999995e-08
154.05,0.0,136.38840312499997,3.427045e-08
154.05,0.0,136.38815312499997,3.4197600000000004e-08
154.05,0.0,136.38790312499998,3.4030050000000004e-08
154.05,0.0,136.38765312499999,3.389415e-08
154.05,0.0,136.38740312499996,3.36889e-08
154.05,0.0,136.38715312499997,3.36695e-08
154.05,0.0,136.38690312499998,3.3617e-08
154.05,0.0,136.38665312499998,3.368435e-08
154.05,0.0,136.386403125,3.3497600000000005e-08
154.05,0.0,136.38615312499996,3.35612e-08
154.05,0.0,136.38590312499997,3.39212e-08
154.05,0.0,136.38565312499998,3.338045e-08
154.05,0.0,136.38540312499998,3.31707e-08
154.05,0.0,136.38515312499996,3.33605e-08
154.05,0.0,136.38490312499997,3.33901e-08
154.05,0.0,136.38465312499997,3.3316299999999995e-08
154.05,0.0,136.38440312499998,3.314785e-08
154.05,0.0,136.38415312499998,3.327885e-08
154.05,0.0,136.38390312499996,3.29605e-08
154.05,0.0,136.38365312499997,3.3144699999999994e-08
154.05,0.0,136.38340312499997,3.335065e-08
154.05,0.0,136.38315312499998,3.28864e-08
154.05,0.0,136.38290312499998,3.32667e-08
154.05,0.0,136.38265312499996,3.259245e-08
154.05,0.0,136.38240312499997,3.289645e-08
154.05,0.0,136.38215312499997,3.2962249999999995e-08
154.05,0.0,136.38190312499998,3.2063e-08
154.05,0.0,136.38165312499999,3.272825e-08
154.05,0.0,136.38140312499996,3.28031e-08
154.05,0.0,136.38115312499997,3.27378e-08
154.05,0.0,136.38090312499997,3.24286e-08
154.05,0.0,136.38065312499998,3.289675e-08
154.05,0.0,136.380403125,3.259715e-08
154.05,0.0,136.38015312499996,3.203025e-08
154.05,0.0,136.37990312499997,3.20977e-08
154.05,0.0,136.37965312499998,3.195655e-08
154.05,0.0,136.37940312499998,3.217875e-08
154.05,0.0,136.37915312499996,3.24042e-08
154.05,0.0,136.37890312499997,3.225965e-08
154.05,0.0,136.37865312499997,3.207705e-08
154.05,0.0,136.37840312499998,3.191985e-08
154.05,0.0,136.37815312499998,3.22841e-08
154.05,0.0,136.37790312499996,3.23627e-08
154.05,0.0,136.37765312499997,3.17534e-08
154.05,0.0,136.37740312499997,3.190955e-08
154.05,0.0,136.37715312499998,3.199215e-08
154.05,0.0,136.37690312499998,3.14807e-08
154.05,0.0,136.37665312499996,3.1831533333333336e-08
154.05,0.0,136.37640312499997,3.1530799999999995e-08
154.05,0.0,136.37615312499997,3.15438e-08
154.05,0.0,136.37590312499998,3.15278e-08
154.05,0.0,136.37565312499999,3.131365e-08
154.05,0.0,136.37540312499996,3.1448500000000005e-08
154.05,0.0,136.37515312499997,3.1608950000000006e-08
154.05,0.0,136.37490312499997,3.16625e-08
154.05,0.0,136.37465312499998,3.152065e-08
154.05,0.0,136.374403125,3.097655e-08
154.05,0.0,136.37415312499996,3.12032e-08
154.05,0.0,136.37390312499997,3.155385e-08
154.05,0.0,136.37365312499998,3.1562e-08
154.05,0.0,136.37340312499998,3.155015e-08
154.05,0.0,136.37315312499996,3.16253e-08
154.05,0.0,136.37290312499997,3.1823e-08
154.05,0.0,136.37265312499997,3.1545550000000005e-08
154.05,0.0,136.37240312499998,3.18016e-08
154.05,0.0,136.37215312499998,3.186495e-08
154.05,0.0,136.37190312499996,3.18442e-08
154.05,0.0,136.37165312499997,3.19917e-08
154.05,0.0,136.37140312499997,3.176015e-08
154.05,0.0,136.37115312499998,3.16822e-08
154.05,0.0,136.37090312499998,3.1715650000000005e-08
154.05,0.0,136.37065312499996,3.176695e-08
154.05,0.0,136.37040312499997,3.18034e-08
154.05,0.0,136.37015312499997,3.1820500000000004e-08
154.05,0.0,136.36990312499998,3.12519e-08
154.05,0.0,136.36965312499999,3.16843e-08
154.05,0.0,136.36940312499996,3.1413850000000004e-08
154.05,0.0,136.36915312499997,3.05036e-08
154.05,0.0,136.36890312499997,3.139795e-08
154.05,0.0,136.36865312499998,3.120505e-08
154.05,0.0,136.368403125,3.1144e-08
154.05,0.0,136.36815312499996,3.11316e-08
154.05,0.0,136.36790312499997,3.151995e-08
154.05,0.0,136.36765312499998,3.13725e-08
154.05,0.0,136.36740312499998,3.1183599999999995e-08
154.05,0.0,136.36715312499996,3.1894e-08
154.05,0.0,136.36690312499996,3.117665e-08
154.05,0.0,136.36665312499997,3.155505e-08
154.05,0.0,136.36640312499998,3.1239850000000006e-08
154.05,0.0,136.36615312499998,3.14052e-08
154.05,0.0,136.36590312499996,3.06812e-08
154.05,0.0,136.36565312499997,3.13856e-08
154.05,0.0,136.36540312499997,3.09702e-08
154.05,0.0,136.36515312499998,3.07471e-08
154.05,0.0,136.36490312499998,3.093545e-08
154.05,0.0,136.36465312499996,3.120145e-08
154.05,0.0,136.36440312499997,3.11788e-08
154.05,0.0,136.36415312499997,3.09591e-08
154.05,0.0,136.36390312499998,3.11685e-08
154.05,0.0,136.36365312499998,3.08129e-08
154.05,0.0,136.36340312499996,3.13998e-08
154.05,0.0,136.36315312499997,3.11402e-08
154.05,0.0,136.36290312499997,3.1258450000000006e-08
154.05,0.0,136.36265312499998,3.0533433333333334e-08
154.05,0.0,136.362403125,3.10144e-08
154.05,0.0,136.36215312499996,3.07808e-08
154.05,0.0,136.36190312499997,3.099575e-08
154.05,0.0,136.36165312499998,3.091925e-08
154.05,0.0,136.36140312499998,3.14022e-08
154.05,0.0,136.361153125,3.11974e-08
154.05,0.0,136.36090312499996,3.107875e-08
154.05,0.0,136.36065312499997,3.0961849999999995e-08
154.05,0.0,136.36040312499998,3.1020733333333334e-08
154.05,0.0,136.36015312499998,3.10183e-08
154.05,0.0,136.35990312499996,3.088015e-08
154.05,0.0,136.35965312499997,3.0625100000000003e-08
154.05,0.0,136.35940312499997,3.086e-08
154.05,0.0,136.35915312499998,3.04721e-08
154.05,0.0,136.35890312499998,3.064475e-08
154.05,0.0,136.35865312499996,3.04137e-08
154.05,0.0,136.35840312499997,3.07345e-08
154.05,0.0,136.35815312499997,3.05152e-08
154.05,0.0,136.35790312499998,3.0671250000000004e-08
154.05,0.0,136.35765312499998,3.06629e-08
154.05,0.0,136.35740312499996,3.07337e-08
154.05,0.0,136.35715312499997,3.07088e-08
154.05,0.0,136.35690312499997,3.09414e-08
154.05,0.0,136.35665312499998,3.0982700000000004e-08
154.05,0.0,136.35640312499999,3.05768e-08
154.05,0.0,136.35615312499996,3.06336e-08
154.05,0.0,136.35590312499997,3.03841e-08
154.05,0.0,136.35565312499998,3.02967e-08
154.05,0.0,136.35540312499998,3.053205e-08
154.05,0.0,136.355153125,3.06439e-08
154.05,0.0,136.35490312499996,3.040945e-08
154.05,0.0,136.35465312499997,3.019065e-08
154.05,0.0,136.35440312499998,2.931295e-08
154.05,0.0,136.35415312499998,2.99599e-08
154.05,0.0,136.35390312499996,2.987036666666667e-08
154.05,0.0,136.35365312499997,3.02409e-08
154.05,0.0,136.35340312499997,3.0829e-08
154.05,0.0,136.35315312499998,3.06809e-08
154.05,0.0,136.35290312499998,3.047885e-08
154.05,0.0,136.35265312499996,3.012705e-08
154.05,0.0,136.35240312499997,3.0395599999999995e-08
154.05,0.0,136.35215312499997,3.00703e-08
154.05,0.0,136.35190312499998,3.03169e-08
154.05,0.0,136.35165312499998,3.04968e-08
154.05,0.0,136.35140312499996,3.0376550000000003e-08
154.05,0.0,136.35115312499997,3.07416e-08
154.05,0.0,136.35090312499997,3.016995e-08
154.05,0.0,136.35065312499998,3.0285750000000004e-08
154.05,0.0,136.35040312499999,3.01549e-08
154.05,0.0,136.35015312499996,3.01698e-08
154.05,0.0,136.34990312499997,3.08275e-08
154.05,0.0,136.34965312499997,3.04283e-08
154.05,0.0,136.34940312499998,3.05716e-08
154.05,0.0,136.349153125,3.042825e-08
154.05,0.0,136.34890312499996,3.057885e-08
154.05,0.0,136.34865312499997,3.06313e-08
154.05,0.0,136.34840312499998,3.03848e-08
154.05,0.0,136.34815312499998,3.041345e-08
154.05,0.0,136.34790312499996,2.996e-08
154.05,0.0,136.34765312499997,3.023735e-08
154.05,0.0,136.34740312499997,3.0418800000000005e-08
154.05,0.0,136.34715312499998,3.02017e-08
154.05,0.0,136.34690312499998,3.02275e-08
154.05,0.0,136.34665312499996,3.118715e-08
154.05,0.0,136.34640312499997,3.01691e-08
154.05,0.0,136.34615312499997,3.0415100000000003e-08
154.05,0.0,136.34590312499998,3.0020800000000004e-08
154.05,0.0,136.34565312499998,3.0334e-08
154.05,0.0,136.34540312499996,2.99499e-08
154.05,0.0,136.34515312499997,3.008845e-08
154.05,0.0,136.34490312499997,3.0506550000000005e-08
154.05,0.0,136.34465312499998,3.0165966666666674e-08
154.05,0.0,136.34440312499999,2.94459e-08
154.05,0.0,136.34415312499996,2.9739200000000003e-08
154.05,0.0,136.34390312499997,3.00189e-08
154.05,0.0,136.34365312499997,3.008785e-08
154.05,0.0,136.34340312499998,2.9258e-08
154.05,0.0,136.343153125,2.960245e-08
154.05,0.0,136.34290312499996,2.98884e-08
154.05,0.0,136.34265312499997,2.98075e-08
154.05,0.0,136.34240312499998,2.9965000000000004e-08
154.05,0.0,136.34215312499998,2.9768e-08
154.05,0.0,136.34190312499996,2.989295e-08
154.05,0.0,136.34165312499997,3.01066e-08
154.05,0.0,136.34140312499997,3.01364e-08
154.05,0.0,136.34115312499998,2.992275e-08
154.05,0.0,136.34090312499998,2.99886e-08
154.05,0.0,136.34065312499996,3.0614899999999994e-08
154.05,0.0,136.34040312499997,2.977375e-08
154.05,0.0,136.34015312499997,2.96619e-08
154.05,0.0,136.33990312499998,2.9455250000000002e-08
154.05,0.0,136.33965312499998,2.991865e-08
154.05,0.0,136.33940312499996,2.96126e-08
154.05,0.0,136.33915312499997,2.9840550000000004e-08
154.05,0.0,136.33890312499997,2.903385e-08
154.05,0.0,136.33865312499998,2.9482300000000002e-08
154.05,0.0,136.33840312499999,2.88815e-08
154.05,0.0,136.33815312499996,2.911575e-08
154.05,0.0,136.33790312499997,2.92281e-08
154.05,0.0,136.33765312499997,2.933265e-08
154.05,0.0,136.33740312499998,2.95123e-08
154.05,0.0,136.337153125,3.00633e-08
154.05,0.0,136.33690312499996,2.974535e-08
154.05,0.0,136.33665312499997,2.99796e-08
154.05,0.0,136.33640312499998,3.03785e-08
154.05,0.0,136.33615312499998,2.97631e-08
154.05,0.0,136.33590312499996,2.9085400000000004e-08
154.05,0.0,136.33565312499996,2.965e-08
154.05,0.0,136.33540312499997,2.935595e-08
154.05,0.0,136.33515312499998,2.919135e-08
154.05,0.0,136.33490312499998,2.958575e-08
154.05,0.0,136.33465312499996,2.903865e-08
154.05,0.0,136.33440312499997,2.93797e-08
154.05,0.0,136.33415312499997,2.929535e-08
154.05,0.0,136.33390312499998,2.8436450000000002e-08
154.05,0.0,136.33365312499998,2.949555e-08
154.05,0.0,136.33340312499996,2.91208e-08
154.05,0.0,136.33315312499997,2.95056e-08
154.05,0.0,136.33290312499997,2.93584e-08
154.05,0.0,136.33265312499998,2.93529e-08
154.05,0.0,136.33240312499998,2.937415e-08
154.05,0.0,136.33215312499996,2.943085e-08
154.05,0.0,136.33190312499997,2.8756350000000002e-08
154.05,0.0,136.33165312499997,2.958955e-08
154.05,0.0,136.33140312499998,2.963375e-08
154.05,0.0,136.331153125,2.9771600000000002e-08
154.05,0.0,136.33090312499996,2.944025e-08
154.05,0.0,136.33065312499997,3.00129e-08
154.05,0.0,136.33040312499998,2.97576e-08
154.05,0.0,136.33015312499998,2.95547e-08
154.05,0.0,136.329903125,2.95508e-08
154.05,0.0,136.32965312499996,2.94539e-08
154.05,0.0,136.32940312499997,2.9573266666666673e-08
154.05,0.0,136.32915312499998,2.938555e-08
154.05,0.0,136.32890312499998,2.904715e-08
154.05,0.0,136.32865312499996,2.94863e-08
154.05,0.0,136.32840312499997,2.937445e-08
154.05,0.0,136.32815312499997,2.94918e-08
154.05,0.0,136.32790312499998,2.936995e-08
154.05,0.0,136.32765312499998,2.95088e-08
154.05,0.0,136.32740312499996,2.950955e-08
154.05,0.0,136.32715312499997,2.96038e-08
154.05,0.0,136.32690312499997,2.9328833333333333e-08
154.05,0.0,136.32665312499998,2.9666e-08
154.05,0.0,136.32640312499998,2.9799150000000006e-08
154.05,0.0,136.32615312499996,2.9420500000000002e-08
154.05,0.0,136.32590312499997,2.939675e-08
154.05,0.0,136.32565312499997,2.94028e-08
154.05,0.0,136.32540312499998,2.905315e-08
154.05,0.0,136.32515312499999,2.9031700000000002e-08
154.05,0.0,136.32490312499996,2.926925e-08
154.05,0.0,136.32465312499997,2.90792e-08
154.05,0.0,136.32440312499998,2.906275e-08
154.05,0.0,136.32415312499998,2.869165e-08
154.05,0.0,136.323903125,2.916175e-08
154.05,0.0,136.32365312499996,2.93936e-08
154.05,0.0,136.32340312499997,2.9041250000000002e-08
154.05,0.0,136.32315312499998,2.92664e-08
154.05,0.0,136.32290312499998,2.9522700000000006e-08
154.05,0.0,136.32265312499996,2.92643e-08
154.05,0.0,136.32240312499997,2.8973450000000002e-08
154.05,0.0,136.32215312499997,2.844345e-08
154.05,0.0,136.32190312499998,2.872223333333333e-08
154.05,0.0,136.32165312499998,2.8415e-08
154.05,0.0,136.32140312499996,2.89306e-08
154.05,0.0,136.32115312499997,2.899505e-08
154.05,0.0,136.32090312499997,2.868545e-08
154.05,0.0,136.32065312499998,2.90291e-08
154.05,0.0,136.32040312499998,2.8667750000000002e-08
154.05,0.0,136.32015312499996,2.911545e-08
154.05,0.0,136.31990312499997,2.88613e-08
154.05,0.0,136.31965312499997,2.9071600000000002e-08
154.05,0.0,136.31940312499998,2.87028e-08
154.05,0.0,136.31915312499999,2.878795e-08
154.05,0.0,136.31890312499996,2.892895e-08
154.05,0.0,136.31865312499997,2.85921e-08
154.05,0.0,136.31840312499997,2.870225e-08
154.05,0.0,136.31815312499998,2.8746800000000002e-08
154.05,0.0,136.317903125,2.81948e-08
154.05,0.0,136.31765312499996,2.844735e-08
154.05,0.0,136.31740312499997,2.868095e-08
154.05,0.0,136.31715312499998,2.867185e-08
154.05,0.0,136.31690312499998,2.882215e-08
154.05,0.0,136.31665312499996,2.84153e-08
154.05,0.0,136.31640312499997,2.861555e-08
154.05,0.0,136.31615312499997,2.778935e-08
154.05,0.0,136.31590312499998,2.81888e-08
154.05,0.0,136.31565312499998,2.84467e-08
154.05,0.0,136.31540312499996,2.842795e-08
154.05,0.0,136.31515312499997,2.82713e-08
154.05,0.0,136.31490312499997,2.82745e-08
154.05,0.0,136.31465312499998,2.79847e-08
154.05,0.0,136.31440312499998,2.8263e-08
154.05,0.0,136.31415312499996,2.7626450000000003e-08
154.05,0.0,136.31390312499997,2.82395e-08
154.05,0.0,136.31365312499997,2.82387e-08
154.05,0.0,136.31340312499998,2.86697e-08
154.05,0.0,136.31315312499999,2.8344e-08
154.05,0.0,136.31290312499996,2.82563e-08
154.05,0.0,136.31265312499997,2.781345e-08
154.05,0.0,136.31240312499997,2.809425e-08
154.05,0.0,136.31215312499998,2.78864e-08
154.05,0.0,136.311903125,2.82834e-08
154.05,0.0,136.31165312499996,2.77826e-08
154.05,0.0,136.31140312499997,2.79139e-08
154.05,0.0,136.31115312499998,2.81316e-08
154.05,0.0,136.31090312499998,2.77603e-08
154.05,0.0,136.31065312499996,2.8251050000000002e-08
154.05,0.0,136.31040312499997,2.83433e-08
154.05,0.0,136.31015312499997,2.81134e-08
154.05,0.0,136.30990312499998,2.80356e-08
154.05,0.0,136.30965312499998,2.79289e-08
154.05,0.0,136.30940312499996,2.75084e-08
154.05,0.0,136.30915312499997,2.82688e-08
154.05,0.0,136.30890312499997,2.82966e-08
154.05,0.0,136.30865312499998,2.78905e-08
154.05,0.0,136.30840312499998,2.7596e-08
154.05,0.0,136.30815312499996,2.81725e-08
154.05,0.0,136.30790312499997,2.81267e-08
154.05,0.0,136.30765312499997,2.774785e-08
154.05,0.0,136.30740312499998,2.79256e-08
154.05,0.0,136.30715312499999,2.795945e-08
154.05,0.0,136.30690312499996,2.80866e-08
154.05,0.0,136.30665312499997,2.84325e-08
154.05,0.0,136.30640312499997,2.7462e-08
154.05,0.0,136.30615312499998,2.78009e-08
154.05,0.0,136.305903125,2.85086e-08
154.05,0.0,136.30565312499996,2.811705e-08
154.05,0.0,136.30540312499997,2.819845e-08
154.05,0.0,136.30515312499998,2.8172e-08
154.05,0.0,136.30490312499998,2.78282e-08
154.05,0.0,136.30465312499996,2.82881e-08
154.05,0.0,136.30440312499996,2.795495e-08
154.05,0.0,136.30415312499997,2.82055e-08
154.05,0.0,136.30390312499998,2.84284e-08
154.05,0.0,136.30365312499998,2.834255e-08
154.05,0.0,136.30340312499996,2.826785e-08
154.05,0.0,136.30315312499997,2.7845500000000006e-08
154.05,0.0,136.30290312499997,2.8193e-08
154.05,0.0,136.30265312499998,2.84282e-08
154.05,0.0,136.30240312499998,2.80901e-08
154.05,0.0,136.30215312499996,2.81336e-08
154.05,0.0,136.30190312499997,2.808225e-08
154.05,0.0,136.30165312499997,2.82189e-08
154.05,0.0,136.30140312499998,2.80283e-08
154.05,0.0,136.30115312499998,2.85103e-08
154.05,0.0,136.30090312499996,2.83456e-08
154.05,0.0,136.30065312499997,2.77635e-08
154.05,0.0,136.30040312499997,2.8389600000000003e-08
154.05,0.0,136.30015312499998,2.82338e-08
154.05,0.0,136.299903125,2.83473e-08
154.05,0.0,136.29965312499996,2.8392700000000002e-08
154.05,0.0,136.29940312499997,2.8206500000000002e-08
154.05,0.0,136.29915312499998,2.816355e-08
154.05,0.0,136.29890312499998,2.83412e-08
154.05,0.0,136.298653125,2.79191e-08
154.05,0.0,136.29840312499996,2.789375e-08
154.05,0.0,136.29815312499997,2.801135e-08
154.05,0.0,136.29790312499998,2.84105e-08
154.05,0.0,136.29765312499998,2.824885e-08
154.05,0.0,136.29740312499996,2.834235e-08
154.05,0.0,136.29715312499997,2.79412e-08
154.05,0.0,136.29690312499997,2.81643e-08
154.05,0.0,136.29665312499998,2.844475e-08
154.05,0.0,136.29640312499998,2.80147e-08
154.05,0.0,136.29615312499996,2.787935e-08
154.05,0.0,136.29590312499997,2.82535e-08
154.05,0.0,136.29565312499997,2.81954e-08
154.05,0.0,136.29540312499998,2.783995e-08
154.05,0.0,136.29515312499998,2.818055e-08
154.05,0.0,136.29490312499996,2.8075800000000002e-08
154.05,0.0,136.29465312499997,2.8104e-08
154.05,0.0,136.29440312499997,2.82736e-08
154.05,0.0,136.29415312499998,2.78134e-08
154.05,0.0,136.29390312499999,2.836525e-08
154.05,0.0,136.29365312499996,2.81235e-08
154.05,0.0,136.29340312499997,2.7746850000000002e-08
154.05,0.0,136.29315312499998,2.82273e-08
154.05,0.0,136.29290312499998,2.817875e-08
154.05,0.0,136.292653125,2.827625e-08
154.05,0.0,136.29240312499996,2.86887e-08
154.05,0.0,136.29215312499997,2.82199e-08
154.05,0.0,136.29190312499998,2.835755e-08
154.05,0.0,136.29165312499998,2.841325e-08
154.05,0.0,136.29140312499996,2.84051e-08
154.05,0.0,136.29115312499997,2.81815e-08
154.05,0.0,136.29090312499997,2.8197733333333332e-08
154.05,0.0,136.29065312499998,2.8285700000000003e-08
154.05,0.0,136.29040312499998,2.83786e-08
154.05,0.0,136.29015312499996,2.83657e-08
154.05,0.0,136.28990312499997,2.86176e-08
154.05,0.0,136.28965312499997,2.87334e-08
154.05,0.0,136.28940312499998,2.870115e-08
154.05,0.0,136.28915312499998,2.8694e-08
154.05,0.0,136.28890312499996,2.87503e-08
154.05,0.0,136.28865312499997,2.8611266666666667e-08
154.05,0.0,136.28840312499997,2.83835e-08
154.05,0.0,136.28815312499998,2.85459e-08
154.05,0.0,136.28790312499999,2.872035e-08
154.05,0.0,136.28765312499996,2.845625e-08
154.05,0.0,136.28740312499997,2.85569e-08
154.05,0.0,136.28715312499997,2.85105e-08
154.05,0.0,136.28690312499998,2.85873e-08
154.05,0.0,136.286653125,2.847265e-08
154.05,0.0,136.28640312499996,2.845455e-08
154.05,0.0,136.28615312499997,2.8662850000000002e-08
154.05,0.0,136.28590312499998,2.8757e-08
154.05,0.0,136.28565312499998,2.89955e-08
154.05,0.0,136.28540312499996,2.888375e-08
154.05,0.0,136.28515312499997,2.85535e-08
154.05,0.0,136.28490312499997,2.921125e-08
154.05,0.0,136.28465312499998,2.849895e-08
154.05,0.0,136.28440312499998,2.866765e-08
154.05,0.0,136.28415312499996,2.88225e-08
154.05,0.0,136.28390312499997,2.8595033333333332e-08
154.05,0.0,136.28365312499997,2.89054e-08
154.05,0.0,136.28340312499998,2.881375e-08
154.05,0.0,136.28315312499998,2.88991e-08
154.05,0.0,136.28290312499996,2.90486e-08
154.05,0.0,136.28265312499997,2.889415e-08
154.05,0.0,136.28240312499997,2.9170600000000002e-08
154.05,0.0,136.28215312499998,2.89908e-08
154.05,0.0,136.28190312499999,2.93494e-08
154.05,0.0,136.28165312499996,2.92462e-08
154.05,0.0,136.28140312499997,2.915315e-08
154.05,0.0,136.28115312499997,2.9189450000000002e-08
154.05,0.0,136.28090312499998,2.92347e-08
154.05,0.0,136.280653125,2.89012e-08
154.05,0.0,136.28040312499996,2.930995e-08
154.05,0.0,136.28015312499997,2.9111e-08
154.05,0.0,136.27990312499998,2.846065e-08
154.05,0.0,136.27965312499998,2.89905e-08
154.05,0.0,136.27940312499996,2.881625e-08
154.05,0.0,136.27915312499997,2.90212e-08
154.05,0.0,136.27890312499997,2.92361e-08
154.05,0.0,136.27865312499998,2.92073e-08
154.05,0.0,136.27840312499998,2.908505e-08
154.05,0.0,136.27815312499996,2.91268e-08
154.05,0.0,136.27790312499997,2.936485e-08
154.05,0.0,136.27765312499997,2.92675e-08
154.05,0.0,136.27740312499998,2.906565e-08
154.05,0.0,136.27715312499998,2.911315e-08
154.05,0.0,136.27690312499996,2.88824e-08
154.05,0.0,136.27665312499997,2.919005e-08
154.05,0.0,136.27640312499997,2.89837e-08
154.05,0.0,136.27615312499998,2.888785e-08
154.05,0.0,136.27590312499999,2.882755e-08
154.05,0.0,136.27565312499996,2.902115e-08
154.05,0.0,136.27540312499997,2.896255e-08
154.05,0.0,136.27515312499997,2.916215e-08
154.05,0.0,136.27490312499998,2.88153e-08
154.05,0.0,136.274653125,2.89549e-08
154.05,0.0,136.27440312499996,2.95578e-08
154.05,0.0,136.27415312499997,2.88508e-08
154.05,0.0,136.27390312499998,2.92668e-08
154.05,0.0,136.27365312499998,2.9056e-08
154.05,0.0,136.27340312499996,2.85112e-08
154.05,0.0,136.27315312499996,2.94981e-08
154.05,0.0,136.27290312499997,2.89121e-08
154.05,0.0,136.27265312499998,2.90829e-08
154.05,0.0,136.27240312499998,2.93935e-08
154.05,0.0,136.27215312499996,2.9251000000000002e-08
154.05,0.0,136.27190312499997,2.86106e-08
154.05,0.0,136.27165312499997,2.9171700000000002e-08
154.05,0.0,136.27140312499998,2.94605e-08
154.05,0.0,136.27115312499998,2.908395e-08
154.05,0.0,136.27090312499996,2.8925350000000002e-08
154.05,0.0,136.27065312499997,2.914215e-08
154.05,0.0,136.27040312499997,2.9218450000000002e-08
154.05,0.0,136.27015312499998,2.907575e-08
154.05,0.0,136.26990312499998,2.9168e-08
154.05,0.0,136.26965312499996,2.90008e-08
154.05,0.0,136.26940312499997,2.89729e-08
154.05,0.0,136.26915312499997,2.867825e-08
154.05,0.0,136.26890312499998,2.88492e-08
154.05,0.0,136.268653125,2.914565e-08
154.05,0.0,136.26840312499996,2.89096e-08
154.05,0.0,136.26815312499997,2.91107e-08
154.05,0.0,136.26790312499998,2.926735e-08
154.05,0.0,136.26765312499998,2.88122e-08
154.05,0.0,136.267403125,2.8789e-08
154.05,0.0,136.26715312499996,2.828795e-08
154.05,0.0,136.26690312499997,2.926015e-08
154.05,0.0,136.26665312499998,2.94368e-08
154.05,0.0,136.26640312499998,2.952825e-08
154.05,0.0,136.26615312499996,2.899015e-08
154.05,0.0,136.26590312499997,2.880115e-08
154.05,0.0,136.26565312499997,2.93074e-08
154.05,0.0,136.26540312499998,2.92528e-08
154.05,0.0,136.26515312499998,2.97125e-08
154.05,0.0,136.26490312499996,2.891405e-08
154.05,0.0,136.26465312499997,2.88532e-08
154.05,0.0,136.26440312499997,2.89231e-08
154.05,0.0,136.26415312499998,2.890595e-08
154.05,0.0,136.26390312499998,2.96081e-08
154.05,0.0,136.26365312499996,2.91008e-08
154.05,0.0,136.26340312499997,2.900875e-08
154.05,0.0,136.26315312499997,2.95749e-08
154.05,0.0,136.26290312499998,2.979e-08
154.05,0.0,136.26265312499999,2.949035e-08
154.05,0.0,136.26240312499996,2.9915e-08
154.05,0.0,136.26215312499997,2.90359e-08
154.05,0.0,136.26190312499998,2.928485e-08
154.05,0.0,136.26165312499998,2.93647e-08
154.05,0.0,136.261403125,2.94446e-08
154.05,0.0,136.26115312499996,2.942615e-08
154.05,0.0,136.26090312499997,2.939885e-08
154.05,0.0,136.26065312499998,2.90627e-08
154.05,0.0,136.26040312499998,3.0414e-08
154.05,0.0,136.26015312499996,2.9219800000000002e-08
154.05,0.0,136.25990312499997,2.957645e-08
154.05,0.0,136.25965312499997,2.989385e-08
154.05,0.0,136.25940312499998,2.929955e-08
154.05,0.0,136.25915312499998,2.948325e-08
154.05,0.0,136.25890312499996,2.961165e-08
154.05,0.0,136.25865312499997,2.99363e-08
154.05,0.0,136.25840312499997,2.901965e-08
154.05,0.0,136.25815312499998,2.90411e-08
154.05,0.0,136.25790312499998,2.922725e-08
154.05,0.0,136.25765312499996,2.957495e-08
154.05,0.0,136.25740312499997,2.89903e-08
154.05,0.0,136.25715312499997,2.95489e-08
154.05,0.0,136.25690312499998,2.964913333333333e-08
154.05,0.0,136.25665312499999,2.9416e-08
154.05,0.0,136.25640312499996,2.92859e-08
154.05,0.0,136.25615312499997,2.964295e-08
154.05,0.0,136.25590312499997,2.896095e-08
154.05,0.0,136.25565312499998,2.9117e-08
154.05,0.0,136.255403125,3.075655e-08
154.05,0.0,136.25515312499996,2.942815e-08
154.05,0.0,136.25490312499997,2.90584e-08
154.05,0.0,136.25465312499998,2.95253e-08
154.05,0.0,136.25440312499998,2.91594e-08
154.05,0.0,136.25415312499996,2.889295e-08
154.05,0.0,136.25390312499997,2.95573e-08
154.05,0.0,136.25365312499997,2.9426e-08
154.05,0.0,136.25340312499998,3.04079e-08
154.05,0.0,136.25315312499998,2.94558e-08
154.05,0.0,136.25290312499996,2.94302e-08
154.05,0.0,136.25265312499997,2.9695e-08
154.05,0.0,136.25240312499997,3.0045650000000004e-08
154.05,0.0,136.25215312499998,2.918915e-08
154.05,0.0,136.25190312499998,2.93079e-08
154.05,0.0,136.25165312499996,2.94616e-08
154.05,0.0,136.25140312499997,2.949505e-08
154.05,0.0,136.25115312499997,2.9072700000000002e-08
154.05,0.0,136.25090312499998,2.97912e-08
154.05,0.0,136.25065312499999,2.97684e-08
154.05,0.0,136.25040312499996,2.972133333333333e-08
154.05,0.0,136.25015312499997,2.93035e-08
154.05,0.0,136.24990312499997,2.9066700000000002e-08
154.05,0.0,136.24965312499998,2.92257e-08
154.05,0.0,136.249403125,2.942595e-08
154.05,0.0,136.24915312499996,2.88882e-08
154.05,0.0,136.24890312499997,2.945455e-08
154.05,0.0,136.24865312499998,2.94991e-08
154.05,0.0,136.24840312499998,2.91816e-08
154.05,0.0,136.24815312499996,2.958215e-08
154.05,0.0,136.24790312499997,2.9071900000000002e-08
154.05,0.0,136.24765312499997,2.87934e-08
154.05,0.0,136.24740312499998,2.9238e-08
154.05,0.0,136.24715312499998,2.89368e-08
154.05,0.0,136.24690312499996,2.889545e-08
154.05,0.0,136.24665312499997,2.94739e-08
154.05,0.0,136.24640312499997,2.90045e-08
154.05,0.0,136.24615312499998,2.9388700000000003e-08
154.05,0.0,136.24590312499998,2.985055e-08
154.05,0.0,136.24565312499996,2.91947e-08
154.05,0.0,136.24540312499997,2.94082e-08
154.05,0.0,136.24515312499997,2.9159100000000002e-08
154.05,0.0,136.24490312499998,2.94156e-08
154.05,0.0,136.24465312499999,2.88823e-08
154.05,0.0,136.24440312499996,2.8910300000000002e-08
154.05,0.0,136.24415312499997,2.85815e-08
154.05,0.0,136.24390312499997,2.87794e-08
154.05,0.0,136.24365312499998,2.90816e-08
154.05,0.0,136.243403125,2.9202366666666665e-08
154.05,0.0,136.24315312499996,2.914465e-08
154.05,0.0,136.24290312499997,2.902985e-08
154.05,0.0,136.24265312499998,2.91948e-08
154.05,0.0,136.24240312499998,2.92469e-08
154.05,0.0,136.24215312499996,2.904305e-08
154.05,0.0,136.24190312499996,2.9153100000000002e-08
154.05,0.0,136.24165312499997,2.89639e-08
154.05,0.0,136.24140312499998,2.844435e-08
154.05,0.0,136.24115312499998,2.885235e-08
154.05,0.0,136.24090312499996,2.840165e-08
154.05,0.0,136.24065312499997,2.863175e-08
154.05,0.0,136.24040312499997,2.939685e-08
154.05,0.0,136.24015312499998,2.91938e-08
154.05,0.0,136.23990312499998,2.92088e-08
154.05,0.0,136.23965312499996,2.89491e-08
154.05,0.0,136.23940312499997,2.893215e-08
154.05,0.0,136.23915312499997,2.919725e-08
154.05,0.0,136.23890312499998,2.86944e-08
154.05,0.0,136.23865312499998,2.9239750000000002e-08
154.05,0.0,136.23840312499996,2.9401e-08
154.05,0.0,136.23815312499997,2.891765e-08
154.05,0.0,136.23790312499997,2.90997e-08
154.05,0.0,136.23765312499998,2.90059e-08
154.05,0.0,136.237403125,2.8497150000000002e-08
154.05,0.0,136.23715312499996,2.907385e-08
154.05,0.0,136.23690312499997,2.875815e-08
154.05,0.0,136.23665312499998,2.89051e-08
154.05,0.0,136.23640312499998,2.853765e-08
154.05,0.0,136.236153125,2.88759e-08
154.05,0.0,136.23590312499996,2.88226e-08
154.05,0.0,136.23565312499997,2.91324e-08
154.05,0.0,136.23540312499998,2.86198e-08
154.05,0.0,136.23515312499998,2.84927e-08
154.05,0.0,136.23490312499996,2.88688e-08
154.05,0.0,136.23465312499997,2.86245e-08
154.05,0.0,136.23440312499997,2.869325e-08
154.05,0.0,136.23415312499998,2.8575600000000002e-08
154.05,0.0,136.23390312499998,2.87231e-08
154.05,0.0,136.23365312499996,2.897225e-08
154.05,0.0,136.23340312499997,2.8782550000000006e-08
154.05,0.0,136.23315312499997,2.856345e-08
154.05,0.0,136.23290312499998,2.85731e-08
154.05,0.0,136.23265312499998,2.8646450000000002e-08
154.05,0.0,136.23240312499996,2.86323e-08
154.05,0.0,136.23215312499997,2.848815e-08
154.05,0.0,136.23190312499997,2.86274e-08
154.05,0.0,136.23165312499998,2.843985e-08
154.05,0.0,136.23140312499999,2.85269e-08
154.05,0.0,136.23115312499996,2.824035e-08
154.05,0.0,136.23090312499997,2.83621e-08
154.05,0.0,136.23065312499998,2.846415e-08
154.05,0.0,136.23040312499998,2.80385e-08
154.05,0.0,136.230153125,2.832915e-08
154.05,0.0,136.22990312499996,2.87628e-08
154.05,0.0,136.22965312499997,2.854065e-08
154.05,0.0,136.22940312499998,2.855025e-08
154.05,0.0,136.22915312499998,2.80789e-08
154.05,0.0,136.22890312499996,2.84343e-08
154.05,0.0,136.22865312499997,2.831465e-08
154.05,0.0,136.22840312499997,2.812125e-08
154.05,0.0,136.22815312499998,2.836655e-08
154.05,0.0,136.22790312499998,2.832495e-08
154.05,0.0,136.22765312499996,2.82517e-08
154.05,0.0,136.22740312499997,2.80842e-08
154.05,0.0,136.22715312499997,2.80992e-08
154.05,0.0,136.22690312499998,2.8616e-08
154.05,0.0,136.22665312499998,2.84404e-08
154.05,0.0,136.22640312499996,2.842165e-08
154.05,0.0,136.22615312499997,2.84129e-08
154.05,0.0,136.22590312499997,2.91406e-08
154.05,0.0,136.22565312499998,2.8468e-08
154.05,0.0,136.22540312499999,2.8036533333333337e-08
154.05,0.0,136.22515312499996,2.84035e-08
154.05,0.0,136.22490312499997,2.80038e-08
154.05,0.0,136.22465312499997,2.8378200000000002e-08
154.05,0.0,136.22440312499998,2.85883e-08
154.05,0.0,136.224153125,2.864075e-08
154.05,0.0,136.22390312499996,2.8135e-08
154.05,0.0,136.22365312499997,2.854475e-08
154.05,0.0,136.22340312499998,2.87581e-08
154.05,0.0,136.22315312499998,2.86805e-08
154.05,0.0,136.22290312499996,2.872705e-08
154.05,0.0,136.22265312499997,2.924445e-08
154.05,0.0,136.22240312499997,2.890775e-08
154.05,0.0,136.22215312499998,2.843875e-08
154.05,0.0,136.22190312499998,2.85197e-08
154.05,0.0,136.22165312499996,2.84549e-08
154.05,0.0,136.22140312499997,2.86607e-08
154.05,0.0,136.22115312499997,2.87143e-08
154.05,0.0,136.22090312499998,2.854505e-08
154.05,0.0,136.22065312499998,2.890145e-08
154.05,0.0,136.22040312499996,2.868235e-08
154.05,0.0,136.22015312499997,2.93388e-08
154.05,0.0,136.21990312499997,2.91101e-08
154.05,0.0,136.21965312499998,2.89436e-08
154.05,0.0,136.21940312499999,2.90551e-08
154.05,0.0,136.21915312499996,2.88891e-08
154.05,0.0,136.21890312499997,2.8779e-08
154.05,0.0,136.21865312499997,2.85118e-08
154.05,0.0,136.21840312499998,2.848135e-08
154.05,0.0,136.218153125,2.83255e-08
154.05,0.0,136.21790312499996,2.84486e-08
154.05,0.0,136.21765312499997,2.8772750000000002e-08
154.05,0.0,136.21740312499998,2.84464e-08
154.05,0.0,136.21715312499998,2.84765e-08
154.05,0.0,136.21690312499996,2.853365e-08
154.05,0.0,136.21665312499997,2.8769566666666667e-08
154.05,0.0,136.21640312499997,2.8776050000000002e-08
154.05,0.0,136.21615312499998,2.88131e-08
154.05,0.0,136.21590312499998,2.8985e-08
154.05,0.0,136.21565312499996,2.855275e-08
154.05,0.0,136.21540312499997,2.85408e-08
154.05,0.0,136.21515312499997,2.88289e-08
154.05,0.0,136.21490312499998,2.831215e-08
154.05,0.0,136.21465312499998,2.86087e-08
154.05,0.0,136.21440312499996,2.81584e-08
154.05,0.0,136.21415312499997,2.84882e-08
154.05,0.0,136.21390312499997,2.857235e-08
154.05,0.0,136.21365312499998,2.86156e-08
154.05,0.0,136.21340312499999,2.8566050000000002e-08
154.05,0.0,136.21315312499996,2.86945e-08
154.05,0.0,136.21290312499997,2.843185e-08
154.05,0.0,136.21265312499997,2.899e-08
154.05,0.0,136.21240312499998,2.88864e-08
154.05,0.0,136.212153125,2.881025e-08
154.05,0.0,136.21190312499996,2.8534500000000003e-08
154.05,0.0,136.21165312499997,2.871825e-08
154.05,0.0,136.21140312499998,2.82878e-08
154.05,0.0,136.21115312499998,2.74678e-08
154.05,0.0,136.21090312499996,2.8673250000000002e-08
154.05,0.0,136.21065312499996,2.873055e-08
154.05,0.0,136.21040312499997,2.86238e-08
154.05,0.0,136.21015312499998,2.88325e-08
154.05,0.0,136.20990312499998,2.862765e-08
154.05,0.0,136.20965312499996,2.8855533333333333e-08
154.05,0.0,136.20940312499997,2.860125e-08
154.05,0.0,136.20915312499997,2.86836e-08
154.05,0.0,136.20890312499998,2.88279e-08
154.05,0.0,136.20865312499998,2.848075e-08
154.05,0.0,136.20840312499996,2.87512e-08
154.05,0.0,136.20815312499997,2.88194e-08
154.05,0.0,136.20790312499997,2.873755e-08
154.05,0.0,136.20765312499998,2.89277e-08
154.05,0.0,136.20740312499998,2.88791e-08
154.05,0.0,136.20715312499996,2.885595e-08
154.05,0.0,136.20690312499997,2.888605e-08
154.05,0.0,136.20665312499997,2.866145e-08
154.05,0.0,136.20640312499998,2.9256900000000003e-08
154.05,0.0,136.206153125,2.88277e-08
154.05,0.0,136.20590312499996,2.893625e-08
154.05,0.0,136.20565312499997,2.918515e-08
154.05,0.0,136.20540312499998,2.93432e-08
154.05,0.0,136.20515312499998,2.923075e-08
154.05,0.0,136.204903125,2.915815e-08
154.05,0.0,136.20465312499996,2.910475e-08
154.05,0.0,136.20440312499997,2.93396e-08
154.05,0.0,136.20415312499998,2.90936e-08
154.05,0.0,136.20390312499998,2.89982e-08
154.05,0.0,136.20365312499996,2.91792e-08
154.05,0.0,136.20340312499997,2.890255e-08
154.05,0.0,136.20315312499997,2.94078e-08
154.05,0.0,136.20290312499998,2.87606e-08
154.05,0.0,136.20265312499998,2.90341e-08
154.05,0.0,136.20240312499996,2.89965e-08
154.05,0.0,136.20215312499997,2.93112e-08
154.05,0.0,136.20190312499997,2.909775e-08
154.05,0.0,136.20165312499998,2.87963e-08
154.05,0.0,136.20140312499998,2.877905e-08
154.05,0.0,136.20115312499996,2.84941e-08
154.05,0.0,136.20090312499997,2.8679e-08
154.05,0.0,136.20065312499997,2.880755e-08
154.05,0.0,136.20040312499998,2.88519e-08
154.05,0.0,136.20015312499999,2.848145e-08
154.05,0.0,136.19990312499996,2.86428e-08
154.05,0.0,136.19965312499997,2.856315e-08
154.05,0.0,136.19940312499998,2.86575e-08
154.05,0.0,136.19915312499998,2.87795e-08
154.05,0.0,136.198903125,2.84069e-08
154.05,0.0,136.19865312499996,2.837555e-08
154.05,0.0,136.19840312499997,2.8272950000000002e-08
154.05,0.0,136.19815312499998,2.83598e-08
154.05,0.0,136.19790312499998,2.887945e-08
154.05,0.0,136.19765312499996,2.850595e-08
154.05,0.0,136.19740312499997,2.85828e-08
154.05,0.0,136.19715312499997,2.813585e-08
154.05,0.0,136.19690312499998,2.80246e-08
154.05,0.0,136.19665312499998,2.8263650000000002e-08
154.05,0.0,136.19640312499996,2.86256e-08
154.05,0.0,136.19615312499997,2.79617e-08
154.05,0.0,136.19590312499997,2.872035e-08
154.05,0.0,136.19565312499998,2.801595e-08
154.05,0.0,136.19540312499998,2.83705e-08
154.05,0.0,136.19515312499996,2.83253e-08
154.05,0.0,136.19490312499997,2.82232e-08
154.05,0.0,136.19465312499997,2.832025e-08
154.05,0.0,136.19440312499998,2.80215e-08
154.05,0.0,136.19415312499999,2.84419e-08
154.05,0.0,136.19390312499996,2.8175033333333332e-08
154.05,0.0,136.19365312499997,2.792575e-08
154.05,0.0,136.19340312499997,2.80472e-08
154.05,0.0,136.19315312499998,2.809885e-08
154.05,0.0,136.192903125,2.82216e-08
154.05,0.0,136.19265312499996,2.85475e-08
154.05,0.0,136.19240312499997,2.84597e-08
154.05,0.0,136.19215312499998,2.858985e-08
154.05,0.0,136.19190312499998,2.926545e-08
154.05,0.0,136.19165312499996,2.86524e-08
154.05,0.0,136.19140312499997,2.86688e-08
154.05,0.0,136.19115312499997,2.842425e-08
154.05,0.0,136.19090312499998,2.85098e-08
154.05,0.0,136.19065312499998,2.82954e-08
154.05,0.0,136.19040312499996,2.78961e-08
154.05,0.0,136.19015312499997,2.82319e-08
154.05,0.0,136.18990312499997,2.78714e-08
154.05,0.0,136.18965312499998,2.81944e-08
154.05,0.0,136.18940312499998,2.8198e-08
154.05,0.0,136.18915312499996,2.834735e-08
154.05,0.0,136.18890312499997,2.85135e-08
154.05,0.0,136.18865312499997,2.84558e-08
154.05,0.0,136.18840312499998,2.8825e-08
154.05,0.0,136.18815312499999,2.866855e-08
154.05,0.0,136.18790312499996,2.85086e-08
154.05,0.0,136.18765312499997,2.878285e-08
154.05,0.0,136.18740312499997,2.80888e-08
154.05,0.0,136.18715312499998,2.80066e-08
154.05,0.0,136.186903125,2.842835e-08
154.05,0.0,136.18665312499996,2.849785e-08
154.05,0.0,136.18640312499997,2.78932e-08
154.05,0.0,136.18615312499998,2.83019e-08
154.05,0.0,136.18590312499998,2.84438e-08
154.05,0.0,136.18565312499996,2.852765e-08
154.05,0.0,136.18540312499997,2.8112e-08
154.05,0.0,136.18515312499997,2.8651e-08
154.05,0.0,136.18490312499998,2.86433e-08
154.05,0.0,136.18465312499998,2.86249e-08
154.05,0.0,136.18440312499996,2.858545e-08
154.05,0.0,136.18415312499997,2.848875e-08
154.05,0.0,136.18390312499997,2.843515e-08
154.05,0.0,136.18365312499998,2.81623e-08
154.05,0.0,136.18340312499998,2.82282e-08
154.05,0.0,136.18315312499996,2.82006e-08
154.05,0.0,136.18290312499997,2.830675e-08
154.05,0.0,136.18265312499997,2.84251e-08
154.05,0.0,136.18240312499998,2.80218e-08
154.05,0.0,136.18215312499999,2.850605e-08
154.05,0.0,136.18190312499996,2.82255e-08
154.05,0.0,136.18165312499997,2.86532e-08
154.05,0.0,136.18140312499997,2.86303e-08
154.05,0.0,136.18115312499998,2.836415e-08
154.05,0.0,136.180903125,2.8639e-08
154.05,0.0,136.18065312499996,2.838655e-08
154.05,0.0,136.18040312499997,2.892735e-08
154.05,0.0,136.18015312499998,2.8547450000000002e-08
154.05,0.0,136.17990312499998,2.82958e-08
154.05,0.0,136.17965312499996,2.84706e-08
154.05,0.0,136.17940312499996,2.81206e-08
154.05,0.0,136.17915312499997,2.79915e-08
154.05,0.0,136.17890312499998,2.841045e-08
154.05,0.0,136.17865312499998,2.78238e-08
154.05,0.0,136.17840312499996,2.8325966666666665e-08
154.05,0.0,136.17815312499997,2.83393e-08
154.05,0.0,136.17790312499997,2.88086e-08
154.05,0.0,136.17765312499998,2.8257e-08
154.05,0.0,136.17740312499998,2.82448e-08
154.05,0.0,136.17715312499996,2.83571e-08
154.05,0.0,136.17690312499997,2.8228550000000003e-08
154.05,0.0,136.17665312499997,2.85403e-08
154.05,0.0,136.17640312499998,2.836375e-08
154.05,0.0,136.17615312499998,2.831945e-08
154.05,0.0,136.17590312499996,2.8531833333333336e-08
154.05,0.0,136.17565312499997,2.84092e-08
154.05,0.0,136.17540312499997,2.82406e-08
154.05,0.0,136.17515312499998,2.8328150000000002e-08
154.05,0.0,136.174903125,2.853935e-08
154.05,0.0,136.17465312499996,2.88306e-08
154.05,0.0,136.17440312499997,2.842185e-08
154.05,0.0,136.17415312499998,2.87053e-08
154.05,0.0,136.17390312499998,2.8365000000000003e-08
154.05,0.0,136.173653125,2.8487e-08
154.05,0.0,136.17340312499996,2.842965e-08
154.05,0.0,136.17315312499997,2.851945e-08
154.05,0.0,136.17290312499998,2.846195e-08
154.05,0.0,136.17265312499998,2.79121e-08
154.05,0.0,136.17240312499996,2.8482850000000006e-08
154.05,0.0,136.17215312499997,2.869915e-08
154.05,0.0,136.17190312499997,2.846145e-08
154.05,0.0,136.17165312499998,2.836345e-08
154.05,0.0,136.17140312499998,2.86196e-08
154.05,0.0,136.17115312499996,2.866575e-08
154.05,0.0,136.17090312499997,2.88904e-08
154.05,0.0,136.17065312499997,2.81408e-08
154.05,0.0,136.17040312499998,2.854985e-08
154.05,0.0,136.17015312499998,2.88284e-08
154.05,0.0,136.16990312499996,2.8594950000000003e-08
154.05,0.0,136.16965312499997,2.84518e-08
154.05,0.0,136.16940312499997,2.8526400000000002e-08
154.05,0.0,136.16915312499998,2.874865e-08
154.05,0.0,136.16890312499999,2.8658866666666674e-08
154.05,0.0,136.16865312499996,2.84176e-08
154.05,0.0,136.16840312499997,2.84921e-08
154.05,0.0,136.16815312499998,2.8560300000000002e-08
154.05,0.0,136.16790312499998,2.84211e-08
154.05,0.0,136.167653125,2.82952e-08
154.05,0.0,136.16740312499996,2.811925e-08
154.05,0.0,136.16715312499997,2.88979e-08
154.05,0.0,136.16690312499998,2.848865e-08
154.05,0.0,136.16665312499998,2.85085e-08
154.05,0.0,136.16640312499996,2.876705e-08
154.05,0.0,136.16615312499997,2.82449e-08
154.05,0.0,136.16590312499997,2.902325e-08
154.05,0.0,136.16565312499998,2.87587e-08
154.05,0.0,136.16540312499998,2.871155e-08
154.05,0.0,136.16515312499996,2.8490300000000002e-08
154.05,0.0,136.16490312499997,2.92097e-08
154.05,0.0,136.16465312499997,2.8773500000000003e-08
154.05,0.0,136.16440312499998,2.838795e-08
154.05,0.0,136.16415312499998,2.872835e-08
154.05,0.0,136.16390312499996,2.94556e-08
154.05,0.0,136.16365312499997,2.892705e-08
154.05,0.0,136.16340312499997,2.86898e-08
154.05,0.0,136.16315312499998,2.847645e-08
154.05,0.0,136.16290312499999,2.938885e-08
154.05,0.0,136.16265312499996,2.8777e-08
154.05,0.0,136.16240312499997,2.914255e-08
154.05,0.0,136.16215312499997,2.886755e-08
154.05,0.0,136.16190312499998,2.846315e-08
154.05,0.0,136.161653125,2.9236700000000006e-08
154.05,0.0,136.16140312499996,2.919405e-08
154.05,0.0,136.16115312499997,2.923135e-08
154.05,0.0,136.16090312499998,2.85891e-08
154.05,0.0,136.16065312499998,2.870395e-08
154.05,0.0,136.16040312499996,2.897615e-08
154.05,0.0,136.16015312499997,2.882495e-08
154.05,0.0,136.15990312499997,2.891395e-08
154.05,0.0,136.15965312499998,2.88039e-08
154.05,0.0,136.15940312499998,2.8835e-08
154.05,0.0,136.15915312499996,2.860445e-08
154.05,0.0,136.15890312499997,2.88449e-08
154.05,0.0,136.15865312499997,2.891e-08
154.05,0.0,136.15840312499998,2.90406e-08
154.05,0.0,136.15815312499998,2.8624e-08
154.05,0.0,136.15790312499996,2.88537e-08
154.05,0.0,136.15765312499997,2.90322e-08
154.05,0.0,136.15740312499997,2.8721100000000002e-08
154.05,0.0,136.15715312499998,2.87148e-08
154.05,0.0,136.15690312499999,2.87711e-08
154.05,0.0,136.15665312499996,2.87053e-08
154.05,0.0,136.15640312499997,2.857585e-08
154.05,0.0,136.15615312499997,2.92735e-08
154.05,0.0,136.15590312499998,2.84459e-08
154.05,0.0,136.155653125,2.87687e-08
154.05,0.0,136.15540312499996,2.85502e-08
154.05,0.0,136.15515312499997,2.886425e-08
154.05,0.0,136.15490312499998,2.89455e-08
154.05,0.0,136.15465312499998,2.89347e-08
154.05,0.0,136.15440312499996,2.915245e-08
154.05,0.0,136.15415312499997,2.865995e-08
154.05,0.0,136.15390312499997,2.99056e-08
154.05,0.0,136.15365312499998,2.891095e-08
154.05,0.0,136.15340312499998,2.914935e-08
154.05,0.0,136.15315312499996,2.90188e-08
154.05,0.0,136.15290312499997,2.89329e-08
154.05,0.0,136.15265312499997,2.9098e-08
154.05,0.0,136.15240312499998,2.85801e-08
154.05,0.0,136.15215312499998,2.84545e-08
154.05,0.0,136.15190312499996,2.90997e-08
154.05,0.0,136.15165312499997,2.882105e-08
154.05,0.0,136.15140312499997,2.8221550000000002e-08
154.05,0.0,136.15115312499998,2.8846050000000002e-08
154.05,0.0,136.15090312499999,2.90488e-08
154.05,0.0,136.15065312499996,2.895855e-08
154.05,0.0,136.15040312499997,2.896605e-08
154.05,0.0,136.15015312499997,2.900795e-08
154.05,0.0,136.14990312499998,2.92252e-08
154.05,0.0,136.149653125,2.896925e-08
154.05,0.0,136.14940312499996,2.91132e-08
154.05,0.0,136.14915312499997,2.920755e-08
154.05,0.0,136.14890312499998,2.886705e-08
154.05,0.0,136.14865312499998,2.859705e-08
154.05,0.0,136.14840312499996,2.857105e-08
154.05,0.0,136.14815312499996,2.88103e-08
154.05,0.0,136.14790312499997,2.90499e-08
154.05,0.0,136.14765312499998,2.89011e-08
154.05,0.0,136.14740312499998,2.89892e-08
154.05,0.0,136.14715312499996,2.898745e-08
154.05,0.0,136.14690312499997,2.91845e-08
154.05,0.0,136.14665312499997,2.9033566666666672e-08
154.05,0.0,136.14640312499998,2.9019100000000002e-08
154.05,0.0,136.14615312499998,2.89359e-08
154.05,0.0,136.14590312499996,2.90011e-08
154.05,0.0,136.14565312499997,2.91561e-08
154.05,0.0,136.14540312499997,2.885515e-08
154.05,0.0,136.14515312499998,2.902305e-08
154.05,0.0,136.14490312499998,2.88425e-08
154.05,0.0,136.14465312499996,2.900415e-08
154.05,0.0,136.14440312499997,2.880355e-08
154.05,0.0,136.14415312499997,2.889525e-08
154.05,0.0,136.14390312499998,2.8925e-08
154.05,0.0,136.143653125,2.892645e-08
154.05,0.0,136.14340312499996,2.905975e-08
154.05,0.0,136.14315312499997,2.89777e-08
154.05,0.0,136.14290312499998,2.94142e-08
154.05,0.0,136.14265312499998,2.9258100000000002e-08
154.05,0.0,136.142403125,2.907855e-08
154.05,0.0,136.14215312499996,2.894505e-08
154.05,0.0,136.14190312499997,2.91306e-08
154.05,0.0,136.14165312499998,2.913e-08
154.05,0.0,136.14140312499998,2.92031e-08
154.05,0.0,136.14115312499996,2.9126e-08
154.05,0.0,136.14090312499997,2.88924e-08
154.05,0.0,136.14065312499997,2.8375650000000003e-08
154.05,0.0,136.14040312499998,2.888145e-08
154.05,0.0,136.14015312499998,2.84793e-08
154.05,0.0,136.13990312499996,2.8716966666666665e-08
154.05,0.0,136.13965312499997,2.88923e-08
154.05,0.0,136.13940312499997,2.86347e-08
154.05,0.0,136.13915312499998,2.94224e-08
154.05,0.0,136.13890312499998,2.89749e-08
154.05,0.0,136.13865312499996,2.8792450000000002e-08
154.05,0.0,136.13840312499997,2.926735e-08
154.05,0.0,136.13815312499997,2.91512e-08
154.05,0.0,136.13790312499998,2.908613333333333e-08
154.05,0.0,136.13765312499999,2.921805e-08
154.05,0.0,136.13740312499996,2.913525e-08
154.05,0.0,136.13715312499997,2.94349e-08
154.05,0.0,136.13690312499998,2.91694e-08
154.05,0.0,136.13665312499998,2.87321e-08
154.05,0.0,136.136403125,2.902195e-08
154.05,0.0,136.13615312499996,2.90615e-08
154.05,0.0,136.13590312499997,2.906165e-08
154.05,0.0,136.13565312499998,2.91417e-08
154.05,0.0,136.13540312499998,2.943943333333333e-08
154.05,0.0,136.13515312499996,2.89223e-08
154.05,0.0,136.13490312499997,2.91988e-08
154.05,0.0,136.13465312499997,2.9645800000000002e-08
154.05,0.0,136.13440312499998,2.95513e-08
154.05,0.0,136.13415312499998,2.96524e-08
154.05,0.0,136.13390312499996,2.950815e-08
154.05,0.0,136.13365312499997,2.948515e-08
154.05,0.0,136.13340312499997,2.962405e-08
154.05,0.0,136.13315312499998,2.920485e-08
154.05,0.0,136.13290312499998,2.93846e-08
154.05,0.0,136.13265312499996,2.941715e-08
154.05,0.0,136.13240312499997,2.92452e-08
154.05,0.0,136.13215312499997,2.9361e-08
154.05,0.0,136.13190312499998,2.95341e-08
154.05,0.0,136.13165312499999,2.96404e-08
154.05,0.0,136.13140312499996,2.939975e-08
154.05,0.0,136.13115312499997,2.95235e-08
154.05,0.0,136.13090312499997,2.96631e-08
154.05,0.0,136.13065312499998,2.96816e-08
154.05,0.0,136.130403125,2.9538350000000002e-08
154.05,0.0,136.13015312499996,2.97773e-08
154.05,0.0,136.12990312499997,2.999335e-08
154.05,0.0,136.12965312499998,2.9915450000000005e-08
154.05,0.0,136.12940312499998,2.994905e-08
154.05,0.0,136.12915312499996,2.98091e-08
154.05,0.0,136.12890312499997,2.983445e-08
154.05,0.0,136.12865312499997,2.971905e-08
154.05,0.0,136.12840312499998,2.9612400000000006e-08
154.05,0.0,136.12815312499998,3.012125e-08
154.05,0.0,136.12790312499996,2.95364e-08
154.05,0.0,136.12765312499997,2.94574e-08
154.05,0.0,136.12740312499997,2.94838e-08
154.05,0.0,136.12715312499998,2.97032e-08
154.05,0.0,136.12690312499998,2.94371e-08
154.05,0.0,136.12665312499996,2.9274150000000006e-08
154.05,0.0,136.12640312499997,2.9283e-08
154.05,0.0,136.12615312499997,2.95364e-08
154.05,0.0,136.12590312499998,2.97789e-08
154.05,0.0,136.12565312499999,2.97014e-08
154.05,0.0,136.12540312499996,2.99e-08
154.05,0.0,136.12515312499997,2.99905e-08
154.05,0.0,136.12490312499997,2.96126e-08
154.05,0.0,136.12465312499998,2.996765e-08
154.05,0.0,136.124403125,2.96871e-08
154.05,0.0,136.12415312499996,2.95677e-08
154.05,0.0,136.12390312499997,2.98329e-08
154.05,0.0,136.12365312499998,2.9503533333333333e-08
154.05,0.0,136.12340312499998,2.95e-08
154.05,0.0,136.12315312499996,3.0059000000000005e-08
154.05,0.0,136.12290312499997,2.957095e-08
154.05,0.0,136.12265312499997,2.926825e-08
154.05,0.0,136.12240312499998,2.95764e-08
154.05,0.0,136.12215312499998,2.96197e-08
154.05,0.0,136.12190312499996,2.9754e-08
154.05,0.0,136.12165312499997,2.989715e-08
154.05,0.0,136.12140312499997,2.978305e-08
154.05,0.0,136.12115312499998,2.9852400000000003e-08
154.05,0.0,136.12090312499998,2.967825e-08
154.05,0.0,136.12065312499996,2.985975e-08
154.05,0.0,136.12040312499997,2.98303e-08
154.05,0.0,136.12015312499997,2.9876849999999995e-08
154.05,0.0,136.11990312499998,3.0095200000000003e-08
154.05,0.0,136.11965312499999,2.99004e-08
154.05,0.0,136.11940312499996,2.9139150000000002e-08
154.05,0.0,136.11915312499997,2.960065e-08
154.05,0.0,136.11890312499997,2.970055e-08
154.05,0.0,136.11865312499998,2.922e-08
154.05,0.0,136.118403125,2.97796e-08
154.05,0.0,136.11815312499996,2.96346e-08
154.05,0.0,136.11790312499997,2.97489e-08
154.05,0.0,136.11765312499998,2.99065e-08
154.05,0.0,136.11740312499998,2.930395e-08
154.05,0.0,136.11715312499996,3.0012350000000003e-08
154.05,0.0,136.11690312499996,2.97302e-08
154.05,0.0,136.11665312499997,3.001875e-08
154.05,0.0,136.11640312499998,3.00943e-08
154.05,0.0,136.11615312499998,2.989335e-08
154.05,0.0,136.11590312499996,2.968955e-08
154.05,0.0,136.11565312499997,2.987445e-08
154.05,0.0,136.11540312499997,2.93492e-08
154.05,0.0,136.11515312499998,2.99439e-08
154.05,0.0,136.11490312499998,2.974585e-08
154.05,0.0,136.11465312499996,3.002375e-08
154.05,0.0,136.11440312499997,3.03303e-08
154.05,0.0,136.11415312499997,2.994175e-08
154.05,0.0,136.11390312499998,3.029665e-08
154.05,0.0,136.11365312499998,3.0189999999999994e-08
154.05,0.0,136.11340312499996,2.98488e-08
154.05,0.0,136.11315312499997,3.041885e-08
154.05,0.0,136.11290312499997,3.004495e-08
154.05,0.0,136.11265312499998,3.04098e-08
154.05,0.0,136.112403125,3.01482e-08
154.05,0.0,136.11215312499996,3.012515e-08
154.05,0.0,136.11190312499997,2.98647e-08
154.05,0.0,136.11165312499998,3.020815e-08
154.05,0.0,136.11140312499998,3.08192e-08
154.05,0.0,136.111153125,3.07746e-08
154.05,0.0,136.11090312499996,3.0350850000000003e-08
154.05,0.0,136.11065312499997,2.992295e-08
154.05,0.0,136.11040312499998,3.0316299999999995e-08
154.05,0.0,136.11015312499998,3.046965e-08
154.05,0.0,136.10990312499996,2.991375e-08
154.05,0.0,136.10965312499997,3.03413e-08
154.05,0.0,136.10940312499997,3.04185e-08
154.05,0.0,136.10915312499998,3.069935e-08
154.05,0.0,136.10890312499998,3.023035e-08
154.05,0.0,136.10865312499996,3.01421e-08
154.05,0.0,136.10840312499997,3.050915e-08
154.05,0.0,136.10815312499997,3.021395e-08
154.05,0.0,136.10790312499998,3.06473e-08
154.05,0.0,136.10765312499998,3.04284e-08
154.05,0.0,136.10740312499996,3.0477650000000004e-08
154.05,0.0,136.10715312499997,3.018895e-08
154.05,0.0,136.10690312499997,3.040435e-08
154.05,0.0,136.10665312499998,3.047435e-08
154.05,0.0,136.10640312499999,3.04882e-08
154.05,0.0,136.10615312499996,3.05269e-08
154.05,0.0,136.10590312499997,3.064733333333333e-08
154.05,0.0,136.10565312499998,3.02969e-08
154.05,0.0,136.10540312499998,3.059105e-08
154.05,0.0,136.105153125,3.03724e-08
154.05,0.0,136.10490312499996,3.0405e-08
154.05,0.0,136.10465312499997,3.09431e-08
154.05,0.0,136.10440312499998,3.03898e-08
154.05,0.0,136.10415312499998,3.06872e-08
154.05,0.0,136.10390312499996,3.145315e-08
154.05,0.0,136.10365312499997,3.061745e-08
154.05,0.0,136.10340312499997,3.0526350000000004e-08
154.05,0.0,136.10315312499998,3.0518849999999995e-08
154.05,0.0,136.10290312499998,3.04987e-08
154.05,0.0,136.10265312499996,3.02433e-08
154.05,0.0,136.10240312499997,3.07746e-08
154.05,0.0,136.10215312499997,3.09259e-08
154.05,0.0,136.10190312499998,3.0771850000000004e-08
154.05,0.0,136.10165312499998,3.06791e-08
154.05,0.0,136.10140312499996,3.077605e-08
154.05,0.0,136.10115312499997,3.08541e-08
154.05,0.0,136.10090312499997,3.06009e-08
154.05,0.0,136.10065312499998,3.13249e-08
154.05,0.0,136.10040312499999,3.07092e-08
154.05,0.0,136.10015312499996,3.0545e-08
154.05,0.0,136.09990312499997,3.083715e-08
154.05,0.0,136.09965312499997,3.08461e-08
154.05,0.0,136.09940312499998,3.08526e-08
154.05,0.0,136.099153125,3.10455e-08
154.05,0.0,136.09890312499996,3.1062150000000005e-08
154.05,0.0,136.09865312499997,3.06277e-08
154.05,0.0,136.09840312499998,3.103375e-08
154.05,0.0,136.09815312499998,3.077295e-08
154.05,0.0,136.09790312499996,3.085645e-08
154.05,0.0,136.09765312499997,3.09444e-08
154.05,0.0,136.09740312499997,3.05681e-08
154.05,0.0,136.09715312499998,3.081e-08
154.05,0.0,136.09690312499998,3.10335e-08
154.05,0.0,136.09665312499996,3.09625e-08
154.05,0.0,136.09640312499997,3.09658e-08
154.05,0.0,136.09615312499997,3.04691e-08
154.05,0.0,136.09590312499998,3.0513949999999995e-08
154.05,0.0,136.09565312499998,3.05858e-08
154.05,0.0,136.09540312499996,3.083905e-08
154.05,0.0,136.09515312499997,3.0768800000000005e-08
154.05,0.0,136.09490312499997,3.034435e-08
154.05,0.0,136.09465312499998,3.1013300000000004e-08
154.05,0.0,136.09440312499999,3.076125e-08
154.05,0.0,136.09415312499996,3.064915e-08
154.05,0.0,136.09390312499997,3.126095e-08
154.05,0.0,136.09365312499997,3.12231e-08
154.05,0.0,136.09340312499998,3.10039e-08
154.05,0.0,136.093153125,3.097085e-08
154.05,0.0,136.09290312499996,3.079945e-08
154.05,0.0,136.09265312499997,3.087315e-08
154.05,0.0,136.09240312499998,3.09624e-08
154.05,0.0,136.09215312499998,3.0919100000000006e-08
154.05,0.0,136.09190312499996,3.104755e-08
154.05,0.0,136.09165312499997,3.11194e-08
154.05,0.0,136.09140312499997,3.084585e-08
154.05,0.0,136.09115312499998,3.12952e-08
154.05,0.0,136.09090312499998,3.12704e-08
154.05,0.0,136.09065312499996,3.15724e-08
154.05,0.0,136.09040312499997,3.1241849999999995e-08
154.05,0.0,136.09015312499997,3.141315e-08
154.05,0.0,136.08990312499998,3.10366e-08
154.05,0.0,136.08965312499998,3.112885e-08
154.05,0.0,136.08940312499996,3.092605e-08
154.05,0.0,136.08915312499997,3.123295e-08
154.05,0.0,136.08890312499997,3.11258e-08
154.05,0.0,136.08865312499998,3.08347e-08
154.05,0.0,136.08840312499999,3.11666e-08
154.05,0.0,136.08815312499996,3.121415e-08
154.05,0.0,136.08790312499997,3.1027000000000004e-08
154.05,0.0,136.08765312499997,3.123605e-08
154.05,0.0,136.08740312499998,3.116605e-08
154.05,0.0,136.087153125,3.12582e-08
154.05,0.0,136.08690312499996,3.11465e-08
154.05,0.0,136.08665312499997,3.168515e-08
154.05,0.0,136.08640312499998,3.120945e-08
154.05,0.0,136.08615312499998,3.148125e-08
154.05,0.0,136.08590312499996,3.10445e-08
154.05,0.0,136.08565312499996,3.117235e-08
154.05,0.0,136.08540312499997,3.12066e-08
154.05,0.0,136.08515312499998,3.16195e-08
154.05,0.0,136.08490312499998,3.16702e-08
154.05,0.0,136.08465312499996,3.17299e-08
154.05,0.0,136.08440312499997,3.15121e-08
154.05,0.0,136.08415312499997,3.1828049999999995e-08
154.05,0.0,136.08390312499998,3.17097e-08
154.05,0.0,136.08365312499998,3.1719200000000005e-08
154.05,0.0,136.08340312499996,3.1380166666666665e-08
154.05,0.0,136.08315312499997,3.17645e-08
154.05,0.0,136.08290312499997,3.13737e-08
154.05,0.0,136.08265312499998,3.123905e-08
154.05,0.0,136.08240312499998,3.1854650000000004e-08
154.05,0.0,136.08215312499996,3.1591900000000004e-08
154.05,0.0,136.08190312499997,3.14907e-08
154.05,0.0,136.08165312499997,3.1735e-08
154.05,0.0,136.08140312499998,3.125795e-08
154.05,0.0,136.081153125,3.18878e-08
154.05,0.0,136.08090312499996,3.189925e-08
154.05,0.0,136.08065312499997,3.211255e-08
154.05,0.0,136.08040312499998,3.17019e-08
154.05,0.0,136.08015312499998,3.177615e-08
154.05,0.0,136.079903125,3.20051e-08
154.05,0.0,136.07965312499996,3.19652e-08
154.05,0.0,136.07940312499997,3.2291499999999995e-08
154.05,0.0,136.07915312499998,3.206325e-08
154.05,0.0,136.07890312499998,3.19985e-08
154.05,0.0,136.07865312499996,3.204235e-08
154.05,0.0,136.07840312499997,3.22201e-08
154.05,0.0,136.07815312499997,3.248265e-08
154.05,0.0,136.07790312499998,3.20365e-08
154.05,0.0,136.07765312499998,3.204745e-08
154.05,0.0,136.07740312499996,3.203885e-08
154.05,0.0,136.07715312499997,3.20822e-08
154.05,0.0,136.07690312499997,3.207255e-08
154.05,0.0,136.07665312499998,3.207135e-08
154.05,0.0,136.07640312499998,3.236425e-08
154.05,0.0,136.07615312499996,3.192085e-08
154.05,0.0,136.07590312499997,3.24979e-08
154.05,0.0,136.07565312499997,3.2033649999999995e-08
154.05,0.0,136.07540312499998,3.194485e-08
154.05,0.0,136.07515312499999,3.208525e-08
154.05,0.0,136.07490312499996,3.21682e-08
154.05,0.0,136.07465312499997,3.2081533333333335e-08
154.05,0.0,136.07440312499998,3.22325e-08
154.05,0.0,136.07415312499998,3.226325e-08
154.05,0.0,136.073903125,3.24354e-08
154.05,0.0,136.07365312499996,3.197645e-08
154.05,0.0,136.07340312499997,3.198135e-08
154.05,0.0,136.07315312499998,3.226e-08
154.05,0.0,136.07290312499998,3.20111e-08
154.05,0.0,136.07265312499996,3.220225e-08
154.05,0.0,136.07240312499997,3.21435e-08
154.05,0.0,136.07215312499997,3.217985e-08
154.05,0.0,136.07190312499998,3.18668e-08
154.05,0.0,136.07165312499998,3.21106e-08
154.05,0.0,136.07140312499996,3.22044e-08
154.05,0.0,136.07115312499997,3.23849e-08
154.05,0.0,136.07090312499997,3.20616e-08
154.05,0.0,136.07065312499998,3.1540300000000006e-08
154.05,0.0,136.07040312499998,3.22471e-08
154.05,0.0,136.07015312499996,3.1873699999999995e-08
154.05,0.0,136.06990312499997,3.21084e-08
154.05,0.0,136.06965312499997,3.231515e-08
154.05,0.0,136.06940312499998,3.21265e-08
154.05,0.0,136.06915312499999,3.23146e-08
154.05,0.0,136.06890312499996,3.22527e-08
154.05,0.0,136.06865312499997,3.16772e-08
154.05,0.0,136.06840312499997,3.222795e-08
154.05,0.0,136.06815312499998,3.2037199999999995e-08
154.05,0.0,136.067903125,3.16628e-08
154.05,0.0,136.06765312499996,3.24205e-08
154.05,0.0,136.06740312499997,3.196745e-08
154.05,0.0,136.06715312499998,3.24247e-08
154.05,0.0,136.06690312499998,3.22522e-08
154.05,0.0,136.06665312499996,3.185445e-08
154.05,0.0,136.06640312499997,3.217305e-08
154.05,0.0,136.06615312499997,3.2751e-08
154.05,0.0,136.06590312499998,3.17932e-08
154.05,0.0,136.06565312499998,3.22829e-08
154.05,0.0,136.06540312499996,3.2607366666666664e-08
154.05,0.0,136.06515312499997,3.23761e-08
154.05,0.0,136.06490312499997,3.22646e-08
154.05,0.0,136.06465312499998,3.24849e-08
154.05,0.0,136.06440312499998,3.232255e-08
154.05,0.0,136.06415312499996,3.23585e-08
154.05,0.0,136.06390312499997,3.25634e-08
154.05,0.0,136.06365312499997,3.237135e-08
154.05,0.0,136.06340312499998,3.257735e-08
154.05,0.0,136.06315312499999,3.25129e-08
154.05,0.0,136.06290312499996,3.2360649999999995e-08
154.05,0.0,136.06265312499997,3.263115e-08
154.05,0.0,136.06240312499997,3.24713e-08
154.05,0.0,136.06215312499998,3.2551e-08
154.05,0.0,136.061903125,3.25777e-08
154.05,0.0,136.06165312499996,3.257275e-08
154.05,0.0,136.06140312499997,3.250665e-08
154.05,0.0,136.06115312499998,3.26387e-08
154.05,0.0,136.06090312499998,3.280046666666667e-08
154.05,0.0,136.06065312499996,3.28668e-08
154.05,0.0,136.06040312499997,3.30747e-08
154.05,0.0,136.06015312499997,3.2666e-08
154.05,0.0,136.05990312499998,3.25302e-08
154.05,0.0,136.05965312499998,3.277945e-08
154.05,0.0,136.05940312499996,3.282565e-08
154.05,0.0,136.05915312499997,3.32085e-08
154.05,0.0,136.05890312499997,3.323885e-08
154.05,0.0,136.05865312499998,3.306406666666667e-08
154.05,0.0,136.05840312499998,3.33005e-08
154.05,0.0,136.05815312499996,3.30558e-08
154.05,0.0,136.05790312499997,3.282045e-08
154.05,0.0,136.05765312499997,3.3237400000000004e-08
154.05,0.0,136.05740312499998,3.3097e-08
154.05,0.0,136.05715312499999,3.33782e-08
154.05,0.0,136.05690312499996,3.28073e-08
154.05,0.0,136.05665312499997,3.32369e-08
154.05,0.0,136.05640312499997,3.3260566666666674e-08
154.05,0.0,136.05615312499998,3.31924e-08
154.05,0.0,136.055903125,3.293815e-08
154.05,0.0,136.05565312499996,3.33322e-08
154.05,0.0,136.05540312499997,3.31901e-08
154.05,0.0,136.05515312499998,3.3494e-08
154.05,0.0,136.05490312499998,3.29222e-08
154.05,0.0,136.05465312499996,3.37362e-08
154.05,0.0,136.05440312499996,3.341265e-08
154.05,0.0,136.05415312499997,3.31844e-08
154.05,0.0,136.05390312499998,3.34535e-08
154.05,0.0,136.05365312499998,3.36277e-08
154.05,0.0,136.05340312499996,3.393635e-08
154.05,0.0,136.05315312499997,3.38616e-08
154.05,0.0,136.05290312499997,3.391935e-08
154.05,0.0,136.05265312499998,3.35803e-08
154.05,0.0,136.05240312499998,3.341535e-08
154.05,0.0,136.05215312499996,3.36127e-08
154.05,0.0,136.05190312499997,3.375743333333333e-08
154.05,0.0,136.05165312499997,3.3861300000000004e-08
154.05,0.0,136.05140312499998,3.4296e-08
154.05,0.0,136.05115312499998,3.3849e-08
154.05,0.0,136.05090312499996,3.37959e-08
154.05,0.0,136.05065312499997,3.4031050000000005e-08
154.05,0.0,136.05040312499997,3.3974750000000005e-08
154.05,0.0,136.05015312499998,3.37768e-08
154.05,0.0,136.049903125,3.36122e-08
154.05,0.0,136.04965312499996,3.386665e-08
154.05,0.0,136.04940312499997,3.38629e-08
154.05,0.0,136.04915312499998,3.39006e-08
154.05,0.0,136.04890312499998,3.3959149999999995e-08
154.05,0.0,136.048653125,3.395965e-08
154.05,0.0,136.04840312499996,3.3842e-08
154.05,0.0,136.04815312499997,3.37231e-08
154.05,0.0,136.04790312499998,3.4152749999999995e-08
154.05,0.0,136.04765312499998,3.353095e-08
154.05,0.0,136.04740312499996,3.38384e-08
154.05,0.0,136.04715312499997,3.375925e-08
154.05,0.0,136.04690312499997,3.3936e-08
154.05,0.0,136.04665312499998,3.396235e-08
154.05,0.0,136.04640312499998,3.39783e-08
154.05,0.0,136.04615312499996,3.4265e-08
154.05,0.0,136.04590312499997,3.40947e-08
154.05,0.0,136.04565312499997,3.40841e-08
154.05,0.0,136.04540312499998,3.4319350000000004e-08
154.05,0.0,136.04515312499998,3.372985e-08
154.05,0.0,136.04490312499996,3.391585e-08
154.05,0.0,136.04465312499997,3.372465e-08
154.05,0.0,136.04440312499997,3.34847e-08
154.05,0.0,136.04415312499998,3.4107e-08
154.05,0.0,136.04390312499999,3.408645e-08
154.05,0.0,136.04365312499996,3.405875e-08
154.05,0.0,136.04340312499997,3.32705e-08
154.05,0.0,136.04315312499998,3.4298550000000004e-08
154.05,0.0,136.04290312499998,3.44018e-08
154.05,0.0,136.042653125,3.41347e-08
154.05,0.0,136.04240312499996,3.41361e-08
154.05,0.0,136.04215312499997,3.3961e-08
154.05,0.0,136.04190312499998,3.397145e-08
154.05,0.0,136.04165312499998,3.3953899999999995e-08
154.05,0.0,136.04140312499996,3.43008e-08
154.05,0.0,136.04115312499997,3.385e-08
154.05,0.0,136.04090312499997,3.39804e-08
154.05,0.0,136.04065312499998,3.406405e-08
154.05,0.0,136.04040312499998,3.41745e-08
154.05,0.0,136.04015312499996,3.40042e-08
154.05,0.0,136.03990312499997,3.42646e-08
154.05,0.0,136.03965312499997,3.40698e-08
154.05,0.0,136.03940312499998,3.46346e-08
154.05,0.0,136.03915312499998,3.4495e-08
154.05,0.0,136.03890312499996,3.405545e-08
154.05,0.0,136.03865312499997,3.448575e-08
154.05,0.0,136.03840312499997,3.422535e-08
154.05,0.0,136.03815312499998,3.407075e-08
154.05,0.0,136.03790312499999,3.4426200000000004e-08
154.05,0.0,136.03765312499996,3.42735e-08
154.05,0.0,136.03740312499997,3.40866e-08
154.05,0.0,136.03715312499997,3.448375e-08
154.05,0.0,136.03690312499998,3.45286e-08
154.05,0.0,136.036653125,3.466405e-08
154.05,0.0,136.03640312499996,3.403795e-08
154.05,0.0,136.03615312499997,3.4660700000000005e-08
154.05,0.0,136.03590312499998,3.462595e-08
154.05,0.0,136.03565312499998,3.4274200000000004e-08
154.05,0.0,136.03540312499996,3.40527e-08
154.05,0.0,136.03515312499997,3.451305e-08
154.05,0.0,136.03490312499997,3.437505e-08
154.05,0.0,136.03465312499998,3.446425e-08
154.05,0.0,136.03440312499998,3.45887e-08
154.05,0.0,136.03415312499996,3.463385e-08
154.05,0.0,136.03390312499997,3.46072e-08
154.05,0.0,136.03365312499997,3.44118e-08
154.05,0.0,136.03340312499998,3.45646e-08
154.05,0.0,136.03315312499998,3.47216e-08
154.05,0.0,136.03290312499996,3.46354e-08
154.05,0.0,136.03265312499997,3.4460149999999994e-08
154.05,0.0,136.03240312499997,3.47001e-08
154.05,0.0,136.03215312499998,3.489655e-08
154.05,0.0,136.03190312499999,3.4837550000000006e-08
154.05,0.0,136.03165312499996,3.484355e-08
154.05,0.0,136.03140312499997,3.460295e-08
154.05,0.0,136.03115312499997,3.47796e-08
154.05,0.0,136.03090312499998,3.47384e-08
154.05,0.0,136.030653125,3.54377e-08
154.05,0.0,136.03040312499996,3.48973e-08
154.05,0.0,136.03015312499997,3.4996799999999995e-08
154.05,0.0,136.02990312499998,3.48084e-08
154.05,0.0,136.02965312499998,3.48958e-08
154.05,0.0,136.02940312499996,3.5095e-08
154.05,0.0,136.02915312499997,3.48518e-08
154.05,0.0,136.02890312499997,3.494045e-08
154.05,0.0,136.02865312499998,3.49116e-08
154.05,0.0,136.02840312499998,3.49493e-08
154.05,0.0,136.02815312499996,3.47325e-08
154.05,0.0,136.02790312499997,3.51247e-08
154.05,0.0,136.02765312499997,3.50478e-08
154.05,0.0,136.02740312499998,3.518723333333333e-08
154.05,0.0,136.02715312499998,3.49142e-08
154.05,0.0,136.02690312499996,3.50662e-08
154.05,0.0,136.02665312499997,3.48496e-08
154.05,0.0,136.02640312499997,3.50482e-08
154.05,0.0,136.02615312499998,3.52147e-08
154.05,0.0,136.02590312499999,3.542495e-08
154.05,0.0,136.02565312499996,3.50194e-08
154.05,0.0,136.02540312499997,3.4693850000000005e-08
154.05,0.0,136.02515312499997,3.523125e-08
154.05,0.0,136.02490312499998,3.521825e-08
154.05,0.0,136.024653125,3.5099e-08
154.05,0.0,136.02440312499996,3.50501e-08
154.05,0.0,136.02415312499997,3.5802299999999995e-08
154.05,0.0,136.02390312499998,3.5308249999999995e-08
154.05,0.0,136.02365312499998,3.53951e-08
154.05,0.0,136.02340312499996,3.548935e-08
154.05,0.0,136.02315312499996,3.57557e-08
154.05,0.0,136.02290312499997,3.56856e-08
154.05,0.0,136.02265312499998,3.545335e-08
154.05,0.0,136.02240312499998,3.5190450000000004e-08
154.05,0.0,136.02215312499996,3.520885e-08
154.05,0.0,136.02190312499997,3.50007e-08
154.05,0.0,136.02165312499997,3.5371e-08
154.05,0.0,136.02140312499998,3.531315e-08
154.05,0.0,136.02115312499998,3.5350349999999995e-08
154.05,0.0,136.02090312499996,3.52272e-08
154.05,0.0,136.02065312499997,3.50432e-08
154.05,0.0,136.02040312499997,3.529555e-08
154.05,0.0,136.02015312499998,3.51516e-08
154.05,0.0,136.01990312499998,3.5317500000000005e-08
154.05,0.0,136.01965312499996,3.52421e-08
154.05,0.0,136.01940312499997,3.52587e-08
154.05,0.0,136.01915312499997,3.511925e-08
154.05,0.0,136.01890312499998,3.50247e-08
154.05,0.0,136.018653125,3.55631e-08
154.05,0.0,136.01840312499996,3.5088650000000005e-08
154.05,0.0,136.01815312499997,3.52057e-08
154.05,0.0,136.01790312499998,3.52505e-08
154.05,0.0,136.01765312499998,3.49066e-08
154.05,0.0,136.017403125,3.5294e-08
154.05,0.0,136.01715312499996,3.4790400000000004e-08
154.05,0.0,136.01690312499997,3.4814250000000004e-08
154.05,0.0,136.01665312499998,3.46309e-08
154.05,0.0,136.01640312499998,3.50166e-08
154.05,0.0,136.01615312499996,3.50423e-08
154.05,0.0,136.01590312499997,3.510045e-08
154.05,0.0,136.01565312499997,3.49337e-08
154.05,0.0,136.01540312499998,3.49915e-08
154.05,0.0,136.01515312499998,3.499435e-08
154.05,0.0,136.01490312499996,3.48624e-08
154.05,0.0,136.01465312499997,3.4966e-08
154.05,0.0,136.01440312499997,3.521515e-08
154.05,0.0,136.01415312499998,3.513625e-08
154.05,0.0,136.01390312499998,3.546e-08
154.05,0.0,136.01365312499996,3.5281699999999995e-08
154.05,0.0,136.01340312499997,3.5446549999999995e-08
154.05,0.0,136.01315312499997,3.54508e-08
154.05,0.0,136.01290312499998,3.53642e-08
154.05,0.0,136.01265312499999,3.58354e-08
154.05,0.0,136.01240312499996,3.6069000000000004e-08
154.05,0.0,136.01215312499997,3.618785000000001e-08
154.05,0.0,136.01190312499998,3.56643e-08
154.05,0.0,136.01165312499998,3.57335e-08
154.05,0.0,136.011403125,3.5528899999999995e-08
154.05,0.0,136.01115312499996,3.534345e-08
154.05,0.0,136.01090312499997,3.518865e-08
154.05,0.0,136.01065312499998,3.548355e-08
154.05,0.0,136.01040312499998,3.546935e-08
154.05,0.0,136.01015312499996,3.5339e-08
154.05,0.0,136.00990312499997,3.54562e-08
154.05,0.0,136.00965312499997,3.551645e-08
154.05,0.0,136.00940312499998,3.53119e-08
154.05,0.0,136.00915312499998,3.5622e-08
154.05,0.0,136.00890312499996,3.59058e-08
154.05,0.0,136.00865312499997,3.594715e-08
154.05,0.0,136.00840312499997,3.56848e-08
154.05,0.0,136.00815312499998,3.5943649999999995e-08
154.05,0.0,136.00790312499998,3.57622e-08
154.05,0.0,136.00765312499996,3.599095e-08
154.05,0.0,136.00740312499997,3.57693e-08
154.05,0.0,136.00715312499997,3.579665e-08
154.05,0.0,136.00690312499998,3.5667e-08
154.05,0.0,136.00665312499999,3.57684e-08
154.05,0.0,136.00640312499996,3.595185e-08
154.05,0.0,136.00615312499997,3.605305e-08
154.05,0.0,136.00590312499997,3.60952e-08
154.05,0.0,136.00565312499998,3.600975e-08
154.05,0.0,136.005403125,3.6000799999999995e-08
154.05,0.0,136.00515312499996,3.577815e-08
154.05,0.0,136.00490312499997,3.62695e-08
154.05,0.0,136.00465312499998,3.614125e-08
154.05,0.0,136.00440312499998,3.6057066666666676e-08
154.05,0.0,136.00415312499996,3.62466e-08
154.05,0.0,136.00390312499997,3.60146e-08
154.05,0.0,136.00365312499997,3.6078300000000004e-08
154.05,0.0,136.00340312499998,3.63608e-08
154.05,0.0,136.00315312499998,3.63883e-08
154.05,0.0,136.00290312499996,3.62711e-08
154.05,0.0,136.00265312499997,3.64006e-08
154.05,0.0,136.00240312499997,3.63854e-08
154.05,0.0,136.00215312499998,3.6074e-08
154.05,0.0,136.00190312499998,3.64439e-08
154.05,0.0,136.00165312499996,3.633455e-08
154.05,0.0,136.00140312499997,3.625935e-08
154.05,0.0,136.00115312499997,3.64598e-08
154.05,0.0,136.00090312499998,3.65236e-08
154.05,0.0,136.00065312499999,3.64816e-08
154.05,0.0,136.00040312499996,3.65751e-08
154.05,0.0,136.00015312499997,3.672025e-08
154.05,0.0,135.99990312499997,3.66749e-08
154.05,0.0,135.99965312499998,3.665135e-08
154.05,0.0,135.999403125,3.641120000000001e-08
154.05,0.0,135.99915312499996,3.6578e-08
154.05,0.0,135.99890312499997,3.63739e-08
154.05,0.0,135.99865312499998,3.654705e-08
154.05,0.0,135.99840312499998,3.64902e-08
154.05,0.0,135.99815312499996,3.65105e-08
154.05,0.0,135.99790312499997,3.68632e-08
154.05,0.0,135.99765312499997,3.656675e-08
154.05,0.0,135.99740312499998,3.6751750000000003e-08
154.05,0.0,135.99715312499998,3.674525e-08
154.05,0.0,135.99690312499996,3.65277e-08
154.05,0.0,135.99665312499997,3.657105e-08
154.05,0.0,135.99640312499997,3.67198e-08
154.05,0.0,135.99615312499998,3.6914550000000005e-08
154.05,0.0,135.99590312499998,3.69956e-08
154.05,0.0,135.99565312499996,3.63532e-08
154.05,0.0,135.99540312499997,3.659515e-08
154.05,0.0,135.99515312499997,3.66738e-08
154.05,0.0,135.99490312499998,3.67036e-08
154.05,0.0,135.99465312499999,3.625025e-08
154.05,0.0,135.99440312499996,3.668655e-08
154.05,0.0,135.99415312499997,3.665180000000001e-08
154.05,0.0,135.99390312499997,3.67319e-08
154.05,0.0,135.99365312499998,3.64827e-08
154.05,0.0,135.993403125,3.6466000000000004e-08
154.05,0.0,135.99315312499996,3.678815e-08
154.05,0.0,135.99290312499997,3.665085e-08
154.05,0.0,135.99265312499998,3.705835e-08
154.05,0.0,135.99240312499998,3.68214e-08
154.05,0.0,135.99215312499996,3.62458e-08
154.05,0.0,135.99190312499996,3.69711e-08
154.05,0.0,135.99165312499997,3.696255e-08
154.05,0.0,135.99140312499998,3.7450050000000004e-08
154.05,0.0,135.99115312499998,3.69658e-08
154.05,0.0,135.99090312499996,3.707665e-08
154.05,0.0,135.99065312499997,3.7229400000000004e-08
154.05,0.0,135.99040312499997,3.704645e-08
154.05,0.0,135.99015312499998,3.72033e-08
154.05,0.0,135.98990312499998,3.69282e-08
154.05,0.0,135.98965312499996,3.68826e-08
154.05,0.0,135.98940312499997,3.688695e-08
154.05,0.0,135.98915312499997,3.70052e-08
154.05,0.0,135.98890312499998,3.673496666666667e-08
154.05,0.0,135.98865312499998,3.65816e-08
154.05,0.0,135.98840312499996,3.655125e-08
154.05,0.0,135.98815312499997,3.6608e-08
154.05,0.0,135.98790312499997,3.652065e-08
154.05,0.0,135.98765312499998,3.621085e-08
154.05,0.0,135.987403125,3.619565e-08
154.05,0.0,135.98715312499996,3.53875e-08
154.05,0.0,135.98690312499997,3.55172e-08
154.05,0.0,135.98665312499998,3.56415e-08
154.05,0.0,135.98640312499998,3.583635e-08
154.05,0.0,135.986153125,3.58043e-08
154.05,0.0,135.98590312499996,3.5939249999999995e-08
154.05,0.0,135.98565312499997,3.65208e-08
154.05,0.0,135.98540312499998,3.7054400000000004e-08
154.05,0.0,135.98515312499998,3.75177e-08
154.05,0.0,135.98490312499996,3.7956450000000004e-08
154.05,0.0,135.98465312499997,3.8034200000000006e-08
154.05,0.0,135.98440312499997,3.815775e-08
154.05,0.0,135.98415312499998,3.76313e-08
154.05,0.0,135.98390312499998,3.7223650000000004e-08
154.05,0.0,135.98365312499996,3.688265e-08
154.05,0.0,135.98340312499997,3.64442e-08
154.05,0.0,135.98315312499997,3.59238e-08
154.05,0.0,135.98290312499998,3.5519800000000005e-08
154.05,0.0,135.98265312499998,3.56471e-08
154.05,0.0,135.98240312499996,3.520425e-08
154.05,0.0,135.98215312499997,3.49001e-08
154.05,0.0,135.98190312499997,3.4505533333333344e-08
154.05,0.0,135.98165312499998,3.4697750000000004e-08
154.05,0.0,135.98140312499999,3.44438e-08
154.05,0.0,135.98115312499996,3.46289e-08
154.05,0.0,135.98090312499997,3.49382e-08
154.05,0.0,135.98065312499998,3.5548849999999995e-08
154.05,0.0,135.98040312499998,3.58087e-08
154.05,0.0,135.980153125,3.63541e-08
154.05,0.0,135.97990312499996,3.61879e-08
154.05,0.0,135.97965312499997,3.6623e-08
154.05,0.0,135.97940312499998,3.6542633333333336e-08
154.05,0.0,135.97915312499998,3.6925e-08
154.05,0.0,135.97890312499996,3.691575e-08
154.05,0.0,135.97865312499997,3.709135e-08
154.05,0.0,135.97840312499997,3.695915e-08
154.05,0.0,135.97815312499998,3.67413e-08
154.05,0.0,135.97790312499998,3.706405e-08
154.05,0.0,135.97765312499996,3.7256e-08
154.05,0.0,135.97740312499997,3.736065e-08
154.05,0.0,135.97715312499997,3.713285e-08
154.05,0.0,135.97690312499998,3.725045e-08
154.05,0.0,135.97665312499998,3.67589e-08
154.05,0.0,135.97640312499996,3.71888e-08
154.05,0.0,135.97615312499997,3.71407e-08
154.05,0.0,135.97590312499997,3.707105e-08
154.05,0.0,135.97565312499998,3.706635e-08
154.05,0.0,135.97540312499999,3.715465e-08
154.05,0.0,135.97515312499996,3.702145e-08
154.05,0.0,135.97490312499997,3.716915e-08
154.05,0.0,135.97465312499997,3.71384e-08
154.05,0.0,135.97440312499998,3.69789e-08
154.05,0.0,135.974153125,3.661235e-08
154.05,0.0,135.97390312499996,3.670165e-08
154.05,0.0,135.97365312499997,3.709375e-08
154.05,0.0,135.97340312499998,3.68881e-08
154.05,0.0,135.97315312499998,3.70977e-08
154.05,0.0,135.97290312499996,3.7006733333333345e-08
154.05,0.0,135.97265312499997,3.70673e-08
154.05,0.0,135.97240312499997,3.70563e-08
154.05,0.0,135.97215312499998,3.69778e-08
154.05,0.0,135.97190312499998,3.700565e-08
154.05,0.0,135.97165312499996,3.69419e-08
154.05,0.0,135.97140312499997,3.73117e-08
154.05,0.0,135.97115312499997,3.7074500000000006e-08
154.05,0.0,135.97090312499998,3.7223533333333335e-08
154.05,0.0,135.97065312499998,3.684445e-08
154.05,0.0,135.97040312499996,3.67058e-08
154.05,0.0,135.97015312499997,3.6898850000000004e-08
154.05,0.0,135.96990312499997,3.7254400000000006e-08
154.05,0.0,135.96965312499998,3.711165e-08
154.05,0.0,135.96940312499999,3.62956e-08
154.05,0.0,135.96915312499996,3.709750000000001e-08
154.05,0.0,135.96890312499997,3.731275e-08
154.05,0.0,135.96865312499997,3.69409e-08
154.05,0.0,135.96840312499998,3.69743e-08
154.05,0.0,135.968153125,3.6617500000000003e-08
154.05,0.0,135.96790312499996,3.71123e-08
154.05,0.0,135.96765312499997,3.696435e-08
154.05,0.0,135.96740312499998,3.67365e-08
154.05,0.0,135.96715312499998,3.680685000000001e-08
154.05,0.0,135.96690312499996,3.673695e-08
154.05,0.0,135.96665312499997,3.668945e-08
154.05,0.0,135.96640312499997,3.68925e-08
154.05,0.0,135.96615312499998,3.70044e-08
154.05,0.0,135.96590312499998,3.6814650000000003e-08
154.05,0.0,135.96565312499996,3.68874e-08
154.05,0.0,135.96540312499997,3.69263e-08
154.05,0.0,135.96515312499997,3.727030000000001e-08
154.05,0.0,135.96490312499998,3.67875e-08
154.05,0.0,135.96465312499998,3.667405e-08
154.05,0.0,135.96440312499996,3.70048e-08
154.05,0.0,135.96415312499997,3.68878e-08
154.05,0.0,135.96390312499997,3.71732e-08
154.05,0.0,135.96365312499998,3.6891266666666666e-08
154.05,0.0,135.96340312499999,3.71161e-08
154.05,0.0,135.96315312499996,3.709375e-08
154.05,0.0,135.96290312499997,3.722945e-08
154.05,0.0,135.96265312499997,3.79432e-08
154.05,0.0,135.96240312499998,3.74257e-08
154.05,0.0,135.962153125,3.706285e-08
154.05,0.0,135.96190312499996,3.702095e-08
154.05,0.0,135.96165312499997,3.727695e-08
154.05,0.0,135.96140312499998,3.68778e-08
154.05,0.0,135.96115312499998,3.72977e-08
154.05,0.0,135.96090312499996,3.70601e-08
154.05,0.0,135.96065312499996,3.704735e-08
154.05,0.0,135.96040312499997,3.75205e-08
154.05,0.0,135.96015312499998,3.704655e-08
154.05,0.0,135.95990312499998,3.7278e-08
154.05,0.0,135.95965312499996,3.734855e-08
154.05,0.0,135.95940312499997,3.71544e-08
154.05,0.0,135.95915312499997,3.7100900000000004e-08
154.05,0.0,135.95890312499998,3.71791e-08
154.05,0.0,135.95865312499998,3.727105e-08
154.05,0.0,135.95840312499996,3.71703e-08
154.05,0.0,135.95815312499997,3.73382e-08
154.05,0.0,135.95790312499997,3.70084e-08
154.05,0.0,135.95765312499998,3.706275e-08
154.05,0.0,135.95740312499998,3.80552e-08
154.05,0.0,135.95715312499996,3.700995e-08
154.05,0.0,135.95690312499997,3.737705e-08
154.05,0.0,135.95665312499997,3.73436e-08
154.05,0.0,135.95640312499998,3.72962e-08
154.05,0.0,135.956153125,3.723805e-08
154.05,0.0,135.95590312499996,3.721195e-08
154.05,0.0,135.95565312499997,3.81168e-08
154.05,0.0,135.95540312499998,3.74089e-08
154.05,0.0,135.95515312499998,3.72232e-08
154.05,0.0,135.954903125,3.713523333333333e-08
154.05,0.0,135.95465312499996,3.65772e-08
154.05,0.0,135.95440312499997,3.737905e-08
154.05,0.0,135.95415312499998,3.686955e-08
154.05,0.0,135.95390312499998,3.719075e-08
154.05,0.0,135.95365312499996,3.6933e-08
154.05,0.0,135.95340312499997,3.655835e-08
154.05,0.0,135.95315312499997,3.671415e-08
154.05,0.0,135.95290312499998,3.707055e-08
154.05,0.0,135.95265312499998,3.67513e-08
154.05,0.0,135.95240312499996,3.702595e-08
154.05,0.0,135.95215312499997,3.70531e-08
154.05,0.0,135.95190312499997,3.67934e-08
154.05,0.0,135.95165312499998,3.66867e-08
154.05,0.0,135.95140312499998,3.672725e-08
154.05,0.0,135.95115312499996,3.701415000000001e-08
154.05,0.0,135.95090312499997,3.68129e-08
154.05,0.0,135.95065312499997,3.68262e-08
154.05,0.0,135.95040312499998,3.724755e-08
154.05,0.0,135.95015312499999,3.70963e-08
154.05,0.0,135.94990312499996,3.69616e-08
154.05,0.0,135.94965312499997,3.68749e-08
154.05,0.0,135.94940312499998,3.69668e-08
154.05,0.0,135.94915312499998,3.662135e-08
154.05,0.0,135.948903125,3.67525e-08
154.05,0.0,135.94865312499996,3.70188e-08
154.05,0.0,135.94840312499997,3.6524e-08
154.05,0.0,135.94815312499998,3.626145e-08
154.05,0.0,135.94790312499998,3.62749e-08
154.05,0.0,135.94765312499996,3.65531e-08
154.05,0.0,135.94740312499997,3.64351e-08
154.05,0.0,135.94715312499997,3.64095e-08
154.05,0.0,135.94690312499998,3.63803e-08
154.05,0.0,135.94665312499998,3.59763e-08
154.05,0.0,135.94640312499996,3.63531e-08
154.05,0.0,135.94615312499997,3.64039e-08
154.05,0.0,135.94590312499997,3.69484e-08
154.05,0.0,135.94565312499998,3.63269e-08
154.05,0.0,135.94540312499998,3.65092e-08
154.05,0.0,135.94515312499996,3.666155e-08
154.05,0.0,135.94490312499997,3.63565e-08
154.05,0.0,135.94465312499997,3.6051e-08
154.05,0.0,135.94440312499998,3.646e-08
154.05,0.0,135.94415312499999,3.674185e-08
154.05,0.0,135.94390312499996,3.66761e-08
154.05,0.0,135.94365312499997,3.633445e-08
154.05,0.0,135.94340312499997,3.613425e-08
154.05,0.0,135.94315312499998,3.620465e-08
154.05,0.0,135.942903125,3.626725e-08
154.05,0.0,135.94265312499996,3.54003e-08
154.05,0.0,135.94240312499997,3.617e-08
154.05,0.0,135.94215312499998,3.592165e-08
154.05,0.0,135.94190312499998,3.604565000000001e-08
154.05,0.0,135.94165312499996,3.57556e-08
154.05,0.0,135.94140312499997,3.609425e-08
154.05,0.0,135.94115312499997,3.61486e-08
154.05,0.0,135.94090312499998,3.553995e-08
154.05,0.0,135.94065312499998,3.63676e-08
154.05,0.0,135.94040312499996,3.649005e-08
154.05,0.0,135.94015312499997,3.64526e-08
154.05,0.0,135.93990312499997,3.64582e-08
154.05,0.0,135.93965312499998,3.59447e-08
154.05,0.0,135.93940312499998,3.71853e-08
154.05,0.0,135.93915312499996,3.609395e-08
154.05,0.0,135.93890312499997,3.683695e-08
154.05,0.0,135.93865312499997,3.59289e-08
154.05,0.0,135.93840312499998,3.6230450000000005e-08
154.05,0.0,135.93815312499999,3.605275000000001e-08
154.05,0.0,135.93790312499996,3.635165e-08
154.05,0.0,135.93765312499997,3.68467e-08
154.05,0.0,135.93740312499997,3.642505e-08
154.05,0.0,135.93715312499998,3.6615950000000006e-08
154.05,0.0,135.936903125,3.591965e-08
154.05,0.0,135.93665312499996,3.66178e-08
154.05,0.0,135.93640312499997,3.66216e-08
154.05,0.0,135.93615312499998,3.60363e-08
154.05,0.0,135.93590312499998,3.64992e-08
154.05,0.0,135.93565312499996,3.653695e-08
154.05,0.0,135.93540312499997,3.6047e-08
154.05,0.0,135.93515312499997,3.690085e-08
154.05,0.0,135.93490312499998,3.667945e-08
154.05,0.0,135.93465312499998,3.646125000000001e-08
154.05,0.0,135.93440312499996,3.5963e-08
154.05,0.0,135.93415312499997,3.624485e-08
154.05,0.0,135.93390312499997,3.66065e-08
154.05,0.0,135.93365312499998,3.6234e-08
154.05,0.0,135.93340312499998,3.62503e-08
154.05,0.0,135.93315312499996,3.56986e-08
154.05,0.0,135.93290312499997,3.54166e-08
154.05,0.0,135.93265312499997,3.65162e-08
154.05,0.0,135.93240312499998,3.614433333333333e-08
154.05,0.0,135.93215312499999,3.65007e-08
154.05,0.0,135.93190312499996,3.80432e-08
154.05,0.0,135.93165312499997,3.6546650000000004e-08
154.05,0.0,135.93140312499997,3.62912e-08
154.05,0.0,135.93115312499998,3.64927e-08
154.05,0.0,135.930903125,3.64281e-08
154.05,0.0,135.93065312499996,3.63567e-08
154.05,0.0,135.93040312499997,3.69339e-08
154.05,0.0,135.93015312499998,3.668025e-08
154.05,0.0,135.92990312499998,3.66512e-08
154.05,0.0,135.92965312499996,3.636925e-08
154.05,0.0,135.92940312499996,3.64433e-08
154.05,0.0,135.92915312499997,3.6243300000000005e-08
154.05,0.0,135.92890312499998,3.63645e-08
154.05,0.0,135.92865312499998,3.64563e-08
154.05,0.0,135.92840312499996,3.61314e-08
154.05,0.0,135.92815312499997,3.65299e-08
154.05,0.0,135.92790312499997,3.628375e-08
154.05,0.0,135.92765312499998,3.657045e-08
154.05,0.0,135.92740312499998,3.636705e-08
154.05,0.0,135.92715312499996,3.62563e-08
154.05,0.0,135.92690312499997,3.64861e-08
154.05,0.0,135.92665312499997,3.548425e-08
154.05,0.0,135.92640312499998,3.659815e-08
154.05,0.0,135.92615312499998,3.6371e-08
154.05,0.0,135.92590312499996,3.5801150000000006e-08
154.05,0.0,135.92565312499997,3.62481e-08
154.05,0.0,135.92540312499997,3.5765150000000004e-08
154.05,0.0,135.92515312499998,3.61391e-08
154.05,0.0,135.924903125,3.60797e-08
154.05,0.0,135.92465312499996,3.686825e-08
154.05,0.0,135.92440312499997,3.63663e-08
154.05,0.0,135.92415312499998,3.579905e-08
154.05,0.0,135.92390312499998,3.58218e-08
154.05,0.0,135.923653125,3.609215000000001e-08
154.05,0.0,135.92340312499996,3.60496e-08
154.05,0.0,135.92315312499997,3.61164e-08
154.05,0.0,135.92290312499998,3.609635e-08
154.05,0.0,135.92265312499998,3.624435e-08
154.05,0.0,135.92240312499996,3.64444e-08
154.05,0.0,135.92215312499997,3.598075e-08
154.05,0.0,135.92190312499997,3.64909e-08
154.05,0.0,135.92165312499998,3.6356e-08
154.05,0.0,135.92140312499998,3.64115e-08
154.05,0.0,135.92115312499996,3.68108e-08
154.05,0.0,135.92090312499997,3.595125e-08
154.05,0.0,135.92065312499997,3.627285e-08
154.05,0.0,135.92040312499998,3.58158e-08
154.05,0.0,135.92015312499998,3.60792e-08
154.05,0.0,135.91990312499996,3.61501e-08
154.05,0.0,135.91965312499997,3.5905099999999995e-08
154.05,0.0,135.91940312499997,3.643495e-08
154.05,0.0,135.91915312499998,3.610775e-08
154.05,0.0,135.91890312499999,3.62106e-08
154.05,0.0,135.91865312499996,3.680175e-08
154.05,0.0,135.91840312499997,3.61485e-08
154.05,0.0,135.91815312499998,3.61547e-08
154.05,0.0,135.91790312499998,3.616445e-08
154.05,0.0,135.917653125,3.60948e-08
154.05,0.0,135.91740312499996,3.625045e-08
154.05,0.0,135.91715312499997,3.608555e-08
154.05,0.0,135.91690312499998,3.63447e-08
154.05,0.0,135.91665312499998,3.65669e-08
154.05,0.0,135.91640312499996,3.57936e-08
154.05,0.0,135.91615312499997,3.644e-08
154.05,0.0,135.91590312499997,3.61804e-08
154.05,0.0,135.91565312499998,3.643e-08
154.05,0.0,135.91540312499998,3.64583e-08
154.05,0.0,135.91515312499996,3.7206e-08
154.05,0.0,135.91490312499997,3.54604e-08
154.05,0.0,135.91465312499997,3.583805e-08
154.05,0.0,135.91440312499998,3.63721e-08
154.05,0.0,135.91415312499998,3.60289e-08
154.05,0.0,135.91390312499996,3.57154e-08
154.05,0.0,135.91365312499997,3.6012299999999995e-08
154.05,0.0,135.91340312499997,3.5823150000000004e-08
154.05,0.0,135.91315312499998,3.64633e-08
154.05,0.0,135.91290312499999,3.52102e-08
154.05,0.0,135.91265312499996,3.631955e-08
154.05,0.0,135.91240312499997,3.56266e-08
154.05,0.0,135.91215312499997,3.612095e-08
154.05,0.0,135.91190312499998,3.63249e-08
154.05,0.0,135.911653125,3.57931e-08
154.05,0.0,135.91140312499996,3.619045e-08
154.05,0.0,135.91115312499997,3.70026e-08
154.05,0.0,135.91090312499998,3.585485e-08
154.05,0.0,135.91065312499998,3.68053e-08
154.05,0.0,135.91040312499996,3.582405e-08
154.05,0.0,135.91015312499997,3.588065e-08
154.05,0.0,135.90990312499997,3.547095e-08
154.05,0.0,135.90965312499998,3.57735e-08
154.05,0.0,135.90940312499998,3.554875e-08
154.05,0.0,135.90915312499996,3.55653e-08
154.05,0.0,135.90890312499997,3.562805e-08
154.05,0.0,135.90865312499997,3.58226e-08
154.05,0.0,135.90840312499998,3.56337e-08
154.05,0.0,135.90815312499998,3.55696e-08
154.05,0.0,135.90790312499996,3.527805e-08
154.05,0.0,135.90765312499997,3.59264e-08
154.05,0.0,135.90740312499997,3.498085e-08
154.05,0.0,135.90715312499998,3.55076e-08
154.05,0.0,135.90690312499999,3.499525e-08
154.05,0.0,135.90665312499996,3.60041e-08
154.05,0.0,135.90640312499997,3.567625e-08
154.05,0.0,135.90615312499997,3.56438e-08
154.05,0.0,135.90590312499998,3.565635e-08
154.05,0.0,135.905653125,3.569185e-08
154.05,0.0,135.90540312499996,3.557135e-08
154.05,0.0,135.90515312499997,3.566605e-08
154.05,0.0,135.90490312499998,3.5778150000000006e-08
154.05,0.0,135.90465312499998,3.543315e-08
154.05,0.0,135.90440312499996,3.540235e-08
154.05,0.0,135.90415312499997,3.55151e-08
154.05,0.0,135.90390312499997,3.562045e-08
154.05,0.0,135.90365312499998,3.53342e-08
154.05,0.0,135.90340312499998,3.616455e-08
154.05,0.0,135.90315312499996,3.51382e-08
154.05,0.0,135.90290312499997,3.5461633333333335e-08
154.05,0.0,135.90265312499997,3.45123e-08
154.05,0.0,135.90240312499998,3.45392e-08
154.05,0.0,135.90215312499998,3.51751e-08
154.05,0.0,135.90190312499996,3.5436e-08
154.05,0.0,135.90165312499997,3.5254350000000005e-08
154.05,0.0,135.90140312499997,3.52071e-08
154.05,0.0,135.90115312499998,3.51773e-08
154.05,0.0,135.90090312499999,3.488225e-08
154.05,0.0,135.90065312499996,3.5598933333333334e-08
154.05,0.0,135.90040312499997,3.48246e-08
154.05,0.0,135.90015312499997,3.4877150000000003e-08
154.05,0.0,135.89990312499998,3.555625e-08
154.05,0.0,135.899653125,3.549145e-08
154.05,0.0,135.89940312499996,3.511725e-08
154.05,0.0,135.89915312499997,3.64271e-08
154.05,0.0,135.89890312499998,3.6082500000000006e-08
154.05,0.0,135.89865312499998,3.509715e-08
154.05,0.0,135.89840312499996,3.5554300000000005e-08
154.05,0.0,135.89815312499996,3.54512e-08
154.05,0.0,135.89790312499997,3.497615e-08
154.05,0.0,135.89765312499998,3.534875e-08
154.05,0.0,135.89740312499998,3.56085e-08
154.05,0.0,135.89715312499996,3.47916e-08
154.05,0.0,135.89690312499997,3.52448e-08
154.05,0.0,135.89665312499997,3.53517e-08
154.05,0.0,135.89640312499998,3.57315e-08
154.05,0.0,135.89615312499998,3.514715e-08
154.05,0.0,135.89590312499996,3.51867e-08
154.05,0.0,135.89565312499997,3.5291900000000004e-08
154.05,0.0,135.89540312499997,3.504e-08
154.05,0.0,135.89515312499998,3.554355e-08
154.05,0.0,135.89490312499998,3.490585e-08
154.05,0.0,135.89465312499996,3.4636700000000005e-08
154.05,0.0,135.89440312499997,3.45357e-08
154.05,0.0,135.89415312499997,3.510015e-08
154.05,0.0,135.89390312499998,3.5002600000000004e-08
154.05,0.0,135.893653125,3.485085e-08
154.05,0.0,135.89340312499996,3.50682e-08
154.05,0.0,135.89315312499997,3.549505e-08
154.05,0.0,135.89290312499998,3.488125e-08
154.05,0.0,135.89265312499998,3.570995e-08
154.05,0.0,135.892403125,3.51839e-08
154.05,0.0,135.89215312499996,3.475205e-08
154.05,0.0,135.89190312499997,3.4972666666666676e-08
154.05,0.0,135.89165312499998,3.5251599999999995e-08
154.05,0.0,135.89140312499998,3.54365e-08
154.05,0.0,135.89115312499996,3.53033e-08
154.05,0.0,135.89090312499997,3.5154250000000005e-08
154.05,0.0,135.89065312499997,3.49483e-08
154.05,0.0,135.89040312499998,3.52324e-08
154.05,0.0,135.89015312499998,3.5322000000000004e-08
154.05,0.0,135.88990312499996,3.510875e-08
154.05,0.0,135.88965312499997,3.5419550000000004e-08
154.05,0.0,135.88940312499997,3.56185e-08
154.05,0.0,135.88915312499998,3.51559e-08
154.05,0.0,135.88890312499998,3.50537e-08
154.05,0.0,135.88865312499996,3.496005e-08
154.05,0.0,135.88840312499997,3.51078e-08
154.05,0.0,135.88815312499997,3.513985e-08
154.05,0.0,135.88790312499998,3.5128050000000005e-08
154.05,0.0,135.88765312499999,3.520775e-08
154.05,0.0,135.88740312499996,3.52735e-08
154.05,0.0,135.88715312499997,3.50231e-08
154.05,0.0,135.88690312499998,3.496695e-08
154.05,0.0,135.88665312499998,3.48348e-08
154.05,0.0,135.886403125,3.49692e-08
154.05,0.0,135.88615312499996,3.5121249999999994e-08
154.05,0.0,135.88590312499997,3.52846e-08
154.05,0.0,135.88565312499998,3.51433e-08
154.05,0.0,135.88540312499998,3.57687e-08
154.05,0.0,135.88515312499996,3.526715e-08
154.05,0.0,135.88490312499997,3.5414066666666674e-08
154.05,0.0,135.88465312499997,3.53551e-08
154.05,0.0,135.88440312499998,3.5263e-08
154.05,0.0,135.88415312499998,3.49464e-08
154.05,0.0,135.88390312499996,3.49036e-08
154.05,0.0,135.88365312499997,3.51697e-08
154.05,0.0,135.88340312499997,3.56859e-08
154.05,0.0,135.88315312499998,3.50452e-08
154.05,0.0,135.88290312499998,3.48956e-08
154.05,0.0,135.88265312499996,3.492115e-08
154.05,0.0,135.88240312499997,3.518325e-08
154.05,0.0,135.88215312499997,3.555365e-08
154.05,0.0,135.88190312499998,3.466965e-08
154.05,0.0,135.88165312499999,3.447305e-08
154.05,0.0,135.88140312499996,3.49062e-08
154.05,0.0,135.88115312499997,3.4865450000000006e-08
154.05,0.0,135.88090312499997,3.5189e-08
154.05,0.0,135.88065312499998,3.45845e-08
154.05,0.0,135.880403125,3.51577e-08
154.05,0.0,135.88015312499996,3.51919e-08
154.05,0.0,135.87990312499997,3.551865e-08
154.05,0.0,135.87965312499998,3.51843e-08
154.05,0.0,135.87940312499998,3.48662e-08
154.05,0.0,135.87915312499996,3.509435e-08
154.05,0.0,135.87890312499997,3.5038899999999995e-08
154.05,0.0,135.87865312499997,3.488265e-08
154.05,0.0,135.87840312499998,3.482615e-08
154.05,0.0,135.87815312499998,3.4781e-08
154.05,0.0,135.87790312499996,3.5439799999999994e-08
154.05,0.0,135.87765312499997,3.45611e-08
154.05,0.0,135.87740312499997,3.470085e-08
154.05,0.0,135.87715312499998,3.43332e-08
154.05,0.0,135.87690312499998,3.45485e-08
154.05,0.0,135.87665312499996,3.41279e-08
154.05,0.0,135.87640312499997,3.4590433333333335e-08
154.05,0.0,135.87615312499997,3.481015e-08
154.05,0.0,135.87590312499998,3.5125850000000005e-08
154.05,0.0,135.87565312499999,3.4954e-08
154.05,0.0,135.87540312499996,3.484695e-08
154.05,0.0,135.87515312499997,3.50227e-08
154.05,0.0,135.87490312499997,3.503785e-08
154.05,0.0,135.87465312499998,3.56868e-08
154.05,0.0,135.874403125,3.500125e-08
154.05,0.0,135.87415312499996,3.501655e-08
154.05,0.0,135.87390312499997,3.48523e-08
154.05,0.0,135.87365312499998,3.48659e-08
154.05,0.0,135.87340312499998,3.48821e-08
154.05,0.0,135.87315312499996,3.475315e-08
154.05,0.0,135.87290312499997,3.4926350000000004e-08
154.05,0.0,135.87265312499997,3.51494e-08
154.05,0.0,135.87240312499998,3.474855e-08
154.05,0.0,135.87215312499998,3.458485e-08
154.05,0.0,135.87190312499996,3.493025e-08
154.05,0.0,135.87165312499997,3.465515e-08
154.05,0.0,135.87140312499997,3.460635e-08
154.05,0.0,135.87115312499998,3.453835e-08
154.05,0.0,135.87090312499998,3.467565e-08
154.05,0.0,135.87065312499996,3.4878e-08
154.05,0.0,135.87040312499997,3.49316e-08
154.05,0.0,135.87015312499997,3.48224e-08
154.05,0.0,135.86990312499998,3.4980899999999995e-08
154.05,0.0,135.86965312499999,3.48048e-08
154.05,0.0,135.86940312499996,3.4789933333333337e-08
154.05,0.0,135.86915312499997,3.48696e-08
154.05,0.0,135.86890312499997,3.4683550000000004e-08
154.05,0.0,135.86865312499998,3.48422e-08
154.05,0.0,135.868403125,3.434975e-08
154.05,0.0,135.86815312499996,3.487345e-08
154.05,0.0,135.86790312499997,3.423455e-08
154.05,0.0,135.86765312499998,3.43416e-08
154.05,0.0,135.86740312499998,3.458775e-08
154.05,0.0,135.86715312499996,3.4339e-08
154.05,0.0,135.86690312499996,3.4359033333333336e-08
154.05,0.0,135.86665312499997,3.44268e-08
154.05,0.0,135.86640312499998,3.451215e-08
154.05,0.0,135.86615312499998,3.417335e-08
154.05,0.0,135.86590312499996,3.430735e-08
154.05,0.0,135.86565312499997,3.41297e-08
154.05,0.0,135.86540312499997,3.45502e-08
154.05,0.0,135.86515312499998,3.444385e-08
154.05,0.0,135.86490312499998,3.453235e-08
154.05,0.0,135.86465312499996,3.42969e-08
154.05,0.0,135.86440312499997,3.48194e-08
154.05,0.0,135.86415312499997,3.410025e-08
154.05,0.0,135.86390312499998,3.419425e-08
154.05,0.0,135.86365312499998,3.43605e-08
154.05,0.0,135.86340312499996,3.414515e-08
154.05,0.0,135.86315312499997,3.4277750000000004e-08
154.05,0.0,135.86290312499997,3.357935e-08
154.05,0.0,135.86265312499998,3.41521e-08
154.05,0.0,135.862403125,3.3791700000000006e-08
154.05,0.0,135.86215312499996,3.416055e-08
154.05,0.0,135.86190312499997,3.43174e-08
154.05,0.0,135.86165312499998,3.40542e-08
154.05,0.0,135.86140312499998,3.39234e-08
154.05,0.0,135.861153125,3.39765e-08
154.05,0.0,135.86090312499996,3.42643e-08
154.05,0.0,135.86065312499997,3.41183e-08
154.05,0.0,135.86040312499998,3.42558e-08
154.05,0.0,135.86015312499998,3.423005e-08
154.05,0.0,135.85990312499996,3.3987899999999994e-08
154.05,0.0,135.85965312499997,3.41094e-08
154.05,0.0,135.85940312499997,3.43855e-08
154.05,0.0,135.85915312499998,3.40343e-08
154.05,0.0,135.85890312499998,3.42709e-08
154.05,0.0,135.85865312499996,3.41977e-08
154.05,0.0,135.85840312499997,3.41609e-08
154.05,0.0,135.85815312499997,3.4265400000000005e-08
154.05,0.0,135.85790312499998,3.38593e-08
154.05,0.0,135.85765312499998,3.41147e-08
154.05,0.0,135.85740312499996,3.3936350000000006e-08
154.05,0.0,135.85715312499997,3.40744e-08
154.05,0.0,135.85690312499997,3.40029e-08
154.05,0.0,135.85665312499998,3.36668e-08
154.05,0.0,135.85640312499999,3.42732e-08
154.05,0.0,135.85615312499996,3.4288e-08
154.05,0.0,135.85590312499997,3.42807e-08
154.05,0.0,135.85565312499998,3.4289e-08
154.05,0.0,135.85540312499998,3.42939e-08
154.05,0.0,135.855153125,3.453265e-08
154.05,0.0,135.85490312499996,3.4361e-08
154.05,0.0,135.85465312499997,3.44499e-08
154.05,0.0,135.85440312499998,3.43965e-08
154.05,0.0,135.85415312499998,3.437665e-08
154.05,0.0,135.85390312499996,3.43877e-08
154.05,0.0,135.85365312499997,3.44915e-08
154.05,0.0,135.85340312499997,3.467415e-08
154.05,0.0,135.85315312499998,3.4342850000000004e-08
154.05,0.0,135.85290312499998,3.42911e-08
154.05,0.0,135.85265312499996,3.41879e-08
154.05,0.0,135.85240312499997,3.381875e-08
154.05,0.0,135.85215312499997,3.39673e-08
154.05,0.0,135.85190312499998,3.47408e-08
154.05,0.0,135.85165312499998,3.43569e-08
154.05,0.0,135.85140312499996,3.491495e-08
154.05,0.0,135.85115312499997,3.429185e-08
154.05,0.0,135.85090312499997,3.430915e-08
154.05,0.0,135.85065312499998,3.44949e-08
154.05,0.0,135.85040312499999,3.422665e-08
154.05,0.0,135.85015312499996,3.4982099999999994e-08
154.05,0.0,135.84990312499997,3.44428e-08
154.05,0.0,135.84965312499997,3.419015e-08
154.05,0.0,135.84940312499998,3.40521e-08
154.05,0.0,135.849153125,3.42722e-08
154.05,0.0,135.84890312499996,3.42085e-08
154.05,0.0,135.84865312499997,3.4348e-08
154.05,0.0,135.84840312499998,3.420925e-08
154.05,0.0,135.84815312499998,3.40935e-08
154.05,0.0,135.84790312499996,3.41974e-08
154.05,0.0,135.84765312499997,3.402845e-08
154.05,0.0,135.84740312499997,3.416495e-08
154.05,0.0,135.84715312499998,3.394895e-08
154.05,0.0,135.84690312499998,3.42763e-08
154.05,0.0,135.84665312499996,3.38086e-08
154.05,0.0,135.84640312499997,3.37573e-08
154.05,0.0,135.84615312499997,3.4307299999999994e-08
154.05,0.0,135.84590312499998,3.47208e-08
154.05,0.0,135.84565312499998,3.40648e-08
154.05,0.0,135.84540312499996,3.424365e-08
154.05,0.0,135.84515312499997,3.3731600000000005e-08
154.05,0.0,135.84490312499997,3.41129e-08
154.05,0.0,135.84465312499998,3.420765e-08
154.05,0.0,135.84440312499999,3.423405e-08
154.05,0.0,135.84415312499996,3.40667e-08
154.05,0.0,135.84390312499997,3.39589e-08
154.05,0.0,135.84365312499997,3.42346e-08
154.05,0.0,135.84340312499998,3.39422e-08
154.05,0.0,135.843153125,3.43051e-08
154.05,0.0,135.84290312499996,3.41201e-08
154.05,0.0,135.84265312499997,3.368645e-08
154.05,0.0,135.84240312499998,3.3977e-08
154.05,0.0,135.84215312499998,3.372425e-08
154.05,0.0,135.84190312499996,3.3584000000000005e-08
154.05,0.0,135.84165312499997,3.3937849999999994e-08
154.05,0.0,135.84140312499997,3.38682e-08
154.05,0.0,135.84115312499998,3.39543e-08
154.05,0.0,135.84090312499998,3.4332e-08
154.05,0.0,135.84065312499996,3.380935e-08
154.05,0.0,135.84040312499997,3.42019e-08
154.05,0.0,135.84015312499997,3.40019e-08
154.05,0.0,135.83990312499998,3.3467350000000004e-08
154.05,0.0,135.83965312499998,3.3954300000000004e-08
154.05,0.0,135.83940312499996,3.384615e-08
154.05,0.0,135.83915312499997,3.5368e-08
154.05,0.0,135.83890312499997,3.420165e-08
154.05,0.0,135.83865312499998,3.3259550000000004e-08
154.05,0.0,135.83840312499999,3.38417e-08
154.05,0.0,135.83815312499996,3.32876e-08
154.05,0.0,135.83790312499997,3.3472733333333335e-08
154.05,0.0,135.83765312499997,3.35973e-08
154.05,0.0,135.83740312499998,3.373715e-08
154.05,0.0,135.837153125,3.39543e-08
154.05,0.0,135.83690312499996,3.380375e-08
154.05,0.0,135.83665312499997,3.425615e-08
154.05,0.0,135.83640312499998,3.365265e-08
154.05,0.0,135.83615312499998,3.35342e-08
154.05,0.0,135.83590312499996,3.3717633333333336e-08
154.05,0.0,135.83565312499996,3.366165e-08
154.05,0.0,135.83540312499997,3.36882e-08
154.05,0.0,135.83515312499998,3.4041e-08
154.05,0.0,135.83490312499998,3.40238e-08
154.05,0.0,135.83465312499996,3.39153e-08
154.05,0.0,135.83440312499997,3.40024e-08
154.05,0.0,135.83415312499997,3.36518e-08
154.05,0.0,135.83390312499998,3.3636e-08
154.05,0.0,135.83365312499998,3.37707e-08
154.05,0.0,135.83340312499996,3.3559150000000004e-08
154.05,0.0,135.83315312499997,3.361755e-08
154.05,0.0,135.83290312499997,3.38681e-08
154.05,0.0,135.83265312499998,3.375765e-08
154.05,0.0,135.83240312499998,3.35988e-08
154.05,0.0,135.83215312499996,3.37984e-08
154.05,0.0,135.83190312499997,3.38095e-08
154.05,0.0,135.83165312499997,3.39998e-08
154.05,0.0,135.83140312499998,3.379275e-08
154.05,0.0,135.831153125,3.415305e-08
154.05,0.0,135.83090312499996,3.4103600000000004e-08
154.05,0.0,135.83065312499997,3.413405e-08
154.05,0.0,135.83040312499998,3.401825e-08
154.05,0.0,135.83015312499998,3.38031e-08
154.05,0.0,135.829903125,3.40119e-08
154.05,0.0,135.82965312499996,3.428055e-08
154.05,0.0,135.82940312499997,3.425225e-08
154.05,0.0,135.82915312499998,3.41864e-08
154.05,0.0,135.82890312499998,3.451005e-08
154.05,0.0,135.82865312499996,3.4049933333333345e-08
154.05,0.0,135.82840312499997,3.4189099999999995e-08
154.05,0.0,135.82815312499997,3.39291e-08
154.05,0.0,135.82790312499998,3.35814e-08
154.05,0.0,135.82765312499998,3.3588400000000004e-08
154.05,0.0,135.82740312499996,3.4152800000000004e-08
154.05,0.0,135.82715312499997,3.42047e-08
154.05,0.0,135.82690312499997,3.398665e-08
154.05,0.0,135.82665312499998,3.405015e-08
154.05,0.0,135.82640312499998,3.39124e-08
154.05,0.0,135.82615312499996,3.41718e-08
154.05,0.0,135.82590312499997,3.44591e-08
154.05,0.0,135.82565312499997,3.415765e-08
154.05,0.0,135.82540312499998,3.39385e-08
154.05,0.0,135.82515312499999,3.46283e-08
154.05,0.0,135.82490312499996,3.3896e-08
154.05,0.0,135.82465312499997,3.39361e-08
154.05,0.0,135.82440312499998,3.3970149999999994e-08
154.05,0.0,135.82415312499998,3.396035e-08
154.05,0.0,135.823903125,3.35472e-08
154.05,0.0,135.82365312499996,3.412075e-08
154.05,0.0,135.82340312499997,3.40672e-08
154.05,0.0,135.82315312499998,3.3833750000000003e-08
154.05,0.0,135.82290312499998,3.418925e-08
154.05,0.0,135.82265312499996,3.38066e-08
154.05,0.0,135.82240312499997,3.389105e-08
154.05,0.0,135.82215312499997,3.41113e-08
154.05,0.0,135.82190312499998,3.440125e-08
154.05,0.0,135.82165312499998,3.418833333333333e-08
154.05,0.0,135.82140312499996,3.42837e-08
154.05,0.0,135.82115312499997,3.460255e-08
154.05,0.0,135.82090312499997,3.404395e-08
154.05,0.0,135.82065312499998,3.403415e-08
154.05,0.0,135.82040312499998,3.3967e-08
154.05,0.0,135.82015312499996,3.40785e-08
154.05,0.0,135.81990312499997,3.3928e-08
154.05,0.0,135.81965312499997,3.3919266666666664e-08
154.05,0.0,135.81940312499998,3.38867e-08
154.05,0.0,135.81915312499999,3.368105e-08
154.05,0.0,135.81890312499996,3.3609700000000005e-08
154.05,0.0,135.81865312499997,3.392145e-08
154.05,0.0,135.81840312499997,3.35851e-08
154.05,0.0,135.81815312499998,3.35937e-08
154.05,0.0,135.817903125,3.36379e-08
154.05,0.0,135.81765312499996,3.36656e-08
154.05,0.0,135.81740312499997,3.3220949999999994e-08
154.05,0.0,135.81715312499998,3.34648e-08
154.05,0.0,135.81690312499998,3.368725e-08
154.05,0.0,135.81665312499996,3.375135e-08
154.05,0.0,135.81640312499997,3.34507e-08
154.05,0.0,135.81615312499997,3.37689e-08
154.05,0.0,135.81590312499998,3.359725e-08
154.05,0.0,135.81565312499998,3.320885e-08
154.05,0.0,135.81540312499996,3.256765e-08
154.05,0.0,135.81515312499997,3.2986249999999995e-08
154.05,0.0,135.81490312499997,3.3127650000000005e-08
154.05,0.0,135.81465312499998,3.31615e-08
154.05,0.0,135.81440312499998,3.2786e-08
154.05,0.0,135.81415312499996,3.26044e-08
154.05,0.0,135.81390312499997,3.300765e-08
154.05,0.0,135.81365312499997,3.297355e-08
154.05,0.0,135.81340312499998,3.2597e-08
154.05,0.0,135.81315312499999,3.27625e-08
154.05,0.0,135.81290312499996,3.275676666666666e-08
154.05,0.0,135.81265312499997,3.28562e-08
154.05,0.0,135.81240312499997,3.33424e-08
154.05,0.0,135.81215312499998,3.2837350000000004e-08
154.05,0.0,135.811903125,3.257855e-08
154.05,0.0,135.81165312499996,3.260135e-08
154.05,0.0,135.81140312499997,3.2759e-08
154.05,0.0,135.81115312499998,3.260205e-08
154.05,0.0,135.81090312499998,3.24326e-08
154.05,0.0,135.81065312499996,3.25425e-08
154.05,0.0,135.81040312499997,3.19647e-08
154.05,0.0,135.81015312499997,3.231385e-08
154.05,0.0,135.80990312499998,3.295185e-08
154.05,0.0,135.80965312499998,3.221805e-08
154.05,0.0,135.80940312499996,3.23751e-08
154.05,0.0,135.80915312499997,3.3078749999999994e-08
154.05,0.0,135.80890312499997,3.24075e-08
154.05,0.0,135.80865312499998,3.24433e-08
154.05,0.0,135.80840312499998,3.23503e-08
154.05,0.0,135.80815312499996,3.245e-08
154.05,0.0,135.80790312499997,3.267685e-08
154.05,0.0,135.80765312499997,3.22675e-08
154.05,0.0,135.80740312499998,3.21762e-08
154.05,0.0,135.80715312499999,3.280755e-08
154.05,0.0,135.80690312499996,3.222315e-08
154.05,0.0,135.80665312499997,3.2009149999999994e-08
154.05,0.0,135.80640312499997,3.21517e-08
154.05,0.0,135.80615312499998,3.241015e-08
154.05,0.0,135.805903125,3.282045e-08
154.05,0.0,135.80565312499996,3.23466e-08
154.05,0.0,135.80540312499997,3.237555e-08
154.05,0.0,135.80515312499998,3.296505e-08
154.05,0.0,135.80490312499998,3.244335e-08
154.05,0.0,135.80465312499996,3.2691100000000003e-08
154.05,0.0,135.80440312499996,3.25981e-08
154.05,0.0,135.80415312499997,3.2467e-08
154.05,0.0,135.80390312499998,3.2516600000000004e-08
154.05,0.0,135.80365312499998,3.2425950000000006e-08
154.05,0.0,135.80340312499996,3.23787e-08
154.05,0.0,135.80315312499997,3.2307749999999994e-08
154.05,0.0,135.80290312499997,3.244295e-08
154.05,0.0,135.80265312499998,3.27858e-08
154.05,0.0,135.80240312499998,3.2293250000000004e-08
154.05,0.0,135.80215312499996,3.22248e-08
154.05,0.0,135.80190312499997,3.21763e-08
154.05,0.0,135.80165312499997,3.22475e-08
154.05,0.0,135.80140312499998,3.196285e-08
154.05,0.0,135.80115312499998,3.25655e-08
154.05,0.0,135.80090312499996,3.22627e-08
154.05,0.0,135.80065312499997,3.24882e-08
154.05,0.0,135.80040312499997,3.255095e-08
154.05,0.0,135.80015312499998,3.2786100000000005e-08
154.05,0.0,135.799903125,3.2368150000000004e-08
154.05,0.0,135.79965312499996,3.23592e-08
154.05,0.0,135.79940312499997,3.21844e-08
154.05,0.0,135.79915312499998,3.25788e-08
154.05,0.0,135.79890312499998,3.246755e-08
154.05,0.0,135.798653125,3.33125e-08
154.05,0.0,135.79840312499996,3.25207e-08
154.05,0.0,135.79815312499997,3.26437e-08
154.05,0.0,135.79790312499998,3.23845e-08
154.05,0.0,135.79765312499998,3.24672e-08
154.05,0.0,135.79740312499996,3.27136e-08
154.05,0.0,135.79715312499997,3.23043e-08
154.05,0.0,135.79690312499997,3.232085e-08
154.05,0.0,135.79665312499998,3.25041e-08
154.05,0.0,135.79640312499998,3.25094e-08
154.05,0.0,135.79615312499996,3.241335e-08
154.05,0.0,135.79590312499997,3.25519e-08
154.05,0.0,135.79565312499997,3.26201e-08
154.05,0.0,135.79540312499998,3.23819e-08
154.05,0.0,135.79515312499998,3.2642e-08
154.05,0.0,135.79490312499996,3.285066666666667e-08
154.05,0.0,135.79465312499997,3.2457e-08
154.05,0.0,135.79440312499997,3.247715e-08
154.05,0.0,135.79415312499998,3.256595e-08
154.05,0.0,135.79390312499999,3.283285e-08
154.05,0.0,135.79365312499996,3.23758e-08
154.05,0.0,135.79340312499997,3.2671150000000003e-08
154.05,0.0,135.79315312499998,3.2433250000000004e-08
154.05,0.0,135.79290312499998,3.214025e-08
154.05,0.0,135.792653125,3.244505e-08
154.05,0.0,135.79240312499996,3.23468e-08
154.05,0.0,135.79215312499997,3.25794e-08
154.05,0.0,135.79190312499998,3.24354e-08
154.05,0.0,135.79165312499998,3.2822e-08
154.05,0.0,135.79140312499996,3.2667250000000004e-08
154.05,0.0,135.79115312499997,3.27936e-08
154.05,0.0,135.79090312499997,3.29402e-08
154.05,0.0,135.79065312499998,3.2638e-08
154.05,0.0,135.79040312499998,3.250355e-08
154.05,0.0,135.79015312499996,3.2739950000000005e-08
154.05,0.0,135.78990312499997,3.29582e-08
154.05,0.0,135.78965312499997,3.27389e-08
154.05,0.0,135.78940312499998,3.291685e-08
154.05,0.0,135.78915312499998,3.3042950000000004e-08
154.05,0.0,135.78890312499996,3.3071000000000005e-08
154.05,0.0,135.78865312499997,3.2738e-08
154.05,0.0,135.78840312499997,3.280885e-08
154.05,0.0,135.78815312499998,3.309415e-08
154.05,0.0,135.78790312499999,3.3234799999999995e-08
154.05,0.0,135.78765312499996,3.32536e-08
154.05,0.0,135.78740312499997,3.3380100000000004e-08
154.05,0.0,135.78715312499997,3.3618500000000004e-08
154.05,0.0,135.78690312499998,3.3374350000000004e-08
154.05,0.0,135.786653125,3.29108e-08
154.05,0.0,135.78640312499996,3.326585e-08
154.05,0.0,135.78615312499997,3.31817e-08
154.05,0.0,135.78590312499998,3.323225e-08
154.05,0.0,135.78565312499998,3.328985e-08
154.05,0.0,135.78540312499996,3.323415e-08
154.05,0.0,135.78515312499997,3.318305e-08
154.05,0.0,135.78490312499997,3.30467e-08
154.05,0.0,135.78465312499998,3.3421350000000004e-08
154.05,0.0,135.78440312499998,3.310795e-08
154.05,0.0,135.78415312499996,3.290825e-08
154.05,0.0,135.78390312499997,3.35435e-08
154.05,0.0,135.78365312499997,3.31203e-08
154.05,0.0,135.78340312499998,3.3078533333333334e-08
154.05,0.0,135.78315312499998,3.293005e-08
154.05,0.0,135.78290312499996,3.32334e-08
154.05,0.0,135.78265312499997,3.263095e-08
154.05,0.0,135.78240312499997,3.313685e-08
154.05,0.0,135.78215312499998,3.283745e-08
154.05,0.0,135.78190312499999,3.29362e-08
154.05,0.0,135.78165312499996,3.2891600000000006e-08
154.05,0.0,135.78140312499997,3.2542800000000005e-08
154.05,0.0,135.78115312499997,3.272495e-08
154.05,0.0,135.78090312499998,3.27007e-08
154.05,0.0,135.780653125,3.282895e-08
154.05,0.0,135.78040312499996,3.25327e-08
154.05,0.0,135.78015312499997,3.232595e-08
154.05,0.0,135.77990312499998,3.23663e-08
154.05,0.0,135.77965312499998,3.26636e-08
154.05,0.0,135.77940312499996,3.25199e-08
154.05,0.0,135.77915312499997,3.272855e-08
154.05,0.0,135.77890312499997,3.27235e-08
154.05,0.0,135.77865312499998,3.30976e-08
154.05,0.0,135.77840312499998,3.2803000000000006e-08
154.05,0.0,135.77815312499996,3.35783e-08
154.05,0.0,135.77790312499997,3.28815e-08
154.05,0.0,135.77765312499997,3.304805e-08
154.05,0.0,135.77740312499998,3.2696150000000005e-08
154.05,0.0,135.77715312499998,3.259785e-08
154.05,0.0,135.77690312499996,3.266275e-08
154.05,0.0,135.77665312499997,3.22936e-08
154.05,0.0,135.77640312499997,3.22587e-08
154.05,0.0,135.77615312499998,3.14284e-08
154.05,0.0,135.77590312499999,3.18542e-08
154.05,0.0,135.77565312499996,3.138265e-08
154.05,0.0,135.77540312499997,3.116875e-08
154.05,0.0,135.77515312499997,3.1259300000000005e-08
154.05,0.0,135.77490312499998,3.135335e-08
154.05,0.0,135.774653125,3.1362600000000006e-08
154.05,0.0,135.77440312499996,3.13793e-08
154.05,0.0,135.77415312499997,3.180625e-08
154.05,0.0,135.77390312499998,3.21661e-08
154.05,0.0,135.77365312499998,3.195245e-08
154.05,0.0,135.77340312499996,3.24837e-08
154.05,0.0,135.77315312499996,3.29495e-08
154.05,0.0,135.77290312499997,3.25866e-08
154.05,0.0,135.77265312499998,3.24711e-08
154.05,0.0,135.77240312499998,3.255215e-08
154.05,0.0,135.77215312499996,3.2755150000000006e-08
154.05,0.0,135.77190312499997,3.274985e-08
154.05,0.0,135.77165312499997,3.26689e-08
154.05,0.0,135.77140312499998,3.266875e-08
154.05,0.0,135.77115312499998,3.2184000000000005e-08
154.05,0.0,135.77090312499996,3.27534e-08
154.05,0.0,135.77065312499997,3.24691e-08
154.05,0.0,135.77040312499997,3.253645e-08
154.05,0.0,135.77015312499998,3.25429e-08
154.05,0.0,135.76990312499998,3.187655e-08
154.05,0.0,135.76965312499996,3.24104e-08
154.05,0.0,135.76940312499997,3.22681e-08
154.05,0.0,135.76915312499997,3.22283e-08
154.05,0.0,135.76890312499998,3.21895e-08
154.05,0.0,135.768653125,3.212095e-08
154.05,0.0,135.76840312499996,3.23937e-08
154.05,0.0,135.76815312499997,3.249585e-08
154.05,0.0,135.76790312499998,3.168465e-08
154.05,0.0,135.76765312499998,3.246275e-08
154.05,0.0,135.767403125,3.22297e-08
154.05,0.0,135.76715312499996,3.23962e-08
154.05,0.0,135.76690312499997,3.22004e-08
154.05,0.0,135.76665312499998,3.24759e-08
154.05,0.0,135.76640312499998,3.22077e-08
154.05,0.0,135.76615312499996,3.260595e-08
154.05,0.0,135.76590312499997,3.13623e-08
154.05,0.0,135.76565312499997,3.2041400000000004e-08
154.05,0.0,135.76540312499998,3.2853050000000006e-08
154.05,0.0,135.76515312499998,3.2113e-08
154.05,0.0,135.76490312499996,3.213725e-08
154.05,0.0,135.76465312499997,3.26065e-08
154.05,0.0,135.76440312499997,3.208495e-08
154.05,0.0,135.76415312499998,3.19569e-08
154.05,0.0,135.76390312499998,3.1900800000000005e-08
154.05,0.0,135.76365312499996,3.2094750000000004e-08
154.05,0.0,135.76340312499997,3.186185e-08
154.05,0.0,135.76315312499997,3.187765e-08
154.05,0.0,135.76290312499998,3.18304e-08
154.05,0.0,135.76265312499999,3.21134e-08
154.05,0.0,135.76240312499996,3.1633e-08
154.05,0.0,135.76215312499997,3.19725e-08
154.05,0.0,135.76190312499998,3.1905700000000005e-08
154.05,0.0,135.76165312499998,3.180495e-08
154.05,0.0,135.761403125,3.135745e-08
154.05,0.0,135.76115312499996,3.19232e-08
154.05,0.0,135.76090312499997,3.20358e-08
154.05,0.0,135.76065312499998,3.19813e-08
154.05,0.0,135.76040312499998,3.2142549999999994e-08
154.05,0.0,135.76015312499996,3.20058e-08
154.05,0.0,135.75990312499997,3.18561e-08
154.05,0.0,135.75965312499997,3.203125e-08
154.05,0.0,135.75940312499998,3.177385e-08
154.05,0.0,135.75915312499998,3.18057e-08
154.05,0.0,135.75890312499996,3.195555e-08
154.05,0.0,135.75865312499997,3.165805e-08
154.05,0.0,135.75840312499997,3.189765e-08
154.05,0.0,135.75815312499998,3.18174e-08
154.05,0.0,135.75790312499998,3.18779e-08
154.05,0.0,135.75765312499996,3.1861900000000006e-08
154.05,0.0,135.75740312499997,3.205225e-08
154.05,0.0,135.75715312499997,3.20685e-08
154.05,0.0,135.75690312499998,3.2159366666666666e-08
154.05,0.0,135.75665312499999,3.1983650000000005e-08
154.05,0.0,135.75640312499996,3.23285e-08
154.05,0.0,135.75615312499997,3.22628e-08
154.05,0.0,135.75590312499997,3.18273e-08
154.05,0.0,135.75565312499998,3.216155e-08
154.05,0.0,135.755403125,3.199225e-08
154.05,0.0,135.75515312499996,3.18975e-08
154.05,0.0,135.75490312499997,3.246245e-08
154.05,0.0,135.75465312499998,3.214105e-08
154.05,0.0,135.75440312499998,3.211e-08
154.05,0.0,135.75415312499996,3.19266e-08
154.05,0.0,135.75390312499997,3.226895e-08
154.05,0.0,135.75365312499997,3.20541e-08
154.05,0.0,135.75340312499998,3.222025e-08
154.05,0.0,135.75315312499998,3.25154e-08
154.05,0.0,135.75290312499996,3.199185e-08
154.05,0.0,135.75265312499997,3.203445e-08
154.05,0.0,135.75240312499997,3.2199750000000004e-08
154.05,0.0,135.75215312499998,3.2353600000000005e-08
154.05,0.0,135.75190312499998,3.2277799999999995e-08
154.05,0.0,135.75165312499996,3.21998e-08
154.05,0.0,135.75140312499997,3.237325e-08
154.05,0.0,135.75115312499997,3.24195e-08
154.05,0.0,135.75090312499998,3.221315e-08
154.05,0.0,135.75065312499999,3.216995e-08
154.05,0.0,135.75040312499996,3.218845e-08
154.05,0.0,135.75015312499997,3.26363e-08
154.05,0.0,135.74990312499997,3.214206666666667e-08
154.05,0.0,135.74965312499998,3.232e-08
154.05,0.0,135.749403125,3.20883e-08
154.05,0.0,135.74915312499996,3.2171150000000005e-08
154.05,0.0,135.74890312499997,3.2453700000000004e-08
154.05,0.0,135.74865312499998,3.185215e-08
154.05,0.0,135.74840312499998,3.2528100000000004e-08
154.05,0.0,135.74815312499996,3.26872e-08
154.05,0.0,135.74790312499997,3.23709e-08
154.05,0.0,135.74765312499997,3.2606499999999995e-08
154.05,0.0,135.74740312499998,3.272855e-08
154.05,0.0,135.74715312499998,3.2566150000000003e-08
154.05,0.0,135.74690312499996,3.26162e-08
154.05,0.0,135.74665312499997,3.2258750000000004e-08
154.05,0.0,135.74640312499997,3.24674e-08
154.05,0.0,135.74615312499998,3.20703e-08
154.05,0.0,135.74590312499998,3.23297e-08
154.05,0.0,135.74565312499996,3.217225e-08
154.05,0.0,135.74540312499997,3.22553e-08
154.05,0.0,135.74515312499997,3.212235e-08
154.05,0.0,135.74490312499998,3.25432e-08
154.05,0.0,135.74465312499999,3.2456750000000004e-08
154.05,0.0,135.74440312499996,3.21983e-08
154.05,0.0,135.74415312499997,3.2506100000000005e-08
154.05,0.0,135.74390312499997,3.227875e-08
154.05,0.0,135.74365312499998,3.227815e-08
154.05,0.0,135.743403125,3.30893e-08
154.05,0.0,135.74315312499996,3.2414800000000005e-08
154.05,0.0,135.74290312499997,3.23114e-08
154.05,0.0,135.74265312499998,3.236435e-08
154.05,0.0,135.74240312499998,3.25693e-08
154.05,0.0,135.74215312499996,3.201015e-08
154.05,0.0,135.74190312499996,3.23293e-08
154.05,0.0,135.74165312499997,3.22517e-08
154.05,0.0,135.74140312499998,3.25188e-08
154.05,0.0,135.74115312499998,3.216285e-08
154.05,0.0,135.74090312499996,3.1933100000000004e-08
154.05,0.0,135.74065312499997,3.2286599999999995e-08
154.05,0.0,135.74040312499997,3.2480750000000004e-08
154.05,0.0,135.74015312499998,3.20303e-08
154.05,0.0,135.73990312499998,3.203705e-08
154.05,0.0,135.73965312499996,3.207105e-08
154.05,0.0,135.73940312499997,3.23615e-08
154.05,0.0,135.73915312499997,3.209565e-08
154.05,0.0,135.73890312499998,3.21401e-08
154.05,0.0,135.73865312499998,3.20285e-08
154.05,0.0,135.73840312499996,3.19966e-08
154.05,0.0,135.73815312499997,3.2062450000000004e-08
154.05,0.0,135.73790312499997,3.23386e-08
154.05,0.0,135.73765312499998,3.21264e-08
154.05,0.0,135.737403125,3.17307e-08
154.05,0.0,135.73715312499996,3.176685e-08
154.05,0.0,135.73690312499997,3.196715e-08
154.05,0.0,135.73665312499998,3.21459e-08
154.05,0.0,135.73640312499998,3.21849e-08
154.05,0.0,135.736153125,3.181205e-08
154.05,0.0,135.73590312499996,3.188885e-08
154.05,0.0,135.73565312499997,3.1786850000000004e-08
154.05,0.0,135.73540312499998,3.2004e-08
154.05,0.0,135.73515312499998,3.183485e-08
154.05,0.0,135.73490312499996,3.18429e-08
154.05,0.0,135.73465312499997,3.18842e-08
154.05,0.0,135.73440312499997,3.20295e-08
154.05,0.0,135.73415312499998,3.17472e-08
154.05,0.0,135.73390312499998,3.1715699999999995e-08
154.05,0.0,135.73365312499996,3.180125e-08
154.05,0.0,135.73340312499997,3.1702e-08
154.05,0.0,135.73315312499997,3.1893850000000006e-08
154.05,0.0,135.73290312499998,3.227445e-08
154.05,0.0,135.73265312499998,3.213265e-08
154.05,0.0,135.73240312499996,3.19503e-08
154.05,0.0,135.73215312499997,3.183465e-08
154.05,0.0,135.73190312499997,3.195885e-08
154.05,0.0,135.73165312499998,3.1707550000000004e-08
154.05,0.0,135.73140312499999,3.171275e-08
154.05,0.0,135.73115312499996,3.166925e-08
154.05,0.0,135.73090312499997,3.150895e-08
154.05,0.0,135.73065312499998,3.1731900000000004e-08
154.05,0.0,135.73040312499998,3.16049e-08
154.05,0.0,135.730153125,3.17154e-08
154.05,0.0,135.72990312499996,3.1722600000000004e-08
154.05,0.0,135.72965312499997,3.15624e-08
154.05,0.0,135.72940312499998,3.16924e-08
154.05,0.0,135.72915312499998,3.21131e-08
154.05,0.0,135.72890312499996,3.18482e-08
154.05,0.0,135.72865312499997,3.17423e-08
154.05,0.0,135.72840312499997,3.19242e-08
154.05,0.0,135.72815312499998,3.2042500000000004e-08
154.05,0.0,135.72790312499998,3.184825e-08
154.05,0.0,135.72765312499996,3.1975850000000006e-08
154.05,0.0,135.72740312499997,3.160075e-08
154.05,0.0,135.72715312499997,3.157215e-08
154.05,0.0,135.72690312499998,3.17592e-08
154.05,0.0,135.72665312499998,3.23704e-08
154.05,0.0,135.72640312499996,3.157425e-08
154.05,0.0,135.72615312499997,3.159705e-08
154.05,0.0,135.72590312499997,3.161215e-08
154.05,0.0,135.72565312499998,3.16271e-08
154.05,0.0,135.72540312499999,3.133175e-08
154.05,0.0,135.72515312499996,3.158965e-08
154.05,0.0,135.72490312499997,3.119363333333333e-08
154.05,0.0,135.72465312499997,3.1501e-08
154.05,0.0,135.72440312499998,3.1438700000000005e-08
154.05,0.0,135.724153125,3.1146e-08
154.05,0.0,135.72390312499996,3.136495e-08
154.05,0.0,135.72365312499997,3.13512e-08
154.05,0.0,135.72340312499998,3.1139600000000004e-08
154.05,0.0,135.72315312499998,3.154595e-08
154.05,0.0,135.72290312499996,3.127675e-08
154.05,0.0,135.72265312499997,3.16005e-08
154.05,0.0,135.72240312499997,3.179445e-08
154.05,0.0,135.72215312499998,3.13568e-08
154.05,0.0,135.72190312499998,3.175045e-08
154.05,0.0,135.72165312499996,3.17302e-08
154.05,0.0,135.72140312499997,3.2111300000000005e-08
154.05,0.0,135.72115312499997,3.173585e-08
154.05,0.0,135.72090312499998,3.132235e-08
154.05,0.0,135.72065312499998,3.197955e-08
154.05,0.0,135.72040312499996,3.194135e-08
154.05,0.0,135.72015312499997,3.175695e-08
154.05,0.0,135.71990312499997,3.1542350000000005e-08
154.05,0.0,135.71965312499998,3.16707e-08
154.05,0.0,135.71940312499999,3.158675e-08
154.05,0.0,135.71915312499996,3.149985e-08
154.05,0.0,135.71890312499997,3.177355e-08
154.05,0.0,135.71865312499997,3.16424e-08
154.05,0.0,135.71840312499998,3.17223e-08
154.05,0.0,135.718153125,3.162465e-08
154.05,0.0,135.71790312499996,3.2198050000000004e-08
154.05,0.0,135.71765312499997,3.19581e-08
154.05,0.0,135.71740312499998,3.2106400000000005e-08
154.05,0.0,135.71715312499998,3.18099e-08
154.05,0.0,135.71690312499996,3.20401e-08
154.05,0.0,135.71665312499997,3.20984e-08
154.05,0.0,135.71640312499997,3.211195e-08
154.05,0.0,135.71615312499998,3.193185e-08
154.05,0.0,135.71590312499998,3.202763333333333e-08
154.05,0.0,135.71565312499996,3.21584e-08
154.05,0.0,135.71540312499997,3.2097899999999995e-08
154.05,0.0,135.71515312499997,3.1942e-08
154.05,0.0,135.71490312499998,3.1728850000000004e-08
154.05,0.0,135.71465312499998,3.19539e-08
154.05,0.0,135.71440312499996,3.182305e-08
154.05,0.0,135.71415312499997,3.168745e-08
154.05,0.0,135.71390312499997,3.18374e-08
154.05,0.0,135.71365312499998,3.201855e-08
154.05,0.0,135.71340312499999,3.1962700000000003e-08
154.05,0.0,135.71315312499996,3.17812e-08
154.05,0.0,135.71290312499997,3.17625e-08
154.05,0.0,135.71265312499997,3.20154e-08
154.05,0.0,135.71240312499998,3.189635e-08
154.05,0.0,135.712153125,3.20441e-08
154.05,0.0,135.71190312499996,3.19156e-08
154.05,0.0,135.71165312499997,3.2216650000000004e-08
154.05,0.0,135.71140312499998,3.2240500000000003e-08
154.05,0.0,135.71115312499998,3.21034e-08
154.05,0.0,135.71090312499996,3.20453e-08
154.05,0.0,135.71065312499996,3.16148e-08
154.05,0.0,135.71040312499997,3.202665e-08
154.05,0.0,135.71015312499998,3.1998649999999995e-08
154.05,0.0,135.70990312499998,3.1821500000000005e-08
154.05,0.0,135.70965312499996,3.17143e-08
154.05,0.0,135.70940312499997,3.166265e-08
154.05,0.0,135.70915312499997,3.198695e-08
154.05,0.0,135.70890312499998,3.1720550000000005e-08
154.05,0.0,135.70865312499998,3.165105e-08
154.05,0.0,135.70840312499996,3.20268e-08
154.05,0.0,135.70815312499997,3.2020500000000005e-08
154.05,0.0,135.70790312499997,3.18233e-08
154.05,0.0,135.70765312499998,3.19362e-08
154.05,0.0,135.70740312499998,3.1496e-08
154.05,0.0,135.70715312499996,3.20842e-08
154.05,0.0,135.70690312499997,3.1822700000000003e-08
154.05,0.0,135.70665312499997,3.2088150000000004e-08
154.05,0.0,135.70640312499998,3.250645e-08
154.05,0.0,135.706153125,3.2533449999999995e-08
154.05,0.0,135.70590312499996,3.2441e-08
154.05,0.0,135.70565312499997,3.207875e-08
154.05,0.0,135.70540312499998,3.1955e-08
154.05,0.0,135.70515312499998,3.21335e-08
154.05,0.0,135.704903125,3.14983e-08
154.05,0.0,135.70465312499996,3.19004e-08
154.05,0.0,135.70440312499997,3.19704e-08
154.05,0.0,135.70415312499998,3.178355e-08
154.05,0.0,135.70390312499998,3.20419e-08
154.05,0.0,135.70365312499996,3.177205e-08
154.05,0.0,135.70340312499997,3.1498550000000005e-08
154.05,0.0,135.70315312499997,3.1508e-08
154.05,0.0,135.70290312499998,3.1833e-08
154.05,0.0,135.70265312499998,3.158515e-08
154.05,0.0,135.70240312499996,3.1408566666666666e-08
154.05,0.0,135.70215312499997,3.151925e-08
154.05,0.0,135.70190312499997,3.17959e-08
154.05,0.0,135.70165312499998,3.14278e-08
154.05,0.0,135.70140312499998,3.16797e-08
154.05,0.0,135.70115312499996,3.194e-08
154.05,0.0,135.70090312499997,3.13721e-08
154.05,0.0,135.70065312499997,3.154195e-08
154.05,0.0,135.70040312499998,3.14817e-08
154.05,0.0,135.70015312499999,3.14747e-08
154.05,0.0,135.69990312499996,3.188925e-08
154.05,0.0,135.69965312499997,3.165155e-08
154.05,0.0,135.69940312499998,3.16035e-08
154.05,0.0,135.69915312499998,3.1326049999999995e-08
154.05,0.0,135.698903125,3.13104e-08
154.05,0.0,135.69865312499996,3.109045e-08
154.05,0.0,135.69840312499997,3.123115e-08
154.05,0.0,135.69815312499998,3.145535e-08
154.05,0.0,135.69790312499998,3.0794000000000004e-08
154.05,0.0,135.69765312499996,3.112295e-08
154.05,0.0,135.69740312499997,3.0968300000000006e-08
154.05,0.0,135.69715312499997,3.09845e-08
154.05,0.0,135.69690312499998,3.09581e-08
154.05,0.0,135.69665312499998,3.0661950000000004e-08
154.05,0.0,135.69640312499996,3.10328e-08
154.05,0.0,135.69615312499997,3.09934e-08
154.05,0.0,135.69590312499997,3.118e-08
154.05,0.0,135.69565312499998,3.105665e-08
154.05,0.0,135.69540312499998,3.09684e-08
154.05,0.0,135.69515312499996,3.0976950000000004e-08
154.05,0.0,135.69490312499997,3.11725e-08
154.05,0.0,135.69465312499997,3.067855e-08
154.05,0.0,135.69440312499998,3.124575e-08
154.05,0.0,135.69415312499999,3.1352e-08
154.05,0.0,135.69390312499996,3.17299e-08
154.05,0.0,135.69365312499997,3.12218e-08
154.05,0.0,135.69340312499997,3.109106666666667e-08
154.05,0.0,135.69315312499998,3.12556e-08
154.05,0.0,135.692903125,3.12969e-08
154.05,0.0,135.69265312499996,3.14584e-08
154.05,0.0,135.69240312499997,3.107885e-08
154.05,0.0,135.69215312499998,3.07104e-08
154.05,0.0,135.69190312499998,3.12777e-08
154.05,0.0,135.69165312499996,3.0842000000000006e-08
154.05,0.0,135.69140312499997,3.060615e-08
154.05,0.0,135.69115312499997,3.0956e-08
154.05,0.0,135.69090312499998,3.1209100000000004e-08
154.05,0.0,135.69065312499998,3.076015e-08
154.05,0.0,135.69040312499996,3.102105e-08
154.05,0.0,135.69015312499997,3.0934e-08
154.05,0.0,135.68990312499997,3.112695e-08
154.05,0.0,135.68965312499998,3.0991300000000006e-08
154.05,0.0,135.68940312499998,3.113435e-08
154.05,0.0,135.68915312499996,3.12169e-08
154.05,0.0,135.68890312499997,3.088025e-08
154.05,0.0,135.68865312499997,3.11302e-08
154.05,0.0,135.68840312499998,3.10311e-08
154.05,0.0,135.68815312499999,3.12931e-08
154.05,0.0,135.68790312499996,3.1165300000000004e-08
154.05,0.0,135.68765312499997,3.120125e-08
154.05,0.0,135.68740312499997,3.08399e-08
154.05,0.0,135.68715312499998,3.08711e-08
154.05,0.0,135.686903125,3.1238633333333344e-08
154.05,0.0,135.68665312499996,3.066335e-08
154.05,0.0,135.68640312499997,3.1243199999999995e-08
154.05,0.0,135.68615312499998,3.07073e-08
154.05,0.0,135.68590312499998,3.1102900000000005e-08
154.05,0.0,135.68565312499996,3.108765e-08
154.05,0.0,135.68540312499997,3.11006e-08
154.05,0.0,135.68515312499997,3.09474e-08
154.05,0.0,135.68490312499998,3.11824e-08
154.05,0.0,135.68465312499998,3.13368e-08
154.05,0.0,135.68440312499996,3.1260099999999995e-08
154.05,0.0,135.68415312499997,3.132565e-08
154.05,0.0,135.68390312499997,3.1509e-08
154.05,0.0,135.68365312499998,3.135425e-08
154.05,0.0,135.68340312499998,3.134615e-08
154.05,0.0,135.68315312499996,3.16068e-08
154.05,0.0,135.68290312499997,3.194315e-08
154.05,0.0,135.68265312499997,3.160145e-08
154.05,0.0,135.68240312499998,3.1394e-08
154.05,0.0,135.68215312499999,3.1528150000000004e-08
154.05,0.0,135.68190312499996,3.126495e-08
154.05,0.0,135.68165312499997,3.13906e-08
154.05,0.0,135.68140312499997,3.129425e-08
154.05,0.0,135.68115312499998,3.16113e-08
154.05,0.0,135.680903125,3.13023e-08
154.05,0.0,135.68065312499996,3.110825e-08
154.05,0.0,135.68040312499997,3.1324699999999995e-08
154.05,0.0,135.68015312499998,3.16223e-08
154.05,0.0,135.67990312499998,3.15779e-08
154.05,0.0,135.67965312499996,3.163065e-08
154.05,0.0,135.67940312499996,3.1773099999999995e-08
154.05,0.0,135.67915312499997,3.1485e-08
154.05,0.0,135.67890312499998,3.17114e-08
154.05,0.0,135.67865312499998,3.17496e-08
154.05,0.0,135.67840312499996,3.149905e-08
154.05,0.0,135.67815312499997,3.15189e-08
154.05,0.0,135.67790312499997,3.1531e-08
154.05,0.0,135.67765312499998,3.14812e-08
154.05,0.0,135.67740312499998,3.15108e-08
154.05,0.0,135.67715312499996,3.14377e-08
154.05,0.0,135.67690312499997,3.1890300000000006e-08
154.05,0.0,135.67665312499997,3.1174100000000004e-08
154.05,0.0,135.67640312499998,3.15438e-08
154.05,0.0,135.67615312499998,3.15827e-08
154.05,0.0,135.67590312499996,3.13346e-08
154.05,0.0,135.67565312499997,3.153285e-08
154.05,0.0,135.67540312499997,3.1867650000000005e-08
154.05,0.0,135.67515312499998,3.15671e-08
154.05,0.0,135.674903125,3.168915e-08
154.05,0.0,135.67465312499996,3.18912e-08
154.05,0.0,135.67440312499997,3.18829e-08
154.05,0.0,135.67415312499998,3.14843e-08
154.05,0.0,135.67390312499998,3.2024e-08
154.05,0.0,135.673653125,3.1933950000000004e-08
154.05,0.0,135.67340312499996,3.17582e-08
154.05,0.0,135.67315312499997,3.1697750000000003e-08
154.05,0.0,135.67290312499998,3.18594e-08
154.05,0.0,135.67265312499998,3.18284e-08
154.05,0.0,135.67240312499996,3.16648e-08
154.05,0.0,135.67215312499997,3.16322e-08
154.05,0.0,135.67190312499997,3.1434e-08
154.05,0.0,135.67165312499998,3.16071e-08
154.05,0.0,135.67140312499998,3.11988e-08
154.05,0.0,135.67115312499996,3.14552e-08
154.05,0.0,135.67090312499997,3.170113333333333e-08
154.05,0.0,135.67065312499997,3.15564e-08
154.05,0.0,135.67040312499998,3.16565e-08
154.05,0.0,135.67015312499998,3.19733e-08
154.05,0.0,135.66990312499996,3.15778e-08
154.05,0.0,135.66965312499997,3.17325e-08
154.05,0.0,135.66940312499997,3.19802e-08
154.05,0.0,135.66915312499998,3.1707e-08
154.05,0.0,135.66890312499999,3.186303333333333e-08
154.05,0.0,135.66865312499996,3.184025e-08
154.05,0.0,135.66840312499997,3.08825e-08
154.05,0.0,135.66815312499998,3.1866150000000004e-08
154.05,0.0,135.66790312499998,3.174835e-08
154.05,0.0,135.667653125,3.180135e-08
154.05,0.0,135.66740312499996,3.2068e-08
154.05,0.0,135.66715312499997,3.131655e-08
154.05,0.0,135.66690312499998,3.10968e-08
154.05,0.0,135.66665312499998,3.197985e-08
154.05,0.0,135.66640312499996,3.19598e-08
154.05,0.0,135.66615312499997,3.2133300000000004e-08
154.05,0.0,135.66590312499997,3.171845e-08
154.05,0.0,135.66565312499998,3.2191450000000005e-08
154.05,0.0,135.66540312499998,3.22333e-08
154.05,0.0,135.66515312499996,3.225725e-08
154.05,0.0,135.66490312499997,3.215235e-08
154.05,0.0,135.66465312499997,3.223015e-08
154.05,0.0,135.66440312499998,3.2342450000000004e-08
154.05,0.0,135.66415312499998,3.21077e-08
154.05,0.0,135.66390312499996,3.122355e-08
154.05,0.0,135.66365312499997,3.2113000000000004e-08
154.05,0.0,135.66340312499997,3.23235e-08
154.05,0.0,135.66315312499998,3.1931400000000005e-08
154.05,0.0,135.66290312499999,3.20866e-08
154.05,0.0,135.66265312499996,3.2839999999999995e-08
154.05,0.0,135.66240312499997,3.21055e-08
154.05,0.0,135.66215312499997,3.2114700000000004e-08
154.05,0.0,135.66190312499998,3.22337e-08
154.05,0.0,135.661653125,3.2012433333333344e-08
154.05,0.0,135.66140312499996,3.1422e-08
154.05,0.0,135.66115312499997,3.19416e-08
154.05,0.0,135.66090312499998,3.168985e-08
154.05,0.0,135.66065312499998,3.17896e-08
154.05,0.0,135.66040312499996,3.19629e-08
154.05,0.0,135.66015312499997,3.19093e-08
154.05,0.0,135.65990312499997,3.1984000000000004e-08
154.05,0.0,135.65965312499998,3.1955e-08
154.05,0.0,135.65940312499998,3.21651e-08
154.05,0.0,135.65915312499996,3.204265e-08
154.05,0.0,135.65890312499997,3.170725e-08
154.05,0.0,135.65865312499997,3.18131e-08
154.05,0.0,135.65840312499998,3.18794e-08
154.05,0.0,135.65815312499998,3.1962850000000005e-08
154.05,0.0,135.65790312499996,3.192475e-08
154.05,0.0,135.65765312499997,3.190325e-08
154.05,0.0,135.65740312499997,3.2470100000000004e-08
154.05,0.0,135.65715312499998,3.17415e-08
154.05,0.0,135.65690312499999,3.22075e-08
154.05,0.0,135.65665312499996,3.189545e-08
154.05,0.0,135.65640312499997,3.24206e-08
154.05,0.0,135.65615312499997,3.20915e-08
154.05,0.0,135.65590312499998,3.190105e-08
154.05,0.0,135.655653125,3.2194949999999995e-08
154.05,0.0,135.65540312499996,3.233715e-08
154.05,0.0,135.65515312499997,3.19231e-08
154.05,0.0,135.65490312499998,3.214975e-08
154.05,0.0,135.65465312499998,3.22544e-08
154.05,0.0,135.65440312499996,3.225735e-08
154.05,0.0,135.65415312499997,3.25723e-08
154.05,0.0,135.65390312499997,3.22173e-08
154.05,0.0,135.65365312499998,3.22719e-08
154.05,0.0,135.65340312499998,3.20142e-08
154.05,0.0,135.65315312499996,3.24345e-08
154.05,0.0,135.65290312499997,3.17698e-08
154.05,0.0,135.65265312499997,3.237945e-08
154.05,0.0,135.65240312499998,3.23545e-08
154.05,0.0,135.65215312499998,3.2332e-08
154.05,0.0,135.65190312499996,3.224515e-08
154.05,0.0,135.65165312499997,3.22517e-08
154.05,0.0,135.65140312499997,3.185435e-08
154.05,0.0,135.65115312499998,3.225815e-08
154.05,0.0,135.65090312499999,3.19563e-08
154.05,0.0,135.65065312499996,3.260225e-08
154.05,0.0,135.65040312499997,3.23704e-08
154.05,0.0,135.65015312499997,3.226005e-08
154.05,0.0,135.64990312499998,3.2012900000000005e-08
154.05,0.0,135.649653125,3.2058e-08
154.05,0.0,135.64940312499996,3.22987e-08
154.05,0.0,135.64915312499997,3.228145e-08
154.05,0.0,135.64890312499998,3.2449e-08
154.05,0.0,135.64865312499998,3.23109e-08
154.05,0.0,135.64840312499996,3.2693399999999995e-08
154.05,0.0,135.64815312499996,3.25585e-08
154.05,0.0,135.64790312499997,3.22807e-08
154.05,0.0,135.64765312499998,3.23372e-08
154.05,0.0,135.64740312499998,3.25031e-08
154.05,0.0,135.64715312499996,3.251345e-08
154.05,0.0,135.64690312499997,3.2238450000000005e-08
154.05,0.0,135.64665312499997,3.18769e-08
154.05,0.0,135.64640312499998,3.2197766666666664e-08
154.05,0.0,135.64615312499998,3.2647749999999995e-08
154.05,0.0,135.64590312499996,3.2409050000000005e-08
154.05,0.0,135.64565312499997,3.26123e-08
154.05,0.0,135.64540312499997,3.2844450000000004e-08
154.05,0.0,135.64515312499998,3.22532e-08
154.05,0.0,135.64490312499998,3.266175e-08
154.05,0.0,135.64465312499996,3.20874e-08
154.05,0.0,135.64440312499997,3.26113e-08
154.05,0.0,135.64415312499997,3.25989e-08
154.05,0.0,135.64390312499998,3.27307e-08
154.05,0.0,135.643653125,3.228165e-08
154.05,0.0,135.64340312499996,3.260135e-08
154.05,0.0,135.64315312499997,3.2788949999999994e-08
154.05,0.0,135.64290312499998,3.2694e-08
154.05,0.0,135.64265312499998,3.25555e-08
154.05,0.0,135.642403125,3.26721e-08
154.05,0.0,135.64215312499996,3.234675e-08
154.05,0.0,135.64190312499997,3.246195e-08
154.05,0.0,135.64165312499998,3.22437e-08
154.05,0.0,135.64140312499998,3.231225e-08
154.05,0.0,135.64115312499996,3.2265799999999995e-08
154.05,0.0,135.64090312499997,3.224875e-08
154.05,0.0,135.64065312499997,3.22335e-08
154.05,0.0,135.64040312499998,3.21196e-08
154.05,0.0,135.64015312499998,3.211715e-08
154.05,0.0,135.63990312499996,3.22125e-08
154.05,0.0,135.63965312499997,3.2574e-08
154.05,0.0,135.63940312499997,3.208503333333333e-08
154.05,0.0,135.63915312499998,3.209545e-08
154.05,0.0,135.63890312499998,3.181905e-08
154.05,0.0,135.63865312499996,3.19047e-08
154.05,0.0,135.63840312499997,3.1919e-08
154.05,0.0,135.63815312499997,3.2123150000000004e-08
154.05,0.0,135.63790312499998,3.19412e-08
154.05,0.0,135.63765312499999,3.18488e-08
154.05,0.0,135.63740312499996,3.18962e-08
154.05,0.0,135.63715312499997,3.209795e-08
154.05,0.0,135.63690312499998,3.22346e-08
154.05,0.0,135.63665312499998,3.1966699999999995e-08
154.05,0.0,135.636403125,3.20504e-08
154.05,0.0,135.63615312499996,3.1813349999999994e-08
154.05,0.0,135.63590312499997,3.21619e-08
154.05,0.0,135.63565312499998,3.18014e-08
154.05,0.0,135.63540312499998,3.1998850000000006e-08
154.05,0.0,135.63515312499996,3.20794e-08
154.05,0.0,135.63490312499997,3.23938e-08
154.05,0.0,135.63465312499997,3.20896e-08
154.05,0.0,135.63440312499998,3.157535e-08
154.05,0.0,135.63415312499998,3.225055e-08
154.05,0.0,135.63390312499996,3.22937e-08
154.05,0.0,135.63365312499997,3.211895e-08
154.05,0.0,135.63340312499997,3.20687e-08
154.05,0.0,135.63315312499998,3.19097e-08
154.05,0.0,135.63290312499998,3.226015e-08
154.05,0.0,135.63265312499996,3.237295e-08
154.05,0.0,135.63240312499997,3.2259199999999995e-08
154.05,0.0,135.63215312499997,3.237695e-08
154.05,0.0,135.63190312499998,3.2073e-08
154.05,0.0,135.63165312499999,3.212835e-08
154.05,0.0,135.63140312499996,3.2247400000000006e-08
154.05,0.0,135.63115312499997,3.170175e-08
154.05,0.0,135.63090312499997,3.27011e-08
154.05,0.0,135.63065312499998,3.199003333333333e-08
154.05,0.0,135.630403125,3.16766e-08
154.05,0.0,135.63015312499996,3.19693e-08
154.05,0.0,135.62990312499997,3.21616e-08
154.05,0.0,135.62965312499998,3.225225e-08
154.05,0.0,135.62940312499998,3.222045e-08
154.05,0.0,135.62915312499996,3.2037e-08
154.05,0.0,135.62890312499997,3.22205e-08
154.05,0.0,135.62865312499997,3.20791e-08
154.05,0.0,135.62840312499998,3.208e-08
154.05,0.0,135.62815312499998,3.21828e-08
154.05,0.0,135.62790312499996,3.19264e-08
154.05,0.0,135.62765312499997,3.2162200000000005e-08
154.05,0.0,135.62740312499997,3.22377e-08
154.05,0.0,135.62715312499998,3.25565e-08
154.05,0.0,135.62690312499998,3.22437e-08
154.05,0.0,135.62665312499996,3.21876e-08
154.05,0.0,135.62640312499997,3.21651e-08
154.05,0.0,135.62615312499997,3.238345e-08
154.05,0.0,135.62590312499998,3.162435e-08
154.05,0.0,135.62565312499999,3.23078e-08
154.05,0.0,135.62540312499996,3.2332749999999995e-08
154.05,0.0,135.62515312499997,3.20591e-08
154.05,0.0,135.62490312499997,3.2035e-08
154.05,0.0,135.62465312499998,3.154715e-08
154.05,0.0,135.624403125,3.20513e-08
154.05,0.0,135.62415312499996,3.22908e-08
154.05,0.0,135.62390312499997,3.14312e-08
154.05,0.0,135.62365312499998,3.18887e-08
154.05,0.0,135.62340312499998,3.1655866666666664e-08
154.05,0.0,135.62315312499996,3.20639e-08
154.05,0.0,135.62290312499997,3.18852e-08
154.05,0.0,135.62265312499997,3.1709e-08
154.05,0.0,135.62240312499998,3.1691800000000006e-08
154.05,0.0,135.62215312499998,3.151915e-08
154.05,0.0,135.62190312499996,3.11644e-08
154.05,0.0,135.62165312499997,3.17367e-08
154.05,0.0,135.62140312499997,3.17281e-08
154.05,0.0,135.62115312499998,3.16479e-08
154.05,0.0,135.62090312499998,3.167485e-08
154.05,0.0,135.62065312499996,3.207345e-08
154.05,0.0,135.62040312499997,3.164165e-08
154.05,0.0,135.62015312499997,3.1911300000000003e-08
154.05,0.0,135.61990312499998,3.15731e-08
154.05,0.0,135.61965312499999,3.181485e-08
154.05,0.0,135.61940312499996,3.17972e-08
154.05,0.0,135.61915312499997,3.152065e-08
154.05,0.0,135.61890312499997,3.14391e-08
154.05,0.0,135.61865312499998,3.151175e-08
154.05,0.0,135.618403125,3.178655e-08
154.05,0.0,135.61815312499996,3.129055e-08
154.05,0.0,135.61790312499997,3.17744e-08
154.05,0.0,135.61765312499998,3.13932e-08
154.05,0.0,135.61740312499998,3.20705e-08
154.05,0.0,135.61715312499996,3.1590200000000005e-08
154.05,0.0,135.61690312499996,3.1525950000000004e-08
154.05,0.0,135.61665312499997,3.1814699999999994e-08
154.05,0.0,135.61640312499998,3.178895e-08
154.05,0.0,135.61615312499998,3.15283e-08
154.05,0.0,135.61590312499996,3.152185e-08
154.05,0.0,135.61565312499997,3.174655e-08
154.05,0.0,135.61540312499997,3.175065e-08
154.05,0.0,135.61515312499998,3.171785e-08
154.05,0.0,135.61490312499998,3.16629e-08
154.05,0.0,135.61465312499996,3.1611966666666666e-08
154.05,0.0,135.61440312499997,3.1621150000000004e-08
154.05,0.0,135.61415312499997,3.16556e-08
154.05,0.0,135.61390312499998,3.1535600000000003e-08
154.05,0.0,135.61365312499998,3.1682350000000004e-08
154.05,0.0,135.61340312499996,3.169745e-08
154.05,0.0,135.61315312499997,3.13908e-08
154.05,0.0,135.61290312499997,3.1347550000000006e-08
154.05,0.0,135.61265312499998,3.18043e-08
154.05,0.0,135.612403125,3.178925e-08
154.05,0.0,135.61215312499996,3.1763500000000005e-08
154.05,0.0,135.61190312499997,3.140515e-08
154.05,0.0,135.61165312499998,3.14151e-08
154.05,0.0,135.61140312499998,3.134085e-08
154.05,0.0,135.611153125,3.12994e-08
154.05,0.0,135.61090312499996,3.1399150000000004e-08
154.05,0.0,135.61065312499997,3.1172699999999994e-08
154.05,0.0,135.61040312499998,3.14212e-08
154.05,0.0,135.61015312499998,3.119095e-08
154.05,0.0,135.60990312499996,3.17293e-08
154.05,0.0,135.60965312499997,3.138465e-08
154.05,0.0,135.60940312499997,3.138665e-08
154.05,0.0,135.60915312499998,3.24745e-08
154.05,0.0,135.60890312499998,3.10897e-08
154.05,0.0,135.60865312499996,3.09004e-08
154.05,0.0,135.60840312499997,3.15063e-08
154.05,0.0,135.60815312499997,3.16227e-08
154.05,0.0,135.60790312499998,3.1244899999999994e-08
154.05,0.0,135.60765312499998,3.13279e-08
154.05,0.0,135.60740312499996,3.12208e-08
154.05,0.0,135.60715312499997,3.17133e-08
154.05,0.0,135.60690312499997,3.14447e-08
154.05,0.0,135.60665312499998,3.15069e-08
154.05,0.0,135.60640312499999,3.129745e-08
154.05,0.0,135.60615312499996,3.09138e-08
154.05,0.0,135.60590312499997,3.161545e-08
154.05,0.0,135.60565312499998,3.1249150000000006e-08
154.05,0.0,135.60540312499998,3.1309333333333335e-08
154.05,0.0,135.605153125,3.18058e-08
154.05,0.0,135.60490312499996,3.149955e-08
154.05,0.0,135.60465312499997,3.190955e-08
154.05,0.0,135.60440312499998,3.1261500000000005e-08
154.05,0.0,135.60415312499998,3.14424e-08
154.05,0.0,135.60390312499996,3.147425e-08
154.05,0.0,135.60365312499997,3.13742e-08
154.05,0.0,135.60340312499997,3.096205e-08
154.05,0.0,135.60315312499998,3.142065e-08
154.05,0.0,135.60290312499998,3.1221549999999995e-08
154.05,0.0,135.60265312499996,3.106695e-08
154.05,0.0,135.60240312499997,3.122625e-08
154.05,0.0,135.60215312499997,3.13304e-08
154.05,0.0,135.60190312499998,3.1481949999999994e-08
154.05,0.0,135.60165312499998,3.1418199999999995e-08
154.05,0.0,135.60140312499996,3.18082e-08
154.05,0.0,135.60115312499997,3.15362e-08
154.05,0.0,135.60090312499997,3.151406666666667e-08
154.05,0.0,135.60065312499998,3.113055e-08
154.05,0.0,135.60040312499999,3.156745e-08
154.05,0.0,135.60015312499996,3.1771e-08
154.05,0.0,135.59990312499997,3.15118e-08
154.05,0.0,135.59965312499997,3.1592750000000003e-08
154.05,0.0,135.59940312499998,3.143175e-08
154.05,0.0,135.599153125,3.13919e-08
154.05,0.0,135.59890312499996,3.154106666666667e-08
154.05,0.0,135.59865312499997,3.110315e-08
154.05,0.0,135.59840312499998,3.11889e-08
154.05,0.0,135.59815312499998,3.140215e-08
154.05,0.0,135.59790312499996,3.137505e-08
154.05,0.0,135.59765312499997,3.14465e-08
154.05,0.0,135.59740312499997,3.143025e-08
154.05,0.0,135.59715312499998,3.12912e-08
154.05,0.0,135.59690312499998,3.1464e-08
154.05,0.0,135.59665312499996,3.139765e-08
154.05,0.0,135.59640312499997,3.1547e-08
154.05,0.0,135.59615312499997,3.11803e-08
154.05,0.0,135.59590312499998,3.09493e-08
154.05,0.0,135.59565312499998,3.10938e-08
154.05,0.0,135.59540312499996,3.13108e-08
154.05,0.0,135.59515312499997,3.09084e-08
154.05,0.0,135.59490312499997,3.11167e-08
154.05,0.0,135.59465312499998,3.099735e-08
154.05,0.0,135.59440312499999,3.13486e-08
154.05,0.0,135.59415312499996,3.11972e-08
154.05,0.0,135.59390312499997,3.09781e-08
154.05,0.0,135.59365312499997,3.12734e-08
154.05,0.0,135.59340312499998,3.08033e-08
154.05,0.0,135.593153125,3.10886e-08
154.05,0.0,135.59290312499996,3.133645e-08
154.05,0.0,135.59265312499997,3.107615e-08
154.05,0.0,135.59240312499998,3.1451e-08
154.05,0.0,135.59215312499998,3.10791e-08
154.05,0.0,135.59190312499996,3.07223e-08
154.05,0.0,135.59165312499997,3.09868e-08
154.05,0.0,135.59140312499997,3.07457e-08
154.05,0.0,135.59115312499998,3.099475e-08
154.05,0.0,135.59090312499998,3.09121e-08
154.05,0.0,135.59065312499996,3.09322e-08
154.05,0.0,135.59040312499997,3.10231e-08
154.05,0.0,135.59015312499997,3.116645e-08
154.05,0.0,135.58990312499998,3.106753333333333e-08
154.05,0.0,135.58965312499998,3.1016000000000005e-08
154.05,0.0,135.58940312499996,3.11236e-08
154.05,0.0,135.58915312499997,3.108205e-08
154.05,0.0,135.58890312499997,3.097155e-08
154.05,0.0,135.58865312499998,3.108825e-08
154.05,0.0,135.58840312499999,3.09817e-08
154.05,0.0,135.58815312499996,3.0816500000000003e-08
154.05,0.0,135.58790312499997,3.08785e-08
154.05,0.0,135.58765312499997,3.099715e-08
154.05,0.0,135.58740312499998,3.047245e-08
154.05,0.0,135.587153125,3.08338e-08
154.05,0.0,135.58690312499996,3.07581e-08
154.05,0.0,135.58665312499997,3.06045e-08
154.05,0.0,135.58640312499998,3.09406e-08
154.05,0.0,135.58615312499998,3.1028e-08
154.05,0.0,135.58590312499996,3.089805e-08
154.05,0.0,135.58565312499996,3.104325e-08
154.05,0.0,135.58540312499997,3.05546e-08
154.05,0.0,135.58515312499998,3.09108e-08
154.05,0.0,135.58490312499998,3.093605e-08
154.05,0.0,135.58465312499996,3.094435e-08
154.05,0.0,135.58440312499997,3.10019e-08
154.05,0.0,135.58415312499997,3.09785e-08
154.05,0.0,135.58390312499998,3.086455e-08
154.05,0.0,135.58365312499998,3.08518e-08
154.05,0.0,135.58340312499996,3.12969e-08
154.05,0.0,135.58315312499997,3.088985e-08
154.05,0.0,135.58290312499997,3.09199e-08
154.05,0.0,135.58265312499998,3.10239e-08
154.05,0.0,135.58240312499998,3.16018e-08
154.05,0.0,135.58215312499996,3.1250299999999995e-08
154.05,0.0,135.58190312499997,3.10962e-08
154.05,0.0,135.58165312499997,3.089565e-08
154.05,0.0,135.58140312499998,3.11894e-08
154.05,0.0,135.581153125,3.11478e-08
154.05,0.0,135.58090312499996,3.11208e-08
154.05,0.0,135.58065312499997,3.10298e-08
154.05,0.0,135.58040312499998,3.09554e-08
154.05,0.0,135.58015312499998,3.0868699999999994e-08
154.05,0.0,135.579903125,3.105505e-08
154.05,0.0,135.57965312499996,3.1038099999999995e-08
154.05,0.0,135.57940312499997,3.11707e-08
154.05,0.0,135.57915312499998,3.14212e-08
154.05,0.0,135.57890312499998,3.138665e-08
154.05,0.0,135.57865312499996,3.1358400000000004e-08
154.05,0.0,135.57840312499997,3.099035e-08
154.05,0.0,135.57815312499997,3.12702e-08
154.05,0.0,135.57790312499998,3.16151e-08
154.05,0.0,135.57765312499998,3.14418e-08
154.05,0.0,135.57740312499996,3.13703e-08
154.05,0.0,135.57715312499997,3.115285e-08
154.05,0.0,135.57690312499997,3.097885e-08
154.05,0.0,135.57665312499998,3.134845e-08
154.05,0.0,135.57640312499998,3.151285e-08
154.05,0.0,135.57615312499996,3.136585e-08
154.05,0.0,135.57590312499997,3.157875e-08
154.05,0.0,135.57565312499997,3.14047e-08
154.05,0.0,135.57540312499998,3.1331000000000004e-08
154.05,0.0,135.57515312499999,3.15115e-08
154.05,0.0,135.57490312499996,3.1383250000000004e-08
154.05,0.0,135.57465312499997,3.10171e-08
154.05,0.0,135.57440312499998,3.1412799999999994e-08
154.05,0.0,135.57415312499998,3.126295e-08
154.05,0.0,135.573903125,3.116866666666667e-08
154.05,0.0,135.57365312499996,3.1324e-08
154.05,0.0,135.57340312499997,3.13729e-08
154.05,0.0,135.57315312499998,3.1289050000000006e-08
154.05,0.0,135.57290312499998,3.137815e-08
154.05,0.0,135.57265312499996,3.12918e-08
154.05,0.0,135.57240312499997,3.14041e-08
154.05,0.0,135.57215312499997,3.143285e-08
154.05,0.0,135.57190312499998,3.141275e-08
154.05,0.0,135.57165312499998,3.15493e-08
154.05,0.0,135.57140312499996,3.141895e-08
154.05,0.0,135.57115312499997,3.147545e-08
154.05,0.0,135.57090312499997,3.1483350000000004e-08
154.05,0.0,135.57065312499998,3.14216e-08
154.05,0.0,135.57040312499998,3.1396950000000004e-08
154.05,0.0,135.57015312499996,3.143755e-08
154.05,0.0,135.56990312499997,3.14613e-08
154.05,0.0,135.56965312499997,3.131425e-08
154.05,0.0,135.56940312499998,3.1052000000000006e-08
154.05,0.0,135.56915312499999,3.103815e-08
154.05,0.0,135.56890312499996,3.1212650000000004e-08
154.05,0.0,135.56865312499997,3.14532e-08
154.05,0.0,135.56840312499997,3.11872e-08
154.05,0.0,135.56815312499998,3.1198450000000004e-08
154.05,0.0,135.567903125,3.125955e-08
154.05,0.0,135.56765312499996,3.12808e-08
154.05,0.0,135.56740312499997,3.123106666666667e-08
154.05,0.0,135.56715312499998,3.141605e-08
154.05,0.0,135.56690312499998,3.113445e-08
154.05,0.0,135.56665312499996,3.13404e-08
154.05,0.0,135.56640312499997,3.14948e-08
154.05,0.0,135.56615312499997,3.1293749999999995e-08
154.05,0.0,135.56590312499998,3.1338450000000004e-08
154.05,0.0,135.56565312499998,3.12827e-08
154.05,0.0,135.56540312499996,3.13282e-08
154.05,0.0,135.56515312499997,3.1311900000000004e-08
154.05,0.0,135.56490312499997,3.143285e-08
154.05,0.0,135.56465312499998,3.127585e-08
154.05,0.0,135.56440312499998,3.114815e-08
154.05,0.0,135.56415312499996,3.12654e-08
154.05,0.0,135.56390312499997,3.131785e-08
154.05,0.0,135.56365312499997,3.12205e-08
154.05,0.0,135.56340312499998,3.134045e-08
154.05,0.0,135.56315312499999,3.13577e-08
154.05,0.0,135.56290312499996,3.14207e-08
154.05,0.0,135.56265312499997,3.1321999999999994e-08
154.05,0.0,135.56240312499997,3.142525e-08
154.05,0.0,135.56215312499998,3.1437700000000004e-08
154.05,0.0,135.561903125,3.16069e-08
154.05,0.0,135.56165312499996,3.1327e-08
154.05,0.0,135.56140312499997,3.1391e-08
154.05,0.0,135.56115312499998,3.14112e-08
154.05,0.0,135.56090312499998,3.13125e-08
154.05,0.0,135.56065312499996,3.10926e-08
154.05,0.0,135.56040312499997,3.114126666666667e-08
154.05,0.0,135.56015312499997,3.115985e-08
154.05,0.0,135.55990312499998,3.09608e-08
154.05,0.0,135.55965312499998,3.101315e-08
154.05,0.0,135.55940312499996,3.11519e-08
154.05,0.0,135.55915312499997,3.11344e-08
154.05,0.0,135.55890312499997,3.10779e-08
154.05,0.0,135.55865312499998,3.11879e-08
154.05,0.0,135.55840312499998,3.12134e-08
154.05,0.0,135.55815312499996,3.10768e-08
154.05,0.0,135.55790312499997,3.1376150000000004e-08
154.05,0.0,135.55765312499997,3.128945e-08
154.05,0.0,135.55740312499998,3.1092750000000006e-08
154.05,0.0,135.55715312499999,3.130085e-08
154.05,0.0,135.55690312499996,3.12232e-08
154.05,0.0,135.55665312499997,3.122115e-08
154.05,0.0,135.55640312499997,3.13935e-08
154.05,0.0,135.55615312499998,3.146125e-08
154.05,0.0,135.555903125,3.135645e-08
154.05,0.0,135.55565312499996,3.119425e-08
154.05,0.0,135.55540312499997,3.1249799999999994e-08
154.05,0.0,135.55515312499998,3.1155150000000005e-08
154.05,0.0,135.55490312499998,3.11455e-08
154.05,0.0,135.55465312499996,3.1075700000000003e-08
154.05,0.0,135.55440312499996,3.10579e-08
154.05,0.0,135.55415312499997,3.101585e-08
154.05,0.0,135.55390312499998,3.117925e-08
154.05,0.0,135.55365312499998,3.091935e-08
154.05,0.0,135.55340312499996,3.10721e-08
154.05,0.0,135.55315312499997,3.09417e-08
154.05,0.0,135.55290312499997,3.08707e-08
154.05,0.0,135.55265312499998,3.12329e-08
154.05,0.0,135.55240312499998,3.0940600000000004e-08
154.05,0.0,135.55215312499996,3.067555e-08
154.05,0.0,135.55190312499997,3.11991e-08
154.05,0.0,135.55165312499997,3.10271e-08
154.05,0.0,135.55140312499998,3.09989e-08
154.05,0.0,135.55115312499998,3.09423e-08
154.05,0.0,135.55090312499996,3.09461e-08
154.05,0.0,135.55065312499997,3.0799699999999995e-08
154.05,0.0,135.55040312499997,3.076065e-08
154.05,0.0,135.55015312499998,3.08017e-08
154.05,0.0,135.549903125,3.05388e-08
154.05,0.0,135.54965312499996,3.072475e-08
154.05,0.0,135.54940312499997,3.093895e-08
154.05,0.0,135.54915312499998,3.06581e-08
154.05,0.0,135.54890312499998,3.081995e-08
154.05,0.0,135.548653125,3.08696e-08
154.05,0.0,135.54840312499996,3.06363e-08
154.05,0.0,135.54815312499997,3.103415e-08
154.05,0.0,135.54790312499998,3.05704e-08
154.05,0.0,135.54765312499998,3.06062e-08
154.05,0.0,135.54740312499996,3.0533899999999995e-08
154.05,0.0,135.54715312499997,3.051675e-08
154.05,0.0,135.54690312499997,3.05137e-08
154.05,0.0,135.54665312499998,3.028e-08
154.05,0.0,135.54640312499998,3.02984e-08
154.05,0.0,135.54615312499996,3.02584e-08
154.05,0.0,135.54590312499997,3.01773e-08
154.05,0.0,135.54565312499997,3.02212e-08
154.05,0.0,135.54540312499998,3.0474100000000004e-08
154.05,0.0,135.54515312499998,3.029025e-08
154.05,0.0,135.54490312499996,3.03472e-08
154.05,0.0,135.54465312499997,3.036426666666666e-08
154.05,0.0,135.54440312499997,3.043455e-08
154.05,0.0,135.54415312499998,3.02941e-08
154.05,0.0,135.54390312499999,3.02635e-08
154.05,0.0,135.54365312499996,3.0310250000000005e-08
154.05,0.0,135.54340312499997,3.055235e-08
154.05,0.0,135.54315312499998,3.03487e-08
154.05,0.0,135.54290312499998,3.02439e-08
154.05,0.0,135.542653125,3.02183e-08
154.05,0.0,135.54240312499996,3.03099e-08
154.05,0.0,135.54215312499997,3.041135e-08
154.05,0.0,135.54190312499998,3.03916e-08
154.05,0.0,135.54165312499998,3.0425e-08
154.05,0.0,135.54140312499996,3.005955e-08
154.05,0.0,135.54115312499997,3.00755e-08
154.05,0.0,135.54090312499997,3.00953e-08
154.05,0.0,135.54065312499998,3.0462549999999995e-08
154.05,0.0,135.54040312499998,3.02173e-08
154.05,0.0,135.54015312499996,3.0246799999999995e-08
154.05,0.0,135.53990312499997,3.0073200000000005e-08
154.05,0.0,135.53965312499997,3.02223e-08
154.05,0.0,135.53940312499998,3.012185e-08
154.05,0.0,135.53915312499998,3.01453e-08
154.05,0.0,135.53890312499996,2.98756e-08
154.05,0.0,135.53865312499997,3.0383249999999995e-08
154.05,0.0,135.53840312499997,2.9970349999999995e-08
154.05,0.0,135.53815312499998,3.02333e-08
154.05,0.0,135.53790312499999,3.01186e-08
154.05,0.0,135.53765312499996,2.99289e-08
154.05,0.0,135.53740312499997,3.002245e-08
154.05,0.0,135.53715312499997,2.99924e-08
154.05,0.0,135.53690312499998,3.004045e-08
154.05,0.0,135.536653125,2.9843100000000003e-08
154.05,0.0,135.53640312499996,3.0066049999999995e-08
154.05,0.0,135.53615312499997,2.99697e-08
154.05,0.0,135.53590312499998,3.0273750000000003e-08
154.05,0.0,135.53565312499998,2.98769e-08
154.05,0.0,135.53540312499996,3.01593e-08
154.05,0.0,135.53515312499997,3.00273e-08
154.05,0.0,135.53490312499997,2.9972399999999994e-08
154.05,0.0,135.53465312499998,3.003345e-08
154.05,0.0,135.53440312499998,3.00171e-08
154.05,0.0,135.53415312499996,3.00731e-08
154.05,0.0,135.53390312499997,3.003445e-08
154.05,0.0,135.53365312499997,3.00701e-08
154.05,0.0,135.53340312499998,3.03223e-08
154.05,0.0,135.53315312499998,3.06224e-08
154.05,0.0,135.53290312499996,3.034055e-08
154.05,0.0,135.53265312499997,3.0164000000000005e-08
154.05,0.0,135.53240312499997,3.051595e-08
154.05,0.0,135.53215312499998,3.03651e-08
154.05,0.0,135.53190312499999,3.0221e-08
154.05,0.0,135.53165312499996,3.02364e-08
154.05,0.0,135.53140312499997,3.037225e-08
154.05,0.0,135.53115312499997,3.03832e-08
154.05,0.0,135.53090312499998,3.03984e-08
154.05,0.0,135.530653125,3.061965e-08
154.05,0.0,135.53040312499996,3.05182e-08
154.05,0.0,135.53015312499997,3.0673e-08
154.05,0.0,135.52990312499998,3.0464800000000004e-08
154.05,0.0,135.52965312499998,3.046135e-08
154.05,0.0,135.52940312499996,3.037955e-08
154.05,0.0,135.52915312499997,3.05491e-08
154.05,0.0,135.52890312499997,3.053445e-08
154.05,0.0,135.52865312499998,3.07209e-08
154.05,0.0,135.52840312499998,3.063465e-08
154.05,0.0,135.52815312499996,3.05611e-08
154.05,0.0,135.52790312499997,3.02714e-08
154.05,0.0,135.52765312499997,3.050615e-08
154.05,0.0,135.52740312499998,3.0597e-08
154.05,0.0,135.52715312499998,3.07227e-08
154.05,0.0,135.52690312499996,3.078415e-08
154.05,0.0,135.52665312499997,3.0579333333333335e-08
154.05,0.0,135.52640312499997,3.03422e-08
154.05,0.0,135.52615312499998,3.06532e-08
154.05,0.0,135.52590312499999,3.05268e-08
154.05,0.0,135.52565312499996,3.05452e-08
154.05,0.0,135.52540312499997,3.035765e-08
154.05,0.0,135.52515312499997,3.0314e-08
154.05,0.0,135.52490312499998,3.0587200000000005e-08
154.05,0.0,135.524653125,3.057715e-08
154.05,0.0,135.52440312499996,3.06631e-08
154.05,0.0,135.52415312499997,3.057405e-08
154.05,0.0,135.52390312499998,3.053305e-08
154.05,0.0,135.52365312499998,3.049215e-08
154.05,0.0,135.52340312499996,3.040995e-08
154.05,0.0,135.52315312499996,3.00396e-08
154.05,0.0,135.52290312499997,3.028935e-08
154.05,0.0,135.52265312499998,3.046815e-08
154.05,0.0,135.52240312499998,3.0434200000000004e-08
154.05,0.0,135.52215312499996,3.02684e-08
154.05,0.0,135.52190312499997,3.053693333333333e-08
154.05,0.0,135.52165312499997,3.023995e-08
154.05,0.0,135.52140312499998,3.03702e-08
154.05,0.0,135.52115312499998,3.053215e-08
154.05,0.0,135.52090312499996,3.034e-08
154.05,0.0,135.52065312499997,3.062565e-08
154.05,0.0,135.52040312499997,3.04586e-08
154.05,0.0,135.52015312499998,3.02966e-08
154.05,0.0,135.51990312499998,3.05096e-08
154.05,0.0,135.51965312499996,3.0290400000000004e-08
154.05,0.0,135.51940312499997,3.02753e-08
154.05,0.0,135.51915312499997,3.02498e-08
154.05,0.0,135.51890312499998,3.01849e-08
154.05,0.0,135.518653125,3.03125e-08
154.05,0.0,135.51840312499996,3.00681e-08
154.05,0.0,135.51815312499997,3.01801e-08
154.05,0.0,135.51790312499998,3.010775e-08
154.05,0.0,135.51765312499998,3.02642e-08
154.05,0.0,135.517403125,3.01838e-08
154.05,0.0,135.51715312499996,3.0216549999999994e-08
154.05,0.0,135.51690312499997,3.008465e-08
154.05,0.0,135.51665312499998,3.036965e-08
154.05,0.0,135.51640312499998,3.03216e-08
154.05,0.0,135.51615312499996,3.0073050000000003e-08
154.05,0.0,135.51590312499997,3.0091800000000005e-08
154.05,0.0,135.51565312499997,3.037805e-08
154.05,0.0,135.51540312499998,3.032555e-08
154.05,0.0,135.51515312499998,3.022275e-08
154.05,0.0,135.51490312499996,3.013975e-08
154.05,0.0,135.51465312499997,3.004425e-08
154.05,0.0,135.51440312499997,3.00629e-08
154.05,0.0,135.51415312499998,3.011435e-08
154.05,0.0,135.51390312499998,3.004585e-08
154.05,0.0,135.51365312499996,2.99132e-08
154.05,0.0,135.51340312499997,2.978295e-08
154.05,0.0,135.51315312499997,3.001245e-08
154.05,0.0,135.51290312499998,3.01896e-08
154.05,0.0,135.51265312499999,3.02898e-08
154.05,0.0,135.51240312499996,3.00394e-08
154.05,0.0,135.51215312499997,3.013045e-08
154.05,0.0,135.51190312499998,3.028075e-08
154.05,0.0,135.51165312499998,3.031265e-08
154.05,0.0,135.511403125,2.96418e-08
154.05,0.0,135.51115312499996,3.023415e-08
154.05,0.0,135.51090312499997,3.02428e-08
154.05,0.0,135.51065312499998,3.0453300000000004e-08
154.05,0.0,135.51040312499998,2.99341e-08
154.05,0.0,135.51015312499996,3.013975e-08
154.05,0.0,135.50990312499997,3.02421e-08
154.05,0.0,135.50965312499997,3.01937e-08
154.05,0.0,135.50940312499998,3.03074e-08
154.05,0.0,135.50915312499998,3.019705e-08
154.05,0.0,135.50890312499996,3.049375e-08
154.05,0.0,135.50865312499997,3.01576e-08
154.05,0.0,135.50840312499997,3.027455e-08
154.05,0.0,135.50815312499998,3.021125e-08
154.05,0.0,135.50790312499998,3.020755e-08
154.05,0.0,135.50765312499996,3.046415e-08
154.05,0.0,135.50740312499997,3.03356e-08
154.05,0.0,135.50715312499997,3.02927e-08
154.05,0.0,135.50690312499998,3.01423e-08
154.05,0.0,135.50665312499999,3.04805e-08
154.05,0.0,135.50640312499996,2.99861e-08
154.05,0.0,135.50615312499997,3.026675e-08
154.05,0.0,135.50590312499997,3.0350000000000004e-08
154.05,0.0,135.50565312499998,3.04361e-08
154.05,0.0,135.505403125,3.03976e-08
154.05,0.0,135.50515312499996,3.024575e-08
154.05,0.0,135.50490312499997,3.052075e-08
154.05,0.0,135.50465312499998,3.04074e-08
154.05,0.0,135.50440312499998,3.04602e-08
154.05,0.0,135.50415312499996,3.045555e-08
154.05,0.0,135.50390312499997,3.04284e-08
154.05,0.0,135.50365312499997,3.0305299999999995e-08
154.05,0.0,135.50340312499998,3.04459e-08
154.05,0.0,135.50315312499998,3.06267e-08
154.05,0.0,135.50290312499996,3.038455e-08
154.05,0.0,135.50265312499997,3.032485e-08
154.05,0.0,135.50240312499997,3.04959e-08
154.05,0.0,135.50215312499998,3.06199e-08
154.05,0.0,135.50190312499998,3.039085e-08
154.05,0.0,135.50165312499996,3.04603e-08
154.05,0.0,135.50140312499997,3.0409000000000004e-08
154.05,0.0,135.50115312499997,3.0475950000000005e-08
154.05,0.0,135.50090312499998,3.04215e-08
154.05,0.0,135.50065312499999,3.08322e-08
154.05,0.0,135.50040312499996,3.0505e-08
154.05,0.0,135.50015312499997,3.048545e-08
154.05,0.0,135.49990312499997,3.07386e-08
154.05,0.0,135.49965312499998,3.061445e-08
154.05,0.0,135.499403125,3.1053999999999995e-08
154.05,0.0,135.49915312499996,3.087835e-08
154.05,0.0,135.49890312499997,3.06883e-08
154.05,0.0,135.49865312499998,3.05935e-08
154.05,0.0,135.49840312499998,3.079605e-08
154.05,0.0,135.49815312499996,3.081015e-08
154.05,0.0,135.49790312499997,3.07009e-08
154.05,0.0,135.49765312499997,3.06072e-08
154.05,0.0,135.49740312499998,3.09793e-08
154.05,0.0,135.49715312499998,3.060325e-08
154.05,0.0,135.49690312499996,3.08015e-08
154.05,0.0,135.49665312499997,3.11396e-08
154.05,0.0,135.49640312499997,3.05704e-08
154.05,0.0,135.49615312499998,3.079105e-08
154.05,0.0,135.49590312499998,3.053635e-08
154.05,0.0,135.49565312499996,3.071125e-08
154.05,0.0,135.49540312499997,3.06031e-08
154.05,0.0,135.49515312499997,3.0899000000000004e-08
154.05,0.0,135.49490312499998,3.071385e-08
154.05,0.0,135.49465312499999,3.0728e-08
154.05,0.0,135.49440312499996,3.068905e-08
154.05,0.0,135.49415312499997,3.0572449999999995e-08
154.05,0.0,135.49390312499997,3.08972e-08
154.05,0.0,135.49365312499998,3.078e-08
154.05,0.0,135.493403125,3.088725e-08
154.05,0.0,135.49315312499996,3.08277e-08
154.05,0.0,135.49290312499997,3.09865e-08
154.05,0.0,135.49265312499998,3.05905e-08
154.05,0.0,135.49240312499998,3.087055e-08
154.05,0.0,135.49215312499996,3.050135e-08
154.05,0.0,135.49190312499996,3.0939250000000004e-08
154.05,0.0,135.49165312499997,3.05334e-08
154.05,0.0,135.49140312499998,3.07481e-08
154.05,0.0,135.49115312499998,3.068895e-08
154.05,0.0,135.49090312499996,3.0853850000000005e-08
154.05,0.0,135.49065312499997,3.095975e-08
154.05,0.0,135.49040312499997,3.100735e-08
154.05,0.0,135.49015312499998,3.0894600000000005e-08
154.05,0.0,135.48990312499998,3.126295e-08
154.05,0.0,135.48965312499996,3.10327e-08
154.05,0.0,135.48940312499997,3.09268e-08
154.05,0.0,135.48915312499997,3.102755e-08
154.05,0.0,135.48890312499998,3.0948999999999995e-08
154.05,0.0,135.48865312499998,3.11277e-08
154.05,0.0,135.48840312499996,3.10403e-08
154.05,0.0,135.48815312499997,3.09758e-08
154.05,0.0,135.48790312499997,3.07339e-08
154.05,0.0,135.48765312499998,3.11597e-08
154.05,0.0,135.487403125,3.10781e-08
154.05,0.0,135.48715312499996,3.124425e-08
154.05,0.0,135.48690312499997,3.11994e-08
154.05,0.0,135.48665312499998,3.09159e-08
154.05,0.0,135.48640312499998,3.1093450000000004e-08
154.05,0.0,135.486153125,3.1204700000000004e-08
154.05,0.0,135.48590312499996,3.125785e-08
154.05,0.0,135.48565312499997,3.11682e-08
154.05,0.0,135.48540312499998,3.124085e-08
154.05,0.0,135.48515312499998,3.122545e-08
154.05,0.0,135.48490312499996,3.124855e-08
154.05,0.0,135.48465312499997,3.10089e-08
154.05,0.0,135.48440312499997,3.1118e-08
154.05,0.0,135.48415312499998,3.1213099999999995e-08
154.05,0.0,135.48390312499998,3.1039850000000004e-08
154.05,0.0,135.48365312499996,3.122225e-08
154.05,0.0,135.48340312499997,3.14731e-08
154.05,0.0,135.48315312499997,3.126775e-08
154.05,0.0,135.48290312499998,3.13093e-08
154.05,0.0,135.48265312499998,3.1037650000000004e-08
154.05,0.0,135.48240312499996,3.123455e-08
154.05,0.0,135.48215312499997,3.12077e-08
154.05,0.0,135.48190312499997,3.09781e-08
154.05,0.0,135.48165312499998,3.10408e-08
154.05,0.0,135.48140312499999,3.0992166666666675e-08
154.05,0.0,135.48115312499996,3.112525e-08
154.05,0.0,135.48090312499997,3.12606e-08
154.05,0.0,135.48065312499998,3.114515e-08
154.05,0.0,135.48040312499998,3.0905e-08
154.05,0.0,135.480153125,3.116135e-08
154.05,0.0,135.47990312499996,3.0953e-08
154.05,0.0,135.47965312499997,3.114675e-08
154.05,0.0,135.47940312499998,3.1116433333333334e-08
154.05,0.0,135.47915312499998,3.11338e-08
154.05,0.0,135.47890312499996,3.11414e-08
154.05,0.0,135.47865312499997,3.103895e-08
154.05,0.0,135.47840312499997,3.107455e-08
154.05,0.0,135.47815312499998,3.13355e-08
154.05,0.0,135.47790312499998,3.11127e-08
154.05,0.0,135.47765312499996,3.093845e-08
154.05,0.0,135.47740312499997,3.138935e-08
154.05,0.0,135.47715312499997,3.100035e-08
154.05,0.0,135.47690312499998,3.11456e-08
154.05,0.0,135.47665312499998,3.089075e-08
154.05,0.0,135.47640312499996,3.138195e-08
154.05,0.0,135.47615312499997,3.14038e-08
154.05,0.0,135.47590312499997,3.14656e-08
154.05,0.0,135.47565312499998,3.142245e-08
154.05,0.0,135.47540312499999,3.1542299999999995e-08
154.05,0.0,135.47515312499996,3.117665e-08
154.05,0.0,135.47490312499997,3.1542000000000005e-08
154.05,0.0,135.47465312499997,3.14067e-08
154.05,0.0,135.47440312499998,3.141185e-08
154.05,0.0,135.474153125,3.16925e-08
154.05,0.0,135.47390312499996,3.13991e-08
154.05,0.0,135.47365312499997,3.13223e-08
154.05,0.0,135.47340312499998,3.15201e-08
154.05,0.0,135.47315312499998,3.16063e-08
154.05,0.0,135.47290312499996,3.15219e-08
154.05,0.0,135.47265312499997,3.1436133333333336e-08
154.05,0.0,135.47240312499997,3.19299e-08
154.05,0.0,135.47215312499998,3.1696050000000004e-08
154.05,0.0,135.47190312499998,3.20008e-08
154.05,0.0,135.47165312499996,3.17387e-08
154.05,0.0,135.47140312499997,3.18496e-08
154.05,0.0,135.47115312499997,3.1784300000000005e-08
154.05,0.0,135.47090312499998,3.20995e-08
154.05,0.0,135.47065312499998,3.17925e-08
154.05,0.0,135.47040312499996,3.19762e-08
154.05,0.0,135.47015312499997,3.182135e-08
154.05,0.0,135.46990312499997,3.14184e-08
154.05,0.0,135.46965312499998,3.20248e-08
154.05,0.0,135.46940312499999,3.2074950000000005e-08
154.05,0.0,135.46915312499996,3.1859550000000004e-08
154.05,0.0,135.46890312499997,3.20653e-08
154.05,0.0,135.46865312499997,3.23499e-08
154.05,0.0,135.46840312499998,3.218425e-08
154.05,0.0,135.468153125,3.2492199999999995e-08
154.05,0.0,135.46790312499996,3.221725e-08
154.05,0.0,135.46765312499997,3.23375e-08
154.05,0.0,135.46740312499998,3.25221e-08
154.05,0.0,135.46715312499998,3.24894e-08
154.05,0.0,135.46690312499996,3.26763e-08
154.05,0.0,135.46665312499997,3.207775e-08
154.05,0.0,135.46640312499997,3.254685e-08
154.05,0.0,135.46615312499998,3.2827550000000003e-08
154.05,0.0,135.46590312499998,3.2759400000000004e-08
154.05,0.0,135.46565312499996,3.2658e-08
154.05,0.0,135.46540312499997,3.281375e-08
154.05,0.0,135.46515312499997,3.27292e-08
154.05,0.0,135.46490312499998,3.2869800000000005e-08
154.05,0.0,135.46465312499998,3.28254e-08
154.05,0.0,135.46440312499996,3.29411e-08
154.05,0.0,135.46415312499997,3.319895e-08
154.05,0.0,135.46390312499997,3.32862e-08
154.05,0.0,135.46365312499998,3.3198850000000003e-08
154.05,0.0,135.46340312499999,3.3399e-08
154.05,0.0,135.46315312499996,3.3443850000000003e-08
154.05,0.0,135.46290312499997,3.353065e-08
154.05,0.0,135.46265312499997,3.371745e-08
154.05,0.0,135.46240312499998,3.3473e-08
154.05,0.0,135.462153125,3.30288e-08
154.05,0.0,135.46190312499996,3.34057e-08
154.05,0.0,135.46165312499997,3.356985e-08
154.05,0.0,135.46140312499998,3.38309e-08
154.05,0.0,135.46115312499998,3.354065e-08
154.05,0.0,135.46090312499996,3.38245e-08
154.05,0.0,135.46065312499996,3.3748e-08
154.05,0.0,135.46040312499997,3.383595e-08
154.05,0.0,135.46015312499998,3.39394e-08
154.05,0.0,135.45990312499998,3.38278e-08
154.05,0.0,135.45965312499996,3.36722e-08
154.05,0.0,135.45940312499997,3.350085e-08
154.05,0.0,135.45915312499997,3.360195e-08
154.05,0.0,135.45890312499998,3.33758e-08
154.05,0.0,135.45865312499998,3.31915e-08
154.05,0.0,135.45840312499996,3.34412e-08
154.05,0.0,135.45815312499997,3.29657e-08
154.05,0.0,135.45790312499997,3.28857e-08
154.05,0.0,135.45765312499998,3.2609199999999995e-08
154.05,0.0,135.45740312499998,3.20985e-08
154.05,0.0,135.45715312499996,3.198355e-08
154.05,0.0,135.45690312499997,3.180905e-08
154.05,0.0,135.45665312499997,3.13108e-08
154.05,0.0,135.45640312499998,3.120835e-08
154.05,0.0,135.456153125,3.07604e-08
154.05,0.0,135.45590312499996,3.053285e-08
154.05,0.0,135.45565312499997,2.995045e-08
154.05,0.0,135.45540312499998,2.956305e-08
154.05,0.0,135.45515312499998,2.87742e-08
154.05,0.0,135.454903125,2.840045e-08
154.05,0.0,135.45465312499996,2.75471e-08
154.05,0.0,135.45440312499997,2.659405e-08
154.05,0.0,135.45415312499998,2.61511e-08
154.05,0.0,135.45390312499998,2.53486e-08
154.05,0.0,135.45365312499996,2.446255e-08
154.05,0.0,135.45340312499997,2.35933e-08
154.05,0.0,135.45315312499997,2.25259e-08
154.05,0.0,135.45290312499998,2.18701e-08
154.05,0.0,135.45265312499998,2.12993e-08
154.05,0.0,135.45240312499996,2.02502e-08
154.05,0.0,135.45215312499997,1.90815e-08
154.05,0.0,135.45190312499997,1.80929e-08
154.05,0.0,135.45165312499998,1.723625e-08
154.05,0.0,135.45140312499998,1.616985e-08
154.05,0.0,135.45115312499996,1.56226e-08
154.05,0.0,135.45090312499997,1.445905e-08
154.05,0.0,135.45065312499997,1.36853e-08
154.05,0.0,135.45040312499998,1.272255e-08
154.05,0.0,135.45015312499999,1.120525e-08
154.05,0.0,135.44990312499996,1.013101e-08
154.05,0.0,135.44965312499997,9.22666e-09
154.05,0.0,135.44940312499998,7.986985e-09
154.05,0.0,135.44915312499998,7.37646e-09
154.05,0.0,135.448903125,6.242125000000001e-09
154.05,0.0,135.44865312499996,5.022565e-09
154.05,0.0,135.44840312499997,3.96092e-09
154.05,0.0,135.44815312499998,3.21515e-09
154.05,0.0,135.44790312499998,2.48302e-09
154.05,0.0,135.44765312499996,1.752815e-09
154.05,0.0,135.44740312499997,9.83395e-10
154.05,0.0,135.44715312499997,4.15019e-10
154.05,0.0,135.44690312499998,-1.5959855e-10
154.05,0.0,135.44665312499998,-6.095670000000001e-10
154.05,0.0,135.44640312499996,-9.49314e-10
154.05,0.0,135.44615312499997,-1.13561e-09
154.05,0.0,135.44590312499997,-1.10606e-09
154.05,0.0,135.44565312499998,-1.586135e-09
154.05,0.0,135.44540312499998,-2.00565e-09
162.045,0.0,136.44765312499996,7.1278533333333345e-09
162.045,0.0,136.44740312499997,8.020733333333333e-09
162.045,0.0,136.44715312499997,9.076125e-09
162.045,0.0,136.44690312499998,1.043515e-08
162.045,0.0,136.44665312499998,1.09241e-08
162.045,0.0,136.44640312499996,1.204135e-08
162.045,0.0,136.44615312499997,1.2436e-08
162.045,0.0,136.44590312499997,1.337445e-08
162.045,0.0,136.44565312499998,1.42533e-08
162.045,0.0,136.44540312499998,1.45598e-08
162.045,0.0,136.44515312499996,1.52113e-08
162.045,0.0,136.44490312499997,1.52723e-08
162.045,0.0,136.44465312499997,1.56235e-08
162.045,0.0,136.44440312499998,1.6626900000000002e-08
162.045,0.0,136.44415312499999,1.86916e-08
162.045,0.0,136.44390312499996,2.006435e-08
162.045,0.0,136.44365312499997,2.08284e-08
162.045,0.0,136.44340312499997,2.205295e-08
162.045,0.0,136.44315312499998,2.2334e-08
162.045,0.0,136.442903125,2.293595e-08
162.045,0.0,136.44265312499996,2.438335e-08
162.045,0.0,136.44240312499997,2.54681e-08
162.045,0.0,136.44215312499998,2.64795e-08
162.045,0.0,136.44190312499998,2.81883e-08
162.045,0.0,136.44165312499996,2.95801e-08
162.045,0.0,136.44140312499997,3.0061e-08
162.045,0.0,136.44115312499997,3.011545e-08
162.045,0.0,136.44090312499998,3.03966e-08
162.045,0.0,136.44065312499998,3.14561e-08
162.045,0.0,136.44040312499996,3.2279233333333344e-08
162.045,0.0,136.44015312499997,3.3763750000000003e-08
162.045,0.0,136.43990312499997,3.5554650000000004e-08
162.045,0.0,136.43965312499998,3.64698e-08
162.045,0.0,136.43940312499998,3.6784550000000004e-08
162.045,0.0,136.43915312499996,3.743435e-08
162.045,0.0,136.43890312499997,3.93647e-08
162.045,0.0,136.43865312499997,3.91862e-08
162.045,0.0,136.43840312499998,3.9606266666666674e-08
162.045,0.0,136.43815312499999,4.005455e-08
162.045,0.0,136.43790312499996,4.047490000000001e-08
162.045,0.0,136.43765312499997,4.06924e-08
162.045,0.0,136.43740312499997,4.069975e-08
162.045,0.0,136.43715312499998,4.095935e-08
162.045,0.0,136.436903125,4.090445e-08
162.045,0.0,136.43665312499996,4.109e-08
162.045,0.0,136.43640312499997,4.10507e-08
162.045,0.0,136.43615312499998,4.11888e-08
162.045,0.0,136.43590312499998,4.12481e-08
162.045,0.0,136.43565312499996,4.15775e-08
162.045,0.0,136.43540312499997,4.160585e-08
162.045,0.0,136.43515312499997,4.15381e-08
162.045,0.0,136.43490312499998,4.23783e-08
162.045,0.0,136.43465312499998,4.27482e-08
162.045,0.0,136.43440312499996,4.259865e-08
162.045,0.0,136.43415312499997,4.256985e-08
162.045,0.0,136.43390312499997,4.26711e-08
162.045,0.0,136.43365312499998,4.31581e-08
162.045,0.0,136.43340312499998,4.36055e-08
162.045,0.0,136.43315312499996,4.364995e-08
162.045,0.0,136.43290312499997,4.36325e-08
162.045,0.0,136.43265312499997,4.389835e-08
162.045,0.0,136.43240312499998,4.42334e-08
162.045,0.0,136.43215312499999,4.42322e-08
162.045,0.0,136.43190312499996,4.537255e-08
162.045,0.0,136.43165312499997,4.50786e-08
162.045,0.0,136.43140312499997,4.5113066666666674e-08
162.045,0.0,136.43115312499998,4.502915e-08
162.045,0.0,136.430903125,4.50421e-08
162.045,0.0,136.43065312499996,4.538585e-08
162.045,0.0,136.43040312499997,4.50555e-08
162.045,0.0,136.43015312499998,4.48376e-08
162.045,0.0,136.42990312499998,4.5085e-08
162.045,0.0,136.42965312499996,4.471045e-08
162.045,0.0,136.42940312499996,4.473265e-08
162.045,0.0,136.42915312499997,4.50784e-08
162.045,0.0,136.42890312499998,4.47446e-08
162.045,0.0,136.42865312499998,4.49659e-08
162.045,0.0,136.42840312499996,4.461915e-08
162.045,0.0,136.42815312499997,4.43294e-08
162.045,0.0,136.42790312499997,4.36232e-08
162.045,0.0,136.42765312499998,4.43066e-08
162.045,0.0,136.42740312499998,4.46651e-08
162.045,0.0,136.42715312499996,4.42092e-08
162.045,0.0,136.42690312499997,4.4315050000000006e-08
162.045,0.0,136.42665312499997,4.45818e-08
162.045,0.0,136.42640312499998,4.434675e-08
162.045,0.0,136.42615312499998,4.40443e-08
162.045,0.0,136.42590312499996,4.34885e-08
162.045,0.0,136.42565312499997,4.420235e-08
162.045,0.0,136.42540312499997,4.37051e-08
162.045,0.0,136.42515312499998,4.373235e-08
162.045,0.0,136.424903125,4.38174e-08
162.045,0.0,136.42465312499996,4.33296e-08
162.045,0.0,136.42440312499997,4.359575e-08
162.045,0.0,136.42415312499998,4.4006850000000003e-08
162.045,0.0,136.42390312499998,4.45798e-08
162.045,0.0,136.423653125,4.417935e-08
162.045,0.0,136.42340312499996,4.37777e-08
162.045,0.0,136.42315312499997,4.42167e-08
162.045,0.0,136.42290312499998,4.50146e-08
162.045,0.0,136.42265312499998,4.51567e-08
162.045,0.0,136.42240312499996,4.527395e-08
162.045,0.0,136.42215312499997,4.55375e-08
162.045,0.0,136.42190312499997,4.5508600000000006e-08
162.045,0.0,136.42165312499998,4.556955e-08
162.045,0.0,136.42140312499998,4.47397e-08
162.045,0.0,136.42115312499996,4.466605e-08
162.045,0.0,136.42090312499997,4.45219e-08
162.045,0.0,136.42065312499997,4.451585e-08
162.045,0.0,136.42040312499998,4.4526e-08
162.045,0.0,136.42015312499998,4.38325e-08
162.045,0.0,136.41990312499996,4.43761e-08
162.045,0.0,136.41965312499997,4.440375e-08
162.045,0.0,136.41940312499997,4.359825e-08
162.045,0.0,136.41915312499998,4.40953e-08
162.045,0.0,136.41890312499999,4.36356e-08
162.045,0.0,136.41865312499996,4.34881e-08
162.045,0.0,136.41840312499997,4.33382e-08
162.045,0.0,136.41815312499998,4.34914e-08
162.045,0.0,136.41790312499998,4.323465e-08
162.045,0.0,136.417653125,4.30418e-08
162.045,0.0,136.41740312499996,4.253045e-08
162.045,0.0,136.41715312499997,4.29981e-08
162.045,0.0,136.41690312499998,4.22335e-08
162.045,0.0,136.41665312499998,4.222875e-08
162.045,0.0,136.41640312499996,4.216375e-08
162.045,0.0,136.41615312499997,4.229375e-08
162.045,0.0,136.41590312499997,4.234315e-08
162.045,0.0,136.41565312499998,4.201375e-08
162.045,0.0,136.41540312499998,4.148895e-08
162.045,0.0,136.41515312499996,4.18107e-08
162.045,0.0,136.41490312499997,4.18296e-08
162.045,0.0,136.41465312499997,4.171245e-08
162.045,0.0,136.41440312499998,4.18738e-08
162.045,0.0,136.41415312499998,4.14873e-08
162.045,0.0,136.41390312499996,4.16696e-08
162.045,0.0,136.41365312499997,4.07995e-08
162.045,0.0,136.41340312499997,4.008365e-08
162.045,0.0,136.41315312499998,4.065475e-08
162.045,0.0,136.41290312499999,4.00828e-08
162.045,0.0,136.41265312499996,4.05964e-08
162.045,0.0,136.41240312499997,3.96734e-08
162.045,0.0,136.41215312499997,4.00389e-08
162.045,0.0,136.41190312499998,4.024785e-08
162.045,0.0,136.411653125,3.96977e-08
162.045,0.0,136.41140312499996,3.9796050000000004e-08
162.045,0.0,136.41115312499997,3.9599e-08
162.045,0.0,136.41090312499998,3.953235e-08
162.045,0.0,136.41065312499998,3.970000000000001e-08
162.045,0.0,136.41040312499996,3.9911e-08
162.045,0.0,136.41015312499997,3.88025e-08
162.045,0.0,136.40990312499997,3.915475e-08
162.045,0.0,136.40965312499998,3.867635e-08
162.045,0.0,136.40940312499998,3.806295e-08
162.045,0.0,136.40915312499996,3.834665e-08
162.045,0.0,136.40890312499997,3.85381e-08
162.045,0.0,136.40865312499997,3.766545000000001e-08
162.045,0.0,136.40840312499998,3.81889e-08
162.045,0.0,136.40815312499998,3.81404e-08
162.045,0.0,136.40790312499996,3.81818e-08
162.045,0.0,136.40765312499997,3.8317e-08
162.045,0.0,136.40740312499997,3.856615e-08
162.045,0.0,136.40715312499998,3.72431e-08
162.045,0.0,136.40690312499999,3.7814800000000014e-08
162.045,0.0,136.40665312499996,3.749385e-08
162.045,0.0,136.40640312499997,3.771965e-08
162.045,0.0,136.40615312499997,3.75268e-08
162.045,0.0,136.40590312499998,3.754195e-08
162.045,0.0,136.405653125,3.788725e-08
162.045,0.0,136.40540312499996,3.684785e-08
162.045,0.0,136.40515312499997,3.71522e-08
162.045,0.0,136.40490312499998,3.645765e-08
162.045,0.0,136.40465312499998,3.688995e-08
162.045,0.0,136.40440312499996,3.652785e-08
162.045,0.0,136.40415312499997,3.633365e-08
162.045,0.0,136.40390312499997,3.652805e-08
162.045,0.0,136.40365312499998,3.621665e-08
162.045,0.0,136.40340312499998,3.648095e-08
162.045,0.0,136.40315312499996,3.6817e-08
162.045,0.0,136.40290312499997,3.63962e-08
162.045,0.0,136.40265312499997,3.60096e-08
162.045,0.0,136.40240312499998,3.511845e-08
162.045,0.0,136.40215312499998,3.575455e-08
162.045,0.0,136.40190312499996,3.4932049999999994e-08
162.045,0.0,136.40165312499997,3.530725e-08
162.045,0.0,136.40140312499997,3.551e-08
162.045,0.0,136.40115312499998,3.52452e-08
162.045,0.0,136.40090312499999,3.52825e-08
162.045,0.0,136.40065312499996,3.51578e-08
162.045,0.0,136.40040312499997,3.49471e-08
162.045,0.0,136.40015312499997,3.48712e-08
162.045,0.0,136.39990312499998,3.4580300000000006e-08
162.045,0.0,136.399653125,3.438785e-08
162.045,0.0,136.39940312499996,3.41403e-08
162.045,0.0,136.39915312499997,3.26935e-08
162.045,0.0,136.39890312499998,3.450835e-08
162.045,0.0,136.39865312499998,3.465925e-08
162.045,0.0,136.39840312499996,3.445995e-08
162.045,0.0,136.39815312499996,3.46787e-08
162.045,0.0,136.39790312499997,3.40354e-08
162.045,0.0,136.39765312499998,3.3999266666666676e-08
162.045,0.0,136.39740312499998,3.4045e-08
162.045,0.0,136.39715312499996,3.397145e-08
162.045,0.0,136.39690312499997,3.388685e-08
162.045,0.0,136.39665312499997,3.4033199999999995e-08
162.045,0.0,136.39640312499998,3.394395e-08
162.045,0.0,136.39615312499998,3.36963e-08
162.045,0.0,136.39590312499996,3.4423e-08
162.045,0.0,136.39565312499997,3.4104049999999995e-08
162.045,0.0,136.39540312499997,3.333085e-08
162.045,0.0,136.39515312499998,3.36944e-08
162.045,0.0,136.39490312499998,3.38792e-08
162.045,0.0,136.39465312499996,3.338035e-08
162.045,0.0,136.39440312499997,3.37978e-08
162.045,0.0,136.39415312499997,3.351065e-08
162.045,0.0,136.39390312499998,3.39096e-08
162.045,0.0,136.393653125,3.32854e-08
162.045,0.0,136.39340312499996,3.36626e-08
162.045,0.0,136.39315312499997,3.35169e-08
162.045,0.0,136.39290312499998,3.262406666666666e-08
162.045,0.0,136.39265312499998,3.34207e-08
162.045,0.0,136.392403125,3.2482e-08
162.045,0.0,136.39215312499996,3.308765e-08
162.045,0.0,136.39190312499997,3.31739e-08
162.045,0.0,136.39165312499998,3.287185e-08
162.045,0.0,136.39140312499998,3.23155e-08
162.045,0.0,136.39115312499996,3.30287e-08
162.045,0.0,136.39090312499997,3.2225966666666674e-08
162.045,0.0,136.39065312499997,3.281765e-08
162.045,0.0,136.39040312499998,3.30881e-08
162.045,0.0,136.39015312499998,3.29621e-08
162.045,0.0,136.38990312499996,3.26778e-08
162.045,0.0,136.38965312499997,3.35119e-08
162.045,0.0,136.38940312499997,3.40021e-08
162.045,0.0,136.38915312499998,3.3087699999999995e-08
162.045,0.0,136.38890312499998,3.3164649999999994e-08
162.045,0.0,136.38865312499996,3.3048200000000003e-08
162.045,0.0,136.38840312499997,3.26205e-08
162.045,0.0,136.38815312499997,3.222725e-08
162.045,0.0,136.38790312499998,3.312705e-08
162.045,0.0,136.38765312499999,3.269905e-08
162.045,0.0,136.38740312499996,3.20955e-08
162.045,0.0,136.38715312499997,3.196865e-08
162.045,0.0,136.38690312499998,3.21815e-08
162.045,0.0,136.38665312499998,3.232085e-08
162.045,0.0,136.386403125,3.271015e-08
162.045,0.0,136.38615312499996,3.18479e-08
162.045,0.0,136.38590312499997,3.23248e-08
162.045,0.0,136.38565312499998,3.229935e-08
162.045,0.0,136.38540312499998,3.27835e-08
162.045,0.0,136.38515312499996,3.25191e-08
162.045,0.0,136.38490312499997,3.278005e-08
162.045,0.0,136.38465312499997,3.312185e-08
162.045,0.0,136.38440312499998,3.29789e-08
162.045,0.0,136.38415312499998,3.18694e-08
162.045,0.0,136.38390312499996,3.2426966666666664e-08
162.045,0.0,136.38365312499997,3.216685e-08
162.045,0.0,136.38340312499997,3.25587e-08
162.045,0.0,136.38315312499998,3.2194799999999994e-08
162.045,0.0,136.38290312499998,3.251215e-08
162.045,0.0,136.38265312499996,3.2622e-08
162.045,0.0,136.38240312499997,3.31592e-08
162.045,0.0,136.38215312499997,3.23625e-08
162.045,0.0,136.38190312499998,3.27728e-08
162.045,0.0,136.38165312499999,3.270115e-08
162.045,0.0,136.38140312499996,3.17171e-08
162.045,0.0,136.38115312499997,3.148445e-08
162.045,0.0,136.38090312499997,3.170065e-08
162.045,0.0,136.38065312499998,3.231205e-08
162.045,0.0,136.380403125,3.20452e-08
162.045,0.0,136.38015312499996,3.16559e-08
162.045,0.0,136.37990312499997,3.21003e-08
162.045,0.0,136.37965312499998,3.1598500000000003e-08
162.045,0.0,136.37940312499998,3.1381400000000003e-08
162.045,0.0,136.37915312499996,3.1710600000000003e-08
162.045,0.0,136.37890312499997,3.1722549999999994e-08
162.045,0.0,136.37865312499997,3.201805e-08
162.045,0.0,136.37840312499998,3.16471e-08
162.045,0.0,136.37815312499998,3.17897e-08
162.045,0.0,136.37790312499996,3.15279e-08
162.045,0.0,136.37765312499997,3.165295e-08
162.045,0.0,136.37740312499997,3.2066000000000004e-08
162.045,0.0,136.37715312499998,3.16871e-08
162.045,0.0,136.37690312499998,3.142605e-08
162.045,0.0,136.37665312499996,3.01877e-08
162.045,0.0,136.37640312499997,3.17261e-08
162.045,0.0,136.37615312499997,3.16058e-08
162.045,0.0,136.37590312499998,3.1724249999999994e-08
162.045,0.0,136.37565312499999,3.1149750000000004e-08
162.045,0.0,136.37540312499996,3.14584e-08
162.045,0.0,136.37515312499997,3.15755e-08
162.045,0.0,136.37490312499997,3.15949e-08
162.045,0.0,136.37465312499998,2.99945e-08
162.045,0.0,136.374403125,3.093725e-08
162.045,0.0,136.37415312499996,3.12181e-08
162.045,0.0,136.37390312499997,3.1588e-08
162.045,0.0,136.37365312499998,3.1836e-08
162.045,0.0,136.37340312499998,3.10183e-08
162.045,0.0,136.37315312499996,3.139245e-08
162.045,0.0,136.37290312499997,3.1555700000000005e-08
162.045,0.0,136.37265312499997,3.142055e-08
162.045,0.0,136.37240312499998,3.13678e-08
162.045,0.0,136.37215312499998,3.140425e-08
162.045,0.0,136.37190312499996,3.161885e-08
162.045,0.0,136.37165312499997,3.09962e-08
162.045,0.0,136.37140312499997,3.1158e-08
162.045,0.0,136.37115312499998,3.144405e-08
162.045,0.0,136.37090312499998,3.154205e-08
162.045,0.0,136.37065312499996,3.070785e-08
162.045,0.0,136.37040312499997,3.10334e-08
162.045,0.0,136.37015312499997,3.0910150000000005e-08
162.045,0.0,136.36990312499998,3.052975e-08
162.045,0.0,136.36965312499999,3.04279e-08
162.045,0.0,136.36940312499996,3.05679e-08
162.045,0.0,136.36915312499997,3.10149e-08
162.045,0.0,136.36890312499997,3.05347e-08
162.045,0.0,136.36865312499998,3.0257000000000004e-08
162.045,0.0,136.368403125,3.034085e-08
162.045,0.0,136.36815312499996,3.0228750000000005e-08
162.045,0.0,136.36790312499997,3.05295e-08
162.045,0.0,136.36765312499998,3.00784e-08
162.045,0.0,136.36740312499998,3.09385e-08
162.045,0.0,136.36715312499996,3.07546e-08
162.045,0.0,136.36690312499996,3.05989e-08
162.045,0.0,136.36665312499997,3.08133e-08
162.045,0.0,136.36640312499998,3.07914e-08
162.045,0.0,136.36615312499998,3.0533250000000006e-08
162.045,0.0,136.36590312499996,3.02787e-08
162.045,0.0,136.36565312499997,3.03813e-08
162.045,0.0,136.36540312499997,3.04791e-08
162.045,0.0,136.36515312499998,3.0934799999999995e-08
162.045,0.0,136.36490312499998,3.002715e-08
162.045,0.0,136.36465312499996,3.00724e-08
162.045,0.0,136.36440312499997,3.0138249999999995e-08
162.045,0.0,136.36415312499997,3.005255e-08
162.045,0.0,136.36390312499998,3.029535e-08
162.045,0.0,136.36365312499998,2.991355e-08
162.045,0.0,136.36340312499996,3.015115e-08
162.045,0.0,136.36315312499997,2.977355e-08
162.045,0.0,136.36290312499997,2.9849850000000004e-08
162.045,0.0,136.36265312499998,3.00612e-08
162.045,0.0,136.362403125,2.99989e-08
162.045,0.0,136.36215312499996,2.97931e-08
162.045,0.0,136.36190312499997,2.95212e-08
162.045,0.0,136.36165312499998,3.00149e-08
162.045,0.0,136.36140312499998,3.034723333333333e-08
162.045,0.0,136.361153125,3.02123e-08
162.045,0.0,136.36090312499996,3.0248499999999995e-08
162.045,0.0,136.36065312499997,3.00333e-08
162.045,0.0,136.36040312499998,3.026345e-08
162.045,0.0,136.36015312499998,3.009845e-08
162.045,0.0,136.35990312499996,2.97439e-08
162.045,0.0,136.35965312499997,2.98556e-08
162.045,0.0,136.35940312499997,3.007936666666667e-08
162.045,0.0,136.35915312499998,3.04694e-08
162.045,0.0,136.35890312499998,3.03676e-08
162.045,0.0,136.35865312499996,2.88609e-08
162.045,0.0,136.35840312499997,2.965355e-08
162.045,0.0,136.35815312499997,2.960085e-08
162.045,0.0,136.35790312499998,2.986425e-08
162.045,0.0,136.35765312499998,2.98626e-08
162.045,0.0,136.35740312499996,3.06005e-08
162.045,0.0,136.35715312499997,3.03127e-08
162.045,0.0,136.35690312499997,2.986365e-08
162.045,0.0,136.35665312499998,2.9971250000000004e-08
162.045,0.0,136.35640312499999,3.07716e-08
162.045,0.0,136.35615312499996,2.962715e-08
162.045,0.0,136.35590312499997,3.01514e-08
162.045,0.0,136.35565312499998,3.008895e-08
162.045,0.0,136.35540312499998,3.043585e-08
162.045,0.0,136.355153125,2.943495e-08
162.045,0.0,136.35490312499996,3.040785e-08
162.045,0.0,136.35465312499997,2.967595e-08
162.045,0.0,136.35440312499998,2.8979200000000002e-08
162.045,0.0,136.35415312499998,3.01842e-08
162.045,0.0,136.35390312499996,3.00669e-08
162.045,0.0,136.35365312499997,2.96512e-08
162.045,0.0,136.35340312499997,3.065355e-08
162.045,0.0,136.35315312499998,2.9646e-08
162.045,0.0,136.35290312499998,2.953905e-08
162.045,0.0,136.35265312499996,2.9702850000000003e-08
162.045,0.0,136.35240312499997,2.98813e-08
162.045,0.0,136.35215312499997,3.00124e-08
162.045,0.0,136.35190312499998,3.09675e-08
162.045,0.0,136.35165312499998,2.956395e-08
162.045,0.0,136.35140312499996,2.994355e-08
162.045,0.0,136.35115312499997,2.941665e-08
162.045,0.0,136.35090312499997,2.92598e-08
162.045,0.0,136.35065312499998,2.986715e-08
162.045,0.0,136.35040312499999,2.91459e-08
162.045,0.0,136.35015312499996,2.945215e-08
162.045,0.0,136.34990312499997,2.95954e-08
162.045,0.0,136.34965312499997,2.962995e-08
162.045,0.0,136.34940312499998,2.936675e-08
162.045,0.0,136.349153125,2.98843e-08
162.045,0.0,136.34890312499996,2.98596e-08
162.045,0.0,136.34865312499997,2.922965e-08
162.045,0.0,136.34840312499998,3.0001799999999995e-08
162.045,0.0,136.34815312499998,2.955305e-08
162.045,0.0,136.34790312499996,2.985325e-08
162.045,0.0,136.34765312499997,2.9367750000000002e-08
162.045,0.0,136.34740312499997,2.96314e-08
162.045,0.0,136.34715312499998,2.992725e-08
162.045,0.0,136.34690312499998,2.96946e-08
162.045,0.0,136.34665312499996,2.97513e-08
162.045,0.0,136.34640312499997,2.9998099999999994e-08
162.045,0.0,136.34615312499997,2.96407e-08
162.045,0.0,136.34590312499998,2.980865e-08
162.045,0.0,136.34565312499998,2.97477e-08
162.045,0.0,136.34540312499996,2.99543e-08
162.045,0.0,136.34515312499997,2.95763e-08
162.045,0.0,136.34490312499997,2.98298e-08
162.045,0.0,136.34465312499998,2.944685e-08
162.045,0.0,136.34440312499999,2.98552e-08
162.045,0.0,136.34415312499996,3.031145e-08
162.045,0.0,136.34390312499997,3.08057e-08
162.045,0.0,136.34365312499997,2.98476e-08
162.045,0.0,136.34340312499998,2.8923e-08
162.045,0.0,136.343153125,2.95766e-08
162.045,0.0,136.34290312499996,2.928675e-08
162.045,0.0,136.34265312499997,2.971235e-08
162.045,0.0,136.34240312499998,2.96076e-08
162.045,0.0,136.34215312499998,2.94527e-08
162.045,0.0,136.34190312499996,3.01724e-08
162.045,0.0,136.34165312499997,2.9551200000000002e-08
162.045,0.0,136.34140312499997,2.96179e-08
162.045,0.0,136.34115312499998,2.970975e-08
162.045,0.0,136.34090312499998,2.965575e-08
162.045,0.0,136.34065312499996,2.934185e-08
162.045,0.0,136.34040312499997,2.98559e-08
162.045,0.0,136.34015312499997,2.999755e-08
162.045,0.0,136.33990312499998,2.96979e-08
162.045,0.0,136.33965312499998,2.988855e-08
162.045,0.0,136.33940312499996,3.04577e-08
162.045,0.0,136.33915312499997,2.9151e-08
162.045,0.0,136.33890312499997,2.917475e-08
162.045,0.0,136.33865312499998,2.981385e-08
162.045,0.0,136.33840312499999,2.890985e-08
162.045,0.0,136.33815312499996,2.93507e-08
162.045,0.0,136.33790312499997,2.903775e-08
162.045,0.0,136.33765312499997,2.90128e-08
162.045,0.0,136.33740312499998,2.867885e-08
162.045,0.0,136.337153125,2.870635e-08
162.045,0.0,136.33690312499996,2.936835e-08
162.045,0.0,136.33665312499997,2.89488e-08
162.045,0.0,136.33640312499998,2.963395e-08
162.045,0.0,136.33615312499998,2.95998e-08
162.045,0.0,136.33590312499996,2.94493e-08
162.045,0.0,136.33565312499996,2.93902e-08
162.045,0.0,136.33540312499997,2.86055e-08
162.045,0.0,136.33515312499998,2.93631e-08
162.045,0.0,136.33490312499998,2.90701e-08
162.045,0.0,136.33465312499996,2.8741300000000002e-08
162.045,0.0,136.33440312499997,2.87844e-08
162.045,0.0,136.33415312499997,2.87445e-08
162.045,0.0,136.33390312499998,2.82078e-08
162.045,0.0,136.33365312499998,2.874635e-08
162.045,0.0,136.33340312499996,2.85288e-08
162.045,0.0,136.33315312499997,2.70274e-08
162.045,0.0,136.33290312499997,2.82354e-08
162.045,0.0,136.33265312499998,2.837775e-08
162.045,0.0,136.33240312499998,2.82435e-08
162.045,0.0,136.33215312499996,2.8538e-08
162.045,0.0,136.33190312499997,2.84045e-08
162.045,0.0,136.33165312499997,2.879315e-08
162.045,0.0,136.33140312499998,2.88469e-08
162.045,0.0,136.331153125,2.83775e-08
162.045,0.0,136.33090312499996,2.866075e-08
162.045,0.0,136.33065312499997,2.83722e-08
162.045,0.0,136.33040312499998,2.87461e-08
162.045,0.0,136.33015312499998,2.854995e-08
162.045,0.0,136.329903125,2.79919e-08
162.045,0.0,136.32965312499996,2.83337e-08
162.045,0.0,136.32940312499997,2.81728e-08
162.045,0.0,136.32915312499998,2.83831e-08
162.045,0.0,136.32890312499998,2.829315e-08
162.045,0.0,136.32865312499996,2.82446e-08
162.045,0.0,136.32840312499997,2.822555e-08
162.045,0.0,136.32815312499997,2.81932e-08
162.045,0.0,136.32790312499998,2.8140600000000002e-08
162.045,0.0,136.32765312499998,2.850435e-08
162.045,0.0,136.32740312499996,2.851785e-08
162.045,0.0,136.32715312499997,2.93035e-08
162.045,0.0,136.32690312499997,2.842855e-08
162.045,0.0,136.32665312499998,2.853455e-08
162.045,0.0,136.32640312499998,2.832655e-08
162.045,0.0,136.32615312499996,2.81021e-08
162.045,0.0,136.32590312499997,2.83638e-08
162.045,0.0,136.32565312499997,2.76492e-08
162.045,0.0,136.32540312499998,2.7491933333333333e-08
162.045,0.0,136.32515312499999,2.79216e-08
162.045,0.0,136.32490312499996,2.77776e-08
162.045,0.0,136.32465312499997,2.735815e-08
162.045,0.0,136.32440312499998,2.795985e-08
162.045,0.0,136.32415312499998,2.73861e-08
162.045,0.0,136.323903125,2.779675e-08
162.045,0.0,136.32365312499996,2.78254e-08
162.045,0.0,136.32340312499997,2.796325e-08
162.045,0.0,136.32315312499998,2.78803e-08
162.045,0.0,136.32290312499998,2.744225e-08
162.045,0.0,136.32265312499996,2.685545e-08
162.045,0.0,136.32240312499997,2.767475e-08
162.045,0.0,136.32215312499997,2.75569e-08
162.045,0.0,136.32190312499998,2.79339e-08
162.045,0.0,136.32165312499998,2.77441e-08
162.045,0.0,136.32140312499996,2.73553e-08
162.045,0.0,136.32115312499997,2.78142e-08
162.045,0.0,136.32090312499997,2.7743866666666672e-08
162.045,0.0,136.32065312499998,2.75958e-08
162.045,0.0,136.32040312499998,2.81338e-08
162.045,0.0,136.32015312499996,2.802835e-08
162.045,0.0,136.31990312499997,2.817765e-08
162.045,0.0,136.31965312499997,2.783855e-08
162.045,0.0,136.31940312499998,2.76297e-08
162.045,0.0,136.31915312499999,2.7592e-08
162.045,0.0,136.31890312499996,2.79468e-08
162.045,0.0,136.31865312499997,2.7641966666666664e-08
162.045,0.0,136.31840312499997,2.70978e-08
162.045,0.0,136.31815312499998,2.795325e-08
162.045,0.0,136.317903125,2.746455e-08
162.045,0.0,136.31765312499996,2.79689e-08
162.045,0.0,136.31740312499997,2.74611e-08
162.045,0.0,136.31715312499998,2.83229e-08
162.045,0.0,136.31690312499998,2.77849e-08
162.045,0.0,136.31665312499996,2.798765e-08
162.045,0.0,136.31640312499997,2.859695e-08
162.045,0.0,136.31615312499997,2.82879e-08
162.045,0.0,136.31590312499998,2.781665e-08
162.045,0.0,136.31565312499998,2.739745e-08
162.045,0.0,136.31540312499996,2.73666e-08
162.045,0.0,136.31515312499997,2.750485e-08
162.045,0.0,136.31490312499997,2.746835e-08
162.045,0.0,136.31465312499998,2.7482750000000002e-08
162.045,0.0,136.31440312499998,2.79657e-08
162.045,0.0,136.31415312499996,2.73574e-08
162.045,0.0,136.31390312499997,2.757175e-08
162.045,0.0,136.31365312499997,2.731125e-08
162.045,0.0,136.31340312499998,2.70939e-08
162.045,0.0,136.31315312499999,2.671235e-08
162.045,0.0,136.31290312499996,2.7350950000000002e-08
162.045,0.0,136.31265312499997,2.73747e-08
162.045,0.0,136.31240312499997,2.69612e-08
162.045,0.0,136.31215312499998,2.702625e-08
162.045,0.0,136.311903125,2.7167933333333333e-08
162.045,0.0,136.31165312499996,2.70211e-08
162.045,0.0,136.31140312499997,2.68583e-08
162.045,0.0,136.31115312499998,2.731085e-08
162.045,0.0,136.31090312499998,2.7068e-08
162.045,0.0,136.31065312499996,2.692625e-08
162.045,0.0,136.31040312499997,2.65635e-08
162.045,0.0,136.31015312499997,2.67352e-08
162.045,0.0,136.30990312499998,2.707375e-08
162.045,0.0,136.30965312499998,2.71401e-08
162.045,0.0,136.30940312499996,2.73332e-08
162.045,0.0,136.30915312499997,2.6885e-08
162.045,0.0,136.30890312499997,2.697935e-08
162.045,0.0,136.30865312499998,2.82788e-08
162.045,0.0,136.30840312499998,2.67568e-08
162.045,0.0,136.30815312499996,2.702085e-08
162.045,0.0,136.30790312499997,2.693555e-08
162.045,0.0,136.30765312499997,2.7118800000000002e-08
162.045,0.0,136.30740312499998,2.671455e-08
162.045,0.0,136.30715312499999,2.71063e-08
162.045,0.0,136.30690312499996,2.69124e-08
162.045,0.0,136.30665312499997,2.671685e-08
162.045,0.0,136.30640312499997,2.72361e-08
162.045,0.0,136.30615312499998,2.73073e-08
162.045,0.0,136.305903125,2.69804e-08
162.045,0.0,136.30565312499996,2.738295e-08
162.045,0.0,136.30540312499997,2.6932e-08
162.045,0.0,136.30515312499998,2.660515e-08
162.045,0.0,136.30490312499998,2.678095e-08
162.045,0.0,136.30465312499996,2.681785e-08
162.045,0.0,136.30440312499996,2.7291e-08
162.045,0.0,136.30415312499997,2.70039e-08
162.045,0.0,136.30390312499998,2.718215e-08
162.045,0.0,136.30365312499998,2.706145e-08
162.045,0.0,136.30340312499996,2.75441e-08
162.045,0.0,136.30315312499997,2.702705e-08
162.045,0.0,136.30290312499997,2.745105e-08
162.045,0.0,136.30265312499998,2.68235e-08
162.045,0.0,136.30240312499998,2.7045250000000002e-08
162.045,0.0,136.30215312499996,2.670775e-08
162.045,0.0,136.30190312499997,2.682685e-08
162.045,0.0,136.30165312499997,2.694415e-08
162.045,0.0,136.30140312499998,2.60818e-08
162.045,0.0,136.30115312499998,2.684315e-08
162.045,0.0,136.30090312499996,2.709905e-08
162.045,0.0,136.30065312499997,2.704695e-08
162.045,0.0,136.30040312499997,2.716345e-08
162.045,0.0,136.30015312499998,2.72329e-08
162.045,0.0,136.299903125,2.68843e-08
162.045,0.0,136.29965312499996,2.72835e-08
162.045,0.0,136.29940312499997,2.666415e-08
162.045,0.0,136.29915312499998,2.6880050000000006e-08
162.045,0.0,136.29890312499998,2.687925e-08
162.045,0.0,136.298653125,2.72534e-08
162.045,0.0,136.29840312499996,2.743575e-08
162.045,0.0,136.29815312499997,2.73432e-08
162.045,0.0,136.29790312499998,2.75119e-08
162.045,0.0,136.29765312499998,2.70058e-08
162.045,0.0,136.29740312499996,2.724445e-08
162.045,0.0,136.29715312499997,2.7641e-08
162.045,0.0,136.29690312499997,2.718375e-08
162.045,0.0,136.29665312499998,2.72912e-08
162.045,0.0,136.29640312499998,2.67062e-08
162.045,0.0,136.29615312499996,2.7221000000000006e-08
162.045,0.0,136.29590312499997,2.765855e-08
162.045,0.0,136.29565312499997,2.78747e-08
162.045,0.0,136.29540312499998,2.714485e-08
162.045,0.0,136.29515312499998,2.82246e-08
162.045,0.0,136.29490312499996,2.767205e-08
162.045,0.0,136.29465312499997,2.71926e-08
162.045,0.0,136.29440312499997,2.757125e-08
162.045,0.0,136.29415312499998,2.7695e-08
162.045,0.0,136.29390312499999,2.76635e-08
162.045,0.0,136.29365312499996,2.79329e-08
162.045,0.0,136.29340312499997,2.75877e-08
162.045,0.0,136.29315312499998,2.785395e-08
162.045,0.0,136.29290312499998,2.747335e-08
162.045,0.0,136.292653125,2.76992e-08
162.045,0.0,136.29240312499996,2.755965e-08
162.045,0.0,136.29215312499997,2.73444e-08
162.045,0.0,136.29190312499998,2.83433e-08
162.045,0.0,136.29165312499998,2.769755e-08
162.045,0.0,136.29140312499996,2.742675e-08
162.045,0.0,136.29115312499997,2.7566e-08
162.045,0.0,136.29090312499997,2.777955e-08
162.045,0.0,136.29065312499998,2.7676e-08
162.045,0.0,136.29040312499998,2.75378e-08
162.045,0.0,136.29015312499996,2.796295e-08
162.045,0.0,136.28990312499997,2.749345e-08
162.045,0.0,136.28965312499997,2.79334e-08
162.045,0.0,136.28940312499998,2.80881e-08
162.045,0.0,136.28915312499998,2.796525e-08
162.045,0.0,136.28890312499996,2.766e-08
162.045,0.0,136.28865312499997,2.80632e-08
162.045,0.0,136.28840312499997,2.8206150000000006e-08
162.045,0.0,136.28815312499998,2.777555e-08
162.045,0.0,136.28790312499999,2.79681e-08
162.045,0.0,136.28765312499996,2.78984e-08
162.045,0.0,136.28740312499997,2.77264e-08
162.045,0.0,136.28715312499997,2.78696e-08
162.045,0.0,136.28690312499998,2.74868e-08
162.045,0.0,136.286653125,2.79795e-08
162.045,0.0,136.28640312499996,2.80372e-08
162.045,0.0,136.28615312499997,2.7625e-08
162.045,0.0,136.28590312499998,2.8001150000000002e-08
162.045,0.0,136.28565312499998,2.80465e-08
162.045,0.0,136.28540312499996,2.761375e-08
162.045,0.0,136.28515312499997,2.789365e-08
162.045,0.0,136.28490312499997,2.748295e-08
162.045,0.0,136.28465312499998,2.78531e-08
162.045,0.0,136.28440312499998,2.79469e-08
162.045,0.0,136.28415312499996,2.771245e-08
162.045,0.0,136.28390312499997,2.76585e-08
162.045,0.0,136.28365312499997,2.78125e-08
162.045,0.0,136.28340312499998,2.7690200000000006e-08
162.045,0.0,136.28315312499998,2.79654e-08
162.045,0.0,136.28290312499996,2.81078e-08
162.045,0.0,136.28265312499997,2.80871e-08
162.045,0.0,136.28240312499997,2.7773650000000002e-08
162.045,0.0,136.28215312499998,2.79089e-08
162.045,0.0,136.28190312499999,2.74214e-08
162.045,0.0,136.28165312499996,2.78561e-08
162.045,0.0,136.28140312499997,2.782165e-08
162.045,0.0,136.28115312499997,2.814445e-08
162.045,0.0,136.28090312499998,2.791185e-08
162.045,0.0,136.280653125,2.7934e-08
162.045,0.0,136.28040312499996,2.7799350000000002e-08
162.045,0.0,136.28015312499997,2.8062033333333333e-08
162.045,0.0,136.27990312499998,2.73075e-08
162.045,0.0,136.27965312499998,2.793865e-08
162.045,0.0,136.27940312499996,2.776485e-08
162.045,0.0,136.27915312499997,2.803155e-08
162.045,0.0,136.27890312499997,2.8367e-08
162.045,0.0,136.27865312499998,2.79456e-08
162.045,0.0,136.27840312499998,2.787905e-08
162.045,0.0,136.27815312499996,2.794565e-08
162.045,0.0,136.27790312499997,2.824685e-08
162.045,0.0,136.27765312499997,2.800575e-08
162.045,0.0,136.27740312499998,2.812545e-08
162.045,0.0,136.27715312499998,2.81758e-08
162.045,0.0,136.27690312499996,2.80298e-08
162.045,0.0,136.27665312499997,2.798435e-08
162.045,0.0,136.27640312499997,2.79632e-08
162.045,0.0,136.27615312499998,2.78361e-08
162.045,0.0,136.27590312499999,2.7970450000000006e-08
162.045,0.0,136.27565312499996,2.778635e-08
162.045,0.0,136.27540312499997,2.821325e-08
162.045,0.0,136.27515312499997,2.765715e-08
162.045,0.0,136.27490312499998,2.78797e-08
162.045,0.0,136.274653125,2.77936e-08
162.045,0.0,136.27440312499996,2.801915e-08
162.045,0.0,136.27415312499997,2.835885e-08
162.045,0.0,136.27390312499998,2.815675e-08
162.045,0.0,136.27365312499998,2.82668e-08
162.045,0.0,136.27340312499996,2.839205e-08
162.045,0.0,136.27315312499996,2.82301e-08
162.045,0.0,136.27290312499997,2.80735e-08
162.045,0.0,136.27265312499998,2.854095e-08
162.045,0.0,136.27240312499998,2.797575e-08
162.045,0.0,136.27215312499996,2.813005e-08
162.045,0.0,136.27190312499997,2.73335e-08
162.045,0.0,136.27165312499997,2.7962e-08
162.045,0.0,136.27140312499998,2.843e-08
162.045,0.0,136.27115312499998,2.78624e-08
162.045,0.0,136.27090312499996,2.76436e-08
162.045,0.0,136.27065312499997,2.837415e-08
162.045,0.0,136.27040312499997,2.79365e-08
162.045,0.0,136.27015312499998,2.819895e-08
162.045,0.0,136.26990312499998,2.78022e-08
162.045,0.0,136.26965312499996,2.79005e-08
162.045,0.0,136.26940312499997,2.787705e-08
162.045,0.0,136.26915312499997,2.80898e-08
162.045,0.0,136.26890312499998,2.805525e-08
162.045,0.0,136.268653125,2.7048550000000002e-08
162.045,0.0,136.26840312499996,2.788205e-08
162.045,0.0,136.26815312499997,2.793135e-08
162.045,0.0,136.26790312499998,2.7803e-08
162.045,0.0,136.26765312499998,2.7797e-08
162.045,0.0,136.267403125,2.76319e-08
162.045,0.0,136.26715312499996,2.729115e-08
162.045,0.0,136.26690312499997,2.77353e-08
162.045,0.0,136.26665312499998,2.77154e-08
162.045,0.0,136.26640312499998,2.78661e-08
162.045,0.0,136.26615312499996,2.759235e-08
162.045,0.0,136.26590312499997,2.77422e-08
162.045,0.0,136.26565312499997,2.79281e-08
162.045,0.0,136.26540312499998,2.76801e-08
162.045,0.0,136.26515312499998,2.78873e-08
162.045,0.0,136.26490312499996,2.81161e-08
162.045,0.0,136.26465312499997,2.75433e-08
162.045,0.0,136.26440312499997,2.7877666666666664e-08
162.045,0.0,136.26415312499998,2.79123e-08
162.045,0.0,136.26390312499998,2.776045e-08
162.045,0.0,136.26365312499996,2.756555e-08
162.045,0.0,136.26340312499997,2.77914e-08
162.045,0.0,136.26315312499997,2.77549e-08
162.045,0.0,136.26290312499998,2.80383e-08
162.045,0.0,136.26265312499999,2.81635e-08
162.045,0.0,136.26240312499996,2.80361e-08
162.045,0.0,136.26215312499997,2.803125e-08
162.045,0.0,136.26190312499998,2.76167e-08
162.045,0.0,136.26165312499998,2.77594e-08
162.045,0.0,136.261403125,2.743185e-08
162.045,0.0,136.26115312499996,2.8047e-08
162.045,0.0,136.26090312499997,2.8044350000000002e-08
162.045,0.0,136.26065312499998,2.79007e-08
162.045,0.0,136.26040312499998,2.792785e-08
162.045,0.0,136.26015312499996,2.8001e-08
162.045,0.0,136.25990312499997,2.74289e-08
162.045,0.0,136.25965312499997,2.817295e-08
162.045,0.0,136.25940312499998,2.835165e-08
162.045,0.0,136.25915312499998,2.82503e-08
162.045,0.0,136.25890312499996,2.866805e-08
162.045,0.0,136.25865312499997,2.83337e-08
162.045,0.0,136.25840312499997,2.80986e-08
162.045,0.0,136.25815312499998,2.805295e-08
162.045,0.0,136.25790312499998,2.760035e-08
162.045,0.0,136.25765312499996,2.80771e-08
162.045,0.0,136.25740312499997,2.77841e-08
162.045,0.0,136.25715312499997,2.83872e-08
162.045,0.0,136.25690312499998,2.816885e-08
162.045,0.0,136.25665312499999,2.81289e-08
162.045,0.0,136.25640312499996,2.82635e-08
162.045,0.0,136.25615312499997,2.82337e-08
162.045,0.0,136.25590312499997,2.76351e-08
162.045,0.0,136.25565312499998,2.839845e-08
162.045,0.0,136.255403125,2.865605e-08
162.045,0.0,136.25515312499996,2.79877e-08
162.045,0.0,136.25490312499997,2.826605e-08
162.045,0.0,136.25465312499998,2.873625e-08
162.045,0.0,136.25440312499998,2.8164e-08
162.045,0.0,136.25415312499996,2.8118e-08
162.045,0.0,136.25390312499997,2.80633e-08
162.045,0.0,136.25365312499997,2.815015e-08
162.045,0.0,136.25340312499998,2.84073e-08
162.045,0.0,136.25315312499998,2.84632e-08
162.045,0.0,136.25290312499996,2.8485400000000002e-08
162.045,0.0,136.25265312499997,2.8250800000000002e-08
162.045,0.0,136.25240312499997,2.85293e-08
162.045,0.0,136.25215312499998,2.86389e-08
162.045,0.0,136.25190312499998,2.84059e-08
162.045,0.0,136.25165312499996,2.81762e-08
162.045,0.0,136.25140312499997,2.87591e-08
162.045,0.0,136.25115312499997,2.83926e-08
162.045,0.0,136.25090312499998,2.83474e-08
162.045,0.0,136.25065312499999,2.84355e-08
162.045,0.0,136.25040312499996,2.85317e-08
162.045,0.0,136.25015312499997,2.83547e-08
162.045,0.0,136.24990312499997,2.84386e-08
162.045,0.0,136.24965312499998,2.84835e-08
162.045,0.0,136.249403125,2.816045e-08
162.045,0.0,136.24915312499996,2.86674e-08
162.045,0.0,136.24890312499997,2.8683233333333333e-08
162.045,0.0,136.24865312499998,2.870265e-08
162.045,0.0,136.24840312499998,2.84628e-08
162.045,0.0,136.24815312499996,2.85715e-08
162.045,0.0,136.24790312499997,2.876445e-08
162.045,0.0,136.24765312499997,2.84955e-08
162.045,0.0,136.24740312499998,2.8497050000000003e-08
162.045,0.0,136.24715312499998,2.7872e-08
162.045,0.0,136.24690312499996,2.81139e-08
162.045,0.0,136.24665312499997,2.83445e-08
162.045,0.0,136.24640312499997,2.85756e-08
162.045,0.0,136.24615312499998,2.85531e-08
162.045,0.0,136.24590312499998,2.872435e-08
162.045,0.0,136.24565312499996,2.852165e-08
162.045,0.0,136.24540312499997,2.87125e-08
162.045,0.0,136.24515312499997,2.80226e-08
162.045,0.0,136.24490312499998,2.82719e-08
162.045,0.0,136.24465312499999,2.81118e-08
162.045,0.0,136.24440312499996,2.84978e-08
162.045,0.0,136.24415312499997,2.836775e-08
162.045,0.0,136.24390312499997,2.846795e-08
162.045,0.0,136.24365312499998,2.83546e-08
162.045,0.0,136.243403125,2.8435e-08
162.045,0.0,136.24315312499996,2.80068e-08
162.045,0.0,136.24290312499997,2.785775e-08
162.045,0.0,136.24265312499998,2.82096e-08
162.045,0.0,136.24240312499998,2.87348e-08
162.045,0.0,136.24215312499996,2.83118e-08
162.045,0.0,136.24190312499996,2.78709e-08
162.045,0.0,136.24165312499997,2.783273333333333e-08
162.045,0.0,136.24140312499998,2.82932e-08
162.045,0.0,136.24115312499998,2.816855e-08
162.045,0.0,136.24090312499996,2.8064800000000006e-08
162.045,0.0,136.24065312499997,2.81832e-08
162.045,0.0,136.24040312499997,2.8115e-08
162.045,0.0,136.24015312499998,2.8048650000000006e-08
162.045,0.0,136.23990312499998,2.839275e-08
162.045,0.0,136.23965312499996,2.8381200000000002e-08
162.045,0.0,136.23940312499997,2.81645e-08
162.045,0.0,136.23915312499997,2.82882e-08
162.045,0.0,136.23890312499998,2.822525e-08
162.045,0.0,136.23865312499998,2.794905e-08
162.045,0.0,136.23840312499996,2.79252e-08
162.045,0.0,136.23815312499997,2.793595e-08
162.045,0.0,136.23790312499997,2.731695e-08
162.045,0.0,136.23765312499998,2.79717e-08
162.045,0.0,136.237403125,2.792755e-08
162.045,0.0,136.23715312499996,2.77817e-08
162.045,0.0,136.23690312499997,2.805085e-08
162.045,0.0,136.23665312499998,2.759625e-08
162.045,0.0,136.23640312499998,2.83205e-08
162.045,0.0,136.236153125,2.776065e-08
162.045,0.0,136.23590312499996,2.806135e-08
162.045,0.0,136.23565312499997,2.799675e-08
162.045,0.0,136.23540312499998,2.8088650000000002e-08
162.045,0.0,136.23515312499998,2.7749050000000002e-08
162.045,0.0,136.23490312499996,2.79392e-08
162.045,0.0,136.23465312499997,2.7722000000000002e-08
162.045,0.0,136.23440312499997,2.79116e-08
162.045,0.0,136.23415312499998,2.7603050000000002e-08
162.045,0.0,136.23390312499998,2.777875e-08
162.045,0.0,136.23365312499996,2.80986e-08
162.045,0.0,136.23340312499997,2.81393e-08
162.045,0.0,136.23315312499997,2.793455e-08
162.045,0.0,136.23290312499998,2.80494e-08
162.045,0.0,136.23265312499998,2.802665e-08
162.045,0.0,136.23240312499996,2.78873e-08
162.045,0.0,136.23215312499997,2.759725e-08
162.045,0.0,136.23190312499997,2.77733e-08
162.045,0.0,136.23165312499998,2.787245e-08
162.045,0.0,136.23140312499999,2.85279e-08
162.045,0.0,136.23115312499996,2.777025e-08
162.045,0.0,136.23090312499997,2.772545e-08
162.045,0.0,136.23065312499998,2.77277e-08
162.045,0.0,136.23040312499998,2.79e-08
162.045,0.0,136.230153125,2.78651e-08
162.045,0.0,136.22990312499996,2.791705e-08
162.045,0.0,136.22965312499997,2.80604e-08
162.045,0.0,136.22940312499998,2.79175e-08
162.045,0.0,136.22915312499998,2.8004e-08
162.045,0.0,136.22890312499996,2.762805e-08
162.045,0.0,136.22865312499997,2.7660450000000002e-08
162.045,0.0,136.22840312499997,2.768575e-08
162.045,0.0,136.22815312499998,2.738915e-08
162.045,0.0,136.22790312499998,2.760355e-08
162.045,0.0,136.22765312499996,2.748505e-08
162.045,0.0,136.22740312499997,2.77646e-08
162.045,0.0,136.22715312499997,2.798085e-08
162.045,0.0,136.22690312499998,2.774535e-08
162.045,0.0,136.22665312499998,2.77831e-08
162.045,0.0,136.22640312499996,2.81751e-08
162.045,0.0,136.22615312499997,2.78418e-08
162.045,0.0,136.22590312499997,2.73908e-08
162.045,0.0,136.22565312499998,2.77997e-08
162.045,0.0,136.22540312499999,2.7728000000000002e-08
162.045,0.0,136.22515312499996,2.780255e-08
162.045,0.0,136.22490312499997,2.7785900000000006e-08
162.045,0.0,136.22465312499997,2.76714e-08
162.045,0.0,136.22440312499998,2.77391e-08
162.045,0.0,136.224153125,2.7583100000000002e-08
162.045,0.0,136.22390312499996,2.727525e-08
162.045,0.0,136.22365312499997,2.787765e-08
162.045,0.0,136.22340312499998,2.78845e-08
162.045,0.0,136.22315312499998,2.817635e-08
162.045,0.0,136.22290312499996,2.79714e-08
162.045,0.0,136.22265312499997,2.83078e-08
162.045,0.0,136.22240312499997,2.777685e-08
162.045,0.0,136.22215312499998,2.784825e-08
162.045,0.0,136.22190312499998,2.7939350000000002e-08
162.045,0.0,136.22165312499996,2.765325e-08
162.045,0.0,136.22140312499997,2.806065e-08
162.045,0.0,136.22115312499997,2.773245e-08
162.045,0.0,136.22090312499998,2.784755e-08
162.045,0.0,136.22065312499998,2.77148e-08
162.045,0.0,136.22040312499996,2.80074e-08
162.045,0.0,136.22015312499997,2.806375e-08
162.045,0.0,136.21990312499997,2.8193550000000003e-08
162.045,0.0,136.21965312499998,2.7852e-08
162.045,0.0,136.21940312499999,2.817075e-08
162.045,0.0,136.21915312499996,2.791195e-08
162.045,0.0,136.21890312499997,2.807445e-08
162.045,0.0,136.21865312499997,2.73494e-08
162.045,0.0,136.21840312499998,2.783855e-08
162.045,0.0,136.218153125,2.7831900000000002e-08
162.045,0.0,136.21790312499996,2.77153e-08
162.045,0.0,136.21765312499997,2.77609e-08
162.045,0.0,136.21740312499998,2.77158e-08
162.045,0.0,136.21715312499998,2.757265e-08
162.045,0.0,136.21690312499996,2.774165e-08
162.045,0.0,136.21665312499997,2.70877e-08
162.045,0.0,136.21640312499997,2.78536e-08
162.045,0.0,136.21615312499998,2.747205e-08
162.045,0.0,136.21590312499998,2.753245e-08
162.045,0.0,136.21565312499996,2.77772e-08
162.045,0.0,136.21540312499997,2.73533e-08
162.045,0.0,136.21515312499997,2.78804e-08
162.045,0.0,136.21490312499998,2.73781e-08
162.045,0.0,136.21465312499998,2.75017e-08
162.045,0.0,136.21440312499996,2.780495e-08
162.045,0.0,136.21415312499997,2.81445e-08
162.045,0.0,136.21390312499997,2.763625e-08
162.045,0.0,136.21365312499998,2.77113e-08
162.045,0.0,136.21340312499999,2.805535e-08
162.045,0.0,136.21315312499996,2.790665e-08
162.045,0.0,136.21290312499997,2.795225e-08
162.045,0.0,136.21265312499997,2.76425e-08
162.045,0.0,136.21240312499998,2.78334e-08
162.045,0.0,136.212153125,2.73849e-08
162.045,0.0,136.21190312499996,2.74232e-08
162.045,0.0,136.21165312499997,2.75047e-08
162.045,0.0,136.21140312499998,2.754605e-08
162.045,0.0,136.21115312499998,2.761715e-08
162.045,0.0,136.21090312499996,2.72253e-08
162.045,0.0,136.21065312499996,2.7465e-08
162.045,0.0,136.21040312499997,2.740175e-08
162.045,0.0,136.21015312499998,2.731385e-08
162.045,0.0,136.20990312499998,2.75234e-08
162.045,0.0,136.20965312499996,2.73731e-08
162.045,0.0,136.20940312499997,2.72197e-08
162.045,0.0,136.20915312499997,2.730385e-08
162.045,0.0,136.20890312499998,2.7533e-08
162.045,0.0,136.20865312499998,2.74918e-08
162.045,0.0,136.20840312499996,2.7253533333333333e-08
162.045,0.0,136.20815312499997,2.7347400000000002e-08
162.045,0.0,136.20790312499997,2.7561e-08
162.045,0.0,136.20765312499998,2.722125e-08
162.045,0.0,136.20740312499998,2.746475e-08
162.045,0.0,136.20715312499996,2.705355e-08
162.045,0.0,136.20690312499997,2.734315e-08
162.045,0.0,136.20665312499997,2.6936e-08
162.045,0.0,136.20640312499998,2.72434e-08
162.045,0.0,136.206153125,2.7167e-08
162.045,0.0,136.20590312499996,2.7310200000000002e-08
162.045,0.0,136.20565312499997,2.737475e-08
162.045,0.0,136.20540312499998,2.730405e-08
162.045,0.0,136.20515312499998,2.769495e-08
162.045,0.0,136.204903125,2.74362e-08
162.045,0.0,136.20465312499996,2.754025e-08
162.045,0.0,136.20440312499997,2.756395e-08
162.045,0.0,136.20415312499998,2.76314e-08
162.045,0.0,136.20390312499998,2.73371e-08
162.045,0.0,136.20365312499996,2.7459150000000006e-08
162.045,0.0,136.20340312499997,2.76543e-08
162.045,0.0,136.20315312499997,2.776555e-08
162.045,0.0,136.20290312499998,2.77853e-08
162.045,0.0,136.20265312499998,2.78777e-08
162.045,0.0,136.20240312499996,2.797445e-08
162.045,0.0,136.20215312499997,2.77182e-08
162.045,0.0,136.20190312499997,2.79344e-08
162.045,0.0,136.20165312499998,2.800315e-08
162.045,0.0,136.20140312499998,2.8081933333333334e-08
162.045,0.0,136.20115312499996,2.78676e-08
162.045,0.0,136.20090312499997,2.81282e-08
162.045,0.0,136.20065312499997,2.78504e-08
162.045,0.0,136.20040312499998,2.806965e-08
162.045,0.0,136.20015312499999,2.815055e-08
162.045,0.0,136.19990312499996,2.86356e-08
162.045,0.0,136.19965312499997,2.806645e-08
162.045,0.0,136.19940312499998,2.838525e-08
162.045,0.0,136.19915312499998,2.813965e-08
162.045,0.0,136.198903125,2.82627e-08
162.045,0.0,136.19865312499996,2.74241e-08
162.045,0.0,136.19840312499997,2.808015e-08
162.045,0.0,136.19815312499998,2.812135e-08
162.045,0.0,136.19790312499998,2.80562e-08
162.045,0.0,136.19765312499996,2.786525e-08
162.045,0.0,136.19740312499997,2.8629e-08
162.045,0.0,136.19715312499997,2.809285e-08
162.045,0.0,136.19690312499998,2.79428e-08
162.045,0.0,136.19665312499998,2.782665e-08
162.045,0.0,136.19640312499996,2.7379600000000006e-08
162.045,0.0,136.19615312499997,2.76838e-08
162.045,0.0,136.19590312499997,2.77446e-08
162.045,0.0,136.19565312499998,2.76573e-08
162.045,0.0,136.19540312499998,2.761375e-08
162.045,0.0,136.19515312499996,2.80167e-08
162.045,0.0,136.19490312499997,2.7818e-08
162.045,0.0,136.19465312499997,2.771045e-08
162.045,0.0,136.19440312499998,2.772035e-08
162.045,0.0,136.19415312499999,2.79681e-08
162.045,0.0,136.19390312499996,2.79418e-08
162.045,0.0,136.19365312499997,2.760475e-08
162.045,0.0,136.19340312499997,2.775815e-08
162.045,0.0,136.19315312499998,2.7469900000000002e-08
162.045,0.0,136.192903125,2.77131e-08
162.045,0.0,136.19265312499996,2.758645e-08
162.045,0.0,136.19240312499997,2.7692333333333333e-08
162.045,0.0,136.19215312499998,2.753055e-08
162.045,0.0,136.19190312499998,2.73078e-08
162.045,0.0,136.19165312499996,2.761265e-08
162.045,0.0,136.19140312499997,2.74559e-08
162.045,0.0,136.19115312499997,2.72688e-08
162.045,0.0,136.19090312499998,2.72479e-08
162.045,0.0,136.19065312499998,2.76274e-08
162.045,0.0,136.19040312499996,2.718295e-08
162.045,0.0,136.19015312499997,2.710145e-08
162.045,0.0,136.18990312499997,2.75978e-08
162.045,0.0,136.18965312499998,2.74536e-08
162.045,0.0,136.18940312499998,2.76212e-08
162.045,0.0,136.18915312499996,2.747395e-08
162.045,0.0,136.18890312499997,2.74476e-08
162.045,0.0,136.18865312499997,2.766665e-08
162.045,0.0,136.18840312499998,2.76932e-08
162.045,0.0,136.18815312499999,2.7456100000000003e-08
162.045,0.0,136.18790312499996,2.75849e-08
162.045,0.0,136.18765312499997,2.73469e-08
162.045,0.0,136.18740312499997,2.747925e-08
162.045,0.0,136.18715312499998,2.72254e-08
162.045,0.0,136.186903125,2.73749e-08
162.045,0.0,136.18665312499996,2.7289e-08
162.045,0.0,136.18640312499997,2.73555e-08
162.045,0.0,136.18615312499998,2.727895e-08
162.045,0.0,136.18590312499998,2.736355e-08
162.045,0.0,136.18565312499996,2.738975e-08
162.045,0.0,136.18540312499997,2.721005e-08
162.045,0.0,136.18515312499997,2.66834e-08
162.045,0.0,136.18490312499998,2.75754e-08
162.045,0.0,136.18465312499998,2.773645e-08
162.045,0.0,136.18440312499996,2.735035e-08
162.045,0.0,136.18415312499997,2.7102e-08
162.045,0.0,136.18390312499997,2.75662e-08
162.045,0.0,136.18365312499998,2.737655e-08
162.045,0.0,136.18340312499998,2.76359e-08
162.045,0.0,136.18315312499996,2.737205e-08
162.045,0.0,136.18290312499997,2.745925e-08
162.045,0.0,136.18265312499997,2.7521e-08
162.045,0.0,136.18240312499998,2.73152e-08
162.045,0.0,136.18215312499999,2.77001e-08
162.045,0.0,136.18190312499996,2.756545e-08
162.045,0.0,136.18165312499997,2.76508e-08
162.045,0.0,136.18140312499997,2.725205e-08
162.045,0.0,136.18115312499998,2.76435e-08
162.045,0.0,136.180903125,2.78372e-08
162.045,0.0,136.18065312499996,2.76672e-08
162.045,0.0,136.18040312499997,2.786355e-08
162.045,0.0,136.18015312499998,2.76625e-08
162.045,0.0,136.17990312499998,2.776705e-08
162.045,0.0,136.17965312499996,2.783065e-08
162.045,0.0,136.17940312499996,2.7524e-08
162.045,0.0,136.17915312499997,2.78656e-08
162.045,0.0,136.17890312499998,2.792575e-08
162.045,0.0,136.17865312499998,2.782165e-08
162.045,0.0,136.17840312499996,2.803945e-08
162.045,0.0,136.17815312499997,2.77571e-08
162.045,0.0,136.17790312499997,2.7787000000000006e-08
162.045,0.0,136.17765312499998,2.77292e-08
162.045,0.0,136.17740312499998,2.77533e-08
162.045,0.0,136.17715312499996,2.79604e-08
162.045,0.0,136.17690312499997,2.77718e-08
162.045,0.0,136.17665312499997,2.790905e-08
162.045,0.0,136.17640312499998,2.77654e-08
162.045,0.0,136.17615312499998,2.78992e-08
162.045,0.0,136.17590312499996,2.78761e-08
162.045,0.0,136.17565312499997,2.79132e-08
162.045,0.0,136.17540312499997,2.77743e-08
162.045,0.0,136.17515312499998,2.8531e-08
162.045,0.0,136.174903125,2.77346e-08
162.045,0.0,136.17465312499996,2.78033e-08
162.045,0.0,136.17440312499997,2.8058433333333334e-08
162.045,0.0,136.17415312499998,2.79283e-08
162.045,0.0,136.17390312499998,2.7916950000000002e-08
162.045,0.0,136.173653125,2.77943e-08
162.045,0.0,136.17340312499996,2.763885e-08
162.045,0.0,136.17315312499997,2.76899e-08
162.045,0.0,136.17290312499998,2.756755e-08
162.045,0.0,136.17265312499998,2.77727e-08
162.045,0.0,136.17240312499996,2.765615e-08
162.045,0.0,136.17215312499997,2.77191e-08
162.045,0.0,136.17190312499997,2.75669e-08
162.045,0.0,136.17165312499998,2.751605e-08
162.045,0.0,136.17140312499998,2.760805e-08
162.045,0.0,136.17115312499996,2.71095e-08
162.045,0.0,136.17090312499997,2.758835e-08
162.045,0.0,136.17065312499997,2.79734e-08
162.045,0.0,136.17040312499998,2.79004e-08
162.045,0.0,136.17015312499998,2.78379e-08
162.045,0.0,136.16990312499996,2.7857200000000003e-08
162.045,0.0,136.16965312499997,2.77314e-08
162.045,0.0,136.16940312499997,2.74567e-08
162.045,0.0,136.16915312499998,2.7468e-08
162.045,0.0,136.16890312499999,2.7809400000000003e-08
162.045,0.0,136.16865312499996,2.7330900000000003e-08
162.045,0.0,136.16840312499997,2.756295e-08
162.045,0.0,136.16815312499998,2.7655e-08
162.045,0.0,136.16790312499998,2.768565e-08
162.045,0.0,136.167653125,2.760393333333333e-08
162.045,0.0,136.16740312499996,2.72392e-08
162.045,0.0,136.16715312499997,2.760075e-08
162.045,0.0,136.16690312499998,2.7490950000000002e-08
162.045,0.0,136.16665312499998,2.77809e-08
162.045,0.0,136.16640312499996,2.77999e-08
162.045,0.0,136.16615312499997,2.7730450000000002e-08
162.045,0.0,136.16590312499997,2.807105e-08
162.045,0.0,136.16565312499998,2.79816e-08
162.045,0.0,136.16540312499998,2.79711e-08
162.045,0.0,136.16515312499996,2.79266e-08
162.045,0.0,136.16490312499997,2.770955e-08
162.045,0.0,136.16465312499997,2.77687e-08
162.045,0.0,136.16440312499998,2.79014e-08
162.045,0.0,136.16415312499998,2.81288e-08
162.045,0.0,136.16390312499996,2.781935e-08
162.045,0.0,136.16365312499997,2.785725e-08
162.045,0.0,136.16340312499997,2.788515e-08
162.045,0.0,136.16315312499998,2.80667e-08
162.045,0.0,136.16290312499999,2.818225e-08
162.045,0.0,136.16265312499996,2.7990750000000002e-08
162.045,0.0,136.16240312499997,2.82262e-08
162.045,0.0,136.16215312499997,2.80554e-08
162.045,0.0,136.16190312499998,2.822815e-08
162.045,0.0,136.161653125,2.81564e-08
162.045,0.0,136.16140312499996,2.85305e-08
162.045,0.0,136.16115312499997,2.813535e-08
162.045,0.0,136.16090312499998,2.799975e-08
162.045,0.0,136.16065312499998,2.8062133333333332e-08
162.045,0.0,136.16040312499996,2.81483e-08
162.045,0.0,136.16015312499997,2.81815e-08
162.045,0.0,136.15990312499997,2.81412e-08
162.045,0.0,136.15965312499998,2.795145e-08
162.045,0.0,136.15940312499998,2.81765e-08
162.045,0.0,136.15915312499996,2.82617e-08
162.045,0.0,136.15890312499997,2.81629e-08
162.045,0.0,136.15865312499997,2.814405e-08
162.045,0.0,136.15840312499998,2.81417e-08
162.045,0.0,136.15815312499998,2.84159e-08
162.045,0.0,136.15790312499996,2.829745e-08
162.045,0.0,136.15765312499997,2.836485e-08
162.045,0.0,136.15740312499997,2.82075e-08
162.045,0.0,136.15715312499998,2.8180800000000002e-08
162.045,0.0,136.15690312499999,2.803765e-08
162.045,0.0,136.15665312499996,2.784435e-08
162.045,0.0,136.15640312499997,2.80357e-08
162.045,0.0,136.15615312499997,2.8003600000000002e-08
162.045,0.0,136.15590312499998,2.81626e-08
162.045,0.0,136.155653125,2.817585e-08
162.045,0.0,136.15540312499996,2.8303e-08
162.045,0.0,136.15515312499997,2.83194e-08
162.045,0.0,136.15490312499998,2.82506e-08
162.045,0.0,136.15465312499998,2.814475e-08
162.045,0.0,136.15440312499996,2.827985e-08
162.045,0.0,136.15415312499997,2.833055e-08
162.045,0.0,136.15390312499997,2.79344e-08
162.045,0.0,136.15365312499998,2.841865e-08
162.045,0.0,136.15340312499998,2.8389e-08
162.045,0.0,136.15315312499996,2.821035e-08
162.045,0.0,136.15290312499997,2.81827e-08
162.045,0.0,136.15265312499997,2.82767e-08
162.045,0.0,136.15240312499998,2.82052e-08
162.045,0.0,136.15215312499998,2.821025e-08
162.045,0.0,136.15190312499996,2.80355e-08
162.045,0.0,136.15165312499997,2.822525e-08
162.045,0.0,136.15140312499997,2.848005e-08
162.045,0.0,136.15115312499998,2.82535e-08
162.045,0.0,136.15090312499999,2.83818e-08
162.045,0.0,136.15065312499996,2.852985e-08
162.045,0.0,136.15040312499997,2.83841e-08
162.045,0.0,136.15015312499997,2.8457e-08
162.045,0.0,136.14990312499998,2.836625e-08
162.045,0.0,136.149653125,2.804145e-08
162.045,0.0,136.14940312499996,2.791635e-08
162.045,0.0,136.14915312499997,2.774465e-08
162.045,0.0,136.14890312499998,2.78756e-08
162.045,0.0,136.14865312499998,2.82473e-08
162.045,0.0,136.14840312499996,2.795175e-08
162.045,0.0,136.14815312499996,2.797945e-08
162.045,0.0,136.14790312499997,2.7939850000000006e-08
162.045,0.0,136.14765312499998,2.8114350000000002e-08
162.045,0.0,136.14740312499998,2.805165e-08
162.045,0.0,136.14715312499996,2.823295e-08
162.045,0.0,136.14690312499997,2.81648e-08
162.045,0.0,136.14665312499997,2.76126e-08
162.045,0.0,136.14640312499998,2.807615e-08
162.045,0.0,136.14615312499998,2.818385e-08
162.045,0.0,136.14590312499996,2.81751e-08
162.045,0.0,136.14565312499997,2.8106e-08
162.045,0.0,136.14540312499997,2.81689e-08
162.045,0.0,136.14515312499998,2.780995e-08
162.045,0.0,136.14490312499998,2.791425e-08
162.045,0.0,136.14465312499996,2.74893e-08
162.045,0.0,136.14440312499997,2.784985e-08
162.045,0.0,136.14415312499997,2.776215e-08
162.045,0.0,136.14390312499998,2.784755e-08
162.045,0.0,136.143653125,2.80379e-08
162.045,0.0,136.14340312499996,2.802585e-08
162.045,0.0,136.14315312499997,2.821235e-08
162.045,0.0,136.14290312499998,2.82971e-08
162.045,0.0,136.14265312499998,2.80352e-08
162.045,0.0,136.142403125,2.81885e-08
162.045,0.0,136.14215312499996,2.79109e-08
162.045,0.0,136.14190312499997,2.792645e-08
162.045,0.0,136.14165312499998,2.80091e-08
162.045,0.0,136.14140312499998,2.81224e-08
162.045,0.0,136.14115312499996,2.775805e-08
162.045,0.0,136.14090312499997,2.747765e-08
162.045,0.0,136.14065312499997,2.769885e-08
162.045,0.0,136.14040312499998,2.765575e-08
162.045,0.0,136.14015312499998,2.759325e-08
162.045,0.0,136.13990312499996,2.780485e-08
162.045,0.0,136.13965312499997,2.75295e-08
162.045,0.0,136.13940312499997,2.777105e-08
162.045,0.0,136.13915312499998,2.77938e-08
162.045,0.0,136.13890312499998,2.759835e-08
162.045,0.0,136.13865312499996,2.79321e-08
162.045,0.0,136.13840312499997,2.81464e-08
162.045,0.0,136.13815312499997,2.80684e-08
162.045,0.0,136.13790312499998,2.76876e-08
162.045,0.0,136.13765312499999,2.80068e-08
162.045,0.0,136.13740312499996,2.7625100000000003e-08
162.045,0.0,136.13715312499997,2.7354e-08
162.045,0.0,136.13690312499998,2.775105e-08
162.045,0.0,136.13665312499998,2.76945e-08
162.045,0.0,136.136403125,2.762413333333333e-08
162.045,0.0,136.13615312499996,2.74798e-08
162.045,0.0,136.13590312499997,2.78293e-08
162.045,0.0,136.13565312499998,2.78235e-08
162.045,0.0,136.13540312499998,2.775025e-08
162.045,0.0,136.13515312499996,2.775425e-08
162.045,0.0,136.13490312499997,2.776115e-08
162.045,0.0,136.13465312499997,2.82514e-08
162.045,0.0,136.13440312499998,2.77639e-08
162.045,0.0,136.13415312499998,2.77185e-08
162.045,0.0,136.13390312499996,2.759145e-08
162.045,0.0,136.13365312499997,2.788085e-08
162.045,0.0,136.13340312499997,2.803475e-08
162.045,0.0,136.13315312499998,2.796395e-08
162.045,0.0,136.13290312499998,2.78703e-08
162.045,0.0,136.13265312499996,2.74981e-08
162.045,0.0,136.13240312499997,2.784495e-08
162.045,0.0,136.13215312499997,2.79552e-08
162.045,0.0,136.13190312499998,2.7979e-08
162.045,0.0,136.13165312499999,2.7871200000000006e-08
162.045,0.0,136.13140312499996,2.802045e-08
162.045,0.0,136.13115312499997,2.813545e-08
162.045,0.0,136.13090312499997,2.82305e-08
162.045,0.0,136.13065312499998,2.84847e-08
162.045,0.0,136.130403125,2.830735e-08
162.045,0.0,136.13015312499996,2.84276e-08
162.045,0.0,136.12990312499997,2.82193e-08
162.045,0.0,136.12965312499998,2.8175e-08
162.045,0.0,136.12940312499998,2.849913333333333e-08
162.045,0.0,136.12915312499996,2.835625e-08
162.045,0.0,136.12890312499997,2.83956e-08
162.045,0.0,136.12865312499997,2.822895e-08
162.045,0.0,136.12840312499998,2.828375e-08
162.045,0.0,136.12815312499998,2.831165e-08
162.045,0.0,136.12790312499996,2.82277e-08
162.045,0.0,136.12765312499997,2.80027e-08
162.045,0.0,136.12740312499997,2.8222266666666663e-08
162.045,0.0,136.12715312499998,2.81154e-08
162.045,0.0,136.12690312499998,2.7797e-08
162.045,0.0,136.12665312499996,2.82809e-08
162.045,0.0,136.12640312499997,2.81684e-08
162.045,0.0,136.12615312499997,2.839945e-08
162.045,0.0,136.12590312499998,2.82587e-08
162.045,0.0,136.12565312499999,2.82746e-08
162.045,0.0,136.12540312499996,2.804855e-08
162.045,0.0,136.12515312499997,2.823715e-08
162.045,0.0,136.12490312499997,2.804935e-08
162.045,0.0,136.12465312499998,2.7858600000000003e-08
162.045,0.0,136.124403125,2.74692e-08
162.045,0.0,136.12415312499996,2.778685e-08
162.045,0.0,136.12390312499997,2.78872e-08
162.045,0.0,136.12365312499998,2.794915e-08
162.045,0.0,136.12340312499998,2.78659e-08
162.045,0.0,136.12315312499996,2.800605e-08
162.045,0.0,136.12290312499997,2.80337e-08
162.045,0.0,136.12265312499997,2.813083333333333e-08
162.045,0.0,136.12240312499998,2.84816e-08
162.045,0.0,136.12215312499998,2.8355e-08
162.045,0.0,136.12190312499996,2.82238e-08
162.045,0.0,136.12165312499997,2.838775e-08
162.045,0.0,136.12140312499997,2.84047e-08
162.045,0.0,136.12115312499998,2.867195e-08
162.045,0.0,136.12090312499998,2.84667e-08
162.045,0.0,136.12065312499996,2.849885e-08
162.045,0.0,136.12040312499997,2.858425e-08
162.045,0.0,136.12015312499997,2.861305e-08
162.045,0.0,136.11990312499998,2.843355e-08
162.045,0.0,136.11965312499999,2.85268e-08
162.045,0.0,136.11940312499996,2.84636e-08
162.045,0.0,136.11915312499997,2.8225350000000002e-08
162.045,0.0,136.11890312499997,2.85115e-08
162.045,0.0,136.11865312499998,2.84524e-08
162.045,0.0,136.118403125,2.86987e-08
162.045,0.0,136.11815312499996,2.867665e-08
162.045,0.0,136.11790312499997,2.87913e-08
162.045,0.0,136.11765312499998,2.8835e-08
162.045,0.0,136.11740312499998,2.87655e-08
162.045,0.0,136.11715312499996,2.873425e-08
162.045,0.0,136.11690312499996,2.87765e-08
162.045,0.0,136.11665312499997,2.880045e-08
162.045,0.0,136.11640312499998,2.86391e-08
162.045,0.0,136.11615312499998,2.85046e-08
162.045,0.0,136.11590312499996,2.877845e-08
162.045,0.0,136.11565312499997,2.86386e-08
162.045,0.0,136.11540312499997,2.88063e-08
162.045,0.0,136.11515312499998,2.883055e-08
162.045,0.0,136.11490312499998,2.86208e-08
162.045,0.0,136.11465312499996,2.879365e-08
162.045,0.0,136.11440312499997,2.86092e-08
162.045,0.0,136.11415312499997,2.89058e-08
162.045,0.0,136.11390312499998,2.86273e-08
162.045,0.0,136.11365312499998,2.8948166666666673e-08
162.045,0.0,136.11340312499996,2.9038450000000003e-08
162.045,0.0,136.11315312499997,2.89101e-08
162.045,0.0,136.11290312499997,2.88739e-08
162.045,0.0,136.11265312499998,2.8894e-08
162.045,0.0,136.112403125,2.87866e-08
162.045,0.0,136.11215312499996,2.85737e-08
162.045,0.0,136.11190312499997,2.88926e-08
162.045,0.0,136.11165312499998,2.88797e-08
162.045,0.0,136.11140312499998,2.93216e-08
162.045,0.0,136.111153125,2.898695e-08
162.045,0.0,136.11090312499996,2.91061e-08
162.045,0.0,136.11065312499997,2.884035e-08
162.045,0.0,136.11040312499998,2.904145e-08
162.045,0.0,136.11015312499998,2.85087e-08
162.045,0.0,136.10990312499996,2.906895e-08
162.045,0.0,136.10965312499997,2.8977000000000002e-08
162.045,0.0,136.10940312499997,2.879535e-08
162.045,0.0,136.10915312499998,2.89895e-08
162.045,0.0,136.10890312499998,2.908165e-08
162.045,0.0,136.10865312499996,2.89575e-08
162.045,0.0,136.10840312499997,2.91942e-08
162.045,0.0,136.10815312499997,2.91964e-08
162.045,0.0,136.10790312499998,2.9056e-08
162.045,0.0,136.10765312499998,2.92137e-08
162.045,0.0,136.10740312499996,2.904705e-08
162.045,0.0,136.10715312499997,2.913025e-08
162.045,0.0,136.10690312499997,2.90521e-08
162.045,0.0,136.10665312499998,2.915825e-08
162.045,0.0,136.10640312499999,2.92523e-08
162.045,0.0,136.10615312499996,2.92433e-08
162.045,0.0,136.10590312499997,2.91762e-08
162.045,0.0,136.10565312499998,2.92021e-08
162.045,0.0,136.10540312499998,2.907645e-08
162.045,0.0,136.105153125,2.92931e-08
162.045,0.0,136.10490312499996,2.905775e-08
162.045,0.0,136.10465312499997,2.933385e-08
162.045,0.0,136.10440312499998,2.8955266666666664e-08
162.045,0.0,136.10415312499998,2.90042e-08
162.045,0.0,136.10390312499996,2.8924e-08
162.045,0.0,136.10365312499997,2.89503e-08
162.045,0.0,136.10340312499997,2.91926e-08
162.045,0.0,136.10315312499998,2.94244e-08
162.045,0.0,136.10290312499998,2.9361650000000006e-08
162.045,0.0,136.10265312499996,2.91457e-08
162.045,0.0,136.10240312499997,2.92343e-08
162.045,0.0,136.10215312499997,2.94122e-08
162.045,0.0,136.10190312499998,2.949595e-08
162.045,0.0,136.10165312499998,2.95086e-08
162.045,0.0,136.10140312499996,2.951955e-08
162.045,0.0,136.10115312499997,2.96731e-08
162.045,0.0,136.10090312499997,2.9082750000000006e-08
162.045,0.0,136.10065312499998,2.94636e-08
162.045,0.0,136.10040312499999,2.93905e-08
162.045,0.0,136.10015312499996,2.9497350000000002e-08
162.045,0.0,136.09990312499997,2.9719e-08
162.045,0.0,136.09965312499997,2.9373750000000002e-08
162.045,0.0,136.09940312499998,2.934245e-08
162.045,0.0,136.099153125,2.94824e-08
162.045,0.0,136.09890312499996,2.938515e-08
162.045,0.0,136.09865312499997,2.910235e-08
162.045,0.0,136.09840312499998,2.9449750000000002e-08
162.045,0.0,136.09815312499998,2.94562e-08
162.045,0.0,136.09790312499996,2.97318e-08
162.045,0.0,136.09765312499997,2.96986e-08
162.045,0.0,136.09740312499997,2.93781e-08
162.045,0.0,136.09715312499998,2.98876e-08
162.045,0.0,136.09690312499998,2.995185e-08
162.045,0.0,136.09665312499996,3.02655e-08
162.045,0.0,136.09640312499997,2.983005e-08
162.045,0.0,136.09615312499997,2.95721e-08
162.045,0.0,136.09590312499998,2.9508133333333334e-08
162.045,0.0,136.09565312499998,2.969205e-08
162.045,0.0,136.09540312499996,2.96863e-08
162.045,0.0,136.09515312499997,2.959535e-08
162.045,0.0,136.09490312499997,2.96162e-08
162.045,0.0,136.09465312499998,2.981175e-08
162.045,0.0,136.09440312499999,2.97954e-08
162.045,0.0,136.09415312499996,2.96711e-08
162.045,0.0,136.09390312499997,2.9749100000000006e-08
162.045,0.0,136.09365312499997,2.973915e-08
162.045,0.0,136.09340312499998,2.97101e-08
162.045,0.0,136.093153125,3.00033e-08
162.045,0.0,136.09290312499996,3.027905e-08
162.045,0.0,136.09265312499997,3.0274699999999995e-08
162.045,0.0,136.09240312499998,3.04855e-08
162.045,0.0,136.09215312499998,3.0134e-08
162.045,0.0,136.09190312499996,3.033215e-08
162.045,0.0,136.09165312499997,3.00729e-08
162.045,0.0,136.09140312499997,2.97944e-08
162.045,0.0,136.09115312499998,3.0050499999999995e-08
162.045,0.0,136.09090312499998,2.995055e-08
162.045,0.0,136.09065312499996,2.99851e-08
162.045,0.0,136.09040312499997,2.98962e-08
162.045,0.0,136.09015312499997,2.990325e-08
162.045,0.0,136.08990312499998,3.00215e-08
162.045,0.0,136.08965312499998,2.98925e-08
162.045,0.0,136.08940312499996,3.00028e-08
162.045,0.0,136.08915312499997,2.99142e-08
162.045,0.0,136.08890312499997,3.0092266666666666e-08
162.045,0.0,136.08865312499998,2.9936400000000006e-08
162.045,0.0,136.08840312499999,3.02521e-08
162.045,0.0,136.08815312499996,3.022975e-08
162.045,0.0,136.08790312499997,2.9938100000000005e-08
162.045,0.0,136.08765312499997,3.018675e-08
162.045,0.0,136.08740312499998,3.07073e-08
162.045,0.0,136.087153125,3.03578e-08
162.045,0.0,136.08690312499996,3.0127650000000004e-08
162.045,0.0,136.08665312499997,3.008976666666667e-08
162.045,0.0,136.08640312499998,3.05575e-08
162.045,0.0,136.08615312499998,3.0094000000000005e-08
162.045,0.0,136.08590312499996,3.0016050000000005e-08
162.045,0.0,136.08565312499996,3.020205e-08
162.045,0.0,136.08540312499997,3.03312e-08
162.045,0.0,136.08515312499998,3.04253e-08
162.045,0.0,136.08490312499998,3.04613e-08
162.045,0.0,136.08465312499996,3.012785e-08
162.045,0.0,136.08440312499997,3.07344e-08
162.045,0.0,136.08415312499997,3.024665e-08
162.045,0.0,136.08390312499998,3.00717e-08
162.045,0.0,136.08365312499998,3.0350500000000004e-08
162.045,0.0,136.08340312499996,3.03668e-08
162.045,0.0,136.08315312499997,3.0236200000000004e-08
162.045,0.0,136.08290312499997,3.030775e-08
162.045,0.0,136.08265312499998,3.04514e-08
162.045,0.0,136.08240312499998,3.03874e-08
162.045,0.0,136.08215312499996,3.03176e-08
162.045,0.0,136.08190312499997,3.038165e-08
162.045,0.0,136.08165312499997,3.0254566666666674e-08
162.045,0.0,136.08140312499998,3.06368e-08
162.045,0.0,136.081153125,3.02752e-08
162.045,0.0,136.08090312499996,3.04838e-08
162.045,0.0,136.08065312499997,3.063375e-08
162.045,0.0,136.08040312499998,3.05036e-08
162.045,0.0,136.08015312499998,3.04904e-08
162.045,0.0,136.079903125,3.015155e-08
162.045,0.0,136.07965312499996,3.063263333333333e-08
162.045,0.0,136.07940312499997,3.03776e-08
162.045,0.0,136.07915312499998,3.053925e-08
162.045,0.0,136.07890312499998,3.05579e-08
162.045,0.0,136.07865312499996,3.04037e-08
162.045,0.0,136.07840312499997,3.06316e-08
162.045,0.0,136.07815312499997,3.06292e-08
162.045,0.0,136.07790312499998,3.080185e-08
162.045,0.0,136.07765312499998,3.0638100000000005e-08
162.045,0.0,136.07740312499996,3.077775e-08
162.045,0.0,136.07715312499997,3.082095e-08
162.045,0.0,136.07690312499997,3.077325e-08
162.045,0.0,136.07665312499998,3.05657e-08
162.045,0.0,136.07640312499998,3.06387e-08
162.045,0.0,136.07615312499996,3.05461e-08
162.045,0.0,136.07590312499997,3.088915e-08
162.045,0.0,136.07565312499997,3.09369e-08
162.045,0.0,136.07540312499998,3.06681e-08
162.045,0.0,136.07515312499999,3.10082e-08
162.045,0.0,136.07490312499996,3.0797900000000003e-08
162.045,0.0,136.07465312499997,3.08242e-08
162.045,0.0,136.07440312499998,3.082925e-08
162.045,0.0,136.07415312499998,3.063595e-08
162.045,0.0,136.073903125,3.084415e-08
162.045,0.0,136.07365312499996,3.07111e-08
162.045,0.0,136.07340312499997,3.06707e-08
162.045,0.0,136.07315312499998,3.067205e-08
162.045,0.0,136.07290312499998,3.09713e-08
162.045,0.0,136.07265312499996,3.0935e-08
162.045,0.0,136.07240312499997,3.090985e-08
162.045,0.0,136.07215312499997,3.066255e-08
162.045,0.0,136.07190312499998,3.0783649999999994e-08
162.045,0.0,136.07165312499998,3.07435e-08
162.045,0.0,136.07140312499996,3.06774e-08
162.045,0.0,136.07115312499997,3.085855e-08
162.045,0.0,136.07090312499997,3.08876e-08
162.045,0.0,136.07065312499998,3.08419e-08
162.045,0.0,136.07040312499998,3.09053e-08
162.045,0.0,136.07015312499996,3.095495e-08
162.045,0.0,136.06990312499997,3.09872e-08
162.045,0.0,136.06965312499997,3.1319e-08
162.045,0.0,136.06940312499998,3.054465e-08
162.045,0.0,136.06915312499999,3.085085e-08
162.045,0.0,136.06890312499996,3.076105e-08
162.045,0.0,136.06865312499997,3.106615e-08
162.045,0.0,136.06840312499997,3.094435e-08
162.045,0.0,136.06815312499998,3.10183e-08
162.045,0.0,136.067903125,3.0902200000000005e-08
162.045,0.0,136.06765312499996,3.10772e-08
162.045,0.0,136.06740312499997,3.11383e-08
162.045,0.0,136.06715312499998,3.129775e-08
162.045,0.0,136.06690312499998,3.0953e-08
162.045,0.0,136.06665312499996,3.10485e-08
162.045,0.0,136.06640312499997,3.113075e-08
162.045,0.0,136.06615312499997,3.117835e-08
162.045,0.0,136.06590312499998,3.08661e-08
162.045,0.0,136.06565312499998,3.11904e-08
162.045,0.0,136.06540312499996,3.0976950000000004e-08
162.045,0.0,136.06515312499997,3.1232250000000005e-08
162.045,0.0,136.06490312499997,3.137785e-08
162.045,0.0,136.06465312499998,3.12869e-08
162.045,0.0,136.06440312499998,3.12029e-08
162.045,0.0,136.06415312499996,3.1417900000000005e-08
162.045,0.0,136.06390312499997,3.130355e-08
162.045,0.0,136.06365312499997,3.154985e-08
162.045,0.0,136.06340312499998,3.1404200000000005e-08
162.045,0.0,136.06315312499999,3.14543e-08
162.045,0.0,136.06290312499996,3.114655e-08
162.045,0.0,136.06265312499997,3.16166e-08
162.045,0.0,136.06240312499997,3.145515e-08
162.045,0.0,136.06215312499998,3.12644e-08
162.045,0.0,136.061903125,3.1499349999999995e-08
162.045,0.0,136.06165312499996,3.133e-08
162.045,0.0,136.06140312499997,3.16745e-08
162.045,0.0,136.06115312499998,3.1469e-08
162.045,0.0,136.06090312499998,3.1542e-08
162.045,0.0,136.06065312499996,3.13539e-08
162.045,0.0,136.06040312499997,3.138195e-08
162.045,0.0,136.06015312499997,3.15129e-08
162.045,0.0,136.05990312499998,3.15917e-08
162.045,0.0,136.05965312499998,3.15895e-08
162.045,0.0,136.05940312499996,3.170545e-08
162.045,0.0,136.05915312499997,3.160195e-08
162.045,0.0,136.05890312499997,3.151855e-08
162.045,0.0,136.05865312499998,3.15922e-08
162.045,0.0,136.05840312499998,3.17203e-08
162.045,0.0,136.05815312499996,3.21023e-08
162.045,0.0,136.05790312499997,3.19373e-08
162.045,0.0,136.05765312499997,3.18111e-08
162.045,0.0,136.05740312499998,3.1922566666666666e-08
162.045,0.0,136.05715312499999,3.1729700000000004e-08
162.045,0.0,136.05690312499996,3.1872e-08
162.045,0.0,136.05665312499997,3.196475e-08
162.045,0.0,136.05640312499997,3.199625e-08
162.045,0.0,136.05615312499998,3.209775e-08
162.045,0.0,136.055903125,3.1994650000000004e-08
162.045,0.0,136.05565312499996,3.20182e-08
162.045,0.0,136.05540312499997,3.2387e-08
162.045,0.0,136.05515312499998,3.206855e-08
162.045,0.0,136.05490312499998,3.2162e-08
162.045,0.0,136.05465312499996,3.213365e-08
162.045,0.0,136.05440312499996,3.200235e-08
162.045,0.0,136.05415312499997,3.213605e-08
162.045,0.0,136.05390312499998,3.21919e-08
162.045,0.0,136.05365312499998,3.238555e-08
162.045,0.0,136.05340312499996,3.23361e-08
162.045,0.0,136.05315312499997,3.252255e-08
162.045,0.0,136.05290312499997,3.239475e-08
162.045,0.0,136.05265312499998,3.24147e-08
162.045,0.0,136.05240312499998,3.22403e-08
162.045,0.0,136.05215312499996,3.25358e-08
162.045,0.0,136.05190312499997,3.24941e-08
162.045,0.0,136.05165312499997,3.234645e-08
162.045,0.0,136.05140312499998,3.242755e-08
162.045,0.0,136.05115312499998,3.25239e-08
162.045,0.0,136.05090312499996,3.26347e-08
162.045,0.0,136.05065312499997,3.25449e-08
162.045,0.0,136.05040312499997,3.24781e-08
162.045,0.0,136.05015312499998,3.24851e-08
162.045,0.0,136.049903125,3.22103e-08
162.045,0.0,136.04965312499996,3.25503e-08
162.045,0.0,136.04940312499997,3.247005e-08
162.045,0.0,136.04915312499998,3.24389e-08
162.045,0.0,136.04890312499998,3.26079e-08
162.045,0.0,136.048653125,3.26736e-08
162.045,0.0,136.04840312499996,3.246646666666666e-08
162.045,0.0,136.04815312499997,3.2484450000000006e-08
162.045,0.0,136.04790312499998,3.26018e-08
162.045,0.0,136.04765312499998,3.24198e-08
162.045,0.0,136.04740312499996,3.252315e-08
162.045,0.0,136.04715312499997,3.2430999999999994e-08
162.045,0.0,136.04690312499997,3.25121e-08
162.045,0.0,136.04665312499998,3.24026e-08
162.045,0.0,136.04640312499998,3.2468750000000004e-08
162.045,0.0,136.04615312499996,3.26082e-08
162.045,0.0,136.04590312499997,3.23752e-08
162.045,0.0,136.04565312499997,3.27424e-08
162.045,0.0,136.04540312499998,3.28672e-08
162.045,0.0,136.04515312499998,3.273325e-08
162.045,0.0,136.04490312499996,3.26967e-08
162.045,0.0,136.04465312499997,3.2711050000000004e-08
162.045,0.0,136.04440312499997,3.2645e-08
162.045,0.0,136.04415312499998,3.282595e-08
162.045,0.0,136.04390312499999,3.30682e-08
162.045,0.0,136.04365312499996,3.308936666666666e-08
162.045,0.0,136.04340312499997,3.28637e-08
162.045,0.0,136.04315312499998,3.303825e-08
162.045,0.0,136.04290312499998,3.29199e-08
162.045,0.0,136.042653125,3.2733700000000004e-08
162.045,0.0,136.04240312499996,3.290375e-08
162.045,0.0,136.04215312499997,3.304525e-08
162.045,0.0,136.04190312499998,3.31862e-08
162.045,0.0,136.04165312499998,3.288885e-08
162.045,0.0,136.04140312499996,3.286905e-08
162.045,0.0,136.04115312499997,3.2881200000000006e-08
162.045,0.0,136.04090312499997,3.28145e-08
162.045,0.0,136.04065312499998,3.2997450000000005e-08
162.045,0.0,136.04040312499998,3.2997300000000004e-08
162.045,0.0,136.04015312499996,3.330035e-08
162.045,0.0,136.03990312499997,3.31615e-08
162.045,0.0,136.03965312499997,3.298045e-08
162.045,0.0,136.03940312499998,3.287175e-08
162.045,0.0,136.03915312499998,3.2968e-08
162.045,0.0,136.03890312499996,3.2879450000000004e-08
162.045,0.0,136.03865312499997,3.28135e-08
162.045,0.0,136.03840312499997,3.31243e-08
162.045,0.0,136.03815312499998,3.282665e-08
162.045,0.0,136.03790312499999,3.30019e-08
162.045,0.0,136.03765312499996,3.296995e-08
162.045,0.0,136.03740312499997,3.271965e-08
162.045,0.0,136.03715312499997,3.3099e-08
162.045,0.0,136.03690312499998,3.3052400000000006e-08
162.045,0.0,136.036653125,3.274305e-08
162.045,0.0,136.03640312499996,3.3037700000000005e-08
162.045,0.0,136.03615312499997,3.28437e-08
162.045,0.0,136.03590312499998,3.289155e-08
162.045,0.0,136.03565312499998,3.3052e-08
162.045,0.0,136.03540312499996,3.3004849999999995e-08
162.045,0.0,136.03515312499997,3.295375e-08
162.045,0.0,136.03490312499997,3.312405e-08
162.045,0.0,136.03465312499998,3.31154e-08
162.045,0.0,136.03440312499998,3.355045e-08
162.045,0.0,136.03415312499996,3.31912e-08
162.045,0.0,136.03390312499997,3.312475e-08
162.045,0.0,136.03365312499997,3.3193600000000004e-08
162.045,0.0,136.03340312499998,3.302115e-08
162.045,0.0,136.03315312499998,3.31496e-08
162.045,0.0,136.03290312499996,3.31243e-08
162.045,0.0,136.03265312499997,3.3184249999999995e-08
162.045,0.0,136.03240312499997,3.3255733333333333e-08
162.045,0.0,136.03215312499998,3.32242e-08
162.045,0.0,136.03190312499999,3.354255e-08
162.045,0.0,136.03165312499996,3.329325e-08
162.045,0.0,136.03140312499997,3.334895e-08
162.045,0.0,136.03115312499997,3.35466e-08
162.045,0.0,136.03090312499998,3.31748e-08
162.045,0.0,136.030653125,3.345785e-08
162.045,0.0,136.03040312499996,3.343255e-08
162.045,0.0,136.03015312499997,3.32577e-08
162.045,0.0,136.02990312499998,3.35525e-08
162.045,0.0,136.02965312499998,3.340205e-08
162.045,0.0,136.02940312499996,3.32797e-08
162.045,0.0,136.02915312499997,3.32154e-08
162.045,0.0,136.02890312499997,3.34738e-08
162.045,0.0,136.02865312499998,3.314235e-08
162.045,0.0,136.02840312499998,3.33362e-08
162.045,0.0,136.02815312499996,3.335765e-08
162.045,0.0,136.02790312499997,3.3393450000000004e-08
162.045,0.0,136.02765312499997,3.334705e-08
162.045,0.0,136.02740312499998,3.33179e-08
162.045,0.0,136.02715312499998,3.32981e-08
162.045,0.0,136.02690312499996,3.32804e-08
162.045,0.0,136.02665312499997,3.33758e-08
162.045,0.0,136.02640312499997,3.332005e-08
162.045,0.0,136.02615312499998,3.3282e-08
162.045,0.0,136.02590312499999,3.3311333333333336e-08
162.045,0.0,136.02565312499996,3.3356250000000005e-08
162.045,0.0,136.02540312499997,3.338015e-08
162.045,0.0,136.02515312499997,3.336e-08
162.045,0.0,136.02490312499998,3.3385000000000004e-08
162.045,0.0,136.024653125,3.325635e-08
162.045,0.0,136.02440312499996,3.340485e-08
162.045,0.0,136.02415312499997,3.32765e-08
162.045,0.0,136.02390312499998,3.33732e-08
162.045,0.0,136.02365312499998,3.333535e-08
162.045,0.0,136.02340312499996,3.384065e-08
162.045,0.0,136.02315312499996,3.3397850000000004e-08
162.045,0.0,136.02290312499997,3.33918e-08
162.045,0.0,136.02265312499998,3.38272e-08
162.045,0.0,136.02240312499998,3.323235e-08
162.045,0.0,136.02215312499996,3.35673e-08
162.045,0.0,136.02190312499997,3.36534e-08
162.045,0.0,136.02165312499997,3.36594e-08
162.045,0.0,136.02140312499998,3.35845e-08
162.045,0.0,136.02115312499998,3.363785e-08
162.045,0.0,136.02090312499996,3.371985e-08
162.045,0.0,136.02065312499997,3.380015e-08
162.045,0.0,136.02040312499997,3.35629e-08
162.045,0.0,136.02015312499998,3.37331e-08
162.045,0.0,136.01990312499998,3.369175e-08
162.045,0.0,136.01965312499996,3.3805799999999994e-08
162.045,0.0,136.01940312499997,3.36356e-08
162.045,0.0,136.01915312499997,3.375695e-08
162.045,0.0,136.01890312499998,3.372455e-08
162.045,0.0,136.018653125,3.39024e-08
162.045,0.0,136.01840312499996,3.38329e-08
162.045,0.0,136.01815312499997,3.38957e-08
162.045,0.0,136.01790312499998,3.393155e-08
162.045,0.0,136.01765312499998,3.3902499999999995e-08
162.045,0.0,136.017403125,3.368035e-08
162.045,0.0,136.01715312499996,3.38794e-08
162.045,0.0,136.01690312499997,3.3751266666666666e-08
162.045,0.0,136.01665312499998,3.366635e-08
162.045,0.0,136.01640312499998,3.37898e-08
162.045,0.0,136.01615312499996,3.380715e-08
162.045,0.0,136.01590312499997,3.352e-08
162.045,0.0,136.01565312499997,3.35437e-08
162.045,0.0,136.01540312499998,3.34279e-08
162.045,0.0,136.01515312499998,3.34455e-08
162.045,0.0,136.01490312499996,3.34502e-08
162.045,0.0,136.01465312499997,3.325565e-08
162.045,0.0,136.01440312499997,3.31888e-08
162.045,0.0,136.01415312499998,3.352945e-08
162.045,0.0,136.01390312499998,3.36621e-08
162.045,0.0,136.01365312499996,3.420895e-08
162.045,0.0,136.01340312499997,3.46787e-08
162.045,0.0,136.01315312499997,3.4419950000000004e-08
162.045,0.0,136.01290312499998,3.40181e-08
162.045,0.0,136.01265312499999,3.420235e-08
162.045,0.0,136.01240312499996,3.382325e-08
162.045,0.0,136.01215312499997,3.36509e-08
162.045,0.0,136.01190312499998,3.382095e-08
162.045,0.0,136.01165312499998,3.35074e-08
162.045,0.0,136.011403125,3.35296e-08
162.045,0.0,136.01115312499996,3.3420850000000004e-08
162.045,0.0,136.01090312499997,3.353335e-08
162.045,0.0,136.01065312499998,3.37104e-08
162.045,0.0,136.01040312499998,3.35743e-08
162.045,0.0,136.01015312499996,3.36691e-08
162.045,0.0,136.00990312499997,3.3822233333333334e-08
162.045,0.0,136.00965312499997,3.367845e-08
162.045,0.0,136.00940312499998,3.38567e-08
162.045,0.0,136.00915312499998,3.413935e-08
162.045,0.0,136.00890312499996,3.400675e-08
162.045,0.0,136.00865312499997,3.38414e-08
162.045,0.0,136.00840312499997,3.42288e-08
162.045,0.0,136.00815312499998,3.426385e-08
162.045,0.0,136.00790312499998,3.42951e-08
162.045,0.0,136.00765312499996,3.4492166666666673e-08
162.045,0.0,136.00740312499997,3.46001e-08
162.045,0.0,136.00715312499997,3.45216e-08
162.045,0.0,136.00690312499998,3.452835e-08
162.045,0.0,136.00665312499999,3.460365e-08
162.045,0.0,136.00640312499996,3.44508e-08
162.045,0.0,136.00615312499997,3.451915e-08
162.045,0.0,136.00590312499997,3.453715e-08
162.045,0.0,136.00565312499998,3.465385e-08
162.045,0.0,136.005403125,3.4651e-08
162.045,0.0,136.00515312499996,3.459575e-08
162.045,0.0,136.00490312499997,3.456055e-08
162.045,0.0,136.00465312499998,3.460145e-08
162.045,0.0,136.00440312499998,3.47102e-08
162.045,0.0,136.00415312499996,3.50392e-08
162.045,0.0,136.00390312499997,3.472105e-08
162.045,0.0,136.00365312499997,3.45858e-08
162.045,0.0,136.00340312499998,3.51947e-08
162.045,0.0,136.00315312499998,3.486795e-08
162.045,0.0,136.00290312499996,3.48822e-08
162.045,0.0,136.00265312499997,3.49185e-08
162.045,0.0,136.00240312499997,3.49007e-08
162.045,0.0,136.00215312499998,3.4911300000000004e-08
162.045,0.0,136.00190312499998,3.48233e-08
162.045,0.0,136.00165312499996,3.4894849999999994e-08
162.045,0.0,136.00140312499997,3.41663e-08
162.045,0.0,136.00115312499997,3.471425e-08
162.045,0.0,136.00090312499998,3.4955600000000004e-08
162.045,0.0,136.00065312499999,3.4938799999999995e-08
162.045,0.0,136.00040312499996,3.490275e-08
162.045,0.0,136.00015312499997,3.48579e-08
162.045,0.0,135.99990312499997,3.48058e-08
162.045,0.0,135.99965312499998,3.47024e-08
162.045,0.0,135.999403125,3.46889e-08
162.045,0.0,135.99915312499996,3.49401e-08
162.045,0.0,135.99890312499997,3.4743699999999994e-08
162.045,0.0,135.99865312499998,3.49959e-08
162.045,0.0,135.99840312499998,3.4936150000000004e-08
162.045,0.0,135.99815312499996,3.47724e-08
162.045,0.0,135.99790312499997,3.51818e-08
162.045,0.0,135.99765312499997,3.48675e-08
162.045,0.0,135.99740312499998,3.53709e-08
162.045,0.0,135.99715312499998,3.559355e-08
162.045,0.0,135.99690312499996,3.5147500000000004e-08
162.045,0.0,135.99665312499997,3.53689e-08
162.045,0.0,135.99640312499997,3.500685e-08
162.045,0.0,135.99615312499998,3.5145450000000006e-08
162.045,0.0,135.99590312499998,3.5627000000000005e-08
162.045,0.0,135.99565312499996,3.52148e-08
162.045,0.0,135.99540312499997,3.54774e-08
162.045,0.0,135.99515312499997,3.5119100000000004e-08
162.045,0.0,135.99490312499998,3.53194e-08
162.045,0.0,135.99465312499999,3.533255e-08
162.045,0.0,135.99440312499996,3.5396e-08
162.045,0.0,135.99415312499997,3.5543e-08
162.045,0.0,135.99390312499997,3.57976e-08
162.045,0.0,135.99365312499998,3.56613e-08
162.045,0.0,135.993403125,3.559125e-08
162.045,0.0,135.99315312499996,3.580225e-08
162.045,0.0,135.99290312499997,3.57149e-08
162.045,0.0,135.99265312499998,3.56966e-08
162.045,0.0,135.99240312499998,3.55593e-08
162.045,0.0,135.99215312499996,3.56582e-08
162.045,0.0,135.99190312499996,3.5450266666666667e-08
162.045,0.0,135.99165312499997,3.55554e-08
162.045,0.0,135.99140312499998,3.556585e-08
162.045,0.0,135.99115312499998,3.56164e-08
162.045,0.0,135.99090312499996,3.56092e-08
162.045,0.0,135.99065312499997,3.53716e-08
162.045,0.0,135.99040312499997,3.53521e-08
162.045,0.0,135.99015312499998,3.533865e-08
162.045,0.0,135.98990312499998,3.52893e-08
162.045,0.0,135.98965312499996,3.509875e-08
162.045,0.0,135.98940312499997,3.47613e-08
162.045,0.0,135.98915312499997,3.4823550000000003e-08
162.045,0.0,135.98890312499998,3.469595e-08
162.045,0.0,135.98865312499998,3.48817e-08
162.045,0.0,135.98840312499996,3.447035e-08
162.045,0.0,135.98815312499997,3.408525e-08
162.045,0.0,135.98790312499997,3.441375e-08
162.045,0.0,135.98765312499998,3.424885e-08
162.045,0.0,135.987403125,3.39228e-08
162.045,0.0,135.98715312499996,3.4449200000000004e-08
162.045,0.0,135.98690312499997,3.44486e-08
162.045,0.0,135.98665312499998,3.4714e-08
162.045,0.0,135.98640312499998,3.489055e-08
162.045,0.0,135.986153125,3.521895e-08
162.045,0.0,135.98590312499996,3.55009e-08
162.045,0.0,135.98565312499997,3.62016e-08
162.045,0.0,135.98540312499998,3.620825e-08
162.045,0.0,135.98515312499998,3.652285e-08
162.045,0.0,135.98490312499996,3.627925e-08
162.045,0.0,135.98465312499997,3.63814e-08
162.045,0.0,135.98440312499997,3.59045e-08
162.045,0.0,135.98415312499998,3.59323e-08
162.045,0.0,135.98390312499998,3.500805e-08
162.045,0.0,135.98365312499996,3.44838e-08
162.045,0.0,135.98340312499997,3.503025e-08
162.045,0.0,135.98315312499997,3.4226500000000005e-08
162.045,0.0,135.98290312499998,3.41747e-08
162.045,0.0,135.98265312499998,3.40734e-08
162.045,0.0,135.98240312499996,3.4187e-08
162.045,0.0,135.98215312499997,3.4063500000000006e-08
162.045,0.0,135.98190312499997,3.422655e-08
162.045,0.0,135.98165312499998,3.44334e-08
162.045,0.0,135.98140312499999,3.457485e-08
162.045,0.0,135.98115312499996,3.462835e-08
162.045,0.0,135.98090312499997,3.4553e-08
162.045,0.0,135.98065312499998,3.47837e-08
162.045,0.0,135.98040312499998,3.4560399999999995e-08
162.045,0.0,135.980153125,3.549735e-08
162.045,0.0,135.97990312499996,3.51242e-08
162.045,0.0,135.97965312499997,3.561915e-08
162.045,0.0,135.97940312499998,3.5483e-08
162.045,0.0,135.97915312499998,3.575595e-08
162.045,0.0,135.97890312499996,3.58399e-08
162.045,0.0,135.97865312499997,3.56025e-08
162.045,0.0,135.97840312499997,3.57905e-08
162.045,0.0,135.97815312499998,3.59816e-08
162.045,0.0,135.97790312499998,3.60648e-08
162.045,0.0,135.97765312499996,3.61097e-08
162.045,0.0,135.97740312499997,3.644175e-08
162.045,0.0,135.97715312499997,3.622905e-08
162.045,0.0,135.97690312499998,3.64124e-08
162.045,0.0,135.97665312499998,3.645145e-08
162.045,0.0,135.97640312499996,3.62829e-08
162.045,0.0,135.97615312499997,3.63628e-08
162.045,0.0,135.97590312499997,3.61643e-08
162.045,0.0,135.97565312499998,3.640225e-08
162.045,0.0,135.97540312499999,3.61767e-08
162.045,0.0,135.97515312499996,3.6481e-08
162.045,0.0,135.97490312499997,3.63592e-08
162.045,0.0,135.97465312499997,3.640745e-08
162.045,0.0,135.97440312499998,3.61231e-08
162.045,0.0,135.974153125,3.614355000000001e-08
162.045,0.0,135.97390312499996,3.61593e-08
162.045,0.0,135.97365312499997,3.61529e-08
162.045,0.0,135.97340312499998,3.60865e-08
162.045,0.0,135.97315312499998,3.62256e-08
162.045,0.0,135.97290312499996,3.62224e-08
162.045,0.0,135.97265312499997,3.639895e-08
162.045,0.0,135.97240312499997,3.64093e-08
162.045,0.0,135.97215312499998,3.643115e-08
162.045,0.0,135.97190312499998,3.657945e-08
162.045,0.0,135.97165312499996,3.637845e-08
162.045,0.0,135.97140312499997,3.654125e-08
162.045,0.0,135.97115312499997,3.648235e-08
162.045,0.0,135.97090312499998,3.62337e-08
162.045,0.0,135.97065312499998,3.63459e-08
162.045,0.0,135.97040312499996,3.62691e-08
162.045,0.0,135.97015312499997,3.60753e-08
162.045,0.0,135.96990312499997,3.58489e-08
162.045,0.0,135.96965312499998,3.628755e-08
162.045,0.0,135.96940312499999,3.6203066666666676e-08
162.045,0.0,135.96915312499996,3.623505e-08
162.045,0.0,135.96890312499997,3.58864e-08
162.045,0.0,135.96865312499997,3.627885e-08
162.045,0.0,135.96840312499998,3.63882e-08
162.045,0.0,135.968153125,3.653875e-08
162.045,0.0,135.96790312499996,3.63153e-08
162.045,0.0,135.96765312499997,3.65432e-08
162.045,0.0,135.96740312499998,3.60684e-08
162.045,0.0,135.96715312499998,3.643470000000001e-08
162.045,0.0,135.96690312499996,3.6208150000000004e-08
162.045,0.0,135.96665312499997,3.66226e-08
162.045,0.0,135.96640312499997,3.5975099999999995e-08
162.045,0.0,135.96615312499998,3.64321e-08
162.045,0.0,135.96590312499998,3.60433e-08
162.045,0.0,135.96565312499996,3.612755e-08
162.045,0.0,135.96540312499997,3.634385e-08
162.045,0.0,135.96515312499997,3.615065e-08
162.045,0.0,135.96490312499998,3.602585e-08
162.045,0.0,135.96465312499998,3.62688e-08
162.045,0.0,135.96440312499996,3.60583e-08
162.045,0.0,135.96415312499997,3.601325e-08
162.045,0.0,135.96390312499997,3.56051e-08
162.045,0.0,135.96365312499998,3.578195e-08
162.045,0.0,135.96340312499999,3.604035e-08
162.045,0.0,135.96315312499996,3.60545e-08
162.045,0.0,135.96290312499997,3.60411e-08
162.045,0.0,135.96265312499997,3.60368e-08
162.045,0.0,135.96240312499998,3.6110266666666674e-08
162.045,0.0,135.962153125,3.58518e-08
162.045,0.0,135.96190312499996,3.635805e-08
162.045,0.0,135.96165312499997,3.59479e-08
162.045,0.0,135.96140312499998,3.592905e-08
162.045,0.0,135.96115312499998,3.58319e-08
162.045,0.0,135.96090312499996,3.5929e-08
162.045,0.0,135.96065312499996,3.6136e-08
162.045,0.0,135.96040312499997,3.5976850000000004e-08
162.045,0.0,135.96015312499998,3.578615e-08
162.045,0.0,135.95990312499998,3.60459e-08
162.045,0.0,135.95965312499996,3.58298e-08
162.045,0.0,135.95940312499997,3.584625e-08
162.045,0.0,135.95915312499997,3.57145e-08
162.045,0.0,135.95890312499998,3.628165e-08
162.045,0.0,135.95865312499998,3.53294e-08
162.045,0.0,135.95840312499996,3.5698e-08
162.045,0.0,135.95815312499997,3.55092e-08
162.045,0.0,135.95790312499997,3.588695e-08
162.045,0.0,135.95765312499998,3.55402e-08
162.045,0.0,135.95740312499998,3.57964e-08
162.045,0.0,135.95715312499996,3.56757e-08
162.045,0.0,135.95690312499997,3.59479e-08
162.045,0.0,135.95665312499997,3.616775e-08
162.045,0.0,135.95640312499998,3.58503e-08
162.045,0.0,135.956153125,3.575335e-08
162.045,0.0,135.95590312499996,3.618625e-08
162.045,0.0,135.95565312499997,3.604745e-08
162.045,0.0,135.95540312499998,3.5842600000000004e-08
162.045,0.0,135.95515312499998,3.63566e-08
162.045,0.0,135.954903125,3.5995950000000004e-08
162.045,0.0,135.95465312499996,3.5414949999999994e-08
162.045,0.0,135.95440312499997,3.579005e-08
162.045,0.0,135.95415312499998,3.58787e-08
162.045,0.0,135.95390312499998,3.4970650000000004e-08
162.045,0.0,135.95365312499996,3.547783333333333e-08
162.045,0.0,135.95340312499997,3.556235e-08
162.045,0.0,135.95315312499997,3.54553e-08
162.045,0.0,135.95290312499998,3.588535e-08
162.045,0.0,135.95265312499998,3.656795e-08
162.045,0.0,135.95240312499996,3.528435e-08
162.045,0.0,135.95215312499997,3.55726e-08
162.045,0.0,135.95190312499997,3.55639e-08
162.045,0.0,135.95165312499998,3.55224e-08
162.045,0.0,135.95140312499998,3.5047349999999995e-08
162.045,0.0,135.95115312499996,3.54827e-08
162.045,0.0,135.95090312499997,3.5554800000000005e-08
162.045,0.0,135.95065312499997,3.560735e-08
162.045,0.0,135.95040312499998,3.567635e-08
162.045,0.0,135.95015312499999,3.57067e-08
162.045,0.0,135.94990312499996,3.570685e-08
162.045,0.0,135.94965312499997,3.581225e-08
162.045,0.0,135.94940312499998,3.557995e-08
162.045,0.0,135.94915312499998,3.5606349999999994e-08
162.045,0.0,135.948903125,3.565205e-08
162.045,0.0,135.94865312499996,3.57033e-08
162.045,0.0,135.94840312499997,3.530855e-08
162.045,0.0,135.94815312499998,3.54e-08
162.045,0.0,135.94790312499998,3.522775e-08
162.045,0.0,135.94765312499996,3.5181e-08
162.045,0.0,135.94740312499997,3.570065e-08
162.045,0.0,135.94715312499997,3.51601e-08
162.045,0.0,135.94690312499998,3.5629066666666673e-08
162.045,0.0,135.94665312499998,3.54544e-08
162.045,0.0,135.94640312499996,3.57565e-08
162.045,0.0,135.94615312499997,3.54639e-08
162.045,0.0,135.94590312499997,3.60035e-08
162.045,0.0,135.94565312499998,3.55716e-08
162.045,0.0,135.94540312499998,3.58672e-08
162.045,0.0,135.94515312499996,3.58631e-08
162.045,0.0,135.94490312499997,3.493945e-08
162.045,0.0,135.94465312499997,3.565945e-08
162.045,0.0,135.94440312499998,3.57798e-08
162.045,0.0,135.94415312499999,3.606015e-08
162.045,0.0,135.94390312499996,3.547835e-08
162.045,0.0,135.94365312499997,3.5539e-08
162.045,0.0,135.94340312499997,3.548755e-08
162.045,0.0,135.94315312499998,3.563e-08
162.045,0.0,135.942903125,3.48871e-08
162.045,0.0,135.94265312499996,3.5388e-08
162.045,0.0,135.94240312499997,3.500255e-08
162.045,0.0,135.94215312499998,3.529485e-08
162.045,0.0,135.94190312499998,3.59813e-08
162.045,0.0,135.94165312499996,3.523775e-08
162.045,0.0,135.94140312499997,3.54198e-08
162.045,0.0,135.94115312499997,3.532715e-08
162.045,0.0,135.94090312499998,3.562085e-08
162.045,0.0,135.94065312499998,3.514535e-08
162.045,0.0,135.94040312499996,3.54019e-08
162.045,0.0,135.94015312499997,3.5935e-08
162.045,0.0,135.93990312499997,3.5519666666666674e-08
162.045,0.0,135.93965312499998,3.5339e-08
162.045,0.0,135.93940312499998,3.5501e-08
162.045,0.0,135.93915312499996,3.5525400000000004e-08
162.045,0.0,135.93890312499997,3.548265e-08
162.045,0.0,135.93865312499997,3.586365e-08
162.045,0.0,135.93840312499998,3.52846e-08
162.045,0.0,135.93815312499999,3.522885e-08
162.045,0.0,135.93790312499996,3.55595e-08
162.045,0.0,135.93765312499997,3.56432e-08
162.045,0.0,135.93740312499997,3.55041e-08
162.045,0.0,135.93715312499998,3.52904e-08
162.045,0.0,135.936903125,3.54582e-08
162.045,0.0,135.93665312499996,3.49852e-08
162.045,0.0,135.93640312499997,3.54857e-08
162.045,0.0,135.93615312499998,3.546665e-08
162.045,0.0,135.93590312499998,3.551996666666667e-08
162.045,0.0,135.93565312499996,3.5155450000000004e-08
162.045,0.0,135.93540312499997,3.52935e-08
162.045,0.0,135.93515312499997,3.526855e-08
162.045,0.0,135.93490312499998,3.554755e-08
162.045,0.0,135.93465312499998,3.55469e-08
162.045,0.0,135.93440312499996,3.52102e-08
162.045,0.0,135.93415312499997,3.54714e-08
162.045,0.0,135.93390312499997,3.5267550000000004e-08
162.045,0.0,135.93365312499998,3.52243e-08
162.045,0.0,135.93340312499998,3.50251e-08
162.045,0.0,135.93315312499996,3.55474e-08
162.045,0.0,135.93290312499997,3.50952e-08
162.045,0.0,135.93265312499997,3.57006e-08
162.045,0.0,135.93240312499998,3.53465e-08
162.045,0.0,135.93215312499999,3.636315e-08
162.045,0.0,135.93190312499996,3.5477200000000005e-08
162.045,0.0,135.93165312499997,3.5756200000000004e-08
162.045,0.0,135.93140312499997,3.569175e-08
162.045,0.0,135.93115312499998,3.58925e-08
162.045,0.0,135.930903125,3.58476e-08
162.045,0.0,135.93065312499996,3.5649850000000003e-08
162.045,0.0,135.93040312499997,3.57063e-08
162.045,0.0,135.93015312499998,3.5514900000000005e-08
162.045,0.0,135.92990312499998,3.538665e-08
162.045,0.0,135.92965312499996,3.554795e-08
162.045,0.0,135.92940312499996,3.55063e-08
162.045,0.0,135.92915312499997,3.573345e-08
162.045,0.0,135.92890312499998,3.553785e-08
162.045,0.0,135.92865312499998,3.55224e-08
162.045,0.0,135.92840312499996,3.56158e-08
162.045,0.0,135.92815312499997,3.5406700000000004e-08
162.045,0.0,135.92790312499997,3.57462e-08
162.045,0.0,135.92765312499998,3.561615e-08
162.045,0.0,135.92740312499998,3.55981e-08
162.045,0.0,135.92715312499996,3.56679e-08
162.045,0.0,135.92690312499997,3.5784e-08
162.045,0.0,135.92665312499997,3.588395e-08
162.045,0.0,135.92640312499998,3.53249e-08
162.045,0.0,135.92615312499998,3.563145e-08
162.045,0.0,135.92590312499996,3.5920649999999995e-08
162.045,0.0,135.92565312499997,3.560975e-08
162.045,0.0,135.92540312499997,3.54593e-08
162.045,0.0,135.92515312499998,3.608295e-08
162.045,0.0,135.924903125,3.531865e-08
162.045,0.0,135.92465312499996,3.5546e-08
162.045,0.0,135.92440312499997,3.58673e-08
162.045,0.0,135.92415312499998,3.52252e-08
162.045,0.0,135.92390312499998,3.56823e-08
162.045,0.0,135.923653125,3.58307e-08
162.045,0.0,135.92340312499996,3.54994e-08
162.045,0.0,135.92315312499997,3.537285e-08
162.045,0.0,135.92290312499998,3.551735e-08
162.045,0.0,135.92265312499998,3.5823300000000006e-08
162.045,0.0,135.92240312499996,3.57702e-08
162.045,0.0,135.92215312499997,3.55857e-08
162.045,0.0,135.92190312499997,3.56886e-08
162.045,0.0,135.92165312499998,3.55106e-08
162.045,0.0,135.92140312499998,3.596625e-08
162.045,0.0,135.92115312499996,3.576275e-08
162.045,0.0,135.92090312499997,3.568055e-08
162.045,0.0,135.92065312499997,3.46515e-08
162.045,0.0,135.92040312499998,3.561005e-08
162.045,0.0,135.92015312499998,3.589425e-08
162.045,0.0,135.91990312499996,3.546935e-08
162.045,0.0,135.91965312499997,3.549915e-08
162.045,0.0,135.91940312499997,3.57062e-08
162.045,0.0,135.91915312499998,3.534385e-08
162.045,0.0,135.91890312499999,3.522285e-08
162.045,0.0,135.91865312499996,3.37952e-08
162.045,0.0,135.91840312499997,3.541975e-08
162.045,0.0,135.91815312499998,3.542335e-08
162.045,0.0,135.91790312499998,3.528385e-08
162.045,0.0,135.917653125,3.55055e-08
162.045,0.0,135.91740312499996,3.568495e-08
162.045,0.0,135.91715312499997,3.547455e-08
162.045,0.0,135.91690312499998,3.56735e-08
162.045,0.0,135.91665312499998,3.59973e-08
162.045,0.0,135.91640312499996,3.568e-08
162.045,0.0,135.91615312499997,3.58048e-08
162.045,0.0,135.91590312499997,3.58199e-08
162.045,0.0,135.91565312499998,3.5766000000000004e-08
162.045,0.0,135.91540312499998,3.5491750000000004e-08
162.045,0.0,135.91515312499996,3.54256e-08
162.045,0.0,135.91490312499997,3.53298e-08
162.045,0.0,135.91465312499997,3.53122e-08
162.045,0.0,135.91440312499998,3.518185e-08
162.045,0.0,135.91415312499998,3.52377e-08
162.045,0.0,135.91390312499996,3.546915e-08
162.045,0.0,135.91365312499997,3.56495e-08
162.045,0.0,135.91340312499997,3.529335e-08
162.045,0.0,135.91315312499998,3.5444e-08
162.045,0.0,135.91290312499999,3.522415e-08
162.045,0.0,135.91265312499996,3.500745e-08
162.045,0.0,135.91240312499997,3.57594e-08
162.045,0.0,135.91215312499997,3.49345e-08
162.045,0.0,135.91190312499998,3.521775e-08
162.045,0.0,135.911653125,3.61481e-08
162.045,0.0,135.91140312499996,3.5033200000000004e-08
162.045,0.0,135.91115312499997,3.53883e-08
162.045,0.0,135.91090312499998,3.536845e-08
162.045,0.0,135.91065312499998,3.531265e-08
162.045,0.0,135.91040312499996,3.520615e-08
162.045,0.0,135.91015312499997,3.506565e-08
162.045,0.0,135.90990312499997,3.5184200000000003e-08
162.045,0.0,135.90965312499998,3.5341e-08
162.045,0.0,135.90940312499998,3.532995e-08
162.045,0.0,135.90915312499996,3.512655e-08
162.045,0.0,135.90890312499997,3.4753550000000004e-08
162.045,0.0,135.90865312499997,3.483225e-08
162.045,0.0,135.90840312499998,3.48859e-08
162.045,0.0,135.90815312499998,3.4961850000000004e-08
162.045,0.0,135.90790312499996,3.48287e-08
162.045,0.0,135.90765312499997,3.49891e-08
162.045,0.0,135.90740312499997,3.49067e-08
162.045,0.0,135.90715312499998,3.453655e-08
162.045,0.0,135.90690312499999,3.502585e-08
162.045,0.0,135.90665312499996,3.50067e-08
162.045,0.0,135.90640312499997,3.5053400000000005e-08
162.045,0.0,135.90615312499997,3.508625e-08
162.045,0.0,135.90590312499998,3.40443e-08
162.045,0.0,135.905653125,3.506675e-08
162.045,0.0,135.90540312499996,3.4985299999999995e-08
162.045,0.0,135.90515312499997,3.46759e-08
162.045,0.0,135.90490312499998,3.509015e-08
162.045,0.0,135.90465312499998,3.48232e-08
162.045,0.0,135.90440312499996,3.49498e-08
162.045,0.0,135.90415312499997,3.488825e-08
162.045,0.0,135.90390312499997,3.46258e-08
162.045,0.0,135.90365312499998,3.4640600000000004e-08
162.045,0.0,135.90340312499998,3.44973e-08
162.045,0.0,135.90315312499996,3.44371e-08
162.045,0.0,135.90290312499997,3.45827e-08
162.045,0.0,135.90265312499997,3.47895e-08
162.045,0.0,135.90240312499998,3.45602e-08
162.045,0.0,135.90215312499998,3.448495e-08
162.045,0.0,135.90190312499996,3.5045700000000005e-08
162.045,0.0,135.90165312499997,3.46835e-08
162.045,0.0,135.90140312499997,3.4740350000000004e-08
162.045,0.0,135.90115312499998,3.44927e-08
162.045,0.0,135.90090312499999,3.46498e-08
162.045,0.0,135.90065312499996,3.388685e-08
162.045,0.0,135.90040312499997,3.471925e-08
162.045,0.0,135.90015312499997,3.49466e-08
162.045,0.0,135.89990312499998,3.46242e-08
162.045,0.0,135.899653125,3.47094e-08
162.045,0.0,135.89940312499996,3.443375e-08
162.045,0.0,135.89915312499997,3.43853e-08
162.045,0.0,135.89890312499998,3.45832e-08
162.045,0.0,135.89865312499998,3.431585e-08
162.045,0.0,135.89840312499996,3.4534250000000004e-08
162.045,0.0,135.89815312499996,3.45196e-08
162.045,0.0,135.89790312499997,3.48242e-08
162.045,0.0,135.89765312499998,3.418655e-08
162.045,0.0,135.89740312499998,3.432076666666666e-08
162.045,0.0,135.89715312499996,3.4318099999999995e-08
162.045,0.0,135.89690312499997,3.40572e-08
162.045,0.0,135.89665312499997,3.44666e-08
162.045,0.0,135.89640312499998,3.445575e-08
162.045,0.0,135.89615312499998,3.382835e-08
162.045,0.0,135.89590312499996,3.44999e-08
162.045,0.0,135.89565312499997,3.440965e-08
162.045,0.0,135.89540312499997,3.455275e-08
162.045,0.0,135.89515312499998,3.41547e-08
162.045,0.0,135.89490312499998,3.4150600000000004e-08
162.045,0.0,135.89465312499996,3.4180850000000005e-08
162.045,0.0,135.89440312499997,3.37856e-08
162.045,0.0,135.89415312499997,3.438745e-08
162.045,0.0,135.89390312499998,3.45088e-08
162.045,0.0,135.893653125,3.407645e-08
162.045,0.0,135.89340312499996,3.372505e-08
162.045,0.0,135.89315312499997,3.42433e-08
162.045,0.0,135.89290312499998,3.40381e-08
162.045,0.0,135.89265312499998,3.36826e-08
162.045,0.0,135.892403125,3.35713e-08
162.045,0.0,135.89215312499996,3.37556e-08
162.045,0.0,135.89190312499997,3.35391e-08
162.045,0.0,135.89165312499998,3.355775e-08
162.045,0.0,135.89140312499998,3.3722150000000004e-08
162.045,0.0,135.89115312499996,3.405815e-08
162.045,0.0,135.89090312499997,3.41187e-08
162.045,0.0,135.89065312499997,3.4018766666666665e-08
162.045,0.0,135.89040312499998,3.45655e-08
162.045,0.0,135.89015312499998,3.4284350000000004e-08
162.045,0.0,135.88990312499996,3.39737e-08
162.045,0.0,135.88965312499997,3.42843e-08
162.045,0.0,135.88940312499997,3.43081e-08
162.045,0.0,135.88915312499998,3.394235e-08
162.045,0.0,135.88890312499998,3.45346e-08
162.045,0.0,135.88865312499996,3.4467749999999994e-08
162.045,0.0,135.88840312499997,3.448326666666666e-08
162.045,0.0,135.88815312499997,3.42327e-08
162.045,0.0,135.88790312499998,3.42237e-08
162.045,0.0,135.88765312499999,3.406255e-08
162.045,0.0,135.88740312499996,3.414995e-08
162.045,0.0,135.88715312499997,3.42041e-08
162.045,0.0,135.88690312499998,3.42243e-08
162.045,0.0,135.88665312499998,3.43353e-08
162.045,0.0,135.886403125,3.44122e-08
162.045,0.0,135.88615312499996,3.425375e-08
162.045,0.0,135.88590312499997,3.3815099999999994e-08
162.045,0.0,135.88565312499998,3.424685e-08
162.045,0.0,135.88540312499998,3.465815e-08
162.045,0.0,135.88515312499996,3.43507e-08
162.045,0.0,135.88490312499997,3.42944e-08
162.045,0.0,135.88465312499997,3.394865e-08
162.045,0.0,135.88440312499998,3.43719e-08
162.045,0.0,135.88415312499998,3.4439050000000004e-08
162.045,0.0,135.88390312499996,3.37615e-08
162.045,0.0,135.88365312499997,3.414085e-08
162.045,0.0,135.88340312499997,3.4079133333333335e-08
162.045,0.0,135.88315312499998,3.43575e-08
162.045,0.0,135.88290312499998,3.37676e-08
162.045,0.0,135.88265312499996,3.3249200000000006e-08
162.045,0.0,135.88240312499997,3.354415e-08
162.045,0.0,135.88215312499997,3.37549e-08
162.045,0.0,135.88190312499998,3.39018e-08
162.045,0.0,135.88165312499999,3.332315e-08
162.045,0.0,135.88140312499996,3.388645e-08
162.045,0.0,135.88115312499997,3.3024850000000005e-08
162.045,0.0,135.88090312499997,3.331995e-08
162.045,0.0,135.88065312499998,3.324205e-08
162.045,0.0,135.880403125,3.3028050000000006e-08
162.045,0.0,135.88015312499996,3.25862e-08
162.045,0.0,135.87990312499997,3.259425e-08
162.045,0.0,135.87965312499998,3.252575e-08
162.045,0.0,135.87940312499998,3.313625e-08
162.045,0.0,135.87915312499996,3.244485e-08
162.045,0.0,135.87890312499997,3.24355e-08
162.045,0.0,135.87865312499997,3.1736749999999995e-08
162.045,0.0,135.87840312499998,3.2269900000000005e-08
162.045,0.0,135.87815312499998,3.22461e-08
162.045,0.0,135.87790312499996,3.19878e-08
162.045,0.0,135.87765312499997,3.22925e-08
162.045,0.0,135.87740312499997,3.19628e-08
162.045,0.0,135.87715312499998,3.207385e-08
162.045,0.0,135.87690312499998,3.223645e-08
162.045,0.0,135.87665312499996,3.23257e-08
162.045,0.0,135.87640312499997,3.228085e-08
162.045,0.0,135.87615312499997,3.22905e-08
162.045,0.0,135.87590312499998,3.255625e-08
162.045,0.0,135.87565312499999,3.23716e-08
162.045,0.0,135.87540312499996,3.2213600000000005e-08
162.045,0.0,135.87515312499997,3.21291e-08
162.045,0.0,135.87490312499997,3.2153733333333335e-08
162.045,0.0,135.87465312499998,3.1978250000000004e-08
162.045,0.0,135.874403125,3.18938e-08
162.045,0.0,135.87415312499996,3.19551e-08
162.045,0.0,135.87390312499997,3.1662349999999995e-08
162.045,0.0,135.87365312499998,3.204795e-08
162.045,0.0,135.87340312499998,3.207445e-08
162.045,0.0,135.87315312499996,3.26527e-08
162.045,0.0,135.87290312499997,3.203525e-08
162.045,0.0,135.87265312499997,3.22497e-08
162.045,0.0,135.87240312499998,3.21159e-08
162.045,0.0,135.87215312499998,3.192225e-08
162.045,0.0,135.87190312499996,3.196995e-08
162.045,0.0,135.87165312499997,3.15752e-08
162.045,0.0,135.87140312499997,3.1548e-08
162.045,0.0,135.87115312499998,3.08561e-08
162.045,0.0,135.87090312499998,3.091725e-08
162.045,0.0,135.87065312499996,3.09927e-08
162.045,0.0,135.87040312499997,3.144975e-08
162.045,0.0,135.87015312499997,3.157055e-08
162.045,0.0,135.86990312499998,3.182455e-08
162.045,0.0,135.86965312499999,3.200595e-08
162.045,0.0,135.86940312499996,3.21833e-08
162.045,0.0,135.86915312499997,3.17249e-08
162.045,0.0,135.86890312499997,3.204325e-08
162.045,0.0,135.86865312499998,3.22077e-08
162.045,0.0,135.868403125,3.22415e-08
162.045,0.0,135.86815312499996,3.189575e-08
162.045,0.0,135.86790312499997,3.20108e-08
162.045,0.0,135.86765312499998,3.18211e-08
162.045,0.0,135.86740312499998,3.31244e-08
162.045,0.0,135.86715312499996,3.2380500000000003e-08
162.045,0.0,135.86690312499996,3.21808e-08
162.045,0.0,135.86665312499997,3.2362900000000005e-08
162.045,0.0,135.86640312499998,3.217545e-08
162.045,0.0,135.86615312499998,3.23785e-08
162.045,0.0,135.86590312499996,3.2283250000000006e-08
162.045,0.0,135.86565312499997,3.266925e-08
162.045,0.0,135.86540312499997,3.2851e-08
162.045,0.0,135.86515312499998,3.303565e-08
162.045,0.0,135.86490312499998,3.34267e-08
162.045,0.0,135.86465312499996,3.317395e-08
162.045,0.0,135.86440312499997,3.33103e-08
162.045,0.0,135.86415312499997,3.31776e-08
162.045,0.0,135.86390312499998,3.302865e-08
162.045,0.0,135.86365312499998,3.3480649999999995e-08
162.045,0.0,135.86340312499996,3.366555e-08
162.045,0.0,135.86315312499997,3.3329700000000005e-08
162.045,0.0,135.86290312499997,3.34112e-08
162.045,0.0,135.86265312499998,3.330995e-08
162.045,0.0,135.862403125,3.32043e-08
162.045,0.0,135.86215312499996,3.3407599999999995e-08
162.045,0.0,135.86190312499997,3.35705e-08
162.045,0.0,135.86165312499998,3.3632200000000004e-08
162.045,0.0,135.86140312499998,3.298025e-08
162.045,0.0,135.861153125,3.357755e-08
162.045,0.0,135.86090312499996,3.3477e-08
162.045,0.0,135.86065312499997,3.35859e-08
162.045,0.0,135.86040312499998,3.34259e-08
162.045,0.0,135.86015312499998,3.33195e-08
162.045,0.0,135.85990312499996,3.337825e-08
162.045,0.0,135.85965312499997,3.326835e-08
162.045,0.0,135.85940312499997,3.36174e-08
162.045,0.0,135.85915312499998,3.32936e-08
162.045,0.0,135.85890312499998,3.325163333333333e-08
162.045,0.0,135.85865312499996,3.29768e-08
162.045,0.0,135.85840312499997,3.32555e-08
162.045,0.0,135.85815312499997,3.29781e-08
162.045,0.0,135.85790312499998,3.305635e-08
162.045,0.0,135.85765312499998,3.3132e-08
162.045,0.0,135.85740312499996,3.29956e-08
162.045,0.0,135.85715312499997,3.29784e-08
162.045,0.0,135.85690312499997,3.30446e-08
162.045,0.0,135.85665312499998,3.3146133333333336e-08
162.045,0.0,135.85640312499999,3.28596e-08
162.045,0.0,135.85615312499996,3.32375e-08
162.045,0.0,135.85590312499997,3.3264899999999995e-08
162.045,0.0,135.85565312499998,3.318765e-08
162.045,0.0,135.85540312499998,3.3293e-08
162.045,0.0,135.855153125,3.34354e-08
162.045,0.0,135.85490312499996,3.326115e-08
162.045,0.0,135.85465312499997,3.31191e-08
162.045,0.0,135.85440312499998,3.29545e-08
162.045,0.0,135.85415312499998,3.306765e-08
162.045,0.0,135.85390312499996,3.3318999999999995e-08
162.045,0.0,135.85365312499997,3.33746e-08
162.045,0.0,135.85340312499997,3.29157e-08
162.045,0.0,135.85315312499998,3.27555e-08
162.045,0.0,135.85290312499998,3.306785e-08
162.045,0.0,135.85265312499996,3.283015e-08
162.045,0.0,135.85240312499997,3.29992e-08
162.045,0.0,135.85215312499997,3.31919e-08
162.045,0.0,135.85190312499998,3.2647300000000004e-08
162.045,0.0,135.85165312499998,3.279465e-08
162.045,0.0,135.85140312499996,3.30186e-08
162.045,0.0,135.85115312499997,3.294365e-08
162.045,0.0,135.85090312499997,3.3176500000000006e-08
162.045,0.0,135.85065312499998,3.32156e-08
162.045,0.0,135.85040312499999,3.32034e-08
162.045,0.0,135.85015312499996,3.33805e-08
162.045,0.0,135.84990312499997,3.3344966666666666e-08
162.045,0.0,135.84965312499997,3.31307e-08
162.045,0.0,135.84940312499998,3.321075e-08
162.045,0.0,135.849153125,3.336e-08
162.045,0.0,135.84890312499996,3.3113e-08
162.045,0.0,135.84865312499997,3.2980499999999995e-08
162.045,0.0,135.84840312499998,3.31899e-08
162.045,0.0,135.84815312499998,3.3268000000000004e-08
162.045,0.0,135.84790312499996,3.296705e-08
162.045,0.0,135.84765312499997,3.3212700000000005e-08
162.045,0.0,135.84740312499997,3.32153e-08
162.045,0.0,135.84715312499998,3.29513e-08
162.045,0.0,135.84690312499998,3.297655e-08
162.045,0.0,135.84665312499996,3.29081e-08
162.045,0.0,135.84640312499997,3.29998e-08
162.045,0.0,135.84615312499997,3.334075e-08
162.045,0.0,135.84590312499998,3.318395e-08
162.045,0.0,135.84565312499998,3.30702e-08
162.045,0.0,135.84540312499996,3.3162300000000006e-08
162.045,0.0,135.84515312499997,3.30113e-08
162.045,0.0,135.84490312499997,3.2971600000000004e-08
162.045,0.0,135.84465312499998,3.31064e-08
162.045,0.0,135.84440312499999,3.29664e-08
162.045,0.0,135.84415312499996,3.292685e-08
162.045,0.0,135.84390312499997,3.287295e-08
162.045,0.0,135.84365312499997,3.27469e-08
162.045,0.0,135.84340312499998,3.28072e-08
162.045,0.0,135.843153125,3.266775e-08
162.045,0.0,135.84290312499996,3.26383e-08
162.045,0.0,135.84265312499997,3.2782e-08
162.045,0.0,135.84240312499998,3.27717e-08
162.045,0.0,135.84215312499998,3.29686e-08
162.045,0.0,135.84190312499996,3.264035e-08
162.045,0.0,135.84165312499997,3.27611e-08
162.045,0.0,135.84140312499997,3.27792e-08
162.045,0.0,135.84115312499998,3.27811e-08
162.045,0.0,135.84090312499998,3.2968200000000005e-08
162.045,0.0,135.84065312499996,3.28058e-08
162.045,0.0,135.84040312499997,3.2576800000000004e-08
162.045,0.0,135.84015312499997,3.2872850000000004e-08
162.045,0.0,135.83990312499998,3.2895299999999994e-08
162.045,0.0,135.83965312499998,3.25113e-08
162.045,0.0,135.83940312499996,3.291465e-08
162.045,0.0,135.83915312499997,3.29467e-08
162.045,0.0,135.83890312499997,3.253245e-08
162.045,0.0,135.83865312499998,3.24677e-08
162.045,0.0,135.83840312499999,3.2754000000000003e-08
162.045,0.0,135.83815312499996,3.2517049999999995e-08
162.045,0.0,135.83790312499997,3.28293e-08
162.045,0.0,135.83765312499997,3.25846e-08
162.045,0.0,135.83740312499998,3.25388e-08
162.045,0.0,135.837153125,3.2652200000000004e-08
162.045,0.0,135.83690312499996,3.2597400000000006e-08
162.045,0.0,135.83665312499997,3.241985e-08
162.045,0.0,135.83640312499998,3.2411549999999995e-08
162.045,0.0,135.83615312499998,3.27505e-08
162.045,0.0,135.83590312499996,3.247245e-08
162.045,0.0,135.83565312499996,3.24911e-08
162.045,0.0,135.83540312499997,3.24908e-08
162.045,0.0,135.83515312499998,3.21895e-08
162.045,0.0,135.83490312499998,3.241605e-08
162.045,0.0,135.83465312499996,3.26214e-08
162.045,0.0,135.83440312499997,3.25332e-08
162.045,0.0,135.83415312499997,3.22094e-08
162.045,0.0,135.83390312499998,3.247826666666667e-08
162.045,0.0,135.83365312499998,3.23013e-08
162.045,0.0,135.83340312499996,3.22174e-08
162.045,0.0,135.83315312499997,3.239555e-08
162.045,0.0,135.83290312499997,3.22575e-08
162.045,0.0,135.83265312499998,3.2596e-08
162.045,0.0,135.83240312499998,3.26228e-08
162.045,0.0,135.83215312499996,3.23703e-08
162.045,0.0,135.83190312499997,3.22107e-08
162.045,0.0,135.83165312499997,3.24962e-08
162.045,0.0,135.83140312499998,3.29013e-08
162.045,0.0,135.831153125,3.27074e-08
162.045,0.0,135.83090312499996,3.26359e-08
162.045,0.0,135.83065312499997,3.32042e-08
162.045,0.0,135.83040312499998,3.25136e-08
162.045,0.0,135.83015312499998,3.277855e-08
162.045,0.0,135.829903125,3.227775e-08
162.045,0.0,135.82965312499996,3.234e-08
162.045,0.0,135.82940312499997,3.2491e-08
162.045,0.0,135.82915312499998,3.2251e-08
162.045,0.0,135.82890312499998,3.218e-08
162.045,0.0,135.82865312499996,3.2070400000000004e-08
162.045,0.0,135.82840312499997,3.2110249999999995e-08
162.045,0.0,135.82815312499997,3.20111e-08
162.045,0.0,135.82790312499998,3.19685e-08
162.045,0.0,135.82765312499998,3.20531e-08
162.045,0.0,135.82740312499996,3.1938566666666664e-08
162.045,0.0,135.82715312499997,3.20897e-08
162.045,0.0,135.82690312499997,3.20405e-08
162.045,0.0,135.82665312499998,3.20663e-08
162.045,0.0,135.82640312499998,3.199595e-08
162.045,0.0,135.82615312499996,3.223495e-08
162.045,0.0,135.82590312499997,3.19006e-08
162.045,0.0,135.82565312499997,3.22495e-08
162.045,0.0,135.82540312499998,3.2161350000000005e-08
162.045,0.0,135.82515312499999,3.214285e-08
162.045,0.0,135.82490312499996,3.2193e-08
162.045,0.0,135.82465312499997,3.20038e-08
162.045,0.0,135.82440312499998,3.18387e-08
162.045,0.0,135.82415312499998,3.24304e-08
162.045,0.0,135.823903125,3.21242e-08
162.045,0.0,135.82365312499996,3.211495e-08
162.045,0.0,135.82340312499997,3.19914e-08
162.045,0.0,135.82315312499998,3.217565e-08
162.045,0.0,135.82290312499998,3.21766e-08
162.045,0.0,135.82265312499996,3.243215e-08
162.045,0.0,135.82240312499997,3.1810850000000005e-08
162.045,0.0,135.82215312499997,3.222655e-08
162.045,0.0,135.82190312499998,3.23067e-08
162.045,0.0,135.82165312499998,3.238575e-08
162.045,0.0,135.82140312499996,3.2273450000000005e-08
162.045,0.0,135.82115312499997,3.238535e-08
162.045,0.0,135.82090312499997,3.23278e-08
162.045,0.0,135.82065312499998,3.2334266666666674e-08
162.045,0.0,135.82040312499998,3.2843e-08
162.045,0.0,135.82015312499996,3.23685e-08
162.045,0.0,135.81990312499997,3.25801e-08
162.045,0.0,135.81965312499997,3.2388100000000004e-08
162.045,0.0,135.81940312499998,3.25141e-08
162.045,0.0,135.81915312499999,3.2809950000000005e-08
162.045,0.0,135.81890312499996,3.25463e-08
162.045,0.0,135.81865312499997,3.26859e-08
162.045,0.0,135.81840312499997,3.220773333333333e-08
162.045,0.0,135.81815312499998,3.260155e-08
162.045,0.0,135.817903125,3.23706e-08
162.045,0.0,135.81765312499996,3.24921e-08
162.045,0.0,135.81740312499997,3.26277e-08
162.045,0.0,135.81715312499998,3.293425e-08
162.045,0.0,135.81690312499998,3.2431e-08
162.045,0.0,135.81665312499996,3.24235e-08
162.045,0.0,135.81640312499997,3.256405e-08
162.045,0.0,135.81615312499997,3.254745e-08
162.045,0.0,135.81590312499998,3.268565e-08
162.045,0.0,135.81565312499998,3.230145e-08
162.045,0.0,135.81540312499996,3.242285e-08
162.045,0.0,135.81515312499997,3.23811e-08
162.045,0.0,135.81490312499997,3.23851e-08
162.045,0.0,135.81465312499998,3.2248950000000004e-08
162.045,0.0,135.81440312499998,3.225365e-08
162.045,0.0,135.81415312499996,3.210775e-08
162.045,0.0,135.81390312499997,3.1896e-08
162.045,0.0,135.81365312499997,3.2148850000000004e-08
162.045,0.0,135.81340312499998,3.24724e-08
162.045,0.0,135.81315312499999,3.2280400000000004e-08
162.045,0.0,135.81290312499996,3.24282e-08
162.045,0.0,135.81265312499997,3.1866150000000004e-08
162.045,0.0,135.81240312499997,3.22628e-08
162.045,0.0,135.81215312499998,3.20382e-08
162.045,0.0,135.811903125,3.20761e-08
162.045,0.0,135.81165312499996,3.1930266666666665e-08
162.045,0.0,135.81140312499997,3.19729e-08
162.045,0.0,135.81115312499998,3.21429e-08
162.045,0.0,135.81090312499998,3.17637e-08
162.045,0.0,135.81065312499996,3.13833e-08
162.045,0.0,135.81040312499997,3.170255e-08
162.045,0.0,135.81015312499997,3.152085e-08
162.045,0.0,135.80990312499998,3.18638e-08
162.045,0.0,135.80965312499998,3.202725e-08
162.045,0.0,135.80940312499996,3.17128e-08
162.045,0.0,135.80915312499997,3.209975e-08
162.045,0.0,135.80890312499997,3.184615e-08
162.045,0.0,135.80865312499998,3.194105e-08
162.045,0.0,135.80840312499998,3.20047e-08
162.045,0.0,135.80815312499996,3.30101e-08
162.045,0.0,135.80790312499997,3.163945e-08
162.045,0.0,135.80765312499997,3.198555e-08
162.045,0.0,135.80740312499998,3.16832e-08
162.045,0.0,135.80715312499999,3.16159e-08
162.045,0.0,135.80690312499996,3.1782450000000004e-08
162.045,0.0,135.80665312499997,3.1576000000000004e-08
162.045,0.0,135.80640312499997,3.16757e-08
162.045,0.0,135.80615312499998,3.11212e-08
162.045,0.0,135.805903125,3.19653e-08
162.045,0.0,135.80565312499996,3.16036e-08
162.045,0.0,135.80540312499997,3.16322e-08
162.045,0.0,135.80515312499998,3.16713e-08
162.045,0.0,135.80490312499998,3.1827366666666667e-08
162.045,0.0,135.80465312499996,3.1893200000000004e-08
162.045,0.0,135.80440312499996,3.185265e-08
162.045,0.0,135.80415312499997,3.18039e-08
162.045,0.0,135.80390312499998,3.170155e-08
162.045,0.0,135.80365312499998,3.182375e-08
162.045,0.0,135.80340312499996,3.1672200000000005e-08
162.045,0.0,135.80315312499997,3.17977e-08
162.045,0.0,135.80290312499997,3.1487050000000005e-08
162.045,0.0,135.80265312499998,3.15931e-08
162.045,0.0,135.80240312499998,3.178165e-08
162.045,0.0,135.80215312499996,3.18317e-08
162.045,0.0,135.80190312499997,3.162205e-08
162.045,0.0,135.80165312499997,3.177725e-08
162.045,0.0,135.80140312499998,3.1586300000000005e-08
162.045,0.0,135.80115312499998,3.12832e-08
162.045,0.0,135.80090312499996,3.175595e-08
162.045,0.0,135.80065312499997,3.143255e-08
162.045,0.0,135.80040312499997,3.1697e-08
162.045,0.0,135.80015312499998,3.168305e-08
162.045,0.0,135.799903125,3.16931e-08
162.045,0.0,135.79965312499996,3.1524750000000006e-08
162.045,0.0,135.79940312499997,3.1571950000000004e-08
162.045,0.0,135.79915312499998,3.15232e-08
162.045,0.0,135.79890312499998,3.15277e-08
162.045,0.0,135.798653125,3.172975e-08
162.045,0.0,135.79840312499996,3.13849e-08
162.045,0.0,135.79815312499997,3.13734e-08
162.045,0.0,135.79790312499998,3.09829e-08
162.045,0.0,135.79765312499998,3.1396549999999995e-08
162.045,0.0,135.79740312499996,3.12648e-08
162.045,0.0,135.79715312499997,3.09174e-08
162.045,0.0,135.79690312499997,3.120735e-08
162.045,0.0,135.79665312499998,3.160945e-08
162.045,0.0,135.79640312499998,3.123555e-08
162.045,0.0,135.79615312499996,3.10089e-08
162.045,0.0,135.79590312499997,3.08039e-08
162.045,0.0,135.79565312499997,3.123975e-08
162.045,0.0,135.79540312499998,3.1250649999999994e-08
162.045,0.0,135.79515312499998,3.09072e-08
162.045,0.0,135.79490312499996,3.113545e-08
162.045,0.0,135.79465312499997,3.049395e-08
162.045,0.0,135.79440312499997,3.13602e-08
162.045,0.0,135.79415312499998,3.09712e-08
162.045,0.0,135.79390312499999,3.1395e-08
162.045,0.0,135.79365312499996,3.119495e-08
162.045,0.0,135.79340312499997,3.0726700000000005e-08
162.045,0.0,135.79315312499998,3.10785e-08
162.045,0.0,135.79290312499998,3.127805e-08
162.045,0.0,135.792653125,3.14886e-08
162.045,0.0,135.79240312499996,3.1321700000000004e-08
162.045,0.0,135.79215312499997,3.10858e-08
162.045,0.0,135.79190312499998,3.12492e-08
162.045,0.0,135.79165312499998,3.12124e-08
162.045,0.0,135.79140312499996,3.141235e-08
162.045,0.0,135.79115312499997,3.1254250000000003e-08
162.045,0.0,135.79090312499997,3.119565e-08
162.045,0.0,135.79065312499998,3.13586e-08
162.045,0.0,135.79040312499998,3.12934e-08
162.045,0.0,135.79015312499996,3.133495e-08
162.045,0.0,135.78990312499997,3.171965e-08
162.045,0.0,135.78965312499997,3.1466549999999995e-08
162.045,0.0,135.78940312499998,3.11149e-08
162.045,0.0,135.78915312499998,3.14359e-08
162.045,0.0,135.78890312499996,3.1332566666666665e-08
162.045,0.0,135.78865312499997,3.168195e-08
162.045,0.0,135.78840312499997,3.13146e-08
162.045,0.0,135.78815312499998,3.14795e-08
162.045,0.0,135.78790312499999,3.12453e-08
162.045,0.0,135.78765312499996,3.1564000000000004e-08
162.045,0.0,135.78740312499997,3.20672e-08
162.045,0.0,135.78715312499997,3.14986e-08
162.045,0.0,135.78690312499998,3.1575633333333335e-08
162.045,0.0,135.786653125,3.148445e-08
162.045,0.0,135.78640312499996,3.17486e-08
162.045,0.0,135.78615312499997,3.143545e-08
162.045,0.0,135.78590312499998,3.181075e-08
162.045,0.0,135.78565312499998,3.15901e-08
162.045,0.0,135.78540312499996,3.16955e-08
162.045,0.0,135.78515312499997,3.141695e-08
162.045,0.0,135.78490312499997,3.1587500000000004e-08
162.045,0.0,135.78465312499998,3.1746100000000004e-08
162.045,0.0,135.78440312499998,3.177385e-08
162.045,0.0,135.78415312499996,3.1777999999999995e-08
162.045,0.0,135.78390312499997,3.165385e-08
162.045,0.0,135.78365312499997,3.16855e-08
162.045,0.0,135.78340312499998,3.20412e-08
162.045,0.0,135.78315312499998,3.16251e-08
162.045,0.0,135.78290312499996,3.16973e-08
162.045,0.0,135.78265312499997,3.19673e-08
162.045,0.0,135.78240312499997,3.19514e-08
162.045,0.0,135.78215312499998,3.1914500000000004e-08
162.045,0.0,135.78190312499999,3.196735e-08
162.045,0.0,135.78165312499996,3.16862e-08
162.045,0.0,135.78140312499997,3.17845e-08
162.045,0.0,135.78115312499997,3.160225e-08
162.045,0.0,135.78090312499998,3.176595e-08
162.045,0.0,135.780653125,3.21137e-08
162.045,0.0,135.78040312499996,3.18495e-08
162.045,0.0,135.78015312499997,3.166445e-08
162.045,0.0,135.77990312499998,3.150426666666667e-08
162.045,0.0,135.77965312499998,3.18823e-08
162.045,0.0,135.77940312499996,3.18082e-08
162.045,0.0,135.77915312499997,3.1973150000000006e-08
162.045,0.0,135.77890312499997,3.1899e-08
162.045,0.0,135.77865312499998,3.2063950000000006e-08
162.045,0.0,135.77840312499998,3.20192e-08
162.045,0.0,135.77815312499996,3.20409e-08
162.045,0.0,135.77790312499997,3.192433333333333e-08
162.045,0.0,135.77765312499997,3.189945e-08
162.045,0.0,135.77740312499998,3.17341e-08
162.045,0.0,135.77715312499998,3.1829e-08
162.045,0.0,135.77690312499996,3.172905e-08
162.045,0.0,135.77665312499997,3.143365e-08
162.045,0.0,135.77640312499997,3.18539e-08
162.045,0.0,135.77615312499998,3.18095e-08
162.045,0.0,135.77590312499999,3.1737650000000004e-08
162.045,0.0,135.77565312499996,3.179585e-08
162.045,0.0,135.77540312499997,3.17162e-08
162.045,0.0,135.77515312499997,3.167115e-08
162.045,0.0,135.77490312499998,3.1572899999999995e-08
162.045,0.0,135.774653125,3.16426e-08
162.045,0.0,135.77440312499996,3.17818e-08
162.045,0.0,135.77415312499997,3.2151050000000004e-08
162.045,0.0,135.77390312499998,3.1517500000000004e-08
162.045,0.0,135.77365312499998,3.196815e-08
162.045,0.0,135.77340312499996,3.18042e-08
162.045,0.0,135.77315312499996,3.188855e-08
162.045,0.0,135.77290312499997,3.16254e-08
162.045,0.0,135.77265312499998,3.20301e-08
162.045,0.0,135.77240312499998,3.184085e-08
162.045,0.0,135.77215312499996,3.1912e-08
162.045,0.0,135.77190312499997,3.187395e-08
162.045,0.0,135.77165312499997,3.1898450000000003e-08
162.045,0.0,135.77140312499998,3.20902e-08
162.045,0.0,135.77115312499998,3.198975e-08
162.045,0.0,135.77090312499996,3.1929066666666673e-08
162.045,0.0,135.77065312499997,3.18056e-08
162.045,0.0,135.77040312499997,3.19834e-08
162.045,0.0,135.77015312499998,3.170845e-08
162.045,0.0,135.76990312499998,3.13366e-08
162.045,0.0,135.76965312499996,3.18228e-08
162.045,0.0,135.76940312499997,3.110045e-08
162.045,0.0,135.76915312499997,3.16675e-08
162.045,0.0,135.76890312499998,3.18345e-08
162.045,0.0,135.768653125,3.16762e-08
162.045,0.0,135.76840312499996,3.156425e-08
162.045,0.0,135.76815312499997,3.17692e-08
162.045,0.0,135.76790312499998,3.149215e-08
162.045,0.0,135.76765312499998,3.16776e-08
162.045,0.0,135.767403125,3.16964e-08
162.045,0.0,135.76715312499996,3.18518e-08
162.045,0.0,135.76690312499997,3.135895e-08
162.045,0.0,135.76665312499998,3.167025e-08
162.045,0.0,135.76640312499998,3.2030949999999995e-08
162.045,0.0,135.76615312499996,3.158065e-08
162.045,0.0,135.76590312499997,3.143115e-08
162.045,0.0,135.76565312499997,3.16569e-08
162.045,0.0,135.76540312499998,3.170495e-08
162.045,0.0,135.76515312499998,3.158915e-08
162.045,0.0,135.76490312499996,3.15644e-08
162.045,0.0,135.76465312499997,3.16199e-08
162.045,0.0,135.76440312499997,3.171895e-08
162.045,0.0,135.76415312499998,3.138245e-08
162.045,0.0,135.76390312499998,3.176733333333333e-08
162.045,0.0,135.76365312499996,3.13688e-08
162.045,0.0,135.76340312499997,3.12719e-08
162.045,0.0,135.76315312499997,3.14249e-08
162.045,0.0,135.76290312499998,3.12444e-08
162.045,0.0,135.76265312499999,3.19005e-08
162.045,0.0,135.76240312499996,3.11168e-08
162.045,0.0,135.76215312499997,3.11885e-08
162.045,0.0,135.76190312499998,3.1216999999999994e-08
162.045,0.0,135.76165312499998,3.1100550000000004e-08
162.045,0.0,135.761403125,3.09655e-08
162.045,0.0,135.76115312499996,3.11272e-08
162.045,0.0,135.76090312499997,3.10377e-08
162.045,0.0,135.76065312499998,3.02505e-08
162.045,0.0,135.76040312499998,3.113785e-08
162.045,0.0,135.76015312499996,3.0892750000000004e-08
162.045,0.0,135.75990312499997,3.094995e-08
162.045,0.0,135.75965312499997,3.097645e-08
162.045,0.0,135.75940312499998,3.09108e-08
162.045,0.0,135.75915312499998,3.0810400000000004e-08
162.045,0.0,135.75890312499996,3.0915050000000005e-08
162.045,0.0,135.75865312499997,2.99491e-08
162.045,0.0,135.75840312499997,3.0829850000000004e-08
162.045,0.0,135.75815312499998,3.10752e-08
162.045,0.0,135.75790312499998,3.07885e-08
162.045,0.0,135.75765312499996,3.07444e-08
162.045,0.0,135.75740312499997,3.117025e-08
162.045,0.0,135.75715312499997,3.098195e-08
162.045,0.0,135.75690312499998,3.104365e-08
162.045,0.0,135.75665312499999,3.08238e-08
162.045,0.0,135.75640312499996,3.0811750000000005e-08
162.045,0.0,135.75615312499997,3.06875e-08
162.045,0.0,135.75590312499997,3.08615e-08
162.045,0.0,135.75565312499998,3.0937550000000004e-08
162.045,0.0,135.755403125,3.077605e-08
162.045,0.0,135.75515312499996,3.0739050000000004e-08
162.045,0.0,135.75490312499997,3.09791e-08
162.045,0.0,135.75465312499998,3.0945449999999995e-08
162.045,0.0,135.75440312499998,3.05669e-08
162.045,0.0,135.75415312499996,3.092955e-08
162.045,0.0,135.75390312499997,3.087345e-08
162.045,0.0,135.75365312499997,3.08955e-08
162.045,0.0,135.75340312499998,3.0821349999999994e-08
162.045,0.0,135.75315312499998,3.07295e-08
162.045,0.0,135.75290312499996,3.087425e-08
162.045,0.0,135.75265312499997,3.10751e-08
162.045,0.0,135.75240312499997,3.0894100000000004e-08
162.045,0.0,135.75215312499998,3.1057e-08
162.045,0.0,135.75190312499998,3.1101e-08
162.045,0.0,135.75165312499996,3.08381e-08
162.045,0.0,135.75140312499997,3.074195e-08
162.045,0.0,135.75115312499997,3.08084e-08
162.045,0.0,135.75090312499998,3.105305e-08
162.045,0.0,135.75065312499999,3.061865e-08
162.045,0.0,135.75040312499996,3.052865e-08
162.045,0.0,135.75015312499997,3.069465e-08
162.045,0.0,135.74990312499997,3.10108e-08
162.045,0.0,135.74965312499998,3.065615e-08
162.045,0.0,135.749403125,3.06453e-08
162.045,0.0,135.74915312499996,3.09131e-08
162.045,0.0,135.74890312499997,3.074665e-08
162.045,0.0,135.74865312499998,3.080825e-08
162.045,0.0,135.74840312499998,3.070025e-08
162.045,0.0,135.74815312499996,3.08551e-08
162.045,0.0,135.74790312499997,3.08636e-08
162.045,0.0,135.74765312499997,3.073895e-08
162.045,0.0,135.74740312499998,3.1031050000000004e-08
162.045,0.0,135.74715312499998,3.0829000000000004e-08
162.045,0.0,135.74690312499996,3.08073e-08
162.045,0.0,135.74665312499997,3.087715e-08
162.045,0.0,135.74640312499997,3.07162e-08
162.045,0.0,135.74615312499998,3.02494e-08
162.045,0.0,135.74590312499998,3.05929e-08
162.045,0.0,135.74565312499996,3.06009e-08
162.045,0.0,135.74540312499997,3.0552900000000004e-08
162.045,0.0,135.74515312499997,3.074065e-08
162.045,0.0,135.74490312499998,3.06818e-08
162.045,0.0,135.74465312499999,3.07899e-08
162.045,0.0,135.74440312499996,3.075335e-08
162.045,0.0,135.74415312499997,3.07292e-08
162.045,0.0,135.74390312499997,3.0339799999999995e-08
162.045,0.0,135.74365312499998,3.101085e-08
162.045,0.0,135.743403125,3.095505e-08
162.045,0.0,135.74315312499996,3.0769949999999994e-08
162.045,0.0,135.74290312499997,3.10054e-08
162.045,0.0,135.74265312499998,3.161315e-08
162.045,0.0,135.74240312499998,3.101175e-08
162.045,0.0,135.74215312499996,3.07621e-08
162.045,0.0,135.74190312499996,3.15641e-08
162.045,0.0,135.74165312499997,3.09027e-08
162.045,0.0,135.74140312499998,3.09904e-08
162.045,0.0,135.74115312499998,3.08326e-08
162.045,0.0,135.74090312499996,3.08878e-08
162.045,0.0,135.74065312499997,3.11022e-08
162.045,0.0,135.74040312499997,3.0867e-08
162.045,0.0,135.74015312499998,3.1012800000000004e-08
162.045,0.0,135.73990312499998,3.05751e-08
162.045,0.0,135.73965312499996,3.09623e-08
162.045,0.0,135.73940312499997,3.07812e-08
162.045,0.0,135.73915312499997,3.09289e-08
162.045,0.0,135.73890312499998,3.10214e-08
162.045,0.0,135.73865312499998,3.100505e-08
162.045,0.0,135.73840312499996,3.107505e-08
162.045,0.0,135.73815312499997,3.136765e-08
162.045,0.0,135.73790312499997,3.13586e-08
162.045,0.0,135.73765312499998,3.1176300000000004e-08
162.045,0.0,135.737403125,3.124155e-08
162.045,0.0,135.73715312499996,3.10307e-08
162.045,0.0,135.73690312499997,3.0798849999999995e-08
162.045,0.0,135.73665312499998,3.1225500000000004e-08
162.045,0.0,135.73640312499998,3.10568e-08
162.045,0.0,135.736153125,3.14358e-08
162.045,0.0,135.73590312499996,3.0897e-08
162.045,0.0,135.73565312499997,3.0890999999999995e-08
162.045,0.0,135.73540312499998,3.0679350000000005e-08
162.045,0.0,135.73515312499998,3.075165e-08
162.045,0.0,135.73490312499996,3.0806850000000004e-08
162.045,0.0,135.73465312499997,3.0834400000000005e-08
162.045,0.0,135.73440312499997,3.087265e-08
162.045,0.0,135.73415312499998,3.08047e-08
162.045,0.0,135.73390312499998,3.094045e-08
162.045,0.0,135.73365312499996,3.1019050000000004e-08
162.045,0.0,135.73340312499997,3.09339e-08
162.045,0.0,135.73315312499997,3.104765e-08
162.045,0.0,135.73290312499998,3.11556e-08
162.045,0.0,135.73265312499998,3.0935333333333335e-08
162.045,0.0,135.73240312499996,3.08537e-08
162.045,0.0,135.73215312499997,3.10713e-08
162.045,0.0,135.73190312499997,3.07491e-08
162.045,0.0,135.73165312499998,3.09003e-08
162.045,0.0,135.73140312499999,3.072605e-08
162.045,0.0,135.73115312499996,3.09474e-08
162.045,0.0,135.73090312499997,3.0903849999999995e-08
162.045,0.0,135.73065312499998,3.079356666666667e-08
162.045,0.0,135.73040312499998,3.0647e-08
162.045,0.0,135.730153125,3.06268e-08
162.045,0.0,135.72990312499996,3.05692e-08
162.045,0.0,135.72965312499997,3.075265e-08
162.045,0.0,135.72940312499998,3.0664150000000004e-08
162.045,0.0,135.72915312499998,3.08448e-08
162.045,0.0,135.72890312499996,3.13298e-08
162.045,0.0,135.72865312499997,3.0952049999999994e-08
162.045,0.0,135.72840312499997,3.081195e-08
162.045,0.0,135.72815312499998,3.09288e-08
162.045,0.0,135.72790312499998,3.106685e-08
162.045,0.0,135.72765312499996,3.112765e-08
162.045,0.0,135.72740312499997,3.0943450000000006e-08
162.045,0.0,135.72715312499997,3.13735e-08
162.045,0.0,135.72690312499998,3.090985e-08
162.045,0.0,135.72665312499998,3.0634849999999995e-08
162.045,0.0,135.72640312499996,3.1056e-08
162.045,0.0,135.72615312499997,3.08835e-08
162.045,0.0,135.72590312499997,3.087455e-08
162.045,0.0,135.72565312499998,3.10861e-08
162.045,0.0,135.72540312499999,3.1133350000000004e-08
162.045,0.0,135.72515312499996,3.08702e-08
162.045,0.0,135.72490312499997,3.093115e-08
162.045,0.0,135.72465312499997,3.157645e-08
162.045,0.0,135.72440312499998,3.091125e-08
162.045,0.0,135.724153125,3.10567e-08
162.045,0.0,135.72390312499996,3.08504e-08
162.045,0.0,135.72365312499997,3.09915e-08
162.045,0.0,135.72340312499998,3.1125766666666666e-08
162.045,0.0,135.72315312499998,3.11377e-08
162.045,0.0,135.72290312499996,3.132615e-08
162.045,0.0,135.72265312499997,3.10829e-08
162.045,0.0,135.72240312499997,3.12536e-08
162.045,0.0,135.72215312499998,3.12328e-08
162.045,0.0,135.72190312499998,3.13879e-08
162.045,0.0,135.72165312499996,3.12493e-08
162.045,0.0,135.72140312499997,3.113685e-08
162.045,0.0,135.72115312499997,3.110395e-08
162.045,0.0,135.72090312499998,3.10983e-08
162.045,0.0,135.72065312499998,3.10845e-08
162.045,0.0,135.72040312499996,3.112205e-08
162.045,0.0,135.72015312499997,3.09115e-08
162.045,0.0,135.71990312499997,3.09797e-08
162.045,0.0,135.71965312499998,3.1076999999999994e-08
162.045,0.0,135.71940312499999,3.14491e-08
162.045,0.0,135.71915312499996,3.08975e-08
162.045,0.0,135.71890312499997,3.11102e-08
162.045,0.0,135.71865312499997,3.097065e-08
162.045,0.0,135.71840312499998,3.078425e-08
162.045,0.0,135.718153125,3.12725e-08
162.045,0.0,135.71790312499996,3.115165e-08
162.045,0.0,135.71765312499997,3.1196400000000005e-08
162.045,0.0,135.71740312499998,3.117665e-08
162.045,0.0,135.71715312499998,3.107925e-08
162.045,0.0,135.71690312499996,3.1059749999999995e-08
162.045,0.0,135.71665312499997,3.123725e-08
162.045,0.0,135.71640312499997,3.11546e-08
162.045,0.0,135.71615312499998,3.1138250000000004e-08
162.045,0.0,135.71590312499998,3.123625e-08
162.045,0.0,135.71565312499996,3.10983e-08
162.045,0.0,135.71540312499997,3.11127e-08
162.045,0.0,135.71515312499997,3.09716e-08
162.045,0.0,135.71490312499998,3.129845e-08
162.045,0.0,135.71465312499998,3.09618e-08
162.045,0.0,135.71440312499996,3.04476e-08
162.045,0.0,135.71415312499997,3.078175e-08
162.045,0.0,135.71390312499997,3.10645e-08
162.045,0.0,135.71365312499998,3.077705e-08
162.045,0.0,135.71340312499999,3.06162e-08
162.045,0.0,135.71315312499996,3.066545e-08
162.045,0.0,135.71290312499997,3.06678e-08
162.045,0.0,135.71265312499997,3.097795e-08
162.045,0.0,135.71240312499998,3.059125e-08
162.045,0.0,135.712153125,3.08868e-08
162.045,0.0,135.71190312499996,3.07766e-08
162.045,0.0,135.71165312499997,3.07791e-08
162.045,0.0,135.71140312499998,3.07577e-08
162.045,0.0,135.71115312499998,3.0671250000000004e-08
162.045,0.0,135.71090312499996,3.086425e-08
162.045,0.0,135.71065312499996,3.086915e-08
162.045,0.0,135.71040312499997,3.07703e-08
162.045,0.0,135.71015312499998,3.0779249999999994e-08
162.045,0.0,135.70990312499998,3.0973e-08
162.045,0.0,135.70965312499996,3.063945e-08
162.045,0.0,135.70940312499997,3.07225e-08
162.045,0.0,135.70915312499997,3.059055e-08
162.045,0.0,135.70890312499998,3.0636250000000004e-08
162.045,0.0,135.70865312499998,3.06456e-08
162.045,0.0,135.70840312499996,3.049735e-08
162.045,0.0,135.70815312499997,3.09231e-08
162.045,0.0,135.70790312499997,3.06166e-08
162.045,0.0,135.70765312499998,3.0529550000000005e-08
162.045,0.0,135.70740312499998,3.10375e-08
162.045,0.0,135.70715312499996,3.06681e-08
162.045,0.0,135.70690312499997,3.053355e-08
162.045,0.0,135.70665312499997,3.0847899999999994e-08
162.045,0.0,135.70640312499998,3.05842e-08
162.045,0.0,135.706153125,3.073725e-08
162.045,0.0,135.70590312499996,3.0646550000000005e-08
162.045,0.0,135.70565312499997,3.06436e-08
162.045,0.0,135.70540312499998,3.06364e-08
162.045,0.0,135.70515312499998,3.0661100000000004e-08
162.045,0.0,135.704903125,3.059265e-08
162.045,0.0,135.70465312499996,3.06825e-08
162.045,0.0,135.70440312499997,3.06123e-08
162.045,0.0,135.70415312499998,3.0416950000000004e-08
162.045,0.0,135.70390312499998,3.0457700000000004e-08
162.045,0.0,135.70365312499996,3.0501500000000003e-08
162.045,0.0,135.70340312499997,3.0613549999999994e-08
162.045,0.0,135.70315312499997,3.05606e-08
162.045,0.0,135.70290312499998,3.0447e-08
162.045,0.0,135.70265312499998,3.070425e-08
162.045,0.0,135.70240312499996,3.05663e-08
162.045,0.0,135.70215312499997,3.066265e-08
162.045,0.0,135.70190312499997,3.039705e-08
162.045,0.0,135.70165312499998,3.04263e-08
162.045,0.0,135.70140312499998,3.01154e-08
162.045,0.0,135.70115312499996,3.05155e-08
162.045,0.0,135.70090312499997,3.046793333333333e-08
162.045,0.0,135.70065312499997,3.044465e-08
162.045,0.0,135.70040312499998,3.0488e-08
162.045,0.0,135.70015312499999,3.0805949999999995e-08
162.045,0.0,135.69990312499996,3.051865e-08
162.045,0.0,135.69965312499997,3.04821e-08
162.045,0.0,135.69940312499998,2.99766e-08
162.045,0.0,135.69915312499998,3.05059e-08
162.045,0.0,135.698903125,3.024175e-08
162.045,0.0,135.69865312499996,3.035235e-08
162.045,0.0,135.69840312499997,3.019475e-08
162.045,0.0,135.69815312499998,3.0555e-08
162.045,0.0,135.69790312499998,3.01035e-08
162.045,0.0,135.69765312499996,3.01267e-08
162.045,0.0,135.69740312499997,3.01339e-08
162.045,0.0,135.69715312499997,3.0400499999999995e-08
162.045,0.0,135.69690312499998,3.024575e-08
162.045,0.0,135.69665312499998,3.0449250000000004e-08
162.045,0.0,135.69640312499996,3.009075e-08
162.045,0.0,135.69615312499997,3.01155e-08
162.045,0.0,135.69590312499997,3.024435e-08
162.045,0.0,135.69565312499998,3.03382e-08
162.045,0.0,135.69540312499998,3.02659e-08
162.045,0.0,135.69515312499996,3.0124049999999995e-08
162.045,0.0,135.69490312499997,3.033395e-08
162.045,0.0,135.69465312499997,3.022535e-08
162.045,0.0,135.69440312499998,3.02856e-08
162.045,0.0,135.69415312499999,3.020535e-08
162.045,0.0,135.69390312499996,3.0414199999999995e-08
162.045,0.0,135.69365312499997,3.01597e-08
162.045,0.0,135.69340312499997,3.0093799999999994e-08
162.045,0.0,135.69315312499998,2.99839e-08
162.045,0.0,135.692903125,3.02552e-08
162.045,0.0,135.69265312499996,2.98781e-08
162.045,0.0,135.69240312499997,3.021765e-08
162.045,0.0,135.69215312499998,3.0145066666666675e-08
162.045,0.0,135.69190312499998,3.01456e-08
162.045,0.0,135.69165312499996,3.01338e-08
162.045,0.0,135.69140312499997,2.999325e-08
162.045,0.0,135.69115312499997,2.999685e-08
162.045,0.0,135.69090312499998,2.991865e-08
162.045,0.0,135.69065312499998,2.97069e-08
162.045,0.0,135.69040312499996,3.00564e-08
162.045,0.0,135.69015312499997,3.0103e-08
162.045,0.0,135.68990312499997,3.04887e-08
162.045,0.0,135.68965312499998,3.0087250000000004e-08
162.045,0.0,135.68940312499998,3.00444e-08
162.045,0.0,135.68915312499996,2.975525e-08
162.045,0.0,135.68890312499997,3.011535e-08
162.045,0.0,135.68865312499997,3.06252e-08
162.045,0.0,135.68840312499998,3.0211799999999995e-08
162.045,0.0,135.68815312499999,3.02342e-08
162.045,0.0,135.68790312499996,3.017105e-08
162.045,0.0,135.68765312499997,2.997765e-08
162.045,0.0,135.68740312499997,2.97991e-08
162.045,0.0,135.68715312499998,3.0001500000000006e-08
162.045,0.0,135.686903125,2.98369e-08
162.045,0.0,135.68665312499996,3.03376e-08
162.045,0.0,135.68640312499997,3.00783e-08
162.045,0.0,135.68615312499998,2.999875e-08
162.045,0.0,135.68590312499998,2.977695e-08
162.045,0.0,135.68565312499996,2.96544e-08
162.045,0.0,135.68540312499997,2.984315e-08
162.045,0.0,135.68515312499997,2.97719e-08
162.045,0.0,135.68490312499998,2.98111e-08
162.045,0.0,135.68465312499998,3.03407e-08
162.045,0.0,135.68440312499996,3.021435e-08
162.045,0.0,135.68415312499997,2.977145e-08
162.045,0.0,135.68390312499997,3.0028750000000003e-08
162.045,0.0,135.68365312499998,3.01098e-08
162.045,0.0,135.68340312499998,2.96438e-08
162.045,0.0,135.68315312499996,3.0079300000000004e-08
162.045,0.0,135.68290312499997,3.050325e-08
162.045,0.0,135.68265312499997,3.0036649999999994e-08
162.045,0.0,135.68240312499998,3.01924e-08
162.045,0.0,135.68215312499999,2.9898999999999995e-08
162.045,0.0,135.68190312499996,3.0323899999999995e-08
162.045,0.0,135.68165312499997,2.99511e-08
162.045,0.0,135.68140312499997,3.04121e-08
162.045,0.0,135.68115312499998,3.020755e-08
162.045,0.0,135.680903125,3.049525e-08
162.045,0.0,135.68065312499996,3.05034e-08
162.045,0.0,135.68040312499997,3.029885e-08
162.045,0.0,135.68015312499998,3.051355e-08
162.045,0.0,135.67990312499998,3.060775e-08
162.045,0.0,135.67965312499996,3.05962e-08
162.045,0.0,135.67940312499996,3.026855e-08
162.045,0.0,135.67915312499997,3.05052e-08
162.045,0.0,135.67890312499998,3.0904900000000006e-08
162.045,0.0,135.67865312499998,3.069145e-08
162.045,0.0,135.67840312499996,3.1181700000000005e-08
162.045,0.0,135.67815312499997,3.078465e-08
162.045,0.0,135.67790312499997,3.08818e-08
162.045,0.0,135.67765312499998,3.09033e-08
162.045,0.0,135.67740312499998,3.06872e-08
162.045,0.0,135.67715312499996,3.0740349999999995e-08
162.045,0.0,135.67690312499997,3.052615e-08
162.045,0.0,135.67665312499997,3.078005e-08
162.045,0.0,135.67640312499998,3.07056e-08
162.045,0.0,135.67615312499998,3.070475e-08
162.045,0.0,135.67590312499996,3.0891e-08
162.045,0.0,135.67565312499997,3.0729699999999995e-08
162.045,0.0,135.67540312499997,3.05729e-08
162.045,0.0,135.67515312499998,3.08399e-08
162.045,0.0,135.674903125,3.05882e-08
162.045,0.0,135.67465312499996,3.0926900000000004e-08
162.045,0.0,135.67440312499997,3.07423e-08
162.045,0.0,135.67415312499998,3.11779e-08
162.045,0.0,135.67390312499998,3.092475e-08
162.045,0.0,135.673653125,3.0720800000000003e-08
162.045,0.0,135.67340312499996,3.105415e-08
162.045,0.0,135.67315312499997,3.0486e-08
162.045,0.0,135.67290312499998,3.09469e-08
162.045,0.0,135.67265312499998,3.0774499999999995e-08
162.045,0.0,135.67240312499996,3.0977399999999995e-08
162.045,0.0,135.67215312499997,3.078325e-08
162.045,0.0,135.67190312499997,3.054865e-08
162.045,0.0,135.67165312499998,3.04994e-08
162.045,0.0,135.67140312499998,3.077015e-08
162.045,0.0,135.67115312499996,3.06456e-08
162.045,0.0,135.67090312499997,3.07856e-08
162.045,0.0,135.67065312499997,3.114515e-08
162.045,0.0,135.67040312499998,3.08332e-08
162.045,0.0,135.67015312499998,3.10129e-08
162.045,0.0,135.66990312499996,3.085445e-08
162.045,0.0,135.66965312499997,3.1013249999999995e-08
162.045,0.0,135.66940312499997,3.11992e-08
162.045,0.0,135.66915312499998,3.1082e-08
162.045,0.0,135.66890312499999,3.09291e-08
162.045,0.0,135.66865312499996,3.05843e-08
162.045,0.0,135.66840312499997,3.104035e-08
162.045,0.0,135.66815312499998,3.08793e-08
162.045,0.0,135.66790312499998,3.07712e-08
162.045,0.0,135.667653125,3.08977e-08
162.045,0.0,135.66740312499996,3.07464e-08
162.045,0.0,135.66715312499997,3.092135e-08
162.045,0.0,135.66690312499998,3.10116e-08
162.045,0.0,135.66665312499998,3.069465e-08
162.045,0.0,135.66640312499996,3.1221600000000005e-08
162.045,0.0,135.66615312499997,3.104065e-08
162.045,0.0,135.66590312499997,3.12922e-08
162.045,0.0,135.66565312499998,3.085665e-08
162.045,0.0,135.66540312499998,3.125255e-08
162.045,0.0,135.66515312499996,3.08838e-08
162.045,0.0,135.66490312499997,3.098025e-08
162.045,0.0,135.66465312499997,3.13839e-08
162.045,0.0,135.66440312499998,3.172915e-08
162.045,0.0,135.66415312499998,3.093165e-08
162.045,0.0,135.66390312499996,3.10879e-08
162.045,0.0,135.66365312499997,3.10689e-08
162.045,0.0,135.66340312499997,3.09606e-08
162.045,0.0,135.66315312499998,3.10688e-08
162.045,0.0,135.66290312499999,3.11026e-08
162.045,0.0,135.66265312499996,3.1161500000000004e-08
162.045,0.0,135.66240312499997,3.15825e-08
162.045,0.0,135.66215312499997,3.1005e-08
162.045,0.0,135.66190312499998,3.09384e-08
162.045,0.0,135.661653125,3.11221e-08
162.045,0.0,135.66140312499996,3.11597e-08
162.045,0.0,135.66115312499997,3.107955e-08
162.045,0.0,135.66090312499998,3.11148e-08
162.045,0.0,135.66065312499998,3.10773e-08
162.045,0.0,135.66040312499996,3.0901233333333344e-08
162.045,0.0,135.66015312499997,3.10567e-08
162.045,0.0,135.65990312499997,3.084305e-08
162.045,0.0,135.65965312499998,3.085365e-08
162.045,0.0,135.65940312499998,3.10438e-08
162.045,0.0,135.65915312499996,3.034365e-08
162.045,0.0,135.65890312499997,3.10332e-08
162.045,0.0,135.65865312499997,3.091585e-08
162.045,0.0,135.65840312499998,3.074535e-08
162.045,0.0,135.65815312499998,3.0865850000000005e-08
162.045,0.0,135.65790312499996,3.104315e-08
162.045,0.0,135.65765312499997,3.092395e-08
162.045,0.0,135.65740312499997,3.10298e-08
162.045,0.0,135.65715312499998,3.09739e-08
162.045,0.0,135.65690312499999,3.07967e-08
162.045,0.0,135.65665312499996,3.08416e-08
162.045,0.0,135.65640312499997,3.07444e-08
162.045,0.0,135.65615312499997,3.067185e-08
162.045,0.0,135.65590312499998,3.10643e-08
162.045,0.0,135.655653125,3.08313e-08
162.045,0.0,135.65540312499996,3.0874e-08
162.045,0.0,135.65515312499997,3.03683e-08
162.045,0.0,135.65490312499998,3.07794e-08
162.045,0.0,135.65465312499998,3.03064e-08
162.045,0.0,135.65440312499996,3.07724e-08
162.045,0.0,135.65415312499997,3.0556450000000004e-08
162.045,0.0,135.65390312499997,3.03484e-08
162.045,0.0,135.65365312499998,3.067765e-08
162.045,0.0,135.65340312499998,3.071415e-08
162.045,0.0,135.65315312499996,3.12092e-08
162.045,0.0,135.65290312499997,3.0929250000000005e-08
162.045,0.0,135.65265312499997,3.118045e-08
162.045,0.0,135.65240312499998,3.08289e-08
162.045,0.0,135.65215312499998,3.04351e-08
162.045,0.0,135.65190312499996,3.07065e-08
162.045,0.0,135.65165312499997,3.091973333333333e-08
162.045,0.0,135.65140312499997,3.071945e-08
162.045,0.0,135.65115312499998,3.07573e-08
162.045,0.0,135.65090312499999,3.062365e-08
162.045,0.0,135.65065312499996,3.0936e-08
162.045,0.0,135.65040312499997,3.08685e-08
162.045,0.0,135.65015312499997,3.07702e-08
162.045,0.0,135.64990312499998,3.0849749999999995e-08
162.045,0.0,135.649653125,3.065535e-08
162.045,0.0,135.64940312499996,3.14927e-08
162.045,0.0,135.64915312499997,3.0714e-08
162.045,0.0,135.64890312499998,3.0617599999999995e-08
162.045,0.0,135.64865312499998,3.11328e-08
162.045,0.0,135.64840312499996,3.09147e-08
162.045,0.0,135.64815312499996,3.10071e-08
162.045,0.0,135.64790312499997,3.0954450000000005e-08
162.045,0.0,135.64765312499998,3.07981e-08
162.045,0.0,135.64740312499998,3.09627e-08
162.045,0.0,135.64715312499996,3.075635e-08
162.045,0.0,135.64690312499997,3.089635e-08
162.045,0.0,135.64665312499997,3.065625e-08
162.045,0.0,135.64640312499998,3.056935e-08
162.045,0.0,135.64615312499998,3.08666e-08
162.045,0.0,135.64590312499996,3.069335e-08
162.045,0.0,135.64565312499997,3.080985e-08
162.045,0.0,135.64540312499997,3.118225e-08
162.045,0.0,135.64515312499998,3.09203e-08
162.045,0.0,135.64490312499998,3.1191799999999995e-08
162.045,0.0,135.64465312499996,3.0910166666666675e-08
162.045,0.0,135.64440312499997,3.114035e-08
162.045,0.0,135.64415312499997,3.08356e-08
162.045,0.0,135.64390312499998,3.11674e-08
162.045,0.0,135.643653125,3.07637e-08
162.045,0.0,135.64340312499996,3.101775e-08
162.045,0.0,135.64315312499997,3.07255e-08
162.045,0.0,135.64290312499998,3.0696450000000004e-08
162.045,0.0,135.64265312499998,3.10315e-08
162.045,0.0,135.642403125,3.097385e-08
162.045,0.0,135.64215312499996,3.09713e-08
162.045,0.0,135.64190312499997,3.0564e-08
162.045,0.0,135.64165312499998,3.092275e-08
162.045,0.0,135.64140312499998,3.07826e-08
162.045,0.0,135.64115312499996,3.12218e-08
162.045,0.0,135.64090312499997,3.08132e-08
162.045,0.0,135.64065312499997,3.08752e-08
162.045,0.0,135.64040312499998,3.102085e-08
162.045,0.0,135.64015312499998,3.10915e-08
162.045,0.0,135.63990312499996,3.09047e-08
162.045,0.0,135.63965312499997,3.109155e-08
162.045,0.0,135.63940312499997,3.11293e-08
162.045,0.0,135.63915312499998,3.0742950000000003e-08
162.045,0.0,135.63890312499998,3.1168350000000004e-08
162.045,0.0,135.63865312499996,3.1326250000000006e-08
162.045,0.0,135.63840312499997,3.1054550000000005e-08
162.045,0.0,135.63815312499997,3.11001e-08
162.045,0.0,135.63790312499998,3.07332e-08
162.045,0.0,135.63765312499999,3.127195e-08
162.045,0.0,135.63740312499996,3.13767e-08
162.045,0.0,135.63715312499997,3.100165e-08
162.045,0.0,135.63690312499998,3.129605e-08
162.045,0.0,135.63665312499998,3.1477899999999994e-08
162.045,0.0,135.636403125,3.145005e-08
162.045,0.0,135.63615312499996,3.14854e-08
162.045,0.0,135.63590312499997,3.12451e-08
162.045,0.0,135.63565312499998,3.13034e-08
162.045,0.0,135.63540312499998,3.16598e-08
162.045,0.0,135.63515312499996,3.13914e-08
162.045,0.0,135.63490312499997,3.14738e-08
162.045,0.0,135.63465312499997,3.157755e-08
162.045,0.0,135.63440312499998,3.15692e-08
162.045,0.0,135.63415312499998,3.14649e-08
162.045,0.0,135.63390312499996,3.159505e-08
162.045,0.0,135.63365312499997,3.151185e-08
162.045,0.0,135.63340312499997,3.159065e-08
162.045,0.0,135.63315312499998,3.15108e-08
162.045,0.0,135.63290312499998,3.145915e-08
162.045,0.0,135.63265312499996,3.160775e-08
162.045,0.0,135.63240312499997,3.15348e-08
162.045,0.0,135.63215312499997,3.173045e-08
162.045,0.0,135.63190312499998,3.122615e-08
162.045,0.0,135.63165312499999,3.129455e-08
162.045,0.0,135.63140312499996,3.11965e-08
162.045,0.0,135.63115312499997,3.14136e-08
162.045,0.0,135.63090312499997,3.140535e-08
162.045,0.0,135.63065312499998,3.129385e-08
162.045,0.0,135.630403125,3.16646e-08
162.045,0.0,135.63015312499996,3.1191850000000004e-08
162.045,0.0,135.62990312499997,3.1496e-08
162.045,0.0,135.62965312499998,3.1332700000000004e-08
162.045,0.0,135.62940312499998,3.20975e-08
162.045,0.0,135.62915312499996,3.149515e-08
162.045,0.0,135.62890312499997,3.16493e-08
162.045,0.0,135.62865312499997,3.166115e-08
162.045,0.0,135.62840312499998,3.18238e-08
162.045,0.0,135.62815312499998,3.1075350000000004e-08
162.045,0.0,135.62790312499996,3.16444e-08
162.045,0.0,135.62765312499997,3.12793e-08
162.045,0.0,135.62740312499997,3.14762e-08
162.045,0.0,135.62715312499998,3.13825e-08
162.045,0.0,135.62690312499998,3.12405e-08
162.045,0.0,135.62665312499996,3.13666e-08
162.045,0.0,135.62640312499997,3.18238e-08
162.045,0.0,135.62615312499997,3.080065e-08
162.045,0.0,135.62590312499998,3.149285e-08
162.045,0.0,135.62565312499999,3.13058e-08
162.045,0.0,135.62540312499996,3.1582e-08
162.045,0.0,135.62515312499997,3.141865e-08
162.045,0.0,135.62490312499997,3.170955e-08
162.045,0.0,135.62465312499998,3.1561e-08
162.045,0.0,135.624403125,3.14813e-08
162.045,0.0,135.62415312499996,3.153535e-08
162.045,0.0,135.62390312499997,3.11221e-08
162.045,0.0,135.62365312499998,3.1330500000000004e-08
162.045,0.0,135.62340312499998,3.15762e-08
162.045,0.0,135.62315312499996,3.13678e-08
162.045,0.0,135.62290312499997,3.118705e-08
162.045,0.0,135.62265312499997,3.132415e-08
162.045,0.0,135.62240312499998,3.10089e-08
162.045,0.0,135.62215312499998,3.131585e-08
162.045,0.0,135.62190312499996,3.1501899999999994e-08
162.045,0.0,135.62165312499997,3.14839e-08
162.045,0.0,135.62140312499997,3.115245e-08
162.045,0.0,135.62115312499998,3.1384899999999994e-08
162.045,0.0,135.62090312499998,3.13241e-08
162.045,0.0,135.62065312499996,3.15727e-08
162.045,0.0,135.62040312499997,3.13395e-08
162.045,0.0,135.62015312499997,3.102605e-08
162.045,0.0,135.61990312499998,3.13051e-08
162.045,0.0,135.61965312499999,3.124935e-08
162.045,0.0,135.61940312499996,3.1194499999999995e-08
162.045,0.0,135.61915312499997,3.10009e-08
162.045,0.0,135.61890312499997,3.1194e-08
162.045,0.0,135.61865312499998,3.14161e-08
162.045,0.0,135.618403125,3.0948499999999994e-08
162.045,0.0,135.61815312499996,3.112095e-08
162.045,0.0,135.61790312499997,3.08113e-08
162.045,0.0,135.61765312499998,3.09007e-08
162.045,0.0,135.61740312499998,3.113445e-08
162.045,0.0,135.61715312499996,3.08291e-08
162.045,0.0,135.61690312499996,3.06047e-08
162.045,0.0,135.61665312499997,3.15589e-08
162.045,0.0,135.61640312499998,3.085615e-08
162.045,0.0,135.61615312499998,3.080175e-08
162.045,0.0,135.61590312499996,3.07812e-08
162.045,0.0,135.61565312499997,3.09144e-08
162.045,0.0,135.61540312499997,3.11588e-08
162.045,0.0,135.61515312499998,3.0892699999999994e-08
162.045,0.0,135.61490312499998,3.098565e-08
162.045,0.0,135.61465312499996,3.11473e-08
162.045,0.0,135.61440312499997,3.079985e-08
162.045,0.0,135.61415312499997,3.069015e-08
162.045,0.0,135.61390312499998,3.08333e-08
162.045,0.0,135.61365312499998,3.08626e-08
162.045,0.0,135.61340312499996,3.0854466666666674e-08
162.045,0.0,135.61315312499997,3.0768650000000003e-08
162.045,0.0,135.61290312499997,3.09089e-08
162.045,0.0,135.61265312499998,3.07964e-08
162.045,0.0,135.612403125,3.07965e-08
162.045,0.0,135.61215312499996,3.0515e-08
162.045,0.0,135.61190312499997,3.0977100000000005e-08
162.045,0.0,135.61165312499998,3.06423e-08
162.045,0.0,135.61140312499998,3.06475e-08
162.045,0.0,135.611153125,3.07672e-08
162.045,0.0,135.61090312499996,3.0847466666666666e-08
162.045,0.0,135.61065312499997,3.09822e-08
162.045,0.0,135.61040312499998,3.111225e-08
162.045,0.0,135.61015312499998,3.072625e-08
162.045,0.0,135.60990312499996,3.086685e-08
162.045,0.0,135.60965312499997,3.10111e-08
162.045,0.0,135.60940312499997,3.08911e-08
162.045,0.0,135.60915312499998,3.073955e-08
162.045,0.0,135.60890312499998,3.0201e-08
162.045,0.0,135.60865312499996,3.06428e-08
162.045,0.0,135.60840312499997,3.077425e-08
162.045,0.0,135.60815312499997,3.06786e-08
162.045,0.0,135.60790312499998,3.087595e-08
162.045,0.0,135.60765312499998,3.09921e-08
162.045,0.0,135.60740312499996,3.11831e-08
162.045,0.0,135.60715312499997,3.105225e-08
162.045,0.0,135.60690312499997,3.082165e-08
162.045,0.0,135.60665312499998,3.1158550000000003e-08
162.045,0.0,135.60640312499999,3.09944e-08
162.045,0.0,135.60615312499996,3.106505e-08
162.045,0.0,135.60590312499997,3.107335e-08
162.045,0.0,135.60565312499998,3.12221e-08
162.045,0.0,135.60540312499998,3.1127100000000003e-08
162.045,0.0,135.605153125,3.09021e-08
162.045,0.0,135.60490312499996,3.130015e-08
162.045,0.0,135.60465312499997,3.09964e-08
162.045,0.0,135.60440312499998,3.117145e-08
162.045,0.0,135.60415312499998,3.13065e-08
162.045,0.0,135.60390312499996,3.147045e-08
162.045,0.0,135.60365312499997,3.1006850000000006e-08
162.045,0.0,135.60340312499997,3.117225e-08
162.045,0.0,135.60315312499998,3.119145e-08
162.045,0.0,135.60290312499998,3.1139e-08
162.045,0.0,135.60265312499996,3.18954e-08
162.045,0.0,135.60240312499997,3.109755e-08
162.045,0.0,135.60215312499997,3.126755e-08
162.045,0.0,135.60190312499998,3.10513e-08
162.045,0.0,135.60165312499998,3.126445e-08
162.045,0.0,135.60140312499996,3.10623e-08
162.045,0.0,135.60115312499997,3.125865e-08
162.045,0.0,135.60090312499997,3.14928e-08
162.045,0.0,135.60065312499998,3.089775e-08
162.045,0.0,135.60040312499999,3.12927e-08
162.045,0.0,135.60015312499996,3.108655e-08
162.045,0.0,135.59990312499997,3.116235e-08
162.045,0.0,135.59965312499997,3.118765e-08
162.045,0.0,135.59940312499998,3.11053e-08
162.045,0.0,135.599153125,3.098695e-08
162.045,0.0,135.59890312499996,3.10241e-08
162.045,0.0,135.59865312499997,3.108135e-08
162.045,0.0,135.59840312499998,3.10219e-08
162.045,0.0,135.59815312499998,3.114985e-08
162.045,0.0,135.59790312499996,3.10649e-08
162.045,0.0,135.59765312499997,3.094125e-08
162.045,0.0,135.59740312499997,3.08988e-08
162.045,0.0,135.59715312499998,3.1014599999999995e-08
162.045,0.0,135.59690312499998,3.08649e-08
162.045,0.0,135.59665312499996,3.04264e-08
162.045,0.0,135.59640312499997,3.09581e-08
162.045,0.0,135.59615312499997,3.08377e-08
162.045,0.0,135.59590312499998,3.02418e-08
162.045,0.0,135.59565312499998,3.072725e-08
162.045,0.0,135.59540312499996,3.079746666666666e-08
162.045,0.0,135.59515312499997,3.05173e-08
162.045,0.0,135.59490312499997,3.08563e-08
162.045,0.0,135.59465312499998,3.067465e-08
162.045,0.0,135.59440312499999,3.051775e-08
162.045,0.0,135.59415312499996,3.099135e-08
162.045,0.0,135.59390312499997,3.061e-08
162.045,0.0,135.59365312499997,3.08644e-08
162.045,0.0,135.59340312499998,3.04618e-08
162.045,0.0,135.593153125,3.058555e-08
162.045,0.0,135.59290312499996,3.0706699999999995e-08
162.045,0.0,135.59265312499997,3.06954e-08
162.045,0.0,135.59240312499998,3.070075e-08
162.045,0.0,135.59215312499998,3.063055e-08
162.045,0.0,135.59190312499996,3.03801e-08
162.045,0.0,135.59165312499997,3.0380750000000006e-08
162.045,0.0,135.59140312499997,3.01388e-08
162.045,0.0,135.59115312499998,3.047705e-08
162.045,0.0,135.59090312499998,3.0319400000000003e-08
162.045,0.0,135.59065312499996,3.01272e-08
162.045,0.0,135.59040312499997,2.998695e-08
162.045,0.0,135.59015312499997,3.00711e-08
162.045,0.0,135.58990312499998,3.02547e-08
162.045,0.0,135.58965312499998,3.02155e-08
162.045,0.0,135.58940312499996,3.04106e-08
162.045,0.0,135.58915312499997,3.0301749999999995e-08
162.045,0.0,135.58890312499997,2.99678e-08
162.045,0.0,135.58865312499998,3.0211799999999995e-08
162.045,0.0,135.58840312499999,3.0034e-08
162.045,0.0,135.58815312499996,2.98437e-08
162.045,0.0,135.58790312499997,2.99057e-08
162.045,0.0,135.58765312499997,2.998245e-08
162.045,0.0,135.58740312499998,2.99467e-08
162.045,0.0,135.587153125,3.023275e-08
162.045,0.0,135.58690312499996,3.02832e-08
162.045,0.0,135.58665312499997,2.997885e-08
162.045,0.0,135.58640312499998,3.00658e-08
162.045,0.0,135.58615312499998,3.008915e-08
162.045,0.0,135.58590312499996,2.97018e-08
162.045,0.0,135.58565312499996,3.006315e-08
162.045,0.0,135.58540312499997,3.00004e-08
162.045,0.0,135.58515312499998,3.007365e-08
162.045,0.0,135.58490312499998,3.01603e-08
162.045,0.0,135.58465312499996,3.00627e-08
162.045,0.0,135.58440312499997,3.006165e-08
162.045,0.0,135.58415312499997,3.014445e-08
162.045,0.0,135.58390312499998,3.034465e-08
162.045,0.0,135.58365312499998,3.014785e-08
162.045,0.0,135.58340312499996,2.98203e-08
162.045,0.0,135.58315312499997,3.0176e-08
162.045,0.0,135.58290312499997,3.01002e-08
162.045,0.0,135.58265312499998,3.019025e-08
162.045,0.0,135.58240312499998,3.025205e-08
162.045,0.0,135.58215312499996,3.026455e-08
162.045,0.0,135.58190312499997,3.06914e-08
162.045,0.0,135.58165312499997,3.0468e-08
162.045,0.0,135.58140312499998,3.0538000000000005e-08
162.045,0.0,135.581153125,3.002505e-08
162.045,0.0,135.58090312499996,3.0435550000000004e-08
162.045,0.0,135.58065312499997,2.99009e-08
162.045,0.0,135.58040312499998,3.0325150000000003e-08
162.045,0.0,135.58015312499998,2.95891e-08
162.045,0.0,135.579903125,3.04943e-08
162.045,0.0,135.57965312499996,3.02799e-08
162.045,0.0,135.57940312499997,3.072929999999999e-08
162.045,0.0,135.57915312499998,3.05758e-08
162.045,0.0,135.57890312499998,3.055265e-08
162.045,0.0,135.57865312499996,3.05604e-08
162.045,0.0,135.57840312499997,3.0588e-08
162.045,0.0,135.57815312499997,3.04703e-08
162.045,0.0,135.57790312499998,3.062055e-08
162.045,0.0,135.57765312499998,3.048215e-08
162.045,0.0,135.57740312499996,3.0714700000000004e-08
162.045,0.0,135.57715312499997,3.07025e-08
162.045,0.0,135.57690312499997,3.058965e-08
162.045,0.0,135.57665312499998,3.069875e-08
162.045,0.0,135.57640312499998,3.0645e-08
162.045,0.0,135.57615312499996,3.05717e-08
162.045,0.0,135.57590312499997,3.06891e-08
162.045,0.0,135.57565312499997,3.070705e-08
162.045,0.0,135.57540312499998,3.09525e-08
162.045,0.0,135.57515312499999,3.07023e-08
162.045,0.0,135.57490312499996,3.07884e-08
162.045,0.0,135.57465312499997,3.08747e-08
162.045,0.0,135.57440312499998,3.07649e-08
162.045,0.0,135.57415312499998,3.07193e-08
162.045,0.0,135.573903125,3.0834199999999994e-08
162.045,0.0,135.57365312499996,3.08453e-08
162.045,0.0,135.57340312499997,3.075015e-08
162.045,0.0,135.57315312499998,3.07801e-08
162.045,0.0,135.57290312499998,3.058335e-08
162.045,0.0,135.57265312499996,3.0648266666666674e-08
162.045,0.0,135.57240312499997,3.06969e-08
162.045,0.0,135.57215312499997,3.07697e-08
162.045,0.0,135.57190312499998,3.035165e-08
162.045,0.0,135.57165312499998,3.08128e-08
162.045,0.0,135.57140312499996,3.06742e-08
162.045,0.0,135.57115312499997,3.10991e-08
162.045,0.0,135.57090312499997,3.073845e-08
162.045,0.0,135.57065312499998,3.087235e-08
162.045,0.0,135.57040312499998,3.072915e-08
162.045,0.0,135.57015312499996,3.0649950000000004e-08
162.045,0.0,135.56990312499997,3.048785e-08
162.045,0.0,135.56965312499997,3.0577750000000004e-08
162.045,0.0,135.56940312499998,3.056275e-08
162.045,0.0,135.56915312499999,3.05898e-08
162.045,0.0,135.56890312499996,3.057295e-08
162.045,0.0,135.56865312499997,3.0589199999999994e-08
162.045,0.0,135.56840312499997,3.041685e-08
162.045,0.0,135.56815312499998,3.04376e-08
162.045,0.0,135.567903125,3.044035e-08
162.045,0.0,135.56765312499996,3.0475e-08
162.045,0.0,135.56740312499997,3.03198e-08
162.045,0.0,135.56715312499998,3.07129e-08
162.045,0.0,135.56690312499998,3.04968e-08
162.045,0.0,135.56665312499996,3.03756e-08
162.045,0.0,135.56640312499997,3.04326e-08
162.045,0.0,135.56615312499997,3.027195e-08
162.045,0.0,135.56590312499998,3.0249849999999995e-08
162.045,0.0,135.56565312499998,3.04762e-08
162.045,0.0,135.56540312499996,3.1044e-08
162.045,0.0,135.56515312499997,3.0518400000000004e-08
162.045,0.0,135.56490312499997,3.022925e-08
162.045,0.0,135.56465312499998,3.039355e-08
162.045,0.0,135.56440312499998,3.0297750000000004e-08
162.045,0.0,135.56415312499996,3.02866e-08
162.045,0.0,135.56390312499997,3.0303300000000006e-08
162.045,0.0,135.56365312499997,3.032605e-08
162.045,0.0,135.56340312499998,3.02382e-08
162.045,0.0,135.56315312499999,3.04723e-08
162.045,0.0,135.56290312499996,3.0412200000000005e-08
162.045,0.0,135.56265312499997,3.020985e-08
162.045,0.0,135.56240312499997,3.02901e-08
162.045,0.0,135.56215312499998,3.021565e-08
162.045,0.0,135.561903125,3.01912e-08
162.045,0.0,135.56165312499996,3.03304e-08
162.045,0.0,135.56140312499997,3.0099250000000004e-08
162.045,0.0,135.56115312499998,3.01527e-08
162.045,0.0,135.56090312499998,3.0299899999999995e-08
162.045,0.0,135.56065312499996,3.0481e-08
162.045,0.0,135.56040312499997,3.01535e-08
162.045,0.0,135.56015312499997,3.0316299999999995e-08
162.045,0.0,135.55990312499998,3.028985e-08
162.045,0.0,135.55965312499998,3.029445e-08
162.045,0.0,135.55940312499996,3.043055e-08
162.045,0.0,135.55915312499997,3.030145e-08
162.045,0.0,135.55890312499997,3.030155e-08
162.045,0.0,135.55865312499998,3.019995e-08
162.045,0.0,135.55840312499998,3.02389e-08
162.045,0.0,135.55815312499996,3.00905e-08
162.045,0.0,135.55790312499997,3.012165e-08
162.045,0.0,135.55765312499997,3.02276e-08
162.045,0.0,135.55740312499998,3.006385e-08
162.045,0.0,135.55715312499999,3.0258350000000004e-08
162.045,0.0,135.55690312499996,3.023915e-08
162.045,0.0,135.55665312499997,3.0207800000000004e-08
162.045,0.0,135.55640312499997,3.01282e-08
162.045,0.0,135.55615312499998,3.014255e-08
162.045,0.0,135.555903125,3.032715e-08
162.045,0.0,135.55565312499996,3.055355e-08
162.045,0.0,135.55540312499997,3.02026e-08
162.045,0.0,135.55515312499998,3.0344199999999995e-08
162.045,0.0,135.55490312499998,3.041795e-08
162.045,0.0,135.55465312499996,3.019065e-08
162.045,0.0,135.55440312499996,2.98625e-08
162.045,0.0,135.55415312499997,3.0048149999999994e-08
162.045,0.0,135.55390312499998,3.006325e-08
162.045,0.0,135.55365312499998,3.009815e-08
162.045,0.0,135.55340312499996,3.00775e-08
162.045,0.0,135.55315312499997,2.9993699999999994e-08
162.045,0.0,135.55290312499997,3.002395e-08
162.045,0.0,135.55265312499998,3.0331849999999995e-08
162.045,0.0,135.55240312499998,3.0116099999999995e-08
162.045,0.0,135.55215312499996,3.00395e-08
162.045,0.0,135.55190312499997,2.9951e-08
162.045,0.0,135.55165312499997,3.00468e-08
162.045,0.0,135.55140312499998,3.00212e-08
162.045,0.0,135.55115312499998,2.99516e-08
162.045,0.0,135.55090312499996,3.003865e-08
162.045,0.0,135.55065312499997,2.994545e-08
162.045,0.0,135.55040312499997,3.01492e-08
162.045,0.0,135.55015312499998,3.0061999999999995e-08
162.045,0.0,135.549903125,3.021395e-08
162.045,0.0,135.54965312499996,3.02116e-08
162.045,0.0,135.54940312499997,3.03999e-08
162.045,0.0,135.54915312499998,3.02309e-08
162.045,0.0,135.54890312499998,3.026335e-08
162.045,0.0,135.548653125,3.01693e-08
162.045,0.0,135.54840312499996,3.0101e-08
162.045,0.0,135.54815312499997,3.01065e-08
162.045,0.0,135.54790312499998,2.992776666666667e-08
162.045,0.0,135.54765312499998,2.9893e-08
162.045,0.0,135.54740312499996,2.99429e-08
162.045,0.0,135.54715312499997,2.98973e-08
162.045,0.0,135.54690312499997,2.9841400000000004e-08
162.045,0.0,135.54665312499998,2.976445e-08
162.045,0.0,135.54640312499998,2.96557e-08
162.045,0.0,135.54615312499996,2.98637e-08
162.045,0.0,135.54590312499997,2.97924e-08
162.045,0.0,135.54565312499997,2.977e-08
162.045,0.0,135.54540312499998,2.96989e-08
162.045,0.0,135.54515312499998,2.99181e-08
162.045,0.0,135.54490312499996,2.98664e-08
162.045,0.0,135.54465312499997,2.98654e-08
162.045,0.0,135.54440312499997,2.98432e-08
162.045,0.0,135.54415312499998,2.9955149999999994e-08
162.045,0.0,135.54390312499999,2.998745e-08
162.045,0.0,135.54365312499996,2.98728e-08
162.045,0.0,135.54340312499997,2.9628e-08
162.045,0.0,135.54315312499998,2.9805e-08
162.045,0.0,135.54290312499998,2.9789266666666663e-08
162.045,0.0,135.542653125,2.94172e-08
162.045,0.0,135.54240312499996,2.973175e-08
162.045,0.0,135.54215312499997,2.95169e-08
162.045,0.0,135.54190312499998,2.95753e-08
162.045,0.0,135.54165312499998,2.95074e-08
162.045,0.0,135.54140312499996,2.93454e-08
162.045,0.0,135.54115312499997,2.951395e-08
162.045,0.0,135.54090312499997,2.942225e-08
162.045,0.0,135.54065312499998,2.9455e-08
162.045,0.0,135.54040312499998,2.94596e-08
162.045,0.0,135.54015312499996,2.922485e-08
162.045,0.0,135.53990312499997,2.91776e-08
162.045,0.0,135.53965312499997,2.93815e-08
162.045,0.0,135.53940312499998,2.92478e-08
162.045,0.0,135.53915312499998,2.9395900000000002e-08
162.045,0.0,135.53890312499996,2.9579e-08
162.045,0.0,135.53865312499997,2.94343e-08
162.045,0.0,135.53840312499997,2.948745e-08
162.045,0.0,135.53815312499998,2.9475e-08
162.045,0.0,135.53790312499999,2.919455e-08
162.045,0.0,135.53765312499996,2.92453e-08
162.045,0.0,135.53740312499997,2.92706e-08
162.045,0.0,135.53715312499997,2.9262750000000002e-08
162.045,0.0,135.53690312499998,2.944235e-08
162.045,0.0,135.536653125,2.91472e-08
162.045,0.0,135.53640312499996,2.942605e-08
162.045,0.0,135.53615312499997,2.924135e-08
162.045,0.0,135.53590312499998,2.9526850000000002e-08
162.045,0.0,135.53565312499998,2.94242e-08
162.045,0.0,135.53540312499996,2.93929e-08
162.045,0.0,135.53515312499997,2.93553e-08
162.045,0.0,135.53490312499997,2.93955e-08
162.045,0.0,135.53465312499998,2.94444e-08
162.045,0.0,135.53440312499998,2.941615e-08
162.045,0.0,135.53415312499996,2.94714e-08
162.045,0.0,135.53390312499997,2.94898e-08
162.045,0.0,135.53365312499997,2.94976e-08
162.045,0.0,135.53340312499998,2.9602250000000003e-08
162.045,0.0,135.53315312499998,2.947e-08
162.045,0.0,135.53290312499996,2.935315e-08
162.045,0.0,135.53265312499997,2.94329e-08
162.045,0.0,135.53240312499997,2.938275e-08
162.045,0.0,135.53215312499998,2.9389900000000002e-08
162.045,0.0,135.53190312499999,2.9351666666666668e-08
162.045,0.0,135.53165312499996,2.94036e-08
162.045,0.0,135.53140312499997,2.936815e-08
162.045,0.0,135.53115312499997,2.95245e-08
162.045,0.0,135.53090312499998,2.93521e-08
162.045,0.0,135.530653125,2.90972e-08
162.045,0.0,135.53040312499996,2.94105e-08
162.045,0.0,135.53015312499997,2.949785e-08
162.045,0.0,135.52990312499998,2.96309e-08
162.045,0.0,135.52965312499998,2.949955e-08
162.045,0.0,135.52940312499996,2.948335e-08
162.045,0.0,135.52915312499997,2.9502250000000002e-08
162.045,0.0,135.52890312499997,2.95868e-08
162.045,0.0,135.52865312499998,2.94967e-08
162.045,0.0,135.52840312499998,2.939155e-08
162.045,0.0,135.52815312499996,2.9276950000000002e-08
162.045,0.0,135.52790312499997,2.924365e-08
162.045,0.0,135.52765312499997,2.93525e-08
162.045,0.0,135.52740312499998,2.92154e-08
162.045,0.0,135.52715312499998,2.923765e-08
162.045,0.0,135.52690312499996,2.93624e-08
162.045,0.0,135.52665312499997,2.93514e-08
162.045,0.0,135.52640312499997,2.950255e-08
162.045,0.0,135.52615312499998,2.927385e-08
162.045,0.0,135.52590312499999,2.924775e-08
162.045,0.0,135.52565312499996,2.93252e-08
162.045,0.0,135.52540312499997,2.938935e-08
162.045,0.0,135.52515312499997,2.92963e-08
162.045,0.0,135.52490312499998,2.947345e-08
162.045,0.0,135.524653125,2.93575e-08
162.045,0.0,135.52440312499996,2.931835e-08
162.045,0.0,135.52415312499997,2.925135e-08
162.045,0.0,135.52390312499998,2.93894e-08
162.045,0.0,135.52365312499998,2.92763e-08
162.045,0.0,135.52340312499996,2.9393700000000002e-08
162.045,0.0,135.52315312499996,2.93031e-08
162.045,0.0,135.52290312499997,2.925975e-08
162.045,0.0,135.52265312499998,2.94397e-08
162.045,0.0,135.52240312499998,2.912825e-08
162.045,0.0,135.52215312499996,2.942815e-08
162.045,0.0,135.52190312499997,2.90502e-08
162.045,0.0,135.52165312499997,2.935975e-08
162.045,0.0,135.52140312499998,2.93172e-08
162.045,0.0,135.52115312499998,2.913935e-08
162.045,0.0,135.52090312499996,2.907605e-08
162.045,0.0,135.52065312499997,2.90889e-08
162.045,0.0,135.52040312499997,2.912965e-08
162.045,0.0,135.52015312499998,2.923685e-08
162.045,0.0,135.51990312499998,2.9201e-08
162.045,0.0,135.51965312499996,2.9069e-08
162.045,0.0,135.51940312499997,2.899905e-08
162.045,0.0,135.51915312499997,2.880235e-08
162.045,0.0,135.51890312499998,2.9046e-08
162.045,0.0,135.518653125,2.890645e-08
162.045,0.0,135.51840312499996,2.89306e-08
162.045,0.0,135.51815312499997,2.90046e-08
162.045,0.0,135.51790312499998,2.878e-08
162.045,0.0,135.51765312499998,2.8982150000000006e-08
162.045,0.0,135.517403125,2.912285e-08
162.045,0.0,135.51715312499996,2.90066e-08
162.045,0.0,135.51690312499997,2.92733e-08
162.045,0.0,135.51665312499998,2.914085e-08
162.045,0.0,135.51640312499998,2.9083033333333333e-08
162.045,0.0,135.51615312499996,2.9062050000000002e-08
162.045,0.0,135.51590312499997,2.93955e-08
162.045,0.0,135.51565312499997,2.9311700000000002e-08
162.045,0.0,135.51540312499998,2.91026e-08
162.045,0.0,135.51515312499998,2.9103e-08
162.045,0.0,135.51490312499996,2.90908e-08
162.045,0.0,135.51465312499997,2.903265e-08
162.045,0.0,135.51440312499997,2.907435e-08
162.045,0.0,135.51415312499998,2.89696e-08
162.045,0.0,135.51390312499998,2.886605e-08
162.045,0.0,135.51365312499996,2.90796e-08
162.045,0.0,135.51340312499997,2.89886e-08
162.045,0.0,135.51315312499997,2.901355e-08
162.045,0.0,135.51290312499998,2.90004e-08
162.045,0.0,135.51265312499999,2.917235e-08
162.045,0.0,135.51240312499996,2.92599e-08
162.045,0.0,135.51215312499997,2.925955e-08
162.045,0.0,135.51190312499998,2.94213e-08
162.045,0.0,135.51165312499998,2.91936e-08
162.045,0.0,135.511403125,2.90496e-08
162.045,0.0,135.51115312499996,2.9300950000000006e-08
162.045,0.0,135.51090312499997,2.92361e-08
162.045,0.0,135.51065312499998,2.9163750000000002e-08
162.045,0.0,135.51040312499998,2.920155e-08
162.045,0.0,135.51015312499996,2.931635e-08
162.045,0.0,135.50990312499997,2.87715e-08
162.045,0.0,135.50965312499997,2.909355e-08
162.045,0.0,135.50940312499998,2.8903133333333333e-08
162.045,0.0,135.50915312499998,2.91289e-08
162.045,0.0,135.50890312499996,2.908085e-08
162.045,0.0,135.50865312499997,2.90945e-08
162.045,0.0,135.50840312499997,2.903065e-08
162.045,0.0,135.50815312499998,2.920305e-08
162.045,0.0,135.50790312499998,2.90449e-08
162.045,0.0,135.50765312499996,2.89921e-08
162.045,0.0,135.50740312499997,2.85934e-08
162.045,0.0,135.50715312499997,2.90894e-08
162.045,0.0,135.50690312499998,2.900335e-08
162.045,0.0,135.50665312499999,2.89756e-08
162.045,0.0,135.50640312499996,2.914375e-08
162.045,0.0,135.50615312499997,2.87113e-08
162.045,0.0,135.50590312499997,2.899525e-08
162.045,0.0,135.50565312499998,2.892495e-08
162.045,0.0,135.505403125,2.9106600000000002e-08
162.045,0.0,135.50515312499996,2.8719e-08
162.045,0.0,135.50490312499997,2.882235e-08
162.045,0.0,135.50465312499998,2.873565e-08
162.045,0.0,135.50440312499998,2.87922e-08
162.045,0.0,135.50415312499996,2.88914e-08
162.045,0.0,135.50390312499997,2.862625e-08
162.045,0.0,135.50365312499997,2.900525e-08
162.045,0.0,135.50340312499998,2.87578e-08
162.045,0.0,135.50315312499998,2.89321e-08
162.045,0.0,135.50290312499996,2.892945e-08
162.045,0.0,135.50265312499997,2.8984e-08
162.045,0.0,135.50240312499997,2.8855433333333334e-08
162.045,0.0,135.50215312499998,2.88764e-08
162.045,0.0,135.50190312499998,2.878645e-08
162.045,0.0,135.50165312499996,2.882445e-08
162.045,0.0,135.50140312499997,2.86967e-08
162.045,0.0,135.50115312499997,2.87457e-08
162.045,0.0,135.50090312499998,2.895825e-08
162.045,0.0,135.50065312499999,2.876975e-08
162.045,0.0,135.50040312499996,2.876835e-08
162.045,0.0,135.50015312499997,2.89321e-08
162.045,0.0,135.49990312499997,2.88748e-08
162.045,0.0,135.49965312499998,2.89112e-08
162.045,0.0,135.499403125,2.887035e-08
162.045,0.0,135.49915312499996,2.88782e-08
162.045,0.0,135.49890312499997,2.911375e-08
162.045,0.0,135.49865312499998,2.894705e-08
162.045,0.0,135.49840312499998,2.9059e-08
162.045,0.0,135.49815312499996,2.899415e-08
162.045,0.0,135.49790312499997,2.924875e-08
162.045,0.0,135.49765312499997,2.8963900000000002e-08
162.045,0.0,135.49740312499998,2.886515e-08
162.045,0.0,135.49715312499998,2.9115e-08
162.045,0.0,135.49690312499996,2.884885e-08
162.045,0.0,135.49665312499997,2.90741e-08
162.045,0.0,135.49640312499997,2.887405e-08
162.045,0.0,135.49615312499998,2.8909e-08
162.045,0.0,135.49590312499998,2.877125e-08
162.045,0.0,135.49565312499996,2.9068e-08
162.045,0.0,135.49540312499997,2.91025e-08
162.045,0.0,135.49515312499997,2.9087e-08
162.045,0.0,135.49490312499998,2.9051e-08
162.045,0.0,135.49465312499999,2.925905e-08
162.045,0.0,135.49440312499996,2.904285e-08
162.045,0.0,135.49415312499997,2.91169e-08
162.045,0.0,135.49390312499997,2.92724e-08
162.045,0.0,135.49365312499998,2.9031166666666665e-08
162.045,0.0,135.493403125,2.960805e-08
162.045,0.0,135.49315312499996,2.90215e-08
162.045,0.0,135.49290312499997,2.918635e-08
162.045,0.0,135.49265312499998,2.9129e-08
162.045,0.0,135.49240312499998,2.89897e-08
162.045,0.0,135.49215312499996,2.90542e-08
162.045,0.0,135.49190312499996,2.91029e-08
162.045,0.0,135.49165312499997,2.900585e-08
162.045,0.0,135.49140312499998,2.92811e-08
162.045,0.0,135.49115312499998,2.9305100000000002e-08
162.045,0.0,135.49090312499996,2.9285900000000003e-08
162.045,0.0,135.49065312499997,2.922455e-08
162.045,0.0,135.49040312499997,2.937745e-08
162.045,0.0,135.49015312499998,2.94042e-08
162.045,0.0,135.48990312499998,2.936115e-08
162.045,0.0,135.48965312499996,2.93937e-08
162.045,0.0,135.48940312499997,2.94598e-08
162.045,0.0,135.48915312499997,2.91982e-08
162.045,0.0,135.48890312499998,2.933415e-08
162.045,0.0,135.48865312499998,2.94127e-08
162.045,0.0,135.48840312499996,2.93784e-08
162.045,0.0,135.48815312499997,2.965675e-08
162.045,0.0,135.48790312499997,2.939785e-08
162.045,0.0,135.48765312499998,2.956575e-08
162.045,0.0,135.487403125,2.969135e-08
162.045,0.0,135.48715312499996,2.93158e-08
162.045,0.0,135.48690312499997,2.9665750000000002e-08
162.045,0.0,135.48665312499998,2.978855e-08
162.045,0.0,135.48640312499998,2.97704e-08
162.045,0.0,135.486153125,2.9890049999999994e-08
162.045,0.0,135.48590312499996,2.97116e-08
162.045,0.0,135.48565312499997,2.960145e-08
162.045,0.0,135.48540312499998,2.96993e-08
162.045,0.0,135.48515312499998,2.92905e-08
162.045,0.0,135.48490312499996,2.95317e-08
162.045,0.0,135.48465312499997,2.929195e-08
162.045,0.0,135.48440312499997,2.97289e-08
162.045,0.0,135.48415312499998,2.976875e-08
162.045,0.0,135.48390312499998,2.995865e-08
162.045,0.0,135.48365312499996,2.990665e-08
162.045,0.0,135.48340312499997,2.99787e-08
162.045,0.0,135.48315312499997,3.003035e-08
162.045,0.0,135.48290312499998,3.0170049999999994e-08
162.045,0.0,135.48265312499998,3.00529e-08
162.045,0.0,135.48240312499996,2.99987e-08
162.045,0.0,135.48215312499997,3.003695e-08
162.045,0.0,135.48190312499997,3.0239699999999995e-08
162.045,0.0,135.48165312499998,2.98825e-08
162.045,0.0,135.48140312499999,2.99404e-08
162.045,0.0,135.48115312499996,3.001835e-08
162.045,0.0,135.48090312499997,2.98633e-08
162.045,0.0,135.48065312499998,3.008585e-08
162.045,0.0,135.48040312499998,2.991425e-08
162.045,0.0,135.480153125,3.010645e-08
162.045,0.0,135.47990312499996,2.99345e-08
162.045,0.0,135.47965312499997,3.000915e-08
162.045,0.0,135.47940312499998,3.03859e-08
162.045,0.0,135.47915312499998,3.0168400000000004e-08
162.045,0.0,135.47890312499996,3.0325e-08
162.045,0.0,135.47865312499997,3.005365e-08
162.045,0.0,135.47840312499997,3.01656e-08
162.045,0.0,135.47815312499998,3.03089e-08
162.045,0.0,135.47790312499998,3.0260200000000005e-08
162.045,0.0,135.47765312499996,3.02629e-08
162.045,0.0,135.47740312499997,3.02331e-08
162.045,0.0,135.47715312499997,3.008325e-08
162.045,0.0,135.47690312499998,3.02573e-08
162.045,0.0,135.47665312499998,2.99911e-08
162.045,0.0,135.47640312499996,3.03748e-08
162.045,0.0,135.47615312499997,3.03025e-08
162.045,0.0,135.47590312499997,3.0197666666666674e-08
162.045,0.0,135.47565312499998,3.038325e-08
162.045,0.0,135.47540312499999,3.0492e-08
162.045,0.0,135.47515312499996,3.02996e-08
162.045,0.0,135.47490312499997,3.048335e-08
162.045,0.0,135.47465312499997,3.039215e-08
162.045,0.0,135.47440312499998,3.046e-08
162.045,0.0,135.474153125,3.048005e-08
162.045,0.0,135.47390312499996,3.031635e-08
162.045,0.0,135.47365312499997,3.0424050000000004e-08
162.045,0.0,135.47340312499998,3.050595e-08
162.045,0.0,135.47315312499998,3.049415e-08
162.045,0.0,135.47290312499996,3.054485e-08
162.045,0.0,135.47265312499997,3.07772e-08
162.045,0.0,135.47240312499997,3.06011e-08
162.045,0.0,135.47215312499998,3.0730250000000005e-08
162.045,0.0,135.47190312499998,3.0670400000000004e-08
162.045,0.0,135.47165312499996,3.066755e-08
162.045,0.0,135.47140312499997,3.053265e-08
162.045,0.0,135.47115312499997,3.07522e-08
162.045,0.0,135.47090312499998,3.0747850000000004e-08
162.045,0.0,135.47065312499998,3.08316e-08
162.045,0.0,135.47040312499996,3.079085e-08
162.045,0.0,135.47015312499997,3.103565e-08
162.045,0.0,135.46990312499997,3.0829350000000003e-08
162.045,0.0,135.46965312499998,3.07682e-08
162.045,0.0,135.46940312499999,3.1341e-08
162.045,0.0,135.46915312499996,3.0844499999999995e-08
162.045,0.0,135.46890312499997,3.08142e-08
162.045,0.0,135.46865312499997,3.10289e-08
162.045,0.0,135.46840312499998,3.09541e-08
162.045,0.0,135.468153125,3.125045e-08
162.045,0.0,135.46790312499996,3.07451e-08
162.045,0.0,135.46765312499997,3.11568e-08
162.045,0.0,135.46740312499998,3.129485e-08
162.045,0.0,135.46715312499998,3.11087e-08
162.045,0.0,135.46690312499996,3.1105e-08
162.045,0.0,135.46665312499997,3.09593e-08
162.045,0.0,135.46640312499997,3.12668e-08
162.045,0.0,135.46615312499998,3.128095e-08
162.045,0.0,135.46590312499998,3.13843e-08
162.045,0.0,135.46565312499996,3.11195e-08
162.045,0.0,135.46540312499997,3.13319e-08
162.045,0.0,135.46515312499997,3.1381400000000003e-08
162.045,0.0,135.46490312499998,3.117175e-08
162.045,0.0,135.46465312499998,3.147265e-08
162.045,0.0,135.46440312499996,3.12821e-08
162.045,0.0,135.46415312499997,3.141595e-08
162.045,0.0,135.46390312499997,3.158845e-08
162.045,0.0,135.46365312499998,3.18104e-08
162.045,0.0,135.46340312499999,3.1602700000000005e-08
162.045,0.0,135.46315312499996,3.1725e-08
162.045,0.0,135.46290312499997,3.185525e-08
162.045,0.0,135.46265312499997,3.19438e-08
162.045,0.0,135.46240312499998,3.174655e-08
162.045,0.0,135.462153125,3.17979e-08
162.045,0.0,135.46190312499996,3.1810299999999995e-08
162.045,0.0,135.46165312499997,3.20128e-08
162.045,0.0,135.46140312499998,3.189375e-08
162.045,0.0,135.46115312499998,3.1839100000000004e-08
162.045,0.0,135.46090312499996,3.207195e-08
162.045,0.0,135.46065312499996,3.24154e-08
162.045,0.0,135.46040312499997,3.2126850000000006e-08
162.045,0.0,135.46015312499998,3.2007000000000003e-08
162.045,0.0,135.45990312499998,3.2332650000000003e-08
162.045,0.0,135.45965312499996,3.231125e-08
162.045,0.0,135.45940312499997,3.230275e-08
162.045,0.0,135.45915312499997,3.2086e-08
162.045,0.0,135.45890312499998,3.22298e-08
162.045,0.0,135.45865312499998,3.19066e-08
162.045,0.0,135.45840312499996,3.19759e-08
162.045,0.0,135.45815312499997,3.1914e-08
162.045,0.0,135.45790312499997,3.17325e-08
162.045,0.0,135.45765312499998,3.172855e-08
162.045,0.0,135.45740312499998,3.155955e-08
162.045,0.0,135.45715312499996,3.158755e-08
162.045,0.0,135.45690312499997,3.154265e-08
162.045,0.0,135.45665312499997,3.18065e-08
162.045,0.0,135.45640312499998,3.116895e-08
162.045,0.0,135.456153125,3.101495e-08
162.045,0.0,135.45590312499996,3.07988e-08
162.045,0.0,135.45565312499997,3.049335e-08
162.045,0.0,135.45540312499998,3.036615e-08
162.045,0.0,135.45515312499998,3.006435e-08
162.045,0.0,135.454903125,2.954505e-08
162.045,0.0,135.45465312499996,2.90687e-08
162.045,0.0,135.45440312499997,2.90149e-08
162.045,0.0,135.45415312499998,2.8377100000000002e-08
162.045,0.0,135.45390312499998,2.79677e-08
162.045,0.0,135.45365312499996,2.75614e-08
162.045,0.0,135.45340312499997,2.69069e-08
162.045,0.0,135.45315312499997,2.631745e-08
162.045,0.0,135.45290312499998,2.58494e-08
162.045,0.0,135.45265312499998,2.506105e-08
162.045,0.0,135.45240312499996,2.459305e-08
162.045,0.0,135.45215312499997,2.36318e-08
162.045,0.0,135.45190312499997,2.26697e-08
162.045,0.0,135.45165312499998,2.21016e-08
162.045,0.0,135.45140312499998,2.141545e-08
162.045,0.0,135.45115312499996,2.03289e-08
162.045,0.0,135.45090312499997,1.93232e-08
162.045,0.0,135.45065312499997,1.851725e-08
162.045,0.0,135.45040312499998,1.7554900000000002e-08
162.045,0.0,135.45015312499999,1.676975e-08
162.045,0.0,135.44990312499996,1.6157e-08
162.045,0.0,135.44965312499997,1.523645e-08
162.045,0.0,135.44940312499998,1.453795e-08
162.045,0.0,135.44915312499998,1.37625e-08
162.045,0.0,135.448903125,1.249855e-08
162.045,0.0,135.44865312499996,1.16934e-08
162.045,0.0,135.44840312499997,1.083235e-08
162.045,0.0,135.44815312499998,9.769125e-09
162.045,0.0,135.44790312499998,8.72526e-09
162.045,0.0,135.44765312499996,8.445315e-09
162.045,0.0,135.44740312499997,7.61328e-09
162.045,0.0,135.44715312499997,6.733655e-09
162.045,0.0,135.44690312499998,5.71932e-09
162.045,0.0,135.44665312499998,4.63784e-09
162.045,0.0,135.44640312499996,3.57785e-09
162.045,0.0,135.44615312499997,2.79303e-09
162.045,0.0,135.44590312499997,2.11462e-09
162.045,0.0,135.44565312499998,1.582335e-09
162.045,0.0,135.44540312499998,1.1125765e-09
