Y_dimension(mm),Button,True_depth(m),meas
124.647,0.0,0.2909703125000001,9.05252e-09
124.647,0.0,0.2907203125000001,9.059535e-09
124.647,0.0,0.2904703125000001,8.766413333333334e-09
124.647,0.0,0.2902203125000001,8.50451e-09
124.647,0.0,0.2899703125000001,8.47599e-09
124.647,0.0,0.2897203125000001,1.04566e-08
124.647,0.0,0.2894703125000001,1.17036e-08
124.647,0.0,0.2892203125000001,1.272735e-08
124.647,0.0,0.2889703125000001,1.429565e-08
124.647,0.0,0.2887203125000001,1.51749e-08
124.647,0.0,0.2884703125000001,1.62303e-08
124.647,0.0,0.2882203125000001,1.7861e-08
124.647,0.0,0.2879703125000001,1.934335e-08
124.647,0.0,0.2877203125000001,2.103375e-08
124.647,0.0,0.2874703125000001,2.27777e-08
124.647,0.0,0.2872203125000001,2.390555e-08
124.647,0.0,0.2869703125000001,2.53964e-08
124.647,0.0,0.2867203125000001,2.724955e-08
124.647,0.0,0.2864703125000001,2.86147e-08
124.647,0.0,0.2862203125000001,3.044685e-08
124.647,0.0,0.2859703125000001,3.24851e-08
124.647,0.0,0.2857203125000001,3.453215e-08
124.647,0.0,0.2854703125000001,3.66465e-08
124.647,0.0,0.2852203125000001,3.85086e-08
124.647,0.0,0.2849703125000001,4.04426e-08
124.647,0.0,0.2847203125000001,4.172985e-08
124.647,0.0,0.2844703125000001,4.347165e-08
124.647,0.0,0.28422031250000007,4.499335e-08
124.647,0.0,0.2839703125000001,4.652325e-08
124.647,0.0,0.28372031250000007,4.81348e-08
124.647,0.0,0.2834703125000001,4.931405e-08
124.647,0.0,0.28322031250000007,5.027795e-08
124.647,0.0,0.2829703125000001,5.14938e-08
124.647,0.0,0.28272031250000007,5.19531e-08
124.647,0.0,0.2824703125000001,5.27701e-08
124.647,0.0,0.28222031250000007,5.32702e-08
124.647,0.0,0.2819703125000001,5.39869e-08
124.647,0.0,0.28172031250000007,5.4155600000000004e-08
124.647,0.0,0.2814703125000001,5.47473e-08
124.647,0.0,0.28122031250000007,5.483955e-08
124.647,0.0,0.2809703125000001,5.53526e-08
124.647,0.0,0.28072031250000007,5.54836e-08
124.647,0.0,0.2804703125000001,5.57587e-08
124.647,0.0,0.28022031250000007,5.604590000000001e-08
124.647,0.0,0.2799703125000001,5.60248e-08
124.647,0.0,0.27972031250000007,5.614805e-08
124.647,0.0,0.2794703125000001,5.626085e-08
124.647,0.0,0.27922031250000007,5.6204e-08
124.647,0.0,0.2789703125000001,5.62292e-08
124.647,0.0,0.27872031250000007,5.6127e-08
124.647,0.0,0.2784703125000001,5.6407250000000004e-08
124.647,0.0,0.27822031250000007,5.64388e-08
124.647,0.0,0.2779703125000001,5.64025e-08
124.647,0.0,0.27772031250000007,5.653295e-08
124.647,0.0,0.2774703125000001,5.633355e-08
124.647,0.0,0.27722031250000007,5.630315e-08
124.647,0.0,0.2769703125000001,5.61402e-08
124.647,0.0,0.27672031250000007,5.6067e-08
124.647,0.0,0.2764703125000001,5.59653e-08
124.647,0.0,0.27622031250000006,5.59062e-08
124.647,0.0,0.2759703125000001,5.57631e-08
124.647,0.0,0.27572031250000006,5.575205000000001e-08
124.647,0.0,0.2754703125000001,5.534165e-08
124.647,0.0,0.27522031250000006,5.529445e-08
124.647,0.0,0.2749703125000001,5.54889e-08
124.647,0.0,0.27472031250000006,5.494985e-08
124.647,0.0,0.2744703125000001,5.4584433333333336e-08
124.647,0.0,0.2742203125000001,5.447525e-08
124.647,0.0,0.2739703125000001,5.42912e-08
124.647,0.0,0.2737203125000001,5.44221e-08
124.647,0.0,0.2734703125000001,5.41144e-08
124.647,0.0,0.2732203125000001,5.39565e-08
124.647,0.0,0.2729703125000001,5.37364e-08
124.647,0.0,0.2727203125000001,5.3845000000000003e-08
124.647,0.0,0.2724703125000001,5.370445e-08
124.647,0.0,0.2722203125000001,5.33618e-08
124.647,0.0,0.2719703125000001,5.297215e-08
124.647,0.0,0.2717203125000001,5.29503e-08
124.647,0.0,0.2714703125000001,5.29727e-08
124.647,0.0,0.2712203125000001,5.26423e-08
124.647,0.0,0.2709703125000001,5.25132e-08
124.647,0.0,0.2707203125000001,5.224575e-08
124.647,0.0,0.2704703125000001,5.207955e-08
124.647,0.0,0.2702203125000001,5.207115000000001e-08
124.647,0.0,0.2699703125000001,5.15326e-08
124.647,0.0,0.2697203125000001,5.1479e-08
124.647,0.0,0.2694703125000001,5.120635e-08
124.647,0.0,0.2692203125000001,5.10455e-08
124.647,0.0,0.2689703125000001,5.120445e-08
124.647,0.0,0.2687203125000001,5.058345e-08
124.647,0.0,0.2684703125000001,5.022905e-08
124.647,0.0,0.2682203125000001,5.03025e-08
124.647,0.0,0.2679703125000001,5.006025e-08
124.647,0.0,0.2677203125000001,4.994255e-08
124.647,0.0,0.2674703125000001,4.96747e-08
124.647,0.0,0.2672203125000001,4.95099e-08
124.647,0.0,0.2669703125000001,4.954955e-08
124.647,0.0,0.2667203125000001,4.94107e-08
124.647,0.0,0.2664703125000001,4.927295e-08
124.647,0.0,0.2662203125000001,4.90179e-08
124.647,0.0,0.2659703125000001,4.888595e-08
124.647,0.0,0.2657203125000001,4.8714400000000004e-08
124.647,0.0,0.2654703125000001,4.847533333333333e-08
124.647,0.0,0.2652203125000001,4.81976e-08
124.647,0.0,0.2649703125000001,4.81766e-08
124.647,0.0,0.2647203125000001,4.794755e-08
124.647,0.0,0.2644703125000001,4.784745e-08
124.647,0.0,0.2642203125000001,4.80325e-08
124.647,0.0,0.2639703125000001,4.763285e-08
124.647,0.0,0.2637203125000001,4.755565e-08
124.647,0.0,0.2634703125000001,4.73766e-08
124.647,0.0,0.2632203125000001,4.721515e-08
124.647,0.0,0.2629703125000001,4.69224e-08
124.647,0.0,0.2627203125000001,4.662835e-08
124.647,0.0,0.2624703125000001,4.668375e-08
124.647,0.0,0.2622203125000001,4.67745e-08
124.647,0.0,0.2619703125000001,4.64726e-08
124.647,0.0,0.2617203125000001,4.615695e-08
124.647,0.0,0.2614703125000001,4.60395e-08
124.647,0.0,0.2612203125000001,4.58416e-08
124.647,0.0,0.2609703125000001,4.5906966666666676e-08
124.647,0.0,0.2607203125000001,4.55817e-08
124.647,0.0,0.2604703125000001,4.52027e-08
124.647,0.0,0.2602203125000001,4.55338e-08
124.647,0.0,0.2599703125000001,4.51988e-08
124.647,0.0,0.2597203125000001,4.525635e-08
124.647,0.0,0.2594703125000001,4.514455e-08
124.647,0.0,0.2592203125000001,4.4888e-08
124.647,0.0,0.2589703125000001,4.48402e-08
124.647,0.0,0.2587203125000001,4.454595e-08
124.647,0.0,0.2584703125000001,4.456235e-08
124.647,0.0,0.2582203125000001,4.399605e-08
124.647,0.0,0.2579703125000001,4.38312e-08
124.647,0.0,0.2577203125000001,4.389985e-08
124.647,0.0,0.2574703125000001,4.35488e-08
124.647,0.0,0.2572203125000001,4.3556e-08
124.647,0.0,0.2569703125000001,4.34822e-08
124.647,0.0,0.2567203125000001,4.3391900000000004e-08
124.647,0.0,0.2564703125000001,4.334555000000001e-08
124.647,0.0,0.2562203125000001,4.340245e-08
124.647,0.0,0.2559703125000001,4.315515e-08
124.647,0.0,0.2557203125000001,4.312055e-08
124.647,0.0,0.2554703125000001,4.283095e-08
124.647,0.0,0.2552203125000001,4.27226e-08
124.647,0.0,0.2549703125000001,4.248625e-08
124.647,0.0,0.2547203125000001,4.236685e-08
124.647,0.0,0.2544703125000001,4.22756e-08
124.647,0.0,0.2542203125000001,4.25148e-08
124.647,0.0,0.2539703125000001,4.22354e-08
124.647,0.0,0.2537203125000001,4.224815e-08
124.647,0.0,0.2534703125000001,4.242665e-08
124.647,0.0,0.2532203125000001,4.22541e-08
124.647,0.0,0.25297031250000007,4.24684e-08
124.647,0.0,0.2527203125000001,4.207045e-08
124.647,0.0,0.25247031250000007,4.18236e-08
124.647,0.0,0.2522203125000001,4.17892e-08
124.647,0.0,0.25197031250000007,4.170505e-08
124.647,0.0,0.2517203125000001,4.162175e-08
124.647,0.0,0.25147031250000007,4.18087e-08
124.647,0.0,0.2512203125000001,4.121755e-08
124.647,0.0,0.25097031250000007,4.1026e-08
124.647,0.0,0.2507203125000001,4.1192800000000006e-08
124.647,0.0,0.25047031250000007,4.09629e-08
124.647,0.0,0.2502203125000001,4.13694e-08
124.647,0.0,0.2499703125000001,4.066705e-08
124.647,0.0,0.2497203125000001,4.0929e-08
124.647,0.0,0.2494703125000001,4.04405e-08
124.647,0.0,0.2492203125000001,4.031995e-08
124.647,0.0,0.2489703125000001,4.0247e-08
124.647,0.0,0.2487203125000001,3.998095e-08
124.647,0.0,0.2484703125000001,4.0081e-08
124.647,0.0,0.2482203125000001,3.989325e-08
124.647,0.0,0.2479703125000001,3.986055e-08
124.647,0.0,0.2477203125000001,3.9903e-08
124.647,0.0,0.2474703125000001,3.976780000000001e-08
124.647,0.0,0.2472203125000001,3.96886e-08
124.647,0.0,0.2469703125000001,3.94585e-08
124.647,0.0,0.2467203125000001,3.933085e-08
124.647,0.0,0.2464703125000001,3.9118e-08
124.647,0.0,0.2462203125000001,3.939565000000001e-08
124.647,0.0,0.2459703125000001,3.93157e-08
124.647,0.0,0.2457203125000001,3.932465e-08
124.647,0.0,0.2454703125000001,3.90029e-08
124.647,0.0,0.2452203125000001,3.906505e-08
124.647,0.0,0.2449703125000001,3.923535e-08
124.647,0.0,0.2447203125000001,3.913845e-08
124.647,0.0,0.2444703125000001,3.90425e-08
124.647,0.0,0.2442203125000001,3.938325e-08
124.647,0.0,0.2439703125000001,3.920375000000001e-08
124.647,0.0,0.2437203125000001,3.901015e-08
124.647,0.0,0.2434703125000001,3.90449e-08
124.647,0.0,0.2432203125000001,3.8988533333333345e-08
124.647,0.0,0.2429703125000001,3.88309e-08
124.647,0.0,0.2427203125000001,3.87784e-08
124.647,0.0,0.2424703125000001,3.88788e-08
124.647,0.0,0.2422203125000001,3.85819e-08
124.647,0.0,0.2419703125000001,3.892945e-08
124.647,0.0,0.2417203125000001,3.88373e-08
124.647,0.0,0.2414703125000001,3.88025e-08
124.647,0.0,0.2412203125000001,3.8699e-08
124.647,0.0,0.2409703125000001,3.89921e-08
124.647,0.0,0.2407203125000001,3.87248e-08
124.647,0.0,0.2404703125000001,3.87544e-08
124.647,0.0,0.2402203125000001,3.855705e-08
124.647,0.0,0.2399703125000001,3.84443e-08
124.647,0.0,0.2397203125000001,3.837305000000001e-08
124.647,0.0,0.2394703125000001,3.87731e-08
124.647,0.0,0.2392203125000001,3.85476e-08
124.647,0.0,0.2389703125000001,3.86372e-08
124.647,0.0,0.2387203125000001,3.835765e-08
124.647,0.0,0.2384703125000001,3.831335e-08
124.647,0.0,0.2382203125000001,3.83501e-08
124.647,0.0,0.2379703125000001,3.81736e-08
124.647,0.0,0.23772031250000009,3.81138e-08
124.647,0.0,0.23747031250000009,3.8204e-08
124.647,0.0,0.23722031250000009,3.79907e-08
124.647,0.0,0.23697031250000009,3.7865800000000005e-08
124.647,0.0,0.23672031250000009,3.78349e-08
124.647,0.0,0.23647031250000008,3.760315e-08
124.647,0.0,0.23622031250000008,3.74647e-08
124.647,0.0,0.23597031250000008,3.7498050000000005e-08
124.647,0.0,0.23572031250000008,3.73931e-08
124.647,0.0,0.23547031250000008,3.6958e-08
124.647,0.0,0.23522031250000008,3.7204550000000003e-08
124.647,0.0,0.23497031250000008,3.739345e-08
124.647,0.0,0.23472031250000008,3.723585e-08
124.647,0.0,0.23447031250000008,3.73052e-08
124.647,0.0,0.23422031250000008,3.714925e-08
124.647,0.0,0.23397031250000008,3.71405e-08
124.647,0.0,0.23372031250000008,3.674e-08
124.647,0.0,0.23347031250000008,3.696845e-08
124.647,0.0,0.23322031250000008,3.68317e-08
124.647,0.0,0.23297031250000008,3.676415e-08
124.647,0.0,0.23272031250000008,3.670805e-08
124.647,0.0,0.23247031250000008,3.64686e-08
124.647,0.0,0.23222031250000008,3.65666e-08
124.647,0.0,0.23197031250000008,3.659285e-08
124.647,0.0,0.23172031250000008,3.64924e-08
124.647,0.0,0.23147031250000008,3.63373e-08
124.647,0.0,0.23122031250000008,3.62934e-08
124.647,0.0,0.23097031250000008,3.630275e-08
124.647,0.0,0.23072031250000008,3.63544e-08
124.647,0.0,0.23047031250000008,3.649465e-08
124.647,0.0,0.23022031250000008,3.621425e-08
124.647,0.0,0.22997031250000008,3.632215e-08
124.647,0.0,0.22972031250000008,3.602445e-08
124.647,0.0,0.22947031250000008,3.60456e-08
124.647,0.0,0.22922031250000008,3.61288e-08
124.647,0.0,0.22897031250000008,3.597205e-08
124.647,0.0,0.22872031250000008,3.5726e-08
124.647,0.0,0.22847031250000008,3.602465e-08
124.647,0.0,0.22822031250000008,3.602945e-08
124.647,0.0,0.22797031250000008,3.589835e-08
124.647,0.0,0.22772031250000008,3.58817e-08
124.647,0.0,0.2274703125000001,3.604755e-08
124.647,0.0,0.2272203125000001,3.6045633333333335e-08
124.647,0.0,0.2269703125000001,3.5968e-08
124.647,0.0,0.2267203125000001,3.59055e-08
124.647,0.0,0.2264703125000001,3.593405e-08
124.647,0.0,0.2262203125000001,3.609665e-08
124.647,0.0,0.2259703125000001,3.5975e-08
124.647,0.0,0.2257203125000001,3.5924e-08
124.647,0.0,0.2254703125000001,3.581345e-08
124.647,0.0,0.2252203125000001,3.5867450000000004e-08
124.647,0.0,0.2249703125000001,3.587163333333333e-08
124.647,0.0,0.2247203125000001,3.5831e-08
124.647,0.0,0.2244703125000001,3.593015e-08
124.647,0.0,0.2242203125000001,3.58665e-08
124.647,0.0,0.2239703125000001,3.553085e-08
124.647,0.0,0.2237203125000001,3.56583e-08
124.647,0.0,0.2234703125000001,3.5485650000000005e-08
124.647,0.0,0.2232203125000001,3.558785e-08
124.647,0.0,0.2229703125000001,3.532425e-08
124.647,0.0,0.2227203125000001,3.5361050000000004e-08
124.647,0.0,0.2224703125000001,3.5404850000000004e-08
124.647,0.0,0.2222203125000001,3.5341950000000004e-08
124.647,0.0,0.2219703125000001,3.52691e-08
124.647,0.0,0.2217203125000001,3.51784e-08
124.647,0.0,0.2214703125000001,3.526155e-08
124.647,0.0,0.2212203125000001,3.526595e-08
124.647,0.0,0.2209703125000001,3.525405e-08
124.647,0.0,0.2207203125000001,3.54521e-08
124.647,0.0,0.2204703125000001,3.5338400000000004e-08
124.647,0.0,0.2202203125000001,3.5556833333333334e-08
124.647,0.0,0.2199703125000001,3.530865e-08
124.647,0.0,0.2197203125000001,3.51447e-08
124.647,0.0,0.2194703125000001,3.512205e-08
124.647,0.0,0.2192203125000001,3.51566e-08
124.647,0.0,0.2189703125000001,3.494725e-08
124.647,0.0,0.2187203125000001,3.52111e-08
124.647,0.0,0.2184703125000001,3.506705e-08
124.647,0.0,0.2182203125000001,3.482955e-08
124.647,0.0,0.2179703125000001,3.511375e-08
124.647,0.0,0.2177203125000001,3.5158e-08
124.647,0.0,0.2174703125000001,3.511375e-08
124.647,0.0,0.2172203125000001,3.49369e-08
124.647,0.0,0.2169703125000001,3.492695e-08
124.647,0.0,0.2167203125000001,3.48945e-08
124.647,0.0,0.2164703125000001,3.467155e-08
124.647,0.0,0.2162203125000001,3.46314e-08
124.647,0.0,0.2159703125000001,3.462395e-08
124.647,0.0,0.2157203125000001,3.440905e-08
124.647,0.0,0.2154703125000001,3.45524e-08
124.647,0.0,0.2152203125000001,3.44944e-08
124.647,0.0,0.2149703125000001,3.440265e-08
124.647,0.0,0.2147203125000001,3.41436e-08
124.647,0.0,0.2144703125000001,3.400505e-08
124.647,0.0,0.2142203125000001,3.411885e-08
124.647,0.0,0.2139703125000001,3.39828e-08
124.647,0.0,0.2137203125000001,3.410635e-08
124.647,0.0,0.2134703125000001,3.4033e-08
124.647,0.0,0.2132203125000001,3.400985e-08
124.647,0.0,0.2129703125000001,3.37086e-08
124.647,0.0,0.2127203125000001,3.369385e-08
124.647,0.0,0.2124703125000001,3.378585e-08
124.647,0.0,0.2122203125000001,3.344915e-08
124.647,0.0,0.2119703125000001,3.36456e-08
124.647,0.0,0.2117203125000001,3.35796e-08
124.647,0.0,0.2114703125000001,3.347765e-08
124.647,0.0,0.2112203125000001,3.3578733333333336e-08
124.647,0.0,0.2109703125000001,3.33589e-08
124.647,0.0,0.2107203125000001,3.354755e-08
124.647,0.0,0.2104703125000001,3.35587e-08
124.647,0.0,0.2102203125000001,3.35062e-08
124.647,0.0,0.2099703125000001,3.34761e-08
124.647,0.0,0.2097203125000001,3.3368600000000004e-08
124.647,0.0,0.2094703125000001,3.3373850000000003e-08
124.647,0.0,0.2092203125000001,3.333675e-08
124.647,0.0,0.2089703125000001,3.307865e-08
124.647,0.0,0.2087203125000001,3.3534e-08
124.647,0.0,0.2084703125000001,3.312085e-08
124.647,0.0,0.2082203125000001,3.295635e-08
124.647,0.0,0.2079703125000001,3.32398e-08
124.647,0.0,0.2077203125000001,3.324995e-08
124.647,0.0,0.2074703125000001,3.3027050000000005e-08
124.647,0.0,0.2072203125000001,3.299465e-08
124.647,0.0,0.2069703125000001,3.290455e-08
124.647,0.0,0.2067203125000001,3.28018e-08
124.647,0.0,0.20647031250000009,3.283705e-08
124.647,0.0,0.20622031250000009,3.28938e-08
124.647,0.0,0.20597031250000009,3.2951e-08
124.647,0.0,0.20572031250000009,3.28652e-08
124.647,0.0,0.20547031250000009,3.272645e-08
124.647,0.0,0.20522031250000008,3.289815e-08
124.647,0.0,0.20497031250000008,3.28349e-08
124.647,0.0,0.20472031250000008,3.268245e-08
124.647,0.0,0.20447031250000008,3.2730949999999994e-08
124.647,0.0,0.20422031250000008,3.2665e-08
124.647,0.0,0.20397031250000008,3.24713e-08
124.647,0.0,0.20372031250000008,3.25136e-08
124.647,0.0,0.20347031250000008,3.245925e-08
124.647,0.0,0.20322031250000008,3.272455e-08
124.647,0.0,0.20297031250000008,3.28015e-08
124.647,0.0,0.20272031250000008,3.2583050000000004e-08
124.647,0.0,0.20247031250000008,3.25756e-08
124.647,0.0,0.20222031250000008,3.2529399999999995e-08
124.647,0.0,0.20197031250000008,3.255875e-08
124.647,0.0,0.20172031250000008,3.21563e-08
124.647,0.0,0.20147031250000008,3.22977e-08
124.647,0.0,0.20122031250000008,3.227e-08
124.647,0.0,0.20097031250000008,3.22395e-08
124.647,0.0,0.20072031250000008,3.21452e-08
124.647,0.0,0.20047031250000008,3.24452e-08
124.647,0.0,0.20022031250000008,3.214545e-08
124.647,0.0,0.19997031250000008,3.23623e-08
124.647,0.0,0.19972031250000008,3.22426e-08
124.647,0.0,0.19947031250000008,3.24092e-08
124.647,0.0,0.19922031250000008,3.223645e-08
124.647,0.0,0.19897031250000008,3.24135e-08
124.647,0.0,0.19872031250000008,3.2260049999999995e-08
124.647,0.0,0.19847031250000008,3.21655e-08
124.647,0.0,0.19822031250000008,3.228475e-08
124.647,0.0,0.19797031250000008,3.235065e-08
124.647,0.0,0.19772031250000008,3.227595e-08
124.647,0.0,0.19747031250000008,3.23672e-08
124.647,0.0,0.19722031250000008,3.1918349999999994e-08
124.647,0.0,0.19697031250000008,3.22288e-08
124.647,0.0,0.19672031250000008,3.234235e-08
124.647,0.0,0.19647031250000008,3.2350050000000005e-08
124.647,0.0,0.1962203125000001,3.2077099999999995e-08
124.647,0.0,0.1959703125000001,3.21815e-08
124.647,0.0,0.1957203125000001,3.2271333333333334e-08
124.647,0.0,0.1954703125000001,3.2150700000000005e-08
124.647,0.0,0.1952203125000001,3.21151e-08
124.647,0.0,0.1949703125000001,3.205565e-08
124.647,0.0,0.1947203125000001,3.21436e-08
124.647,0.0,0.1944703125000001,3.19806e-08
124.647,0.0,0.1942203125000001,3.200295e-08
124.647,0.0,0.1939703125000001,3.19952e-08
124.647,0.0,0.1937203125000001,3.20043e-08
124.647,0.0,0.1934703125000001,3.18694e-08
124.647,0.0,0.1932203125000001,3.21902e-08
124.647,0.0,0.1929703125000001,3.201475e-08
124.647,0.0,0.1927203125000001,3.199535e-08
124.647,0.0,0.1924703125000001,3.2048699999999995e-08
124.647,0.0,0.1922203125000001,3.21046e-08
124.647,0.0,0.1919703125000001,3.18572e-08
124.647,0.0,0.1917203125000001,3.197155e-08
124.647,0.0,0.1914703125000001,3.20211e-08
124.647,0.0,0.1912203125000001,3.20644e-08
124.647,0.0,0.1909703125000001,3.17492e-08
124.647,0.0,0.1907203125000001,3.191015e-08
124.647,0.0,0.1904703125000001,3.167685e-08
124.647,0.0,0.1902203125000001,3.16063e-08
124.647,0.0,0.1899703125000001,3.17033e-08
124.647,0.0,0.1897203125000001,3.16665e-08
124.647,0.0,0.1894703125000001,3.1435099999999995e-08
124.647,0.0,0.1892203125000001,3.160885e-08
124.647,0.0,0.1889703125000001,3.1610449999999994e-08
124.647,0.0,0.1887203125000001,3.1754700000000006e-08
124.647,0.0,0.1884703125000001,3.16496e-08
124.647,0.0,0.1882203125000001,3.12705e-08
124.647,0.0,0.1879703125000001,3.1471500000000005e-08
124.647,0.0,0.1877203125000001,3.14621e-08
124.647,0.0,0.1874703125000001,3.140175e-08
124.647,0.0,0.1872203125000001,3.1435e-08
124.647,0.0,0.1869703125000001,3.1557900000000005e-08
124.647,0.0,0.1867203125000001,3.1370400000000004e-08
124.647,0.0,0.1864703125000001,3.1583299999999995e-08
124.647,0.0,0.1862203125000001,3.12511e-08
124.647,0.0,0.1859703125000001,3.1465600000000004e-08
124.647,0.0,0.1857203125000001,3.130625e-08
124.647,0.0,0.1854703125000001,3.142755e-08
124.647,0.0,0.1852203125000001,3.13619e-08
124.647,0.0,0.1849703125000001,3.134865e-08
124.647,0.0,0.1847203125000001,3.1203299999999995e-08
124.647,0.0,0.1844703125000001,3.1119650000000004e-08
124.647,0.0,0.1842203125000001,3.127425e-08
124.647,0.0,0.1839703125000001,3.1137400000000005e-08
124.647,0.0,0.1837203125000001,3.06955e-08
124.647,0.0,0.1834703125000001,3.09829e-08
124.647,0.0,0.1832203125000001,3.10861e-08
124.647,0.0,0.1829703125000001,3.09253e-08
124.647,0.0,0.1827203125000001,3.09258e-08
124.647,0.0,0.1824703125000001,3.1049300000000005e-08
124.647,0.0,0.1822203125000001,3.10042e-08
124.647,0.0,0.1819703125000001,3.085815e-08
124.647,0.0,0.1817203125000001,3.076935e-08
124.647,0.0,0.1814703125000001,3.07523e-08
124.647,0.0,0.1812203125000001,3.06549e-08
124.647,0.0,0.1809703125000001,3.060965e-08
124.647,0.0,0.1807203125000001,3.08066e-08
124.647,0.0,0.1804703125000001,3.086685e-08
124.647,0.0,0.1802203125000001,3.08931e-08
124.647,0.0,0.1799703125000001,3.08038e-08
124.647,0.0,0.1797203125000001,3.06313e-08
124.647,0.0,0.1794703125000001,3.0864350000000003e-08
124.647,0.0,0.1792203125000001,3.079175e-08
124.647,0.0,0.1789703125000001,3.06177e-08
124.647,0.0,0.1787203125000001,3.0738e-08
124.647,0.0,0.1784703125000001,3.064745e-08
124.647,0.0,0.1782203125000001,3.07712e-08
124.647,0.0,0.1779703125000001,3.066175e-08
124.647,0.0,0.1777203125000001,3.073215e-08
124.647,0.0,0.1774703125000001,3.06634e-08
124.647,0.0,0.1772203125000001,3.068525e-08
124.647,0.0,0.1769703125000001,3.060755e-08
124.647,0.0,0.1767203125000001,3.061635e-08
124.647,0.0,0.1764703125000001,3.05545e-08
124.647,0.0,0.1762203125000001,3.04227e-08
124.647,0.0,0.1759703125000001,3.0646400000000004e-08
124.647,0.0,0.1757203125000001,3.046495e-08
124.647,0.0,0.1754703125000001,3.062895e-08
124.647,0.0,0.17522031250000009,3.063595e-08
124.647,0.0,0.17497031250000009,3.061945e-08
124.647,0.0,0.17472031250000009,3.02211e-08
124.647,0.0,0.17447031250000009,3.05199e-08
124.647,0.0,0.17422031250000009,3.0598149999999995e-08
124.647,0.0,0.17397031250000008,3.06011e-08
124.647,0.0,0.17372031250000008,3.0551700000000005e-08
124.647,0.0,0.17347031250000008,3.0680999999999995e-08
124.647,0.0,0.17322031250000008,3.0576349999999994e-08
124.647,0.0,0.17297031250000008,3.045015e-08
124.647,0.0,0.17272031250000008,3.03716e-08
124.647,0.0,0.17247031250000008,3.03831e-08
124.647,0.0,0.17222031250000008,3.02188e-08
124.647,0.0,0.17197031250000008,3.000315e-08
124.647,0.0,0.17172031250000008,3.00461e-08
124.647,0.0,0.17147031250000008,3.0002e-08
124.647,0.0,0.17122031250000008,3.013415e-08
124.647,0.0,0.17097031250000008,3.00152e-08
124.647,0.0,0.17072031250000008,2.984765e-08
124.647,0.0,0.17047031250000008,3.00088e-08
124.647,0.0,0.17022031250000008,2.989085e-08
124.647,0.0,0.16997031250000008,2.973885e-08
124.647,0.0,0.16972031250000008,2.969885e-08
124.647,0.0,0.16947031250000008,2.98764e-08
124.647,0.0,0.16922031250000008,2.9764750000000002e-08
124.647,0.0,0.16897031250000008,2.98918e-08
124.647,0.0,0.16872031250000008,2.948985e-08
124.647,0.0,0.16847031250000008,2.9501e-08
124.647,0.0,0.16822031250000008,2.95629e-08
124.647,0.0,0.16797031250000008,2.94292e-08
124.647,0.0,0.16772031250000008,2.928585e-08
124.647,0.0,0.16747031250000008,2.91108e-08
124.647,0.0,0.16722031250000008,2.92978e-08
124.647,0.0,0.16697031250000008,2.937745e-08
124.647,0.0,0.16672031250000008,2.945925e-08
124.647,0.0,0.16647031250000008,2.93941e-08
124.647,0.0,0.16622031250000008,2.953105e-08
124.647,0.0,0.16597031250000008,2.94089e-08
124.647,0.0,0.16572031250000008,2.94821e-08
124.647,0.0,0.16547031250000008,2.94192e-08
124.647,0.0,0.16522031250000008,2.940965e-08
124.647,0.0,0.1649703125000001,2.946855e-08
124.647,0.0,0.1647203125000001,2.937645e-08
124.647,0.0,0.1644703125000001,2.95487e-08
124.647,0.0,0.1642203125000001,2.950583333333333e-08
124.647,0.0,0.1639703125000001,2.95906e-08
124.647,0.0,0.1637203125000001,2.965125e-08
124.647,0.0,0.1634703125000001,2.97966e-08
124.647,0.0,0.1632203125000001,2.94229e-08
124.647,0.0,0.1629703125000001,2.95917e-08
124.647,0.0,0.1627203125000001,2.94747e-08
124.647,0.0,0.1624703125000001,2.94621e-08
124.647,0.0,0.1622203125000001,2.93231e-08
124.647,0.0,0.1619703125000001,2.9470800000000002e-08
124.647,0.0,0.1617203125000001,2.94547e-08
124.647,0.0,0.1614703125000001,2.94531e-08
124.647,0.0,0.1612203125000001,2.941645e-08
124.647,0.0,0.1609703125000001,2.93821e-08
124.647,0.0,0.1607203125000001,2.908975e-08
124.647,0.0,0.1604703125000001,2.93986e-08
124.647,0.0,0.1602203125000001,2.92859e-08
124.647,0.0,0.1599703125000001,2.92923e-08
124.647,0.0,0.1597203125000001,2.9442650000000002e-08
124.647,0.0,0.1594703125000001,2.940235e-08
124.647,0.0,0.1592203125000001,2.92775e-08
124.647,0.0,0.1589703125000001,2.9284e-08
124.647,0.0,0.1587203125000001,2.9191e-08
124.647,0.0,0.1584703125000001,2.92687e-08
124.647,0.0,0.1582203125000001,2.934615e-08
124.647,0.0,0.1579703125000001,2.907885e-08
124.647,0.0,0.1577203125000001,2.92281e-08
124.647,0.0,0.1574703125000001,2.90623e-08
124.647,0.0,0.1572203125000001,2.925943333333333e-08
124.647,0.0,0.1569703125000001,2.9075650000000006e-08
124.647,0.0,0.1567203125000001,2.8817e-08
124.647,0.0,0.1564703125000001,2.893335e-08
124.647,0.0,0.1562203125000001,2.88498e-08
124.647,0.0,0.1559703125000001,2.87858e-08
124.647,0.0,0.1557203125000001,2.88787e-08
124.647,0.0,0.1554703125000001,2.86038e-08
124.647,0.0,0.1552203125000001,2.87637e-08
124.647,0.0,0.1549703125000001,2.8779333333333332e-08
124.647,0.0,0.1547203125000001,2.88876e-08
124.647,0.0,0.1544703125000001,2.862585e-08
124.647,0.0,0.1542203125000001,2.86555e-08
124.647,0.0,0.1539703125000001,2.849245e-08
124.647,0.0,0.1537203125000001,2.84163e-08
124.647,0.0,0.1534703125000001,2.83546e-08
124.647,0.0,0.1532203125000001,2.843905e-08
124.647,0.0,0.1529703125000001,2.7982200000000003e-08
124.647,0.0,0.1527203125000001,2.82976e-08
124.647,0.0,0.1524703125000001,2.8309e-08
124.647,0.0,0.1522203125000001,2.836175e-08
124.647,0.0,0.1519703125000001,2.81533e-08
124.647,0.0,0.1517203125000001,2.82442e-08
124.647,0.0,0.1514703125000001,2.82298e-08
124.647,0.0,0.1512203125000001,2.813315e-08
124.647,0.0,0.1509703125000001,2.83632e-08
124.647,0.0,0.1507203125000001,2.81011e-08
124.647,0.0,0.1504703125000001,2.809755e-08
124.647,0.0,0.1502203125000001,2.81269e-08
124.647,0.0,0.1499703125000001,2.79734e-08
124.647,0.0,0.1497203125000001,2.81118e-08
124.647,0.0,0.1494703125000001,2.830115e-08
124.647,0.0,0.1492203125000001,2.81512e-08
124.647,0.0,0.1489703125000001,2.814495e-08
124.647,0.0,0.1487203125000001,2.8419e-08
124.647,0.0,0.1484703125000001,2.8234100000000002e-08
124.647,0.0,0.1482203125000001,2.81839e-08
124.647,0.0,0.1479703125000001,2.85587e-08
124.647,0.0,0.1477203125000001,2.82873e-08
124.647,0.0,0.1474703125000001,2.833825e-08
124.647,0.0,0.1472203125000001,2.84489e-08
124.647,0.0,0.1469703125000001,2.8523850000000003e-08
124.647,0.0,0.1467203125000001,2.83574e-08
124.647,0.0,0.1464703125000001,2.85211e-08
124.647,0.0,0.1462203125000001,2.82004e-08
124.647,0.0,0.1459703125000001,2.8336100000000002e-08
124.647,0.0,0.1457203125000001,2.839625e-08
124.647,0.0,0.1454703125000001,2.80062e-08
124.647,0.0,0.1452203125000001,2.8258e-08
124.647,0.0,0.1449703125000001,2.82774e-08
124.647,0.0,0.1447203125000001,2.84146e-08
124.647,0.0,0.1444703125000001,2.83742e-08
124.647,0.0,0.1442203125000001,2.82208e-08
124.647,0.0,0.14397031250000009,2.82023e-08
124.647,0.0,0.14372031250000009,2.806855e-08
124.647,0.0,0.14347031250000009,2.82658e-08
124.647,0.0,0.14322031250000009,2.83138e-08
124.647,0.0,0.14297031250000009,2.799535e-08
124.647,0.0,0.14272031250000008,2.80006e-08
124.647,0.0,0.14247031250000008,2.77976e-08
124.647,0.0,0.14222031250000008,2.818725e-08
124.647,0.0,0.14197031250000008,2.788995e-08
124.647,0.0,0.14172031250000008,2.79203e-08
124.647,0.0,0.14147031250000008,2.7956850000000002e-08
124.647,0.0,0.14122031250000008,2.77681e-08
124.647,0.0,0.14097031250000008,2.75299e-08
124.647,0.0,0.14072031250000008,2.79077e-08
124.647,0.0,0.14047031250000008,2.788445e-08
124.647,0.0,0.14022031250000008,2.779895e-08
124.647,0.0,0.13997031250000008,2.781955e-08
124.647,0.0,0.13972031250000008,2.78266e-08
124.647,0.0,0.13947031250000008,2.774665e-08
124.647,0.0,0.13922031250000008,2.76302e-08
124.647,0.0,0.13897031250000008,2.7623750000000006e-08
124.647,0.0,0.13872031250000008,2.77359e-08
124.647,0.0,0.13847031250000008,2.76236e-08
124.647,0.0,0.13822031250000008,2.76285e-08
124.647,0.0,0.13797031250000008,2.76212e-08
124.647,0.0,0.13772031250000008,2.74308e-08
124.647,0.0,0.13747031250000008,2.754295e-08
124.647,0.0,0.13722031250000008,2.751945e-08
124.647,0.0,0.13697031250000008,2.738945e-08
124.647,0.0,0.13672031250000008,2.739885e-08
124.647,0.0,0.13647031250000008,2.73283e-08
124.647,0.0,0.13622031250000008,2.75668e-08
124.647,0.0,0.13597031250000008,2.73943e-08
124.647,0.0,0.13572031250000008,2.738515e-08
124.647,0.0,0.13547031250000008,2.73418e-08
124.647,0.0,0.13522031250000008,2.74232e-08
124.647,0.0,0.13497031250000008,2.732345e-08
124.647,0.0,0.13472031250000008,2.746315e-08
124.647,0.0,0.13447031250000008,2.7444200000000002e-08
124.647,0.0,0.13422031250000008,2.73826e-08
124.647,0.0,0.13397031250000008,2.77303e-08
124.647,0.0,0.1337203125000001,2.746555e-08
124.647,0.0,0.1334703125000001,2.75881e-08
124.647,0.0,0.1332203125000001,2.730565e-08
124.647,0.0,0.1329703125000001,2.7365e-08
124.647,0.0,0.1327203125000001,2.7236e-08
124.647,0.0,0.1324703125000001,2.742195e-08
124.647,0.0,0.1322203125000001,2.73613e-08
124.647,0.0,0.1319703125000001,2.77176e-08
124.647,0.0,0.1317203125000001,2.741085e-08
124.647,0.0,0.1314703125000001,2.7265900000000002e-08
124.647,0.0,0.1312203125000001,2.74247e-08
124.647,0.0,0.1309703125000001,2.71978e-08
124.647,0.0,0.1307203125000001,2.70581e-08
124.647,0.0,0.1304703125000001,2.728445e-08
124.647,0.0,0.1302203125000001,2.7411166666666668e-08
124.647,0.0,0.1299703125000001,2.72858e-08
124.647,0.0,0.1297203125000001,2.71937e-08
124.647,0.0,0.1294703125000001,2.7124550000000002e-08
124.647,0.0,0.1292203125000001,2.737605e-08
124.647,0.0,0.1289703125000001,2.72032e-08
124.647,0.0,0.1287203125000001,2.723475e-08
124.647,0.0,0.1284703125000001,2.70128e-08
124.647,0.0,0.1282203125000001,2.7398800000000002e-08
124.647,0.0,0.1279703125000001,2.69707e-08
124.647,0.0,0.1277203125000001,2.72143e-08
124.647,0.0,0.1274703125000001,2.71375e-08
124.647,0.0,0.1272203125000001,2.685985e-08
124.647,0.0,0.1269703125000001,2.68967e-08
124.647,0.0,0.1267203125000001,2.68865e-08
124.647,0.0,0.1264703125000001,2.648775e-08
124.647,0.0,0.1262203125000001,2.6496150000000006e-08
124.647,0.0,0.1259703125000001,2.65553e-08
124.647,0.0,0.1257203125000001,2.660265e-08
124.647,0.0,0.1254703125000001,2.66536e-08
124.647,0.0,0.1252203125000001,2.64448e-08
124.647,0.0,0.1249703125000001,2.66203e-08
124.647,0.0,0.1247203125000001,2.65547e-08
124.647,0.0,0.1244703125000001,2.663195e-08
124.647,0.0,0.1242203125000001,2.674375e-08
124.647,0.0,0.1239703125000001,2.64351e-08
124.647,0.0,0.1237203125000001,2.630445e-08
124.647,0.0,0.1234703125000001,2.62502e-08
124.647,0.0,0.1232203125000001,2.624095e-08
124.647,0.0,0.1229703125000001,2.62152e-08
124.647,0.0,0.1227203125000001,2.62267e-08
124.647,0.0,0.1224703125000001,2.61249e-08
124.647,0.0,0.1222203125000001,2.62039e-08
124.647,0.0,0.1219703125000001,2.58185e-08
124.647,0.0,0.1217203125000001,2.619335e-08
124.647,0.0,0.1214703125000001,2.63067e-08
124.647,0.0,0.1212203125000001,2.61945e-08
124.647,0.0,0.1209703125000001,2.62983e-08
124.647,0.0,0.1207203125000001,2.605345e-08
124.647,0.0,0.12047031250000009,2.58766e-08
124.647,0.0,0.12022031250000009,2.57773e-08
124.647,0.0,0.11997031250000009,2.59164e-08
124.647,0.0,0.11972031250000009,2.572025e-08
124.647,0.0,0.11947031250000009,2.56131e-08
124.647,0.0,0.11922031250000009,2.581765e-08
124.647,0.0,0.11897031250000009,2.571055e-08
124.647,0.0,0.11872031250000009,2.535845e-08
124.647,0.0,0.11847031250000009,2.57756e-08
124.647,0.0,0.11822031250000009,2.53194e-08
124.647,0.0,0.11797031250000009,2.550635e-08
124.647,0.0,0.11772031250000009,2.52756e-08
124.647,0.0,0.11747031250000009,2.49502e-08
124.647,0.0,0.11722031250000009,2.529925e-08
124.647,0.0,0.11697031250000009,2.57338e-08
124.647,0.0,0.11672031250000009,2.5258e-08
124.647,0.0,0.11647031250000009,2.52073e-08
124.647,0.0,0.11622031250000009,2.49272e-08
124.647,0.0,0.11597031250000009,2.51478e-08
124.647,0.0,0.11572031250000009,2.512705e-08
124.647,0.0,0.11547031250000009,2.510155e-08
124.647,0.0,0.11522031250000009,2.51814e-08
124.647,0.0,0.11497031250000009,2.480775e-08
124.647,0.0,0.11472031250000009,2.52024e-08
124.647,0.0,0.11447031250000009,2.4763e-08
124.647,0.0,0.11422031250000009,2.48922e-08
124.647,0.0,0.11397031250000009,2.474545e-08
124.647,0.0,0.11372031250000009,2.49781e-08
124.647,0.0,0.11347031250000009,2.4817100000000002e-08
124.647,0.0,0.11322031250000009,2.47426e-08
124.647,0.0,0.11297031250000009,2.49709e-08
124.647,0.0,0.11272031250000009,2.47899e-08
124.647,0.0,0.11247031250000009,2.48226e-08
124.647,0.0,0.11222031250000009,2.4893e-08
124.647,0.0,0.11197031250000009,2.482465e-08
124.647,0.0,0.11172031250000009,2.47159e-08
124.647,0.0,0.11147031250000008,2.50222e-08
124.647,0.0,0.11122031250000008,2.53396e-08
124.647,0.0,0.11097031250000008,2.47828e-08
124.647,0.0,0.11072031250000008,2.4579950000000003e-08
124.647,0.0,0.11047031250000008,2.4857850000000002e-08
124.647,0.0,0.1102203125000001,2.4467950000000002e-08
124.647,0.0,0.1099703125000001,2.48642e-08
124.647,0.0,0.1097203125000001,2.440135e-08
124.647,0.0,0.1094703125000001,2.4709650000000002e-08
124.647,0.0,0.1092203125000001,2.49363e-08
124.647,0.0,0.1089703125000001,2.449275e-08
124.647,0.0,0.1087203125000001,2.476225e-08
124.647,0.0,0.1084703125000001,2.455705e-08
124.647,0.0,0.1082203125000001,2.48089e-08
124.647,0.0,0.1079703125000001,2.46761e-08
124.647,0.0,0.1077203125000001,2.446035e-08
124.647,0.0,0.1074703125000001,2.44682e-08
124.647,0.0,0.1072203125000001,2.41171e-08
124.647,0.0,0.1069703125000001,2.41081e-08
124.647,0.0,0.1067203125000001,2.46456e-08
124.647,0.0,0.1064703125000001,2.44576e-08
124.647,0.0,0.1062203125000001,2.44173e-08
124.647,0.0,0.1059703125000001,2.43034e-08
124.647,0.0,0.1057203125000001,2.43554e-08
124.647,0.0,0.1054703125000001,2.43536e-08
124.647,0.0,0.1052203125000001,2.439595e-08
124.647,0.0,0.10497031250000009,2.405065e-08
124.647,0.0,0.10472031250000009,2.442005e-08
124.647,0.0,0.10447031250000009,2.44029e-08
124.647,0.0,0.10422031250000009,2.42659e-08
124.647,0.0,0.10397031250000009,2.4169100000000002e-08
124.647,0.0,0.10372031250000009,2.414265e-08
124.647,0.0,0.10347031250000009,2.42119e-08
124.647,0.0,0.10322031250000009,2.46499e-08
124.647,0.0,0.10297031250000009,2.422285e-08
124.647,0.0,0.10272031250000009,2.413325e-08
124.647,0.0,0.10247031250000009,2.437625e-08
124.647,0.0,0.10222031250000009,2.42963e-08
124.647,0.0,0.10197031250000009,2.456685e-08
124.647,0.0,0.10172031250000009,2.45723e-08
124.647,0.0,0.10147031250000009,2.454785e-08
124.647,0.0,0.10122031250000009,2.4357e-08
124.647,0.0,0.10097031250000009,2.42624e-08
124.647,0.0,0.10072031250000009,2.43786e-08
124.647,0.0,0.10047031250000009,2.45197e-08
124.647,0.0,0.10022031250000009,2.41962e-08
124.647,0.0,0.09997031250000009,2.422935e-08
124.647,0.0,0.09972031250000009,2.44087e-08
124.647,0.0,0.09947031250000009,2.435245e-08
124.647,0.0,0.09922031250000009,2.43699e-08
124.647,0.0,0.09897031250000009,2.438265e-08
124.647,0.0,0.09872031250000009,2.406135e-08
124.647,0.0,0.09847031250000009,2.46097e-08
124.647,0.0,0.09822031250000009,2.45656e-08
124.647,0.0,0.09797031250000009,2.424185e-08
124.647,0.0,0.09772031250000009,2.422035e-08
124.647,0.0,0.09747031250000009,2.43366e-08
124.647,0.0,0.09722031250000009,2.435015e-08
124.647,0.0,0.09697031250000009,2.36249e-08
124.647,0.0,0.09672031250000009,2.39743e-08
124.647,0.0,0.09647031250000009,2.438115e-08
124.647,0.0,0.09622031250000009,2.4044e-08
124.647,0.0,0.09597031250000009,2.398745e-08
124.647,0.0,0.09572031250000008,2.38664e-08
124.647,0.0,0.09547031250000008,2.35644e-08
124.647,0.0,0.09522031250000008,2.366335e-08
124.647,0.0,0.09497031250000008,2.395745e-08
124.647,0.0,0.0947203125000001,2.40097e-08
124.647,0.0,0.0944703125000001,2.393165e-08
124.647,0.0,0.0942203125000001,2.39047e-08
124.647,0.0,0.0939703125000001,2.381135e-08
124.647,0.0,0.0937203125000001,2.3927650000000002e-08
124.647,0.0,0.0934703125000001,2.34597e-08
124.647,0.0,0.0932203125000001,2.344725e-08
124.647,0.0,0.0929703125000001,2.3694e-08
124.647,0.0,0.0927203125000001,2.36603e-08
124.647,0.0,0.0924703125000001,2.33542e-08
124.647,0.0,0.0922203125000001,2.3385166666666665e-08
124.647,0.0,0.0919703125000001,2.343615e-08
124.647,0.0,0.0917203125000001,2.337685e-08
124.647,0.0,0.0914703125000001,2.36131e-08
124.647,0.0,0.0912203125000001,2.341375e-08
124.647,0.0,0.0909703125000001,2.315295e-08
124.647,0.0,0.0907203125000001,2.339645e-08
124.647,0.0,0.0904703125000001,2.35992e-08
124.647,0.0,0.0902203125000001,2.3575e-08
124.647,0.0,0.0899703125000001,2.33593e-08
124.647,0.0,0.0897203125000001,2.307795e-08
124.647,0.0,0.0894703125000001,2.33503e-08
124.647,0.0,0.08922031250000009,2.311e-08
124.647,0.0,0.08897031250000009,2.34075e-08
124.647,0.0,0.08872031250000009,2.34358e-08
124.647,0.0,0.08847031250000009,2.34459e-08
124.647,0.0,0.08822031250000009,2.34822e-08
124.647,0.0,0.08797031250000009,2.30684e-08
124.647,0.0,0.08772031250000009,2.31482e-08
124.647,0.0,0.08747031250000009,2.33178e-08
124.647,0.0,0.08722031250000009,2.352275e-08
124.647,0.0,0.08697031250000009,2.30229e-08
124.647,0.0,0.08672031250000009,2.308705e-08
124.647,0.0,0.08647031250000009,2.3015e-08
124.647,0.0,0.08622031250000009,2.305305e-08
124.647,0.0,0.08597031250000009,2.30077e-08
124.647,0.0,0.08572031250000009,2.279995e-08
124.647,0.0,0.08547031250000009,2.27877e-08
124.647,0.0,0.08522031250000009,2.287955e-08
124.647,0.0,0.08497031250000009,2.28281e-08
124.647,0.0,0.08472031250000009,2.25976e-08
124.647,0.0,0.08447031250000009,2.24882e-08
124.647,0.0,0.08422031250000009,2.252415e-08
124.647,0.0,0.08397031250000009,2.26371e-08
124.647,0.0,0.08372031250000009,2.24901e-08
124.647,0.0,0.08347031250000009,2.26441e-08
124.647,0.0,0.08322031250000009,2.26601e-08
124.647,0.0,0.08297031250000009,2.2486533333333334e-08
124.647,0.0,0.08272031250000009,2.26995e-08
124.647,0.0,0.08247031250000009,2.256615e-08
124.647,0.0,0.08222031250000009,2.28912e-08
124.647,0.0,0.08197031250000009,2.29027e-08
124.647,0.0,0.08172031250000009,2.286405e-08
124.647,0.0,0.08147031250000009,2.27383e-08
124.647,0.0,0.08122031250000009,2.27029e-08
124.647,0.0,0.08097031250000009,2.254515e-08
124.647,0.0,0.08072031250000009,2.22462e-08
124.647,0.0,0.08047031250000009,2.25371e-08
124.647,0.0,0.08022031250000008,2.26447e-08
124.647,0.0,0.07997031250000008,2.242505e-08
124.647,0.0,0.07972031250000008,2.29091e-08
124.647,0.0,0.07947031250000008,2.26729e-08
124.647,0.0,0.07922031250000008,2.250665e-08
124.647,0.0,0.0789703125000001,2.28843e-08
124.647,0.0,0.0787203125000001,2.23111e-08
124.647,0.0,0.0784703125000001,2.26404e-08
124.647,0.0,0.0782203125000001,2.27015e-08
124.647,0.0,0.0779703125000001,2.239895e-08
124.647,0.0,0.0777203125000001,2.24752e-08
124.647,0.0,0.0774703125000001,2.24399e-08
124.647,0.0,0.0772203125000001,2.240445e-08
124.647,0.0,0.0769703125000001,2.24493e-08
124.647,0.0,0.0767203125000001,2.25694e-08
124.647,0.0,0.0764703125000001,2.2209066666666663e-08
124.647,0.0,0.0762203125000001,2.245365e-08
124.647,0.0,0.0759703125000001,2.262195e-08
124.647,0.0,0.0757203125000001,2.21031e-08
124.647,0.0,0.0754703125000001,2.266885e-08
124.647,0.0,0.0752203125000001,2.18725e-08
124.647,0.0,0.0749703125000001,2.267215e-08
124.647,0.0,0.0747203125000001,2.22385e-08
124.647,0.0,0.0744703125000001,2.211165e-08
124.647,0.0,0.0742203125000001,2.2457150000000002e-08
124.647,0.0,0.0739703125000001,2.2402666666666663e-08
124.647,0.0,0.07372031250000009,2.25137e-08
124.647,0.0,0.07347031250000009,2.2254e-08
124.647,0.0,0.07322031250000009,2.22547e-08
124.647,0.0,0.07297031250000009,2.219145e-08
124.647,0.0,0.07272031250000009,2.22417e-08
124.647,0.0,0.07247031250000009,2.241945e-08
124.647,0.0,0.07222031250000009,2.22211e-08
124.647,0.0,0.07197031250000009,2.215765e-08
124.647,0.0,0.07172031250000009,2.254975e-08
124.647,0.0,0.07147031250000009,2.21641e-08
124.647,0.0,0.07122031250000009,2.23048e-08
124.647,0.0,0.07097031250000009,2.221925e-08
124.647,0.0,0.07072031250000009,2.22756e-08
124.647,0.0,0.07047031250000009,2.211235e-08
124.647,0.0,0.07022031250000009,2.24518e-08
124.647,0.0,0.06997031250000009,2.187535e-08
124.647,0.0,0.06972031250000009,2.19218e-08
124.647,0.0,0.06947031250000009,2.19576e-08
124.647,0.0,0.06922031250000009,2.203385e-08
124.647,0.0,0.06897031250000009,2.18511e-08
124.647,0.0,0.06872031250000009,2.18489e-08
124.647,0.0,0.06847031250000009,2.19605e-08
124.647,0.0,0.06822031250000009,2.17605e-08
124.647,0.0,0.06797031250000009,2.19891e-08
124.647,0.0,0.06772031250000009,2.14819e-08
124.647,0.0,0.06747031250000009,2.15208e-08
124.647,0.0,0.06722031250000009,2.16969e-08
124.647,0.0,0.06697031250000009,2.1359166666666668e-08
124.647,0.0,0.06672031250000009,2.16308e-08
124.647,0.0,0.06647031250000009,2.184855e-08
124.647,0.0,0.06622031250000009,2.185605e-08
124.647,0.0,0.06597031250000009,2.16216e-08
124.647,0.0,0.06572031250000009,2.156e-08
124.647,0.0,0.06547031250000009,2.1614450000000002e-08
124.647,0.0,0.06522031250000009,2.15325e-08
124.647,0.0,0.06497031250000009,2.15623e-08
124.647,0.0,0.06472031250000009,2.1669050000000003e-08
124.647,0.0,0.06447031250000008,2.14145e-08
124.647,0.0,0.06422031250000008,2.172285e-08
124.647,0.0,0.06397031250000008,2.13122e-08
124.647,0.0,0.06372031250000008,2.15036e-08
124.647,0.0,0.0634703125000001,2.14215e-08
124.647,0.0,0.0632203125000001,2.1364550000000002e-08
124.647,0.0,0.0629703125000001,2.147075e-08
124.647,0.0,0.0627203125000001,2.1430900000000003e-08
124.647,0.0,0.06247031250000009,2.12721e-08
124.647,0.0,0.06222031250000009,2.137345e-08
124.647,0.0,0.06197031250000009,2.12706e-08
124.647,0.0,0.06172031250000009,2.12706e-08
124.647,0.0,0.06147031250000009,2.1328200000000002e-08
124.647,0.0,0.06122031250000009,2.111035e-08
124.647,0.0,0.06097031250000009,2.147185e-08
124.647,0.0,0.06072031250000009,2.10763e-08
124.647,0.0,0.06047031250000009,2.112965e-08
124.647,0.0,0.06022031250000009,2.15024e-08
124.647,0.0,0.05997031250000009,2.106025e-08
124.647,0.0,0.05972031250000009,2.10286e-08
124.647,0.0,0.059470312500000094,2.147335e-08
124.647,0.0,0.059220312500000094,2.13361e-08
124.647,0.0,0.058970312500000094,2.12646e-08
124.647,0.0,0.058720312500000094,2.119895e-08
124.647,0.0,0.05847031250000009,2.115155e-08
124.647,0.0,0.05822031250000009,2.096295e-08
124.647,0.0,0.05797031250000009,2.12732e-08
124.647,0.0,0.05772031250000009,2.108255e-08
124.647,0.0,0.05747031250000009,2.1138150000000002e-08
124.647,0.0,0.05722031250000009,2.12069e-08
124.647,0.0,0.05697031250000009,2.11931e-08
124.647,0.0,0.05672031250000009,2.104075e-08
124.647,0.0,0.05647031250000009,2.102365e-08
124.647,0.0,0.05622031250000009,2.1119300000000002e-08
124.647,0.0,0.05597031250000009,2.09644e-08
124.647,0.0,0.05572031250000009,2.18437e-08
124.647,0.0,0.05547031250000009,2.086995e-08
124.647,0.0,0.05522031250000009,2.092355e-08
124.647,0.0,0.05497031250000009,2.11538e-08
124.647,0.0,0.05472031250000009,2.08571e-08
124.647,0.0,0.05447031250000009,2.02072e-08
124.647,0.0,0.05422031250000009,2.07194e-08
124.647,0.0,0.05397031250000009,2.086095e-08
124.647,0.0,0.05372031250000009,2.078385e-08
124.647,0.0,0.05347031250000009,2.08488e-08
124.647,0.0,0.05322031250000009,2.07513e-08
124.647,0.0,0.05297031250000009,2.02737e-08
124.647,0.0,0.05272031250000009,2.06649e-08
124.647,0.0,0.05247031250000009,2.06182e-08
124.647,0.0,0.05222031250000009,2.082125e-08
124.647,0.0,0.05197031250000009,2.04372e-08
124.647,0.0,0.051720312500000094,2.056185e-08
124.647,0.0,0.051470312500000094,2.06321e-08
124.647,0.0,0.051220312500000094,2.0721833333333334e-08
124.647,0.0,0.050970312500000094,2.07415e-08
124.647,0.0,0.05072031250000009,2.06513e-08
124.647,0.0,0.05047031250000009,2.05554e-08
124.647,0.0,0.05022031250000009,2.06389e-08
124.647,0.0,0.04997031250000009,2.05138e-08
124.647,0.0,0.04972031250000009,2.02062e-08
124.647,0.0,0.04947031250000009,2.076505e-08
124.647,0.0,0.04922031250000009,2.053475e-08
124.647,0.0,0.04897031250000009,2.0733e-08
124.647,0.0,0.04872031250000009,2.09236e-08
124.647,0.0,0.04847031250000009,2.063895e-08
124.647,0.0,0.04822031250000009,2.073215e-08
124.647,0.0,0.04797031250000009,2.08366e-08
124.647,0.0,0.04772031250000009,2.06732e-08
124.647,0.0,0.04747031250000009,2.037715e-08
124.647,0.0,0.04722031250000009,2.046305e-08
124.647,0.0,0.04697031250000009,2.060335e-08
124.647,0.0,0.04672031250000009,2.05036e-08
124.647,0.0,0.04647031250000009,2.054745e-08
124.647,0.0,0.04622031250000009,2.00086e-08
124.647,0.0,0.04597031250000009,2.04831e-08
124.647,0.0,0.04572031250000009,2.05835e-08
124.647,0.0,0.04547031250000009,2.05156e-08
124.647,0.0,0.04522031250000009,2.0656100000000002e-08
124.647,0.0,0.04497031250000009,2.02525e-08
124.647,0.0,0.04472031250000009,2.0689e-08
124.647,0.0,0.04447031250000009,2.06285e-08
124.647,0.0,0.04422031250000009,2.05692e-08
124.647,0.0,0.043970312500000094,2.042005e-08
124.647,0.0,0.043720312500000094,2.05173e-08
124.647,0.0,0.043470312500000094,2.03233e-08
124.647,0.0,0.043220312500000094,2.02852e-08
124.647,0.0,0.042970312500000094,2.08023e-08
124.647,0.0,0.04272031250000009,2.009145e-08
124.647,0.0,0.04247031250000009,2.037175e-08
124.647,0.0,0.04222031250000009,2.0392250000000002e-08
124.647,0.0,0.04197031250000009,2.01301e-08
124.647,0.0,0.04172031250000009,2.0469e-08
124.647,0.0,0.04147031250000009,2.026875e-08
124.647,0.0,0.04122031250000009,2.01671e-08
124.647,0.0,0.04097031250000009,1.9604500000000002e-08
124.647,0.0,0.04072031250000009,2.00833e-08
124.647,0.0,0.04047031250000009,2.00265e-08
124.647,0.0,0.04022031250000009,1.988595e-08
124.647,0.0,0.03997031250000009,2.01413e-08
124.647,0.0,0.03972031250000009,2.03173e-08
124.647,0.0,0.03947031250000009,2.021935e-08
124.647,0.0,0.03922031250000009,1.97339e-08
124.647,0.0,0.03897031250000009,1.9800550000000002e-08
124.647,0.0,0.03872031250000009,1.96306e-08
124.647,0.0,0.03847031250000009,1.951005e-08
124.647,0.0,0.03822031250000009,1.98852e-08
124.647,0.0,0.03797031250000009,1.9854033333333337e-08
124.647,0.0,0.03772031250000009,1.96777e-08
124.647,0.0,0.03747031250000009,1.998935e-08
124.647,0.0,0.03722031250000009,1.94744e-08
124.647,0.0,0.03697031250000009,1.97488e-08
124.647,0.0,0.03672031250000009,1.9578800000000002e-08
124.647,0.0,0.03647031250000009,1.973995e-08
124.647,0.0,0.03622031250000009,1.98033e-08
124.647,0.0,0.035970312500000094,1.974975e-08
124.647,0.0,0.035720312500000094,1.98039e-08
124.647,0.0,0.035470312500000094,1.984133333333333e-08
124.647,0.0,0.035220312500000094,1.97189e-08
124.647,0.0,0.03497031250000009,1.975615e-08
124.647,0.0,0.03472031250000009,1.95456e-08
124.647,0.0,0.03447031250000009,1.9577350000000003e-08
124.647,0.0,0.03422031250000009,1.91875e-08
124.647,0.0,0.03397031250000009,1.985475e-08
124.647,0.0,0.03372031250000009,1.917e-08
124.647,0.0,0.03347031250000009,1.97297e-08
124.647,0.0,0.03322031250000009,1.980945e-08
124.647,0.0,0.03297031250000009,1.99215e-08
124.647,0.0,0.03272031250000009,1.9781e-08
124.647,0.0,0.03247031250000009,1.97321e-08
124.647,0.0,0.03222031250000009,1.93101e-08
124.647,0.0,0.03197031250000009,1.942585e-08
124.647,0.0,0.03172031250000009,1.9448100000000002e-08
124.647,0.0,0.03147031250000009,1.941565e-08
124.647,0.0,0.03122031250000009,1.933105e-08
124.647,0.0,0.03097031250000009,1.942855e-08
124.647,0.0,0.03072031250000009,1.93377e-08
124.647,0.0,0.03047031250000009,1.95761e-08
124.647,0.0,0.030220312500000093,1.99738e-08
124.647,0.0,0.029970312500000092,1.899665e-08
124.647,0.0,0.029720312500000092,1.969615e-08
124.647,0.0,0.029470312500000092,1.940805e-08
124.647,0.0,0.02922031250000009,1.95681e-08
124.647,0.0,0.02897031250000009,1.95999e-08
124.647,0.0,0.02872031250000009,1.937705e-08
124.647,0.0,0.02847031250000009,1.93272e-08
124.647,0.0,0.02822031250000009,1.88089e-08
124.647,0.0,0.02797031250000009,1.94491e-08
124.647,0.0,0.02772031250000009,1.96579e-08
124.647,0.0,0.02747031250000009,1.96022e-08
124.647,0.0,0.02722031250000009,1.94931e-08
124.647,0.0,0.02697031250000009,1.9215e-08
124.647,0.0,0.02672031250000009,1.90072e-08
124.647,0.0,0.02647031250000009,1.930085e-08
124.647,0.0,0.026220312500000093,1.983035e-08
124.647,0.0,0.025970312500000092,1.9234e-08
124.647,0.0,0.025720312500000092,1.9369900000000002e-08
124.647,0.0,0.025470312500000092,1.940295e-08
124.647,0.0,0.02522031250000009,1.93166e-08
124.647,0.0,0.02497031250000009,1.905565e-08
124.647,0.0,0.02472031250000009,1.922195e-08
124.647,0.0,0.02447031250000009,1.930685e-08
124.647,0.0,0.02422031250000009,1.89656e-08
124.647,0.0,0.02397031250000009,1.919735e-08
124.647,0.0,0.02372031250000009,1.895695e-08
124.647,0.0,0.02347031250000009,1.91044e-08
124.647,0.0,0.02322031250000009,1.92194e-08
124.647,0.0,0.02297031250000009,1.932825e-08
124.647,0.0,0.02272031250000009,1.90954e-08
124.647,0.0,0.022470312500000093,1.9174350000000006e-08
124.647,0.0,0.022220312500000092,1.87687e-08
124.647,0.0,0.021970312500000092,1.919105e-08
124.647,0.0,0.021720312500000092,1.9134e-08
124.647,0.0,0.021470312500000092,1.90427e-08
124.647,0.0,0.02122031250000009,1.88423e-08
124.647,0.0,0.02097031250000009,1.88836e-08
124.647,0.0,0.02072031250000009,1.907505e-08
124.647,0.0,0.02047031250000009,1.8888e-08
124.647,0.0,0.02022031250000009,1.88505e-08
124.647,0.0,0.01997031250000009,1.92049e-08
124.647,0.0,0.01972031250000009,1.8899350000000002e-08
124.647,0.0,0.01947031250000009,1.92099e-08
124.647,0.0,0.01922031250000009,1.907495e-08
124.647,0.0,0.01897031250000009,1.90013e-08
124.647,0.0,0.01872031250000009,1.89903e-08
124.647,0.0,0.018470312500000093,1.90759e-08
124.647,0.0,0.018220312500000092,1.930375e-08
124.647,0.0,0.017970312500000092,1.9121e-08
124.647,0.0,0.017720312500000092,1.8943900000000002e-08
124.647,0.0,0.01747031250000009,1.899025e-08
124.647,0.0,0.01722031250000009,1.877255e-08
124.647,0.0,0.01697031250000009,1.870415e-08
124.647,0.0,0.01672031250000009,1.89468e-08
124.647,0.0,0.01647031250000009,1.85602e-08
124.647,0.0,0.01622031250000009,1.890215e-08
124.647,0.0,0.01597031250000009,1.8810150000000006e-08
124.647,0.0,0.01572031250000009,1.882165e-08
124.647,0.0,0.015470312500000092,1.89485e-08
124.647,0.0,0.015220312500000091,1.83728e-08
124.647,0.0,0.014970312500000091,1.86001e-08
124.647,0.0,0.014720312500000091,1.91115e-08
124.647,0.0,0.01447031250000009,1.86833e-08
124.647,0.0,0.01422031250000009,1.85885e-08
124.647,0.0,0.01397031250000009,1.8815e-08
124.647,0.0,0.013720312500000092,1.83727e-08
124.647,0.0,0.013470312500000092,1.860935e-08
124.647,0.0,0.013220312500000091,1.855915e-08
124.647,0.0,0.012970312500000091,1.84292e-08
124.647,0.0,0.012720312500000091,1.85165e-08
124.647,0.0,0.01247031250000009,1.84106e-08
124.647,0.0,0.01222031250000009,1.83878e-08
124.647,0.0,0.01197031250000009,1.8426500000000003e-08
124.647,0.0,0.011720312500000092,1.82638e-08
124.647,0.0,0.011470312500000092,1.82931e-08
124.647,0.0,0.011220312500000091,1.81379e-08
124.647,0.0,0.010970312500000091,1.817775e-08
124.647,0.0,0.010720312500000091,1.79728e-08
124.647,0.0,0.01047031250000009,1.81923e-08
124.647,0.0,0.01022031250000009,1.7851800000000002e-08
124.647,0.0,0.00997031250000009,1.789755e-08
124.647,0.0,0.009720312500000092,1.82078e-08
124.647,0.0,0.009470312500000092,1.79292e-08
124.647,0.0,0.009220312500000091,1.796685e-08
124.647,0.0,0.008970312500000091,1.7735900000000002e-08
124.647,0.0,0.00872031250000009,1.807435e-08
124.647,0.0,0.00847031250000009,1.796995e-08
124.647,0.0,0.00822031250000009,1.76489e-08
124.647,0.0,0.00797031250000009,1.7528600000000006e-08
124.647,0.0,0.007720312500000091,1.78392e-08
124.647,0.0,0.007470312500000091,1.79871e-08
124.647,0.0,0.007220312500000091,1.78667e-08
124.647,0.0,0.006970312500000091,1.78846e-08
124.647,0.0,0.006720312500000091,1.783065e-08
124.647,0.0,0.006470312500000091,1.765365e-08
124.647,0.0,0.006220312500000091,1.7716950000000003e-08
124.647,0.0,0.005970312500000091,1.7626899999999998e-08
124.647,0.0,0.005720312500000091,1.83494e-08
124.647,0.0,0.0054703125000000906,1.78345e-08
124.647,0.0,0.005220312500000091,1.78288e-08
124.647,0.0,0.004970312500000091,1.78769e-08
124.647,0.0,0.004720312500000091,1.78873e-08
124.647,0.0,0.0044703125000000905,1.7673e-08
124.647,0.0,0.004220312500000091,1.76966e-08
124.647,0.0,0.003970312500000091,1.76999e-08
124.647,0.0,0.0037203125000000907,1.80665e-08
124.647,0.0,0.003470312500000091,1.7665050000000002e-08
124.647,0.0,0.003220312500000091,1.765625e-08
124.647,0.0,0.002970312500000091,1.799565e-08
124.647,0.0,0.002720312500000091,1.74788e-08
124.647,0.0,0.002470312500000091,1.77515e-08
124.647,0.0,0.002220312500000091,1.74378e-08
124.647,0.0,0.001970312500000091,1.80398e-08
124.647,0.0,0.001720312500000091,1.775225e-08
124.647,0.0,0.001470312500000091,1.77121e-08
124.647,0.0,0.001220312500000091,1.779405e-08
124.647,0.0,0.000970312500000091,1.78218e-08
124.647,0.0,0.000720312500000091,1.77327e-08
124.647,0.0,0.00047031250000009094,1.767445e-08
124.647,0.0,0.00022031250000009096,1.7963199999999998e-08
124.647,0.0,-2.968749999990905e-05,1.7849999999999998e-08
124.647,0.0,-0.000279687499999909,1.85139e-08
124.647,0.0,-0.000529687499999909,1.76484e-08
124.647,0.0,-0.000779687499999909,1.76047e-08
124.647,0.0,-0.0010296874999999091,1.7584199999999998e-08
124.647,0.0,-0.0012796874999999092,1.74224e-08
124.647,0.0,-0.0015296874999999092,1.763785e-08
124.647,0.0,-0.001779687499999909,1.759465e-08
124.647,0.0,-0.002029687499999909,1.74923e-08
124.647,0.0,-0.002279687499999909,1.7492e-08
124.647,0.0,-0.002529687499999909,1.737105e-08
124.647,0.0,-0.002779687499999909,1.7416566666666665e-08
124.647,0.0,-0.003029687499999909,1.738915e-08
124.647,0.0,-0.003279687499999909,1.75567e-08
124.647,0.0,-0.003529687499999909,1.7411e-08
124.647,0.0,-0.003779687499999909,1.7381000000000002e-08
124.647,0.0,-0.004029687499999909,1.730935e-08
124.647,0.0,-0.004279687499999909,1.71286e-08
124.647,0.0,-0.004529687499999909,1.7296099999999997e-08
124.647,0.0,-0.004779687499999909,1.7029949999999998e-08
124.647,0.0,-0.005029687499999909,1.735546666666667e-08
124.647,0.0,-0.0052796874999999095,1.73123e-08
124.647,0.0,-0.005529687499999909,1.73171e-08
124.647,0.0,-0.005779687499999909,1.74974e-08
124.647,0.0,-0.006029687499999909,1.72352e-08
124.647,0.0,-0.0062796874999999095,1.73926e-08
124.647,0.0,-0.006529687499999909,1.753745e-08
124.647,0.0,-0.006779687499999909,1.72297e-08
124.647,0.0,-0.007029687499999909,1.7311649999999997e-08
124.647,0.0,-0.007279687499999909,1.70394e-08
124.647,0.0,-0.007529687499999909,1.7220200000000002e-08
124.647,0.0,-0.007779687499999909,1.7430200000000002e-08
124.647,0.0,-0.008029687499999908,1.715835e-08
124.647,0.0,-0.008279687499999909,1.72324e-08
124.647,0.0,-0.008529687499999909,1.7371999999999998e-08
124.647,0.0,-0.008779687499999909,1.732355e-08
124.647,0.0,-0.00902968749999991,1.738205e-08
124.647,0.0,-0.00927968749999991,1.68944e-08
124.647,0.0,-0.00952968749999991,1.7107200000000003e-08
124.647,0.0,-0.009779687499999908,1.716595e-08
124.647,0.0,-0.010029687499999908,1.72126e-08
124.647,0.0,-0.010279687499999909,1.72712e-08
124.647,0.0,-0.010529687499999909,1.727775e-08
124.647,0.0,-0.01077968749999991,1.7317649999999998e-08
124.647,0.0,-0.01102968749999991,1.6927749999999998e-08
124.647,0.0,-0.01127968749999991,1.70116e-08
124.647,0.0,-0.01152968749999991,1.7151050000000002e-08
124.647,0.0,-0.011779687499999908,1.7229233333333335e-08
124.647,0.0,-0.012029687499999909,1.72825e-08
124.647,0.0,-0.012279687499999909,1.7451500000000002e-08
124.647,0.0,-0.012529687499999909,1.722935e-08
124.647,0.0,-0.01277968749999991,1.72356e-08
124.647,0.0,-0.01302968749999991,1.73254e-08
124.647,0.0,-0.01327968749999991,1.73869e-08
124.647,0.0,-0.01352968749999991,1.7328549999999998e-08
124.647,0.0,-0.013779687499999908,1.71764e-08
124.647,0.0,-0.014029687499999909,1.712005e-08
124.647,0.0,-0.014279687499999909,1.710255e-08
124.647,0.0,-0.014529687499999909,1.719565e-08
124.647,0.0,-0.01477968749999991,1.7139550000000002e-08
124.647,0.0,-0.01502968749999991,1.69565e-08
124.647,0.0,-0.01527968749999991,1.70728e-08
124.647,0.0,-0.01552968749999991,1.700855e-08
124.647,0.0,-0.01577968749999991,1.686345e-08
124.647,0.0,-0.01602968749999991,1.70969e-08
124.647,0.0,-0.01627968749999991,1.691485e-08
124.647,0.0,-0.01652968749999991,1.702315e-08
124.647,0.0,-0.016779687499999908,1.687095e-08
124.647,0.0,-0.017029687499999908,1.70203e-08
124.647,0.0,-0.017279687499999908,1.707855e-08
124.647,0.0,-0.017529687499999908,1.7058e-08
124.647,0.0,-0.01777968749999991,1.697285e-08
124.647,0.0,-0.01802968749999991,1.68256e-08
124.647,0.0,-0.01827968749999991,1.6900349999999998e-08
124.647,0.0,-0.01852968749999991,1.6872e-08
124.647,0.0,-0.01877968749999991,1.6725e-08
124.647,0.0,-0.01902968749999991,1.69971e-08
124.647,0.0,-0.01927968749999991,1.684175e-08
124.647,0.0,-0.01952968749999991,1.68612e-08
124.647,0.0,-0.01977968749999991,1.668525e-08
124.647,0.0,-0.02002968749999991,1.68511e-08
124.647,0.0,-0.02027968749999991,1.6772300000000006e-08
124.647,0.0,-0.020529687499999907,1.68083e-08
124.647,0.0,-0.020779687499999908,1.6533900000000002e-08
124.647,0.0,-0.021029687499999908,1.6812800000000002e-08
124.647,0.0,-0.021279687499999908,1.669875e-08
124.647,0.0,-0.02152968749999991,1.66428e-08
124.647,0.0,-0.02177968749999991,1.66508e-08
124.647,0.0,-0.02202968749999991,1.65333e-08
124.647,0.0,-0.02227968749999991,1.666405e-08
124.647,0.0,-0.02252968749999991,1.658345e-08
124.647,0.0,-0.02277968749999991,1.6429049999999997e-08
124.647,0.0,-0.02302968749999991,1.648845e-08
124.647,0.0,-0.02327968749999991,1.6712450000000002e-08
124.647,0.0,-0.02352968749999991,1.6271e-08
124.647,0.0,-0.02377968749999991,1.642085e-08
124.647,0.0,-0.02402968749999991,1.64824e-08
124.647,0.0,-0.02427968749999991,1.63592e-08
124.647,0.0,-0.024529687499999907,1.617685e-08
124.647,0.0,-0.024779687499999908,1.631005e-08
124.647,0.0,-0.025029687499999908,1.6308350000000002e-08
124.647,0.0,-0.025279687499999908,1.614885e-08
124.647,0.0,-0.02552968749999991,1.627355e-08
124.647,0.0,-0.02577968749999991,1.64919e-08
124.647,0.0,-0.02602968749999991,1.61616e-08
124.647,0.0,-0.02627968749999991,1.6278899999999998e-08
124.647,0.0,-0.02652968749999991,1.65144e-08
124.647,0.0,-0.02677968749999991,1.63911e-08
124.647,0.0,-0.02702968749999991,1.62676e-08
124.647,0.0,-0.02727968749999991,1.6265199999999998e-08
124.647,0.0,-0.02752968749999991,1.6415833333333335e-08
124.647,0.0,-0.02777968749999991,1.6264949999999998e-08
124.647,0.0,-0.02802968749999991,1.62221e-08
124.647,0.0,-0.028279687499999907,1.625175e-08
124.647,0.0,-0.028529687499999908,1.61328e-08
124.647,0.0,-0.028779687499999908,1.63621e-08
124.647,0.0,-0.029029687499999908,1.64827e-08
124.647,0.0,-0.029279687499999908,1.645165e-08
124.647,0.0,-0.02952968749999991,1.6315499999999998e-08
124.647,0.0,-0.02977968749999991,1.61822e-08
124.647,0.0,-0.03002968749999991,1.628925e-08
124.647,0.0,-0.03027968749999991,1.621985e-08
124.647,0.0,-0.03052968749999991,1.63501e-08
124.647,0.0,-0.03077968749999991,1.62936e-08
124.647,0.0,-0.03102968749999991,1.62857e-08
124.647,0.0,-0.03127968749999991,1.6198950000000002e-08
124.647,0.0,-0.03152968749999991,1.631785e-08
124.647,0.0,-0.03177968749999991,1.62521e-08
124.647,0.0,-0.03202968749999991,1.607495e-08
124.647,0.0,-0.03227968749999991,1.66134e-08
124.647,0.0,-0.03252968749999991,1.611605e-08
124.647,0.0,-0.03277968749999991,1.62283e-08
124.647,0.0,-0.03302968749999991,1.6166199999999998e-08
124.647,0.0,-0.03327968749999991,1.62387e-08
124.647,0.0,-0.03352968749999991,1.63017e-08
124.647,0.0,-0.03377968749999991,1.613085e-08
124.647,0.0,-0.03402968749999991,1.60176e-08
124.647,0.0,-0.034279687499999906,1.600785e-08
124.647,0.0,-0.034529687499999906,1.5976066666666666e-08
124.647,0.0,-0.034779687499999906,1.57245e-08
124.647,0.0,-0.035029687499999906,1.57943e-08
124.647,0.0,-0.03527968749999991,1.587075e-08
124.647,0.0,-0.03552968749999991,1.5528550000000002e-08
124.647,0.0,-0.03577968749999991,1.57305e-08
124.647,0.0,-0.03602968749999991,1.5540550000000002e-08
124.647,0.0,-0.03627968749999991,1.56006e-08
124.647,0.0,-0.03652968749999991,1.5480666666666666e-08
124.647,0.0,-0.03677968749999991,1.56132e-08
124.647,0.0,-0.03702968749999991,1.57131e-08
124.647,0.0,-0.03727968749999991,1.53394e-08
124.647,0.0,-0.03752968749999991,1.54343e-08
124.647,0.0,-0.03777968749999991,1.53938e-08
124.647,0.0,-0.03802968749999991,1.534495e-08
124.647,0.0,-0.03827968749999991,1.542845e-08
124.647,0.0,-0.03852968749999991,1.539245e-08
124.647,0.0,-0.03877968749999991,1.549035e-08
124.647,0.0,-0.03902968749999991,1.53512e-08
124.647,0.0,-0.03927968749999991,1.538615e-08
124.647,0.0,-0.03952968749999991,1.519325e-08
124.647,0.0,-0.03977968749999991,1.52935e-08
124.647,0.0,-0.04002968749999991,1.53646e-08
124.647,0.0,-0.04027968749999991,1.535855e-08
124.647,0.0,-0.04052968749999991,1.514215e-08
124.647,0.0,-0.04077968749999991,1.51141e-08
124.647,0.0,-0.04102968749999991,1.531833333333333e-08
124.647,0.0,-0.04127968749999991,1.52248e-08
124.647,0.0,-0.04152968749999991,1.52318e-08
124.647,0.0,-0.04177968749999991,1.52192e-08
124.647,0.0,-0.042029687499999906,1.538635e-08
124.647,0.0,-0.042279687499999906,1.523605e-08
124.647,0.0,-0.042529687499999906,1.553275e-08
124.647,0.0,-0.042779687499999906,1.51073e-08
124.647,0.0,-0.04302968749999991,1.51809e-08
124.647,0.0,-0.04327968749999991,1.529095e-08
124.647,0.0,-0.04352968749999991,1.51686e-08
124.647,0.0,-0.04377968749999991,1.55075e-08
124.647,0.0,-0.04402968749999991,1.52748e-08
124.647,0.0,-0.04427968749999991,1.528865e-08
124.647,0.0,-0.04452968749999991,1.53267e-08
124.647,0.0,-0.04477968749999991,1.56163e-08
124.647,0.0,-0.04502968749999991,1.5317100000000003e-08
124.647,0.0,-0.04527968749999991,1.526915e-08
124.647,0.0,-0.04552968749999991,1.51688e-08
124.647,0.0,-0.04577968749999991,1.51555e-08
124.647,0.0,-0.04602968749999991,1.5354050000000002e-08
124.647,0.0,-0.04627968749999991,1.52478e-08
124.647,0.0,-0.04652968749999991,1.51286e-08
124.647,0.0,-0.04677968749999991,1.51023e-08
124.647,0.0,-0.04702968749999991,1.498915e-08
124.647,0.0,-0.04727968749999991,1.520955e-08
124.647,0.0,-0.04752968749999991,1.52394e-08
124.647,0.0,-0.04777968749999991,1.5244e-08
124.647,0.0,-0.04802968749999991,1.5100649999999998e-08
124.647,0.0,-0.04827968749999991,1.53611e-08
124.647,0.0,-0.04852968749999991,1.512945e-08
124.647,0.0,-0.04877968749999991,1.51349e-08
124.647,0.0,-0.04902968749999991,1.51654e-08
124.647,0.0,-0.04927968749999991,1.5187049999999998e-08
124.647,0.0,-0.04952968749999991,1.500075e-08
124.647,0.0,-0.049779687499999906,1.54739e-08
124.647,0.0,-0.050029687499999906,1.5081333333333334e-08
124.647,0.0,-0.050279687499999906,1.49843e-08
124.647,0.0,-0.050529687499999906,1.51116e-08
124.647,0.0,-0.050779687499999906,1.4965500000000006e-08
124.647,0.0,-0.05102968749999991,1.5085099999999998e-08
124.647,0.0,-0.05127968749999991,1.50119e-08
124.647,0.0,-0.05152968749999991,1.49706e-08
124.647,0.0,-0.05177968749999991,1.517e-08
124.647,0.0,-0.05202968749999991,1.499095e-08
124.647,0.0,-0.05227968749999991,1.505885e-08
124.647,0.0,-0.05252968749999991,1.487025e-08
124.647,0.0,-0.05277968749999991,1.494655e-08
124.647,0.0,-0.05302968749999991,1.489265e-08
124.647,0.0,-0.05327968749999991,1.48873e-08
124.647,0.0,-0.05352968749999991,1.49825e-08
124.647,0.0,-0.05377968749999991,1.458455e-08
124.647,0.0,-0.05402968749999991,1.461475e-08
124.647,0.0,-0.05427968749999991,1.47103e-08
124.647,0.0,-0.05452968749999991,1.459615e-08
124.647,0.0,-0.05477968749999991,1.47033e-08
124.647,0.0,-0.05502968749999991,1.4683e-08
124.647,0.0,-0.05527968749999991,1.48052e-08
124.647,0.0,-0.05552968749999991,1.4551e-08
124.647,0.0,-0.05577968749999991,1.46085e-08
124.647,0.0,-0.05602968749999991,1.46681e-08
124.647,0.0,-0.05627968749999991,1.468695e-08
124.647,0.0,-0.05652968749999991,1.462965e-08
124.647,0.0,-0.05677968749999991,1.472895e-08
124.647,0.0,-0.05702968749999991,1.45639e-08
124.647,0.0,-0.05727968749999991,1.467305e-08
124.647,0.0,-0.05752968749999991,1.45984e-08
124.647,0.0,-0.057779687499999906,1.4652e-08
124.647,0.0,-0.058029687499999906,1.465785e-08
124.647,0.0,-0.058279687499999906,1.451595e-08
124.647,0.0,-0.058529687499999906,1.44835e-08
124.647,0.0,-0.05877968749999991,1.4611000000000001e-08
124.647,0.0,-0.05902968749999991,1.441235e-08
124.647,0.0,-0.05927968749999991,1.4479e-08
124.647,0.0,-0.05952968749999991,1.4477300000000001e-08
124.647,0.0,-0.05977968749999991,1.44856e-08
124.647,0.0,-0.06002968749999991,1.417975e-08
124.647,0.0,-0.06027968749999991,1.434645e-08
124.647,0.0,-0.06052968749999991,1.43287e-08
124.647,0.0,-0.06077968749999991,1.425365e-08
124.647,0.0,-0.06102968749999991,1.432025e-08
124.647,0.0,-0.06127968749999991,1.41622e-08
124.647,0.0,-0.06152968749999991,1.426225e-08
124.647,0.0,-0.06177968749999991,1.389315e-08
124.647,0.0,-0.06202968749999991,1.439845e-08
124.647,0.0,-0.06227968749999991,1.40757e-08
124.647,0.0,-0.0625296874999999,1.41072e-08
124.647,0.0,-0.0627796874999999,1.4133050000000001e-08
124.647,0.0,-0.0630296874999999,1.430425e-08
124.647,0.0,-0.0632796874999999,1.425215e-08
124.647,0.0,-0.0635296874999999,1.40675e-08
124.647,0.0,-0.0637796874999999,1.416125e-08
124.647,0.0,-0.0640296874999999,1.414575e-08
124.647,0.0,-0.0642796874999999,1.415635e-08
124.647,0.0,-0.0645296874999999,1.41777e-08
124.647,0.0,-0.0647796874999999,1.40369e-08
124.647,0.0,-0.0650296874999999,1.406745e-08
124.647,0.0,-0.0652796874999999,1.4108e-08
124.647,0.0,-0.0655296874999999,1.40964e-08
124.647,0.0,-0.0657796874999999,1.41537e-08
124.647,0.0,-0.0660296874999999,1.408705e-08
124.647,0.0,-0.0662796874999999,1.41931e-08
124.647,0.0,-0.0665296874999999,1.39357e-08
124.647,0.0,-0.0667796874999999,1.410515e-08
124.647,0.0,-0.06702968749999991,1.40757e-08
124.647,0.0,-0.06727968749999991,1.41277e-08
124.647,0.0,-0.06752968749999991,1.39428e-08
124.647,0.0,-0.06777968749999991,1.402585e-08
124.647,0.0,-0.06802968749999991,1.41142e-08
124.647,0.0,-0.06827968749999991,1.40084e-08
124.647,0.0,-0.06852968749999991,1.40197e-08
124.647,0.0,-0.06877968749999991,1.39172e-08
124.647,0.0,-0.06902968749999991,1.412545e-08
124.647,0.0,-0.06927968749999991,1.413205e-08
124.647,0.0,-0.06952968749999991,1.36573e-08
124.647,0.0,-0.06977968749999991,1.43319e-08
124.647,0.0,-0.07002968749999991,1.41156e-08
124.647,0.0,-0.07027968749999991,1.405925e-08
124.647,0.0,-0.07052968749999991,1.41692e-08
124.647,0.0,-0.07077968749999991,1.420255e-08
124.647,0.0,-0.07102968749999991,1.405425e-08
124.647,0.0,-0.07127968749999991,1.43891e-08
124.647,0.0,-0.07152968749999991,1.393995e-08
124.647,0.0,-0.07177968749999991,1.42198e-08
124.647,0.0,-0.07202968749999991,1.423465e-08
124.647,0.0,-0.07227968749999991,1.420555e-08
124.647,0.0,-0.07252968749999991,1.416635e-08
124.647,0.0,-0.07277968749999991,1.40544e-08
124.647,0.0,-0.07302968749999991,1.41104e-08
124.647,0.0,-0.07327968749999991,1.40584e-08
124.647,0.0,-0.07352968749999991,1.4212900000000001e-08
124.647,0.0,-0.07377968749999991,1.4165050000000001e-08
124.647,0.0,-0.07402968749999991,1.42236e-08
124.647,0.0,-0.07427968749999991,1.42581e-08
124.647,0.0,-0.07452968749999991,1.4091166666666668e-08
124.647,0.0,-0.07477968749999991,1.40883e-08
124.647,0.0,-0.07502968749999991,1.436165e-08
124.647,0.0,-0.07527968749999991,1.3912e-08
124.647,0.0,-0.07552968749999991,1.40603e-08
124.647,0.0,-0.07577968749999991,1.41888e-08
124.647,0.0,-0.07602968749999992,1.420425e-08
124.647,0.0,-0.07627968749999992,1.41273e-08
124.647,0.0,-0.07652968749999992,1.415545e-08
124.647,0.0,-0.07677968749999992,1.40622e-08
124.647,0.0,-0.07702968749999992,1.40787e-08
124.647,0.0,-0.0772796874999999,1.400565e-08
124.647,0.0,-0.0775296874999999,1.425225e-08
124.647,0.0,-0.0777796874999999,1.418095e-08
124.647,0.0,-0.0780296874999999,1.4112000000000001e-08
124.647,0.0,-0.0782796874999999,1.4289e-08
124.647,0.0,-0.0785296874999999,1.42606e-08
124.647,0.0,-0.0787796874999999,1.41876e-08
124.647,0.0,-0.0790296874999999,1.38715e-08
124.647,0.0,-0.0792796874999999,1.386995e-08
124.647,0.0,-0.0795296874999999,1.40755e-08
124.647,0.0,-0.0797796874999999,1.431435e-08
124.647,0.0,-0.0800296874999999,1.39497e-08
124.647,0.0,-0.0802796874999999,1.40716e-08
124.647,0.0,-0.0805296874999999,1.422085e-08
124.647,0.0,-0.0807796874999999,1.398255e-08
124.647,0.0,-0.0810296874999999,1.43059e-08
124.647,0.0,-0.0812796874999999,1.41362e-08
124.647,0.0,-0.0815296874999999,1.400315e-08
124.647,0.0,-0.0817796874999999,1.3832666666666666e-08
124.647,0.0,-0.0820296874999999,1.422695e-08
124.647,0.0,-0.0822796874999999,1.39545e-08
124.647,0.0,-0.08252968749999991,1.39278e-08
124.647,0.0,-0.08277968749999991,1.39799e-08
124.647,0.0,-0.08302968749999991,1.384175e-08
124.647,0.0,-0.08327968749999991,1.41306e-08
124.647,0.0,-0.08352968749999991,1.393745e-08
124.647,0.0,-0.08377968749999991,1.39994e-08
124.647,0.0,-0.08402968749999991,1.3932066666666666e-08
124.647,0.0,-0.08427968749999991,1.41452e-08
124.647,0.0,-0.08452968749999991,1.400445e-08
124.647,0.0,-0.08477968749999991,1.419535e-08
124.647,0.0,-0.08502968749999991,1.3725e-08
124.647,0.0,-0.08527968749999991,1.40082e-08
124.647,0.0,-0.08552968749999991,1.40753e-08
124.647,0.0,-0.08577968749999991,1.405355e-08
124.647,0.0,-0.08602968749999991,1.391425e-08
124.647,0.0,-0.08627968749999991,1.39105e-08
124.647,0.0,-0.08652968749999991,1.41164e-08
124.647,0.0,-0.08677968749999991,1.398615e-08
124.647,0.0,-0.08702968749999991,1.399175e-08
124.647,0.0,-0.08727968749999991,1.39376e-08
124.647,0.0,-0.08752968749999991,1.3929900000000001e-08
124.647,0.0,-0.08777968749999991,1.407435e-08
124.647,0.0,-0.08802968749999991,1.400075e-08
124.647,0.0,-0.08827968749999991,1.391115e-08
124.647,0.0,-0.08852968749999991,1.39413e-08
124.647,0.0,-0.08877968749999991,1.417145e-08
124.647,0.0,-0.08902968749999991,1.42811e-08
124.647,0.0,-0.08927968749999991,1.40475e-08
124.647,0.0,-0.08952968749999991,1.41792e-08
124.647,0.0,-0.08977968749999991,1.414845e-08
124.647,0.0,-0.09002968749999991,1.41343e-08
124.647,0.0,-0.09027968749999991,1.40512e-08
124.647,0.0,-0.09052968749999991,1.395985e-08
124.647,1.0,-0.09077968749999991,1.4367066666666665e-08
124.647,1.0,-0.09102968749999991,1.41298e-08
124.647,1.0,-0.09127968749999991,1.414055e-08
124.647,1.0,-0.09152968749999991,1.41846e-08
124.647,1.0,-0.09177968749999992,1.41126e-08
124.647,1.0,-0.09202968749999992,1.45365e-08
124.647,1.0,-0.09227968749999992,1.42352e-08
124.647,1.0,-0.09252968749999992,1.43612e-08
124.647,1.0,-0.0927796874999999,1.44664e-08
124.647,1.0,-0.0930296874999999,1.42836e-08
124.647,1.0,-0.0932796874999999,1.398165e-08
124.647,1.0,-0.0935296874999999,1.421625e-08
124.647,1.0,-0.0937796874999999,1.4891e-08
124.647,1.0,-0.0940296874999999,1.42533e-08
124.647,1.0,-0.0942796874999999,1.4392800000000001e-08
124.647,1.0,-0.0945296874999999,1.43159e-08
124.647,1.0,-0.0947796874999999,1.428885e-08
124.647,1.0,-0.0950296874999999,1.42132e-08
124.647,1.0,-0.0952796874999999,1.42735e-08
124.647,1.0,-0.0955296874999999,1.41473e-08
124.647,1.0,-0.0957796874999999,1.3967e-08
124.647,1.0,-0.0960296874999999,1.40359e-08
124.647,1.0,-0.0962796874999999,1.430005e-08
124.647,1.0,-0.0965296874999999,1.42649e-08
124.647,1.0,-0.0967796874999999,1.410955e-08
124.647,1.0,-0.0970296874999999,1.41921e-08
124.647,1.0,-0.0972796874999999,1.431615e-08
124.647,1.0,-0.0975296874999999,1.4152e-08
124.647,1.0,-0.0977796874999999,1.408585e-08
124.647,1.0,-0.0980296874999999,1.40664e-08
124.647,1.0,-0.09827968749999991,1.414285e-08
124.647,1.0,-0.09852968749999991,1.420935e-08
124.647,1.0,-0.09877968749999991,1.40005e-08
124.647,1.0,-0.09902968749999991,1.4046e-08
124.647,1.0,-0.09927968749999991,1.433965e-08
124.647,1.0,-0.09952968749999991,1.389455e-08
124.647,1.0,-0.09977968749999991,1.4018e-08
124.647,1.0,-0.10002968749999991,1.397195e-08
124.647,1.0,-0.10027968749999991,1.41426e-08
124.647,1.0,-0.10052968749999991,1.39798e-08
124.647,1.0,-0.10077968749999991,1.40578e-08
124.647,1.0,-0.10102968749999991,1.47966e-08
124.647,1.0,-0.10127968749999991,1.400885e-08
124.647,1.0,-0.10152968749999991,1.405225e-08
124.647,1.0,-0.10177968749999991,1.39415e-08
124.647,1.0,-0.10202968749999991,1.38638e-08
124.647,1.0,-0.10227968749999991,1.39212e-08
124.647,1.0,-0.10252968749999991,1.392795e-08
124.647,1.0,-0.10277968749999991,1.400945e-08
124.647,1.0,-0.10302968749999991,1.41804e-08
124.647,1.0,-0.10327968749999991,1.392765e-08
124.647,1.0,-0.10352968749999991,1.358585e-08
124.647,1.0,-0.10377968749999991,1.38057e-08
124.647,1.0,-0.10402968749999991,1.377975e-08
124.647,1.0,-0.10427968749999991,1.3300750000000001e-08
124.647,1.0,-0.10452968749999991,1.350325e-08
124.647,1.0,-0.10477968749999991,1.35264e-08
124.647,1.0,-0.10502968749999991,1.3339e-08
124.647,1.0,-0.10527968749999991,1.340045e-08
124.647,1.0,-0.10552968749999991,1.31162e-08
124.647,1.0,-0.10577968749999991,1.3366e-08
124.647,1.0,-0.10602968749999991,1.325525e-08
124.647,1.0,-0.10627968749999991,1.323185e-08
124.647,1.0,-0.10652968749999991,1.298815e-08
124.647,1.0,-0.10677968749999991,1.25673e-08
124.647,1.0,-0.10702968749999991,1.272535e-08
124.647,1.0,-0.10727968749999992,1.249875e-08
124.647,1.0,-0.10752968749999992,1.2434e-08
124.647,1.0,-0.10777968749999992,1.21764e-08
124.647,1.0,-0.10802968749999992,1.25222e-08
124.647,1.0,-0.10827968749999992,1.21286e-08
124.647,1.0,-0.1085296874999999,1.183875e-08
124.647,1.0,-0.1087796874999999,1.145275e-08
124.647,1.0,-0.1090296874999999,1.14378e-08
124.647,1.0,-0.1092796874999999,1.119815e-08
124.647,1.0,-0.1095296874999999,1.08199e-08
124.647,1.0,-0.1097796874999999,1.07944e-08
124.647,1.0,-0.1100296874999999,1.0568049999999998e-08
124.647,1.0,-0.1102796874999999,1.072955e-08
124.647,1.0,-0.1105296874999999,1.027005e-08
124.647,1.0,-0.1107796874999999,9.954375e-09
124.647,1.0,-0.1110296874999999,9.838465e-09
124.647,1.0,-0.1112796874999999,9.299165e-09
124.647,1.0,-0.1115296874999999,9.48336e-09
124.647,1.0,-0.1117796874999999,9.60997e-09
124.647,1.0,-0.1120296874999999,9.507505e-09
124.647,1.0,-0.1122796874999999,9.16505e-09
124.647,1.0,-0.1125296874999999,9.390555e-09
124.647,1.0,-0.1127796874999999,9.30999e-09
124.647,1.0,-0.1130296874999999,9.15627e-09
124.647,1.0,-0.1132796874999999,8.872255e-09
124.647,1.0,-0.1135296874999999,8.928895e-09
124.647,1.0,-0.11377968749999991,8.92574e-09
124.647,1.0,-0.11402968749999991,8.73464e-09
124.647,1.0,-0.11427968749999991,8.704130000000001e-09
124.647,1.0,-0.11452968749999991,8.79054e-09
124.647,1.0,-0.11477968749999991,9.21084e-09
124.647,1.0,-0.11502968749999991,9.28964e-09
124.647,1.0,-0.11527968749999991,9.25226e-09
124.647,1.0,-0.11552968749999991,9.624513333333333e-09
124.647,1.0,-0.11577968749999991,9.40474e-09
124.647,1.0,-0.11602968749999991,9.76418e-09
124.647,1.0,-0.11627968749999991,1.013305e-08
124.647,1.0,-0.11652968749999991,1.0082e-08
124.647,1.0,-0.11677968749999991,1.05056e-08
124.647,1.0,-0.11702968749999991,1.05301e-08
124.647,1.0,-0.11727968749999991,1.073105e-08
124.647,1.0,-0.11752968749999991,1.110905e-08
124.647,1.0,-0.11777968749999991,1.132165e-08
124.647,1.0,-0.11802968749999991,1.17927e-08
124.647,1.0,-0.11827968749999991,1.216605e-08
124.647,1.0,-0.11852968749999991,1.25675e-08
124.647,1.0,-0.11877968749999991,1.23804e-08
124.647,1.0,-0.11902968749999991,1.261955e-08
124.647,1.0,-0.11927968749999991,1.30382e-08
124.647,1.0,-0.11952968749999991,1.29556e-08
124.647,1.0,-0.11977968749999991,1.32471e-08
124.647,1.0,-0.12002968749999991,1.3481966666666668e-08
124.647,1.0,-0.12027968749999991,1.351815e-08
124.647,1.0,-0.12052968749999991,1.38357e-08
124.647,1.0,-0.12077968749999991,1.3915e-08
124.647,1.0,-0.12102968749999991,1.380395e-08
124.647,1.0,-0.12127968749999991,1.39629e-08
124.647,1.0,-0.12152968749999991,1.40386e-08
124.647,1.0,-0.12177968749999991,1.39627e-08
124.647,1.0,-0.12202968749999991,1.43003e-08
124.647,1.0,-0.12227968749999991,1.41638e-08
124.647,1.0,-0.12252968749999991,1.41645e-08
124.647,1.0,-0.12277968749999991,1.43077e-08
124.647,1.0,-0.12302968749999992,1.426705e-08
124.647,1.0,-0.12327968749999992,1.436005e-08
124.647,1.0,-0.12352968749999992,1.464905e-08
124.647,1.0,-0.12377968749999992,1.41162e-08
124.647,0.0,-0.1240296874999999,1.42556e-08
124.647,0.0,-0.1242796874999999,1.44337e-08
124.647,0.0,-0.1245296874999999,1.438315e-08
124.647,0.0,-0.1247796874999999,1.4524e-08
124.647,0.0,-0.1250296874999999,1.432785e-08
124.647,0.0,-0.1252796874999999,1.451535e-08
124.647,0.0,-0.1255296874999999,1.445115e-08
124.647,0.0,-0.1257796874999999,1.43738e-08
124.647,0.0,-0.1260296874999999,1.459385e-08
124.647,0.0,-0.1262796874999999,1.45057e-08
124.647,0.0,-0.1265296874999999,1.4347150000000001e-08
124.647,0.0,-0.1267796874999999,1.452845e-08
124.647,0.0,-0.1270296874999999,1.445795e-08
124.647,0.0,-0.1272796874999999,1.43434e-08
124.647,0.0,-0.1275296874999999,1.48339e-08
124.647,0.0,-0.1277796874999999,1.44238e-08
124.647,0.0,-0.1280296874999999,1.438735e-08
124.647,0.0,-0.1282796874999999,1.434965e-08
124.647,0.0,-0.1285296874999999,1.450755e-08
124.647,0.0,-0.1287796874999999,1.4506e-08
124.647,0.0,-0.1290296874999999,1.4396066666666666e-08
124.647,0.0,-0.1292796874999999,1.45018e-08
124.647,0.0,-0.1295296874999999,1.45064e-08
124.647,0.0,-0.1297796874999999,1.4464450000000001e-08
124.647,0.0,-0.1300296874999999,1.44649e-08
124.647,0.0,-0.1302796874999999,1.443285e-08
124.647,0.0,-0.1305296874999999,1.40731e-08
124.647,0.0,-0.1307796874999999,1.438505e-08
124.647,0.0,-0.1310296874999999,1.43292e-08
124.647,0.0,-0.1312796874999999,1.430645e-08
124.647,0.0,-0.1315296874999999,1.44e-08
124.647,0.0,-0.1317796874999999,1.44555e-08
124.647,0.0,-0.1320296874999999,1.421395e-08
124.647,0.0,-0.1322796874999999,1.43745e-08
124.647,0.0,-0.1325296874999999,1.43611e-08
124.647,0.0,-0.1327796874999999,1.456655e-08
124.647,0.0,-0.1330296874999999,1.449875e-08
124.647,0.0,-0.1332796874999999,1.483865e-08
124.647,0.0,-0.1335296874999999,1.4295200000000001e-08
124.647,0.0,-0.1337796874999999,1.467855e-08
124.647,0.0,-0.1340296874999999,1.43509e-08
124.647,0.0,-0.1342796874999999,1.442495e-08
124.647,0.0,-0.1345296874999999,1.41842e-08
124.647,0.0,-0.1347796874999999,1.46389e-08
124.647,0.0,-0.1350296874999999,1.43658e-08
124.647,0.0,-0.1352796874999999,1.447135e-08
124.647,0.0,-0.1355296874999999,1.44955e-08
124.647,0.0,-0.1357796874999999,1.430415e-08
124.647,0.0,-0.1360296874999999,1.4273e-08
124.647,0.0,-0.1362796874999999,1.439245e-08
124.647,0.0,-0.1365296874999999,1.43217e-08
124.647,0.0,-0.1367796874999999,1.43767e-08
124.647,0.0,-0.1370296874999999,1.442915e-08
124.647,0.0,-0.13727968749999991,1.451845e-08
124.647,0.0,-0.13752968749999991,1.43093e-08
124.647,0.0,-0.13777968749999991,1.42493e-08
124.647,0.0,-0.13802968749999991,1.42891e-08
124.647,0.0,-0.13827968749999991,1.448145e-08
124.647,0.0,-0.13852968749999992,1.42155e-08
124.647,0.0,-0.13877968749999992,1.43118e-08
124.647,0.0,-0.13902968749999992,1.438325e-08
124.647,0.0,-0.13927968749999992,1.43383e-08
124.647,0.0,-0.13952968749999992,1.43703e-08
124.647,0.0,-0.13977968749999992,1.433555e-08
124.647,0.0,-0.14002968749999992,1.4282e-08
124.647,0.0,-0.14027968749999992,1.4261e-08
124.647,0.0,-0.14052968749999992,1.427075e-08
124.647,0.0,-0.14077968749999992,1.4064150000000001e-08
124.647,0.0,-0.14102968749999992,1.436285e-08
124.647,0.0,-0.14127968749999992,1.424695e-08
124.647,0.0,-0.14152968749999992,1.4028e-08
124.647,0.0,-0.14177968749999992,1.416325e-08
124.647,0.0,-0.14202968749999992,1.44311e-08
124.647,0.0,-0.14227968749999992,1.43175e-08
124.647,0.0,-0.14252968749999992,1.436845e-08
124.647,0.0,-0.14277968749999992,1.43961e-08
124.647,0.0,-0.14302968749999992,1.4088750000000001e-08
124.647,0.0,-0.14327968749999992,1.422815e-08
124.647,0.0,-0.14352968749999992,1.42426e-08
124.647,0.0,-0.14377968749999992,1.44186e-08
124.647,0.0,-0.14402968749999992,1.44415e-08
124.647,0.0,-0.14427968749999992,1.42363e-08
124.647,0.0,-0.14452968749999992,1.43908e-08
124.647,0.0,-0.14477968749999992,1.40856e-08
124.647,0.0,-0.14502968749999992,1.41981e-08
124.647,0.0,-0.14527968749999992,1.44917e-08
124.647,0.0,-0.14552968749999992,1.425125e-08
124.647,0.0,-0.14577968749999992,1.430375e-08
124.647,0.0,-0.14602968749999992,1.450805e-08
124.647,0.0,-0.14627968749999992,1.4288350000000001e-08
124.647,0.0,-0.14652968749999992,1.43127e-08
124.647,0.0,-0.14677968749999992,1.40635e-08
124.647,0.0,-0.14702968749999992,1.4037366666666666e-08
124.647,0.0,-0.14727968749999992,1.41304e-08
124.647,0.0,-0.1475296874999999,1.42851e-08
124.647,0.0,-0.1477796874999999,1.41992e-08
124.647,0.0,-0.1480296874999999,1.42286e-08
124.647,0.0,-0.1482796874999999,1.42795e-08
124.647,0.0,-0.1485296874999999,1.410775e-08
124.647,0.0,-0.1487796874999999,1.41851e-08
124.647,0.0,-0.1490296874999999,1.4164500000000001e-08
124.647,0.0,-0.1492796874999999,1.41639e-08
124.647,0.0,-0.1495296874999999,1.426515e-08
124.647,0.0,-0.1497796874999999,1.410285e-08
124.647,0.0,-0.1500296874999999,1.413475e-08
124.647,0.0,-0.1502796874999999,1.40815e-08
124.647,0.0,-0.1505296874999999,1.4323e-08
124.647,0.0,-0.1507796874999999,1.414325e-08
124.647,0.0,-0.1510296874999999,1.441285e-08
124.647,0.0,-0.1512796874999999,1.422345e-08
124.647,0.0,-0.1515296874999999,1.424775e-08
124.647,0.0,-0.1517796874999999,1.420075e-08
124.647,0.0,-0.1520296874999999,1.4204e-08
124.647,0.0,-0.1522796874999999,1.41654e-08
124.647,0.0,-0.1525296874999999,1.423185e-08
124.647,0.0,-0.1527796874999999,1.42538e-08
124.647,0.0,-0.1530296874999999,1.41821e-08
124.647,0.0,-0.1532796874999999,1.42779e-08
124.647,0.0,-0.1535296874999999,1.4264033333333334e-08
124.647,0.0,-0.1537796874999999,1.4331550000000001e-08
124.647,0.0,-0.1540296874999999,1.4296e-08
124.647,0.0,-0.1542796874999999,1.44339e-08
124.647,0.0,-0.1545296874999999,1.43322e-08
124.647,0.0,-0.1547796874999999,1.4305300000000001e-08
124.647,0.0,-0.1550296874999999,1.397685e-08
124.647,0.0,-0.1552796874999999,1.4387e-08
124.647,0.0,-0.1555296874999999,1.40789e-08
124.647,0.0,-0.1557796874999999,1.41481e-08
124.647,0.0,-0.1560296874999999,1.4273833333333333e-08
124.647,0.0,-0.1562796874999999,1.43561e-08
124.647,0.0,-0.1565296874999999,1.42409e-08
124.647,0.0,-0.1567796874999999,1.43349e-08
124.647,0.0,-0.1570296874999999,1.430275e-08
124.647,0.0,-0.1572796874999999,1.41622e-08
124.647,0.0,-0.1575296874999999,1.404365e-08
124.647,0.0,-0.1577796874999999,1.417315e-08
124.647,0.0,-0.1580296874999999,1.41031e-08
124.647,0.0,-0.1582796874999999,1.418795e-08
124.647,0.0,-0.1585296874999999,1.42213e-08
124.647,0.0,-0.1587796874999999,1.43953e-08
124.647,0.0,-0.1590296874999999,1.427005e-08
124.647,0.0,-0.1592796874999999,1.40253e-08
124.647,0.0,-0.1595296874999999,1.423015e-08
124.647,0.0,-0.1597796874999999,1.41578e-08
124.647,0.0,-0.1600296874999999,1.42822e-08
124.647,0.0,-0.1602796874999999,1.42139e-08
124.647,0.0,-0.1605296874999999,1.419105e-08
124.647,0.0,-0.1607796874999999,1.4184333333333332e-08
124.647,0.0,-0.1610296874999999,1.43684e-08
124.647,0.0,-0.1612796874999999,1.43303e-08
124.647,0.0,-0.1615296874999999,1.430815e-08
124.647,0.0,-0.1617796874999999,1.440045e-08
124.647,0.0,-0.1620296874999999,1.43112e-08
124.647,0.0,-0.1622796874999999,1.42469e-08
124.647,0.0,-0.1625296874999999,1.433755e-08
124.647,0.0,-0.1627796874999999,1.4240566666666669e-08
124.647,0.0,-0.1630296874999999,1.42483e-08
124.647,0.0,-0.1632796874999999,1.42547e-08
124.647,0.0,-0.1635296874999999,1.423905e-08
124.647,0.0,-0.1637796874999999,1.448455e-08
124.647,0.0,-0.1640296874999999,1.4337e-08
124.647,0.0,-0.1642796874999999,1.41812e-08
124.647,0.0,-0.1645296874999999,1.4652e-08
124.647,0.0,-0.1647796874999999,1.43054e-08
124.647,0.0,-0.1650296874999999,1.417495e-08
124.647,0.0,-0.1652796874999999,1.46995e-08
124.647,0.0,-0.1655296874999999,1.4584633333333332e-08
124.647,0.0,-0.1657796874999999,1.434895e-08
124.647,0.0,-0.1660296874999999,1.45674e-08
124.647,0.0,-0.1662796874999999,1.433445e-08
124.647,0.0,-0.1665296874999999,1.4410250000000002e-08
124.647,0.0,-0.1667796874999999,1.43395e-08
124.647,0.0,-0.1670296874999999,1.40427e-08
124.647,0.0,-0.1672796874999999,1.44381e-08
124.647,0.0,-0.1675296874999999,1.44295e-08
124.647,0.0,-0.1677796874999999,1.46671e-08
124.647,0.0,-0.1680296874999999,1.439395e-08
124.647,0.0,-0.1682796874999999,1.45734e-08
124.647,0.0,-0.16852968749999991,1.452085e-08
124.647,0.0,-0.16877968749999991,1.43275e-08
124.647,0.0,-0.16902968749999991,1.47249e-08
124.647,0.0,-0.16927968749999991,1.462135e-08
124.647,0.0,-0.16952968749999991,1.4436000000000001e-08
124.647,0.0,-0.16977968749999992,1.45605e-08
124.647,0.0,-0.17002968749999992,1.450325e-08
124.647,0.0,-0.17027968749999992,1.450005e-08
124.647,0.0,-0.17052968749999992,1.47302e-08
124.647,0.0,-0.17077968749999992,1.4879500000000001e-08
124.647,0.0,-0.17102968749999992,1.47081e-08
124.647,0.0,-0.17127968749999992,1.484075e-08
124.647,0.0,-0.17152968749999992,1.442565e-08
124.647,0.0,-0.17177968749999992,1.478125e-08
124.647,0.0,-0.17202968749999992,1.48682e-08
124.647,0.0,-0.17227968749999992,1.48386e-08
124.647,0.0,-0.17252968749999992,1.50209e-08
124.647,0.0,-0.17277968749999992,1.48762e-08
124.647,0.0,-0.17302968749999992,1.49742e-08
124.647,0.0,-0.17327968749999992,1.47746e-08
124.647,0.0,-0.17352968749999992,1.5105399999999997e-08
124.647,0.0,-0.17377968749999992,1.493535e-08
124.647,0.0,-0.17402968749999992,1.49188e-08
124.647,0.0,-0.17427968749999992,1.488885e-08
124.647,0.0,-0.17452968749999992,1.4966149999999998e-08
124.647,0.0,-0.17477968749999992,1.50596e-08
124.647,0.0,-0.17502968749999992,1.52032e-08
124.647,0.0,-0.17527968749999992,1.50863e-08
124.647,0.0,-0.17552968749999992,1.49905e-08
124.647,0.0,-0.17577968749999992,1.4947299999999998e-08
124.647,0.0,-0.17602968749999992,1.5141e-08
124.647,0.0,-0.17627968749999992,1.49663e-08
124.647,0.0,-0.17652968749999992,1.4999e-08
124.647,0.0,-0.17677968749999992,1.48717e-08
124.647,0.0,-0.17702968749999992,1.5184599999999998e-08
124.647,0.0,-0.17727968749999992,1.52026e-08
124.647,0.0,-0.17752968749999992,1.499435e-08
124.647,0.0,-0.17777968749999992,1.50089e-08
124.647,0.0,-0.17802968749999992,1.50661e-08
124.647,0.0,-0.17827968749999992,1.495585e-08
124.647,0.0,-0.17852968749999992,1.523575e-08
124.647,0.0,-0.1787796874999999,1.510675e-08
124.647,0.0,-0.1790296874999999,1.52225e-08
124.647,0.0,-0.1792796874999999,1.5020200000000002e-08
124.647,0.0,-0.1795296874999999,1.497995e-08
124.647,0.0,-0.1797796874999999,1.5089233333333334e-08
124.647,0.0,-0.1800296874999999,1.46557e-08
124.647,0.0,-0.1802796874999999,1.51355e-08
124.647,0.0,-0.1805296874999999,1.511525e-08
124.647,0.0,-0.1807796874999999,1.509825e-08
124.647,0.0,-0.1810296874999999,1.52455e-08
124.647,0.0,-0.1812796874999999,1.515835e-08
124.647,0.0,-0.1815296874999999,1.496215e-08
124.647,0.0,-0.1817796874999999,1.53162e-08
124.647,0.0,-0.1820296874999999,1.509835e-08
124.647,0.0,-0.1822796874999999,1.527355e-08
124.647,0.0,-0.1825296874999999,1.52318e-08
124.647,0.0,-0.1827796874999999,1.520045e-08
124.647,0.0,-0.1830296874999999,1.51076e-08
124.647,0.0,-0.1832796874999999,1.533995e-08
124.647,0.0,-0.1835296874999999,1.538665e-08
124.647,0.0,-0.1837796874999999,1.531215e-08
124.647,0.0,-0.1840296874999999,1.54538e-08
124.647,0.0,-0.1842796874999999,1.547285e-08
124.647,0.0,-0.1845296874999999,1.522235e-08
124.647,0.0,-0.1847796874999999,1.53842e-08
124.647,0.0,-0.1850296874999999,1.583335e-08
124.647,0.0,-0.1852796874999999,1.551035e-08
124.647,0.0,-0.1855296874999999,1.54126e-08
124.647,0.0,-0.1857796874999999,1.567045e-08
124.647,0.0,-0.1860296874999999,1.5581349999999998e-08
124.647,0.0,-0.1862796874999999,1.542735e-08
124.647,0.0,-0.1865296874999999,1.571385e-08
124.647,0.0,-0.1867796874999999,1.56934e-08
124.647,0.0,-0.1870296874999999,1.576635e-08
124.647,0.0,-0.1872796874999999,1.5818350000000002e-08
124.647,0.0,-0.1875296874999999,1.584935e-08
124.647,0.0,-0.1877796874999999,1.58392e-08
124.647,0.0,-0.1880296874999999,1.5859400000000002e-08
124.647,0.0,-0.1882796874999999,1.5971849999999998e-08
124.647,0.0,-0.1885296874999999,1.590865e-08
124.647,0.0,-0.1887796874999999,1.59003e-08
124.647,0.0,-0.1890296874999999,1.587315e-08
124.647,0.0,-0.1892796874999999,1.5899899999999998e-08
124.647,0.0,-0.1895296874999999,1.5914900000000002e-08
124.647,0.0,-0.1897796874999999,1.61342e-08
124.647,0.0,-0.1900296874999999,1.6398e-08
124.647,0.0,-0.1902796874999999,1.590995e-08
124.647,0.0,-0.1905296874999999,1.6149150000000003e-08
124.647,0.0,-0.1907796874999999,1.64762e-08
124.647,0.0,-0.1910296874999999,1.608755e-08
124.647,0.0,-0.1912796874999999,1.604135e-08
124.647,0.0,-0.1915296874999999,1.64e-08
124.647,0.0,-0.1917796874999999,1.62968e-08
124.647,0.0,-0.1920296874999999,1.65073e-08
124.647,0.0,-0.1922796874999999,1.639275e-08
124.647,0.0,-0.1925296874999999,1.6498650000000002e-08
124.647,0.0,-0.1927796874999999,1.642905e-08
124.647,0.0,-0.1930296874999999,1.64952e-08
124.647,0.0,-0.1932796874999999,1.65461e-08
124.647,0.0,-0.1935296874999999,1.667495e-08
124.647,0.0,-0.1937796874999999,1.66193e-08
124.647,0.0,-0.1940296874999999,1.689935e-08
124.647,0.0,-0.1942796874999999,1.67132e-08
124.647,0.0,-0.1945296874999999,1.7019000000000002e-08
124.647,0.0,-0.1947796874999999,1.6885250000000002e-08
124.647,0.0,-0.1950296874999999,1.69092e-08
124.647,0.0,-0.1952796874999999,1.70752e-08
124.647,0.0,-0.1955296874999999,1.6861500000000002e-08
124.647,0.0,-0.1957796874999999,1.69999e-08
124.647,0.0,-0.1960296874999999,1.723605e-08
124.647,0.0,-0.1962796874999999,1.713825e-08
124.647,0.0,-0.1965296874999999,1.72286e-08
124.647,0.0,-0.1967796874999999,1.70765e-08
124.647,0.0,-0.1970296874999999,1.73543e-08
124.647,0.0,-0.1972796874999999,1.716545e-08
124.647,0.0,-0.1975296874999999,1.7234199999999998e-08
124.647,0.0,-0.1977796874999999,1.70446e-08
124.647,0.0,-0.1980296874999999,1.70422e-08
124.647,0.0,-0.1982796874999999,1.730315e-08
124.647,0.0,-0.1985296874999999,1.722525e-08
124.647,0.0,-0.1987796874999999,1.70832e-08
124.647,0.0,-0.1990296874999999,1.672855e-08
124.647,0.0,-0.1992796874999999,1.7095750000000003e-08
124.647,0.0,-0.1995296874999999,1.701435e-08
124.647,0.0,-0.19977968749999991,1.69419e-08
124.647,0.0,-0.20002968749999991,1.6996899999999998e-08
124.647,0.0,-0.20027968749999991,1.6932399999999997e-08
124.647,0.0,-0.20052968749999991,1.66242e-08
124.647,0.0,-0.20077968749999991,1.6622750000000002e-08
124.647,0.0,-0.20102968749999992,1.650485e-08
124.647,0.0,-0.20127968749999992,1.627605e-08
124.647,0.0,-0.20152968749999992,1.58898e-08
124.647,0.0,-0.20177968749999992,1.58103e-08
124.647,0.0,-0.20202968749999992,1.6241949999999998e-08
124.647,0.0,-0.20227968749999992,1.5912499999999998e-08
124.647,0.0,-0.20252968749999992,1.55298e-08
124.647,0.0,-0.20277968749999992,1.51459e-08
124.647,0.0,-0.20302968749999992,1.50867e-08
124.647,0.0,-0.20327968749999992,1.48089e-08
124.647,0.0,-0.20352968749999992,1.45333e-08
124.647,0.0,-0.20377968749999992,1.417375e-08
124.647,0.0,-0.20402968749999992,1.392335e-08
124.647,0.0,-0.20427968749999992,1.37185e-08
124.647,0.0,-0.20452968749999992,1.29601e-08
124.647,0.0,-0.20477968749999992,1.265815e-08
124.647,0.0,-0.20502968749999992,1.2091e-08
124.647,0.0,-0.20527968749999992,1.166055e-08
124.647,0.0,-0.20552968749999992,1.13198e-08
124.647,0.0,-0.20577968749999992,1.08084e-08
124.647,0.0,-0.20602968749999992,1.02311e-08
124.647,0.0,-0.20627968749999992,9.885285e-09
124.647,0.0,-0.20652968749999992,9.418195e-09
124.647,0.0,-0.20677968749999992,8.748784999999999e-09
124.647,0.0,-0.20702968749999992,8.093195e-09
124.647,0.0,-0.20727968749999992,7.774585e-09
124.647,0.0,-0.20752968749999992,7.13665e-09
124.647,0.0,-0.20777968749999992,6.752449999999999e-09
124.647,0.0,-0.20802968749999992,6.356305e-09
124.647,0.0,-0.20827968749999992,5.689185e-09
124.647,0.0,-0.20852968749999992,5.10902e-09
124.647,0.0,-0.20877968749999992,4.71893e-09
124.647,0.0,-0.20902968749999992,4.28957e-09
124.647,0.0,-0.20927968749999992,3.809545e-09
124.647,0.0,-0.20952968749999992,3.32314e-09
124.647,0.0,-0.20977968749999992,3.103655e-09
124.647,0.0,-0.2100296874999999,2.344835e-09
124.647,0.0,-0.2102796874999999,2.04323e-09
124.647,0.0,-0.2105296874999999,1.49338e-09
124.647,0.0,-0.2107796874999999,1.0942705e-09
134.147,0.0,0.2909703125000001,1.15241e-08
134.147,0.0,0.2907203125000001,1.16936e-08
134.147,0.0,0.2904703125000001,1.164455e-08
134.147,0.0,0.2902203125000001,1.17341e-08
134.147,0.0,0.2899703125000001,1.1644050000000001e-08
134.147,0.0,0.2897203125000001,1.21111e-08
134.147,0.0,0.2894703125000001,1.38062e-08
134.147,0.0,0.2892203125000001,1.521925e-08
134.147,0.0,0.2889703125000001,1.709005e-08
134.147,0.0,0.2887203125000001,1.835045e-08
134.147,0.0,0.2884703125000001,1.95759e-08
134.147,0.0,0.2882203125000001,2.13935e-08
134.147,0.0,0.2879703125000001,2.265955e-08
134.147,0.0,0.2877203125000001,2.400875e-08
134.147,0.0,0.2874703125000001,2.533915e-08
134.147,0.0,0.2872203125000001,2.77879e-08
134.147,0.0,0.2869703125000001,2.962605e-08
134.147,0.0,0.2867203125000001,3.122915e-08
134.147,0.0,0.2864703125000001,2.974645e-08
134.147,0.0,0.2862203125000001,2.41609e-08
134.147,0.0,0.2859703125000001,2.4841e-08
134.147,0.0,0.2857203125000001,2.565275e-08
134.147,0.0,0.2854703125000001,2.663315e-08
134.147,0.0,0.2852203125000001,2.77412e-08
134.147,0.0,0.2849703125000001,3.16802e-08
134.147,0.0,0.2847203125000001,4.19222e-08
134.147,0.0,0.2844703125000001,4.6177533333333344e-08
134.147,0.0,0.28422031250000007,4.75035e-08
134.147,0.0,0.2839703125000001,4.845135e-08
134.147,0.0,0.28372031250000007,4.931185e-08
134.147,0.0,0.2834703125000001,5.013985e-08
134.147,0.0,0.28322031250000007,5.12407e-08
134.147,0.0,0.2829703125000001,5.1715050000000006e-08
134.147,0.0,0.28272031250000007,5.227465e-08
134.147,0.0,0.2824703125000001,5.284225e-08
134.147,0.0,0.28222031250000007,5.33874e-08
134.147,0.0,0.2819703125000001,5.37005e-08
134.147,0.0,0.28172031250000007,5.41514e-08
134.147,0.0,0.2814703125000001,5.433395e-08
134.147,0.0,0.28122031250000007,5.43225e-08
134.147,0.0,0.2809703125000001,5.467595e-08
134.147,0.0,0.28072031250000007,5.473885e-08
134.147,0.0,0.2804703125000001,5.47683e-08
134.147,0.0,0.28022031250000007,5.47836e-08
134.147,0.0,0.2799703125000001,5.5027433333333335e-08
134.147,0.0,0.27972031250000007,5.494495e-08
134.147,0.0,0.2794703125000001,5.47872e-08
134.147,0.0,0.27922031250000007,5.44207e-08
134.147,0.0,0.2789703125000001,5.466855e-08
134.147,0.0,0.27872031250000007,5.46082e-08
134.147,0.0,0.2784703125000001,5.453015e-08
134.147,0.0,0.27822031250000007,5.4396e-08
134.147,0.0,0.2779703125000001,5.445615e-08
134.147,0.0,0.27772031250000007,5.457935e-08
134.147,0.0,0.2774703125000001,5.468235e-08
134.147,0.0,0.27722031250000007,5.456525e-08
134.147,0.0,0.2769703125000001,5.415805e-08
134.147,0.0,0.27672031250000007,5.411285e-08
134.147,0.0,0.2764703125000001,5.443675e-08
134.147,0.0,0.27622031250000006,5.42023e-08
134.147,0.0,0.2759703125000001,5.385360000000001e-08
134.147,0.0,0.27572031250000006,5.36996e-08
134.147,0.0,0.2754703125000001,5.356775e-08
134.147,0.0,0.27522031250000006,5.332855e-08
134.147,0.0,0.2749703125000001,5.30212e-08
134.147,0.0,0.27472031250000006,5.282035000000001e-08
134.147,0.0,0.2744703125000001,5.29881e-08
134.147,0.0,0.2742203125000001,5.249205e-08
134.147,0.0,0.2739703125000001,5.240395e-08
134.147,0.0,0.2737203125000001,5.225035e-08
134.147,0.0,0.2734703125000001,5.21996e-08
134.147,0.0,0.2732203125000001,5.203375e-08
134.147,0.0,0.2729703125000001,5.21162e-08
134.147,0.0,0.2727203125000001,5.178675000000001e-08
134.147,0.0,0.2724703125000001,5.14972e-08
134.147,0.0,0.2722203125000001,5.14466e-08
134.147,0.0,0.2719703125000001,5.121435e-08
134.147,0.0,0.2717203125000001,5.115275e-08
134.147,0.0,0.2714703125000001,5.091435e-08
134.147,0.0,0.2712203125000001,5.075745e-08
134.147,0.0,0.2709703125000001,5.07576e-08
134.147,0.0,0.2707203125000001,5.05223e-08
134.147,0.0,0.2704703125000001,5.03549e-08
134.147,0.0,0.2702203125000001,5.03086e-08
134.147,0.0,0.2699703125000001,5.017065e-08
134.147,0.0,0.2697203125000001,5.01435e-08
134.147,0.0,0.2694703125000001,5.00735e-08
134.147,0.0,0.2692203125000001,4.97595e-08
134.147,0.0,0.2689703125000001,4.96616e-08
134.147,0.0,0.2687203125000001,4.963755e-08
134.147,0.0,0.2684703125000001,4.94071e-08
134.147,0.0,0.2682203125000001,4.940595e-08
134.147,0.0,0.2679703125000001,4.91824e-08
134.147,0.0,0.2677203125000001,4.91637e-08
134.147,0.0,0.2674703125000001,4.89605e-08
134.147,0.0,0.2672203125000001,4.89349e-08
134.147,0.0,0.2669703125000001,4.875665e-08
134.147,0.0,0.2667203125000001,4.86756e-08
134.147,0.0,0.2664703125000001,4.851935e-08
134.147,0.0,0.2662203125000001,4.81225e-08
134.147,0.0,0.2659703125000001,4.82494e-08
134.147,0.0,0.2657203125000001,4.797015e-08
134.147,0.0,0.2654703125000001,4.76004e-08
134.147,0.0,0.2652203125000001,4.77518e-08
134.147,0.0,0.2649703125000001,4.775275e-08
134.147,0.0,0.2647203125000001,4.75103e-08
134.147,0.0,0.2644703125000001,4.72743e-08
134.147,0.0,0.2642203125000001,4.717985e-08
134.147,0.0,0.2639703125000001,4.701685e-08
134.147,0.0,0.2637203125000001,4.700205e-08
134.147,0.0,0.2634703125000001,4.65119e-08
134.147,0.0,0.2632203125000001,4.638255e-08
134.147,0.0,0.2629703125000001,4.613885e-08
134.147,0.0,0.2627203125000001,4.617245e-08
134.147,0.0,0.2624703125000001,4.5947e-08
134.147,0.0,0.2622203125000001,4.58162e-08
134.147,0.0,0.2619703125000001,4.5575750000000004e-08
134.147,0.0,0.2617203125000001,4.54529e-08
134.147,0.0,0.2614703125000001,4.52101e-08
134.147,0.0,0.2612203125000001,4.502895e-08
134.147,0.0,0.2609703125000001,4.505185e-08
134.147,0.0,0.2607203125000001,4.49784e-08
134.147,0.0,0.2604703125000001,4.47665e-08
134.147,0.0,0.2602203125000001,4.4623150000000003e-08
134.147,0.0,0.2599703125000001,4.46993e-08
134.147,0.0,0.2597203125000001,4.47201e-08
134.147,0.0,0.2594703125000001,4.46754e-08
134.147,0.0,0.2592203125000001,4.43567e-08
134.147,0.0,0.2589703125000001,4.444275e-08
134.147,0.0,0.2587203125000001,4.40174e-08
134.147,0.0,0.2584703125000001,4.40641e-08
134.147,0.0,0.2582203125000001,4.36314e-08
134.147,0.0,0.2579703125000001,4.35021e-08
134.147,0.0,0.2577203125000001,4.34802e-08
134.147,0.0,0.2574703125000001,4.35082e-08
134.147,0.0,0.2572203125000001,4.336525e-08
134.147,0.0,0.2569703125000001,4.32775e-08
134.147,0.0,0.2567203125000001,4.35196e-08
134.147,0.0,0.2564703125000001,4.330215e-08
134.147,0.0,0.2562203125000001,4.31573e-08
134.147,0.0,0.2559703125000001,4.288555e-08
134.147,0.0,0.2557203125000001,4.285895e-08
134.147,0.0,0.2554703125000001,4.26374e-08
134.147,0.0,0.2552203125000001,4.260305e-08
134.147,0.0,0.2549703125000001,4.248295e-08
134.147,0.0,0.2547203125000001,4.23669e-08
134.147,0.0,0.2544703125000001,4.227015e-08
134.147,0.0,0.2542203125000001,4.210345e-08
134.147,0.0,0.2539703125000001,4.203895e-08
134.147,0.0,0.2537203125000001,4.17423e-08
134.147,0.0,0.2534703125000001,4.17319e-08
134.147,0.0,0.2532203125000001,4.151985e-08
134.147,0.0,0.25297031250000007,4.1362250000000004e-08
134.147,0.0,0.2527203125000001,4.1408e-08
134.147,0.0,0.25247031250000007,4.10664e-08
134.147,0.0,0.2522203125000001,4.085385e-08
134.147,0.0,0.25197031250000007,4.080195e-08
134.147,0.0,0.2517203125000001,4.07093e-08
134.147,0.0,0.25147031250000007,4.051155e-08
134.147,0.0,0.2512203125000001,4.03311e-08
134.147,0.0,0.25097031250000007,4.019415e-08
134.147,0.0,0.2507203125000001,3.97904e-08
134.147,0.0,0.25047031250000007,3.9951e-08
134.147,0.0,0.2502203125000001,3.974185e-08
134.147,0.0,0.2499703125000001,3.978005e-08
134.147,0.0,0.2497203125000001,3.94415e-08
134.147,0.0,0.2494703125000001,3.9271900000000004e-08
134.147,0.0,0.2492203125000001,3.939395e-08
134.147,0.0,0.2489703125000001,3.9534650000000004e-08
134.147,0.0,0.2487203125000001,3.906755e-08
134.147,0.0,0.2484703125000001,3.88809e-08
134.147,0.0,0.2482203125000001,3.87287e-08
134.147,0.0,0.2479703125000001,3.871215e-08
134.147,0.0,0.2477203125000001,3.86245e-08
134.147,0.0,0.2474703125000001,3.846715e-08
134.147,0.0,0.2472203125000001,3.830445e-08
134.147,0.0,0.2469703125000001,3.8364e-08
134.147,0.0,0.2467203125000001,3.76323e-08
134.147,0.0,0.2464703125000001,3.81166e-08
134.147,0.0,0.2462203125000001,3.8325433333333335e-08
134.147,0.0,0.2459703125000001,3.80052e-08
134.147,0.0,0.2457203125000001,3.80315e-08
134.147,0.0,0.2454703125000001,3.78963e-08
134.147,0.0,0.2452203125000001,3.797395e-08
134.147,0.0,0.2449703125000001,3.780175e-08
134.147,0.0,0.2447203125000001,3.79953e-08
134.147,0.0,0.2444703125000001,3.79829e-08
134.147,0.0,0.2442203125000001,3.79433e-08
134.147,0.0,0.2439703125000001,3.810175e-08
134.147,0.0,0.2437203125000001,3.80141e-08
134.147,0.0,0.2434703125000001,3.793015e-08
134.147,0.0,0.2432203125000001,3.7954250000000004e-08
134.147,0.0,0.2429703125000001,3.76803e-08
134.147,0.0,0.2427203125000001,3.77236e-08
134.147,0.0,0.2424703125000001,3.77867e-08
134.147,0.0,0.2422203125000001,3.7812e-08
134.147,0.0,0.2419703125000001,3.781415e-08
134.147,0.0,0.2417203125000001,3.804925e-08
134.147,0.0,0.2414703125000001,3.756075e-08
134.147,0.0,0.2412203125000001,3.74297e-08
134.147,0.0,0.2409703125000001,3.740695e-08
134.147,0.0,0.2407203125000001,3.74957e-08
134.147,0.0,0.2404703125000001,3.763905e-08
134.147,0.0,0.2402203125000001,3.74223e-08
134.147,0.0,0.2399703125000001,3.74053e-08
134.147,0.0,0.2397203125000001,3.74248e-08
134.147,0.0,0.2394703125000001,3.730985e-08
134.147,0.0,0.2392203125000001,3.7273e-08
134.147,0.0,0.2389703125000001,3.75743e-08
134.147,0.0,0.2387203125000001,3.708005e-08
134.147,0.0,0.2384703125000001,3.708625e-08
134.147,0.0,0.2382203125000001,3.69849e-08
134.147,0.0,0.2379703125000001,3.680435e-08
134.147,0.0,0.23772031250000009,3.67855e-08
134.147,0.0,0.23747031250000009,3.687725e-08
134.147,0.0,0.23722031250000009,3.66625e-08
134.147,0.0,0.23697031250000009,3.663865e-08
134.147,0.0,0.23672031250000009,3.660425e-08
134.147,0.0,0.23647031250000008,3.637465e-08
134.147,0.0,0.23622031250000008,3.64096e-08
134.147,0.0,0.23597031250000008,3.61988e-08
134.147,0.0,0.23572031250000008,3.633955e-08
134.147,0.0,0.23547031250000008,3.62935e-08
134.147,0.0,0.23522031250000008,3.62387e-08
134.147,0.0,0.23497031250000008,3.607765e-08
134.147,0.0,0.23472031250000008,3.607595e-08
134.147,0.0,0.23447031250000008,3.5986650000000004e-08
134.147,0.0,0.23422031250000008,3.601705e-08
134.147,0.0,0.23397031250000008,3.58841e-08
134.147,0.0,0.23372031250000008,3.5797399999999995e-08
134.147,0.0,0.23347031250000008,3.59176e-08
134.147,0.0,0.23322031250000008,3.57899e-08
134.147,0.0,0.23297031250000008,3.56053e-08
134.147,0.0,0.23272031250000008,3.5605700000000005e-08
134.147,0.0,0.23247031250000008,3.5661850000000004e-08
134.147,0.0,0.23222031250000008,3.5494e-08
134.147,0.0,0.23197031250000008,3.53466e-08
134.147,0.0,0.23172031250000008,3.5311000000000004e-08
134.147,0.0,0.23147031250000008,3.5210400000000004e-08
134.147,0.0,0.23122031250000008,3.51325e-08
134.147,0.0,0.23097031250000008,3.48399e-08
134.147,0.0,0.23072031250000008,3.498965e-08
134.147,0.0,0.23047031250000008,3.4899533333333334e-08
134.147,0.0,0.23022031250000008,3.474945e-08
134.147,0.0,0.22997031250000008,3.46814e-08
134.147,0.0,0.22972031250000008,3.4603e-08
134.147,0.0,0.22947031250000008,3.4700600000000006e-08
134.147,0.0,0.22922031250000008,3.4610949999999995e-08
134.147,0.0,0.22897031250000008,3.45268e-08
134.147,0.0,0.22872031250000008,3.449335e-08
134.147,0.0,0.22847031250000008,3.441445e-08
134.147,0.0,0.22822031250000008,3.446485e-08
134.147,0.0,0.22797031250000008,3.45563e-08
134.147,0.0,0.22772031250000008,3.45261e-08
134.147,0.0,0.2274703125000001,3.43475e-08
134.147,0.0,0.2272203125000001,3.44486e-08
134.147,0.0,0.2269703125000001,3.42641e-08
134.147,0.0,0.2267203125000001,3.44464e-08
134.147,0.0,0.2264703125000001,3.44274e-08
134.147,0.0,0.2262203125000001,3.441745e-08
134.147,0.0,0.2259703125000001,3.43086e-08
134.147,0.0,0.2257203125000001,3.40337e-08
134.147,0.0,0.2254703125000001,3.3959200000000004e-08
134.147,0.0,0.2252203125000001,3.406105e-08
134.147,0.0,0.2249703125000001,3.41273e-08
134.147,0.0,0.2247203125000001,3.408955e-08
134.147,0.0,0.2244703125000001,3.423555e-08
134.147,0.0,0.2242203125000001,3.41307e-08
134.147,0.0,0.2239703125000001,3.403995e-08
134.147,0.0,0.2237203125000001,3.38666e-08
134.147,0.0,0.2234703125000001,3.39309e-08
134.147,0.0,0.2232203125000001,3.36825e-08
134.147,0.0,0.2229703125000001,3.38952e-08
134.147,0.0,0.2227203125000001,3.372125e-08
134.147,0.0,0.2224703125000001,3.35065e-08
134.147,0.0,0.2222203125000001,3.367225e-08
134.147,0.0,0.2219703125000001,3.37245e-08
134.147,0.0,0.2217203125000001,3.354045e-08
134.147,0.0,0.2214703125000001,3.351825e-08
134.147,0.0,0.2212203125000001,3.3333600000000004e-08
134.147,0.0,0.2209703125000001,3.365835e-08
134.147,0.0,0.2207203125000001,3.351935e-08
134.147,0.0,0.2204703125000001,3.355495e-08
134.147,0.0,0.2202203125000001,3.3635050000000006e-08
134.147,0.0,0.2199703125000001,3.34338e-08
134.147,0.0,0.2197203125000001,3.343135e-08
134.147,0.0,0.2194703125000001,3.3422200000000004e-08
134.147,0.0,0.2192203125000001,3.3460400000000005e-08
134.147,0.0,0.2189703125000001,3.325505e-08
134.147,0.0,0.2187203125000001,3.335765e-08
134.147,0.0,0.2184703125000001,3.341945e-08
134.147,0.0,0.2182203125000001,3.34907e-08
134.147,0.0,0.2179703125000001,3.3280850000000004e-08
134.147,0.0,0.2177203125000001,3.32251e-08
134.147,0.0,0.2174703125000001,3.3259350000000006e-08
134.147,0.0,0.2172203125000001,3.330405e-08
134.147,0.0,0.2169703125000001,3.33089e-08
134.147,0.0,0.2167203125000001,3.323935e-08
134.147,0.0,0.2164703125000001,3.30429e-08
134.147,0.0,0.2162203125000001,3.31258e-08
134.147,0.0,0.2159703125000001,3.29466e-08
134.147,0.0,0.2157203125000001,3.29084e-08
134.147,0.0,0.2154703125000001,3.2952150000000004e-08
134.147,0.0,0.2152203125000001,3.28388e-08
134.147,0.0,0.2149703125000001,3.27078e-08
134.147,0.0,0.2147203125000001,3.26234e-08
134.147,0.0,0.2144703125000001,3.27697e-08
134.147,0.0,0.2142203125000001,3.27956e-08
134.147,0.0,0.2139703125000001,3.275155e-08
134.147,0.0,0.2137203125000001,3.2625650000000005e-08
134.147,0.0,0.2134703125000001,3.27546e-08
134.147,0.0,0.2132203125000001,3.28119e-08
134.147,0.0,0.2129703125000001,3.266695e-08
134.147,0.0,0.2127203125000001,3.259615e-08
134.147,0.0,0.2124703125000001,3.26249e-08
134.147,0.0,0.2122203125000001,3.27103e-08
134.147,0.0,0.2119703125000001,3.2453649999999995e-08
134.147,0.0,0.2117203125000001,3.2449800000000005e-08
134.147,0.0,0.2114703125000001,3.2297e-08
134.147,0.0,0.2112203125000001,3.24266e-08
134.147,0.0,0.2109703125000001,3.26408e-08
134.147,0.0,0.2107203125000001,3.237425e-08
134.147,0.0,0.2104703125000001,3.238445e-08
134.147,0.0,0.2102203125000001,3.22513e-08
134.147,0.0,0.2099703125000001,3.22169e-08
134.147,0.0,0.2097203125000001,3.204715e-08
134.147,0.0,0.2094703125000001,3.2303e-08
134.147,0.0,0.2092203125000001,3.19372e-08
134.147,0.0,0.2089703125000001,3.19653e-08
134.147,0.0,0.2087203125000001,3.2126649999999995e-08
134.147,0.0,0.2084703125000001,3.2032700000000003e-08
134.147,0.0,0.2082203125000001,3.231375e-08
134.147,0.0,0.2079703125000001,3.226285e-08
134.147,0.0,0.2077203125000001,3.2084600000000004e-08
134.147,0.0,0.2074703125000001,3.21276e-08
134.147,0.0,0.2072203125000001,3.19509e-08
134.147,0.0,0.2069703125000001,3.222405e-08
134.147,0.0,0.2067203125000001,3.2015049999999995e-08
134.147,0.0,0.20647031250000009,3.208405e-08
134.147,0.0,0.20622031250000009,3.21758e-08
134.147,0.0,0.20597031250000009,3.19898e-08
134.147,0.0,0.20572031250000009,3.196085e-08
134.147,0.0,0.20547031250000009,3.1986966666666674e-08
134.147,0.0,0.20522031250000008,3.18998e-08
134.147,0.0,0.20497031250000008,3.198625e-08
134.147,0.0,0.20472031250000008,3.19209e-08
134.147,0.0,0.20447031250000008,3.192465e-08
134.147,0.0,0.20422031250000008,3.17429e-08
134.147,0.0,0.20397031250000008,3.17336e-08
134.147,0.0,0.20372031250000008,3.159345e-08
134.147,0.0,0.20347031250000008,3.182765e-08
134.147,0.0,0.20322031250000008,3.176095e-08
134.147,0.0,0.20297031250000008,3.14804e-08
134.147,0.0,0.20272031250000008,3.16783e-08
134.147,0.0,0.20247031250000008,3.158355e-08
134.147,0.0,0.20222031250000008,3.15627e-08
134.147,0.0,0.20197031250000008,3.13765e-08
134.147,0.0,0.20172031250000008,3.139075e-08
134.147,0.0,0.20147031250000008,3.1244549999999995e-08
134.147,0.0,0.20122031250000008,3.09506e-08
134.147,0.0,0.20097031250000008,3.12154e-08
134.147,0.0,0.20072031250000008,3.107115e-08
134.147,0.0,0.20047031250000008,3.1171e-08
134.147,0.0,0.20022031250000008,3.114745e-08
134.147,0.0,0.19997031250000008,3.10857e-08
134.147,0.0,0.19972031250000008,3.1011450000000003e-08
134.147,0.0,0.19947031250000008,3.11999e-08
134.147,0.0,0.19922031250000008,3.09059e-08
134.147,0.0,0.19897031250000008,3.0919800000000004e-08
134.147,0.0,0.19872031250000008,3.0841299999999994e-08
134.147,0.0,0.19847031250000008,3.066375e-08
134.147,0.0,0.19822031250000008,3.069365e-08
134.147,0.0,0.19797031250000008,3.08851e-08
134.147,0.0,0.19772031250000008,3.07435e-08
134.147,0.0,0.19747031250000008,3.07482e-08
134.147,0.0,0.19722031250000008,3.072275e-08
134.147,0.0,0.19697031250000008,3.05284e-08
134.147,0.0,0.19672031250000008,3.06193e-08
134.147,0.0,0.19647031250000008,3.031855e-08
134.147,0.0,0.1962203125000001,3.00154e-08
134.147,0.0,0.1959703125000001,3.014765e-08
134.147,0.0,0.1957203125000001,3.02197e-08
134.147,0.0,0.1954703125000001,3.02053e-08
134.147,0.0,0.1952203125000001,3.037625e-08
134.147,0.0,0.1949703125000001,3.03122e-08
134.147,0.0,0.1947203125000001,3.0299450000000003e-08
134.147,0.0,0.1944703125000001,3.030075e-08
134.147,0.0,0.1942203125000001,3.02913e-08
134.147,0.0,0.1939703125000001,3.03085e-08
134.147,0.0,0.1937203125000001,3.015525e-08
134.147,0.0,0.1934703125000001,3.06626e-08
134.147,0.0,0.1932203125000001,3.040315e-08
134.147,0.0,0.1929703125000001,3.06477e-08
134.147,0.0,0.1927203125000001,3.03021e-08
134.147,0.0,0.1924703125000001,3.041325e-08
134.147,0.0,0.1922203125000001,3.0469350000000005e-08
134.147,0.0,0.1919703125000001,3.02617e-08
134.147,0.0,0.1917203125000001,3.0506900000000004e-08
134.147,0.0,0.1914703125000001,3.02266e-08
134.147,0.0,0.1912203125000001,3.01759e-08
134.147,0.0,0.1909703125000001,3.0106299999999995e-08
134.147,0.0,0.1907203125000001,3.024355e-08
134.147,0.0,0.1904703125000001,3.0045e-08
134.147,0.0,0.1902203125000001,3.013585e-08
134.147,0.0,0.1899703125000001,3.007255e-08
134.147,0.0,0.1897203125000001,3.0066966666666674e-08
134.147,0.0,0.1894703125000001,3.00164e-08
134.147,0.0,0.1892203125000001,3.01989e-08
134.147,0.0,0.1889703125000001,3.0287549999999995e-08
134.147,0.0,0.1887203125000001,3.01542e-08
134.147,0.0,0.1884703125000001,3.02194e-08
134.147,0.0,0.1882203125000001,3.01142e-08
134.147,0.0,0.1879703125000001,3.01673e-08
134.147,0.0,0.1877203125000001,3.023585e-08
134.147,0.0,0.1874703125000001,3.00403e-08
134.147,0.0,0.1872203125000001,3.0102100000000006e-08
134.147,0.0,0.1869703125000001,3.021965e-08
134.147,0.0,0.1867203125000001,3.012475e-08
134.147,0.0,0.1864703125000001,3.02225e-08
134.147,0.0,0.1862203125000001,3.03595e-08
134.147,0.0,0.1859703125000001,3.03893e-08
134.147,0.0,0.1857203125000001,3.01253e-08
134.147,0.0,0.1854703125000001,3.01365e-08
134.147,0.0,0.1852203125000001,2.99941e-08
134.147,0.0,0.1849703125000001,3.020075e-08
134.147,0.0,0.1847203125000001,3.02115e-08
134.147,0.0,0.1844703125000001,2.99938e-08
134.147,0.0,0.1842203125000001,3.0069500000000003e-08
134.147,0.0,0.1839703125000001,2.999925e-08
134.147,0.0,0.1837203125000001,3.015145e-08
134.147,0.0,0.1834703125000001,3.021275e-08
134.147,0.0,0.1832203125000001,3.0042899999999994e-08
134.147,0.0,0.1829703125000001,3.0110699999999994e-08
134.147,0.0,0.1827203125000001,3.01176e-08
134.147,0.0,0.1824703125000001,3.020515e-08
134.147,0.0,0.1822203125000001,3.01606e-08
134.147,0.0,0.1819703125000001,3.017625e-08
134.147,0.0,0.1817203125000001,3.00731e-08
134.147,0.0,0.1814703125000001,3.02677e-08
134.147,0.0,0.1812203125000001,3.001245e-08
134.147,0.0,0.1809703125000001,3.0065100000000004e-08
134.147,0.0,0.1807203125000001,3.008325e-08
134.147,0.0,0.1804703125000001,3.018065e-08
134.147,0.0,0.1802203125000001,3.017445e-08
134.147,0.0,0.1799703125000001,3.012235e-08
134.147,0.0,0.1797203125000001,2.9998e-08
134.147,0.0,0.1794703125000001,3.001915e-08
134.147,0.0,0.1792203125000001,3.012075e-08
134.147,0.0,0.1789703125000001,3.00068e-08
134.147,0.0,0.1787203125000001,2.9899e-08
134.147,0.0,0.1784703125000001,3.00173e-08
134.147,0.0,0.1782203125000001,2.964145e-08
134.147,0.0,0.1779703125000001,2.9814850000000004e-08
134.147,0.0,0.1777203125000001,2.99337e-08
134.147,0.0,0.1774703125000001,2.96173e-08
134.147,0.0,0.1772203125000001,2.96497e-08
134.147,0.0,0.1769703125000001,2.952565e-08
134.147,0.0,0.1767203125000001,2.95192e-08
134.147,0.0,0.1764703125000001,2.957995e-08
134.147,0.0,0.1762203125000001,2.948495e-08
134.147,0.0,0.1759703125000001,2.953565e-08
134.147,0.0,0.1757203125000001,2.9539e-08
134.147,0.0,0.1754703125000001,2.95673e-08
134.147,0.0,0.17522031250000009,2.953865e-08
134.147,0.0,0.17497031250000009,2.94733e-08
134.147,0.0,0.17472031250000009,3.00627e-08
134.147,0.0,0.17447031250000009,2.9601433333333333e-08
134.147,0.0,0.17422031250000009,2.94392e-08
134.147,0.0,0.17397031250000008,2.953425e-08
134.147,0.0,0.17372031250000008,2.9674e-08
134.147,0.0,0.17347031250000008,2.931975e-08
134.147,0.0,0.17322031250000008,2.953395e-08
134.147,0.0,0.17297031250000008,2.934625e-08
134.147,0.0,0.17272031250000008,2.93645e-08
134.147,0.0,0.17247031250000008,2.9375100000000002e-08
134.147,0.0,0.17222031250000008,2.931585e-08
134.147,0.0,0.17197031250000008,2.941505e-08
134.147,0.0,0.17172031250000008,2.918375e-08
134.147,0.0,0.17147031250000008,2.915795e-08
134.147,0.0,0.17122031250000008,2.93275e-08
134.147,0.0,0.17097031250000008,2.931575e-08
134.147,0.0,0.17072031250000008,2.92616e-08
134.147,0.0,0.17047031250000008,2.92594e-08
134.147,0.0,0.17022031250000008,2.9325e-08
134.147,0.0,0.16997031250000008,2.90335e-08
134.147,0.0,0.16972031250000008,2.88522e-08
134.147,0.0,0.16947031250000008,2.91059e-08
134.147,0.0,0.16922031250000008,2.893925e-08
134.147,0.0,0.16897031250000008,2.8771400000000002e-08
134.147,0.0,0.16872031250000008,2.89079e-08
134.147,0.0,0.16847031250000008,2.912535e-08
134.147,0.0,0.16822031250000008,2.87715e-08
134.147,0.0,0.16797031250000008,2.858585e-08
134.147,0.0,0.16772031250000008,2.86775e-08
134.147,0.0,0.16747031250000008,2.872985e-08
134.147,0.0,0.16722031250000008,2.86385e-08
134.147,0.0,0.16697031250000008,2.8779600000000002e-08
134.147,0.0,0.16672031250000008,2.85269e-08
134.147,0.0,0.16647031250000008,2.8595e-08
134.147,0.0,0.16622031250000008,2.850385e-08
134.147,0.0,0.16597031250000008,2.844485e-08
134.147,0.0,0.16572031250000008,2.86184e-08
134.147,0.0,0.16547031250000008,2.8440000000000002e-08
134.147,0.0,0.16522031250000008,2.87195e-08
134.147,0.0,0.1649703125000001,2.834605e-08
134.147,0.0,0.1647203125000001,2.862145e-08
134.147,0.0,0.1644703125000001,2.843505e-08
134.147,0.0,0.1642203125000001,2.8438900000000002e-08
134.147,0.0,0.1639703125000001,2.845875e-08
134.147,0.0,0.1637203125000001,2.83313e-08
134.147,0.0,0.1634703125000001,2.837195e-08
134.147,0.0,0.1632203125000001,2.832295e-08
134.147,0.0,0.1629703125000001,2.837735e-08
134.147,0.0,0.1627203125000001,2.81869e-08
134.147,0.0,0.1624703125000001,2.824755e-08
134.147,0.0,0.1622203125000001,2.8160000000000002e-08
134.147,0.0,0.1619703125000001,2.83046e-08
134.147,0.0,0.1617203125000001,2.834435e-08
134.147,0.0,0.1614703125000001,2.823865e-08
134.147,0.0,0.1612203125000001,2.827305e-08
134.147,0.0,0.1609703125000001,2.834305e-08
134.147,0.0,0.1607203125000001,2.80989e-08
134.147,0.0,0.1604703125000001,2.83729e-08
134.147,0.0,0.1602203125000001,2.82405e-08
134.147,0.0,0.1599703125000001,2.84185e-08
134.147,0.0,0.1597203125000001,2.81482e-08
134.147,0.0,0.1594703125000001,2.8237e-08
134.147,0.0,0.1592203125000001,2.839055e-08
134.147,0.0,0.1589703125000001,2.8397e-08
134.147,0.0,0.1587203125000001,2.830285e-08
134.147,0.0,0.1584703125000001,2.837755e-08
134.147,0.0,0.1582203125000001,2.83811e-08
134.147,0.0,0.1579703125000001,2.830505e-08
134.147,0.0,0.1577203125000001,2.84219e-08
134.147,0.0,0.1574703125000001,2.83521e-08
134.147,0.0,0.1572203125000001,2.843415e-08
134.147,0.0,0.1569703125000001,2.84362e-08
134.147,0.0,0.1567203125000001,2.837755e-08
134.147,0.0,0.1564703125000001,2.841645e-08
134.147,0.0,0.1562203125000001,2.841195e-08
134.147,0.0,0.1559703125000001,2.85419e-08
134.147,0.0,0.1557203125000001,2.83604e-08
134.147,0.0,0.1554703125000001,2.830275e-08
134.147,0.0,0.1552203125000001,2.848625e-08
134.147,0.0,0.1549703125000001,2.87627e-08
134.147,0.0,0.1547203125000001,2.843705e-08
134.147,0.0,0.1544703125000001,2.82177e-08
134.147,0.0,0.1542203125000001,2.795655e-08
134.147,0.0,0.1539703125000001,2.81913e-08
134.147,0.0,0.1537203125000001,2.826895e-08
134.147,0.0,0.1534703125000001,2.811315e-08
134.147,0.0,0.1532203125000001,2.796155e-08
134.147,0.0,0.1529703125000001,2.80189e-08
134.147,0.0,0.1527203125000001,2.8102600000000002e-08
134.147,0.0,0.1524703125000001,2.792485e-08
134.147,0.0,0.1522203125000001,2.8017e-08
134.147,0.0,0.1519703125000001,2.798445e-08
134.147,0.0,0.1517203125000001,2.79909e-08
134.147,0.0,0.1514703125000001,2.7927533333333333e-08
134.147,0.0,0.1512203125000001,2.78221e-08
134.147,0.0,0.1509703125000001,2.78638e-08
134.147,0.0,0.1507203125000001,2.76858e-08
134.147,0.0,0.1504703125000001,2.7789700000000003e-08
134.147,0.0,0.1502203125000001,2.77804e-08
134.147,0.0,0.1499703125000001,2.77827e-08
134.147,0.0,0.1497203125000001,2.785675e-08
134.147,0.0,0.1494703125000001,2.752585e-08
134.147,0.0,0.1492203125000001,2.7939033333333333e-08
134.147,0.0,0.1489703125000001,2.77036e-08
134.147,0.0,0.1487203125000001,2.7698750000000002e-08
134.147,0.0,0.1484703125000001,2.764315e-08
134.147,0.0,0.1482203125000001,2.790885e-08
134.147,0.0,0.1479703125000001,2.80584e-08
134.147,0.0,0.1477203125000001,2.777645e-08
134.147,0.0,0.1474703125000001,2.7924800000000006e-08
134.147,0.0,0.1472203125000001,2.791555e-08
134.147,0.0,0.1469703125000001,2.7990500000000002e-08
134.147,0.0,0.1467203125000001,2.80467e-08
134.147,0.0,0.1464703125000001,2.795785e-08
134.147,0.0,0.1462203125000001,2.802535e-08
134.147,0.0,0.1459703125000001,2.7793e-08
134.147,0.0,0.1457203125000001,2.7946450000000002e-08
134.147,0.0,0.1454703125000001,2.772825e-08
134.147,0.0,0.1452203125000001,2.80182e-08
134.147,0.0,0.1449703125000001,2.789185e-08
134.147,0.0,0.1447203125000001,2.790715e-08
134.147,0.0,0.1444703125000001,2.787665e-08
134.147,0.0,0.1442203125000001,2.79036e-08
134.147,0.0,0.14397031250000009,2.78241e-08
134.147,0.0,0.14372031250000009,2.771695e-08
134.147,0.0,0.14347031250000009,2.761505e-08
134.147,0.0,0.14322031250000009,2.76999e-08
134.147,0.0,0.14297031250000009,2.75812e-08
134.147,0.0,0.14272031250000008,2.778855e-08
134.147,0.0,0.14247031250000008,2.751535e-08
134.147,0.0,0.14222031250000008,2.742955e-08
134.147,0.0,0.14197031250000008,2.764635e-08
134.147,0.0,0.14172031250000008,2.745835e-08
134.147,0.0,0.14147031250000008,2.76515e-08
134.147,0.0,0.14122031250000008,2.7395e-08
134.147,0.0,0.14097031250000008,2.75452e-08
134.147,0.0,0.14072031250000008,2.72479e-08
134.147,0.0,0.14047031250000008,2.73779e-08
134.147,0.0,0.14022031250000008,2.73667e-08
134.147,0.0,0.13997031250000008,2.70986e-08
134.147,0.0,0.13972031250000008,2.6956e-08
134.147,0.0,0.13947031250000008,2.6844550000000002e-08
134.147,0.0,0.13922031250000008,2.69191e-08
134.147,0.0,0.13897031250000008,2.656425e-08
134.147,0.0,0.13872031250000008,2.684305e-08
134.147,0.0,0.13847031250000008,2.6740650000000002e-08
134.147,0.0,0.13822031250000008,2.666485e-08
134.147,0.0,0.13797031250000008,2.6476450000000003e-08
134.147,0.0,0.13772031250000008,2.654475e-08
134.147,0.0,0.13747031250000008,2.661295e-08
134.147,0.0,0.13722031250000008,2.64911e-08
134.147,0.0,0.13697031250000008,2.654045e-08
134.147,0.0,0.13672031250000008,2.65683e-08
134.147,0.0,0.13647031250000008,2.644545e-08
134.147,0.0,0.13622031250000008,2.66628e-08
134.147,0.0,0.13597031250000008,2.6640300000000002e-08
134.147,0.0,0.13572031250000008,2.6651800000000002e-08
134.147,0.0,0.13547031250000008,2.6490750000000002e-08
134.147,0.0,0.13522031250000008,2.62882e-08
134.147,0.0,0.13497031250000008,2.6502500000000002e-08
134.147,0.0,0.13472031250000008,2.624315e-08
134.147,0.0,0.13447031250000008,2.590935e-08
134.147,0.0,0.13422031250000008,2.60123e-08
134.147,0.0,0.13397031250000008,2.606445e-08
134.147,0.0,0.1337203125000001,2.61271e-08
134.147,0.0,0.1334703125000001,2.602196666666667e-08
134.147,0.0,0.1332203125000001,2.60235e-08
134.147,0.0,0.1329703125000001,2.596695e-08
134.147,0.0,0.1327203125000001,2.5837250000000002e-08
134.147,0.0,0.1324703125000001,2.597565e-08
134.147,0.0,0.1322203125000001,2.57595e-08
134.147,0.0,0.1319703125000001,2.611895e-08
134.147,0.0,0.1317203125000001,2.6061450000000002e-08
134.147,0.0,0.1314703125000001,2.5809100000000002e-08
134.147,0.0,0.1312203125000001,2.58177e-08
134.147,0.0,0.1309703125000001,2.59027e-08
134.147,0.0,0.1307203125000001,2.577785e-08
134.147,0.0,0.1304703125000001,2.58471e-08
134.147,0.0,0.1302203125000001,2.59061e-08
134.147,0.0,0.1299703125000001,2.575055e-08
134.147,0.0,0.1297203125000001,2.570705e-08
134.147,0.0,0.1294703125000001,2.595275e-08
134.147,0.0,0.1292203125000001,2.587475e-08
134.147,0.0,0.1289703125000001,2.593335e-08
134.147,0.0,0.1287203125000001,2.55539e-08
134.147,0.0,0.1284703125000001,2.564625e-08
134.147,0.0,0.1282203125000001,2.53992e-08
134.147,0.0,0.1279703125000001,2.564225e-08
134.147,0.0,0.1277203125000001,2.57204e-08
134.147,0.0,0.1274703125000001,2.50886e-08
134.147,0.0,0.1272203125000001,2.5687e-08
134.147,0.0,0.1269703125000001,2.56699e-08
134.147,0.0,0.1267203125000001,2.582475e-08
134.147,0.0,0.1264703125000001,2.54924e-08
134.147,0.0,0.1262203125000001,2.549135e-08
134.147,0.0,0.1259703125000001,2.513275e-08
134.147,0.0,0.1257203125000001,2.54469e-08
134.147,0.0,0.1254703125000001,2.540425e-08
134.147,0.0,0.1252203125000001,2.55636e-08
134.147,0.0,0.1249703125000001,2.530315e-08
134.147,0.0,0.1247203125000001,2.547285e-08
134.147,0.0,0.1244703125000001,2.558945e-08
134.147,0.0,0.1242203125000001,2.513895e-08
134.147,0.0,0.1239703125000001,2.5477e-08
134.147,0.0,0.1237203125000001,2.55999e-08
134.147,0.0,0.1234703125000001,2.53145e-08
134.147,0.0,0.1232203125000001,2.52747e-08
134.147,0.0,0.1229703125000001,2.51323e-08
134.147,0.0,0.1227203125000001,2.54439e-08
134.147,0.0,0.1224703125000001,2.518985e-08
134.147,0.0,0.1222203125000001,2.5217050000000003e-08
134.147,0.0,0.1219703125000001,2.53696e-08
134.147,0.0,0.1217203125000001,2.49078e-08
134.147,0.0,0.1214703125000001,2.54349e-08
134.147,0.0,0.1212203125000001,2.525955e-08
134.147,0.0,0.1209703125000001,2.5237100000000002e-08
134.147,0.0,0.1207203125000001,2.537165e-08
134.147,0.0,0.12047031250000009,2.5457e-08
134.147,0.0,0.12022031250000009,2.558915e-08
134.147,0.0,0.11997031250000009,2.540425e-08
134.147,0.0,0.11972031250000009,2.585455e-08
134.147,0.0,0.11947031250000009,2.5362050000000002e-08
134.147,0.0,0.11922031250000009,2.537965e-08
134.147,0.0,0.11897031250000009,2.546125e-08
134.147,0.0,0.11872031250000009,2.518605e-08
134.147,0.0,0.11847031250000009,2.51324e-08
134.147,0.0,0.11822031250000009,2.48874e-08
134.147,0.0,0.11797031250000009,2.49633e-08
134.147,0.0,0.11772031250000009,2.494565e-08
134.147,0.0,0.11747031250000009,2.524575e-08
134.147,0.0,0.11722031250000009,2.517415e-08
134.147,0.0,0.11697031250000009,2.4928e-08
134.147,0.0,0.11672031250000009,2.497825e-08
134.147,0.0,0.11647031250000009,2.49381e-08
134.147,0.0,0.11622031250000009,2.47638e-08
134.147,0.0,0.11597031250000009,2.476435e-08
134.147,0.0,0.11572031250000009,2.49885e-08
134.147,0.0,0.11547031250000009,2.5076800000000006e-08
134.147,0.0,0.11522031250000009,2.48133e-08
134.147,0.0,0.11497031250000009,2.44439e-08
134.147,0.0,0.11472031250000009,2.46138e-08
134.147,0.0,0.11447031250000009,2.45777e-08
134.147,0.0,0.11422031250000009,2.50787e-08
134.147,0.0,0.11397031250000009,2.472055e-08
134.147,0.0,0.11372031250000009,2.439865e-08
134.147,0.0,0.11347031250000009,2.46523e-08
134.147,0.0,0.11322031250000009,2.47952e-08
134.147,0.0,0.11297031250000009,2.477225e-08
134.147,0.0,0.11272031250000009,2.474445e-08
134.147,0.0,0.11247031250000009,2.46481e-08
134.147,0.0,0.11222031250000009,2.440005e-08
134.147,0.0,0.11197031250000009,2.489515e-08
134.147,0.0,0.11172031250000009,2.46832e-08
134.147,0.0,0.11147031250000008,2.46678e-08
134.147,0.0,0.11122031250000008,2.52139e-08
134.147,0.0,0.11097031250000008,2.4557666666666668e-08
134.147,0.0,0.11072031250000008,2.46458e-08
134.147,0.0,0.11047031250000008,2.44097e-08
134.147,0.0,0.1102203125000001,2.467055e-08
134.147,0.0,0.1099703125000001,2.46556e-08
134.147,0.0,0.1097203125000001,2.422085e-08
134.147,0.0,0.1094703125000001,2.45281e-08
134.147,0.0,0.1092203125000001,2.46481e-08
134.147,0.0,0.1089703125000001,2.44738e-08
134.147,0.0,0.1087203125000001,2.444575e-08
134.147,0.0,0.1084703125000001,2.434095e-08
134.147,0.0,0.1082203125000001,2.466205e-08
134.147,0.0,0.1079703125000001,2.42067e-08
134.147,0.0,0.1077203125000001,2.44482e-08
134.147,0.0,0.1074703125000001,2.35589e-08
134.147,0.0,0.1072203125000001,2.384485e-08
134.147,0.0,0.1069703125000001,2.41354e-08
134.147,0.0,0.1067203125000001,2.392785e-08
134.147,0.0,0.1064703125000001,2.381725e-08
134.147,0.0,0.1062203125000001,2.397015e-08
134.147,0.0,0.1059703125000001,2.404665e-08
134.147,0.0,0.1057203125000001,2.38572e-08
134.147,0.0,0.1054703125000001,2.39251e-08
134.147,0.0,0.1052203125000001,2.3947000000000006e-08
134.147,0.0,0.10497031250000009,2.36059e-08
134.147,0.0,0.10472031250000009,2.391805e-08
134.147,0.0,0.10447031250000009,2.3851650000000002e-08
134.147,0.0,0.10422031250000009,2.398525e-08
134.147,0.0,0.10397031250000009,2.3814450000000002e-08
134.147,0.0,0.10372031250000009,2.38752e-08
134.147,0.0,0.10347031250000009,2.38845e-08
134.147,0.0,0.10322031250000009,2.377965e-08
134.147,0.0,0.10297031250000009,2.394105e-08
134.147,0.0,0.10272031250000009,2.38161e-08
134.147,0.0,0.10247031250000009,2.358995e-08
134.147,0.0,0.10222031250000009,2.36069e-08
134.147,0.0,0.10197031250000009,2.37601e-08
134.147,0.0,0.10172031250000009,2.336615e-08
134.147,0.0,0.10147031250000009,2.35344e-08
134.147,0.0,0.10122031250000009,2.33457e-08
134.147,0.0,0.10097031250000009,2.363415e-08
134.147,0.0,0.10072031250000009,2.38922e-08
134.147,0.0,0.10047031250000009,2.3621950000000002e-08
134.147,0.0,0.10022031250000009,2.36838e-08
134.147,0.0,0.09997031250000009,2.36196e-08
134.147,0.0,0.09972031250000009,2.343365e-08
134.147,0.0,0.09947031250000009,2.344775e-08
134.147,0.0,0.09922031250000009,2.36669e-08
134.147,0.0,0.09897031250000009,2.399555e-08
134.147,0.0,0.09872031250000009,2.37264e-08
134.147,0.0,0.09847031250000009,2.37627e-08
134.147,0.0,0.09822031250000009,2.384965e-08
134.147,0.0,0.09797031250000009,2.37818e-08
134.147,0.0,0.09772031250000009,2.33097e-08
134.147,0.0,0.09747031250000009,2.373375e-08
134.147,0.0,0.09722031250000009,2.343775e-08
134.147,0.0,0.09697031250000009,2.34509e-08
134.147,0.0,0.09672031250000009,2.35127e-08
134.147,0.0,0.09647031250000009,2.366075e-08
134.147,0.0,0.09622031250000009,2.35986e-08
134.147,0.0,0.09597031250000009,2.337125e-08
134.147,0.0,0.09572031250000008,2.32041e-08
134.147,0.0,0.09547031250000008,2.32566e-08
134.147,0.0,0.09522031250000008,2.322535e-08
134.147,0.0,0.09497031250000008,2.3557e-08
134.147,0.0,0.0947203125000001,2.30995e-08
134.147,0.0,0.0944703125000001,2.31249e-08
134.147,0.0,0.0942203125000001,2.3446700000000002e-08
134.147,0.0,0.0939703125000001,2.322945e-08
134.147,0.0,0.0937203125000001,2.34564e-08
134.147,0.0,0.0934703125000001,2.324465e-08
134.147,0.0,0.0932203125000001,2.33987e-08
134.147,0.0,0.0929703125000001,2.3272e-08
134.147,0.0,0.0927203125000001,2.29652e-08
134.147,0.0,0.0924703125000001,2.319515e-08
134.147,0.0,0.0922203125000001,2.249285e-08
134.147,0.0,0.0919703125000001,2.288085e-08
134.147,0.0,0.0917203125000001,2.33058e-08
134.147,0.0,0.0914703125000001,2.295745e-08
134.147,0.0,0.0912203125000001,2.28557e-08
134.147,0.0,0.0909703125000001,2.272125e-08
134.147,0.0,0.0907203125000001,2.2939950000000003e-08
134.147,0.0,0.0904703125000001,2.3203550000000006e-08
134.147,0.0,0.0902203125000001,2.292545e-08
134.147,0.0,0.0899703125000001,2.2769700000000002e-08
134.147,0.0,0.0897203125000001,2.2773e-08
134.147,0.0,0.0894703125000001,2.280265e-08
134.147,0.0,0.08922031250000009,2.27075e-08
134.147,0.0,0.08897031250000009,2.306425e-08
134.147,0.0,0.08872031250000009,2.2994e-08
134.147,0.0,0.08847031250000009,2.26213e-08
134.147,0.0,0.08822031250000009,2.280245e-08
134.147,0.0,0.08797031250000009,2.27879e-08
134.147,0.0,0.08772031250000009,2.29145e-08
134.147,0.0,0.08747031250000009,2.262585e-08
134.147,0.0,0.08722031250000009,2.2874850000000003e-08
134.147,0.0,0.08697031250000009,2.27262e-08
134.147,0.0,0.08672031250000009,2.30072e-08
134.147,0.0,0.08647031250000009,2.25733e-08
134.147,0.0,0.08622031250000009,2.26745e-08
134.147,0.0,0.08597031250000009,2.25875e-08
134.147,0.0,0.08572031250000009,2.230595e-08
134.147,0.0,0.08547031250000009,2.265945e-08
134.147,0.0,0.08522031250000009,2.23944e-08
134.147,0.0,0.08497031250000009,2.24279e-08
134.147,0.0,0.08472031250000009,2.26748e-08
134.147,0.0,0.08447031250000009,2.2486e-08
134.147,0.0,0.08422031250000009,2.2372e-08
134.147,0.0,0.08397031250000009,2.25051e-08
134.147,0.0,0.08372031250000009,2.268085e-08
134.147,0.0,0.08347031250000009,2.242485e-08
134.147,0.0,0.08322031250000009,2.24449e-08
134.147,0.0,0.08297031250000009,2.18123e-08
134.147,0.0,0.08272031250000009,2.235795e-08
134.147,0.0,0.08247031250000009,2.186325e-08
134.147,0.0,0.08222031250000009,2.2371e-08
134.147,0.0,0.08197031250000009,2.24398e-08
134.147,0.0,0.08172031250000009,2.20491e-08
134.147,0.0,0.08147031250000009,2.2267833333333337e-08
134.147,0.0,0.08122031250000009,2.246955e-08
134.147,0.0,0.08097031250000009,2.2163e-08
134.147,0.0,0.08072031250000009,2.214415e-08
134.147,0.0,0.08047031250000009,2.21489e-08
134.147,0.0,0.08022031250000008,2.211745e-08
134.147,0.0,0.07997031250000008,2.17725e-08
134.147,0.0,0.07972031250000008,2.222045e-08
134.147,0.0,0.07947031250000008,2.23174e-08
134.147,0.0,0.07922031250000008,2.2058433333333333e-08
134.147,0.0,0.0789703125000001,2.19506e-08
134.147,0.0,0.0787203125000001,2.20505e-08
134.147,0.0,0.0784703125000001,2.2053e-08
134.147,0.0,0.0782203125000001,2.198355e-08
134.147,0.0,0.0779703125000001,2.2284e-08
134.147,0.0,0.0777203125000001,2.205225e-08
134.147,0.0,0.0774703125000001,2.21265e-08
134.147,0.0,0.0772203125000001,2.17595e-08
134.147,0.0,0.0769703125000001,2.214775e-08
134.147,0.0,0.0767203125000001,2.210345e-08
134.147,0.0,0.0764703125000001,2.191205e-08
134.147,0.0,0.0762203125000001,2.186075e-08
134.147,0.0,0.0759703125000001,2.18026e-08
134.147,0.0,0.0757203125000001,2.19822e-08
134.147,0.0,0.0754703125000001,2.219205e-08
134.147,0.0,0.0752203125000001,2.184505e-08
134.147,0.0,0.0749703125000001,2.19403e-08
134.147,0.0,0.0747203125000001,2.2461800000000002e-08
134.147,0.0,0.0744703125000001,2.192425e-08
134.147,0.0,0.0742203125000001,2.234045e-08
134.147,0.0,0.0739703125000001,2.21597e-08
134.147,0.0,0.07372031250000009,2.196235e-08
134.147,0.0,0.07347031250000009,2.232485e-08
134.147,0.0,0.07322031250000009,2.1783350000000003e-08
134.147,0.0,0.07297031250000009,2.180905e-08
134.147,0.0,0.07272031250000009,2.1908e-08
134.147,0.0,0.07247031250000009,2.17938e-08
134.147,0.0,0.07222031250000009,2.1229e-08
134.147,0.0,0.07197031250000009,2.1453e-08
134.147,0.0,0.07172031250000009,2.15667e-08
134.147,0.0,0.07147031250000009,2.16567e-08
134.147,0.0,0.07122031250000009,2.15444e-08
134.147,0.0,0.07097031250000009,2.14643e-08
134.147,0.0,0.07072031250000009,2.16871e-08
134.147,0.0,0.07047031250000009,2.129205e-08
134.147,0.0,0.07022031250000009,2.126955e-08
134.147,0.0,0.06997031250000009,2.138355e-08
134.147,0.0,0.06972031250000009,2.147315e-08
134.147,0.0,0.06947031250000009,2.1105350000000002e-08
134.147,0.0,0.06922031250000009,2.132785e-08
134.147,0.0,0.06897031250000009,2.14211e-08
134.147,0.0,0.06872031250000009,2.12033e-08
134.147,0.0,0.06847031250000009,2.098915e-08
134.147,0.0,0.06822031250000009,2.11169e-08
134.147,0.0,0.06797031250000009,2.10166e-08
134.147,0.0,0.06772031250000009,2.09095e-08
134.147,0.0,0.06747031250000009,2.08784e-08
134.147,0.0,0.06722031250000009,2.06857e-08
134.147,0.0,0.06697031250000009,2.070905e-08
134.147,0.0,0.06672031250000009,2.09836e-08
134.147,0.0,0.06647031250000009,2.085685e-08
134.147,0.0,0.06622031250000009,2.07231e-08
134.147,0.0,0.06597031250000009,2.079745e-08
134.147,0.0,0.06572031250000009,2.090605e-08
134.147,0.0,0.06547031250000009,2.087775e-08
134.147,0.0,0.06522031250000009,2.10663e-08
134.147,0.0,0.06497031250000009,2.111595e-08
134.147,0.0,0.06472031250000009,2.075515e-08
134.147,0.0,0.06447031250000008,2.10053e-08
134.147,0.0,0.06422031250000008,2.08187e-08
134.147,0.0,0.06397031250000008,2.0783966666666663e-08
134.147,0.0,0.06372031250000008,2.082375e-08
134.147,0.0,0.0634703125000001,2.09003e-08
134.147,0.0,0.0632203125000001,2.05427e-08
134.147,0.0,0.0629703125000001,2.062195e-08
134.147,0.0,0.0627203125000001,2.077955e-08
134.147,0.0,0.06247031250000009,2.097145e-08
134.147,0.0,0.06222031250000009,2.10171e-08
134.147,0.0,0.06197031250000009,2.116295e-08
134.147,0.0,0.06172031250000009,2.065975e-08
134.147,0.0,0.06147031250000009,2.081485e-08
134.147,0.0,0.06122031250000009,2.085475e-08
134.147,0.0,0.06097031250000009,2.05889e-08
134.147,0.0,0.06072031250000009,2.074055e-08
134.147,0.0,0.06047031250000009,2.08013e-08
134.147,0.0,0.06022031250000009,2.09716e-08
134.147,0.0,0.05997031250000009,2.08423e-08
134.147,0.0,0.05972031250000009,2.09129e-08
134.147,0.0,0.059470312500000094,2.09588e-08
134.147,0.0,0.059220312500000094,2.071385e-08
134.147,0.0,0.058970312500000094,2.089885e-08
134.147,0.0,0.058720312500000094,2.09996e-08
134.147,0.0,0.05847031250000009,2.063665e-08
134.147,0.0,0.05822031250000009,2.0652e-08
134.147,0.0,0.05797031250000009,2.0715450000000002e-08
134.147,0.0,0.05772031250000009,2.054595e-08
134.147,0.0,0.05747031250000009,2.131845e-08
134.147,0.0,0.05722031250000009,2.064845e-08
134.147,0.0,0.05697031250000009,2.10023e-08
134.147,0.0,0.05672031250000009,2.0233e-08
134.147,0.0,0.05647031250000009,2.058815e-08
134.147,0.0,0.05622031250000009,2.07128e-08
134.147,0.0,0.05597031250000009,2.07844e-08
134.147,0.0,0.05572031250000009,2.0545100000000002e-08
134.147,0.0,0.05547031250000009,2.052815e-08
134.147,0.0,0.05522031250000009,2.0426e-08
134.147,0.0,0.05497031250000009,2.0576800000000002e-08
134.147,0.0,0.05472031250000009,2.04734e-08
134.147,0.0,0.05447031250000009,2.036365e-08
134.147,0.0,0.05422031250000009,1.96268e-08
134.147,0.0,0.05397031250000009,2.01976e-08
134.147,0.0,0.05372031250000009,2.028035e-08
134.147,0.0,0.05347031250000009,2.02478e-08
134.147,0.0,0.05322031250000009,2.02518e-08
134.147,0.0,0.05297031250000009,2.02537e-08
134.147,0.0,0.05272031250000009,2.009345e-08
134.147,0.0,0.05247031250000009,2.0169e-08
134.147,0.0,0.05222031250000009,2.00498e-08
134.147,0.0,0.05197031250000009,2.027985e-08
134.147,0.0,0.051720312500000094,2.03771e-08
134.147,0.0,0.051470312500000094,2.016995e-08
134.147,0.0,0.051220312500000094,2.02148e-08
134.147,0.0,0.050970312500000094,1.996155e-08
134.147,0.0,0.05072031250000009,2.03561e-08
134.147,0.0,0.05047031250000009,2.00423e-08
134.147,0.0,0.05022031250000009,2.001505e-08
134.147,0.0,0.04997031250000009,2.027995e-08
134.147,0.0,0.04972031250000009,2.009955e-08
134.147,0.0,0.04947031250000009,2.06164e-08
134.147,0.0,0.04922031250000009,2.0289450000000002e-08
134.147,0.0,0.04897031250000009,2.037875e-08
134.147,0.0,0.04872031250000009,2.030325e-08
134.147,0.0,0.04847031250000009,2.05157e-08
134.147,0.0,0.04822031250000009,2.02687e-08
134.147,0.0,0.04797031250000009,2.0175133333333332e-08
134.147,0.0,0.04772031250000009,2.04963e-08
134.147,0.0,0.04747031250000009,2.02374e-08
134.147,0.0,0.04722031250000009,2.03297e-08
134.147,0.0,0.04697031250000009,2.05224e-08
134.147,0.0,0.04672031250000009,2.02484e-08
134.147,0.0,0.04647031250000009,2.0185e-08
134.147,0.0,0.04622031250000009,2.02901e-08
134.147,0.0,0.04597031250000009,2.057015e-08
134.147,0.0,0.04572031250000009,1.98511e-08
134.147,0.0,0.04547031250000009,2.036895e-08
134.147,0.0,0.04522031250000009,2.034545e-08
134.147,0.0,0.04497031250000009,2.03708e-08
134.147,0.0,0.04472031250000009,2.009785e-08
134.147,0.0,0.04447031250000009,2.0097e-08
134.147,0.0,0.04422031250000009,1.9863100000000003e-08
134.147,0.0,0.043970312500000094,2.02608e-08
134.147,0.0,0.043720312500000094,1.995835e-08
134.147,0.0,0.043470312500000094,2.01579e-08
134.147,0.0,0.043220312500000094,1.9696e-08
134.147,0.0,0.042970312500000094,1.98337e-08
134.147,0.0,0.04272031250000009,2.026635e-08
134.147,0.0,0.04247031250000009,2.01573e-08
134.147,0.0,0.04222031250000009,1.996745e-08
134.147,0.0,0.04197031250000009,2.02352e-08
134.147,0.0,0.04172031250000009,1.96852e-08
134.147,0.0,0.04147031250000009,2.00367e-08
134.147,0.0,0.04122031250000009,2.0115866666666665e-08
134.147,0.0,0.04097031250000009,2.00926e-08
134.147,0.0,0.04072031250000009,1.97973e-08
134.147,0.0,0.04047031250000009,1.95235e-08
134.147,0.0,0.04022031250000009,1.99688e-08
134.147,0.0,0.03997031250000009,1.96967e-08
134.147,0.0,0.03972031250000009,1.979115e-08
134.147,0.0,0.03947031250000009,1.99611e-08
134.147,0.0,0.03922031250000009,1.97314e-08
134.147,0.0,0.03897031250000009,1.9784e-08
134.147,0.0,0.03872031250000009,1.98493e-08
134.147,0.0,0.03847031250000009,1.96394e-08
134.147,0.0,0.03822031250000009,1.9659e-08
134.147,0.0,0.03797031250000009,1.98369e-08
134.147,0.0,0.03772031250000009,1.958125e-08
134.147,0.0,0.03747031250000009,1.93082e-08
134.147,0.0,0.03722031250000009,1.954495e-08
134.147,0.0,0.03697031250000009,1.945345e-08
134.147,0.0,0.03672031250000009,1.926685e-08
134.147,0.0,0.03647031250000009,1.949565e-08
134.147,0.0,0.03622031250000009,1.937825e-08
134.147,0.0,0.035970312500000094,1.98068e-08
134.147,0.0,0.035720312500000094,1.951555e-08
134.147,0.0,0.035470312500000094,1.86119e-08
134.147,0.0,0.035220312500000094,1.936435e-08
134.147,0.0,0.03497031250000009,1.958215e-08
134.147,0.0,0.03472031250000009,1.9330000000000002e-08
134.147,0.0,0.03447031250000009,1.93089e-08
134.147,0.0,0.03422031250000009,1.94368e-08
134.147,0.0,0.03397031250000009,1.91515e-08
134.147,0.0,0.03372031250000009,1.891755e-08
134.147,0.0,0.03347031250000009,1.90308e-08
134.147,0.0,0.03322031250000009,1.9100300000000002e-08
134.147,0.0,0.03297031250000009,1.930585e-08
134.147,0.0,0.03272031250000009,1.910615e-08
134.147,0.0,0.03247031250000009,1.89702e-08
134.147,0.0,0.03222031250000009,1.884295e-08
134.147,0.0,0.03197031250000009,1.929265e-08
134.147,0.0,0.03172031250000009,1.99229e-08
134.147,0.0,0.03147031250000009,1.898245e-08
134.147,0.0,0.03122031250000009,1.924055e-08
134.147,0.0,0.03097031250000009,1.92531e-08
134.147,0.0,0.03072031250000009,1.87498e-08
134.147,0.0,0.03047031250000009,1.92515e-08
134.147,0.0,0.030220312500000093,1.907455e-08
134.147,0.0,0.029970312500000092,1.90581e-08
134.147,0.0,0.029720312500000092,1.906005e-08
134.147,0.0,0.029470312500000092,1.95877e-08
134.147,0.0,0.02922031250000009,1.87753e-08
134.147,0.0,0.02897031250000009,1.90395e-08
134.147,0.0,0.02872031250000009,1.88242e-08
134.147,0.0,0.02847031250000009,1.863125e-08
134.147,0.0,0.02822031250000009,1.8591e-08
134.147,0.0,0.02797031250000009,1.9040350000000003e-08
134.147,0.0,0.02772031250000009,1.85126e-08
134.147,0.0,0.02747031250000009,1.87013e-08
134.147,0.0,0.02722031250000009,1.88362e-08
134.147,0.0,0.02697031250000009,1.857985e-08
134.147,0.0,0.02672031250000009,1.87977e-08
134.147,0.0,0.02647031250000009,1.86345e-08
134.147,0.0,0.026220312500000093,1.86338e-08
134.147,0.0,0.025970312500000092,1.8678e-08
134.147,0.0,0.025720312500000092,1.856985e-08
134.147,0.0,0.025470312500000092,1.828135e-08
134.147,0.0,0.02522031250000009,1.825175e-08
134.147,0.0,0.02497031250000009,1.839605e-08
134.147,0.0,0.02472031250000009,1.84578e-08
134.147,0.0,0.02447031250000009,1.84101e-08
134.147,0.0,0.02422031250000009,1.85432e-08
134.147,0.0,0.02397031250000009,1.82713e-08
134.147,0.0,0.02372031250000009,1.83302e-08
134.147,0.0,0.02347031250000009,1.8090533333333332e-08
134.147,0.0,0.02322031250000009,1.83744e-08
134.147,0.0,0.02297031250000009,1.819285e-08
134.147,0.0,0.02272031250000009,1.87343e-08
134.147,0.0,0.022470312500000093,1.83581e-08
134.147,0.0,0.022220312500000092,1.82917e-08
134.147,0.0,0.021970312500000092,1.818135e-08
134.147,0.0,0.021720312500000092,1.84365e-08
134.147,0.0,0.021470312500000092,1.86893e-08
134.147,0.0,0.02122031250000009,1.857215e-08
134.147,0.0,0.02097031250000009,1.86995e-08
134.147,0.0,0.02072031250000009,1.889785e-08
134.147,0.0,0.02047031250000009,1.83251e-08
134.147,0.0,0.02022031250000009,1.849035e-08
134.147,0.0,0.01997031250000009,1.82025e-08
134.147,0.0,0.01972031250000009,1.84132e-08
134.147,0.0,0.01947031250000009,1.818775e-08
134.147,0.0,0.01922031250000009,1.85569e-08
134.147,0.0,0.01897031250000009,1.84467e-08
134.147,0.0,0.01872031250000009,1.85639e-08
134.147,0.0,0.018470312500000093,1.8391766666666673e-08
134.147,0.0,0.018220312500000092,1.861025e-08
134.147,0.0,0.017970312500000092,1.842765e-08
134.147,0.0,0.017720312500000092,1.87653e-08
134.147,0.0,0.01747031250000009,1.868475e-08
134.147,0.0,0.01722031250000009,1.85831e-08
134.147,0.0,0.01697031250000009,1.84302e-08
134.147,0.0,0.01672031250000009,1.82575e-08
134.147,0.0,0.01647031250000009,1.84495e-08
134.147,0.0,0.01622031250000009,1.84217e-08
134.147,0.0,0.01597031250000009,1.85274e-08
134.147,0.0,0.01572031250000009,1.83187e-08
134.147,0.0,0.015470312500000092,1.850065e-08
134.147,0.0,0.015220312500000091,1.84435e-08
134.147,0.0,0.014970312500000091,1.81801e-08
134.147,0.0,0.014720312500000091,1.8093e-08
134.147,0.0,0.01447031250000009,1.800965e-08
134.147,0.0,0.01422031250000009,1.8123733333333334e-08
134.147,0.0,0.01397031250000009,1.83745e-08
134.147,0.0,0.013720312500000092,1.8328e-08
134.147,0.0,0.013470312500000092,1.825005e-08
134.147,0.0,0.013220312500000091,1.7929299999999998e-08
134.147,0.0,0.012970312500000091,1.821095e-08
134.147,0.0,0.012720312500000091,1.77917e-08
134.147,0.0,0.01247031250000009,1.8133750000000002e-08
134.147,0.0,0.01222031250000009,1.79499e-08
134.147,0.0,0.01197031250000009,1.80577e-08
134.147,0.0,0.011720312500000092,1.80585e-08
134.147,0.0,0.011470312500000092,1.78031e-08
134.147,0.0,0.011220312500000091,1.78124e-08
134.147,0.0,0.010970312500000091,1.76321e-08
134.147,0.0,0.010720312500000091,1.7717099999999998e-08
134.147,0.0,0.01047031250000009,1.79107e-08
134.147,0.0,0.01022031250000009,1.806365e-08
134.147,0.0,0.00997031250000009,1.777055e-08
134.147,0.0,0.009720312500000092,1.77488e-08
134.147,0.0,0.009470312500000092,1.77134e-08
134.147,0.0,0.009220312500000091,1.779375e-08
134.147,0.0,0.008970312500000091,1.77781e-08
134.147,0.0,0.00872031250000009,1.7832749999999998e-08
134.147,0.0,0.00847031250000009,1.75964e-08
134.147,0.0,0.00822031250000009,1.77611e-08
134.147,0.0,0.00797031250000009,1.78662e-08
134.147,0.0,0.007720312500000091,1.735255e-08
134.147,0.0,0.007470312500000091,1.7732933333333335e-08
134.147,0.0,0.007220312500000091,1.757405e-08
134.147,0.0,0.006970312500000091,1.76314e-08
134.147,0.0,0.006720312500000091,1.768775e-08
134.147,0.0,0.006470312500000091,1.76022e-08
134.147,0.0,0.006220312500000091,1.747285e-08
134.147,0.0,0.005970312500000091,1.7203e-08
134.147,0.0,0.005720312500000091,1.7450549999999997e-08
134.147,0.0,0.0054703125000000906,1.74582e-08
134.147,0.0,0.005220312500000091,1.7631e-08
134.147,0.0,0.004970312500000091,1.76911e-08
134.147,0.0,0.004720312500000091,1.713995e-08
134.147,0.0,0.0044703125000000905,1.7234150000000002e-08
134.147,0.0,0.004220312500000091,1.7548949999999998e-08
134.147,0.0,0.003970312500000091,1.74899e-08
134.147,0.0,0.0037203125000000907,1.73483e-08
134.147,0.0,0.003470312500000091,1.76551e-08
134.147,0.0,0.003220312500000091,1.71315e-08
134.147,0.0,0.002970312500000091,1.72838e-08
134.147,0.0,0.002720312500000091,1.76053e-08
134.147,0.0,0.002470312500000091,1.740005e-08
134.147,0.0,0.002220312500000091,1.76051e-08
134.147,0.0,0.001970312500000091,1.73879e-08
134.147,0.0,0.001720312500000091,1.7550750000000002e-08
134.147,0.0,0.001470312500000091,1.716225e-08
134.147,0.0,0.001220312500000091,1.72906e-08
134.147,0.0,0.000970312500000091,1.69802e-08
134.147,0.0,0.000720312500000091,1.7139300000000002e-08
134.147,0.0,0.00047031250000009094,1.72486e-08
134.147,0.0,0.00022031250000009096,1.72419e-08
134.147,0.0,-2.968749999990905e-05,1.74787e-08
134.147,0.0,-0.000279687499999909,1.75141e-08
134.147,0.0,-0.000529687499999909,1.708055e-08
134.147,0.0,-0.000779687499999909,1.739015e-08
134.147,0.0,-0.0010296874999999091,1.72707e-08
134.147,0.0,-0.0012796874999999092,1.695085e-08
134.147,0.0,-0.0015296874999999092,1.6918e-08
134.147,0.0,-0.001779687499999909,1.6988300000000003e-08
134.147,0.0,-0.002029687499999909,1.71521e-08
134.147,0.0,-0.002279687499999909,1.7071549999999998e-08
134.147,0.0,-0.002529687499999909,1.6937500000000002e-08
134.147,0.0,-0.002779687499999909,1.68602e-08
134.147,0.0,-0.003029687499999909,1.68546e-08
134.147,0.0,-0.003279687499999909,1.7124649999999997e-08
134.147,0.0,-0.003529687499999909,1.687355e-08
134.147,0.0,-0.003779687499999909,1.71483e-08
134.147,0.0,-0.004029687499999909,1.724975e-08
134.147,0.0,-0.004279687499999909,1.684635e-08
134.147,0.0,-0.004529687499999909,1.66164e-08
134.147,0.0,-0.004779687499999909,1.71623e-08
134.147,0.0,-0.005029687499999909,1.68922e-08
134.147,0.0,-0.0052796874999999095,1.6861e-08
134.147,0.0,-0.005529687499999909,1.7061149999999998e-08
134.147,0.0,-0.005779687499999909,1.6891149999999997e-08
134.147,0.0,-0.006029687499999909,1.6789300000000002e-08
134.147,0.0,-0.0062796874999999095,1.658085e-08
134.147,0.0,-0.006529687499999909,1.6645e-08
134.147,0.0,-0.006779687499999909,1.66644e-08
134.147,0.0,-0.007029687499999909,1.6733000000000002e-08
134.147,0.0,-0.007279687499999909,1.671495e-08
134.147,0.0,-0.007529687499999909,1.711195e-08
134.147,0.0,-0.007779687499999909,1.6616750000000002e-08
134.147,0.0,-0.008029687499999908,1.6628e-08
134.147,0.0,-0.008279687499999909,1.650375e-08
134.147,0.0,-0.008529687499999909,1.682025e-08
134.147,0.0,-0.008779687499999909,1.725225e-08
134.147,0.0,-0.00902968749999991,1.64611e-08
134.147,0.0,-0.00927968749999991,1.675525e-08
134.147,0.0,-0.00952968749999991,1.65816e-08
134.147,0.0,-0.009779687499999908,1.67494e-08
134.147,0.0,-0.010029687499999908,1.68069e-08
134.147,0.0,-0.010279687499999909,1.68304e-08
134.147,0.0,-0.010529687499999909,1.65439e-08
134.147,0.0,-0.01077968749999991,1.6498199999999997e-08
134.147,0.0,-0.01102968749999991,1.655285e-08
134.147,0.0,-0.01127968749999991,1.70952e-08
134.147,0.0,-0.01152968749999991,1.67443e-08
134.147,0.0,-0.011779687499999908,1.71e-08
134.147,0.0,-0.012029687499999909,1.6635e-08
134.147,0.0,-0.012279687499999909,1.674535e-08
134.147,0.0,-0.012529687499999909,1.675815e-08
134.147,0.0,-0.01277968749999991,1.690195e-08
134.147,0.0,-0.01302968749999991,1.6600399999999998e-08
134.147,0.0,-0.01327968749999991,1.650865e-08
134.147,0.0,-0.01352968749999991,1.6796400000000002e-08
134.147,0.0,-0.013779687499999908,1.67209e-08
134.147,0.0,-0.014029687499999909,1.68844e-08
134.147,0.0,-0.014279687499999909,1.6892149999999998e-08
134.147,0.0,-0.014529687499999909,1.7153500000000002e-08
134.147,0.0,-0.01477968749999991,1.66695e-08
134.147,0.0,-0.01502968749999991,1.692805e-08
134.147,0.0,-0.01527968749999991,1.67303e-08
134.147,0.0,-0.01552968749999991,1.67336e-08
134.147,0.0,-0.01577968749999991,1.69307e-08
134.147,0.0,-0.01602968749999991,1.668925e-08
134.147,0.0,-0.01627968749999991,1.682955e-08
134.147,0.0,-0.01652968749999991,1.676785e-08
134.147,0.0,-0.016779687499999908,1.69543e-08
134.147,0.0,-0.017029687499999908,1.66287e-08
134.147,0.0,-0.017279687499999908,1.6780850000000002e-08
134.147,0.0,-0.017529687499999908,1.66641e-08
134.147,0.0,-0.01777968749999991,1.67869e-08
134.147,0.0,-0.01802968749999991,1.66924e-08
134.147,0.0,-0.01827968749999991,1.64334e-08
134.147,0.0,-0.01852968749999991,1.641175e-08
134.147,0.0,-0.01877968749999991,1.65474e-08
134.147,0.0,-0.01902968749999991,1.688765e-08
134.147,0.0,-0.01927968749999991,1.6405449999999998e-08
134.147,0.0,-0.01952968749999991,1.6583e-08
134.147,0.0,-0.01977968749999991,1.649945e-08
134.147,0.0,-0.02002968749999991,1.628745e-08
134.147,0.0,-0.02027968749999991,1.6431499999999997e-08
134.147,0.0,-0.020529687499999907,1.6330500000000002e-08
134.147,0.0,-0.020779687499999908,1.65627e-08
134.147,0.0,-0.021029687499999908,1.60955e-08
134.147,0.0,-0.021279687499999908,1.6450550000000002e-08
134.147,0.0,-0.02152968749999991,1.65449e-08
134.147,0.0,-0.02177968749999991,1.63971e-08
134.147,0.0,-0.02202968749999991,1.6282533333333333e-08
134.147,0.0,-0.02227968749999991,1.65381e-08
134.147,0.0,-0.02252968749999991,1.63461e-08
134.147,0.0,-0.02277968749999991,1.65146e-08
134.147,0.0,-0.02302968749999991,1.6137150000000002e-08
134.147,0.0,-0.02327968749999991,1.633145e-08
134.147,0.0,-0.02352968749999991,1.622565e-08
134.147,0.0,-0.02377968749999991,1.60663e-08
134.147,0.0,-0.02402968749999991,1.6234233333333332e-08
134.147,0.0,-0.02427968749999991,1.61355e-08
134.147,0.0,-0.024529687499999907,1.63094e-08
134.147,0.0,-0.024779687499999908,1.61433e-08
134.147,0.0,-0.025029687499999908,1.606925e-08
134.147,0.0,-0.025279687499999908,1.6071599999999998e-08
134.147,0.0,-0.02552968749999991,1.593235e-08
134.147,0.0,-0.02577968749999991,1.64073e-08
134.147,0.0,-0.02602968749999991,1.59084e-08
134.147,0.0,-0.02627968749999991,1.592165e-08
134.147,0.0,-0.02652968749999991,1.612325e-08
134.147,0.0,-0.02677968749999991,1.59689e-08
134.147,0.0,-0.02702968749999991,1.623615e-08
134.147,0.0,-0.02727968749999991,1.587715e-08
134.147,0.0,-0.02752968749999991,1.60624e-08
134.147,0.0,-0.02777968749999991,1.603215e-08
134.147,0.0,-0.02802968749999991,1.59848e-08
134.147,0.0,-0.028279687499999907,1.62011e-08
134.147,0.0,-0.028529687499999908,1.6116749999999998e-08
134.147,0.0,-0.028779687499999908,1.59955e-08
134.147,0.0,-0.029029687499999908,1.597705e-08
134.147,0.0,-0.029279687499999908,1.6069e-08
134.147,0.0,-0.02952968749999991,1.59594e-08
134.147,0.0,-0.02977968749999991,1.584355e-08
134.147,0.0,-0.03002968749999991,1.612135e-08
134.147,0.0,-0.03027968749999991,1.597955e-08
134.147,0.0,-0.03052968749999991,1.59647e-08
134.147,0.0,-0.03077968749999991,1.6266866666666668e-08
134.147,0.0,-0.03102968749999991,1.59122e-08
134.147,0.0,-0.03127968749999991,1.6096e-08
134.147,0.0,-0.03152968749999991,1.59399e-08
134.147,0.0,-0.03177968749999991,1.611005e-08
134.147,0.0,-0.03202968749999991,1.622705e-08
134.147,0.0,-0.03227968749999991,1.6176949999999997e-08
134.147,0.0,-0.03252968749999991,1.62825e-08
134.147,0.0,-0.03277968749999991,1.588915e-08
134.147,0.0,-0.03302968749999991,1.6028399999999998e-08
134.147,0.0,-0.03327968749999991,1.60873e-08
134.147,0.0,-0.03352968749999991,1.608235e-08
134.147,0.0,-0.03377968749999991,1.602005e-08
134.147,0.0,-0.03402968749999991,1.611115e-08
134.147,0.0,-0.034279687499999906,1.5694750000000002e-08
134.147,0.0,-0.034529687499999906,1.63629e-08
134.147,0.0,-0.034779687499999906,1.60544e-08
134.147,0.0,-0.035029687499999906,1.59493e-08
134.147,0.0,-0.03527968749999991,1.59948e-08
134.147,0.0,-0.03552968749999991,1.5987399999999998e-08
134.147,0.0,-0.03577968749999991,1.637225e-08
134.147,0.0,-0.03602968749999991,1.57469e-08
134.147,0.0,-0.03627968749999991,1.57223e-08
134.147,0.0,-0.03652968749999991,1.61911e-08
134.147,0.0,-0.03677968749999991,1.5946350000000002e-08
134.147,0.0,-0.03702968749999991,1.61212e-08
134.147,0.0,-0.03727968749999991,1.576815e-08
134.147,0.0,-0.03752968749999991,1.567495e-08
134.147,0.0,-0.03777968749999991,1.60331e-08
134.147,0.0,-0.03802968749999991,1.575425e-08
134.147,0.0,-0.03827968749999991,1.57226e-08
134.147,0.0,-0.03852968749999991,1.53804e-08
134.147,0.0,-0.03877968749999991,1.563925e-08
134.147,0.0,-0.03902968749999991,1.591395e-08
134.147,0.0,-0.03927968749999991,1.54558e-08
134.147,0.0,-0.03952968749999991,1.51135e-08
134.147,0.0,-0.03977968749999991,1.559055e-08
134.147,0.0,-0.04002968749999991,1.54576e-08
134.147,0.0,-0.04027968749999991,1.50983e-08
134.147,0.0,-0.04052968749999991,1.533115e-08
134.147,0.0,-0.04077968749999991,1.54808e-08
134.147,0.0,-0.04102968749999991,1.5160800000000002e-08
134.147,0.0,-0.04127968749999991,1.5163750000000002e-08
134.147,0.0,-0.04152968749999991,1.53166e-08
134.147,0.0,-0.04177968749999991,1.560155e-08
134.147,0.0,-0.042029687499999906,1.527725e-08
134.147,0.0,-0.042279687499999906,1.54888e-08
134.147,0.0,-0.042529687499999906,1.5017049999999997e-08
134.147,0.0,-0.042779687499999906,1.54789e-08
134.147,0.0,-0.04302968749999991,1.522545e-08
134.147,0.0,-0.04327968749999991,1.519495e-08
134.147,0.0,-0.04352968749999991,1.50313e-08
134.147,0.0,-0.04377968749999991,1.51902e-08
134.147,0.0,-0.04402968749999991,1.516715e-08
134.147,0.0,-0.04427968749999991,1.504545e-08
134.147,0.0,-0.04452968749999991,1.527115e-08
134.147,0.0,-0.04477968749999991,1.5167050000000002e-08
134.147,0.0,-0.04502968749999991,1.51693e-08
134.147,0.0,-0.04527968749999991,1.5175e-08
134.147,0.0,-0.04552968749999991,1.524515e-08
134.147,0.0,-0.04577968749999991,1.52294e-08
134.147,0.0,-0.04602968749999991,1.479375e-08
134.147,0.0,-0.04627968749999991,1.5084849999999998e-08
134.147,0.0,-0.04652968749999991,1.5019749999999998e-08
134.147,0.0,-0.04677968749999991,1.4893e-08
134.147,0.0,-0.04702968749999991,1.477275e-08
134.147,0.0,-0.04727968749999991,1.50065e-08
134.147,0.0,-0.04752968749999991,1.5214650000000002e-08
134.147,0.0,-0.04777968749999991,1.4982549999999998e-08
134.147,0.0,-0.04802968749999991,1.4967e-08
134.147,0.0,-0.04827968749999991,1.51059e-08
134.147,0.0,-0.04852968749999991,1.5118149999999998e-08
134.147,0.0,-0.04877968749999991,1.46715e-08
134.147,0.0,-0.04902968749999991,1.4706133333333333e-08
134.147,0.0,-0.04927968749999991,1.41557e-08
134.147,0.0,-0.04952968749999991,1.47962e-08
134.147,0.0,-0.049779687499999906,1.507175e-08
134.147,0.0,-0.050029687499999906,1.468755e-08
134.147,0.0,-0.050279687499999906,1.4962e-08
134.147,0.0,-0.050529687499999906,1.464915e-08
134.147,0.0,-0.050779687499999906,1.482415e-08
134.147,0.0,-0.05102968749999991,1.48181e-08
134.147,0.0,-0.05127968749999991,1.461895e-08
134.147,0.0,-0.05152968749999991,1.47668e-08
134.147,0.0,-0.05177968749999991,1.4948600000000002e-08
134.147,0.0,-0.05202968749999991,1.44027e-08
134.147,0.0,-0.05227968749999991,1.45755e-08
134.147,0.0,-0.05252968749999991,1.5012250000000003e-08
134.147,0.0,-0.05277968749999991,1.4478e-08
134.147,0.0,-0.05302968749999991,1.510135e-08
134.147,0.0,-0.05327968749999991,1.457685e-08
134.147,0.0,-0.05352968749999991,1.465895e-08
134.147,0.0,-0.05377968749999991,1.435685e-08
134.147,0.0,-0.05402968749999991,1.448365e-08
134.147,0.0,-0.05427968749999991,1.41502e-08
134.147,0.0,-0.05452968749999991,1.454095e-08
134.147,0.0,-0.05477968749999991,1.43876e-08
134.147,0.0,-0.05502968749999991,1.48043e-08
134.147,0.0,-0.05527968749999991,1.43679e-08
134.147,0.0,-0.05552968749999991,1.4577133333333335e-08
134.147,0.0,-0.05577968749999991,1.4481e-08
134.147,0.0,-0.05602968749999991,1.46116e-08
134.147,0.0,-0.05627968749999991,1.42199e-08
134.147,0.0,-0.05652968749999991,1.462075e-08
134.147,0.0,-0.05677968749999991,1.445425e-08
134.147,0.0,-0.05702968749999991,1.44347e-08
134.147,0.0,-0.05727968749999991,1.42834e-08
134.147,0.0,-0.05752968749999991,1.4302850000000001e-08
134.147,0.0,-0.057779687499999906,1.4192049999999998e-08
134.147,0.0,-0.058029687499999906,1.446555e-08
134.147,0.0,-0.058279687499999906,1.443015e-08
134.147,0.0,-0.058529687499999906,1.4132e-08
134.147,0.0,-0.05877968749999991,1.41417e-08
134.147,0.0,-0.05902968749999991,1.438675e-08
134.147,0.0,-0.05927968749999991,1.42246e-08
134.147,0.0,-0.05952968749999991,1.418185e-08
134.147,0.0,-0.05977968749999991,1.43274e-08
134.147,0.0,-0.06002968749999991,1.41433e-08
134.147,0.0,-0.06027968749999991,1.42311e-08
134.147,0.0,-0.06052968749999991,1.401815e-08
134.147,0.0,-0.06077968749999991,1.40492e-08
134.147,0.0,-0.06102968749999991,1.41167e-08
134.147,0.0,-0.06127968749999991,1.41053e-08
134.147,0.0,-0.06152968749999991,1.39756e-08
134.147,0.0,-0.06177968749999991,1.38157e-08
134.147,0.0,-0.06202968749999991,1.43562e-08
134.147,0.0,-0.06227968749999991,1.41085e-08
134.147,0.0,-0.0625296874999999,1.4205866666666668e-08
134.147,0.0,-0.0627796874999999,1.41097e-08
134.147,0.0,-0.0630296874999999,1.44184e-08
134.147,0.0,-0.0632796874999999,1.392935e-08
134.147,0.0,-0.0635296874999999,1.39023e-08
134.147,0.0,-0.0637796874999999,1.372845e-08
134.147,0.0,-0.0640296874999999,1.36399e-08
134.147,0.0,-0.0642796874999999,1.41436e-08
134.147,0.0,-0.0645296874999999,1.38748e-08
134.147,0.0,-0.0647796874999999,1.4089266666666666e-08
134.147,0.0,-0.0650296874999999,1.4129e-08
134.147,0.0,-0.0652796874999999,1.41542e-08
134.147,0.0,-0.0655296874999999,1.40003e-08
134.147,0.0,-0.0657796874999999,1.406745e-08
134.147,0.0,-0.0660296874999999,1.39497e-08
134.147,0.0,-0.0662796874999999,1.411465e-08
134.147,0.0,-0.0665296874999999,1.40165e-08
134.147,0.0,-0.0667796874999999,1.385195e-08
134.147,0.0,-0.06702968749999991,1.39007e-08
134.147,0.0,-0.06727968749999991,1.42674e-08
134.147,0.0,-0.06752968749999991,1.383055e-08
134.147,0.0,-0.06777968749999991,1.4052e-08
134.147,0.0,-0.06802968749999991,1.39915e-08
134.147,0.0,-0.06827968749999991,1.369665e-08
134.147,0.0,-0.06852968749999991,1.36847e-08
134.147,0.0,-0.06877968749999991,1.37824e-08
134.147,0.0,-0.06902968749999991,1.39143e-08
134.147,0.0,-0.06927968749999991,1.380175e-08
134.147,0.0,-0.06952968749999991,1.378135e-08
134.147,0.0,-0.06977968749999991,1.371935e-08
134.147,0.0,-0.07002968749999991,1.36109e-08
134.147,0.0,-0.07027968749999991,1.349195e-08
134.147,0.0,-0.07052968749999991,1.4072e-08
134.147,0.0,-0.07077968749999991,1.37189e-08
134.147,0.0,-0.07102968749999991,1.31309e-08
134.147,0.0,-0.07127968749999991,1.36286e-08
134.147,0.0,-0.07152968749999991,1.3867366666666665e-08
134.147,0.0,-0.07177968749999991,1.33608e-08
134.147,0.0,-0.07202968749999991,1.38372e-08
134.147,0.0,-0.07227968749999991,1.352305e-08
134.147,0.0,-0.07252968749999991,1.36716e-08
134.147,0.0,-0.07277968749999991,1.353225e-08
134.147,0.0,-0.07302968749999991,1.36044e-08
134.147,0.0,-0.07327968749999991,1.388005e-08
134.147,0.0,-0.07352968749999991,1.3542450000000001e-08
134.147,0.0,-0.07377968749999991,1.36636e-08
134.147,0.0,-0.07402968749999991,1.38945e-08
134.147,0.0,-0.07427968749999991,1.372205e-08
134.147,0.0,-0.07452968749999991,1.427205e-08
134.147,0.0,-0.07477968749999991,1.36146e-08
134.147,0.0,-0.07502968749999991,1.28089e-08
134.147,0.0,-0.07527968749999991,1.370395e-08
134.147,0.0,-0.07552968749999991,1.38009e-08
134.147,0.0,-0.07577968749999991,1.39678e-08
134.147,0.0,-0.07602968749999992,1.379625e-08
134.147,0.0,-0.07627968749999992,1.386845e-08
134.147,0.0,-0.07652968749999992,1.406905e-08
134.147,0.0,-0.07677968749999992,1.389065e-08
134.147,0.0,-0.07702968749999992,1.40448e-08
134.147,0.0,-0.0772796874999999,1.37389e-08
134.147,0.0,-0.0775296874999999,1.399635e-08
134.147,0.0,-0.0777796874999999,1.36459e-08
134.147,0.0,-0.0780296874999999,1.3769e-08
134.147,0.0,-0.0782796874999999,1.3683000000000001e-08
134.147,0.0,-0.0785296874999999,1.38049e-08
134.147,0.0,-0.0787796874999999,1.3633433333333332e-08
134.147,0.0,-0.0790296874999999,1.34931e-08
134.147,0.0,-0.0792796874999999,1.36185e-08
134.147,0.0,-0.0795296874999999,1.36304e-08
134.147,0.0,-0.0797796874999999,1.368135e-08
134.147,0.0,-0.0800296874999999,1.40045e-08
134.147,0.0,-0.0802796874999999,1.40018e-08
134.147,0.0,-0.0805296874999999,1.363135e-08
134.147,0.0,-0.0807796874999999,1.38578e-08
134.147,0.0,-0.0810296874999999,1.3911850000000001e-08
134.147,0.0,-0.0812796874999999,1.3569e-08
134.147,0.0,-0.0815296874999999,1.3884e-08
134.147,0.0,-0.0817796874999999,1.377245e-08
134.147,0.0,-0.0820296874999999,1.34656e-08
134.147,0.0,-0.0822796874999999,1.39875e-08
134.147,0.0,-0.08252968749999991,1.36371e-08
134.147,0.0,-0.08277968749999991,1.38703e-08
134.147,0.0,-0.08302968749999991,1.389085e-08
134.147,0.0,-0.08327968749999991,1.355895e-08
134.147,0.0,-0.08352968749999991,1.388295e-08
134.147,0.0,-0.08377968749999991,1.36736e-08
134.147,0.0,-0.08402968749999991,1.364645e-08
134.147,0.0,-0.08427968749999991,1.38408e-08
134.147,0.0,-0.08452968749999991,1.43698e-08
134.147,0.0,-0.08477968749999991,1.371295e-08
134.147,0.0,-0.08502968749999991,1.35317e-08
134.147,0.0,-0.08527968749999991,1.371715e-08
134.147,0.0,-0.08552968749999991,1.362395e-08
134.147,0.0,-0.08577968749999991,1.37138e-08
134.147,0.0,-0.08602968749999991,1.35561e-08
134.147,0.0,-0.08627968749999991,1.394695e-08
134.147,0.0,-0.08652968749999991,1.36594e-08
134.147,0.0,-0.08677968749999991,1.366585e-08
134.147,0.0,-0.08702968749999991,1.3858800000000001e-08
134.147,0.0,-0.08727968749999991,1.361075e-08
134.147,0.0,-0.08752968749999991,1.36629e-08
134.147,0.0,-0.08777968749999991,1.34658e-08
134.147,0.0,-0.08802968749999991,1.3574e-08
134.147,0.0,-0.08827968749999991,1.3628e-08
134.147,0.0,-0.08852968749999991,1.36393e-08
134.147,0.0,-0.08877968749999991,1.37703e-08
134.147,0.0,-0.08902968749999991,1.383845e-08
134.147,0.0,-0.08927968749999991,1.3777550000000002e-08
134.147,0.0,-0.08952968749999991,1.36595e-08
134.147,0.0,-0.08977968749999991,1.40172e-08
134.147,0.0,-0.09002968749999991,1.366545e-08
134.147,0.0,-0.09027968749999991,1.38113e-08
134.147,0.0,-0.09052968749999991,1.361275e-08
134.147,0.0,-0.09077968749999991,1.37659e-08
134.147,0.0,-0.09102968749999991,1.35189e-08
134.147,0.0,-0.09127968749999991,1.39582e-08
134.147,0.0,-0.09152968749999991,1.38823e-08
134.147,0.0,-0.09177968749999992,1.357245e-08
134.147,0.0,-0.09202968749999992,1.37196e-08
134.147,0.0,-0.09227968749999992,1.37728e-08
134.147,0.0,-0.09252968749999992,1.39725e-08
134.147,0.0,-0.0927796874999999,1.39472e-08
134.147,0.0,-0.0930296874999999,1.29196e-08
134.147,0.0,-0.0932796874999999,1.39211e-08
134.147,0.0,-0.0935296874999999,1.41264e-08
134.147,0.0,-0.0937796874999999,1.3776500000000001e-08
134.147,0.0,-0.0940296874999999,1.406135e-08
134.147,0.0,-0.0942796874999999,1.384995e-08
134.147,0.0,-0.0945296874999999,1.38531e-08
134.147,0.0,-0.0947796874999999,1.37717e-08
134.147,0.0,-0.0950296874999999,1.39335e-08
134.147,0.0,-0.0952796874999999,1.37577e-08
134.147,0.0,-0.0955296874999999,1.388495e-08
134.147,0.0,-0.0957796874999999,1.35922e-08
134.147,0.0,-0.0960296874999999,1.387715e-08
134.147,0.0,-0.0962796874999999,1.43331e-08
134.147,0.0,-0.0965296874999999,1.3964266666666669e-08
134.147,0.0,-0.0967796874999999,1.36074e-08
134.147,0.0,-0.0970296874999999,1.37291e-08
134.147,0.0,-0.0972796874999999,1.3469450000000001e-08
134.147,0.0,-0.0975296874999999,1.388735e-08
134.147,0.0,-0.0977796874999999,1.38519e-08
134.147,0.0,-0.0980296874999999,1.38091e-08
134.147,0.0,-0.09827968749999991,1.37884e-08
134.147,0.0,-0.09852968749999991,1.379625e-08
134.147,0.0,-0.09877968749999991,1.35287e-08
134.147,0.0,-0.09902968749999991,1.3595500000000001e-08
134.147,0.0,-0.09927968749999991,1.3615e-08
134.147,0.0,-0.09952968749999991,1.31992e-08
134.147,0.0,-0.09977968749999991,1.36797e-08
134.147,0.0,-0.10002968749999991,1.31931e-08
134.147,0.0,-0.10027968749999991,1.343125e-08
134.147,0.0,-0.10052968749999991,1.358075e-08
134.147,0.0,-0.10077968749999991,1.31248e-08
134.147,0.0,-0.10102968749999991,1.330125e-08
134.147,0.0,-0.10127968749999991,1.352475e-08
134.147,0.0,-0.10152968749999991,1.35282e-08
134.147,0.0,-0.10177968749999991,1.31789e-08
134.147,0.0,-0.10202968749999991,1.3196300000000001e-08
134.147,0.0,-0.10227968749999991,1.31889e-08
134.147,0.0,-0.10252968749999991,1.348135e-08
134.147,0.0,-0.10277968749999991,1.28991e-08
134.147,0.0,-0.10302968749999991,1.29665e-08
134.147,0.0,-0.10327968749999991,1.27926e-08
134.147,0.0,-0.10352968749999991,1.25081e-08
134.147,0.0,-0.10377968749999991,1.252545e-08
134.147,0.0,-0.10402968749999991,1.222675e-08
134.147,0.0,-0.10427968749999991,1.209015e-08
134.147,0.0,-0.10452968749999991,1.22166e-08
134.147,0.0,-0.10477968749999991,1.194415e-08
134.147,0.0,-0.10502968749999991,1.185785e-08
134.147,0.0,-0.10527968749999991,1.184115e-08
134.147,0.0,-0.10552968749999991,1.143985e-08
134.147,0.0,-0.10577968749999991,1.09186e-08
134.147,0.0,-0.10602968749999991,1.117245e-08
134.147,0.0,-0.10627968749999991,1.11008e-08
134.147,0.0,-0.10652968749999991,1.00475e-08
134.147,0.0,-0.10677968749999991,1.081235e-08
134.147,0.0,-0.10702968749999991,1.040995e-08
134.147,0.0,-0.10727968749999992,1.02115e-08
134.147,0.0,-0.10752968749999992,1.00978e-08
134.147,0.0,-0.10777968749999992,9.391085e-09
134.147,0.0,-0.10802968749999992,9.42579e-09
134.147,0.0,-0.10827968749999992,9.08873e-09
134.147,0.0,-0.1085296874999999,8.59718e-09
134.147,0.0,-0.1087796874999999,8.353815e-09
134.147,0.0,-0.1090296874999999,8.64978e-09
134.147,0.0,-0.1092796874999999,7.98594e-09
134.147,0.0,-0.1095296874999999,7.76694e-09
134.147,0.0,-0.1097796874999999,7.586075e-09
134.147,0.0,-0.1100296874999999,7.51899e-09
134.147,0.0,-0.1102796874999999,7.47288e-09
134.147,0.0,-0.1105296874999999,7.1151e-09
134.147,0.0,-0.1107796874999999,7.322475e-09
134.147,0.0,-0.1110296874999999,7.322394999999998e-09
134.147,0.0,-0.1112796874999999,7.460585e-09
134.147,1.0,-0.1115296874999999,7.55906e-09
134.147,1.0,-0.1117796874999999,7.647295e-09
134.147,1.0,-0.1120296874999999,7.475295e-09
134.147,1.0,-0.1122796874999999,7.760990000000001e-09
134.147,1.0,-0.1125296874999999,7.37052e-09
134.147,1.0,-0.1127796874999999,7.511485e-09
134.147,1.0,-0.1130296874999999,7.68569e-09
134.147,1.0,-0.1132796874999999,7.96639e-09
134.147,1.0,-0.1135296874999999,8.25956e-09
134.147,1.0,-0.11377968749999991,8.39707e-09
134.147,1.0,-0.11402968749999991,8.709705e-09
134.147,1.0,-0.11427968749999991,8.944485e-09
134.147,1.0,-0.11452968749999991,9.15113e-09
134.147,1.0,-0.11477968749999991,9.74149e-09
134.147,1.0,-0.11502968749999991,9.82628e-09
134.147,1.0,-0.11527968749999991,1.00704e-08
134.147,1.0,-0.11552968749999991,1.0474e-08
134.147,1.0,-0.11577968749999991,1.087905e-08
134.147,1.0,-0.11602968749999991,1.11235e-08
134.147,1.0,-0.11627968749999991,1.1475900000000001e-08
134.147,1.0,-0.11652968749999991,1.204815e-08
134.147,1.0,-0.11677968749999991,1.22796e-08
134.147,1.0,-0.11702968749999991,1.251855e-08
134.147,1.0,-0.11727968749999991,1.326365e-08
134.147,1.0,-0.11752968749999991,1.30858e-08
134.147,1.0,-0.11777968749999991,1.319335e-08
134.147,1.0,-0.11802968749999991,1.333485e-08
134.147,1.0,-0.11827968749999991,1.373695e-08
134.147,1.0,-0.11852968749999991,1.34788e-08
134.147,1.0,-0.11877968749999991,1.3425e-08
134.147,1.0,-0.11902968749999991,1.373645e-08
134.147,1.0,-0.11927968749999991,1.38066e-08
134.147,1.0,-0.11952968749999991,1.41749e-08
134.147,1.0,-0.11977968749999991,1.389855e-08
134.147,1.0,-0.12002968749999991,1.410265e-08
134.147,1.0,-0.12027968749999991,1.43134e-08
134.147,1.0,-0.12052968749999991,1.44315e-08
134.147,1.0,-0.12077968749999991,1.44238e-08
134.147,1.0,-0.12102968749999991,1.45312e-08
134.147,1.0,-0.12127968749999991,1.43396e-08
134.147,1.0,-0.12152968749999991,1.45682e-08
134.147,1.0,-0.12177968749999991,1.4454000000000002e-08
134.147,1.0,-0.12202968749999991,1.445745e-08
134.147,1.0,-0.12227968749999991,1.4597e-08
134.147,1.0,-0.12252968749999991,1.418975e-08
134.147,1.0,-0.12277968749999991,1.43392e-08
134.147,1.0,-0.12302968749999992,1.431955e-08
134.147,1.0,-0.12327968749999992,1.44124e-08
134.147,1.0,-0.12352968749999992,1.40908e-08
134.147,1.0,-0.12377968749999992,1.407715e-08
134.147,1.0,-0.1240296874999999,1.428765e-08
134.147,1.0,-0.1242796874999999,1.45094e-08
134.147,1.0,-0.1245296874999999,1.472315e-08
134.147,1.0,-0.1247796874999999,1.439085e-08
134.147,1.0,-0.1250296874999999,1.425065e-08
134.147,1.0,-0.1252796874999999,1.427335e-08
134.147,1.0,-0.1255296874999999,1.4257450000000001e-08
134.147,1.0,-0.1257796874999999,1.444075e-08
134.147,1.0,-0.1260296874999999,1.43489e-08
134.147,1.0,-0.1262796874999999,1.44925e-08
134.147,1.0,-0.1265296874999999,1.457295e-08
134.147,1.0,-0.1267796874999999,1.45039e-08
134.147,1.0,-0.1270296874999999,1.430415e-08
134.147,1.0,-0.1272796874999999,1.42799e-08
134.147,1.0,-0.1275296874999999,1.4226933333333331e-08
134.147,1.0,-0.1277796874999999,1.43834e-08
134.147,1.0,-0.1280296874999999,1.411335e-08
134.147,1.0,-0.1282796874999999,1.41996e-08
134.147,1.0,-0.1285296874999999,1.41225e-08
134.147,0.0,-0.1287796874999999,1.406635e-08
134.147,0.0,-0.1290296874999999,1.417655e-08
134.147,0.0,-0.1292796874999999,1.38955e-08
134.147,0.0,-0.1295296874999999,1.41924e-08
134.147,0.0,-0.1297796874999999,1.410335e-08
134.147,0.0,-0.1300296874999999,1.404165e-08
134.147,0.0,-0.1302796874999999,1.40804e-08
134.147,0.0,-0.1305296874999999,1.399095e-08
134.147,0.0,-0.1307796874999999,1.38582e-08
134.147,0.0,-0.1310296874999999,1.417025e-08
134.147,0.0,-0.1312796874999999,1.43089e-08
134.147,0.0,-0.1315296874999999,1.38709e-08
134.147,0.0,-0.1317796874999999,1.38843e-08
134.147,0.0,-0.1320296874999999,1.392765e-08
134.147,0.0,-0.1322796874999999,1.3599000000000002e-08
134.147,0.0,-0.1325296874999999,1.403945e-08
134.147,0.0,-0.1327796874999999,1.398975e-08
134.147,0.0,-0.1330296874999999,1.395625e-08
134.147,0.0,-0.1332796874999999,1.38724e-08
134.147,0.0,-0.1335296874999999,1.36869e-08
134.147,0.0,-0.1337796874999999,1.40405e-08
134.147,0.0,-0.1340296874999999,1.410565e-08
134.147,0.0,-0.1342796874999999,1.39834e-08
134.147,0.0,-0.1345296874999999,1.3982633333333333e-08
134.147,0.0,-0.1347796874999999,1.4176e-08
134.147,0.0,-0.1350296874999999,1.394715e-08
134.147,0.0,-0.1352796874999999,1.33687e-08
134.147,0.0,-0.1355296874999999,1.388715e-08
134.147,0.0,-0.1357796874999999,1.382895e-08
134.147,0.0,-0.1360296874999999,1.38674e-08
134.147,0.0,-0.1362796874999999,1.39282e-08
134.147,0.0,-0.1365296874999999,1.38611e-08
134.147,0.0,-0.1367796874999999,1.41071e-08
134.147,0.0,-0.1370296874999999,1.396795e-08
134.147,0.0,-0.13727968749999991,1.40153e-08
134.147,0.0,-0.13752968749999991,1.3915e-08
134.147,0.0,-0.13777968749999991,1.39211e-08
134.147,0.0,-0.13802968749999991,1.40451e-08
134.147,0.0,-0.13827968749999991,1.40454e-08
134.147,0.0,-0.13852968749999992,1.398505e-08
134.147,0.0,-0.13877968749999992,1.404615e-08
134.147,0.0,-0.13902968749999992,1.40831e-08
134.147,0.0,-0.13927968749999992,1.41684e-08
134.147,0.0,-0.13952968749999992,1.39662e-08
134.147,0.0,-0.13977968749999992,1.412195e-08
134.147,0.0,-0.14002968749999992,1.39578e-08
134.147,0.0,-0.14027968749999992,1.3907949999999998e-08
134.147,0.0,-0.14052968749999992,1.38639e-08
134.147,0.0,-0.14077968749999992,1.39397e-08
134.147,0.0,-0.14102968749999992,1.37414e-08
134.147,0.0,-0.14127968749999992,1.37629e-08
134.147,0.0,-0.14152968749999992,1.3898133333333331e-08
134.147,0.0,-0.14177968749999992,1.4375850000000001e-08
134.147,0.0,-0.14202968749999992,1.40121e-08
134.147,0.0,-0.14227968749999992,1.393095e-08
134.147,0.0,-0.14252968749999992,1.391465e-08
134.147,0.0,-0.14277968749999992,1.403855e-08
134.147,0.0,-0.14302968749999992,1.43569e-08
134.147,0.0,-0.14327968749999992,1.411775e-08
134.147,0.0,-0.14352968749999992,1.397205e-08
134.147,0.0,-0.14377968749999992,1.39075e-08
134.147,0.0,-0.14402968749999992,1.35473e-08
134.147,0.0,-0.14427968749999992,1.39616e-08
134.147,0.0,-0.14452968749999992,1.40501e-08
134.147,0.0,-0.14477968749999992,1.39889e-08
134.147,0.0,-0.14502968749999992,1.41191e-08
134.147,0.0,-0.14527968749999992,1.379785e-08
134.147,0.0,-0.14552968749999992,1.391615e-08
134.147,0.0,-0.14577968749999992,1.38452e-08
134.147,0.0,-0.14602968749999992,1.38999e-08
134.147,0.0,-0.14627968749999992,1.377825e-08
134.147,0.0,-0.14652968749999992,1.370795e-08
134.147,0.0,-0.14677968749999992,1.39525e-08
134.147,0.0,-0.14702968749999992,1.37832e-08
134.147,0.0,-0.14727968749999992,1.38871e-08
134.147,0.0,-0.1475296874999999,1.391665e-08
134.147,0.0,-0.1477796874999999,1.36699e-08
134.147,0.0,-0.1480296874999999,1.35034e-08
134.147,0.0,-0.1482796874999999,1.38271e-08
134.147,0.0,-0.1485296874999999,1.386425e-08
134.147,0.0,-0.1487796874999999,1.3694200000000001e-08
134.147,0.0,-0.1490296874999999,1.38141e-08
134.147,0.0,-0.1492796874999999,1.37512e-08
134.147,0.0,-0.1495296874999999,1.3925800000000001e-08
134.147,0.0,-0.1497796874999999,1.40762e-08
134.147,0.0,-0.1500296874999999,1.36558e-08
134.147,0.0,-0.1502796874999999,1.395655e-08
134.147,0.0,-0.1505296874999999,1.3959833333333334e-08
134.147,0.0,-0.1507796874999999,1.38681e-08
134.147,0.0,-0.1510296874999999,1.40314e-08
134.147,0.0,-0.1512796874999999,1.40002e-08
134.147,0.0,-0.1515296874999999,1.415325e-08
134.147,0.0,-0.1517796874999999,1.399915e-08
134.147,0.0,-0.1520296874999999,1.40907e-08
134.147,0.0,-0.1522796874999999,1.384535e-08
134.147,0.0,-0.1525296874999999,1.4137e-08
134.147,0.0,-0.1527796874999999,1.372905e-08
134.147,0.0,-0.1530296874999999,1.410945e-08
134.147,0.0,-0.1532796874999999,1.44735e-08
134.147,0.0,-0.1535296874999999,1.40858e-08
134.147,0.0,-0.1537796874999999,1.406145e-08
134.147,0.0,-0.1540296874999999,1.40799e-08
134.147,0.0,-0.1542796874999999,1.417295e-08
134.147,0.0,-0.1545296874999999,1.40302e-08
134.147,0.0,-0.1547796874999999,1.40648e-08
134.147,0.0,-0.1550296874999999,1.40504e-08
134.147,0.0,-0.1552796874999999,1.38666e-08
134.147,0.0,-0.1555296874999999,1.39521e-08
134.147,0.0,-0.1557796874999999,1.435855e-08
134.147,0.0,-0.1560296874999999,1.41101e-08
134.147,0.0,-0.1562796874999999,1.3946850000000001e-08
134.147,0.0,-0.1565296874999999,1.40329e-08
134.147,0.0,-0.1567796874999999,1.40099e-08
134.147,0.0,-0.1570296874999999,1.407115e-08
134.147,0.0,-0.1572796874999999,1.41885e-08
134.147,0.0,-0.1575296874999999,1.425365e-08
134.147,0.0,-0.1577796874999999,1.40895e-08
134.147,0.0,-0.1580296874999999,1.416195e-08
134.147,0.0,-0.1582796874999999,1.40543e-08
134.147,0.0,-0.1585296874999999,1.389525e-08
134.147,0.0,-0.1587796874999999,1.389725e-08
134.147,0.0,-0.1590296874999999,1.39214e-08
134.147,0.0,-0.1592796874999999,1.390035e-08
134.147,0.0,-0.1595296874999999,1.3969000000000001e-08
134.147,0.0,-0.1597796874999999,1.405635e-08
134.147,0.0,-0.1600296874999999,1.40016e-08
134.147,0.0,-0.1602796874999999,1.42642e-08
134.147,0.0,-0.1605296874999999,1.42078e-08
134.147,0.0,-0.1607796874999999,1.40067e-08
134.147,0.0,-0.1610296874999999,1.40331e-08
134.147,0.0,-0.1612796874999999,1.3998e-08
134.147,0.0,-0.1615296874999999,1.410995e-08
134.147,0.0,-0.1617796874999999,1.40945e-08
134.147,0.0,-0.1620296874999999,1.405295e-08
134.147,0.0,-0.1622796874999999,1.408525e-08
134.147,0.0,-0.1625296874999999,1.390425e-08
134.147,0.0,-0.1627796874999999,1.42273e-08
134.147,0.0,-0.1630296874999999,1.420645e-08
134.147,0.0,-0.1632796874999999,1.429295e-08
134.147,0.0,-0.1635296874999999,1.416615e-08
134.147,0.0,-0.1637796874999999,1.391345e-08
134.147,0.0,-0.1640296874999999,1.41565e-08
134.147,0.0,-0.1642796874999999,1.43568e-08
134.147,0.0,-0.1645296874999999,1.406635e-08
134.147,0.0,-0.1647796874999999,1.4315e-08
134.147,0.0,-0.1650296874999999,1.428325e-08
134.147,0.0,-0.1652796874999999,1.407495e-08
134.147,0.0,-0.1655296874999999,1.41131e-08
134.147,0.0,-0.1657796874999999,1.42995e-08
134.147,0.0,-0.1660296874999999,1.446375e-08
134.147,0.0,-0.1662796874999999,1.444205e-08
134.147,0.0,-0.1665296874999999,1.43852e-08
134.147,0.0,-0.1667796874999999,1.37229e-08
134.147,0.0,-0.1670296874999999,1.440535e-08
134.147,0.0,-0.1672796874999999,1.4259650000000001e-08
134.147,0.0,-0.1675296874999999,1.40859e-08
134.147,0.0,-0.1677796874999999,1.41889e-08
134.147,0.0,-0.1680296874999999,1.430045e-08
134.147,0.0,-0.1682796874999999,1.42278e-08
134.147,0.0,-0.16852968749999991,1.45036e-08
134.147,0.0,-0.16877968749999991,1.460035e-08
134.147,0.0,-0.16902968749999991,1.43201e-08
134.147,0.0,-0.16927968749999991,1.445505e-08
134.147,0.0,-0.16952968749999991,1.452005e-08
134.147,0.0,-0.16977968749999992,1.4575e-08
134.147,0.0,-0.17002968749999992,1.4413850000000001e-08
134.147,0.0,-0.17027968749999992,1.433385e-08
134.147,0.0,-0.17052968749999992,1.425225e-08
134.147,0.0,-0.17077968749999992,1.444595e-08
134.147,0.0,-0.17102968749999992,1.460155e-08
134.147,0.0,-0.17127968749999992,1.44156e-08
134.147,0.0,-0.17152968749999992,1.4532e-08
134.147,0.0,-0.17177968749999992,1.43533e-08
134.147,0.0,-0.17202968749999992,1.47141e-08
134.147,0.0,-0.17227968749999992,1.45588e-08
134.147,0.0,-0.17252968749999992,1.46971e-08
134.147,0.0,-0.17277968749999992,1.446715e-08
134.147,0.0,-0.17302968749999992,1.48833e-08
134.147,0.0,-0.17327968749999992,1.470245e-08
134.147,0.0,-0.17352968749999992,1.47605e-08
134.147,0.0,-0.17377968749999992,1.43572e-08
134.147,0.0,-0.17402968749999992,1.476305e-08
134.147,0.0,-0.17427968749999992,1.476675e-08
134.147,0.0,-0.17452968749999992,1.469785e-08
134.147,0.0,-0.17477968749999992,1.4764e-08
134.147,0.0,-0.17502968749999992,1.4711866666666668e-08
134.147,0.0,-0.17527968749999992,1.473825e-08
134.147,0.0,-0.17552968749999992,1.46568e-08
134.147,0.0,-0.17577968749999992,1.472605e-08
134.147,0.0,-0.17602968749999992,1.47295e-08
134.147,0.0,-0.17627968749999992,1.4661249999999998e-08
134.147,0.0,-0.17652968749999992,1.48244e-08
134.147,0.0,-0.17677968749999992,1.44376e-08
134.147,0.0,-0.17702968749999992,1.5009599999999998e-08
134.147,0.0,-0.17727968749999992,1.512655e-08
134.147,0.0,-0.17752968749999992,1.47684e-08
134.147,0.0,-0.17777968749999992,1.4916e-08
134.147,0.0,-0.17802968749999992,1.4956550000000002e-08
134.147,0.0,-0.17827968749999992,1.50735e-08
134.147,0.0,-0.17852968749999992,1.52088e-08
134.147,0.0,-0.1787796874999999,1.491845e-08
134.147,0.0,-0.1790296874999999,1.52798e-08
134.147,0.0,-0.1792796874999999,1.489175e-08
134.147,0.0,-0.1795296874999999,1.4914999999999998e-08
134.147,0.0,-0.1797796874999999,1.54801e-08
134.147,0.0,-0.1800296874999999,1.5155166666666667e-08
134.147,0.0,-0.1802796874999999,1.52704e-08
134.147,0.0,-0.1805296874999999,1.50794e-08
134.147,0.0,-0.1807796874999999,1.5204299999999998e-08
134.147,0.0,-0.1810296874999999,1.547295e-08
134.147,0.0,-0.1812796874999999,1.5157750000000002e-08
134.147,0.0,-0.1815296874999999,1.48701e-08
134.147,0.0,-0.1817796874999999,1.545095e-08
134.147,0.0,-0.1820296874999999,1.5090733333333333e-08
134.147,0.0,-0.1822796874999999,1.513015e-08
134.147,0.0,-0.1825296874999999,1.55633e-08
134.147,0.0,-0.1827796874999999,1.51312e-08
134.147,0.0,-0.1830296874999999,1.5290900000000002e-08
134.147,0.0,-0.1832796874999999,1.5099049999999998e-08
134.147,0.0,-0.1835296874999999,1.5205e-08
134.147,0.0,-0.1837796874999999,1.513295e-08
134.147,0.0,-0.1840296874999999,1.5610833333333335e-08
134.147,0.0,-0.1842796874999999,1.53138e-08
134.147,0.0,-0.1845296874999999,1.53345e-08
134.147,0.0,-0.1847796874999999,1.5429550000000002e-08
134.147,0.0,-0.1850296874999999,1.5342300000000002e-08
134.147,0.0,-0.1852796874999999,1.48667e-08
134.147,0.0,-0.1855296874999999,1.53997e-08
134.147,0.0,-0.1857796874999999,1.56616e-08
134.147,0.0,-0.1860296874999999,1.54901e-08
134.147,0.0,-0.1862796874999999,1.5756599999999998e-08
134.147,0.0,-0.1865296874999999,1.556545e-08
134.147,0.0,-0.1867796874999999,1.555275e-08
134.147,0.0,-0.1870296874999999,1.5610550000000002e-08
134.147,0.0,-0.1872796874999999,1.52784e-08
134.147,0.0,-0.1875296874999999,1.56089e-08
134.147,0.0,-0.1877796874999999,1.5496299999999998e-08
134.147,0.0,-0.1880296874999999,1.56122e-08
134.147,0.0,-0.1882796874999999,1.56575e-08
134.147,0.0,-0.1885296874999999,1.5860450000000002e-08
134.147,0.0,-0.1887796874999999,1.57087e-08
134.147,0.0,-0.1890296874999999,1.5721599999999998e-08
134.147,0.0,-0.1892796874999999,1.6345800000000002e-08
134.147,0.0,-0.1895296874999999,1.56311e-08
134.147,0.0,-0.1897796874999999,1.590935e-08
134.147,0.0,-0.1900296874999999,1.580295e-08
134.147,0.0,-0.1902796874999999,1.561265e-08
134.147,0.0,-0.1905296874999999,1.64669e-08
134.147,0.0,-0.1907796874999999,1.5748e-08
134.147,0.0,-0.1910296874999999,1.5787e-08
134.147,0.0,-0.1912796874999999,1.589685e-08
134.147,0.0,-0.1915296874999999,1.602885e-08
134.147,0.0,-0.1917796874999999,1.603075e-08
134.147,0.0,-0.1920296874999999,1.6171300000000003e-08
134.147,0.0,-0.1922796874999999,1.62805e-08
134.147,0.0,-0.1925296874999999,1.52336e-08
134.147,0.0,-0.1927796874999999,1.60266e-08
134.147,0.0,-0.1930296874999999,1.6471149999999997e-08
134.147,0.0,-0.1932796874999999,1.62404e-08
134.147,0.0,-0.1935296874999999,1.632605e-08
134.147,0.0,-0.1937796874999999,1.6208649999999997e-08
134.147,0.0,-0.1940296874999999,1.654315e-08
134.147,0.0,-0.1942796874999999,1.65515e-08
134.147,0.0,-0.1945296874999999,1.65912e-08
134.147,0.0,-0.1947796874999999,1.671855e-08
134.147,0.0,-0.1950296874999999,1.7454599999999998e-08
134.147,0.0,-0.1952796874999999,1.673845e-08
134.147,0.0,-0.1955296874999999,1.6721799999999998e-08
134.147,0.0,-0.1957796874999999,1.660155e-08
134.147,0.0,-0.1960296874999999,1.68007e-08
134.147,0.0,-0.1962796874999999,1.68165e-08
134.147,0.0,-0.1965296874999999,1.6753200000000002e-08
134.147,0.0,-0.1967796874999999,1.6687899999999998e-08
134.147,0.0,-0.1970296874999999,1.689865e-08
134.147,0.0,-0.1972796874999999,1.67863e-08
134.147,0.0,-0.1975296874999999,1.66695e-08
134.147,0.0,-0.1977796874999999,1.6883650000000002e-08
134.147,0.0,-0.1980296874999999,1.701685e-08
134.147,0.0,-0.1982796874999999,1.70838e-08
134.147,0.0,-0.1985296874999999,1.7148000000000002e-08
134.147,0.0,-0.1987796874999999,1.699595e-08
134.147,0.0,-0.1990296874999999,1.6989150000000002e-08
134.147,0.0,-0.1992796874999999,1.68994e-08
134.147,0.0,-0.1995296874999999,1.703845e-08
134.147,0.0,-0.19977968749999991,1.722505e-08
134.147,0.0,-0.20002968749999991,1.67088e-08
134.147,0.0,-0.20027968749999991,1.678915e-08
134.147,0.0,-0.20052968749999991,1.674115e-08
134.147,0.0,-0.20077968749999991,1.646695e-08
134.147,0.0,-0.20102968749999992,1.6395899999999998e-08
134.147,0.0,-0.20127968749999992,1.61681e-08
134.147,0.0,-0.20152968749999992,1.60399e-08
134.147,0.0,-0.20177968749999992,1.59829e-08
134.147,0.0,-0.20202968749999992,1.61038e-08
134.147,0.0,-0.20227968749999992,1.597165e-08
134.147,0.0,-0.20252968749999992,1.54984e-08
134.147,0.0,-0.20277968749999992,1.5305700000000002e-08
134.147,0.0,-0.20302968749999992,1.520835e-08
134.147,0.0,-0.20327968749999992,1.47589e-08
134.147,0.0,-0.20352968749999992,1.480255e-08
134.147,0.0,-0.20377968749999992,1.47694e-08
134.147,0.0,-0.20402968749999992,1.42731e-08
134.147,0.0,-0.20427968749999992,1.38291e-08
134.147,0.0,-0.20452968749999992,1.37553e-08
134.147,0.0,-0.20477968749999992,1.33569e-08
134.147,0.0,-0.20502968749999992,1.300865e-08
134.147,0.0,-0.20527968749999992,1.1919e-08
134.147,0.0,-0.20552968749999992,1.208655e-08
134.147,0.0,-0.20577968749999992,1.1740300000000001e-08
134.147,0.0,-0.20602968749999992,1.129175e-08
134.147,0.0,-0.20627968749999992,1.10962e-08
134.147,0.0,-0.20652968749999992,1.0478933333333332e-08
134.147,0.0,-0.20677968749999992,1.009725e-08
134.147,0.0,-0.20702968749999992,9.43535e-09
134.147,0.0,-0.20727968749999992,9.89129e-09
134.147,0.0,-0.20752968749999992,8.877235e-09
134.147,0.0,-0.20777968749999992,8.00371e-09
134.147,0.0,-0.20802968749999992,7.573989999999999e-09
134.147,0.0,-0.20827968749999992,7.21819e-09
134.147,0.0,-0.20852968749999992,6.738275e-09
134.147,0.0,-0.20877968749999992,6.533439999999999e-09
134.147,0.0,-0.20902968749999992,5.8762e-09
134.147,0.0,-0.20927968749999992,5.227699999999999e-09
134.147,0.0,-0.20952968749999992,4.8079699999999995e-09
134.147,0.0,-0.20977968749999992,4.322335e-09
134.147,0.0,-0.2100296874999999,3.991605e-09
134.147,0.0,-0.2102796874999999,3.58034e-09
134.147,0.0,-0.2105296874999999,2.96323e-09
134.147,0.0,-0.2107796874999999,2.345305e-09
143.647,0.0,0.2909703125000001,1.54567e-08
143.647,0.0,0.2907203125000001,1.5418866666666672e-08
143.647,0.0,0.2904703125000001,1.5326e-08
143.647,0.0,0.2902203125000001,1.545205e-08
143.647,0.0,0.2899703125000001,1.558855e-08
143.647,0.0,0.2897203125000001,1.70754e-08
143.647,0.0,0.2894703125000001,1.8666100000000002e-08
143.647,0.0,0.2892203125000001,1.985815e-08
143.647,0.0,0.2889703125000001,2.14498e-08
143.647,0.0,0.2887203125000001,2.280795e-08
143.647,0.0,0.2884703125000001,2.43059e-08
143.647,0.0,0.2882203125000001,2.561075e-08
143.647,0.0,0.2879703125000001,2.694435e-08
143.647,0.0,0.2877203125000001,2.853825e-08
143.647,0.0,0.2874703125000001,3.04241e-08
143.647,0.0,0.2872203125000001,3.169585e-08
143.647,0.0,0.2869703125000001,3.382756666666666e-08
143.647,0.0,0.2867203125000001,3.665005e-08
143.647,0.0,0.2864703125000001,3.8051e-08
143.647,0.0,0.2862203125000001,3.918545e-08
143.647,0.0,0.2859703125000001,4.12861e-08
143.647,0.0,0.2857203125000001,4.309995e-08
143.647,0.0,0.2854703125000001,4.42126e-08
143.647,0.0,0.2852203125000001,4.54594e-08
143.647,0.0,0.2849703125000001,4.681245e-08
143.647,0.0,0.2847203125000001,4.793610000000001e-08
143.647,0.0,0.2844703125000001,4.9476e-08
143.647,0.0,0.28422031250000007,5.042395e-08
143.647,0.0,0.2839703125000001,5.126505e-08
143.647,0.0,0.28372031250000007,5.234795e-08
143.647,0.0,0.2834703125000001,5.33927e-08
143.647,0.0,0.28322031250000007,5.3331500000000003e-08
143.647,0.0,0.2829703125000001,5.357895e-08
143.647,0.0,0.28272031250000007,5.410885e-08
143.647,0.0,0.2824703125000001,5.44411e-08
143.647,0.0,0.28222031250000007,5.475345000000001e-08
143.647,0.0,0.2819703125000001,5.506875e-08
143.647,0.0,0.28172031250000007,5.50489e-08
143.647,0.0,0.2814703125000001,5.49668e-08
143.647,0.0,0.28122031250000007,5.509135e-08
143.647,0.0,0.2809703125000001,5.49251e-08
143.647,0.0,0.28072031250000007,5.495255e-08
143.647,0.0,0.2804703125000001,5.50392e-08
143.647,0.0,0.28022031250000007,5.50135e-08
143.647,0.0,0.2799703125000001,5.495235e-08
143.647,0.0,0.27972031250000007,5.498905e-08
143.647,0.0,0.2794703125000001,5.50738e-08
143.647,0.0,0.27922031250000007,5.51199e-08
143.647,0.0,0.2789703125000001,5.5331050000000004e-08
143.647,0.0,0.27872031250000007,5.50335e-08
143.647,0.0,0.2784703125000001,5.5053e-08
143.647,0.0,0.27822031250000007,5.49375e-08
143.647,0.0,0.2779703125000001,5.50077e-08
143.647,0.0,0.27772031250000007,5.47625e-08
143.647,0.0,0.2774703125000001,5.456855e-08
143.647,0.0,0.27722031250000007,5.45081e-08
143.647,0.0,0.2769703125000001,5.4387750000000003e-08
143.647,0.0,0.27672031250000007,5.44041e-08
143.647,0.0,0.2764703125000001,5.44069e-08
143.647,0.0,0.27622031250000006,5.42557e-08
143.647,0.0,0.2759703125000001,5.423285000000001e-08
143.647,0.0,0.27572031250000006,5.378945e-08
143.647,0.0,0.2754703125000001,5.36903e-08
143.647,0.0,0.27522031250000006,5.35261e-08
143.647,0.0,0.2749703125000001,5.308215e-08
143.647,0.0,0.27472031250000006,5.27714e-08
143.647,0.0,0.2744703125000001,5.285235e-08
143.647,0.0,0.2742203125000001,5.279975e-08
143.647,0.0,0.2739703125000001,5.26743e-08
143.647,0.0,0.2737203125000001,5.2858550000000006e-08
143.647,0.0,0.2734703125000001,5.26178e-08
143.647,0.0,0.2732203125000001,5.269385e-08
143.647,0.0,0.2729703125000001,5.248605e-08
143.647,0.0,0.2727203125000001,5.22473e-08
143.647,0.0,0.2724703125000001,5.215415e-08
143.647,0.0,0.2722203125000001,5.1738750000000004e-08
143.647,0.0,0.2719703125000001,5.16002e-08
143.647,0.0,0.2717203125000001,5.16218e-08
143.647,0.0,0.2714703125000001,5.1408e-08
143.647,0.0,0.2712203125000001,5.1420333333333336e-08
143.647,0.0,0.2709703125000001,5.110620000000001e-08
143.647,0.0,0.2707203125000001,5.11965e-08
143.647,0.0,0.2704703125000001,5.10921e-08
143.647,0.0,0.2702203125000001,5.09322e-08
143.647,0.0,0.2699703125000001,5.0927000000000003e-08
143.647,0.0,0.2697203125000001,5.05069e-08
143.647,0.0,0.2694703125000001,5.047080000000001e-08
143.647,0.0,0.2692203125000001,5.01866e-08
143.647,0.0,0.2689703125000001,5.01449e-08
143.647,0.0,0.2687203125000001,4.993995e-08
143.647,0.0,0.2684703125000001,4.990295e-08
143.647,0.0,0.2682203125000001,4.988945e-08
143.647,0.0,0.2679703125000001,4.95349e-08
143.647,0.0,0.2677203125000001,4.95238e-08
143.647,0.0,0.2674703125000001,4.946045e-08
143.647,0.0,0.2672203125000001,4.92736e-08
143.647,0.0,0.2669703125000001,4.887505e-08
143.647,0.0,0.2667203125000001,4.888445e-08
143.647,0.0,0.2664703125000001,4.860525e-08
143.647,0.0,0.2662203125000001,4.848525e-08
143.647,0.0,0.2659703125000001,4.81918e-08
143.647,0.0,0.2657203125000001,4.8062e-08
143.647,0.0,0.2654703125000001,4.791995e-08
143.647,0.0,0.2652203125000001,4.77344e-08
143.647,0.0,0.2649703125000001,4.788735e-08
143.647,0.0,0.2647203125000001,4.784e-08
143.647,0.0,0.2644703125000001,4.7548266666666673e-08
143.647,0.0,0.2642203125000001,4.750195e-08
143.647,0.0,0.2639703125000001,4.73021e-08
143.647,0.0,0.2637203125000001,4.70955e-08
143.647,0.0,0.2634703125000001,4.7125550000000003e-08
143.647,0.0,0.2632203125000001,4.696705e-08
143.647,0.0,0.2629703125000001,4.679285e-08
143.647,0.0,0.2627203125000001,4.6461e-08
143.647,0.0,0.2624703125000001,4.651805e-08
143.647,0.0,0.2622203125000001,4.62773e-08
143.647,0.0,0.2619703125000001,4.6122e-08
143.647,0.0,0.2617203125000001,4.57845e-08
143.647,0.0,0.2614703125000001,4.59252e-08
143.647,0.0,0.2612203125000001,4.56827e-08
143.647,0.0,0.2609703125000001,4.56288e-08
143.647,0.0,0.2607203125000001,4.557370000000001e-08
143.647,0.0,0.2604703125000001,4.539885e-08
143.647,0.0,0.2602203125000001,4.538045000000001e-08
143.647,0.0,0.2599703125000001,4.525355e-08
143.647,0.0,0.2597203125000001,4.51846e-08
143.647,0.0,0.2594703125000001,4.5145e-08
143.647,0.0,0.2592203125000001,4.486625e-08
143.647,0.0,0.2589703125000001,4.46654e-08
143.647,0.0,0.2587203125000001,4.445515e-08
143.647,0.0,0.2584703125000001,4.40941e-08
143.647,0.0,0.2582203125000001,4.413385e-08
143.647,0.0,0.2579703125000001,4.400185e-08
143.647,0.0,0.2577203125000001,4.406330000000001e-08
143.647,0.0,0.2574703125000001,4.384155e-08
143.647,0.0,0.2572203125000001,4.363345e-08
143.647,0.0,0.2569703125000001,4.34557e-08
143.647,0.0,0.2567203125000001,4.362465e-08
143.647,0.0,0.2564703125000001,4.37313e-08
143.647,0.0,0.2562203125000001,4.33797e-08
143.647,0.0,0.2559703125000001,4.30601e-08
143.647,0.0,0.2557203125000001,4.32595e-08
143.647,0.0,0.2554703125000001,4.3153866666666665e-08
143.647,0.0,0.2552203125000001,4.26083e-08
143.647,0.0,0.2549703125000001,4.28252e-08
143.647,0.0,0.2547203125000001,4.26473e-08
143.647,0.0,0.2544703125000001,4.25936e-08
143.647,0.0,0.2542203125000001,4.2603e-08
143.647,0.0,0.2539703125000001,4.26068e-08
143.647,0.0,0.2537203125000001,4.23417e-08
143.647,0.0,0.2534703125000001,4.2346333333333343e-08
143.647,0.0,0.2532203125000001,4.20091e-08
143.647,0.0,0.25297031250000007,4.21925e-08
143.647,0.0,0.2527203125000001,4.20941e-08
143.647,0.0,0.25247031250000007,4.196555e-08
143.647,0.0,0.2522203125000001,4.194635e-08
143.647,0.0,0.25197031250000007,4.18615e-08
143.647,0.0,0.2517203125000001,4.16092e-08
143.647,0.0,0.25147031250000007,4.159715e-08
143.647,0.0,0.2512203125000001,4.146115000000001e-08
143.647,0.0,0.25097031250000007,4.1434450000000003e-08
143.647,0.0,0.2507203125000001,4.10736e-08
143.647,0.0,0.25047031250000007,4.13082e-08
143.647,0.0,0.2502203125000001,4.10411e-08
143.647,0.0,0.2499703125000001,4.09652e-08
143.647,0.0,0.2497203125000001,4.086705e-08
143.647,0.0,0.2494703125000001,4.07259e-08
143.647,0.0,0.2492203125000001,4.060165e-08
143.647,0.0,0.2489703125000001,4.054925e-08
143.647,0.0,0.2487203125000001,4.051405e-08
143.647,0.0,0.2484703125000001,4.026165e-08
143.647,0.0,0.2482203125000001,4.015385e-08
143.647,0.0,0.2479703125000001,4.01755e-08
143.647,0.0,0.2477203125000001,3.99847e-08
143.647,0.0,0.2474703125000001,3.990715e-08
143.647,0.0,0.2472203125000001,3.966175e-08
143.647,0.0,0.2469703125000001,3.95403e-08
143.647,0.0,0.2467203125000001,3.95838e-08
143.647,0.0,0.2464703125000001,3.941565e-08
143.647,0.0,0.2462203125000001,3.938495e-08
143.647,0.0,0.2459703125000001,3.932975e-08
143.647,0.0,0.2457203125000001,3.907455e-08
143.647,0.0,0.2454703125000001,3.911565000000001e-08
143.647,0.0,0.2452203125000001,3.893895e-08
143.647,0.0,0.2449703125000001,3.86838e-08
143.647,0.0,0.2447203125000001,3.872055e-08
143.647,0.0,0.2444703125000001,3.88862e-08
143.647,0.0,0.2442203125000001,3.868605e-08
143.647,0.0,0.2439703125000001,3.87119e-08
143.647,0.0,0.2437203125000001,3.8622100000000005e-08
143.647,0.0,0.2434703125000001,3.858595e-08
143.647,0.0,0.2432203125000001,3.84832e-08
143.647,0.0,0.2429703125000001,3.814465e-08
143.647,0.0,0.2427203125000001,3.83162e-08
143.647,0.0,0.2424703125000001,3.8202800000000004e-08
143.647,0.0,0.2422203125000001,3.81042e-08
143.647,0.0,0.2419703125000001,3.81854e-08
143.647,0.0,0.2417203125000001,3.809435e-08
143.647,0.0,0.2414703125000001,3.809983333333333e-08
143.647,0.0,0.2412203125000001,3.80792e-08
143.647,0.0,0.2409703125000001,3.81764e-08
143.647,0.0,0.2407203125000001,3.79276e-08
143.647,0.0,0.2404703125000001,3.793495e-08
143.647,0.0,0.2402203125000001,3.81191e-08
143.647,0.0,0.2399703125000001,3.7893550000000004e-08
143.647,0.0,0.2397203125000001,3.780765e-08
143.647,0.0,0.2394703125000001,3.77546e-08
143.647,0.0,0.2392203125000001,3.75726e-08
143.647,0.0,0.2389703125000001,3.765995e-08
143.647,0.0,0.2387203125000001,3.75659e-08
143.647,0.0,0.2384703125000001,3.74642e-08
143.647,0.0,0.2382203125000001,3.71974e-08
143.647,0.0,0.2379703125000001,3.71685e-08
143.647,0.0,0.23772031250000009,3.73464e-08
143.647,0.0,0.23747031250000009,3.6970200000000004e-08
143.647,0.0,0.23722031250000009,3.69749e-08
143.647,0.0,0.23697031250000009,3.69963e-08
143.647,0.0,0.23672031250000009,3.685245e-08
143.647,0.0,0.23647031250000008,3.67316e-08
143.647,0.0,0.23622031250000008,3.63562e-08
143.647,0.0,0.23597031250000008,3.64858e-08
143.647,0.0,0.23572031250000008,3.66292e-08
143.647,0.0,0.23547031250000008,3.633715e-08
143.647,0.0,0.23522031250000008,3.60332e-08
143.647,0.0,0.23497031250000008,3.616845e-08
143.647,0.0,0.23472031250000008,3.6148300000000003e-08
143.647,0.0,0.23447031250000008,3.6089e-08
143.647,0.0,0.23422031250000008,3.6002e-08
143.647,0.0,0.23397031250000008,3.5689750000000004e-08
143.647,0.0,0.23372031250000008,3.583895e-08
143.647,0.0,0.23347031250000008,3.549955e-08
143.647,0.0,0.23322031250000008,3.564715e-08
143.647,0.0,0.23297031250000008,3.53833e-08
143.647,0.0,0.23272031250000008,3.53995e-08
143.647,0.0,0.23247031250000008,3.5297800000000005e-08
143.647,0.0,0.23222031250000008,3.51539e-08
143.647,0.0,0.23197031250000008,3.51228e-08
143.647,0.0,0.23172031250000008,3.493455e-08
143.647,0.0,0.23147031250000008,3.478975e-08
143.647,0.0,0.23122031250000008,3.49708e-08
143.647,0.0,0.23097031250000008,3.47368e-08
143.647,0.0,0.23072031250000008,3.4638550000000005e-08
143.647,0.0,0.23047031250000008,3.46127e-08
143.647,0.0,0.23022031250000008,3.45811e-08
143.647,0.0,0.22997031250000008,3.451555e-08
143.647,0.0,0.22972031250000008,3.454995e-08
143.647,0.0,0.22947031250000008,3.442005e-08
143.647,0.0,0.22922031250000008,3.40372e-08
143.647,0.0,0.22897031250000008,3.41508e-08
143.647,0.0,0.22872031250000008,3.42608e-08
143.647,0.0,0.22847031250000008,3.41706e-08
143.647,0.0,0.22822031250000008,3.416825e-08
143.647,0.0,0.22797031250000008,3.415e-08
143.647,0.0,0.22772031250000008,3.42811e-08
143.647,0.0,0.2274703125000001,3.4034100000000004e-08
143.647,0.0,0.2272203125000001,3.40414e-08
143.647,0.0,0.2269703125000001,3.38845e-08
143.647,0.0,0.2267203125000001,3.39261e-08
143.647,0.0,0.2264703125000001,3.40258e-08
143.647,0.0,0.2262203125000001,3.370495e-08
143.647,0.0,0.2259703125000001,3.376405e-08
143.647,0.0,0.2257203125000001,3.3843550000000004e-08
143.647,0.0,0.2254703125000001,3.37311e-08
143.647,0.0,0.2252203125000001,3.3714200000000004e-08
143.647,0.0,0.2249703125000001,3.37171e-08
143.647,0.0,0.2247203125000001,3.38655e-08
143.647,0.0,0.2244703125000001,3.3625750000000006e-08
143.647,0.0,0.2242203125000001,3.36143e-08
143.647,0.0,0.2239703125000001,3.3501366666666666e-08
143.647,0.0,0.2237203125000001,3.34656e-08
143.647,0.0,0.2234703125000001,3.3499e-08
143.647,0.0,0.2232203125000001,3.3278150000000003e-08
143.647,0.0,0.2229703125000001,3.359215e-08
143.647,0.0,0.2227203125000001,3.3377200000000006e-08
143.647,0.0,0.2224703125000001,3.2743e-08
143.647,0.0,0.2222203125000001,3.330535e-08
143.647,0.0,0.2219703125000001,3.30789e-08
143.647,0.0,0.2217203125000001,3.29989e-08
143.647,0.0,0.2214703125000001,3.299725e-08
143.647,0.0,0.2212203125000001,3.28806e-08
143.647,0.0,0.2209703125000001,3.288105e-08
143.647,0.0,0.2207203125000001,3.29372e-08
143.647,0.0,0.2204703125000001,3.28943e-08
143.647,0.0,0.2202203125000001,3.2670800000000004e-08
143.647,0.0,0.2199703125000001,3.285445e-08
143.647,0.0,0.2197203125000001,3.276795e-08
143.647,0.0,0.2194703125000001,3.267205e-08
143.647,0.0,0.2192203125000001,3.26919e-08
143.647,0.0,0.2189703125000001,3.2528750000000006e-08
143.647,0.0,0.2187203125000001,3.246885e-08
143.647,0.0,0.2184703125000001,3.24946e-08
143.647,0.0,0.2182203125000001,3.23452e-08
143.647,0.0,0.2179703125000001,3.22222e-08
143.647,0.0,0.2177203125000001,3.2500499999999994e-08
143.647,0.0,0.2174703125000001,3.22334e-08
143.647,0.0,0.2172203125000001,3.2346e-08
143.647,0.0,0.2169703125000001,3.22461e-08
143.647,0.0,0.2167203125000001,3.227795e-08
143.647,0.0,0.2164703125000001,3.20076e-08
143.647,0.0,0.2162203125000001,3.210465e-08
143.647,0.0,0.2159703125000001,3.187825e-08
143.647,0.0,0.2157203125000001,3.189105e-08
143.647,0.0,0.2154703125000001,3.17832e-08
143.647,0.0,0.2152203125000001,3.17146e-08
143.647,0.0,0.2149703125000001,3.190956666666667e-08
143.647,0.0,0.2147203125000001,3.20484e-08
143.647,0.0,0.2144703125000001,3.20508e-08
143.647,0.0,0.2142203125000001,3.179365e-08
143.647,0.0,0.2139703125000001,3.2039950000000005e-08
143.647,0.0,0.2137203125000001,3.185345e-08
143.647,0.0,0.2134703125000001,3.19473e-08
143.647,0.0,0.2132203125000001,3.189055e-08
143.647,0.0,0.2129703125000001,3.176865e-08
143.647,0.0,0.2127203125000001,3.177605e-08
143.647,0.0,0.2124703125000001,3.18248e-08
143.647,0.0,0.2122203125000001,3.158755e-08
143.647,0.0,0.2119703125000001,3.18104e-08
143.647,0.0,0.2117203125000001,3.182175e-08
143.647,0.0,0.2114703125000001,3.18974e-08
143.647,0.0,0.2112203125000001,3.1805100000000005e-08
143.647,0.0,0.2109703125000001,3.19543e-08
143.647,0.0,0.2107203125000001,3.19546e-08
143.647,0.0,0.2104703125000001,3.198475e-08
143.647,0.0,0.2102203125000001,3.19398e-08
143.647,0.0,0.2099703125000001,3.19927e-08
143.647,0.0,0.2097203125000001,3.18407e-08
143.647,0.0,0.2094703125000001,3.15626e-08
143.647,0.0,0.2092203125000001,3.18996e-08
143.647,0.0,0.2089703125000001,3.173555e-08
143.647,0.0,0.2087203125000001,3.180965e-08
143.647,0.0,0.2084703125000001,3.18243e-08
143.647,0.0,0.2082203125000001,3.163823333333333e-08
143.647,0.0,0.2079703125000001,3.17202e-08
143.647,0.0,0.2077203125000001,3.1169e-08
143.647,0.0,0.2074703125000001,3.14261e-08
143.647,0.0,0.2072203125000001,3.135725e-08
143.647,0.0,0.2069703125000001,3.1338100000000005e-08
143.647,0.0,0.2067203125000001,3.125805e-08
143.647,0.0,0.20647031250000009,3.12491e-08
143.647,0.0,0.20622031250000009,3.1133350000000004e-08
143.647,0.0,0.20597031250000009,3.115925e-08
143.647,0.0,0.20572031250000009,3.12425e-08
143.647,0.0,0.20547031250000009,3.127295e-08
143.647,0.0,0.20522031250000008,3.1104e-08
143.647,0.0,0.20497031250000008,3.10108e-08
143.647,0.0,0.20472031250000008,3.1054e-08
143.647,0.0,0.20447031250000008,3.10447e-08
143.647,0.0,0.20422031250000008,3.0982000000000006e-08
143.647,0.0,0.20397031250000008,3.10743e-08
143.647,0.0,0.20372031250000008,3.095715e-08
143.647,0.0,0.20347031250000008,3.086845e-08
143.647,0.0,0.20322031250000008,3.090535e-08
143.647,0.0,0.20297031250000008,3.0851599999999995e-08
143.647,0.0,0.20272031250000008,3.08659e-08
143.647,0.0,0.20247031250000008,3.069055e-08
143.647,0.0,0.20222031250000008,3.046385e-08
143.647,0.0,0.20197031250000008,3.0654150000000006e-08
143.647,0.0,0.20172031250000008,3.07188e-08
143.647,0.0,0.20147031250000008,3.05333e-08
143.647,0.0,0.20122031250000008,3.039495e-08
143.647,0.0,0.20097031250000008,3.0396333333333326e-08
143.647,0.0,0.20072031250000008,3.05962e-08
143.647,0.0,0.20047031250000008,3.046715e-08
143.647,0.0,0.20022031250000008,3.056145e-08
143.647,0.0,0.19997031250000008,3.05832e-08
143.647,0.0,0.19972031250000008,3.04843e-08
143.647,0.0,0.19947031250000008,3.05652e-08
143.647,0.0,0.19922031250000008,3.0275100000000004e-08
143.647,0.0,0.19897031250000008,3.0422350000000005e-08
143.647,0.0,0.19872031250000008,3.0203400000000004e-08
143.647,0.0,0.19847031250000008,3.03276e-08
143.647,0.0,0.19822031250000008,3.04867e-08
143.647,0.0,0.19797031250000008,3.018685e-08
143.647,0.0,0.19772031250000008,3.04429e-08
143.647,0.0,0.19747031250000008,3.02531e-08
143.647,0.0,0.19722031250000008,3.0385799999999994e-08
143.647,0.0,0.19697031250000008,3.024995e-08
143.647,0.0,0.19672031250000008,3.049995e-08
143.647,0.0,0.19647031250000008,3.027195e-08
143.647,0.0,0.1962203125000001,3.012075e-08
143.647,0.0,0.1959703125000001,3.013395e-08
143.647,0.0,0.1957203125000001,3.01044e-08
143.647,0.0,0.1954703125000001,3.00617e-08
143.647,0.0,0.1952203125000001,3.010045e-08
143.647,0.0,0.1949703125000001,3.01783e-08
143.647,0.0,0.1947203125000001,3.012775e-08
143.647,0.0,0.1944703125000001,3.00462e-08
143.647,0.0,0.1942203125000001,3.0148e-08
143.647,0.0,0.1939703125000001,3.0156550000000005e-08
143.647,0.0,0.1937203125000001,3.004e-08
143.647,0.0,0.1934703125000001,2.9999e-08
143.647,0.0,0.1932203125000001,3.0176299999999995e-08
143.647,0.0,0.1929703125000001,3.008485e-08
143.647,0.0,0.1927203125000001,2.96898e-08
143.647,0.0,0.1924703125000001,2.988903333333333e-08
143.647,0.0,0.1922203125000001,2.9782150000000003e-08
143.647,0.0,0.1919703125000001,2.969085e-08
143.647,0.0,0.1917203125000001,2.9841e-08
143.647,0.0,0.1914703125000001,2.976245e-08
143.647,0.0,0.1912203125000001,2.9705150000000002e-08
143.647,0.0,0.1909703125000001,2.953105e-08
143.647,0.0,0.1907203125000001,2.9556e-08
143.647,0.0,0.1904703125000001,2.950955e-08
143.647,0.0,0.1902203125000001,2.963795e-08
143.647,0.0,0.1899703125000001,2.951955e-08
143.647,0.0,0.1897203125000001,2.955445e-08
143.647,0.0,0.1894703125000001,2.931685e-08
143.647,0.0,0.1892203125000001,2.94974e-08
143.647,0.0,0.1889703125000001,2.963705e-08
143.647,0.0,0.1887203125000001,2.92566e-08
143.647,0.0,0.1884703125000001,2.94892e-08
143.647,0.0,0.1882203125000001,2.92846e-08
143.647,0.0,0.1879703125000001,2.93009e-08
143.647,0.0,0.1877203125000001,2.963025e-08
143.647,0.0,0.1874703125000001,2.947535e-08
143.647,0.0,0.1872203125000001,2.949075e-08
143.647,0.0,0.1869703125000001,2.94093e-08
143.647,0.0,0.1867203125000001,2.969115e-08
143.647,0.0,0.1864703125000001,2.951585e-08
143.647,0.0,0.1862203125000001,2.97292e-08
143.647,0.0,0.1859703125000001,2.962495e-08
143.647,0.0,0.1857203125000001,2.972705e-08
143.647,0.0,0.1854703125000001,2.968395e-08
143.647,0.0,0.1852203125000001,2.975145e-08
143.647,0.0,0.1849703125000001,2.96594e-08
143.647,0.0,0.1847203125000001,2.95894e-08
143.647,0.0,0.1844703125000001,2.9306200000000002e-08
143.647,0.0,0.1842203125000001,2.952405e-08
143.647,0.0,0.1839703125000001,2.97975e-08
143.647,0.0,0.1837203125000001,2.95801e-08
143.647,0.0,0.1834703125000001,2.94708e-08
143.647,0.0,0.1832203125000001,2.931755e-08
143.647,0.0,0.1829703125000001,2.94676e-08
143.647,0.0,0.1827203125000001,2.95478e-08
143.647,0.0,0.1824703125000001,2.93257e-08
143.647,0.0,0.1822203125000001,2.936125e-08
143.647,0.0,0.1819703125000001,2.93323e-08
143.647,0.0,0.1817203125000001,2.941055e-08
143.647,0.0,0.1814703125000001,2.92301e-08
143.647,0.0,0.1812203125000001,2.931445e-08
143.647,0.0,0.1809703125000001,2.92823e-08
143.647,0.0,0.1807203125000001,2.925505e-08
143.647,0.0,0.1804703125000001,2.93147e-08
143.647,0.0,0.1802203125000001,2.92126e-08
143.647,0.0,0.1799703125000001,2.91948e-08
143.647,0.0,0.1797203125000001,2.91573e-08
143.647,0.0,0.1794703125000001,2.907145e-08
143.647,0.0,0.1792203125000001,2.926455e-08
143.647,0.0,0.1789703125000001,2.912465e-08
143.647,0.0,0.1787203125000001,2.91476e-08
143.647,0.0,0.1784703125000001,2.912405e-08
143.647,0.0,0.1782203125000001,2.931945e-08
143.647,0.0,0.1779703125000001,2.94132e-08
143.647,0.0,0.1777203125000001,2.91608e-08
143.647,0.0,0.1774703125000001,2.921885e-08
143.647,0.0,0.1772203125000001,2.92277e-08
143.647,0.0,0.1769703125000001,2.91897e-08
143.647,0.0,0.1767203125000001,2.883005e-08
143.647,0.0,0.1764703125000001,2.8907466666666663e-08
143.647,0.0,0.1762203125000001,2.881525e-08
143.647,0.0,0.1759703125000001,2.90435e-08
143.647,0.0,0.1757203125000001,2.8968550000000002e-08
143.647,0.0,0.1754703125000001,2.912475e-08
143.647,0.0,0.17522031250000009,2.88832e-08
143.647,0.0,0.17497031250000009,2.88731e-08
143.647,0.0,0.17472031250000009,2.8775e-08
143.647,0.0,0.17447031250000009,2.87921e-08
143.647,0.0,0.17422031250000009,2.8674533333333336e-08
143.647,0.0,0.17397031250000008,2.88371e-08
143.647,0.0,0.17372031250000008,2.8573e-08
143.647,0.0,0.17347031250000008,2.863425e-08
143.647,0.0,0.17322031250000008,2.8508e-08
143.647,0.0,0.17297031250000008,2.80166e-08
143.647,0.0,0.17272031250000008,2.846135e-08
143.647,0.0,0.17247031250000008,2.8549650000000002e-08
143.647,0.0,0.17222031250000008,2.84519e-08
143.647,0.0,0.17197031250000008,2.80815e-08
143.647,0.0,0.17172031250000008,2.817205e-08
143.647,0.0,0.17147031250000008,2.81144e-08
143.647,0.0,0.17122031250000008,2.816705e-08
143.647,0.0,0.17097031250000008,2.83078e-08
143.647,0.0,0.17072031250000008,2.812915e-08
143.647,0.0,0.17047031250000008,2.83871e-08
143.647,0.0,0.17022031250000008,2.833945e-08
143.647,0.0,0.16997031250000008,2.84388e-08
143.647,0.0,0.16972031250000008,2.834515e-08
143.647,0.0,0.16947031250000008,2.815795e-08
143.647,0.0,0.16922031250000008,2.81449e-08
143.647,0.0,0.16897031250000008,2.796635e-08
143.647,0.0,0.16872031250000008,2.80281e-08
143.647,0.0,0.16847031250000008,2.7902900000000003e-08
143.647,0.0,0.16822031250000008,2.801895e-08
143.647,0.0,0.16797031250000008,2.78398e-08
143.647,0.0,0.16772031250000008,2.81711e-08
143.647,0.0,0.16747031250000008,2.792435e-08
143.647,0.0,0.16722031250000008,2.83572e-08
143.647,0.0,0.16697031250000008,2.812085e-08
143.647,0.0,0.16672031250000008,2.792065e-08
143.647,0.0,0.16647031250000008,2.790075e-08
143.647,0.0,0.16622031250000008,2.80254e-08
143.647,0.0,0.16597031250000008,2.80218e-08
143.647,0.0,0.16572031250000008,2.809035e-08
143.647,0.0,0.16547031250000008,2.80799e-08
143.647,0.0,0.16522031250000008,2.831335e-08
143.647,0.0,0.1649703125000001,2.8157550000000002e-08
143.647,0.0,0.1647203125000001,2.82174e-08
143.647,0.0,0.1644703125000001,2.817245e-08
143.647,0.0,0.1642203125000001,2.80255e-08
143.647,0.0,0.1639703125000001,2.81428e-08
143.647,0.0,0.1637203125000001,2.8099800000000006e-08
143.647,0.0,0.1634703125000001,2.81895e-08
143.647,0.0,0.1632203125000001,2.82091e-08
143.647,0.0,0.1629703125000001,2.805295e-08
143.647,0.0,0.1627203125000001,2.82103e-08
143.647,0.0,0.1624703125000001,2.80999e-08
143.647,0.0,0.1622203125000001,2.81169e-08
143.647,0.0,0.1619703125000001,2.811635e-08
143.647,0.0,0.1617203125000001,2.818005e-08
143.647,0.0,0.1614703125000001,2.815995e-08
143.647,0.0,0.1612203125000001,2.80627e-08
143.647,0.0,0.1609703125000001,2.78184e-08
143.647,0.0,0.1607203125000001,2.80556e-08
143.647,0.0,0.1604703125000001,2.7930666666666668e-08
143.647,0.0,0.1602203125000001,2.80376e-08
143.647,0.0,0.1599703125000001,2.78665e-08
143.647,0.0,0.1597203125000001,2.77114e-08
143.647,0.0,0.1594703125000001,2.771775e-08
143.647,0.0,0.1592203125000001,2.77122e-08
143.647,0.0,0.1589703125000001,2.764265e-08
143.647,0.0,0.1587203125000001,2.75607e-08
143.647,0.0,0.1584703125000001,2.76896e-08
143.647,0.0,0.1582203125000001,2.77195e-08
143.647,0.0,0.1579703125000001,2.763705e-08
143.647,0.0,0.1577203125000001,2.74425e-08
143.647,0.0,0.1574703125000001,2.76388e-08
143.647,0.0,0.1572203125000001,2.73491e-08
143.647,0.0,0.1569703125000001,2.747865e-08
143.647,0.0,0.1567203125000001,2.728725e-08
143.647,0.0,0.1564703125000001,2.72609e-08
143.647,0.0,0.1562203125000001,2.707975e-08
143.647,0.0,0.1559703125000001,2.72061e-08
143.647,0.0,0.1557203125000001,2.72844e-08
143.647,0.0,0.1554703125000001,2.720885e-08
143.647,0.0,0.1552203125000001,2.71875e-08
143.647,0.0,0.1549703125000001,2.71316e-08
143.647,0.0,0.1547203125000001,2.73752e-08
143.647,0.0,0.1544703125000001,2.7196650000000003e-08
143.647,0.0,0.1542203125000001,2.705905e-08
143.647,0.0,0.1539703125000001,2.701215e-08
143.647,0.0,0.1537203125000001,2.723455e-08
143.647,0.0,0.1534703125000001,2.67822e-08
143.647,0.0,0.1532203125000001,2.7055e-08
143.647,0.0,0.1529703125000001,2.683375e-08
143.647,0.0,0.1527203125000001,2.696175e-08
143.647,0.0,0.1524703125000001,2.643405e-08
143.647,0.0,0.1522203125000001,2.69083e-08
143.647,0.0,0.1519703125000001,2.69336e-08
143.647,0.0,0.1517203125000001,2.690645e-08
143.647,0.0,0.1514703125000001,2.68926e-08
143.647,0.0,0.1512203125000001,2.70702e-08
143.647,0.0,0.1509703125000001,2.684885e-08
143.647,0.0,0.1507203125000001,2.676365e-08
143.647,0.0,0.1504703125000001,2.6825700000000002e-08
143.647,0.0,0.1502203125000001,2.69983e-08
143.647,0.0,0.1499703125000001,2.695745e-08
143.647,0.0,0.1497203125000001,2.663435e-08
143.647,0.0,0.1494703125000001,2.668405e-08
143.647,0.0,0.1492203125000001,2.667305e-08
143.647,0.0,0.1489703125000001,2.6785700000000006e-08
143.647,0.0,0.1487203125000001,2.686115e-08
143.647,0.0,0.1484703125000001,2.68698e-08
143.647,0.0,0.1482203125000001,2.689735e-08
143.647,0.0,0.1479703125000001,2.689645e-08
143.647,0.0,0.1477203125000001,2.69593e-08
143.647,0.0,0.1474703125000001,2.6785e-08
143.647,0.0,0.1472203125000001,2.68843e-08
143.647,0.0,0.1469703125000001,2.677055e-08
143.647,0.0,0.1467203125000001,2.67431e-08
143.647,0.0,0.1464703125000001,2.66473e-08
143.647,0.0,0.1462203125000001,2.672835e-08
143.647,0.0,0.1459703125000001,2.6822e-08
143.647,0.0,0.1457203125000001,2.67586e-08
143.647,0.0,0.1454703125000001,2.672495e-08
143.647,0.0,0.1452203125000001,2.67238e-08
143.647,0.0,0.1449703125000001,2.672595e-08
143.647,0.0,0.1447203125000001,2.6932050000000002e-08
143.647,0.0,0.1444703125000001,2.67741e-08
143.647,0.0,0.1442203125000001,2.69154e-08
143.647,0.0,0.14397031250000009,2.674095e-08
143.647,0.0,0.14372031250000009,2.69068e-08
143.647,0.0,0.14347031250000009,2.67303e-08
143.647,0.0,0.14322031250000009,2.65506e-08
143.647,0.0,0.14297031250000009,2.66851e-08
143.647,0.0,0.14272031250000008,2.67052e-08
143.647,0.0,0.14247031250000008,2.64445e-08
143.647,0.0,0.14222031250000008,2.639295e-08
143.647,0.0,0.14197031250000008,2.666495e-08
143.647,0.0,0.14172031250000008,2.6425e-08
143.647,0.0,0.14147031250000008,2.65429e-08
143.647,0.0,0.14122031250000008,2.62273e-08
143.647,0.0,0.14097031250000008,2.640425e-08
143.647,0.0,0.14072031250000008,2.637915e-08
143.647,0.0,0.14047031250000008,2.63718e-08
143.647,0.0,0.14022031250000008,2.6553550000000003e-08
143.647,0.0,0.13997031250000008,2.63158e-08
143.647,0.0,0.13972031250000008,2.633295e-08
143.647,0.0,0.13947031250000008,2.61426e-08
143.647,0.0,0.13922031250000008,2.62103e-08
143.647,0.0,0.13897031250000008,2.594875e-08
143.647,0.0,0.13872031250000008,2.632365e-08
143.647,0.0,0.13847031250000008,2.63761e-08
143.647,0.0,0.13822031250000008,2.6009766666666665e-08
143.647,0.0,0.13797031250000008,2.606905e-08
143.647,0.0,0.13772031250000008,2.597435e-08
143.647,0.0,0.13747031250000008,2.59023e-08
143.647,0.0,0.13722031250000008,2.61601e-08
143.647,0.0,0.13697031250000008,2.641195e-08
143.647,0.0,0.13672031250000008,2.62529e-08
143.647,0.0,0.13647031250000008,2.59944e-08
143.647,0.0,0.13622031250000008,2.585555e-08
143.647,0.0,0.13597031250000008,2.6096e-08
143.647,0.0,0.13572031250000008,2.60175e-08
143.647,0.0,0.13547031250000008,2.61965e-08
143.647,0.0,0.13522031250000008,2.565675e-08
143.647,0.0,0.13497031250000008,2.6049450000000002e-08
143.647,0.0,0.13472031250000008,2.59032e-08
143.647,0.0,0.13447031250000008,2.56832e-08
143.647,0.0,0.13422031250000008,2.5991e-08
143.647,0.0,0.13397031250000008,2.591265e-08
143.647,0.0,0.1337203125000001,2.60931e-08
143.647,0.0,0.1334703125000001,2.558265e-08
143.647,0.0,0.1332203125000001,2.552815e-08
143.647,0.0,0.1329703125000001,2.56616e-08
143.647,0.0,0.1327203125000001,2.55438e-08
143.647,0.0,0.1324703125000001,2.53658e-08
143.647,0.0,0.1322203125000001,2.57478e-08
143.647,0.0,0.1319703125000001,2.559045e-08
143.647,0.0,0.1317203125000001,2.540495e-08
143.647,0.0,0.1314703125000001,2.54222e-08
143.647,0.0,0.1312203125000001,2.54681e-08
143.647,0.0,0.1309703125000001,2.54774e-08
143.647,0.0,0.1307203125000001,2.53225e-08
143.647,0.0,0.1304703125000001,2.485905e-08
143.647,0.0,0.1302203125000001,2.534145e-08
143.647,0.0,0.1299703125000001,2.527645e-08
143.647,0.0,0.1297203125000001,2.53373e-08
143.647,0.0,0.1294703125000001,2.54118e-08
143.647,0.0,0.1292203125000001,2.5243100000000002e-08
143.647,0.0,0.1289703125000001,2.520715e-08
143.647,0.0,0.1287203125000001,2.53486e-08
143.647,0.0,0.1284703125000001,2.51492e-08
143.647,0.0,0.1282203125000001,2.511585e-08
143.647,0.0,0.1279703125000001,2.52862e-08
143.647,0.0,0.1277203125000001,2.51387e-08
143.647,0.0,0.1274703125000001,2.50304e-08
143.647,0.0,0.1272203125000001,2.52501e-08
143.647,0.0,0.1269703125000001,2.50917e-08
143.647,0.0,0.1267203125000001,2.5508e-08
143.647,0.0,0.1264703125000001,2.517835e-08
143.647,0.0,0.1262203125000001,2.488445e-08
143.647,0.0,0.1259703125000001,2.4849550000000003e-08
143.647,0.0,0.1257203125000001,2.48768e-08
143.647,0.0,0.1254703125000001,2.50227e-08
143.647,0.0,0.1252203125000001,2.4872800000000003e-08
143.647,0.0,0.1249703125000001,2.50715e-08
143.647,0.0,0.1247203125000001,2.494775e-08
143.647,0.0,0.1244703125000001,2.498405e-08
143.647,0.0,0.1242203125000001,2.455475e-08
143.647,0.0,0.1239703125000001,2.488335e-08
143.647,0.0,0.1237203125000001,2.48814e-08
143.647,0.0,0.1234703125000001,2.51e-08
143.647,0.0,0.1232203125000001,2.504355e-08
143.647,0.0,0.1229703125000001,2.45009e-08
143.647,0.0,0.1227203125000001,2.50416e-08
143.647,0.0,0.1224703125000001,2.47849e-08
143.647,0.0,0.1222203125000001,2.4813e-08
143.647,0.0,0.1219703125000001,2.4869000000000006e-08
143.647,0.0,0.1217203125000001,2.4999e-08
143.647,0.0,0.1214703125000001,2.482855e-08
143.647,0.0,0.1212203125000001,2.47353e-08
143.647,0.0,0.1209703125000001,2.446705e-08
143.647,0.0,0.1207203125000001,2.49224e-08
143.647,0.0,0.12047031250000009,2.47264e-08
143.647,0.0,0.12022031250000009,2.508705e-08
143.647,0.0,0.11997031250000009,2.46993e-08
143.647,0.0,0.11972031250000009,2.50427e-08
143.647,0.0,0.11947031250000009,2.480585e-08
143.647,0.0,0.11922031250000009,2.463465e-08
143.647,0.0,0.11897031250000009,2.435345e-08
143.647,0.0,0.11872031250000009,2.49038e-08
143.647,0.0,0.11847031250000009,2.45285e-08
143.647,0.0,0.11822031250000009,2.4296e-08
143.647,0.0,0.11797031250000009,2.4336e-08
143.647,0.0,0.11772031250000009,2.47062e-08
143.647,0.0,0.11747031250000009,2.45649e-08
143.647,0.0,0.11722031250000009,2.46717e-08
143.647,0.0,0.11697031250000009,2.47086e-08
143.647,0.0,0.11672031250000009,2.47034e-08
143.647,0.0,0.11647031250000009,2.447145e-08
143.647,0.0,0.11622031250000009,2.43487e-08
143.647,0.0,0.11597031250000009,2.46088e-08
143.647,0.0,0.11572031250000009,2.360035e-08
143.647,0.0,0.11547031250000009,2.4256250000000006e-08
143.647,0.0,0.11522031250000009,2.458885e-08
143.647,0.0,0.11497031250000009,2.429485e-08
143.647,0.0,0.11472031250000009,2.41127e-08
143.647,0.0,0.11447031250000009,2.483985e-08
143.647,0.0,0.11422031250000009,2.4115500000000002e-08
143.647,0.0,0.11397031250000009,2.41065e-08
143.647,0.0,0.11372031250000009,2.41101e-08
143.647,0.0,0.11347031250000009,2.43642e-08
143.647,0.0,0.11322031250000009,2.426385e-08
143.647,0.0,0.11297031250000009,2.40161e-08
143.647,0.0,0.11272031250000009,2.4245100000000002e-08
143.647,0.0,0.11247031250000009,2.388635e-08
143.647,0.0,0.11222031250000009,2.394865e-08
143.647,0.0,0.11197031250000009,2.36667e-08
143.647,0.0,0.11172031250000009,2.37281e-08
143.647,0.0,0.11147031250000008,2.40493e-08
143.647,0.0,0.11122031250000008,2.423585e-08
143.647,0.0,0.11097031250000008,2.38793e-08
143.647,0.0,0.11072031250000008,2.37036e-08
143.647,0.0,0.11047031250000008,2.376235e-08
143.647,0.0,0.1102203125000001,2.413825e-08
143.647,0.0,0.1099703125000001,2.39868e-08
143.647,0.0,0.1097203125000001,2.38575e-08
143.647,0.0,0.1094703125000001,2.429525e-08
143.647,0.0,0.1092203125000001,2.391255e-08
143.647,0.0,0.1089703125000001,2.38325e-08
143.647,0.0,0.1087203125000001,2.36272e-08
143.647,0.0,0.1084703125000001,2.40141e-08
143.647,0.0,0.1082203125000001,2.45368e-08
143.647,0.0,0.1079703125000001,2.39911e-08
143.647,0.0,0.1077203125000001,2.36613e-08
143.647,0.0,0.1074703125000001,2.39994e-08
143.647,0.0,0.1072203125000001,2.392085e-08
143.647,0.0,0.1069703125000001,2.40658e-08
143.647,0.0,0.1067203125000001,2.33724e-08
143.647,0.0,0.1064703125000001,2.368245e-08
143.647,0.0,0.1062203125000001,2.32745e-08
143.647,0.0,0.1059703125000001,2.3116e-08
143.647,0.0,0.1057203125000001,2.38608e-08
143.647,0.0,0.1054703125000001,2.37008e-08
143.647,0.0,0.1052203125000001,2.36795e-08
143.647,0.0,0.10497031250000009,2.34392e-08
143.647,0.0,0.10472031250000009,2.372985e-08
143.647,0.0,0.10447031250000009,2.3610633333333333e-08
143.647,0.0,0.10422031250000009,2.333435e-08
143.647,0.0,0.10397031250000009,2.40408e-08
143.647,0.0,0.10372031250000009,2.400145e-08
143.647,0.0,0.10347031250000009,2.34667e-08
143.647,0.0,0.10322031250000009,2.36344e-08
143.647,0.0,0.10297031250000009,2.35083e-08
143.647,0.0,0.10272031250000009,2.343755e-08
143.647,0.0,0.10247031250000009,2.355715e-08
143.647,0.0,0.10222031250000009,2.35695e-08
143.647,0.0,0.10197031250000009,2.336245e-08
143.647,0.0,0.10172031250000009,2.34422e-08
143.647,0.0,0.10147031250000009,2.32063e-08
143.647,0.0,0.10122031250000009,2.32758e-08
143.647,0.0,0.10097031250000009,2.36061e-08
143.647,0.0,0.10072031250000009,2.31854e-08
143.647,0.0,0.10047031250000009,2.319215e-08
143.647,0.0,0.10022031250000009,2.30386e-08
143.647,0.0,0.09997031250000009,2.319e-08
143.647,0.0,0.09972031250000009,2.32103e-08
143.647,0.0,0.09947031250000009,2.290425e-08
143.647,0.0,0.09922031250000009,2.2691500000000002e-08
143.647,0.0,0.09897031250000009,2.30296e-08
143.647,0.0,0.09872031250000009,2.289935e-08
143.647,0.0,0.09847031250000009,2.2949250000000003e-08
143.647,0.0,0.09822031250000009,2.298245e-08
143.647,0.0,0.09797031250000009,2.29859e-08
143.647,0.0,0.09772031250000009,2.265275e-08
143.647,0.0,0.09747031250000009,2.2963766666666666e-08
143.647,0.0,0.09722031250000009,2.29506e-08
143.647,0.0,0.09697031250000009,2.31664e-08
143.647,0.0,0.09672031250000009,2.295685e-08
143.647,0.0,0.09647031250000009,2.29855e-08
143.647,0.0,0.09622031250000009,2.285115e-08
143.647,0.0,0.09597031250000009,2.30882e-08
143.647,0.0,0.09572031250000008,2.332405e-08
143.647,0.0,0.09547031250000008,2.28841e-08
143.647,0.0,0.09522031250000008,2.2894e-08
143.647,0.0,0.09497031250000008,2.29807e-08
143.647,0.0,0.0947203125000001,2.297235e-08
143.647,0.0,0.0944703125000001,2.27871e-08
143.647,0.0,0.0942203125000001,2.28148e-08
143.647,0.0,0.0939703125000001,2.28808e-08
143.647,0.0,0.0937203125000001,2.26778e-08
143.647,0.0,0.0934703125000001,2.271595e-08
143.647,0.0,0.0932203125000001,2.294285e-08
143.647,0.0,0.0929703125000001,2.2766150000000002e-08
143.647,0.0,0.0927203125000001,2.25347e-08
143.647,0.0,0.0924703125000001,2.2538e-08
143.647,0.0,0.0922203125000001,2.28431e-08
143.647,0.0,0.0919703125000001,2.25631e-08
143.647,0.0,0.0917203125000001,2.284315e-08
143.647,0.0,0.0914703125000001,2.227595e-08
143.647,0.0,0.0912203125000001,2.237445e-08
143.647,0.0,0.0909703125000001,2.26981e-08
143.647,0.0,0.0907203125000001,2.26094e-08
143.647,0.0,0.0904703125000001,2.242735e-08
143.647,0.0,0.0902203125000001,2.25088e-08
143.647,0.0,0.0899703125000001,2.232255e-08
143.647,0.0,0.0897203125000001,2.265815e-08
143.647,0.0,0.0894703125000001,2.223055e-08
143.647,0.0,0.08922031250000009,2.2452e-08
143.647,0.0,0.08897031250000009,2.25328e-08
143.647,0.0,0.08872031250000009,2.250375e-08
143.647,0.0,0.08847031250000009,2.2261866666666673e-08
143.647,0.0,0.08822031250000009,2.24176e-08
143.647,0.0,0.08797031250000009,2.241145e-08
143.647,0.0,0.08772031250000009,2.290085e-08
143.647,0.0,0.08747031250000009,2.2400500000000006e-08
143.647,0.0,0.08722031250000009,2.24455e-08
143.647,0.0,0.08697031250000009,2.2410150000000002e-08
143.647,0.0,0.08672031250000009,2.24363e-08
143.647,0.0,0.08647031250000009,2.24758e-08
143.647,0.0,0.08622031250000009,2.29759e-08
143.647,0.0,0.08597031250000009,2.202125e-08
143.647,0.0,0.08572031250000009,2.236015e-08
143.647,0.0,0.08547031250000009,2.21631e-08
143.647,0.0,0.08522031250000009,2.21284e-08
143.647,0.0,0.08497031250000009,2.2808250000000002e-08
143.647,0.0,0.08472031250000009,2.23337e-08
143.647,0.0,0.08447031250000009,2.2558600000000002e-08
143.647,0.0,0.08422031250000009,2.24545e-08
143.647,0.0,0.08397031250000009,2.22497e-08
143.647,0.0,0.08372031250000009,2.22115e-08
143.647,0.0,0.08347031250000009,2.230255e-08
143.647,0.0,0.08322031250000009,2.20038e-08
143.647,0.0,0.08297031250000009,2.154325e-08
143.647,0.0,0.08272031250000009,2.221535e-08
143.647,0.0,0.08247031250000009,2.204495e-08
143.647,0.0,0.08222031250000009,2.19248e-08
143.647,0.0,0.08197031250000009,2.21668e-08
143.647,0.0,0.08172031250000009,2.21353e-08
143.647,0.0,0.08147031250000009,2.23218e-08
143.647,0.0,0.08122031250000009,2.23254e-08
143.647,0.0,0.08097031250000009,2.218855e-08
143.647,0.0,0.08072031250000009,2.213215e-08
143.647,0.0,0.08047031250000009,2.19213e-08
143.647,0.0,0.08022031250000008,2.24782e-08
143.647,0.0,0.07997031250000008,2.219055e-08
143.647,0.0,0.07972031250000008,2.236465e-08
143.647,0.0,0.07947031250000008,2.18798e-08
143.647,0.0,0.07922031250000008,2.150095e-08
143.647,0.0,0.0789703125000001,2.19652e-08
143.647,0.0,0.0787203125000001,2.18818e-08
143.647,0.0,0.0784703125000001,2.17312e-08
143.647,0.0,0.0782203125000001,2.18711e-08
143.647,0.0,0.0779703125000001,2.24758e-08
143.647,0.0,0.0777203125000001,2.169965e-08
143.647,0.0,0.0774703125000001,2.202695e-08
143.647,0.0,0.0772203125000001,2.1747250000000003e-08
143.647,0.0,0.0769703125000001,2.151595e-08
143.647,0.0,0.0767203125000001,2.1944750000000002e-08
143.647,0.0,0.0764703125000001,2.19822e-08
143.647,0.0,0.0762203125000001,2.19882e-08
143.647,0.0,0.0759703125000001,2.1675050000000003e-08
143.647,0.0,0.0757203125000001,2.172075e-08
143.647,0.0,0.0754703125000001,2.17004e-08
143.647,0.0,0.0752203125000001,2.19664e-08
143.647,0.0,0.0749703125000001,2.168395e-08
143.647,0.0,0.0747203125000001,2.125295e-08
143.647,0.0,0.0744703125000001,2.1558e-08
143.647,0.0,0.0742203125000001,2.13987e-08
143.647,0.0,0.0739703125000001,2.16352e-08
143.647,0.0,0.07372031250000009,2.174505e-08
143.647,0.0,0.07347031250000009,2.16881e-08
143.647,0.0,0.07322031250000009,2.16582e-08
143.647,0.0,0.07297031250000009,2.15905e-08
143.647,0.0,0.07272031250000009,2.13198e-08
143.647,0.0,0.07247031250000009,2.1365e-08
143.647,0.0,0.07222031250000009,2.150505e-08
143.647,0.0,0.07197031250000009,2.129385e-08
143.647,0.0,0.07172031250000009,2.13257e-08
143.647,0.0,0.07147031250000009,2.11549e-08
143.647,0.0,0.07122031250000009,2.131555e-08
143.647,0.0,0.07097031250000009,2.092655e-08
143.647,0.0,0.07072031250000009,2.13044e-08
143.647,0.0,0.07047031250000009,2.130675e-08
143.647,0.0,0.07022031250000009,2.053445e-08
143.647,0.0,0.06997031250000009,2.124135e-08
143.647,0.0,0.06972031250000009,2.14136e-08
143.647,0.0,0.06947031250000009,2.14986e-08
143.647,0.0,0.06922031250000009,2.097185e-08
143.647,0.0,0.06897031250000009,2.1035e-08
143.647,0.0,0.06872031250000009,2.10959e-08
143.647,0.0,0.06847031250000009,2.074105e-08
143.647,0.0,0.06822031250000009,2.037965e-08
143.647,0.0,0.06797031250000009,2.081965e-08
143.647,0.0,0.06772031250000009,2.088615e-08
143.647,0.0,0.06747031250000009,2.05624e-08
143.647,0.0,0.06722031250000009,2.08148e-08
143.647,0.0,0.06697031250000009,2.11257e-08
143.647,0.0,0.06672031250000009,2.06968e-08
143.647,0.0,0.06647031250000009,2.06529e-08
143.647,0.0,0.06622031250000009,2.09413e-08
143.647,0.0,0.06597031250000009,2.07254e-08
143.647,0.0,0.06572031250000009,2.03248e-08
143.647,0.0,0.06547031250000009,2.10882e-08
143.647,0.0,0.06522031250000009,2.058535e-08
143.647,0.0,0.06497031250000009,2.0507900000000002e-08
143.647,0.0,0.06472031250000009,2.04973e-08
143.647,0.0,0.06447031250000008,2.05621e-08
143.647,0.0,0.06422031250000008,2.06545e-08
143.647,0.0,0.06397031250000008,2.06217e-08
143.647,0.0,0.06372031250000008,2.053465e-08
143.647,0.0,0.0634703125000001,2.055e-08
143.647,0.0,0.0632203125000001,2.04044e-08
143.647,0.0,0.0629703125000001,2.04631e-08
143.647,0.0,0.0627203125000001,2.048135e-08
143.647,0.0,0.06247031250000009,2.00607e-08
143.647,0.0,0.06222031250000009,2.0238e-08
143.647,0.0,0.06197031250000009,2.01501e-08
143.647,0.0,0.06172031250000009,2.02945e-08
143.647,0.0,0.06147031250000009,2.030575e-08
143.647,0.0,0.06122031250000009,2.024175e-08
143.647,0.0,0.06097031250000009,2.062805e-08
143.647,0.0,0.06072031250000009,1.99205e-08
143.647,0.0,0.06047031250000009,2.02346e-08
143.647,0.0,0.06022031250000009,2.01941e-08
143.647,0.0,0.05997031250000009,1.97712e-08
143.647,0.0,0.05972031250000009,2.01218e-08
143.647,0.0,0.059470312500000094,2.01285e-08
143.647,0.0,0.059220312500000094,2.0103066666666667e-08
143.647,0.0,0.058970312500000094,2.01536e-08
143.647,0.0,0.058720312500000094,2.08305e-08
143.647,0.0,0.05847031250000009,2.00464e-08
143.647,0.0,0.05822031250000009,2.013945e-08
143.647,0.0,0.05797031250000009,2.00256e-08
143.647,0.0,0.05772031250000009,2.0179800000000002e-08
143.647,0.0,0.05747031250000009,2.03248e-08
143.647,0.0,0.05722031250000009,2.0486266666666672e-08
143.647,0.0,0.05697031250000009,1.981665e-08
143.647,0.0,0.05672031250000009,2.01556e-08
143.647,0.0,0.05647031250000009,1.9999550000000006e-08
143.647,0.0,0.05622031250000009,2.046575e-08
143.647,0.0,0.05597031250000009,2.00297e-08
143.647,0.0,0.05572031250000009,2.005395e-08
143.647,0.0,0.05547031250000009,1.99606e-08
143.647,0.0,0.05522031250000009,1.992155e-08
143.647,0.0,0.05497031250000009,1.981595e-08
143.647,0.0,0.05472031250000009,2.01212e-08
143.647,0.0,0.05447031250000009,1.98639e-08
143.647,0.0,0.05422031250000009,2.01864e-08
143.647,0.0,0.05397031250000009,1.979165e-08
143.647,0.0,0.05372031250000009,2.00339e-08
143.647,0.0,0.05347031250000009,1.93465e-08
143.647,0.0,0.05322031250000009,1.99578e-08
143.647,0.0,0.05297031250000009,2.020665e-08
143.647,0.0,0.05272031250000009,2.0085e-08
143.647,0.0,0.05247031250000009,1.98797e-08
143.647,0.0,0.05222031250000009,1.9276050000000003e-08
143.647,0.0,0.05197031250000009,1.98903e-08
143.647,0.0,0.051720312500000094,2.0067e-08
143.647,0.0,0.051470312500000094,1.95736e-08
143.647,0.0,0.051220312500000094,1.991565e-08
143.647,0.0,0.050970312500000094,2.00834e-08
143.647,0.0,0.05072031250000009,1.97829e-08
143.647,0.0,0.05047031250000009,1.940443333333333e-08
143.647,0.0,0.05022031250000009,1.909145e-08
143.647,0.0,0.04997031250000009,1.95919e-08
143.647,0.0,0.04972031250000009,1.95117e-08
143.647,0.0,0.04947031250000009,1.96187e-08
143.647,0.0,0.04922031250000009,1.97372e-08
143.647,0.0,0.04897031250000009,1.902375e-08
143.647,0.0,0.04872031250000009,1.94073e-08
143.647,0.0,0.04847031250000009,1.971195e-08
143.647,0.0,0.04822031250000009,1.9593866666666665e-08
143.647,0.0,0.04797031250000009,1.991745e-08
143.647,0.0,0.04772031250000009,1.96865e-08
143.647,0.0,0.04747031250000009,1.99044e-08
143.647,0.0,0.04722031250000009,1.941265e-08
143.647,0.0,0.04697031250000009,1.9630700000000006e-08
143.647,0.0,0.04672031250000009,1.99987e-08
143.647,0.0,0.04647031250000009,1.94167e-08
143.647,0.0,0.04622031250000009,1.981905e-08
143.647,0.0,0.04597031250000009,1.963015e-08
143.647,0.0,0.04572031250000009,1.97283e-08
143.647,0.0,0.04547031250000009,1.913245e-08
143.647,0.0,0.04522031250000009,1.97494e-08
143.647,0.0,0.04497031250000009,1.96201e-08
143.647,0.0,0.04472031250000009,1.94537e-08
143.647,0.0,0.04447031250000009,1.964895e-08
143.647,0.0,0.04422031250000009,1.95966e-08
143.647,0.0,0.043970312500000094,1.940315e-08
143.647,0.0,0.043720312500000094,1.981335e-08
143.647,0.0,0.043470312500000094,1.948235e-08
143.647,0.0,0.043220312500000094,1.94204e-08
143.647,0.0,0.042970312500000094,1.97675e-08
143.647,0.0,0.04272031250000009,1.95657e-08
143.647,0.0,0.04247031250000009,1.918265e-08
143.647,0.0,0.04222031250000009,1.94865e-08
143.647,0.0,0.04197031250000009,1.92391e-08
143.647,0.0,0.04172031250000009,1.96602e-08
143.647,0.0,0.04147031250000009,1.942065e-08
143.647,0.0,0.04122031250000009,1.97293e-08
143.647,0.0,0.04097031250000009,1.973595e-08
143.647,0.0,0.04072031250000009,1.9235e-08
143.647,0.0,0.04047031250000009,1.973065e-08
143.647,0.0,0.04022031250000009,1.94573e-08
143.647,0.0,0.03997031250000009,1.96007e-08
143.647,0.0,0.03972031250000009,1.92949e-08
143.647,0.0,0.03947031250000009,1.94767e-08
143.647,0.0,0.03922031250000009,1.95138e-08
143.647,0.0,0.03897031250000009,1.95156e-08
143.647,0.0,0.03872031250000009,1.97585e-08
143.647,0.0,0.03847031250000009,1.93309e-08
143.647,0.0,0.03822031250000009,1.94641e-08
143.647,0.0,0.03797031250000009,1.954595e-08
143.647,0.0,0.03772031250000009,1.9494e-08
143.647,0.0,0.03747031250000009,1.98098e-08
143.647,0.0,0.03722031250000009,1.919215e-08
143.647,0.0,0.03697031250000009,1.92356e-08
143.647,0.0,0.03672031250000009,1.93487e-08
143.647,0.0,0.03647031250000009,1.950275e-08
143.647,0.0,0.03622031250000009,1.92594e-08
143.647,0.0,0.035970312500000094,1.92664e-08
143.647,0.0,0.035720312500000094,1.945235e-08
143.647,0.0,0.035470312500000094,1.982905e-08
143.647,0.0,0.035220312500000094,1.92996e-08
143.647,0.0,0.03497031250000009,1.92655e-08
143.647,0.0,0.03472031250000009,1.951185e-08
143.647,0.0,0.03447031250000009,1.915e-08
143.647,0.0,0.03422031250000009,1.89202e-08
143.647,0.0,0.03397031250000009,1.86515e-08
143.647,0.0,0.03372031250000009,1.919215e-08
143.647,0.0,0.03347031250000009,1.9351050000000002e-08
143.647,0.0,0.03322031250000009,1.907155e-08
143.647,0.0,0.03297031250000009,1.855e-08
143.647,0.0,0.03272031250000009,1.9169e-08
143.647,0.0,0.03247031250000009,1.88393e-08
143.647,0.0,0.03222031250000009,1.936415e-08
143.647,0.0,0.03197031250000009,1.93717e-08
143.647,0.0,0.03172031250000009,1.92144e-08
143.647,0.0,0.03147031250000009,1.881105e-08
143.647,0.0,0.03122031250000009,1.918395e-08
143.647,0.0,0.03097031250000009,1.91499e-08
143.647,0.0,0.03072031250000009,1.88819e-08
143.647,0.0,0.03047031250000009,1.931945e-08
143.647,0.0,0.030220312500000093,1.88184e-08
143.647,0.0,0.029970312500000092,1.923145e-08
143.647,0.0,0.029720312500000092,1.907135e-08
143.647,0.0,0.029470312500000092,1.9003150000000003e-08
143.647,0.0,0.02922031250000009,1.894325e-08
143.647,0.0,0.02897031250000009,1.87982e-08
143.647,0.0,0.02872031250000009,1.88421e-08
143.647,0.0,0.02847031250000009,1.91662e-08
143.647,0.0,0.02822031250000009,1.911325e-08
143.647,0.0,0.02797031250000009,1.891115e-08
143.647,0.0,0.02772031250000009,1.846665e-08
143.647,0.0,0.02747031250000009,1.8591e-08
143.647,0.0,0.02722031250000009,1.89571e-08
143.647,0.0,0.02697031250000009,1.89262e-08
143.647,0.0,0.02672031250000009,1.886935e-08
143.647,0.0,0.02647031250000009,1.88942e-08
143.647,0.0,0.026220312500000093,1.861405e-08
143.647,0.0,0.025970312500000092,1.82738e-08
143.647,0.0,0.025720312500000092,1.833725e-08
143.647,0.0,0.025470312500000092,1.8509266666666664e-08
143.647,0.0,0.02522031250000009,1.83715e-08
143.647,0.0,0.02497031250000009,1.83053e-08
143.647,0.0,0.02472031250000009,1.84648e-08
143.647,0.0,0.02447031250000009,1.84867e-08
143.647,0.0,0.02422031250000009,1.853215e-08
143.647,0.0,0.02397031250000009,1.75631e-08
143.647,0.0,0.02372031250000009,1.829175e-08
143.647,0.0,0.02347031250000009,1.83743e-08
143.647,0.0,0.02322031250000009,1.800695e-08
143.647,0.0,0.02297031250000009,1.84759e-08
143.647,0.0,0.02272031250000009,1.9031e-08
143.647,0.0,0.022470312500000093,1.829645e-08
143.647,0.0,0.022220312500000092,1.813665e-08
143.647,0.0,0.021970312500000092,1.83584e-08
143.647,0.0,0.021720312500000092,1.85708e-08
143.647,0.0,0.021470312500000092,1.89387e-08
143.647,0.0,0.02122031250000009,1.839045e-08
143.647,0.0,0.02097031250000009,1.826255e-08
143.647,0.0,0.02072031250000009,1.847205e-08
143.647,0.0,0.02047031250000009,1.84059e-08
143.647,0.0,0.02022031250000009,1.83087e-08
143.647,0.0,0.01997031250000009,1.84894e-08
143.647,0.0,0.01972031250000009,1.85185e-08
143.647,0.0,0.01947031250000009,1.842115e-08
143.647,0.0,0.01922031250000009,1.85105e-08
143.647,0.0,0.01897031250000009,1.80269e-08
143.647,0.0,0.01872031250000009,1.836165e-08
143.647,0.0,0.018470312500000093,1.8283833333333332e-08
143.647,0.0,0.018220312500000092,1.88131e-08
143.647,0.0,0.017970312500000092,1.84163e-08
143.647,0.0,0.017720312500000092,1.8467600000000002e-08
143.647,0.0,0.01747031250000009,1.82915e-08
143.647,0.0,0.01722031250000009,1.8441550000000003e-08
143.647,0.0,0.01697031250000009,1.84053e-08
143.647,0.0,0.01672031250000009,1.82941e-08
143.647,0.0,0.01647031250000009,1.8702266666666668e-08
143.647,0.0,0.01622031250000009,1.89624e-08
143.647,0.0,0.01597031250000009,1.84339e-08
143.647,0.0,0.01572031250000009,1.852915e-08
143.647,0.0,0.015470312500000092,1.8270200000000002e-08
143.647,0.0,0.015220312500000091,1.80504e-08
143.647,0.0,0.014970312500000091,1.84159e-08
143.647,0.0,0.014720312500000091,1.780635e-08
143.647,0.0,0.01447031250000009,1.831995e-08
143.647,0.0,0.01422031250000009,1.8275600000000006e-08
143.647,0.0,0.01397031250000009,1.813615e-08
143.647,0.0,0.013720312500000092,1.80329e-08
143.647,0.0,0.013470312500000092,1.79528e-08
143.647,0.0,0.013220312500000091,1.79848e-08
143.647,0.0,0.012970312500000091,1.848275e-08
143.647,0.0,0.012720312500000091,1.808075e-08
143.647,0.0,0.01247031250000009,1.816375e-08
143.647,0.0,0.01222031250000009,1.80194e-08
143.647,0.0,0.01197031250000009,1.7855249999999997e-08
143.647,0.0,0.011720312500000092,1.8141e-08
143.647,0.0,0.011470312500000092,1.80372e-08
143.647,0.0,0.011220312500000091,1.78007e-08
143.647,0.0,0.010970312500000091,1.77886e-08
143.647,0.0,0.010720312500000091,1.806385e-08
143.647,0.0,0.01047031250000009,1.804065e-08
143.647,0.0,0.01022031250000009,1.80002e-08
143.647,0.0,0.00997031250000009,1.79497e-08
143.647,0.0,0.009720312500000092,1.772055e-08
143.647,0.0,0.009470312500000092,1.806145e-08
143.647,0.0,0.009220312500000091,1.7548e-08
143.647,0.0,0.008970312500000091,1.79414e-08
143.647,0.0,0.00872031250000009,1.778935e-08
143.647,0.0,0.00847031250000009,1.781335e-08
143.647,0.0,0.00822031250000009,1.81679e-08
143.647,0.0,0.00797031250000009,1.813565e-08
143.647,0.0,0.007720312500000091,1.787655e-08
143.647,0.0,0.007470312500000091,1.835185e-08
143.647,0.0,0.007220312500000091,1.775785e-08
143.647,0.0,0.006970312500000091,1.7958150000000006e-08
143.647,0.0,0.006720312500000091,1.7753449999999998e-08
143.647,0.0,0.006470312500000091,1.762255e-08
143.647,0.0,0.006220312500000091,1.78318e-08
143.647,0.0,0.005970312500000091,1.77393e-08
143.647,0.0,0.005720312500000091,1.768755e-08
143.647,0.0,0.0054703125000000906,1.76515e-08
143.647,0.0,0.005220312500000091,1.7754500000000002e-08
143.647,0.0,0.004970312500000091,1.7759650000000002e-08
143.647,0.0,0.004720312500000091,1.7616e-08
143.647,0.0,0.0044703125000000905,1.800945e-08
143.647,0.0,0.004220312500000091,1.78513e-08
143.647,0.0,0.003970312500000091,1.78266e-08
143.647,0.0,0.0037203125000000907,1.77885e-08
143.647,0.0,0.003470312500000091,1.775535e-08
143.647,0.0,0.003220312500000091,1.772365e-08
143.647,0.0,0.002970312500000091,1.7621850000000002e-08
143.647,0.0,0.002720312500000091,1.748395e-08
143.647,0.0,0.002470312500000091,1.779255e-08
143.647,0.0,0.002220312500000091,1.74761e-08
143.647,0.0,0.001970312500000091,1.75798e-08
143.647,0.0,0.001720312500000091,1.771325e-08
143.647,0.0,0.001470312500000091,1.7705300000000002e-08
143.647,0.0,0.001220312500000091,1.755e-08
143.647,0.0,0.000970312500000091,1.729305e-08
143.647,0.0,0.000720312500000091,1.7539649999999998e-08
143.647,0.0,0.00047031250000009094,1.717405e-08
143.647,0.0,0.00022031250000009096,1.755835e-08
143.647,0.0,-2.968749999990905e-05,1.73172e-08
143.647,0.0,-0.000279687499999909,1.729465e-08
143.647,0.0,-0.000529687499999909,1.745635e-08
143.647,0.0,-0.000779687499999909,1.73252e-08
143.647,0.0,-0.0010296874999999091,1.7179249999999998e-08
143.647,0.0,-0.0012796874999999092,1.720975e-08
143.647,0.0,-0.0015296874999999092,1.728985e-08
143.647,0.0,-0.001779687499999909,1.73303e-08
143.647,0.0,-0.002029687499999909,1.71334e-08
143.647,0.0,-0.002279687499999909,1.7207149999999998e-08
143.647,0.0,-0.002529687499999909,1.72161e-08
143.647,0.0,-0.002779687499999909,1.7118049999999998e-08
143.647,0.0,-0.003029687499999909,1.748475e-08
143.647,0.0,-0.003279687499999909,1.69054e-08
143.647,0.0,-0.003529687499999909,1.720595e-08
143.647,0.0,-0.003779687499999909,1.68098e-08
143.647,0.0,-0.004029687499999909,1.7112299999999998e-08
143.647,0.0,-0.004279687499999909,1.721665e-08
143.647,0.0,-0.004529687499999909,1.70246e-08
143.647,0.0,-0.004779687499999909,1.707445e-08
143.647,0.0,-0.005029687499999909,1.663625e-08
143.647,0.0,-0.0052796874999999095,1.690785e-08
143.647,0.0,-0.005529687499999909,1.711455e-08
143.647,0.0,-0.005779687499999909,1.6942449999999998e-08
143.647,0.0,-0.006029687499999909,1.6913299999999997e-08
143.647,0.0,-0.0062796874999999095,1.68871e-08
143.647,0.0,-0.006529687499999909,1.70897e-08
143.647,0.0,-0.006779687499999909,1.6931400000000003e-08
143.647,0.0,-0.007029687499999909,1.68627e-08
143.647,0.0,-0.007279687499999909,1.689525e-08
143.647,0.0,-0.007529687499999909,1.68527e-08
143.647,0.0,-0.007779687499999909,1.67785e-08
143.647,0.0,-0.008029687499999908,1.6656766666666664e-08
143.647,0.0,-0.008279687499999909,1.67616e-08
143.647,0.0,-0.008529687499999909,1.65994e-08
143.647,0.0,-0.008779687499999909,1.6775149999999998e-08
143.647,0.0,-0.00902968749999991,1.6681399999999997e-08
143.647,0.0,-0.00927968749999991,1.68206e-08
143.647,0.0,-0.00952968749999991,1.67592e-08
143.647,0.0,-0.009779687499999908,1.659255e-08
143.647,0.0,-0.010029687499999908,1.65184e-08
143.647,0.0,-0.010279687499999909,1.667755e-08
143.647,0.0,-0.010529687499999909,1.66967e-08
143.647,0.0,-0.01077968749999991,1.6776450000000002e-08
143.647,0.0,-0.01102968749999991,1.65783e-08
143.647,0.0,-0.01127968749999991,1.6235e-08
143.647,0.0,-0.01152968749999991,1.65716e-08
143.647,0.0,-0.011779687499999908,1.67583e-08
143.647,0.0,-0.012029687499999909,1.659045e-08
143.647,0.0,-0.012279687499999909,1.65464e-08
143.647,0.0,-0.012529687499999909,1.67145e-08
143.647,0.0,-0.01277968749999991,1.646885e-08
143.647,0.0,-0.01302968749999991,1.66332e-08
143.647,0.0,-0.01327968749999991,1.6619599999999997e-08
143.647,0.0,-0.01352968749999991,1.64472e-08
143.647,0.0,-0.013779687499999908,1.6288e-08
143.647,0.0,-0.014029687499999909,1.634885e-08
143.647,0.0,-0.014279687499999909,1.63388e-08
143.647,0.0,-0.014529687499999909,1.68695e-08
143.647,0.0,-0.01477968749999991,1.616195e-08
143.647,0.0,-0.01502968749999991,1.6005266666666667e-08
143.647,0.0,-0.01527968749999991,1.6452199999999998e-08
143.647,0.0,-0.01552968749999991,1.63153e-08
143.647,0.0,-0.01577968749999991,1.626085e-08
143.647,0.0,-0.01602968749999991,1.629105e-08
143.647,0.0,-0.01627968749999991,1.6366e-08
143.647,0.0,-0.01652968749999991,1.63481e-08
143.647,0.0,-0.016779687499999908,1.6259799999999997e-08
143.647,0.0,-0.017029687499999908,1.62068e-08
143.647,0.0,-0.017279687499999908,1.62365e-08
143.647,0.0,-0.017529687499999908,1.61547e-08
143.647,0.0,-0.01777968749999991,1.598615e-08
143.647,0.0,-0.01802968749999991,1.613575e-08
143.647,0.0,-0.01827968749999991,1.613575e-08
143.647,0.0,-0.01852968749999991,1.62514e-08
143.647,0.0,-0.01877968749999991,1.6055549999999997e-08
143.647,0.0,-0.01902968749999991,1.6026650000000003e-08
143.647,0.0,-0.01927968749999991,1.59301e-08
143.647,0.0,-0.01952968749999991,1.620275e-08
143.647,0.0,-0.01977968749999991,1.6136050000000002e-08
143.647,0.0,-0.02002968749999991,1.59025e-08
143.647,0.0,-0.02027968749999991,1.57098e-08
143.647,0.0,-0.020529687499999907,1.59653e-08
143.647,0.0,-0.020779687499999908,1.594155e-08
143.647,0.0,-0.021029687499999908,1.596025e-08
143.647,0.0,-0.021279687499999908,1.590375e-08
143.647,0.0,-0.02152968749999991,1.58015e-08
143.647,0.0,-0.02177968749999991,1.60367e-08
143.647,0.0,-0.02202968749999991,1.58444e-08
143.647,0.0,-0.02227968749999991,1.58331e-08
143.647,0.0,-0.02252968749999991,1.580265e-08
143.647,0.0,-0.02277968749999991,1.5930200000000002e-08
143.647,0.0,-0.02302968749999991,1.588825e-08
143.647,0.0,-0.02327968749999991,1.5953e-08
143.647,0.0,-0.02352968749999991,1.59047e-08
143.647,0.0,-0.02377968749999991,1.587805e-08
143.647,0.0,-0.02402968749999991,1.5679200000000002e-08
143.647,0.0,-0.02427968749999991,1.5638249999999998e-08
143.647,0.0,-0.024529687499999907,1.582615e-08
143.647,0.0,-0.024779687499999908,1.58048e-08
143.647,0.0,-0.025029687499999908,1.6109850000000002e-08
143.647,0.0,-0.025279687499999908,1.56908e-08
143.647,0.0,-0.02552968749999991,1.576165e-08
143.647,0.0,-0.02577968749999991,1.5838550000000006e-08
143.647,0.0,-0.02602968749999991,1.559805e-08
143.647,0.0,-0.02627968749999991,1.57159e-08
143.647,0.0,-0.02652968749999991,1.564435e-08
143.647,0.0,-0.02677968749999991,1.5795e-08
143.647,0.0,-0.02702968749999991,1.59246e-08
143.647,0.0,-0.02727968749999991,1.58012e-08
143.647,0.0,-0.02752968749999991,1.58199e-08
143.647,0.0,-0.02777968749999991,1.574765e-08
143.647,0.0,-0.02802968749999991,1.58781e-08
143.647,0.0,-0.028279687499999907,1.573655e-08
143.647,0.0,-0.028529687499999908,1.558915e-08
143.647,0.0,-0.028779687499999908,1.57723e-08
143.647,0.0,-0.029029687499999908,1.576005e-08
143.647,0.0,-0.029279687499999908,1.56273e-08
143.647,0.0,-0.02952968749999991,1.5664199999999998e-08
143.647,0.0,-0.02977968749999991,1.56689e-08
143.647,0.0,-0.03002968749999991,1.57007e-08
143.647,0.0,-0.03027968749999991,1.58244e-08
143.647,0.0,-0.03052968749999991,1.54948e-08
143.647,0.0,-0.03077968749999991,1.5616033333333335e-08
143.647,0.0,-0.03102968749999991,1.5611449999999998e-08
143.647,0.0,-0.03127968749999991,1.58537e-08
143.647,0.0,-0.03152968749999991,1.567875e-08
143.647,0.0,-0.03177968749999991,1.577885e-08
143.647,0.0,-0.03202968749999991,1.5728449999999998e-08
143.647,0.0,-0.03227968749999991,1.56085e-08
143.647,0.0,-0.03252968749999991,1.5692699999999997e-08
143.647,0.0,-0.03277968749999991,1.552405e-08
143.647,0.0,-0.03302968749999991,1.54569e-08
143.647,0.0,-0.03327968749999991,1.5709099999999997e-08
143.647,0.0,-0.03352968749999991,1.5616050000000002e-08
143.647,0.0,-0.03377968749999991,1.5334950000000002e-08
143.647,0.0,-0.03402968749999991,1.562055e-08
143.647,0.0,-0.034279687499999906,1.54874e-08
143.647,0.0,-0.034529687499999906,1.5367e-08
143.647,0.0,-0.034779687499999906,1.5443400000000003e-08
143.647,0.0,-0.035029687499999906,1.5663949999999998e-08
143.647,0.0,-0.03527968749999991,1.543605e-08
143.647,0.0,-0.03552968749999991,1.540885e-08
143.647,0.0,-0.03577968749999991,1.53501e-08
143.647,0.0,-0.03602968749999991,1.548045e-08
143.647,0.0,-0.03627968749999991,1.5356e-08
143.647,0.0,-0.03652968749999991,1.546075e-08
143.647,0.0,-0.03677968749999991,1.546035e-08
143.647,0.0,-0.03702968749999991,1.56077e-08
143.647,0.0,-0.03727968749999991,1.5458e-08
143.647,0.0,-0.03752968749999991,1.5599633333333335e-08
143.647,0.0,-0.03777968749999991,1.5491e-08
143.647,0.0,-0.03802968749999991,1.56224e-08
143.647,0.0,-0.03827968749999991,1.53507e-08
143.647,0.0,-0.03852968749999991,1.55729e-08
143.647,0.0,-0.03877968749999991,1.544635e-08
143.647,0.0,-0.03902968749999991,1.5424199999999997e-08
143.647,0.0,-0.03927968749999991,1.53286e-08
143.647,0.0,-0.03952968749999991,1.5672850000000006e-08
143.647,0.0,-0.03977968749999991,1.55281e-08
143.647,0.0,-0.04002968749999991,1.547315e-08
143.647,0.0,-0.04027968749999991,1.55345e-08
143.647,0.0,-0.04052968749999991,1.5458949999999997e-08
143.647,0.0,-0.04077968749999991,1.550075e-08
143.647,0.0,-0.04102968749999991,1.54552e-08
143.647,0.0,-0.04127968749999991,1.54636e-08
143.647,0.0,-0.04152968749999991,1.5497600000000002e-08
143.647,0.0,-0.04177968749999991,1.55832e-08
143.647,0.0,-0.042029687499999906,1.52269e-08
143.647,0.0,-0.042279687499999906,1.5737e-08
143.647,0.0,-0.042529687499999906,1.530825e-08
143.647,0.0,-0.042779687499999906,1.54212e-08
143.647,0.0,-0.04302968749999991,1.53076e-08
143.647,0.0,-0.04327968749999991,1.53519e-08
143.647,0.0,-0.04352968749999991,1.525745e-08
143.647,0.0,-0.04377968749999991,1.5477449999999998e-08
143.647,0.0,-0.04402968749999991,1.525645e-08
143.647,0.0,-0.04427968749999991,1.54087e-08
143.647,0.0,-0.04452968749999991,1.532965e-08
143.647,0.0,-0.04477968749999991,1.5226900000000002e-08
143.647,0.0,-0.04502968749999991,1.50579e-08
143.647,0.0,-0.04527968749999991,1.49958e-08
143.647,0.0,-0.04552968749999991,1.51904e-08
143.647,0.0,-0.04577968749999991,1.511215e-08
143.647,0.0,-0.04602968749999991,1.477955e-08
143.647,0.0,-0.04627968749999991,1.5135399999999998e-08
143.647,0.0,-0.04652968749999991,1.48874e-08
143.647,0.0,-0.04677968749999991,1.50491e-08
143.647,0.0,-0.04702968749999991,1.49203e-08
143.647,0.0,-0.04727968749999991,1.496405e-08
143.647,0.0,-0.04752968749999991,1.4848549999999998e-08
143.647,0.0,-0.04777968749999991,1.48077e-08
143.647,0.0,-0.04802968749999991,1.48989e-08
143.647,0.0,-0.04827968749999991,1.48618e-08
143.647,0.0,-0.04852968749999991,1.5052750000000002e-08
143.647,0.0,-0.04877968749999991,1.50898e-08
143.647,0.0,-0.04902968749999991,1.47861e-08
143.647,0.0,-0.04927968749999991,1.5115199999999998e-08
143.647,0.0,-0.04952968749999991,1.479195e-08
143.647,0.0,-0.049779687499999906,1.484565e-08
143.647,0.0,-0.050029687499999906,1.45882e-08
143.647,0.0,-0.050279687499999906,1.466715e-08
143.647,0.0,-0.050529687499999906,1.455775e-08
143.647,0.0,-0.050779687499999906,1.466e-08
143.647,0.0,-0.05102968749999991,1.465755e-08
143.647,0.0,-0.05127968749999991,1.462205e-08
143.647,0.0,-0.05152968749999991,1.46002e-08
143.647,0.0,-0.05177968749999991,1.47157e-08
143.647,0.0,-0.05202968749999991,1.45154e-08
143.647,0.0,-0.05227968749999991,1.45356e-08
143.647,0.0,-0.05252968749999991,1.439845e-08
143.647,0.0,-0.05277968749999991,1.430915e-08
143.647,0.0,-0.05302968749999991,1.44123e-08
143.647,0.0,-0.05327968749999991,1.4401366666666668e-08
143.647,0.0,-0.05352968749999991,1.452995e-08
143.647,0.0,-0.05377968749999991,1.43458e-08
143.647,0.0,-0.05402968749999991,1.41774e-08
143.647,0.0,-0.05427968749999991,1.43721e-08
143.647,0.0,-0.05452968749999991,1.4343e-08
143.647,0.0,-0.05477968749999991,1.437925e-08
143.647,0.0,-0.05502968749999991,1.4449e-08
143.647,0.0,-0.05527968749999991,1.42675e-08
143.647,0.0,-0.05552968749999991,1.4313433333333334e-08
143.647,0.0,-0.05577968749999991,1.42569e-08
143.647,0.0,-0.05602968749999991,1.4306e-08
143.647,0.0,-0.05627968749999991,1.44169e-08
143.647,0.0,-0.05652968749999991,1.44835e-08
143.647,0.0,-0.05677968749999991,1.449705e-08
143.647,0.0,-0.05702968749999991,1.46642e-08
143.647,0.0,-0.05727968749999991,1.429275e-08
143.647,0.0,-0.05752968749999991,1.419195e-08
143.647,0.0,-0.057779687499999906,1.4296e-08
143.647,0.0,-0.058029687499999906,1.442365e-08
143.647,0.0,-0.058279687499999906,1.430625e-08
143.647,0.0,-0.058529687499999906,1.42038e-08
143.647,0.0,-0.05877968749999991,1.42942e-08
143.647,0.0,-0.05902968749999991,1.41195e-08
143.647,0.0,-0.05927968749999991,1.423595e-08
143.647,0.0,-0.05952968749999991,1.4227e-08
143.647,0.0,-0.05977968749999991,1.42305e-08
143.647,0.0,-0.06002968749999991,1.42084e-08
143.647,0.0,-0.06027968749999991,1.4321450000000001e-08
143.647,0.0,-0.06052968749999991,1.4075433333333332e-08
143.647,0.0,-0.06077968749999991,1.41002e-08
143.647,0.0,-0.06102968749999991,1.41437e-08
143.647,0.0,-0.06127968749999991,1.401035e-08
143.647,0.0,-0.06152968749999991,1.38757e-08
143.647,0.0,-0.06177968749999991,1.42218e-08
143.647,0.0,-0.06202968749999991,1.39789e-08
143.647,0.0,-0.06227968749999991,1.42712e-08
143.647,0.0,-0.0625296874999999,1.4005733333333336e-08
143.647,0.0,-0.0627796874999999,1.40488e-08
143.647,0.0,-0.0630296874999999,1.40563e-08
143.647,0.0,-0.0632796874999999,1.38977e-08
143.647,0.0,-0.0635296874999999,1.38493e-08
143.647,0.0,-0.0637796874999999,1.38581e-08
143.647,0.0,-0.0640296874999999,1.395385e-08
143.647,0.0,-0.0642796874999999,1.389755e-08
143.647,0.0,-0.0645296874999999,1.4010633333333332e-08
143.647,0.0,-0.0647796874999999,1.42399e-08
143.647,0.0,-0.0650296874999999,1.36969e-08
143.647,0.0,-0.0652796874999999,1.3938650000000001e-08
143.647,0.0,-0.0655296874999999,1.38601e-08
143.647,0.0,-0.0657796874999999,1.38493e-08
143.647,0.0,-0.0660296874999999,1.378035e-08
143.647,0.0,-0.0662796874999999,1.356445e-08
143.647,0.0,-0.0665296874999999,1.35257e-08
143.647,0.0,-0.0667796874999999,1.366e-08
143.647,0.0,-0.06702968749999991,1.37086e-08
143.647,0.0,-0.06727968749999991,1.38167e-08
143.647,0.0,-0.06752968749999991,1.374195e-08
143.647,0.0,-0.06777968749999991,1.37836e-08
143.647,0.0,-0.06802968749999991,1.36154e-08
143.647,0.0,-0.06827968749999991,1.37224e-08
143.647,0.0,-0.06852968749999991,1.37737e-08
143.647,0.0,-0.06877968749999991,1.36646e-08
143.647,0.0,-0.06902968749999991,1.3740666666666666e-08
143.647,0.0,-0.06927968749999991,1.352265e-08
143.647,0.0,-0.06952968749999991,1.36821e-08
143.647,0.0,-0.06977968749999991,1.35254e-08
143.647,0.0,-0.07002968749999991,1.35702e-08
143.647,0.0,-0.07027968749999991,1.364105e-08
143.647,0.0,-0.07052968749999991,1.352425e-08
143.647,0.0,-0.07077968749999991,1.35737e-08
143.647,0.0,-0.07102968749999991,1.38106e-08
143.647,0.0,-0.07127968749999991,1.37127e-08
143.647,0.0,-0.07152968749999991,1.3485566666666666e-08
143.647,0.0,-0.07177968749999991,1.34672e-08
143.647,0.0,-0.07202968749999991,1.379165e-08
143.647,0.0,-0.07227968749999991,1.354485e-08
143.647,0.0,-0.07252968749999991,1.37107e-08
143.647,0.0,-0.07277968749999991,1.37175e-08
143.647,0.0,-0.07302968749999991,1.366885e-08
143.647,0.0,-0.07327968749999991,1.36497e-08
143.647,0.0,-0.07352968749999991,1.364435e-08
143.647,0.0,-0.07377968749999991,1.35327e-08
143.647,0.0,-0.07402968749999991,1.38597e-08
143.647,0.0,-0.07427968749999991,1.354095e-08
143.647,0.0,-0.07452968749999991,1.34304e-08
143.647,0.0,-0.07477968749999991,1.37668e-08
143.647,0.0,-0.07502968749999991,1.353235e-08
143.647,0.0,-0.07527968749999991,1.340025e-08
143.647,0.0,-0.07552968749999991,1.372105e-08
143.647,0.0,-0.07577968749999991,1.355655e-08
143.647,0.0,-0.07602968749999992,1.352915e-08
143.647,0.0,-0.07627968749999992,1.378245e-08
143.647,0.0,-0.07652968749999992,1.36822e-08
143.647,0.0,-0.07677968749999992,1.361355e-08
143.647,0.0,-0.07702968749999992,1.3752e-08
143.647,0.0,-0.0772796874999999,1.37535e-08
143.647,0.0,-0.0775296874999999,1.36503e-08
143.647,0.0,-0.0777796874999999,1.38526e-08
143.647,0.0,-0.0780296874999999,1.364735e-08
143.647,0.0,-0.0782796874999999,1.375855e-08
143.647,0.0,-0.0785296874999999,1.3803300000000001e-08
143.647,0.0,-0.0787796874999999,1.344725e-08
143.647,0.0,-0.0790296874999999,1.37354e-08
143.647,0.0,-0.0792796874999999,1.378065e-08
143.647,0.0,-0.0795296874999999,1.36423e-08
143.647,0.0,-0.0797796874999999,1.37893e-08
143.647,0.0,-0.0800296874999999,1.34805e-08
143.647,0.0,-0.0802796874999999,1.352065e-08
143.647,0.0,-0.0805296874999999,1.36859e-08
143.647,0.0,-0.0807796874999999,1.36537e-08
143.647,0.0,-0.0810296874999999,1.37737e-08
143.647,0.0,-0.0812796874999999,1.341055e-08
143.647,0.0,-0.0815296874999999,1.36385e-08
143.647,0.0,-0.0817796874999999,1.37973e-08
143.647,0.0,-0.0820296874999999,1.375825e-08
143.647,0.0,-0.0822796874999999,1.34344e-08
143.647,0.0,-0.08252968749999991,1.37352e-08
143.647,0.0,-0.08277968749999991,1.36838e-08
143.647,0.0,-0.08302968749999991,1.349855e-08
143.647,0.0,-0.08327968749999991,1.372335e-08
143.647,0.0,-0.08352968749999991,1.34579e-08
143.647,0.0,-0.08377968749999991,1.340165e-08
143.647,0.0,-0.08402968749999991,1.368875e-08
143.647,0.0,-0.08427968749999991,1.407845e-08
143.647,0.0,-0.08452968749999991,1.370905e-08
143.647,0.0,-0.08477968749999991,1.37599e-08
143.647,0.0,-0.08502968749999991,1.351955e-08
143.647,0.0,-0.08527968749999991,1.37946e-08
143.647,0.0,-0.08552968749999991,1.37486e-08
143.647,0.0,-0.08577968749999991,1.3538900000000001e-08
143.647,0.0,-0.08602968749999991,1.387695e-08
143.647,0.0,-0.08627968749999991,1.364315e-08
143.647,0.0,-0.08652968749999991,1.36783e-08
143.647,0.0,-0.08677968749999991,1.3802e-08
143.647,0.0,-0.08702968749999991,1.3716833333333332e-08
143.647,0.0,-0.08727968749999991,1.370095e-08
143.647,0.0,-0.08752968749999991,1.35736e-08
143.647,0.0,-0.08777968749999991,1.427665e-08
143.647,0.0,-0.08802968749999991,1.36034e-08
143.647,0.0,-0.08827968749999991,1.38699e-08
143.647,0.0,-0.08852968749999991,1.38221e-08
143.647,0.0,-0.08877968749999991,1.366705e-08
143.647,0.0,-0.08902968749999991,1.38169e-08
143.647,0.0,-0.08927968749999991,1.37645e-08
143.647,0.0,-0.08952968749999991,1.3617e-08
143.647,0.0,-0.08977968749999991,1.361715e-08
143.647,0.0,-0.09002968749999991,1.37535e-08
143.647,0.0,-0.09027968749999991,1.373165e-08
143.647,0.0,-0.09052968749999991,1.36161e-08
143.647,0.0,-0.09077968749999991,1.377435e-08
143.647,0.0,-0.09102968749999991,1.403975e-08
143.647,0.0,-0.09127968749999991,1.37834e-08
143.647,0.0,-0.09152968749999991,1.37259e-08
143.647,0.0,-0.09177968749999992,1.37982e-08
143.647,0.0,-0.09202968749999992,1.357035e-08
143.647,0.0,-0.09227968749999992,1.3654000000000001e-08
143.647,0.0,-0.09252968749999992,1.3917e-08
143.647,0.0,-0.0927796874999999,1.39635e-08
143.647,0.0,-0.0930296874999999,1.400245e-08
143.647,0.0,-0.0932796874999999,1.386565e-08
143.647,0.0,-0.0935296874999999,1.38052e-08
143.647,0.0,-0.0937796874999999,1.3781500000000002e-08
143.647,0.0,-0.0940296874999999,1.38929e-08
143.647,0.0,-0.0942796874999999,1.39925e-08
143.647,0.0,-0.0945296874999999,1.384785e-08
143.647,0.0,-0.0947796874999999,1.388945e-08
143.647,0.0,-0.0950296874999999,1.3956150000000001e-08
143.647,0.0,-0.0952796874999999,1.376625e-08
143.647,0.0,-0.0955296874999999,1.38567e-08
143.647,0.0,-0.0957796874999999,1.35735e-08
143.647,0.0,-0.0960296874999999,1.37465e-08
143.647,0.0,-0.0962796874999999,1.384415e-08
143.647,0.0,-0.0965296874999999,1.39944e-08
143.647,0.0,-0.0967796874999999,1.39993e-08
143.647,0.0,-0.0970296874999999,1.39219e-08
143.647,0.0,-0.0972796874999999,1.40332e-08
143.647,0.0,-0.0975296874999999,1.380405e-08
143.647,0.0,-0.0977796874999999,1.377855e-08
143.647,0.0,-0.0980296874999999,1.35885e-08
143.647,0.0,-0.09827968749999991,1.385395e-08
143.647,0.0,-0.09852968749999991,1.37298e-08
143.647,0.0,-0.09877968749999991,1.37394e-08
143.647,0.0,-0.09902968749999991,1.37848e-08
143.647,0.0,-0.09927968749999991,1.39543e-08
143.647,0.0,-0.09952968749999991,1.341835e-08
143.647,0.0,-0.09977968749999991,1.37666e-08
143.647,0.0,-0.10002968749999991,1.3490450000000002e-08
143.647,0.0,-0.10027968749999991,1.34605e-08
143.647,0.0,-0.10052968749999991,1.358495e-08
143.647,0.0,-0.10077968749999991,1.3546233333333332e-08
143.647,0.0,-0.10102968749999991,1.3381400000000001e-08
143.647,0.0,-0.10127968749999991,1.32776e-08
143.647,0.0,-0.10152968749999991,1.340485e-08
143.647,0.0,-0.10177968749999991,1.330955e-08
143.647,0.0,-0.10202968749999991,1.33374e-08
143.647,0.0,-0.10227968749999991,1.30457e-08
143.647,0.0,-0.10252968749999991,1.307375e-08
143.647,0.0,-0.10277968749999991,1.307655e-08
143.647,0.0,-0.10302968749999991,1.2890833333333331e-08
143.647,0.0,-0.10327968749999991,1.2414e-08
143.647,0.0,-0.10352968749999991,1.24866e-08
143.647,0.0,-0.10377968749999991,1.258595e-08
143.647,0.0,-0.10402968749999991,1.220245e-08
143.647,0.0,-0.10427968749999991,1.1938e-08
143.647,0.0,-0.10452968749999991,1.209495e-08
143.647,0.0,-0.10477968749999991,1.17399e-08
143.647,0.0,-0.10502968749999991,1.135865e-08
143.647,0.0,-0.10527968749999991,1.15786e-08
143.647,0.0,-0.10552968749999991,1.124635e-08
143.647,0.0,-0.10577968749999991,1.154915e-08
143.647,0.0,-0.10602968749999991,1.069735e-08
143.647,0.0,-0.10627968749999991,1.05632e-08
143.647,0.0,-0.10652968749999991,1.02343e-08
143.647,0.0,-0.10677968749999991,1.01641e-08
143.647,0.0,-0.10702968749999991,9.655665e-09
143.647,0.0,-0.10727968749999992,9.69077e-09
143.647,0.0,-0.10752968749999992,9.40747e-09
143.647,0.0,-0.10777968749999992,9.16052e-09
143.647,0.0,-0.10802968749999992,8.809595e-09
143.647,0.0,-0.10827968749999992,8.62293e-09
143.647,0.0,-0.1085296874999999,8.355169999999999e-09
143.647,0.0,-0.1087796874999999,8.078195e-09
143.647,0.0,-0.1090296874999999,7.93702e-09
143.647,0.0,-0.1092796874999999,7.56829e-09
143.647,0.0,-0.1095296874999999,7.523835e-09
143.647,0.0,-0.1097796874999999,7.464843333333333e-09
143.647,0.0,-0.1100296874999999,7.468175e-09
143.647,0.0,-0.1102796874999999,7.29771e-09
143.647,0.0,-0.1105296874999999,7.354615e-09
143.647,0.0,-0.1107796874999999,7.343915e-09
143.647,0.0,-0.1110296874999999,7.471314999999999e-09
143.647,0.0,-0.1112796874999999,7.27486e-09
143.647,0.0,-0.1115296874999999,7.320595e-09
143.647,0.0,-0.1117796874999999,7.43488e-09
143.647,0.0,-0.1120296874999999,7.669574999999999e-09
143.647,0.0,-0.1122796874999999,7.661365e-09
143.647,0.0,-0.1125296874999999,7.61161e-09
143.647,0.0,-0.1127796874999999,7.64321e-09
143.647,0.0,-0.1130296874999999,7.933705e-09
143.647,0.0,-0.1132796874999999,7.89269e-09
143.647,0.0,-0.1135296874999999,7.9666e-09
143.647,0.0,-0.11377968749999991,8.088135e-09
143.647,0.0,-0.11402968749999991,8.64486e-09
143.647,0.0,-0.11427968749999991,7.96348e-09
143.647,0.0,-0.11452968749999991,8.88787e-09
143.647,0.0,-0.11477968749999991,9.339555e-09
143.647,0.0,-0.11502968749999991,9.45481e-09
143.647,0.0,-0.11527968749999991,1.007955e-08
143.647,0.0,-0.11552968749999991,1.07003e-08
143.647,0.0,-0.11577968749999991,1.09982e-08
143.647,0.0,-0.11602968749999991,1.124465e-08
143.647,0.0,-0.11627968749999991,1.18473e-08
143.647,0.0,-0.11652968749999991,1.2670699999999998e-08
143.647,0.0,-0.11677968749999991,1.253175e-08
143.647,0.0,-0.11702968749999991,1.2724e-08
143.647,0.0,-0.11727968749999991,1.3167850000000001e-08
143.647,0.0,-0.11752968749999991,1.28651e-08
143.647,0.0,-0.11777968749999991,1.339865e-08
143.647,0.0,-0.11802968749999991,1.33369e-08
143.647,0.0,-0.11827968749999991,1.35327e-08
143.647,0.0,-0.11852968749999991,1.359585e-08
143.647,0.0,-0.11877968749999991,1.391835e-08
143.647,0.0,-0.11902968749999991,1.381275e-08
143.647,0.0,-0.11927968749999991,1.380465e-08
143.647,0.0,-0.11952968749999991,1.39981e-08
143.647,0.0,-0.11977968749999991,1.409945e-08
143.647,0.0,-0.12002968749999991,1.4086e-08
143.647,0.0,-0.12027968749999991,1.407065e-08
143.647,0.0,-0.12052968749999991,1.406485e-08
143.647,0.0,-0.12077968749999991,1.422775e-08
143.647,0.0,-0.12102968749999991,1.4207100000000002e-08
143.647,0.0,-0.12127968749999991,1.414575e-08
143.647,0.0,-0.12152968749999991,1.422065e-08
143.647,0.0,-0.12177968749999991,1.426695e-08
143.647,0.0,-0.12202968749999991,1.4135e-08
143.647,0.0,-0.12227968749999991,1.429275e-08
143.647,0.0,-0.12252968749999991,1.41885e-08
143.647,0.0,-0.12277968749999991,1.426225e-08
143.647,0.0,-0.12302968749999992,1.422445e-08
143.647,0.0,-0.12327968749999992,1.41927e-08
143.647,0.0,-0.12352968749999992,1.419105e-08
143.647,0.0,-0.12377968749999992,1.38606e-08
143.647,0.0,-0.1240296874999999,1.41146e-08
143.647,0.0,-0.1242796874999999,1.41372e-08
143.647,0.0,-0.1245296874999999,1.4071800000000001e-08
143.647,0.0,-0.1247796874999999,1.3980750000000001e-08
143.647,0.0,-0.1250296874999999,1.396115e-08
143.647,0.0,-0.1252796874999999,1.397215e-08
143.647,0.0,-0.1255296874999999,1.418505e-08
143.647,0.0,-0.1257796874999999,1.38518e-08
143.647,0.0,-0.1260296874999999,1.42378e-08
143.647,0.0,-0.1262796874999999,1.406915e-08
143.647,0.0,-0.1265296874999999,1.396915e-08
143.647,0.0,-0.1267796874999999,1.42521e-08
143.647,0.0,-0.1270296874999999,1.40196e-08
143.647,0.0,-0.1272796874999999,1.409085e-08
143.647,0.0,-0.1275296874999999,1.4022e-08
143.647,0.0,-0.1277796874999999,1.4174433333333331e-08
143.647,0.0,-0.1280296874999999,1.40262e-08
143.647,0.0,-0.1282796874999999,1.4096e-08
143.647,0.0,-0.1285296874999999,1.41168e-08
143.647,0.0,-0.1287796874999999,1.40068e-08
143.647,0.0,-0.1290296874999999,1.38491e-08
143.647,0.0,-0.1292796874999999,1.40194e-08
143.647,0.0,-0.1295296874999999,1.39904e-08
143.647,0.0,-0.1297796874999999,1.399625e-08
143.647,0.0,-0.1300296874999999,1.413335e-08
143.647,0.0,-0.1302796874999999,1.34251e-08
143.647,0.0,-0.1305296874999999,1.392325e-08
143.647,0.0,-0.1307796874999999,1.42053e-08
143.647,0.0,-0.1310296874999999,1.39502e-08
143.647,0.0,-0.1312796874999999,1.3809e-08
143.647,0.0,-0.1315296874999999,1.404245e-08
143.647,0.0,-0.1317796874999999,1.369505e-08
143.647,0.0,-0.1320296874999999,1.37244e-08
143.647,0.0,-0.1322796874999999,1.391585e-08
143.647,0.0,-0.1325296874999999,1.396945e-08
143.647,0.0,-0.1327796874999999,1.37934e-08
143.647,0.0,-0.1330296874999999,1.372405e-08
143.647,0.0,-0.1332796874999999,1.388575e-08
143.647,0.0,-0.1335296874999999,1.41197e-08
143.647,0.0,-0.1337796874999999,1.379955e-08
143.647,0.0,-0.1340296874999999,1.3655e-08
143.647,0.0,-0.1342796874999999,1.371485e-08
143.647,0.0,-0.1345296874999999,1.3782966666666669e-08
143.647,0.0,-0.1347796874999999,1.36576e-08
143.647,0.0,-0.1350296874999999,1.36541e-08
143.647,0.0,-0.1352796874999999,1.351805e-08
143.647,0.0,-0.1355296874999999,1.371765e-08
143.647,0.0,-0.1357796874999999,1.34859e-08
143.647,0.0,-0.1360296874999999,1.364815e-08
143.647,0.0,-0.1362796874999999,1.375295e-08
143.647,0.0,-0.1365296874999999,1.3465e-08
143.647,0.0,-0.1367796874999999,1.382255e-08
143.647,0.0,-0.1370296874999999,1.343455e-08
143.647,0.0,-0.13727968749999991,1.3541900000000001e-08
143.647,0.0,-0.13752968749999991,1.36984e-08
143.647,0.0,-0.13777968749999991,1.37593e-08
143.647,0.0,-0.13802968749999991,1.37575e-08
143.647,0.0,-0.13827968749999991,1.368235e-08
143.647,0.0,-0.13852968749999992,1.301435e-08
143.647,0.0,-0.13877968749999992,1.375495e-08
143.647,0.0,-0.13902968749999992,1.366505e-08
143.647,0.0,-0.13927968749999992,1.358845e-08
143.647,0.0,-0.13952968749999992,1.36756e-08
143.647,0.0,-0.13977968749999992,1.36113e-08
143.647,0.0,-0.14002968749999992,1.355345e-08
143.647,0.0,-0.14027968749999992,1.364415e-08
143.647,0.0,-0.14052968749999992,1.374885e-08
143.647,0.0,-0.14077968749999992,1.36055e-08
143.647,0.0,-0.14102968749999992,1.34856e-08
143.647,0.0,-0.14127968749999992,1.35413e-08
143.647,0.0,-0.14152968749999992,1.3634666666666668e-08
143.647,0.0,-0.14177968749999992,1.31897e-08
143.647,0.0,-0.14202968749999992,1.348545e-08
143.647,0.0,-0.14227968749999992,1.3473550000000001e-08
143.647,0.0,-0.14252968749999992,1.34982e-08
143.647,0.0,-0.14277968749999992,1.35205e-08
143.647,0.0,-0.14302968749999992,1.3626e-08
143.647,0.0,-0.14327968749999992,1.362665e-08
143.647,0.0,-0.14352968749999992,1.35438e-08
143.647,0.0,-0.14377968749999992,1.3895e-08
143.647,0.0,-0.14402968749999992,1.352835e-08
143.647,0.0,-0.14427968749999992,1.3624700000000002e-08
143.647,0.0,-0.14452968749999992,1.36378e-08
143.647,0.0,-0.14477968749999992,1.36688e-08
143.647,0.0,-0.14502968749999992,1.336835e-08
143.647,0.0,-0.14527968749999992,1.344625e-08
143.647,0.0,-0.14552968749999992,1.362535e-08
143.647,0.0,-0.14577968749999992,1.35694e-08
143.647,0.0,-0.14602968749999992,1.35261e-08
143.647,0.0,-0.14627968749999992,1.33113e-08
143.647,0.0,-0.14652968749999992,1.33834e-08
143.647,0.0,-0.14677968749999992,1.3496e-08
143.647,0.0,-0.14702968749999992,1.37069e-08
143.647,0.0,-0.14727968749999992,1.34147e-08
143.647,0.0,-0.1475296874999999,1.35033e-08
143.647,0.0,-0.1477796874999999,1.34902e-08
143.647,0.0,-0.1480296874999999,1.351245e-08
143.647,0.0,-0.1482796874999999,1.384265e-08
143.647,0.0,-0.1485296874999999,1.36802e-08
143.647,0.0,-0.1487796874999999,1.34209e-08
143.647,0.0,-0.1490296874999999,1.35022e-08
143.647,0.0,-0.1492796874999999,1.378055e-08
143.647,0.0,-0.1495296874999999,1.341765e-08
143.647,0.0,-0.1497796874999999,1.37791e-08
143.647,0.0,-0.1500296874999999,1.36291e-08
143.647,0.0,-0.1502796874999999,1.3747566666666664e-08
143.647,0.0,-0.1505296874999999,1.39133e-08
143.647,0.0,-0.1507796874999999,1.384555e-08
143.647,0.0,-0.1510296874999999,1.36152e-08
143.647,0.0,-0.1512796874999999,1.369345e-08
143.647,0.0,-0.1515296874999999,1.3574e-08
143.647,0.0,-0.1517796874999999,1.4352e-08
143.647,0.0,-0.1520296874999999,1.38821e-08
143.647,0.0,-0.1522796874999999,1.379845e-08
143.647,0.0,-0.1525296874999999,1.37763e-08
143.647,0.0,-0.1527796874999999,1.377545e-08
143.647,0.0,-0.1530296874999999,1.372765e-08
143.647,0.0,-0.1532796874999999,1.3806850000000001e-08
143.647,0.0,-0.1535296874999999,1.38821e-08
143.647,0.0,-0.1537796874999999,1.377995e-08
143.647,0.0,-0.1540296874999999,1.37502e-08
143.647,0.0,-0.1542796874999999,1.36816e-08
143.647,0.0,-0.1545296874999999,1.3907e-08
143.647,0.0,-0.1547796874999999,1.37489e-08
143.647,0.0,-0.1550296874999999,1.373465e-08
143.647,0.0,-0.1552796874999999,1.40995e-08
143.647,0.0,-0.1555296874999999,1.38564e-08
143.647,0.0,-0.1557796874999999,1.37008e-08
143.647,0.0,-0.1560296874999999,1.37872e-08
143.647,0.0,-0.1562796874999999,1.386195e-08
143.647,0.0,-0.1565296874999999,1.37941e-08
143.647,0.0,-0.1567796874999999,1.3759000000000001e-08
143.647,0.0,-0.1570296874999999,1.405275e-08
143.647,0.0,-0.1572796874999999,1.38662e-08
143.647,0.0,-0.1575296874999999,1.37827e-08
143.647,0.0,-0.1577796874999999,1.413055e-08
143.647,0.0,-0.1580296874999999,1.3661e-08
143.647,0.0,-0.1582796874999999,1.3799e-08
143.647,0.0,-0.1585296874999999,1.37143e-08
143.647,0.0,-0.1587796874999999,1.3751350000000001e-08
143.647,0.0,-0.1590296874999999,1.38638e-08
143.647,0.0,-0.1592796874999999,1.35732e-08
143.647,0.0,-0.1595296874999999,1.37995e-08
143.647,0.0,-0.1597796874999999,1.365715e-08
143.647,0.0,-0.1600296874999999,1.376895e-08
143.647,0.0,-0.1602796874999999,1.3703699999999998e-08
143.647,0.0,-0.1605296874999999,1.37337e-08
143.647,0.0,-0.1607796874999999,1.3672e-08
143.647,0.0,-0.1610296874999999,1.349385e-08
143.647,0.0,-0.1612796874999999,1.37193e-08
143.647,0.0,-0.1615296874999999,1.370215e-08
143.647,0.0,-0.1617796874999999,1.38307e-08
143.647,0.0,-0.1620296874999999,1.382765e-08
143.647,0.0,-0.1622796874999999,1.37062e-08
143.647,0.0,-0.1625296874999999,1.40149e-08
143.647,0.0,-0.1627796874999999,1.384615e-08
143.647,0.0,-0.1630296874999999,1.388365e-08
143.647,0.0,-0.1632796874999999,1.38335e-08
143.647,0.0,-0.1635296874999999,1.38145e-08
143.647,0.0,-0.1637796874999999,1.381805e-08
143.647,0.0,-0.1640296874999999,1.41151e-08
143.647,0.0,-0.1642796874999999,1.431745e-08
143.647,0.0,-0.1645296874999999,1.37213e-08
143.647,0.0,-0.1647796874999999,1.404095e-08
143.647,0.0,-0.1650296874999999,1.397785e-08
143.647,0.0,-0.1652796874999999,1.3887e-08
143.647,0.0,-0.1655296874999999,1.3952e-08
143.647,0.0,-0.1657796874999999,1.3860633333333332e-08
143.647,0.0,-0.1660296874999999,1.37592e-08
143.647,0.0,-0.1662796874999999,1.390965e-08
143.647,0.0,-0.1665296874999999,1.39622e-08
143.647,0.0,-0.1667796874999999,1.394915e-08
143.647,0.0,-0.1670296874999999,1.393395e-08
143.647,0.0,-0.1672796874999999,1.374855e-08
143.647,0.0,-0.1675296874999999,1.39713e-08
143.647,0.0,-0.1677796874999999,1.410595e-08
143.647,0.0,-0.1680296874999999,1.399745e-08
143.647,0.0,-0.1682796874999999,1.403675e-08
143.647,0.0,-0.16852968749999991,1.390085e-08
143.647,0.0,-0.16877968749999991,1.398135e-08
143.647,0.0,-0.16902968749999991,1.399925e-08
143.647,0.0,-0.16927968749999991,1.420585e-08
143.647,0.0,-0.16952968749999991,1.41821e-08
143.647,0.0,-0.16977968749999992,1.41642e-08
143.647,0.0,-0.17002968749999992,1.410745e-08
143.647,0.0,-0.17027968749999992,1.418075e-08
143.647,0.0,-0.17052968749999992,1.422175e-08
143.647,0.0,-0.17077968749999992,1.430905e-08
143.647,0.0,-0.17102968749999992,1.410765e-08
143.647,0.0,-0.17127968749999992,1.39661e-08
143.647,0.0,-0.17152968749999992,1.43779e-08
143.647,0.0,-0.17177968749999992,1.42361e-08
143.647,0.0,-0.17202968749999992,1.428855e-08
143.647,0.0,-0.17227968749999992,1.424745e-08
143.647,0.0,-0.17252968749999992,1.47232e-08
143.647,0.0,-0.17277968749999992,1.44707e-08
143.647,0.0,-0.17302968749999992,1.43872e-08
143.647,0.0,-0.17327968749999992,1.48447e-08
143.647,0.0,-0.17352968749999992,1.433345e-08
143.647,0.0,-0.17377968749999992,1.449145e-08
143.647,0.0,-0.17402968749999992,1.44169e-08
143.647,0.0,-0.17427968749999992,1.4408e-08
143.647,0.0,-0.17452968749999992,1.432815e-08
143.647,0.0,-0.17477968749999992,1.434565e-08
143.647,0.0,-0.17502968749999992,1.43992e-08
143.647,0.0,-0.17527968749999992,1.40592e-08
143.647,0.0,-0.17552968749999992,1.44325e-08
143.647,0.0,-0.17577968749999992,1.4456e-08
143.647,0.0,-0.17602968749999992,1.4572649999999998e-08
143.647,0.0,-0.17627968749999992,1.42568e-08
143.647,0.0,-0.17652968749999992,1.44068e-08
143.647,0.0,-0.17677968749999992,1.43795e-08
143.647,0.0,-0.17702968749999992,1.441115e-08
143.647,0.0,-0.17727968749999992,1.443445e-08
143.647,0.0,-0.17752968749999992,1.44952e-08
143.647,0.0,-0.17777968749999992,1.46679e-08
143.647,0.0,-0.17802968749999992,1.4371e-08
143.647,0.0,-0.17827968749999992,1.44005e-08
143.647,0.0,-0.17852968749999992,1.447005e-08
143.647,0.0,-0.1787796874999999,1.445845e-08
143.647,0.0,-0.1790296874999999,1.47267e-08
143.647,0.0,-0.1792796874999999,1.44309e-08
143.647,0.0,-0.1795296874999999,1.45917e-08
143.647,0.0,-0.1797796874999999,1.45608e-08
143.647,0.0,-0.1800296874999999,1.460145e-08
143.647,0.0,-0.1802796874999999,1.45858e-08
143.647,0.0,-0.1805296874999999,1.46786e-08
143.647,0.0,-0.1807796874999999,1.4787e-08
143.647,0.0,-0.1810296874999999,1.475595e-08
143.647,0.0,-0.1812796874999999,1.48201e-08
143.647,0.0,-0.1815296874999999,1.4844100000000001e-08
143.647,0.0,-0.1817796874999999,1.47073e-08
143.647,0.0,-0.1820296874999999,1.4676133333333332e-08
143.647,0.0,-0.1822796874999999,1.48138e-08
143.647,0.0,-0.1825296874999999,1.471175e-08
143.647,0.0,-0.1827796874999999,1.4692200000000001e-08
143.647,0.0,-0.1830296874999999,1.47402e-08
143.647,0.0,-0.1832796874999999,1.48689e-08
143.647,0.0,-0.1835296874999999,1.44977e-08
143.647,0.0,-0.1837796874999999,1.48548e-08
143.647,0.0,-0.1840296874999999,1.4811e-08
143.647,0.0,-0.1842796874999999,1.479185e-08
143.647,0.0,-0.1845296874999999,1.487405e-08
143.647,0.0,-0.1847796874999999,1.486295e-08
143.647,0.0,-0.1850296874999999,1.496535e-08
143.647,0.0,-0.1852796874999999,1.47642e-08
143.647,0.0,-0.1855296874999999,1.4794750000000001e-08
143.647,0.0,-0.1857796874999999,1.5103949999999998e-08
143.647,0.0,-0.1860296874999999,1.491055e-08
143.647,0.0,-0.1862796874999999,1.506445e-08
143.647,0.0,-0.1865296874999999,1.520665e-08
143.647,0.0,-0.1867796874999999,1.53052e-08
143.647,0.0,-0.1870296874999999,1.5257250000000006e-08
143.647,0.0,-0.1872796874999999,1.50431e-08
143.647,0.0,-0.1875296874999999,1.50918e-08
143.647,0.0,-0.1877796874999999,1.51337e-08
143.647,0.0,-0.1880296874999999,1.53792e-08
143.647,0.0,-0.1882796874999999,1.5244e-08
143.647,0.0,-0.1885296874999999,1.54719e-08
143.647,0.0,-0.1887796874999999,1.53052e-08
143.647,0.0,-0.1890296874999999,1.6032e-08
143.647,0.0,-0.1892796874999999,1.50794e-08
143.647,0.0,-0.1895296874999999,1.5476e-08
143.647,0.0,-0.1897796874999999,1.5705400000000002e-08
143.647,0.0,-0.1900296874999999,1.5377900000000002e-08
143.647,0.0,-0.1902796874999999,1.5426e-08
143.647,0.0,-0.1905296874999999,1.52315e-08
143.647,0.0,-0.1907796874999999,1.535965e-08
143.647,0.0,-0.1910296874999999,1.545735e-08
143.647,0.0,-0.1912796874999999,1.53718e-08
143.647,0.0,-0.1915296874999999,1.564195e-08
143.647,0.0,-0.1917796874999999,1.60449e-08
143.647,0.0,-0.1920296874999999,1.5581e-08
143.647,0.0,-0.1922796874999999,1.5536e-08
143.647,0.0,-0.1925296874999999,1.56826e-08
143.647,0.0,-0.1927796874999999,1.54276e-08
143.647,0.0,-0.1930296874999999,1.551395e-08
143.647,0.0,-0.1932796874999999,1.5707499999999997e-08
143.647,0.0,-0.1935296874999999,1.5786199999999997e-08
143.647,0.0,-0.1937796874999999,1.5406800000000003e-08
143.647,0.0,-0.1940296874999999,1.57845e-08
143.647,0.0,-0.1942796874999999,1.62051e-08
143.647,0.0,-0.1945296874999999,1.5735150000000003e-08
143.647,0.0,-0.1947796874999999,1.59903e-08
143.647,0.0,-0.1950296874999999,1.58506e-08
143.647,0.0,-0.1952796874999999,1.607725e-08
143.647,0.0,-0.1955296874999999,1.599465e-08
143.647,0.0,-0.1957796874999999,1.61465e-08
143.647,0.0,-0.1960296874999999,1.5921e-08
143.647,0.0,-0.1962796874999999,1.605355e-08
143.647,0.0,-0.1965296874999999,1.604685e-08
143.647,0.0,-0.1967796874999999,1.61573e-08
143.647,0.0,-0.1970296874999999,1.6124e-08
143.647,0.0,-0.1972796874999999,1.6236799999999998e-08
143.647,0.0,-0.1975296874999999,1.6237000000000002e-08
143.647,0.0,-0.1977796874999999,1.636046666666667e-08
143.647,0.0,-0.1980296874999999,1.63682e-08
143.647,0.0,-0.1982796874999999,1.63854e-08
143.647,0.0,-0.1985296874999999,1.655765e-08
143.647,0.0,-0.1987796874999999,1.644425e-08
143.647,0.0,-0.1990296874999999,1.68952e-08
143.647,0.0,-0.1992796874999999,1.6517500000000002e-08
143.647,0.0,-0.1995296874999999,1.6538e-08
143.647,0.0,-0.19977968749999991,1.64751e-08
143.647,0.0,-0.20002968749999991,1.671475e-08
143.647,0.0,-0.20027968749999991,1.647115e-08
143.647,0.0,-0.20052968749999991,1.654865e-08
143.647,0.0,-0.20077968749999991,1.6553350000000002e-08
143.647,0.0,-0.20102968749999992,1.62883e-08
143.647,0.0,-0.20127968749999992,1.648565e-08
143.647,0.0,-0.20152968749999992,1.67753e-08
143.647,0.0,-0.20177968749999992,1.64863e-08
143.647,0.0,-0.20202968749999992,1.6813449999999998e-08
143.647,0.0,-0.20227968749999992,1.628715e-08
143.647,0.0,-0.20252968749999992,1.670405e-08
143.647,0.0,-0.20277968749999992,1.624585e-08
143.647,0.0,-0.20302968749999992,1.63359e-08
143.647,0.0,-0.20327968749999992,1.62152e-08
143.647,0.0,-0.20352968749999992,1.55879e-08
143.647,0.0,-0.20377968749999992,1.599495e-08
143.647,0.0,-0.20402968749999992,1.572965e-08
143.647,0.0,-0.20427968749999992,1.569925e-08
143.647,0.0,-0.20452968749999992,1.572005e-08
143.647,0.0,-0.20477968749999992,1.550275e-08
143.647,0.0,-0.20502968749999992,1.53572e-08
143.647,0.0,-0.20527968749999992,1.50653e-08
143.647,0.0,-0.20552968749999992,1.4733e-08
143.647,0.0,-0.20577968749999992,1.45198e-08
143.647,0.0,-0.20602968749999992,1.43667e-08
143.647,0.0,-0.20627968749999992,1.397325e-08
143.647,0.0,-0.20652968749999992,1.3601133333333334e-08
143.647,0.0,-0.20677968749999992,1.30343e-08
143.647,0.0,-0.20702968749999992,1.27371e-08
143.647,0.0,-0.20727968749999992,1.28027e-08
143.647,0.0,-0.20752968749999992,1.18951e-08
143.647,0.0,-0.20777968749999992,1.142505e-08
143.647,0.0,-0.20802968749999992,1.13688e-08
143.647,0.0,-0.20827968749999992,1.11022e-08
143.647,0.0,-0.20852968749999992,1.087915e-08
143.647,0.0,-0.20877968749999992,1.019602e-08
143.647,0.0,-0.20902968749999992,9.627275e-09
143.647,0.0,-0.20927968749999992,9.16494e-09
143.647,0.0,-0.20952968749999992,8.83661e-09
143.647,0.0,-0.20977968749999992,8.02049e-09
143.647,0.0,-0.2100296874999999,7.890035000000001e-09
143.647,0.0,-0.2102796874999999,7.33721e-09
143.647,0.0,-0.2105296874999999,6.83897e-09
143.647,0.0,-0.2107796874999999,6.1318050000000015e-09
153.147,0.0,0.2909703125000001,2.17893e-08
153.147,0.0,0.2907203125000001,2.157995e-08
153.147,0.0,0.2904703125000001,2.161595e-08
153.147,0.0,0.2902203125000001,2.144835e-08
153.147,0.0,0.2899703125000001,2.062015e-08
153.147,0.0,0.2897203125000001,1.58814e-08
153.147,0.0,0.2894703125000001,1.653305e-08
153.147,0.0,0.2892203125000001,1.71202e-08
153.147,0.0,0.2889703125000001,1.831285e-08
153.147,0.0,0.2887203125000001,1.93069e-08
153.147,0.0,0.2884703125000001,2.0044e-08
153.147,0.0,0.2882203125000001,2.174225e-08
153.147,0.0,0.2879703125000001,2.316525e-08
153.147,0.0,0.2877203125000001,3.73408e-08
153.147,0.0,0.2874703125000001,3.90664e-08
153.147,0.0,0.2872203125000001,4.09869e-08
153.147,0.0,0.2869703125000001,4.27801e-08
153.147,0.0,0.2867203125000001,4.42264e-08
153.147,0.0,0.2864703125000001,4.53529e-08
153.147,0.0,0.2862203125000001,4.650645e-08
153.147,0.0,0.2859703125000001,4.76888e-08
153.147,0.0,0.2857203125000001,4.88835e-08
153.147,0.0,0.2854703125000001,4.96917e-08
153.147,0.0,0.2852203125000001,5.101616666666666e-08
153.147,0.0,0.2849703125000001,5.17658e-08
153.147,0.0,0.2847203125000001,5.22378e-08
153.147,0.0,0.2844703125000001,5.26814e-08
153.147,0.0,0.28422031250000007,5.31141e-08
153.147,0.0,0.2839703125000001,5.35945e-08
153.147,0.0,0.28372031250000007,5.40828e-08
153.147,0.0,0.2834703125000001,5.426365e-08
153.147,0.0,0.28322031250000007,5.475105e-08
153.147,0.0,0.2829703125000001,5.503005e-08
153.147,0.0,0.28272031250000007,5.561705e-08
153.147,0.0,0.2824703125000001,5.57976e-08
153.147,0.0,0.28222031250000007,5.61115e-08
153.147,0.0,0.2819703125000001,5.62188e-08
153.147,0.0,0.28172031250000007,5.63294e-08
153.147,0.0,0.2814703125000001,5.66758e-08
153.147,0.0,0.28122031250000007,5.67306e-08
153.147,0.0,0.2809703125000001,5.666165e-08
153.147,0.0,0.28072031250000007,5.62595e-08
153.147,0.0,0.2804703125000001,5.65578e-08
153.147,0.0,0.28022031250000007,5.641e-08
153.147,0.0,0.2799703125000001,5.63239e-08
153.147,0.0,0.27972031250000007,5.63483e-08
153.147,0.0,0.2794703125000001,5.622415e-08
153.147,0.0,0.27922031250000007,5.609795e-08
153.147,0.0,0.2789703125000001,5.592285e-08
153.147,0.0,0.27872031250000007,5.63144e-08
153.147,0.0,0.2784703125000001,5.624415e-08
153.147,0.0,0.27822031250000007,5.57476e-08
153.147,0.0,0.2779703125000001,5.607515e-08
153.147,0.0,0.27772031250000007,5.582585e-08
153.147,0.0,0.2774703125000001,5.546695e-08
153.147,0.0,0.27722031250000007,5.56463e-08
153.147,0.0,0.2769703125000001,5.54191e-08
153.147,0.0,0.27672031250000007,5.55081e-08
153.147,0.0,0.2764703125000001,5.538495e-08
153.147,0.0,0.27622031250000006,5.51819e-08
153.147,0.0,0.2759703125000001,5.50176e-08
153.147,0.0,0.27572031250000006,5.477635e-08
153.147,0.0,0.2754703125000001,5.4444900000000003e-08
153.147,0.0,0.27522031250000006,5.447335e-08
153.147,0.0,0.2749703125000001,5.44614e-08
153.147,0.0,0.27472031250000006,5.39467e-08
153.147,0.0,0.2744703125000001,5.405575e-08
153.147,0.0,0.2742203125000001,5.395150000000001e-08
153.147,0.0,0.2739703125000001,5.378515e-08
153.147,0.0,0.2737203125000001,5.380145e-08
153.147,0.0,0.2734703125000001,5.3437850000000004e-08
153.147,0.0,0.2732203125000001,5.326815e-08
153.147,0.0,0.2729703125000001,5.32236e-08
153.147,0.0,0.2727203125000001,5.30428e-08
153.147,0.0,0.2724703125000001,5.26252e-08
153.147,0.0,0.2722203125000001,5.258315e-08
153.147,0.0,0.2719703125000001,5.251735e-08
153.147,0.0,0.2717203125000001,5.22148e-08
153.147,0.0,0.2714703125000001,5.2285e-08
153.147,0.0,0.2712203125000001,5.214375e-08
153.147,0.0,0.2709703125000001,5.19305e-08
153.147,0.0,0.2707203125000001,5.172515e-08
153.147,0.0,0.2704703125000001,5.161555e-08
153.147,0.0,0.2702203125000001,5.136795e-08
153.147,0.0,0.2699703125000001,5.12673e-08
153.147,0.0,0.2697203125000001,5.13284e-08
153.147,0.0,0.2694703125000001,5.09581e-08
153.147,0.0,0.2692203125000001,5.08449e-08
153.147,0.0,0.2689703125000001,5.06957e-08
153.147,0.0,0.2687203125000001,5.05619e-08
153.147,0.0,0.2684703125000001,5.0400650000000003e-08
153.147,0.0,0.2682203125000001,5.046505e-08
153.147,0.0,0.2679703125000001,5.03724e-08
153.147,0.0,0.2677203125000001,5.00014e-08
153.147,0.0,0.2674703125000001,5.0044e-08
153.147,0.0,0.2672203125000001,4.98543e-08
153.147,0.0,0.2669703125000001,4.9681e-08
153.147,0.0,0.2667203125000001,4.9432e-08
153.147,0.0,0.2664703125000001,4.918105000000001e-08
153.147,0.0,0.2662203125000001,4.901745e-08
153.147,0.0,0.2659703125000001,4.87296e-08
153.147,0.0,0.2657203125000001,4.856675e-08
153.147,0.0,0.2654703125000001,4.850395e-08
153.147,0.0,0.2652203125000001,4.83793e-08
153.147,0.0,0.2649703125000001,4.83384e-08
153.147,0.0,0.2647203125000001,4.830045e-08
153.147,0.0,0.2644703125000001,4.788425e-08
153.147,0.0,0.2642203125000001,4.778335e-08
153.147,0.0,0.2639703125000001,4.76628e-08
153.147,0.0,0.2637203125000001,4.748655e-08
153.147,0.0,0.2634703125000001,4.741305e-08
153.147,0.0,0.2632203125000001,4.7213e-08
153.147,0.0,0.2629703125000001,4.71092e-08
153.147,0.0,0.2627203125000001,4.672185e-08
153.147,0.0,0.2624703125000001,4.670350000000001e-08
153.147,0.0,0.2622203125000001,4.640283333333333e-08
153.147,0.0,0.2619703125000001,4.62851e-08
153.147,0.0,0.2617203125000001,4.629865e-08
153.147,0.0,0.2614703125000001,4.59068e-08
153.147,0.0,0.2612203125000001,4.60617e-08
153.147,0.0,0.2609703125000001,4.60757e-08
153.147,0.0,0.2607203125000001,4.558655000000001e-08
153.147,0.0,0.2604703125000001,4.57812e-08
153.147,0.0,0.2602203125000001,4.550895e-08
153.147,0.0,0.2599703125000001,4.55592e-08
153.147,0.0,0.2597203125000001,4.53419e-08
153.147,0.0,0.2594703125000001,4.503085e-08
153.147,0.0,0.2592203125000001,4.49635e-08
153.147,0.0,0.2589703125000001,4.48396e-08
153.147,0.0,0.2587203125000001,4.45016e-08
153.147,0.0,0.2584703125000001,4.45411e-08
153.147,0.0,0.2582203125000001,4.42813e-08
153.147,0.0,0.2579703125000001,4.398285e-08
153.147,0.0,0.2577203125000001,4.3938e-08
153.147,0.0,0.2574703125000001,4.363570000000001e-08
153.147,0.0,0.2572203125000001,4.37516e-08
153.147,0.0,0.2569703125000001,4.365785000000001e-08
153.147,0.0,0.2567203125000001,4.373805e-08
153.147,0.0,0.2564703125000001,4.34685e-08
153.147,0.0,0.2562203125000001,4.3498e-08
153.147,0.0,0.2559703125000001,4.32323e-08
153.147,0.0,0.2557203125000001,4.2992700000000004e-08
153.147,0.0,0.2554703125000001,4.26798e-08
153.147,0.0,0.2552203125000001,4.27717e-08
153.147,0.0,0.2549703125000001,4.249805e-08
153.147,0.0,0.2547203125000001,4.23541e-08
153.147,0.0,0.2544703125000001,4.214185e-08
153.147,0.0,0.2542203125000001,4.23303e-08
153.147,0.0,0.2539703125000001,4.1911866666666667e-08
153.147,0.0,0.2537203125000001,4.18528e-08
153.147,0.0,0.2534703125000001,4.163905e-08
153.147,0.0,0.2532203125000001,4.14922e-08
153.147,0.0,0.25297031250000007,4.1302900000000004e-08
153.147,0.0,0.2527203125000001,4.11799e-08
153.147,0.0,0.25247031250000007,4.116805e-08
153.147,0.0,0.2522203125000001,4.09835e-08
153.147,0.0,0.25197031250000007,4.09652e-08
153.147,0.0,0.2517203125000001,4.06821e-08
153.147,0.0,0.25147031250000007,4.061085e-08
153.147,0.0,0.2512203125000001,4.076265e-08
153.147,0.0,0.25097031250000007,4.049955e-08
153.147,0.0,0.2507203125000001,4.039305e-08
153.147,0.0,0.25047031250000007,4.010975e-08
153.147,0.0,0.2502203125000001,4.01159e-08
153.147,0.0,0.2499703125000001,4.003835e-08
153.147,0.0,0.2497203125000001,3.981905e-08
153.147,0.0,0.2494703125000001,3.97417e-08
153.147,0.0,0.2492203125000001,3.95428e-08
153.147,0.0,0.2489703125000001,3.95153e-08
153.147,0.0,0.2487203125000001,3.934315e-08
153.147,0.0,0.2484703125000001,3.918160000000001e-08
153.147,0.0,0.2482203125000001,3.90869e-08
153.147,0.0,0.2479703125000001,3.909525e-08
153.147,0.0,0.2477203125000001,3.8919200000000003e-08
153.147,0.0,0.2474703125000001,3.90021e-08
153.147,0.0,0.2472203125000001,3.88676e-08
153.147,0.0,0.2469703125000001,3.866415e-08
153.147,0.0,0.2467203125000001,3.87357e-08
153.147,0.0,0.2464703125000001,3.86654e-08
153.147,0.0,0.2462203125000001,3.86197e-08
153.147,0.0,0.2459703125000001,3.833695e-08
153.147,0.0,0.2457203125000001,3.818235e-08
153.147,0.0,0.2454703125000001,3.827935e-08
153.147,0.0,0.2452203125000001,3.81001e-08
153.147,0.0,0.2449703125000001,3.80661e-08
153.147,0.0,0.2447203125000001,3.80274e-08
153.147,0.0,0.2444703125000001,3.7846350000000006e-08
153.147,0.0,0.2442203125000001,3.743715e-08
153.147,0.0,0.2439703125000001,3.7704150000000006e-08
153.147,0.0,0.2437203125000001,3.755875e-08
153.147,0.0,0.2434703125000001,3.753175e-08
153.147,0.0,0.2432203125000001,3.72908e-08
153.147,0.0,0.2429703125000001,3.7305e-08
153.147,0.0,0.2427203125000001,3.7223150000000003e-08
153.147,0.0,0.2424703125000001,3.711185e-08
153.147,0.0,0.2422203125000001,3.68797e-08
153.147,0.0,0.2419703125000001,3.689785e-08
153.147,0.0,0.2417203125000001,3.659575e-08
153.147,0.0,0.2414703125000001,3.670605e-08
153.147,0.0,0.2412203125000001,3.6497e-08
153.147,0.0,0.2409703125000001,3.645985e-08
153.147,0.0,0.2407203125000001,3.64787e-08
153.147,0.0,0.2404703125000001,3.6617e-08
153.147,0.0,0.2402203125000001,3.61756e-08
153.147,0.0,0.2399703125000001,3.63295e-08
153.147,0.0,0.2397203125000001,3.598463333333333e-08
153.147,0.0,0.2394703125000001,3.59328e-08
153.147,0.0,0.2392203125000001,3.59548e-08
153.147,0.0,0.2389703125000001,3.596125e-08
153.147,0.0,0.2387203125000001,3.57268e-08
153.147,0.0,0.2384703125000001,3.576215e-08
153.147,0.0,0.2382203125000001,3.60347e-08
153.147,0.0,0.2379703125000001,3.564855e-08
153.147,0.0,0.23772031250000009,3.5444900000000005e-08
153.147,0.0,0.23747031250000009,3.56201e-08
153.147,0.0,0.23722031250000009,3.538445e-08
153.147,0.0,0.23697031250000009,3.520485e-08
153.147,0.0,0.23672031250000009,3.5093349999999994e-08
153.147,0.0,0.23647031250000008,3.54314e-08
153.147,0.0,0.23622031250000008,3.4850750000000005e-08
153.147,0.0,0.23597031250000008,3.47319e-08
153.147,0.0,0.23572031250000008,3.477125e-08
153.147,0.0,0.23547031250000008,3.48752e-08
153.147,0.0,0.23522031250000008,3.461735e-08
153.147,0.0,0.23497031250000008,3.43509e-08
153.147,0.0,0.23472031250000008,3.438575e-08
153.147,0.0,0.23447031250000008,3.43824e-08
153.147,0.0,0.23422031250000008,3.451265e-08
153.147,0.0,0.23397031250000008,3.423585e-08
153.147,0.0,0.23372031250000008,3.432335e-08
153.147,0.0,0.23347031250000008,3.4158200000000005e-08
153.147,0.0,0.23322031250000008,3.3976899999999995e-08
153.147,0.0,0.23297031250000008,3.397955e-08
153.147,0.0,0.23272031250000008,3.392035e-08
153.147,0.0,0.23247031250000008,3.38254e-08
153.147,0.0,0.23222031250000008,3.3767800000000004e-08
153.147,0.0,0.23197031250000008,3.377335e-08
153.147,0.0,0.23172031250000008,3.354205e-08
153.147,0.0,0.23147031250000008,3.35148e-08
153.147,0.0,0.23122031250000008,3.36896e-08
153.147,0.0,0.23097031250000008,3.3636833333333334e-08
153.147,0.0,0.23072031250000008,3.336635e-08
153.147,0.0,0.23047031250000008,3.33065e-08
153.147,0.0,0.23022031250000008,3.32418e-08
153.147,0.0,0.22997031250000008,3.3308050000000006e-08
153.147,0.0,0.22972031250000008,3.32158e-08
153.147,0.0,0.22947031250000008,3.30398e-08
153.147,0.0,0.22922031250000008,3.308565e-08
153.147,0.0,0.22897031250000008,3.30779e-08
153.147,0.0,0.22872031250000008,3.289705e-08
153.147,0.0,0.22847031250000008,3.3049e-08
153.147,0.0,0.22822031250000008,3.2819e-08
153.147,0.0,0.22797031250000008,3.2898700000000006e-08
153.147,0.0,0.22772031250000008,3.2797e-08
153.147,0.0,0.2274703125000001,3.24659e-08
153.147,0.0,0.2272203125000001,3.2812500000000003e-08
153.147,0.0,0.2269703125000001,3.26716e-08
153.147,0.0,0.2267203125000001,3.2852349999999994e-08
153.147,0.0,0.2264703125000001,3.2743449999999995e-08
153.147,0.0,0.2262203125000001,3.274225e-08
153.147,0.0,0.2259703125000001,3.26019e-08
153.147,0.0,0.2257203125000001,3.25399e-08
153.147,0.0,0.2254703125000001,3.27806e-08
153.147,0.0,0.2252203125000001,3.24828e-08
153.147,0.0,0.2249703125000001,3.277095e-08
153.147,0.0,0.2247203125000001,3.23305e-08
153.147,0.0,0.2244703125000001,3.2285300000000004e-08
153.147,0.0,0.2242203125000001,3.2245050000000005e-08
153.147,0.0,0.2239703125000001,3.222495e-08
153.147,0.0,0.2237203125000001,3.21325e-08
153.147,0.0,0.2234703125000001,3.19821e-08
153.147,0.0,0.2232203125000001,3.2167100000000005e-08
153.147,0.0,0.2229703125000001,3.23495e-08
153.147,0.0,0.2227203125000001,3.1931250000000003e-08
153.147,0.0,0.2224703125000001,3.19049e-08
153.147,0.0,0.2222203125000001,3.188645e-08
153.147,0.0,0.2219703125000001,3.187955e-08
153.147,0.0,0.2217203125000001,3.17198e-08
153.147,0.0,0.2214703125000001,3.16692e-08
153.147,0.0,0.2212203125000001,3.19773e-08
153.147,0.0,0.2209703125000001,3.16966e-08
153.147,0.0,0.2207203125000001,3.1782950000000005e-08
153.147,0.0,0.2204703125000001,3.13971e-08
153.147,0.0,0.2202203125000001,3.18316e-08
153.147,0.0,0.2199703125000001,3.1522e-08
153.147,0.0,0.2197203125000001,3.162675e-08
153.147,0.0,0.2194703125000001,3.149195e-08
153.147,0.0,0.2192203125000001,3.152445e-08
153.147,0.0,0.2189703125000001,3.139905e-08
153.147,0.0,0.2187203125000001,3.13993e-08
153.147,0.0,0.2184703125000001,3.13777e-08
153.147,0.0,0.2182203125000001,3.137685e-08
153.147,0.0,0.2179703125000001,3.1450999999999995e-08
153.147,0.0,0.2177203125000001,3.149035e-08
153.147,0.0,0.2174703125000001,3.135585e-08
153.147,0.0,0.2172203125000001,3.13557e-08
153.147,0.0,0.2169703125000001,3.145225e-08
153.147,0.0,0.2167203125000001,3.11979e-08
153.147,0.0,0.2164703125000001,3.1184750000000004e-08
153.147,0.0,0.2162203125000001,3.101495e-08
153.147,0.0,0.2159703125000001,3.10821e-08
153.147,0.0,0.2157203125000001,3.09461e-08
153.147,0.0,0.2154703125000001,3.109213333333333e-08
153.147,0.0,0.2152203125000001,3.100405e-08
153.147,0.0,0.2149703125000001,3.1008349999999995e-08
153.147,0.0,0.2147203125000001,3.09001e-08
153.147,0.0,0.2144703125000001,3.104135e-08
153.147,0.0,0.2142203125000001,3.12019e-08
153.147,0.0,0.2139703125000001,3.1077e-08
153.147,0.0,0.2137203125000001,3.10035e-08
153.147,0.0,0.2134703125000001,3.1079750000000004e-08
153.147,0.0,0.2132203125000001,3.105105e-08
153.147,0.0,0.2129703125000001,3.10634e-08
153.147,0.0,0.2127203125000001,3.07434e-08
153.147,0.0,0.2124703125000001,3.092755e-08
153.147,0.0,0.2122203125000001,3.10194e-08
153.147,0.0,0.2119703125000001,3.0880050000000005e-08
153.147,0.0,0.2117203125000001,3.08198e-08
153.147,0.0,0.2114703125000001,3.09257e-08
153.147,0.0,0.2112203125000001,3.089565e-08
153.147,0.0,0.2109703125000001,3.087885e-08
153.147,0.0,0.2107203125000001,3.09834e-08
153.147,0.0,0.2104703125000001,3.090215e-08
153.147,0.0,0.2102203125000001,3.1171849999999995e-08
153.147,0.0,0.2099703125000001,3.09507e-08
153.147,0.0,0.2097203125000001,3.08062e-08
153.147,0.0,0.2094703125000001,3.081585e-08
153.147,0.0,0.2092203125000001,3.08854e-08
153.147,0.0,0.2089703125000001,3.07234e-08
153.147,0.0,0.2087203125000001,3.09056e-08
153.147,0.0,0.2084703125000001,3.08901e-08
153.147,0.0,0.2082203125000001,3.10517e-08
153.147,0.0,0.2079703125000001,3.085065e-08
153.147,0.0,0.2077203125000001,3.1024e-08
153.147,0.0,0.2074703125000001,3.097945e-08
153.147,0.0,0.2072203125000001,3.09371e-08
153.147,0.0,0.2069703125000001,3.0741250000000004e-08
153.147,0.0,0.2067203125000001,3.08317e-08
153.147,0.0,0.20647031250000009,3.0814300000000003e-08
153.147,0.0,0.20622031250000009,3.072865e-08
153.147,0.0,0.20597031250000009,3.074353333333333e-08
153.147,0.0,0.20572031250000009,3.06401e-08
153.147,0.0,0.20547031250000009,3.08338e-08
153.147,0.0,0.20522031250000008,3.079085e-08
153.147,0.0,0.20497031250000008,3.054915e-08
153.147,0.0,0.20472031250000008,3.09589e-08
153.147,0.0,0.20447031250000008,3.07819e-08
153.147,0.0,0.20422031250000008,3.0882899999999994e-08
153.147,0.0,0.20397031250000008,3.064755e-08
153.147,0.0,0.20372031250000008,3.066665e-08
153.147,0.0,0.20347031250000008,3.0678500000000006e-08
153.147,0.0,0.20322031250000008,3.0556899999999995e-08
153.147,0.0,0.20297031250000008,3.058955e-08
153.147,0.0,0.20272031250000008,3.065e-08
153.147,0.0,0.20247031250000008,3.0618949999999995e-08
153.147,0.0,0.20222031250000008,3.06527e-08
153.147,0.0,0.20197031250000008,3.064545e-08
153.147,0.0,0.20172031250000008,3.0916e-08
153.147,0.0,0.20147031250000008,3.0464666666666666e-08
153.147,0.0,0.20122031250000008,3.0356250000000004e-08
153.147,0.0,0.20097031250000008,3.04128e-08
153.147,0.0,0.20072031250000008,3.04929e-08
153.147,0.0,0.20047031250000008,3.05753e-08
153.147,0.0,0.20022031250000008,3.0544899999999994e-08
153.147,0.0,0.19997031250000008,3.0650800000000003e-08
153.147,0.0,0.19972031250000008,3.04866e-08
153.147,0.0,0.19947031250000008,3.02968e-08
153.147,0.0,0.19922031250000008,3.046105e-08
153.147,0.0,0.19897031250000008,3.027925e-08
153.147,0.0,0.19872031250000008,3.01605e-08
153.147,0.0,0.19847031250000008,3.0382e-08
153.147,0.0,0.19822031250000008,3.024155e-08
153.147,0.0,0.19797031250000008,3.02107e-08
153.147,0.0,0.19772031250000008,3.0116500000000004e-08
153.147,0.0,0.19747031250000008,3.023795e-08
153.147,0.0,0.19722031250000008,3.0237550000000005e-08
153.147,0.0,0.19697031250000008,2.9998249999999995e-08
153.147,0.0,0.19672031250000008,3.0031899999999995e-08
153.147,0.0,0.19647031250000008,2.9954500000000005e-08
153.147,0.0,0.1962203125000001,2.981025e-08
153.147,0.0,0.1959703125000001,2.97292e-08
153.147,0.0,0.1957203125000001,2.96679e-08
153.147,0.0,0.1954703125000001,2.964865e-08
153.147,0.0,0.1952203125000001,2.948325e-08
153.147,0.0,0.1949703125000001,2.94295e-08
153.147,0.0,0.1947203125000001,2.94773e-08
153.147,0.0,0.1944703125000001,2.942755e-08
153.147,0.0,0.1942203125000001,2.9119950000000006e-08
153.147,0.0,0.1939703125000001,2.93209e-08
153.147,0.0,0.1937203125000001,2.92951e-08
153.147,0.0,0.1934703125000001,2.920265e-08
153.147,0.0,0.1932203125000001,2.91445e-08
153.147,0.0,0.1929703125000001,2.924325e-08
153.147,0.0,0.1927203125000001,2.9096700000000006e-08
153.147,0.0,0.1924703125000001,2.91039e-08
153.147,0.0,0.1922203125000001,2.905505e-08
153.147,0.0,0.1919703125000001,2.91198e-08
153.147,0.0,0.1917203125000001,2.895035e-08
153.147,0.0,0.1914703125000001,2.885455e-08
153.147,0.0,0.1912203125000001,2.87954e-08
153.147,0.0,0.1909703125000001,2.86695e-08
153.147,0.0,0.1907203125000001,2.87701e-08
153.147,0.0,0.1904703125000001,2.869755e-08
153.147,0.0,0.1902203125000001,2.89041e-08
153.147,0.0,0.1899703125000001,2.82959e-08
153.147,0.0,0.1897203125000001,2.853995e-08
153.147,0.0,0.1894703125000001,2.85327e-08
153.147,0.0,0.1892203125000001,2.864225e-08
153.147,0.0,0.1889703125000001,2.88861e-08
153.147,0.0,0.1887203125000001,2.870335e-08
153.147,0.0,0.1884703125000001,2.85088e-08
153.147,0.0,0.1882203125000001,2.85466e-08
153.147,0.0,0.1879703125000001,2.855385e-08
153.147,0.0,0.1877203125000001,2.852425e-08
153.147,0.0,0.1874703125000001,2.863535e-08
153.147,0.0,0.1872203125000001,2.865435e-08
153.147,0.0,0.1869703125000001,2.86002e-08
153.147,0.0,0.1867203125000001,2.87004e-08
153.147,0.0,0.1864703125000001,2.86262e-08
153.147,0.0,0.1862203125000001,2.86608e-08
153.147,0.0,0.1859703125000001,2.85771e-08
153.147,0.0,0.1857203125000001,2.835695e-08
153.147,0.0,0.1854703125000001,2.84839e-08
153.147,0.0,0.1852203125000001,2.8674600000000002e-08
153.147,0.0,0.1849703125000001,2.84583e-08
153.147,0.0,0.1847203125000001,2.8361e-08
153.147,0.0,0.1844703125000001,2.8100900000000006e-08
153.147,0.0,0.1842203125000001,2.819345e-08
153.147,0.0,0.1839703125000001,2.821255e-08
153.147,0.0,0.1837203125000001,2.821545e-08
153.147,0.0,0.1834703125000001,2.82338e-08
153.147,0.0,0.1832203125000001,2.82119e-08
153.147,0.0,0.1829703125000001,2.832355e-08
153.147,0.0,0.1827203125000001,2.8274300000000002e-08
153.147,0.0,0.1824703125000001,2.837725e-08
153.147,0.0,0.1822203125000001,2.82693e-08
153.147,0.0,0.1819703125000001,2.78468e-08
153.147,0.0,0.1817203125000001,2.8209e-08
153.147,0.0,0.1814703125000001,2.82901e-08
153.147,0.0,0.1812203125000001,2.79512e-08
153.147,0.0,0.1809703125000001,2.802305e-08
153.147,0.0,0.1807203125000001,2.805525e-08
153.147,0.0,0.1804703125000001,2.80614e-08
153.147,0.0,0.1802203125000001,2.81015e-08
153.147,0.0,0.1799703125000001,2.8072e-08
153.147,0.0,0.1797203125000001,2.794515e-08
153.147,0.0,0.1794703125000001,2.7927600000000002e-08
153.147,0.0,0.1792203125000001,2.796915e-08
153.147,0.0,0.1789703125000001,2.78149e-08
153.147,0.0,0.1787203125000001,2.769385e-08
153.147,0.0,0.1784703125000001,2.7896650000000006e-08
153.147,0.0,0.1782203125000001,2.78425e-08
153.147,0.0,0.1779703125000001,2.78887e-08
153.147,0.0,0.1777203125000001,2.76224e-08
153.147,0.0,0.1774703125000001,2.76138e-08
153.147,0.0,0.1772203125000001,2.77214e-08
153.147,0.0,0.1769703125000001,2.7731466666666673e-08
153.147,0.0,0.1767203125000001,2.748795e-08
153.147,0.0,0.1764703125000001,2.76217e-08
153.147,0.0,0.1762203125000001,2.76774e-08
153.147,0.0,0.1759703125000001,2.746975e-08
153.147,0.0,0.1757203125000001,2.74637e-08
153.147,0.0,0.1754703125000001,2.762215e-08
153.147,0.0,0.17522031250000009,2.75907e-08
153.147,0.0,0.17497031250000009,2.75496e-08
153.147,0.0,0.17472031250000009,2.74518e-08
153.147,0.0,0.17447031250000009,2.750045e-08
153.147,0.0,0.17422031250000009,2.77683e-08
153.147,0.0,0.17397031250000008,2.758785e-08
153.147,0.0,0.17372031250000008,2.7455e-08
153.147,0.0,0.17347031250000008,2.747755e-08
153.147,0.0,0.17322031250000008,2.75569e-08
153.147,0.0,0.17297031250000008,2.736475e-08
153.147,0.0,0.17272031250000008,2.752215e-08
153.147,0.0,0.17247031250000008,2.730435e-08
153.147,0.0,0.17222031250000008,2.7356950000000002e-08
153.147,0.0,0.17197031250000008,2.73989e-08
153.147,0.0,0.17172031250000008,2.739205e-08
153.147,0.0,0.17147031250000008,2.72199e-08
153.147,0.0,0.17122031250000008,2.73847e-08
153.147,0.0,0.17097031250000008,2.738985e-08
153.147,0.0,0.17072031250000008,2.740665e-08
153.147,0.0,0.17047031250000008,2.73926e-08
153.147,0.0,0.17022031250000008,2.74414e-08
153.147,0.0,0.16997031250000008,2.72788e-08
153.147,0.0,0.16972031250000008,2.73508e-08
153.147,0.0,0.16947031250000008,2.730365e-08
153.147,0.0,0.16922031250000008,2.72312e-08
153.147,0.0,0.16897031250000008,2.70277e-08
153.147,0.0,0.16872031250000008,2.70391e-08
153.147,0.0,0.16847031250000008,2.710895e-08
153.147,0.0,0.16822031250000008,2.72725e-08
153.147,0.0,0.16797031250000008,2.7230233333333333e-08
153.147,0.0,0.16772031250000008,2.736935e-08
153.147,0.0,0.16747031250000008,2.709275e-08
153.147,0.0,0.16722031250000008,2.70122e-08
153.147,0.0,0.16697031250000008,2.7266e-08
153.147,0.0,0.16672031250000008,2.730355e-08
153.147,0.0,0.16647031250000008,2.72583e-08
153.147,0.0,0.16622031250000008,2.71932e-08
153.147,0.0,0.16597031250000008,2.717115e-08
153.147,0.0,0.16572031250000008,2.70705e-08
153.147,0.0,0.16547031250000008,2.71373e-08
153.147,0.0,0.16522031250000008,2.71971e-08
153.147,0.0,0.1649703125000001,2.727535e-08
153.147,0.0,0.1647203125000001,2.7428e-08
153.147,0.0,0.1644703125000001,2.729095e-08
153.147,0.0,0.1642203125000001,2.73312e-08
153.147,0.0,0.1639703125000001,2.7362350000000003e-08
153.147,0.0,0.1637203125000001,2.743305e-08
153.147,0.0,0.1634703125000001,2.738875e-08
153.147,0.0,0.1632203125000001,2.75491e-08
153.147,0.0,0.1629703125000001,2.7389e-08
153.147,0.0,0.1627203125000001,2.742625e-08
153.147,0.0,0.1624703125000001,2.74441e-08
153.147,0.0,0.1622203125000001,2.735965e-08
153.147,0.0,0.1619703125000001,2.72769e-08
153.147,0.0,0.1617203125000001,2.735e-08
153.147,0.0,0.1614703125000001,2.7521550000000002e-08
153.147,0.0,0.1612203125000001,2.75919e-08
153.147,0.0,0.1609703125000001,2.747105e-08
153.147,0.0,0.1607203125000001,2.758805e-08
153.147,0.0,0.1604703125000001,2.755145e-08
153.147,0.0,0.1602203125000001,2.74859e-08
153.147,0.0,0.1599703125000001,2.747995e-08
153.147,0.0,0.1597203125000001,2.752815e-08
153.147,0.0,0.1594703125000001,2.7133e-08
153.147,0.0,0.1592203125000001,2.77519e-08
153.147,0.0,0.1589703125000001,2.73675e-08
153.147,0.0,0.1587203125000001,2.7548100000000002e-08
153.147,0.0,0.1584703125000001,2.7448000000000002e-08
153.147,0.0,0.1582203125000001,2.75707e-08
153.147,0.0,0.1579703125000001,2.743525e-08
153.147,0.0,0.1577203125000001,2.74431e-08
153.147,0.0,0.1574703125000001,2.7706e-08
153.147,0.0,0.1572203125000001,2.746625e-08
153.147,0.0,0.1569703125000001,2.749645e-08
153.147,0.0,0.1567203125000001,2.748435e-08
153.147,0.0,0.1564703125000001,2.73154e-08
153.147,0.0,0.1562203125000001,2.68377e-08
153.147,0.0,0.1559703125000001,2.74232e-08
153.147,0.0,0.1557203125000001,2.708325e-08
153.147,0.0,0.1554703125000001,2.73548e-08
153.147,0.0,0.1552203125000001,2.71373e-08
153.147,0.0,0.1549703125000001,2.69631e-08
153.147,0.0,0.1547203125000001,2.67934e-08
153.147,0.0,0.1544703125000001,2.69661e-08
153.147,0.0,0.1542203125000001,2.697985e-08
153.147,0.0,0.1539703125000001,2.69338e-08
153.147,0.0,0.1537203125000001,2.679815e-08
153.147,0.0,0.1534703125000001,2.6647e-08
153.147,0.0,0.1532203125000001,2.64984e-08
153.147,0.0,0.1529703125000001,2.634215e-08
153.147,0.0,0.1527203125000001,2.63082e-08
153.147,0.0,0.1524703125000001,2.62686e-08
153.147,0.0,0.1522203125000001,2.614165e-08
153.147,0.0,0.1519703125000001,2.618595e-08
153.147,0.0,0.1517203125000001,2.5955e-08
153.147,0.0,0.1514703125000001,2.61614e-08
153.147,0.0,0.1512203125000001,2.60044e-08
153.147,0.0,0.1509703125000001,2.623245e-08
153.147,0.0,0.1507203125000001,2.584085e-08
153.147,0.0,0.1504703125000001,2.56759e-08
153.147,0.0,0.1502203125000001,2.58389e-08
153.147,0.0,0.1499703125000001,2.59753e-08
153.147,0.0,0.1497203125000001,2.58447e-08
153.147,0.0,0.1494703125000001,2.59548e-08
153.147,0.0,0.1492203125000001,2.566005e-08
153.147,0.0,0.1489703125000001,2.585895e-08
153.147,0.0,0.1487203125000001,2.580485e-08
153.147,0.0,0.1484703125000001,2.57899e-08
153.147,0.0,0.1482203125000001,2.602355e-08
153.147,0.0,0.1479703125000001,2.58511e-08
153.147,0.0,0.1477203125000001,2.57723e-08
153.147,0.0,0.1474703125000001,2.575955e-08
153.147,0.0,0.1472203125000001,2.55715e-08
153.147,0.0,0.1469703125000001,2.545315e-08
153.147,0.0,0.1467203125000001,2.574005e-08
153.147,0.0,0.1464703125000001,2.57436e-08
153.147,0.0,0.1462203125000001,2.583895e-08
153.147,0.0,0.1459703125000001,2.5748300000000003e-08
153.147,0.0,0.1457203125000001,2.57249e-08
153.147,0.0,0.1454703125000001,2.5701650000000002e-08
153.147,0.0,0.1452203125000001,2.574395e-08
153.147,0.0,0.1449703125000001,2.58226e-08
153.147,0.0,0.1447203125000001,2.56097e-08
153.147,0.0,0.1444703125000001,2.5724050000000002e-08
153.147,0.0,0.1442203125000001,2.576915e-08
153.147,0.0,0.14397031250000009,2.573995e-08
153.147,0.0,0.14372031250000009,2.57124e-08
153.147,0.0,0.14347031250000009,2.56632e-08
153.147,0.0,0.14322031250000009,2.577715e-08
153.147,0.0,0.14297031250000009,2.575925e-08
153.147,0.0,0.14272031250000008,2.605025e-08
153.147,0.0,0.14247031250000008,2.5826e-08
153.147,0.0,0.14222031250000008,2.587375e-08
153.147,0.0,0.14197031250000008,2.589535e-08
153.147,0.0,0.14172031250000008,2.59968e-08
153.147,0.0,0.14147031250000008,2.61554e-08
153.147,0.0,0.14122031250000008,2.579475e-08
153.147,0.0,0.14097031250000008,2.5749500000000002e-08
153.147,0.0,0.14072031250000008,2.55639e-08
153.147,0.0,0.14047031250000008,2.551945e-08
153.147,0.0,0.14022031250000008,2.533765e-08
153.147,0.0,0.13997031250000008,2.56599e-08
153.147,0.0,0.13972031250000008,2.56397e-08
153.147,0.0,0.13947031250000008,2.5400600000000002e-08
153.147,0.0,0.13922031250000008,2.55842e-08
153.147,0.0,0.13897031250000008,2.5621250000000002e-08
153.147,0.0,0.13872031250000008,2.56599e-08
153.147,0.0,0.13847031250000008,2.554693333333333e-08
153.147,0.0,0.13822031250000008,2.56032e-08
153.147,0.0,0.13797031250000008,2.54715e-08
153.147,0.0,0.13772031250000008,2.53196e-08
153.147,0.0,0.13747031250000008,2.56272e-08
153.147,0.0,0.13722031250000008,2.54768e-08
153.147,0.0,0.13697031250000008,2.53222e-08
153.147,0.0,0.13672031250000008,2.5366e-08
153.147,0.0,0.13647031250000008,2.54698e-08
153.147,0.0,0.13622031250000008,2.559935e-08
153.147,0.0,0.13597031250000008,2.5511350000000002e-08
153.147,0.0,0.13572031250000008,2.53439e-08
153.147,0.0,0.13547031250000008,2.522845e-08
153.147,0.0,0.13522031250000008,2.523965e-08
153.147,0.0,0.13497031250000008,2.531645e-08
153.147,0.0,0.13472031250000008,2.53788e-08
153.147,0.0,0.13447031250000008,2.531075e-08
153.147,0.0,0.13422031250000008,2.5234866666666666e-08
153.147,0.0,0.13397031250000008,2.527375e-08
153.147,0.0,0.1337203125000001,2.51953e-08
153.147,0.0,0.1334703125000001,2.49929e-08
153.147,0.0,0.1332203125000001,2.481485e-08
153.147,0.0,0.1329703125000001,2.4920900000000003e-08
153.147,0.0,0.1327203125000001,2.52366e-08
153.147,0.0,0.1324703125000001,2.48508e-08
153.147,0.0,0.1322203125000001,2.47837e-08
153.147,0.0,0.1319703125000001,2.478875e-08
153.147,0.0,0.1317203125000001,2.455605e-08
153.147,0.0,0.1314703125000001,2.466465e-08
153.147,0.0,0.1312203125000001,2.452735e-08
153.147,0.0,0.1309703125000001,2.4750400000000002e-08
153.147,0.0,0.1307203125000001,2.47433e-08
153.147,0.0,0.1304703125000001,2.45874e-08
153.147,0.0,0.1302203125000001,2.456075e-08
153.147,0.0,0.1299703125000001,2.4660350000000003e-08
153.147,0.0,0.1297203125000001,2.45984e-08
153.147,0.0,0.1294703125000001,2.462983333333333e-08
153.147,0.0,0.1292203125000001,2.450575e-08
153.147,0.0,0.1289703125000001,2.448145e-08
153.147,0.0,0.1287203125000001,2.42595e-08
153.147,0.0,0.1284703125000001,2.42925e-08
153.147,0.0,0.1282203125000001,2.43569e-08
153.147,0.0,0.1279703125000001,2.39715e-08
153.147,0.0,0.1277203125000001,2.43248e-08
153.147,0.0,0.1274703125000001,2.42015e-08
153.147,0.0,0.1272203125000001,2.44068e-08
153.147,0.0,0.1269703125000001,2.4442e-08
153.147,0.0,0.1267203125000001,2.4264800000000002e-08
153.147,0.0,0.1264703125000001,2.44259e-08
153.147,0.0,0.1262203125000001,2.433e-08
153.147,0.0,0.1259703125000001,2.395615e-08
153.147,0.0,0.1257203125000001,2.44929e-08
153.147,0.0,0.1254703125000001,2.406675e-08
153.147,0.0,0.1252203125000001,2.421805e-08
153.147,0.0,0.1249703125000001,2.38864e-08
153.147,0.0,0.1247203125000001,2.381595e-08
153.147,0.0,0.1244703125000001,2.427715e-08
153.147,0.0,0.1242203125000001,2.4161e-08
153.147,0.0,0.1239703125000001,2.411e-08
153.147,0.0,0.1237203125000001,2.4124800000000002e-08
153.147,0.0,0.1234703125000001,2.3956300000000006e-08
153.147,0.0,0.1232203125000001,2.401875e-08
153.147,0.0,0.1229703125000001,2.401115e-08
153.147,0.0,0.1227203125000001,2.4110850000000002e-08
153.147,0.0,0.1224703125000001,2.407955e-08
153.147,0.0,0.1222203125000001,2.3682e-08
153.147,0.0,0.1219703125000001,2.38603e-08
153.147,0.0,0.1217203125000001,2.39717e-08
153.147,0.0,0.1214703125000001,2.38286e-08
153.147,0.0,0.1212203125000001,2.42529e-08
153.147,0.0,0.1209703125000001,2.40594e-08
153.147,0.0,0.1207203125000001,2.4176e-08
153.147,0.0,0.12047031250000009,2.379405e-08
153.147,0.0,0.12022031250000009,2.3887733333333332e-08
153.147,0.0,0.11997031250000009,2.40086e-08
153.147,0.0,0.11972031250000009,2.411755e-08
153.147,0.0,0.11947031250000009,2.3452350000000003e-08
153.147,0.0,0.11922031250000009,2.398475e-08
153.147,0.0,0.11897031250000009,2.409e-08
153.147,0.0,0.11872031250000009,2.35308e-08
153.147,0.0,0.11847031250000009,2.37447e-08
153.147,0.0,0.11822031250000009,2.32335e-08
153.147,0.0,0.11797031250000009,2.3730250000000002e-08
153.147,0.0,0.11772031250000009,2.3854850000000006e-08
153.147,0.0,0.11747031250000009,2.351715e-08
153.147,0.0,0.11722031250000009,2.39564e-08
153.147,0.0,0.11697031250000009,2.30513e-08
153.147,0.0,0.11672031250000009,2.36639e-08
153.147,0.0,0.11647031250000009,2.35777e-08
153.147,0.0,0.11622031250000009,2.36368e-08
153.147,0.0,0.11597031250000009,2.328725e-08
153.147,0.0,0.11572031250000009,2.3259600000000006e-08
153.147,0.0,0.11547031250000009,2.343065e-08
153.147,0.0,0.11522031250000009,2.361165e-08
153.147,0.0,0.11497031250000009,2.3212e-08
153.147,0.0,0.11472031250000009,2.32665e-08
153.147,0.0,0.11447031250000009,2.29125e-08
153.147,0.0,0.11422031250000009,2.345325e-08
153.147,0.0,0.11397031250000009,2.29358e-08
153.147,0.0,0.11372031250000009,2.293055e-08
153.147,0.0,0.11347031250000009,2.282325e-08
153.147,0.0,0.11322031250000009,2.3274150000000002e-08
153.147,0.0,0.11297031250000009,2.28102e-08
153.147,0.0,0.11272031250000009,2.28983e-08
153.147,0.0,0.11247031250000009,2.22035e-08
153.147,0.0,0.11222031250000009,2.30695e-08
153.147,0.0,0.11197031250000009,2.25194e-08
153.147,0.0,0.11172031250000009,2.33306e-08
153.147,0.0,0.11147031250000008,2.288335e-08
153.147,0.0,0.11122031250000008,2.2719e-08
153.147,0.0,0.11097031250000008,2.26416e-08
153.147,0.0,0.11072031250000008,2.22104e-08
153.147,0.0,0.11047031250000008,2.28431e-08
153.147,0.0,0.1102203125000001,2.28088e-08
153.147,0.0,0.1099703125000001,2.33365e-08
153.147,0.0,0.1097203125000001,2.28443e-08
153.147,0.0,0.1094703125000001,2.25333e-08
153.147,0.0,0.1092203125000001,2.28391e-08
153.147,0.0,0.1089703125000001,2.29337e-08
153.147,0.0,0.1087203125000001,2.22878e-08
153.147,0.0,0.1084703125000001,2.251615e-08
153.147,0.0,0.1082203125000001,2.252905e-08
153.147,0.0,0.1079703125000001,2.24547e-08
153.147,0.0,0.1077203125000001,2.24154e-08
153.147,0.0,0.1074703125000001,2.18675e-08
153.147,0.0,0.1072203125000001,2.250365e-08
153.147,0.0,0.1069703125000001,2.264825e-08
153.147,0.0,0.1067203125000001,2.21612e-08
153.147,0.0,0.1064703125000001,2.18514e-08
153.147,0.0,0.1062203125000001,2.18467e-08
153.147,0.0,0.1059703125000001,2.22066e-08
153.147,0.0,0.1057203125000001,2.228725e-08
153.147,0.0,0.1054703125000001,2.16862e-08
153.147,0.0,0.1052203125000001,2.19927e-08
153.147,0.0,0.10497031250000009,2.2003000000000002e-08
153.147,0.0,0.10472031250000009,2.211555e-08
153.147,0.0,0.10447031250000009,2.18374e-08
153.147,0.0,0.10422031250000009,2.1975e-08
153.147,0.0,0.10397031250000009,2.19392e-08
153.147,0.0,0.10372031250000009,2.236815e-08
153.147,0.0,0.10347031250000009,2.1913050000000002e-08
153.147,0.0,0.10322031250000009,2.21405e-08
153.147,0.0,0.10297031250000009,2.213075e-08
153.147,0.0,0.10272031250000009,2.181725e-08
153.147,0.0,0.10247031250000009,2.224875e-08
153.147,0.0,0.10222031250000009,2.17818e-08
153.147,0.0,0.10197031250000009,2.182765e-08
153.147,0.0,0.10172031250000009,2.205465e-08
153.147,0.0,0.10147031250000009,2.184925e-08
153.147,0.0,0.10122031250000009,2.19441e-08
153.147,0.0,0.10097031250000009,2.18624e-08
153.147,0.0,0.10072031250000009,2.2049500000000002e-08
153.147,0.0,0.10047031250000009,2.176965e-08
153.147,0.0,0.10022031250000009,2.17773e-08
153.147,0.0,0.09997031250000009,2.17598e-08
153.147,0.0,0.09972031250000009,2.1765950000000002e-08
153.147,0.0,0.09947031250000009,2.16763e-08
153.147,0.0,0.09922031250000009,2.1605e-08
153.147,0.0,0.09897031250000009,2.228345e-08
153.147,0.0,0.09872031250000009,2.20046e-08
153.147,0.0,0.09847031250000009,2.186795e-08
153.147,0.0,0.09822031250000009,2.19255e-08
153.147,0.0,0.09797031250000009,2.176535e-08
153.147,0.0,0.09772031250000009,2.20848e-08
153.147,0.0,0.09747031250000009,2.1749550000000002e-08
153.147,0.0,0.09722031250000009,2.14e-08
153.147,0.0,0.09697031250000009,2.173945e-08
153.147,0.0,0.09672031250000009,2.145e-08
153.147,0.0,0.09647031250000009,2.165155e-08
153.147,0.0,0.09622031250000009,2.10748e-08
153.147,0.0,0.09597031250000009,2.1557866666666665e-08
153.147,0.0,0.09572031250000008,2.11405e-08
153.147,0.0,0.09547031250000008,2.145153333333333e-08
153.147,0.0,0.09522031250000008,2.15062e-08
153.147,0.0,0.09497031250000008,2.14679e-08
153.147,0.0,0.0947203125000001,2.12512e-08
153.147,0.0,0.0944703125000001,2.13395e-08
153.147,0.0,0.0942203125000001,2.12969e-08
153.147,0.0,0.0939703125000001,2.140285e-08
153.147,0.0,0.0937203125000001,2.116575e-08
153.147,0.0,0.0934703125000001,2.1325666666666673e-08
153.147,0.0,0.0932203125000001,2.12958e-08
153.147,0.0,0.0929703125000001,2.13628e-08
153.147,0.0,0.0927203125000001,2.099435e-08
153.147,0.0,0.0924703125000001,2.11338e-08
153.147,0.0,0.0922203125000001,2.1181e-08
153.147,0.0,0.0919703125000001,2.111865e-08
153.147,0.0,0.0917203125000001,2.124905e-08
153.147,0.0,0.0914703125000001,2.09356e-08
153.147,0.0,0.0912203125000001,2.10488e-08
153.147,0.0,0.0909703125000001,2.100455e-08
153.147,0.0,0.0907203125000001,2.099375e-08
153.147,0.0,0.0904703125000001,2.14645e-08
153.147,0.0,0.0902203125000001,2.12384e-08
153.147,0.0,0.0899703125000001,2.14522e-08
153.147,0.0,0.0897203125000001,2.120475e-08
153.147,0.0,0.0894703125000001,2.13806e-08
153.147,0.0,0.08922031250000009,2.13212e-08
153.147,0.0,0.08897031250000009,2.156743333333333e-08
153.147,0.0,0.08872031250000009,2.143325e-08
153.147,0.0,0.08847031250000009,2.16338e-08
153.147,0.0,0.08822031250000009,2.143865e-08
153.147,0.0,0.08797031250000009,2.15422e-08
153.147,0.0,0.08772031250000009,2.14893e-08
153.147,0.0,0.08747031250000009,2.142145e-08
153.147,0.0,0.08722031250000009,2.13732e-08
153.147,0.0,0.08697031250000009,2.16044e-08
153.147,0.0,0.08672031250000009,2.143285e-08
153.147,0.0,0.08647031250000009,2.13134e-08
153.147,0.0,0.08622031250000009,2.16962e-08
153.147,0.0,0.08597031250000009,2.15e-08
153.147,0.0,0.08572031250000009,2.097715e-08
153.147,0.0,0.08547031250000009,2.12318e-08
153.147,0.0,0.08522031250000009,2.096165e-08
153.147,0.0,0.08497031250000009,2.10939e-08
153.147,0.0,0.08472031250000009,2.142915e-08
153.147,0.0,0.08447031250000009,2.121725e-08
153.147,0.0,0.08422031250000009,2.06668e-08
153.147,0.0,0.08397031250000009,2.113495e-08
153.147,0.0,0.08372031250000009,2.0983950000000002e-08
153.147,0.0,0.08347031250000009,2.09353e-08
153.147,0.0,0.08322031250000009,2.12277e-08
153.147,0.0,0.08297031250000009,2.13639e-08
153.147,0.0,0.08272031250000009,2.12428e-08
153.147,0.0,0.08247031250000009,2.08969e-08
153.147,0.0,0.08222031250000009,2.10616e-08
153.147,0.0,0.08197031250000009,2.143555e-08
153.147,0.0,0.08172031250000009,2.12298e-08
153.147,0.0,0.08147031250000009,2.11415e-08
153.147,0.0,0.08122031250000009,2.104565e-08
153.147,0.0,0.08097031250000009,2.07471e-08
153.147,0.0,0.08072031250000009,2.1176700000000002e-08
153.147,0.0,0.08047031250000009,2.09742e-08
153.147,0.0,0.08022031250000008,2.118615e-08
153.147,0.0,0.07997031250000008,2.08739e-08
153.147,0.0,0.07972031250000008,2.09319e-08
153.147,0.0,0.07947031250000008,2.102575e-08
153.147,0.0,0.07922031250000008,2.14275e-08
153.147,0.0,0.0789703125000001,2.109525e-08
153.147,0.0,0.0787203125000001,2.1037450000000003e-08
153.147,0.0,0.0784703125000001,2.088e-08
153.147,0.0,0.0782203125000001,2.14973e-08
153.147,0.0,0.0779703125000001,2.11856e-08
153.147,0.0,0.0777203125000001,2.09999e-08
153.147,0.0,0.0774703125000001,2.157025e-08
153.147,0.0,0.0772203125000001,2.118715e-08
153.147,0.0,0.0769703125000001,2.112265e-08
153.147,0.0,0.0767203125000001,2.108385e-08
153.147,0.0,0.0764703125000001,2.11958e-08
153.147,0.0,0.0762203125000001,2.10773e-08
153.147,0.0,0.0759703125000001,2.104495e-08
153.147,0.0,0.0757203125000001,2.13482e-08
153.147,0.0,0.0754703125000001,2.12091e-08
153.147,0.0,0.0752203125000001,2.08528e-08
153.147,0.0,0.0749703125000001,2.108485e-08
153.147,0.0,0.0747203125000001,2.12918e-08
153.147,0.0,0.0744703125000001,2.1138e-08
153.147,0.0,0.0742203125000001,2.10638e-08
153.147,0.0,0.0739703125000001,2.099635e-08
153.147,0.0,0.07372031250000009,2.1072e-08
153.147,0.0,0.07347031250000009,2.087435e-08
153.147,0.0,0.07322031250000009,2.08919e-08
153.147,0.0,0.07297031250000009,2.109445e-08
153.147,0.0,0.07272031250000009,2.101985e-08
153.147,0.0,0.07247031250000009,2.08334e-08
153.147,0.0,0.07222031250000009,2.091295e-08
153.147,0.0,0.07197031250000009,2.0713250000000002e-08
153.147,0.0,0.07172031250000009,2.09089e-08
153.147,0.0,0.07147031250000009,2.14601e-08
153.147,0.0,0.07122031250000009,2.07285e-08
153.147,0.0,0.07097031250000009,2.053285e-08
153.147,0.0,0.07072031250000009,2.047885e-08
153.147,0.0,0.07047031250000009,2.061215e-08
153.147,0.0,0.07022031250000009,2.053845e-08
153.147,0.0,0.06997031250000009,2.046445e-08
153.147,0.0,0.06972031250000009,2.0721e-08
153.147,0.0,0.06947031250000009,1.96651e-08
153.147,0.0,0.06922031250000009,2.0685350000000002e-08
153.147,0.0,0.06897031250000009,2.07456e-08
153.147,0.0,0.06872031250000009,2.033065e-08
153.147,0.0,0.06847031250000009,2.05204e-08
153.147,0.0,0.06822031250000009,2.037455e-08
153.147,0.0,0.06797031250000009,2.053315e-08
153.147,0.0,0.06772031250000009,2.05079e-08
153.147,0.0,0.06747031250000009,2.028085e-08
153.147,0.0,0.06722031250000009,2.0348e-08
153.147,0.0,0.06697031250000009,2.034715e-08
153.147,0.0,0.06672031250000009,1.98493e-08
153.147,0.0,0.06647031250000009,2.02373e-08
153.147,0.0,0.06622031250000009,2.031e-08
153.147,0.0,0.06597031250000009,2.060405e-08
153.147,0.0,0.06572031250000009,2.02572e-08
153.147,0.0,0.06547031250000009,2.062125e-08
153.147,0.0,0.06522031250000009,2.0327e-08
153.147,0.0,0.06497031250000009,2.014345e-08
153.147,0.0,0.06472031250000009,2.03607e-08
153.147,0.0,0.06447031250000008,2.0374000000000004e-08
153.147,0.0,0.06422031250000008,2.01816e-08
153.147,0.0,0.06397031250000008,2.0177350000000002e-08
153.147,0.0,0.06372031250000008,2.02572e-08
153.147,0.0,0.0634703125000001,2.0101600000000002e-08
153.147,0.0,0.0632203125000001,1.98999e-08
153.147,0.0,0.0629703125000001,2.009935e-08
153.147,0.0,0.0627203125000001,2.05647e-08
153.147,0.0,0.06247031250000009,2.000965e-08
153.147,0.0,0.06222031250000009,2.0234750000000002e-08
153.147,0.0,0.06197031250000009,2.00718e-08
153.147,0.0,0.06172031250000009,1.96939e-08
153.147,0.0,0.06147031250000009,2.003075e-08
153.147,0.0,0.06122031250000009,1.96216e-08
153.147,0.0,0.06097031250000009,1.986625e-08
153.147,0.0,0.06072031250000009,2.01017e-08
153.147,0.0,0.06047031250000009,1.96934e-08
153.147,0.0,0.06022031250000009,1.959825e-08
153.147,0.0,0.05997031250000009,1.96228e-08
153.147,0.0,0.05972031250000009,2.02977e-08
153.147,0.0,0.059470312500000094,1.978535e-08
153.147,0.0,0.059220312500000094,2.001025e-08
153.147,0.0,0.058970312500000094,1.98485e-08
153.147,0.0,0.058720312500000094,1.93312e-08
153.147,0.0,0.05847031250000009,1.93676e-08
153.147,0.0,0.05822031250000009,1.97196e-08
153.147,0.0,0.05797031250000009,1.940215e-08
153.147,0.0,0.05772031250000009,1.97477e-08
153.147,0.0,0.05747031250000009,1.97134e-08
153.147,0.0,0.05722031250000009,1.9842e-08
153.147,0.0,0.05697031250000009,1.9597e-08
153.147,0.0,0.05672031250000009,2.03414e-08
153.147,0.0,0.05647031250000009,1.9856250000000003e-08
153.147,0.0,0.05622031250000009,1.946215e-08
153.147,0.0,0.05597031250000009,1.96863e-08
153.147,0.0,0.05572031250000009,1.96632e-08
153.147,0.0,0.05547031250000009,1.99747e-08
153.147,0.0,0.05522031250000009,2.0030166666666673e-08
153.147,0.0,0.05497031250000009,1.9859e-08
153.147,0.0,0.05472031250000009,1.99772e-08
153.147,0.0,0.05447031250000009,1.95583e-08
153.147,0.0,0.05422031250000009,2.02469e-08
153.147,0.0,0.05397031250000009,1.979285e-08
153.147,0.0,0.05372031250000009,1.95368e-08
153.147,0.0,0.05347031250000009,2.00186e-08
153.147,0.0,0.05322031250000009,1.972545e-08
153.147,0.0,0.05297031250000009,1.9713e-08
153.147,0.0,0.05272031250000009,1.948605e-08
153.147,0.0,0.05247031250000009,1.968265e-08
153.147,0.0,0.05222031250000009,1.982175e-08
153.147,0.0,0.05197031250000009,1.96403e-08
153.147,0.0,0.051720312500000094,1.93933e-08
153.147,0.0,0.051470312500000094,1.94642e-08
153.147,0.0,0.051220312500000094,1.93968e-08
153.147,0.0,0.050970312500000094,1.94981e-08
153.147,0.0,0.05072031250000009,1.944935e-08
153.147,0.0,0.05047031250000009,1.966005e-08
153.147,0.0,0.05022031250000009,1.9612e-08
153.147,0.0,0.04997031250000009,1.96791e-08
153.147,0.0,0.04972031250000009,1.92992e-08
153.147,0.0,0.04947031250000009,1.9506e-08
153.147,0.0,0.04922031250000009,1.957225e-08
153.147,0.0,0.04897031250000009,1.918025e-08
153.147,0.0,0.04872031250000009,1.96506e-08
153.147,0.0,0.04847031250000009,1.956865e-08
153.147,0.0,0.04822031250000009,1.9640866666666672e-08
153.147,0.0,0.04797031250000009,1.98001e-08
153.147,0.0,0.04772031250000009,1.956725e-08
153.147,0.0,0.04747031250000009,1.9398e-08
153.147,0.0,0.04722031250000009,1.992785e-08
153.147,0.0,0.04697031250000009,2.07453e-08
153.147,0.0,0.04672031250000009,1.97124e-08
153.147,0.0,0.04647031250000009,1.961115e-08
153.147,0.0,0.04622031250000009,1.9708766666666668e-08
153.147,0.0,0.04597031250000009,1.93852e-08
153.147,0.0,0.04572031250000009,1.96622e-08
153.147,0.0,0.04547031250000009,1.9765550000000002e-08
153.147,0.0,0.04522031250000009,1.97582e-08
153.147,0.0,0.04497031250000009,1.94261e-08
153.147,0.0,0.04472031250000009,1.94294e-08
153.147,0.0,0.04447031250000009,1.940065e-08
153.147,0.0,0.04422031250000009,1.934545e-08
153.147,0.0,0.043970312500000094,1.9474550000000003e-08
153.147,0.0,0.043720312500000094,1.92416e-08
153.147,0.0,0.043470312500000094,1.890815e-08
153.147,0.0,0.043220312500000094,1.931795e-08
153.147,0.0,0.042970312500000094,1.92688e-08
153.147,0.0,0.04272031250000009,1.91803e-08
153.147,0.0,0.04247031250000009,1.920095e-08
153.147,0.0,0.04222031250000009,1.961445e-08
153.147,0.0,0.04197031250000009,1.95429e-08
153.147,0.0,0.04172031250000009,1.866065e-08
153.147,0.0,0.04147031250000009,1.91936e-08
153.147,0.0,0.04122031250000009,1.91939e-08
153.147,0.0,0.04097031250000009,1.92671e-08
153.147,0.0,0.04072031250000009,1.92689e-08
153.147,0.0,0.04047031250000009,1.90999e-08
153.147,0.0,0.04022031250000009,1.9106800000000003e-08
153.147,0.0,0.03997031250000009,1.86087e-08
153.147,0.0,0.03972031250000009,1.89708e-08
153.147,0.0,0.03947031250000009,1.93013e-08
153.147,0.0,0.03922031250000009,1.921855e-08
153.147,0.0,0.03897031250000009,1.868505e-08
153.147,0.0,0.03872031250000009,1.829095e-08
153.147,0.0,0.03847031250000009,1.874525e-08
153.147,0.0,0.03822031250000009,1.876085e-08
153.147,0.0,0.03797031250000009,1.81937e-08
153.147,0.0,0.03772031250000009,1.861655e-08
153.147,0.0,0.03747031250000009,1.848545e-08
153.147,0.0,0.03722031250000009,1.84715e-08
153.147,0.0,0.03697031250000009,1.830435e-08
153.147,0.0,0.03672031250000009,1.88943e-08
153.147,0.0,0.03647031250000009,1.872385e-08
153.147,0.0,0.03622031250000009,1.81232e-08
153.147,0.0,0.035970312500000094,1.85139e-08
153.147,0.0,0.035720312500000094,1.8232e-08
153.147,0.0,0.035470312500000094,1.8394e-08
153.147,0.0,0.035220312500000094,1.83325e-08
153.147,0.0,0.03497031250000009,1.797535e-08
153.147,0.0,0.03472031250000009,1.843765e-08
153.147,0.0,0.03447031250000009,1.86622e-08
153.147,0.0,0.03422031250000009,1.81397e-08
153.147,0.0,0.03397031250000009,1.86523e-08
153.147,0.0,0.03372031250000009,1.8416e-08
153.147,0.0,0.03347031250000009,1.85273e-08
153.147,0.0,0.03322031250000009,1.84511e-08
153.147,0.0,0.03297031250000009,1.833015e-08
153.147,0.0,0.03272031250000009,1.85765e-08
153.147,0.0,0.03247031250000009,1.8442066666666663e-08
153.147,0.0,0.03222031250000009,1.82867e-08
153.147,0.0,0.03197031250000009,1.841525e-08
153.147,0.0,0.03172031250000009,1.85146e-08
153.147,0.0,0.03147031250000009,1.8453650000000002e-08
153.147,0.0,0.03122031250000009,1.856975e-08
153.147,0.0,0.03097031250000009,1.86111e-08
153.147,0.0,0.03072031250000009,1.829905e-08
153.147,0.0,0.03047031250000009,1.840155e-08
153.147,0.0,0.030220312500000093,1.814075e-08
153.147,0.0,0.029970312500000092,1.83581e-08
153.147,0.0,0.029720312500000092,1.858565e-08
153.147,0.0,0.029470312500000092,1.853375e-08
153.147,0.0,0.02922031250000009,1.83838e-08
153.147,0.0,0.02897031250000009,1.948195e-08
153.147,0.0,0.02872031250000009,1.85976e-08
153.147,0.0,0.02847031250000009,1.8341550000000002e-08
153.147,0.0,0.02822031250000009,1.851915e-08
153.147,0.0,0.02797031250000009,1.854275e-08
153.147,0.0,0.02772031250000009,1.900635e-08
153.147,0.0,0.02747031250000009,1.82188e-08
153.147,0.0,0.02722031250000009,1.8757e-08
153.147,0.0,0.02697031250000009,1.96182e-08
153.147,0.0,0.02672031250000009,1.846535e-08
153.147,0.0,0.02647031250000009,1.86828e-08
153.147,0.0,0.026220312500000093,1.86293e-08
153.147,0.0,0.025970312500000092,1.862535e-08
153.147,0.0,0.025720312500000092,1.825335e-08
153.147,0.0,0.025470312500000092,1.86138e-08
153.147,0.0,0.02522031250000009,1.8423e-08
153.147,0.0,0.02497031250000009,1.86558e-08
153.147,0.0,0.02472031250000009,1.850095e-08
153.147,0.0,0.02447031250000009,1.80122e-08
153.147,0.0,0.02422031250000009,1.82503e-08
153.147,0.0,0.02397031250000009,1.838845e-08
153.147,0.0,0.02372031250000009,1.85814e-08
153.147,0.0,0.02347031250000009,1.805695e-08
153.147,0.0,0.02322031250000009,1.81636e-08
153.147,0.0,0.02297031250000009,1.845105e-08
153.147,0.0,0.02272031250000009,1.875685e-08
153.147,0.0,0.022470312500000093,1.85351e-08
153.147,0.0,0.022220312500000092,1.85993e-08
153.147,0.0,0.021970312500000092,1.815085e-08
153.147,0.0,0.021720312500000092,1.837075e-08
153.147,0.0,0.021470312500000092,1.855705e-08
153.147,0.0,0.02122031250000009,1.817315e-08
153.147,0.0,0.02097031250000009,1.830295e-08
153.147,0.0,0.02072031250000009,1.83621e-08
153.147,0.0,0.02047031250000009,1.831115e-08
153.147,0.0,0.02022031250000009,1.80571e-08
153.147,0.0,0.01997031250000009,1.808785e-08
153.147,0.0,0.01972031250000009,1.804145e-08
153.147,0.0,0.01947031250000009,1.824145e-08
153.147,0.0,0.01922031250000009,1.78875e-08
153.147,0.0,0.01897031250000009,1.7977433333333334e-08
153.147,0.0,0.01872031250000009,1.7865649999999997e-08
153.147,0.0,0.018470312500000093,1.758875e-08
153.147,0.0,0.018220312500000092,1.78879e-08
153.147,0.0,0.017970312500000092,1.80508e-08
153.147,0.0,0.017720312500000092,1.789155e-08
153.147,0.0,0.01747031250000009,1.7641349999999998e-08
153.147,0.0,0.01722031250000009,1.78288e-08
153.147,0.0,0.01697031250000009,1.7595933333333332e-08
153.147,0.0,0.01672031250000009,1.739305e-08
153.147,0.0,0.01647031250000009,1.77481e-08
153.147,0.0,0.01622031250000009,1.70633e-08
153.147,0.0,0.01597031250000009,1.76902e-08
153.147,0.0,0.01572031250000009,1.7523e-08
153.147,0.0,0.015470312500000092,1.7642799999999997e-08
153.147,0.0,0.015220312500000091,1.7785e-08
153.147,0.0,0.014970312500000091,1.786955e-08
153.147,0.0,0.014720312500000091,1.768755e-08
153.147,0.0,0.01447031250000009,1.74861e-08
153.147,0.0,0.01422031250000009,1.6874000000000003e-08
153.147,0.0,0.01397031250000009,1.757035e-08
153.147,0.0,0.013720312500000092,1.7338800000000003e-08
153.147,0.0,0.013470312500000092,1.74851e-08
153.147,0.0,0.013220312500000091,1.75015e-08
153.147,0.0,0.012970312500000091,1.77295e-08
153.147,0.0,0.012720312500000091,1.7270750000000006e-08
153.147,0.0,0.01247031250000009,1.74588e-08
153.147,0.0,0.01222031250000009,1.742675e-08
153.147,0.0,0.01197031250000009,1.730805e-08
153.147,0.0,0.011720312500000092,1.73871e-08
153.147,0.0,0.011470312500000092,1.76095e-08
153.147,0.0,0.011220312500000091,1.7379699999999998e-08
153.147,0.0,0.010970312500000091,1.713425e-08
153.147,0.0,0.010720312500000091,1.716505e-08
153.147,0.0,0.01047031250000009,1.72739e-08
153.147,0.0,0.01022031250000009,1.73626e-08
153.147,0.0,0.00997031250000009,1.7004033333333334e-08
153.147,0.0,0.009720312500000092,1.7236e-08
153.147,0.0,0.009470312500000092,1.71955e-08
153.147,0.0,0.009220312500000091,1.7198300000000006e-08
153.147,0.0,0.008970312500000091,1.709455e-08
153.147,0.0,0.00872031250000009,1.699635e-08
153.147,0.0,0.00847031250000009,1.78894e-08
153.147,0.0,0.00822031250000009,1.728745e-08
153.147,0.0,0.00797031250000009,1.730816666666667e-08
153.147,0.0,0.007720312500000091,1.711345e-08
153.147,0.0,0.007470312500000091,1.66573e-08
153.147,0.0,0.007220312500000091,1.684585e-08
153.147,0.0,0.006970312500000091,1.713485e-08
153.147,0.0,0.006720312500000091,1.65075e-08
153.147,0.0,0.006470312500000091,1.70645e-08
153.147,0.0,0.006220312500000091,1.68469e-08
153.147,0.0,0.005970312500000091,1.652505e-08
153.147,0.0,0.005720312500000091,1.68523e-08
153.147,0.0,0.0054703125000000906,1.7058900000000002e-08
153.147,0.0,0.005220312500000091,1.70927e-08
153.147,0.0,0.004970312500000091,1.680875e-08
153.147,0.0,0.004720312500000091,1.7437349999999998e-08
153.147,0.0,0.0044703125000000905,1.67592e-08
153.147,0.0,0.004220312500000091,1.711175e-08
153.147,0.0,0.003970312500000091,1.696945e-08
153.147,0.0,0.0037203125000000907,1.70062e-08
153.147,0.0,0.003470312500000091,1.687565e-08
153.147,0.0,0.003220312500000091,1.66993e-08
153.147,0.0,0.002970312500000091,1.665655e-08
153.147,0.0,0.002720312500000091,1.69125e-08
153.147,0.0,0.002470312500000091,1.68366e-08
153.147,0.0,0.002220312500000091,1.6976e-08
153.147,0.0,0.001970312500000091,1.6718e-08
153.147,0.0,0.001720312500000091,1.68284e-08
153.147,0.0,0.001470312500000091,1.64344e-08
153.147,0.0,0.001220312500000091,1.674875e-08
153.147,0.0,0.000970312500000091,1.671045e-08
153.147,0.0,0.000720312500000091,1.6718599999999997e-08
153.147,0.0,0.00047031250000009094,1.692e-08
153.147,0.0,0.00022031250000009096,1.67003e-08
153.147,0.0,-2.968749999990905e-05,1.69624e-08
153.147,0.0,-0.000279687499999909,1.6949250000000002e-08
153.147,0.0,-0.000529687499999909,1.51294e-08
153.147,0.0,-0.000779687499999909,1.691355e-08
153.147,0.0,-0.0010296874999999091,1.692095e-08
153.147,0.0,-0.0012796874999999092,1.66751e-08
153.147,0.0,-0.0015296874999999092,1.692595e-08
153.147,0.0,-0.001779687499999909,1.754115e-08
153.147,0.0,-0.002029687499999909,1.698925e-08
153.147,0.0,-0.002279687499999909,1.67804e-08
153.147,0.0,-0.002529687499999909,1.67111e-08
153.147,0.0,-0.002779687499999909,1.6594350000000002e-08
153.147,0.0,-0.003029687499999909,1.6252e-08
153.147,0.0,-0.003279687499999909,1.652645e-08
153.147,0.0,-0.003529687499999909,1.66153e-08
153.147,0.0,-0.003779687499999909,1.585965e-08
153.147,0.0,-0.004029687499999909,1.643525e-08
153.147,0.0,-0.004279687499999909,1.6487549999999997e-08
153.147,0.0,-0.004529687499999909,1.65829e-08
153.147,0.0,-0.004779687499999909,1.640555e-08
153.147,0.0,-0.005029687499999909,1.61892e-08
153.147,0.0,-0.0052796874999999095,1.658555e-08
153.147,0.0,-0.005529687499999909,1.634895e-08
153.147,0.0,-0.005779687499999909,1.621985e-08
153.147,0.0,-0.006029687499999909,1.62793e-08
153.147,0.0,-0.0062796874999999095,1.6544e-08
153.147,0.0,-0.006529687499999909,1.62601e-08
153.147,0.0,-0.006779687499999909,1.655895e-08
153.147,0.0,-0.007029687499999909,1.592305e-08
153.147,0.0,-0.007279687499999909,1.6455499999999998e-08
153.147,0.0,-0.007529687499999909,1.66199e-08
153.147,0.0,-0.007779687499999909,1.629015e-08
153.147,0.0,-0.008029687499999908,1.61507e-08
153.147,0.0,-0.008279687499999909,1.63811e-08
153.147,0.0,-0.008529687499999909,1.6403200000000002e-08
153.147,0.0,-0.008779687499999909,1.629395e-08
153.147,0.0,-0.00902968749999991,1.613435e-08
153.147,0.0,-0.00927968749999991,1.61217e-08
153.147,0.0,-0.00952968749999991,1.619355e-08
153.147,0.0,-0.009779687499999908,1.61887e-08
153.147,0.0,-0.010029687499999908,1.623465e-08
153.147,0.0,-0.010279687499999909,1.6314600000000002e-08
153.147,0.0,-0.010529687499999909,1.63384e-08
153.147,0.0,-0.01077968749999991,1.61626e-08
153.147,0.0,-0.01102968749999991,1.638835e-08
153.147,0.0,-0.01127968749999991,1.63466e-08
153.147,0.0,-0.01152968749999991,1.63563e-08
153.147,0.0,-0.011779687499999908,1.639825e-08
153.147,0.0,-0.012029687499999909,1.651945e-08
153.147,0.0,-0.012279687499999909,1.652785e-08
153.147,0.0,-0.012529687499999909,1.611375e-08
153.147,0.0,-0.01277968749999991,1.652865e-08
153.147,0.0,-0.01302968749999991,1.65933e-08
153.147,0.0,-0.01327968749999991,1.56731e-08
153.147,0.0,-0.01352968749999991,1.646715e-08
153.147,0.0,-0.013779687499999908,1.6513249999999997e-08
153.147,0.0,-0.014029687499999909,1.63039e-08
153.147,0.0,-0.014279687499999909,1.62046e-08
153.147,0.0,-0.014529687499999909,1.6301333333333334e-08
153.147,0.0,-0.01477968749999991,1.611085e-08
153.147,0.0,-0.01502968749999991,1.674765e-08
153.147,0.0,-0.01527968749999991,1.56248e-08
153.147,0.0,-0.01552968749999991,1.6360899999999998e-08
153.147,0.0,-0.01577968749999991,1.59131e-08
153.147,0.0,-0.01602968749999991,1.613255e-08
153.147,0.0,-0.01627968749999991,1.62281e-08
153.147,0.0,-0.01652968749999991,1.568695e-08
153.147,0.0,-0.016779687499999908,1.59334e-08
153.147,0.0,-0.017029687499999908,1.6017700000000002e-08
153.147,0.0,-0.017279687499999908,1.629695e-08
153.147,0.0,-0.017529687499999908,1.588355e-08
153.147,0.0,-0.01777968749999991,1.607005e-08
153.147,0.0,-0.01802968749999991,1.6031e-08
153.147,0.0,-0.01827968749999991,1.5887e-08
153.147,0.0,-0.01852968749999991,1.60938e-08
153.147,0.0,-0.01877968749999991,1.609335e-08
153.147,0.0,-0.01902968749999991,1.58959e-08
153.147,0.0,-0.01927968749999991,1.585925e-08
153.147,0.0,-0.01952968749999991,1.58876e-08
153.147,0.0,-0.01977968749999991,1.5589549999999998e-08
153.147,0.0,-0.02002968749999991,1.581075e-08
153.147,0.0,-0.02027968749999991,1.59743e-08
153.147,0.0,-0.020529687499999907,1.594245e-08
153.147,0.0,-0.020779687499999908,1.573955e-08
153.147,0.0,-0.021029687499999908,1.628015e-08
153.147,0.0,-0.021279687499999908,1.53172e-08
153.147,0.0,-0.02152968749999991,1.5776433333333333e-08
153.147,0.0,-0.02177968749999991,1.548085e-08
153.147,0.0,-0.02202968749999991,1.530285e-08
153.147,0.0,-0.02227968749999991,1.54645e-08
153.147,0.0,-0.02252968749999991,1.57274e-08
153.147,0.0,-0.02277968749999991,1.540595e-08
153.147,0.0,-0.02302968749999991,1.542365e-08
153.147,0.0,-0.02327968749999991,1.56153e-08
153.147,0.0,-0.02352968749999991,1.54047e-08
153.147,0.0,-0.02377968749999991,1.53305e-08
153.147,0.0,-0.02402968749999991,1.55315e-08
153.147,0.0,-0.02427968749999991,1.5375749999999998e-08
153.147,0.0,-0.024529687499999907,1.54622e-08
153.147,0.0,-0.024779687499999908,1.574955e-08
153.147,0.0,-0.025029687499999908,1.55863e-08
153.147,0.0,-0.025279687499999908,1.57191e-08
153.147,0.0,-0.02552968749999991,1.559165e-08
153.147,0.0,-0.02577968749999991,1.521905e-08
153.147,0.0,-0.02602968749999991,1.56891e-08
153.147,0.0,-0.02627968749999991,1.53812e-08
153.147,0.0,-0.02652968749999991,1.518885e-08
153.147,0.0,-0.02677968749999991,1.537505e-08
153.147,0.0,-0.02702968749999991,1.52708e-08
153.147,0.0,-0.02727968749999991,1.553605e-08
153.147,0.0,-0.02752968749999991,1.5168150000000002e-08
153.147,0.0,-0.02777968749999991,1.53352e-08
153.147,0.0,-0.02802968749999991,1.542985e-08
153.147,0.0,-0.028279687499999907,1.514515e-08
153.147,0.0,-0.028529687499999908,1.50028e-08
153.147,0.0,-0.028779687499999908,1.525865e-08
153.147,0.0,-0.029029687499999908,1.52936e-08
153.147,0.0,-0.029279687499999908,1.51439e-08
153.147,0.0,-0.02952968749999991,1.54171e-08
153.147,0.0,-0.02977968749999991,1.481135e-08
153.147,0.0,-0.03002968749999991,1.53344e-08
153.147,0.0,-0.03027968749999991,1.504175e-08
153.147,0.0,-0.03052968749999991,1.5120333333333335e-08
153.147,0.0,-0.03077968749999991,1.4955749999999998e-08
153.147,0.0,-0.03102968749999991,1.52041e-08
153.147,0.0,-0.03127968749999991,1.480835e-08
153.147,0.0,-0.03152968749999991,1.50105e-08
153.147,0.0,-0.03177968749999991,1.4720650000000001e-08
153.147,0.0,-0.03202968749999991,1.49691e-08
153.147,0.0,-0.03227968749999991,1.483865e-08
153.147,0.0,-0.03252968749999991,1.524755e-08
153.147,0.0,-0.03277968749999991,1.4781166666666668e-08
153.147,0.0,-0.03302968749999991,1.52016e-08
153.147,0.0,-0.03327968749999991,1.48868e-08
153.147,0.0,-0.03352968749999991,1.50374e-08
153.147,0.0,-0.03377968749999991,1.45594e-08
153.147,0.0,-0.03402968749999991,1.49642e-08
153.147,0.0,-0.034279687499999906,1.485395e-08
153.147,0.0,-0.034529687499999906,1.482855e-08
153.147,0.0,-0.034779687499999906,1.485915e-08
153.147,0.0,-0.035029687499999906,1.447915e-08
153.147,0.0,-0.03527968749999991,1.488355e-08
153.147,0.0,-0.03552968749999991,1.48157e-08
153.147,0.0,-0.03577968749999991,1.44564e-08
153.147,0.0,-0.03602968749999991,1.46353e-08
153.147,0.0,-0.03627968749999991,1.4972950000000002e-08
153.147,0.0,-0.03652968749999991,1.495595e-08
153.147,0.0,-0.03677968749999991,1.4715450000000001e-08
153.147,0.0,-0.03702968749999991,1.481695e-08
153.147,0.0,-0.03727968749999991,1.45557e-08
153.147,0.0,-0.03752968749999991,1.470715e-08
153.147,0.0,-0.03777968749999991,1.475325e-08
153.147,0.0,-0.03802968749999991,1.47163e-08
153.147,0.0,-0.03827968749999991,1.451745e-08
153.147,0.0,-0.03852968749999991,1.449065e-08
153.147,0.0,-0.03877968749999991,1.43175e-08
153.147,0.0,-0.03902968749999991,1.43151e-08
153.147,0.0,-0.03927968749999991,1.457165e-08
153.147,0.0,-0.03952968749999991,1.4563150000000001e-08
153.147,0.0,-0.03977968749999991,1.4549200000000001e-08
153.147,0.0,-0.04002968749999991,1.444505e-08
153.147,0.0,-0.04027968749999991,1.452285e-08
153.147,0.0,-0.04052968749999991,1.47168e-08
153.147,0.0,-0.04077968749999991,1.447395e-08
153.147,0.0,-0.04102968749999991,1.41768e-08
153.147,0.0,-0.04127968749999991,1.4561500000000001e-08
153.147,0.0,-0.04152968749999991,1.427645e-08
153.147,0.0,-0.04177968749999991,1.443645e-08
153.147,0.0,-0.042029687499999906,1.44519e-08
153.147,0.0,-0.042279687499999906,1.457855e-08
153.147,0.0,-0.042529687499999906,1.45828e-08
153.147,0.0,-0.042779687499999906,1.43643e-08
153.147,0.0,-0.04302968749999991,1.44327e-08
153.147,0.0,-0.04327968749999991,1.43778e-08
153.147,0.0,-0.04352968749999991,1.45055e-08
153.147,0.0,-0.04377968749999991,1.454775e-08
153.147,0.0,-0.04402968749999991,1.41408e-08
153.147,0.0,-0.04427968749999991,1.42605e-08
153.147,0.0,-0.04452968749999991,1.418825e-08
153.147,0.0,-0.04477968749999991,1.41054e-08
153.147,0.0,-0.04502968749999991,1.42676e-08
153.147,0.0,-0.04527968749999991,1.436095e-08
153.147,0.0,-0.04552968749999991,1.423505e-08
153.147,0.0,-0.04577968749999991,1.431025e-08
153.147,0.0,-0.04602968749999991,1.45834e-08
153.147,0.0,-0.04627968749999991,1.428515e-08
153.147,0.0,-0.04652968749999991,1.424545e-08
153.147,0.0,-0.04677968749999991,1.39271e-08
153.147,0.0,-0.04702968749999991,1.424035e-08
153.147,0.0,-0.04727968749999991,1.446615e-08
153.147,0.0,-0.04752968749999991,1.420285e-08
153.147,0.0,-0.04777968749999991,1.45214e-08
153.147,0.0,-0.04802968749999991,1.403385e-08
153.147,0.0,-0.04827968749999991,1.42064e-08
153.147,0.0,-0.04852968749999991,1.39518e-08
153.147,0.0,-0.04877968749999991,1.3986e-08
153.147,0.0,-0.04902968749999991,1.415335e-08
153.147,0.0,-0.04927968749999991,1.406175e-08
153.147,0.0,-0.04952968749999991,1.4258550000000001e-08
153.147,0.0,-0.049779687499999906,1.42658e-08
153.147,0.0,-0.050029687499999906,1.408235e-08
153.147,0.0,-0.050279687499999906,1.416685e-08
153.147,0.0,-0.050529687499999906,1.41628e-08
153.147,0.0,-0.050779687499999906,1.40548e-08
153.147,0.0,-0.05102968749999991,1.3926e-08
153.147,0.0,-0.05127968749999991,1.425325e-08
153.147,0.0,-0.05152968749999991,1.42275e-08
153.147,0.0,-0.05177968749999991,1.38931e-08
153.147,0.0,-0.05202968749999991,1.4029150000000001e-08
153.147,0.0,-0.05227968749999991,1.40155e-08
153.147,0.0,-0.05252968749999991,1.391955e-08
153.147,0.0,-0.05277968749999991,1.4094500000000001e-08
153.147,0.0,-0.05302968749999991,1.38277e-08
153.147,0.0,-0.05327968749999991,1.40394e-08
153.147,0.0,-0.05352968749999991,1.38468e-08
153.147,0.0,-0.05377968749999991,1.41968e-08
153.147,0.0,-0.05402968749999991,1.399945e-08
153.147,0.0,-0.05427968749999991,1.383465e-08
153.147,0.0,-0.05452968749999991,1.387885e-08
153.147,0.0,-0.05477968749999991,1.38983e-08
153.147,0.0,-0.05502968749999991,1.4067433333333333e-08
153.147,0.0,-0.05527968749999991,1.3757e-08
153.147,0.0,-0.05552968749999991,1.366505e-08
153.147,0.0,-0.05577968749999991,1.38401e-08
153.147,0.0,-0.05602968749999991,1.37629e-08
153.147,0.0,-0.05627968749999991,1.401435e-08
153.147,0.0,-0.05652968749999991,1.39238e-08
153.147,0.0,-0.05677968749999991,1.40008e-08
153.147,0.0,-0.05702968749999991,1.368795e-08
153.147,0.0,-0.05727968749999991,1.38398e-08
153.147,0.0,-0.05752968749999991,1.382675e-08
153.147,0.0,-0.057779687499999906,1.338915e-08
153.147,0.0,-0.058029687499999906,1.381585e-08
153.147,0.0,-0.058279687499999906,1.369635e-08
153.147,0.0,-0.058529687499999906,1.36257e-08
153.147,0.0,-0.05877968749999991,1.35849e-08
153.147,0.0,-0.05902968749999991,1.34898e-08
153.147,0.0,-0.05927968749999991,1.36539e-08
153.147,0.0,-0.05952968749999991,1.35669e-08
153.147,0.0,-0.05977968749999991,1.36448e-08
153.147,0.0,-0.06002968749999991,1.362155e-08
153.147,0.0,-0.06027968749999991,1.365345e-08
153.147,0.0,-0.06052968749999991,1.35493e-08
153.147,0.0,-0.06077968749999991,1.35041e-08
153.147,0.0,-0.06102968749999991,1.32884e-08
153.147,0.0,-0.06127968749999991,1.33429e-08
153.147,0.0,-0.06152968749999991,1.38683e-08
153.147,0.0,-0.06177968749999991,1.32326e-08
153.147,0.0,-0.06202968749999991,1.3352733333333332e-08
153.147,0.0,-0.06227968749999991,1.322635e-08
153.147,0.0,-0.0625296874999999,1.34632e-08
153.147,0.0,-0.0627796874999999,1.34224e-08
153.147,0.0,-0.0630296874999999,1.340575e-08
153.147,0.0,-0.0632796874999999,1.34961e-08
153.147,0.0,-0.0635296874999999,1.365265e-08
153.147,0.0,-0.0637796874999999,1.34881e-08
153.147,0.0,-0.0640296874999999,1.328485e-08
153.147,0.0,-0.0642796874999999,1.33654e-08
153.147,0.0,-0.0645296874999999,1.3267e-08
153.147,0.0,-0.0647796874999999,1.33741e-08
153.147,0.0,-0.0650296874999999,1.342055e-08
153.147,0.0,-0.0652796874999999,1.337565e-08
153.147,0.0,-0.0655296874999999,1.32582e-08
153.147,0.0,-0.0657796874999999,1.30126e-08
153.147,0.0,-0.0660296874999999,1.325475e-08
153.147,0.0,-0.0662796874999999,1.308635e-08
153.147,0.0,-0.0665296874999999,1.32424e-08
153.147,0.0,-0.0667796874999999,1.30851e-08
153.147,0.0,-0.06702968749999991,1.318785e-08
153.147,0.0,-0.06727968749999991,1.295255e-08
153.147,0.0,-0.06752968749999991,1.31326e-08
153.147,0.0,-0.06777968749999991,1.30963e-08
153.147,0.0,-0.06802968749999991,1.318725e-08
153.147,0.0,-0.06827968749999991,1.30311e-08
153.147,0.0,-0.06852968749999991,1.31355e-08
153.147,0.0,-0.06877968749999991,1.326725e-08
153.147,0.0,-0.06902968749999991,1.30797e-08
153.147,0.0,-0.06927968749999991,1.32989e-08
153.147,0.0,-0.06952968749999991,1.32335e-08
153.147,0.0,-0.06977968749999991,1.31057e-08
153.147,0.0,-0.07002968749999991,1.304435e-08
153.147,0.0,-0.07027968749999991,1.3247700000000001e-08
153.147,0.0,-0.07052968749999991,1.26146e-08
153.147,0.0,-0.07077968749999991,1.3118e-08
153.147,0.0,-0.07102968749999991,1.2931199999999998e-08
153.147,0.0,-0.07127968749999991,1.2984049999999998e-08
153.147,0.0,-0.07152968749999991,1.31874e-08
153.147,0.0,-0.07177968749999991,1.31526e-08
153.147,0.0,-0.07202968749999991,1.30932e-08
153.147,0.0,-0.07227968749999991,1.284415e-08
153.147,0.0,-0.07252968749999991,1.28107e-08
153.147,0.0,-0.07277968749999991,1.2969e-08
153.147,0.0,-0.07302968749999991,1.279195e-08
153.147,0.0,-0.07327968749999991,1.29659e-08
153.147,0.0,-0.07352968749999991,1.3255350000000001e-08
153.147,0.0,-0.07377968749999991,1.313545e-08
153.147,0.0,-0.07402968749999991,1.308985e-08
153.147,0.0,-0.07427968749999991,1.30746e-08
153.147,0.0,-0.07452968749999991,1.29931e-08
153.147,0.0,-0.07477968749999991,1.29326e-08
153.147,0.0,-0.07502968749999991,1.3323e-08
153.147,0.0,-0.07527968749999991,1.29774e-08
153.147,0.0,-0.07552968749999991,1.286675e-08
153.147,0.0,-0.07577968749999991,1.28774e-08
153.147,0.0,-0.07602968749999992,1.311905e-08
153.147,0.0,-0.07627968749999992,1.323915e-08
153.147,0.0,-0.07652968749999992,1.30592e-08
153.147,0.0,-0.07677968749999992,1.307695e-08
153.147,0.0,-0.07702968749999992,1.29437e-08
153.147,0.0,-0.0772796874999999,1.289325e-08
153.147,0.0,-0.0775296874999999,1.31304e-08
153.147,0.0,-0.0777796874999999,1.302225e-08
153.147,0.0,-0.0780296874999999,1.32752e-08
153.147,0.0,-0.0782796874999999,1.311805e-08
153.147,0.0,-0.0785296874999999,1.34373e-08
153.147,0.0,-0.0787796874999999,1.31467e-08
153.147,0.0,-0.0790296874999999,1.29628e-08
153.147,0.0,-0.0792796874999999,1.3052e-08
153.147,0.0,-0.0795296874999999,1.29831e-08
153.147,0.0,-0.0797796874999999,1.306965e-08
153.147,0.0,-0.0800296874999999,1.309625e-08
153.147,0.0,-0.0802796874999999,1.313e-08
153.147,0.0,-0.0805296874999999,1.284665e-08
153.147,0.0,-0.0807796874999999,1.29828e-08
153.147,0.0,-0.0810296874999999,1.299565e-08
153.147,0.0,-0.0812796874999999,1.29333e-08
153.147,0.0,-0.0815296874999999,1.29888e-08
153.147,0.0,-0.0817796874999999,1.306345e-08
153.147,0.0,-0.0820296874999999,1.300485e-08
153.147,0.0,-0.0822796874999999,1.27881e-08
153.147,0.0,-0.08252968749999991,1.30439e-08
153.147,0.0,-0.08277968749999991,1.2952e-08
153.147,0.0,-0.08302968749999991,1.315335e-08
153.147,0.0,-0.08327968749999991,1.31416e-08
153.147,0.0,-0.08352968749999991,1.27367e-08
153.147,0.0,-0.08377968749999991,1.30644e-08
153.147,0.0,-0.08402968749999991,1.3045900000000001e-08
153.147,0.0,-0.08427968749999991,1.308095e-08
153.147,0.0,-0.08452968749999991,1.29628e-08
153.147,0.0,-0.08477968749999991,1.30912e-08
153.147,0.0,-0.08502968749999991,1.32501e-08
153.147,0.0,-0.08527968749999991,1.29928e-08
153.147,0.0,-0.08552968749999991,1.32717e-08
153.147,0.0,-0.08577968749999991,1.30489e-08
153.147,0.0,-0.08602968749999991,1.316775e-08
153.147,0.0,-0.08627968749999991,1.32682e-08
153.147,0.0,-0.08652968749999991,1.3242333333333333e-08
153.147,0.0,-0.08677968749999991,1.313835e-08
153.147,0.0,-0.08702968749999991,1.31703e-08
153.147,0.0,-0.08727968749999991,1.30438e-08
153.147,0.0,-0.08752968749999991,1.322985e-08
153.147,0.0,-0.08777968749999991,1.32675e-08
153.147,0.0,-0.08802968749999991,1.320545e-08
153.147,0.0,-0.08827968749999991,1.32843e-08
153.147,0.0,-0.08852968749999991,1.2733100000000001e-08
153.147,0.0,-0.08877968749999991,1.333745e-08
153.147,0.0,-0.08902968749999991,1.299795e-08
153.147,0.0,-0.08927968749999991,1.32252e-08
153.147,0.0,-0.08952968749999991,1.316715e-08
153.147,0.0,-0.08977968749999991,1.335065e-08
153.147,0.0,-0.09002968749999991,1.32294e-08
153.147,0.0,-0.09027968749999991,1.32703e-08
153.147,0.0,-0.09052968749999991,1.329475e-08
153.147,0.0,-0.09077968749999991,1.340595e-08
153.147,0.0,-0.09102968749999991,1.326695e-08
153.147,0.0,-0.09127968749999991,1.342885e-08
153.147,0.0,-0.09152968749999991,1.345135e-08
153.147,0.0,-0.09177968749999992,1.329825e-08
153.147,0.0,-0.09202968749999992,1.346845e-08
153.147,0.0,-0.09227968749999992,1.32893e-08
153.147,0.0,-0.09252968749999992,1.338105e-08
153.147,0.0,-0.0927796874999999,1.33841e-08
153.147,0.0,-0.0930296874999999,1.33811e-08
153.147,0.0,-0.0932796874999999,1.33826e-08
153.147,0.0,-0.0935296874999999,1.3416866666666669e-08
153.147,0.0,-0.0937796874999999,1.348365e-08
153.147,0.0,-0.0940296874999999,1.323595e-08
153.147,0.0,-0.0942796874999999,1.33933e-08
153.147,0.0,-0.0945296874999999,1.34662e-08
153.147,0.0,-0.0947796874999999,1.32859e-08
153.147,0.0,-0.0950296874999999,1.341275e-08
153.147,0.0,-0.0952796874999999,1.35226e-08
153.147,0.0,-0.0955296874999999,1.35154e-08
153.147,0.0,-0.0957796874999999,1.33877e-08
153.147,0.0,-0.0960296874999999,1.32911e-08
153.147,0.0,-0.0962796874999999,1.35064e-08
153.147,0.0,-0.0965296874999999,1.32151e-08
153.147,0.0,-0.0967796874999999,1.33756e-08
153.147,0.0,-0.0970296874999999,1.332455e-08
153.147,0.0,-0.0972796874999999,1.29877e-08
153.147,0.0,-0.0975296874999999,1.32178e-08
153.147,0.0,-0.0977796874999999,1.31932e-08
153.147,0.0,-0.0980296874999999,1.317375e-08
153.147,0.0,-0.09827968749999991,1.3402e-08
153.147,0.0,-0.09852968749999991,1.32754e-08
153.147,0.0,-0.09877968749999991,1.306115e-08
153.147,0.0,-0.09902968749999991,1.29983e-08
153.147,0.0,-0.09927968749999991,1.29606e-08
153.147,0.0,-0.09952968749999991,1.283245e-08
153.147,0.0,-0.09977968749999991,1.29254e-08
153.147,0.0,-0.10002968749999991,1.28994e-08
153.147,0.0,-0.10027968749999991,1.278e-08
153.147,0.0,-0.10052968749999991,1.2781299999999998e-08
153.147,0.0,-0.10077968749999991,1.284485e-08
153.147,0.0,-0.10102968749999991,1.2529e-08
153.147,0.0,-0.10127968749999991,1.263155e-08
153.147,0.0,-0.10152968749999991,1.24991e-08
153.147,0.0,-0.10177968749999991,1.25713e-08
153.147,0.0,-0.10202968749999991,1.244795e-08
153.147,0.0,-0.10227968749999991,1.24401e-08
153.147,0.0,-0.10252968749999991,1.23919e-08
153.147,0.0,-0.10277968749999991,1.22295e-08
153.147,0.0,-0.10302968749999991,1.2065950000000001e-08
153.147,0.0,-0.10327968749999991,1.213555e-08
153.147,0.0,-0.10352968749999991,1.19083e-08
153.147,0.0,-0.10377968749999991,1.1704e-08
153.147,0.0,-0.10402968749999991,1.17912e-08
153.147,0.0,-0.10427968749999991,1.160045e-08
153.147,0.0,-0.10452968749999991,1.14794e-08
153.147,0.0,-0.10477968749999991,1.15093e-08
153.147,0.0,-0.10502968749999991,1.13348e-08
153.147,0.0,-0.10527968749999991,1.12378e-08
153.147,0.0,-0.10552968749999991,1.11206e-08
153.147,0.0,-0.10577968749999991,1.0629e-08
153.147,0.0,-0.10602968749999991,1.08436e-08
153.147,0.0,-0.10627968749999991,1.047235e-08
153.147,0.0,-0.10652968749999991,1.04461e-08
153.147,0.0,-0.10677968749999991,1.036815e-08
153.147,0.0,-0.10702968749999991,1.009495e-08
153.147,0.0,-0.10727968749999992,9.904545e-09
153.147,0.0,-0.10752968749999992,9.614965e-09
153.147,0.0,-0.10777968749999992,9.597525e-09
153.147,0.0,-0.10802968749999992,8.9748e-09
153.147,0.0,-0.10827968749999992,9.108185e-09
153.147,0.0,-0.1085296874999999,8.78201e-09
153.147,0.0,-0.1087796874999999,8.49343e-09
153.147,0.0,-0.1090296874999999,8.0878e-09
153.147,0.0,-0.1092796874999999,8.083455e-09
153.147,0.0,-0.1095296874999999,7.945569999999999e-09
153.147,0.0,-0.1097796874999999,7.699695e-09
153.147,0.0,-0.1100296874999999,7.56732e-09
153.147,0.0,-0.1102796874999999,7.63965e-09
153.147,0.0,-0.1105296874999999,7.692215e-09
153.147,0.0,-0.1107796874999999,7.637445e-09
153.147,0.0,-0.1110296874999999,7.78389e-09
153.147,0.0,-0.1112796874999999,7.53922e-09
153.147,0.0,-0.1115296874999999,7.554025e-09
153.147,0.0,-0.1117796874999999,7.618223333333335e-09
153.147,0.0,-0.1120296874999999,7.54349e-09
153.147,0.0,-0.1122796874999999,7.36887e-09
153.147,0.0,-0.1125296874999999,7.4307e-09
153.147,0.0,-0.1127796874999999,7.6649e-09
153.147,0.0,-0.1130296874999999,7.69933e-09
153.147,0.0,-0.1132796874999999,7.89356e-09
153.147,0.0,-0.1135296874999999,8.071415e-09
153.147,0.0,-0.11377968749999991,8.23997e-09
153.147,0.0,-0.11402968749999991,8.3737e-09
153.147,0.0,-0.11427968749999991,8.471655e-09
153.147,0.0,-0.11452968749999991,8.83211e-09
153.147,0.0,-0.11477968749999991,8.920415e-09
153.147,0.0,-0.11502968749999991,9.28167e-09
153.147,0.0,-0.11527968749999991,9.715375e-09
153.147,0.0,-0.11552968749999991,9.883345e-09
153.147,0.0,-0.11577968749999991,1.021335e-08
153.147,0.0,-0.11602968749999991,1.0566e-08
153.147,0.0,-0.11627968749999991,1.110685e-08
153.147,0.0,-0.11652968749999991,1.14382e-08
153.147,0.0,-0.11677968749999991,1.172965e-08
153.147,0.0,-0.11702968749999991,1.19397e-08
153.147,0.0,-0.11727968749999991,1.211005e-08
153.147,0.0,-0.11752968749999991,1.234165e-08
153.147,0.0,-0.11777968749999991,1.243625e-08
153.147,0.0,-0.11802968749999991,1.25538e-08
153.147,0.0,-0.11827968749999991,1.270525e-08
153.147,0.0,-0.11852968749999991,1.29541e-08
153.147,0.0,-0.11877968749999991,1.26723e-08
153.147,0.0,-0.11902968749999991,1.329065e-08
153.147,0.0,-0.11927968749999991,1.321045e-08
153.147,0.0,-0.11952968749999991,1.32497e-08
153.147,0.0,-0.11977968749999991,1.35639e-08
153.147,0.0,-0.12002968749999991,1.32612e-08
153.147,0.0,-0.12027968749999991,1.338405e-08
153.147,0.0,-0.12052968749999991,1.315635e-08
153.147,0.0,-0.12077968749999991,1.340295e-08
153.147,0.0,-0.12102968749999991,1.322995e-08
153.147,0.0,-0.12127968749999991,1.34116e-08
153.147,0.0,-0.12152968749999991,1.327925e-08
153.147,0.0,-0.12177968749999991,1.39137e-08
153.147,0.0,-0.12202968749999991,1.336585e-08
153.147,0.0,-0.12227968749999991,1.3397e-08
153.147,0.0,-0.12252968749999991,1.337565e-08
153.147,0.0,-0.12277968749999991,1.3439e-08
153.147,0.0,-0.12302968749999992,1.31999e-08
153.147,0.0,-0.12327968749999992,1.335185e-08
153.147,0.0,-0.12352968749999992,1.35277e-08
153.147,0.0,-0.12377968749999992,1.32341e-08
153.147,0.0,-0.1240296874999999,1.334505e-08
153.147,0.0,-0.1242796874999999,1.34695e-08
153.147,0.0,-0.1245296874999999,1.322775e-08
153.147,0.0,-0.1247796874999999,1.31752e-08
153.147,0.0,-0.1250296874999999,1.33654e-08
153.147,0.0,-0.1252796874999999,1.32983e-08
153.147,0.0,-0.1255296874999999,1.3316600000000001e-08
153.147,0.0,-0.1257796874999999,1.34843e-08
153.147,0.0,-0.1260296874999999,1.342265e-08
153.147,0.0,-0.1262796874999999,1.3424600000000001e-08
153.147,0.0,-0.1265296874999999,1.337385e-08
153.147,0.0,-0.1267796874999999,1.33719e-08
153.147,0.0,-0.1270296874999999,1.35676e-08
153.147,0.0,-0.1272796874999999,1.32869e-08
153.147,0.0,-0.1275296874999999,1.339455e-08
153.147,0.0,-0.1277796874999999,1.35195e-08
153.147,0.0,-0.1280296874999999,1.334365e-08
153.147,0.0,-0.1282796874999999,1.340795e-08
153.147,0.0,-0.1285296874999999,1.327375e-08
153.147,0.0,-0.1287796874999999,1.31855e-08
153.147,0.0,-0.1290296874999999,1.33071e-08
153.147,0.0,-0.1292796874999999,1.3051100000000001e-08
153.147,0.0,-0.1295296874999999,1.3013650000000001e-08
153.147,0.0,-0.1297796874999999,1.3518599999999998e-08
153.147,0.0,-0.1300296874999999,1.31949e-08
153.147,0.0,-0.1302796874999999,1.33013e-08
153.147,0.0,-0.1305296874999999,1.338345e-08
153.147,0.0,-0.1307796874999999,1.32988e-08
153.147,0.0,-0.1310296874999999,1.318625e-08
153.147,0.0,-0.1312796874999999,1.310435e-08
153.147,0.0,-0.1315296874999999,1.286215e-08
153.147,0.0,-0.1317796874999999,1.32435e-08
153.147,0.0,-0.1320296874999999,1.308605e-08
153.147,0.0,-0.1322796874999999,1.338115e-08
153.147,0.0,-0.1325296874999999,1.309755e-08
153.147,0.0,-0.1327796874999999,1.33082e-08
153.147,0.0,-0.1330296874999999,1.32183e-08
153.147,0.0,-0.1332796874999999,1.31176e-08
153.147,0.0,-0.1335296874999999,1.25301e-08
153.147,0.0,-0.1337796874999999,1.33816e-08
153.147,0.0,-0.1340296874999999,1.3145133333333333e-08
153.147,0.0,-0.1342796874999999,1.327085e-08
153.147,0.0,-0.1345296874999999,1.30674e-08
153.147,0.0,-0.1347796874999999,1.30825e-08
153.147,0.0,-0.1350296874999999,1.299165e-08
153.147,0.0,-0.1352796874999999,1.32646e-08
153.147,0.0,-0.1355296874999999,1.306315e-08
153.147,0.0,-0.1357796874999999,1.32079e-08
153.147,0.0,-0.1360296874999999,1.30175e-08
153.147,0.0,-0.1362796874999999,1.309345e-08
153.147,0.0,-0.1365296874999999,1.29549e-08
153.147,0.0,-0.1367796874999999,1.303535e-08
153.147,0.0,-0.1370296874999999,1.290555e-08
153.147,0.0,-0.13727968749999991,1.302225e-08
153.147,0.0,-0.13752968749999991,1.30063e-08
153.147,0.0,-0.13777968749999991,1.27315e-08
153.147,0.0,-0.13802968749999991,1.31103e-08
153.147,0.0,-0.13827968749999991,1.311775e-08
153.147,0.0,-0.13852968749999992,1.312835e-08
153.147,0.0,-0.13877968749999992,1.318915e-08
153.147,0.0,-0.13902968749999992,1.311635e-08
153.147,0.0,-0.13927968749999992,1.300545e-08
153.147,0.0,-0.13952968749999992,1.32613e-08
153.147,0.0,-0.13977968749999992,1.308185e-08
153.147,0.0,-0.14002968749999992,1.30282e-08
153.147,0.0,-0.14027968749999992,1.288825e-08
153.147,0.0,-0.14052968749999992,1.31122e-08
153.147,0.0,-0.14077968749999992,1.30533e-08
153.147,0.0,-0.14102968749999992,1.2814766666666669e-08
153.147,0.0,-0.14127968749999992,1.302245e-08
153.147,0.0,-0.14152968749999992,1.31315e-08
153.147,0.0,-0.14177968749999992,1.32217e-08
153.147,0.0,-0.14202968749999992,1.29365e-08
153.147,0.0,-0.14227968749999992,1.29869e-08
153.147,0.0,-0.14252968749999992,1.30208e-08
153.147,0.0,-0.14277968749999992,1.311145e-08
153.147,0.0,-0.14302968749999992,1.30029e-08
153.147,0.0,-0.14327968749999992,1.2960866666666666e-08
153.147,0.0,-0.14352968749999992,1.29001e-08
153.147,0.0,-0.14377968749999992,1.28639e-08
153.147,0.0,-0.14402968749999992,1.29394e-08
153.147,0.0,-0.14427968749999992,1.298725e-08
153.147,0.0,-0.14452968749999992,1.31298e-08
153.147,0.0,-0.14477968749999992,1.3103600000000001e-08
153.147,0.0,-0.14502968749999992,1.325005e-08
153.147,0.0,-0.14527968749999992,1.296725e-08
153.147,0.0,-0.14552968749999992,1.286175e-08
153.147,0.0,-0.14577968749999992,1.275445e-08
153.147,0.0,-0.14602968749999992,1.3124e-08
153.147,0.0,-0.14627968749999992,1.31292e-08
153.147,0.0,-0.14652968749999992,1.28801e-08
153.147,0.0,-0.14677968749999992,1.27799e-08
153.147,0.0,-0.14702968749999992,1.30936e-08
153.147,0.0,-0.14727968749999992,1.29413e-08
153.147,0.0,-0.1475296874999999,1.306725e-08
153.147,0.0,-0.1477796874999999,1.285115e-08
153.147,0.0,-0.1480296874999999,1.278055e-08
153.147,0.0,-0.1482796874999999,1.27585e-08
153.147,0.0,-0.1485296874999999,1.30579e-08
153.147,0.0,-0.1487796874999999,1.302865e-08
153.147,0.0,-0.1490296874999999,1.29499e-08
153.147,0.0,-0.1492796874999999,1.32368e-08
153.147,0.0,-0.1495296874999999,1.29352e-08
153.147,0.0,-0.1497796874999999,1.3115766666666666e-08
153.147,0.0,-0.1500296874999999,1.32765e-08
153.147,0.0,-0.1502796874999999,1.28841e-08
153.147,0.0,-0.1505296874999999,1.29834e-08
153.147,0.0,-0.1507796874999999,1.317425e-08
153.147,0.0,-0.1510296874999999,1.3112900000000001e-08
153.147,0.0,-0.1512796874999999,1.34046e-08
153.147,0.0,-0.1515296874999999,1.31154e-08
153.147,0.0,-0.1517796874999999,1.306295e-08
153.147,0.0,-0.1520296874999999,1.330205e-08
153.147,0.0,-0.1522796874999999,1.30702e-08
153.147,0.0,-0.1525296874999999,1.301445e-08
153.147,0.0,-0.1527796874999999,1.307285e-08
153.147,0.0,-0.1530296874999999,1.30132e-08
153.147,0.0,-0.1532796874999999,1.270215e-08
153.147,0.0,-0.1535296874999999,1.31047e-08
153.147,0.0,-0.1537796874999999,1.3206400000000001e-08
153.147,0.0,-0.1540296874999999,1.313525e-08
153.147,0.0,-0.1542796874999999,1.31951e-08
153.147,0.0,-0.1545296874999999,1.32241e-08
153.147,0.0,-0.1547796874999999,1.321015e-08
153.147,0.0,-0.1550296874999999,1.31172e-08
153.147,0.0,-0.1552796874999999,1.2731e-08
153.147,0.0,-0.1555296874999999,1.32057e-08
153.147,0.0,-0.1557796874999999,1.33865e-08
153.147,0.0,-0.1560296874999999,1.324865e-08
153.147,0.0,-0.1562796874999999,1.321145e-08
153.147,0.0,-0.1565296874999999,1.3296e-08
153.147,0.0,-0.1567796874999999,1.354485e-08
153.147,0.0,-0.1570296874999999,1.3122200000000001e-08
153.147,0.0,-0.1572796874999999,1.33454e-08
153.147,0.0,-0.1575296874999999,1.31407e-08
153.147,0.0,-0.1577796874999999,1.33829e-08
153.147,0.0,-0.1580296874999999,1.337815e-08
153.147,0.0,-0.1582796874999999,1.33148e-08
153.147,0.0,-0.1585296874999999,1.30679e-08
153.147,0.0,-0.1587796874999999,1.33604e-08
153.147,0.0,-0.1590296874999999,1.354895e-08
153.147,0.0,-0.1592796874999999,1.314155e-08
153.147,0.0,-0.1595296874999999,1.33987e-08
153.147,0.0,-0.1597796874999999,1.349795e-08
153.147,0.0,-0.1600296874999999,1.297005e-08
153.147,0.0,-0.1602796874999999,1.3231e-08
153.147,0.0,-0.1605296874999999,1.288735e-08
153.147,0.0,-0.1607796874999999,1.325265e-08
153.147,0.0,-0.1610296874999999,1.288515e-08
153.147,0.0,-0.1612796874999999,1.3362e-08
153.147,0.0,-0.1615296874999999,1.332e-08
153.147,0.0,-0.1617796874999999,1.343505e-08
153.147,0.0,-0.1620296874999999,1.328705e-08
153.147,0.0,-0.1622796874999999,1.34224e-08
153.147,0.0,-0.1625296874999999,1.35222e-08
153.147,0.0,-0.1627796874999999,1.3335399999999998e-08
153.147,0.0,-0.1630296874999999,1.310085e-08
153.147,0.0,-0.1632796874999999,1.323165e-08
153.147,0.0,-0.1635296874999999,1.326525e-08
153.147,0.0,-0.1637796874999999,1.335415e-08
153.147,0.0,-0.1640296874999999,1.336775e-08
153.147,0.0,-0.1642796874999999,1.32039e-08
153.147,0.0,-0.1645296874999999,1.32308e-08
153.147,0.0,-0.1647796874999999,1.330915e-08
153.147,0.0,-0.1650296874999999,1.34849e-08
153.147,0.0,-0.1652796874999999,1.3002e-08
153.147,0.0,-0.1655296874999999,1.31564e-08
153.147,0.0,-0.1657796874999999,1.325385e-08
153.147,0.0,-0.1660296874999999,1.34181e-08
153.147,0.0,-0.1662796874999999,1.32575e-08
153.147,0.0,-0.1665296874999999,1.319505e-08
153.147,0.0,-0.1667796874999999,1.329565e-08
153.147,0.0,-0.1670296874999999,1.328695e-08
153.147,0.0,-0.1672796874999999,1.35298e-08
153.147,0.0,-0.1675296874999999,1.343125e-08
153.147,0.0,-0.1677796874999999,1.324445e-08
153.147,0.0,-0.1680296874999999,1.34932e-08
153.147,0.0,-0.1682796874999999,1.33454e-08
153.147,0.0,-0.16852968749999991,1.309655e-08
153.147,0.0,-0.16877968749999991,1.349325e-08
153.147,0.0,-0.16902968749999991,1.333915e-08
153.147,0.0,-0.16927968749999991,1.3295e-08
153.147,0.0,-0.16952968749999991,1.33874e-08
153.147,0.0,-0.16977968749999992,1.357995e-08
153.147,0.0,-0.17002968749999992,1.33747e-08
153.147,0.0,-0.17027968749999992,1.35525e-08
153.147,0.0,-0.17052968749999992,1.3642800000000001e-08
153.147,0.0,-0.17077968749999992,1.36599e-08
153.147,0.0,-0.17102968749999992,1.355435e-08
153.147,0.0,-0.17127968749999992,1.37862e-08
153.147,0.0,-0.17152968749999992,1.37342e-08
153.147,0.0,-0.17177968749999992,1.3541350000000001e-08
153.147,0.0,-0.17202968749999992,1.36917e-08
153.147,0.0,-0.17227968749999992,1.34671e-08
153.147,0.0,-0.17252968749999992,1.3334866666666668e-08
153.147,0.0,-0.17277968749999992,1.373115e-08
153.147,0.0,-0.17302968749999992,1.35757e-08
153.147,0.0,-0.17327968749999992,1.31492e-08
153.147,0.0,-0.17352968749999992,1.36477e-08
153.147,0.0,-0.17377968749999992,1.343825e-08
153.147,0.0,-0.17402968749999992,1.373725e-08
153.147,0.0,-0.17427968749999992,1.39131e-08
153.147,0.0,-0.17452968749999992,1.364255e-08
153.147,0.0,-0.17477968749999992,1.3805633333333334e-08
153.147,0.0,-0.17502968749999992,1.40689e-08
153.147,0.0,-0.17527968749999992,1.38857e-08
153.147,0.0,-0.17552968749999992,1.37949e-08
153.147,0.0,-0.17577968749999992,1.367435e-08
153.147,0.0,-0.17602968749999992,1.380755e-08
153.147,0.0,-0.17627968749999992,1.37376e-08
153.147,0.0,-0.17652968749999992,1.39607e-08
153.147,0.0,-0.17677968749999992,1.37515e-08
153.147,0.0,-0.17702968749999992,1.390785e-08
153.147,0.0,-0.17727968749999992,1.381995e-08
153.147,0.0,-0.17752968749999992,1.394265e-08
153.147,0.0,-0.17777968749999992,1.422515e-08
153.147,0.0,-0.17802968749999992,1.39749e-08
153.147,0.0,-0.17827968749999992,1.393005e-08
153.147,0.0,-0.17852968749999992,1.394765e-08
153.147,0.0,-0.1787796874999999,1.40983e-08
153.147,0.0,-0.1790296874999999,1.4085e-08
153.147,0.0,-0.1792796874999999,1.39893e-08
153.147,0.0,-0.1795296874999999,1.4272466666666666e-08
153.147,0.0,-0.1797796874999999,1.396635e-08
153.147,0.0,-0.1800296874999999,1.36829e-08
153.147,0.0,-0.1802796874999999,1.377225e-08
153.147,0.0,-0.1805296874999999,1.396515e-08
153.147,0.0,-0.1807796874999999,1.39804e-08
153.147,0.0,-0.1810296874999999,1.36628e-08
153.147,0.0,-0.1812796874999999,1.39196e-08
153.147,0.0,-0.1815296874999999,1.40796e-08
153.147,0.0,-0.1817796874999999,1.3926366666666666e-08
153.147,0.0,-0.1820296874999999,1.38255e-08
153.147,0.0,-0.1822796874999999,1.420995e-08
153.147,0.0,-0.1825296874999999,1.4119100000000001e-08
153.147,0.0,-0.1827796874999999,1.40533e-08
153.147,0.0,-0.1830296874999999,1.42804e-08
153.147,0.0,-0.1832796874999999,1.392645e-08
153.147,0.0,-0.1835296874999999,1.39336e-08
153.147,0.0,-0.1837796874999999,1.3966899999999998e-08
153.147,0.0,-0.1840296874999999,1.38908e-08
153.147,0.0,-0.1842796874999999,1.42581e-08
153.147,0.0,-0.1845296874999999,1.42501e-08
153.147,0.0,-0.1847796874999999,1.400845e-08
153.147,0.0,-0.1850296874999999,1.42601e-08
153.147,0.0,-0.1852796874999999,1.409445e-08
153.147,0.0,-0.1855296874999999,1.40344e-08
153.147,0.0,-0.1857796874999999,1.4281800000000001e-08
153.147,0.0,-0.1860296874999999,1.410725e-08
153.147,0.0,-0.1862796874999999,1.4089300000000001e-08
153.147,0.0,-0.1865296874999999,1.42997e-08
153.147,0.0,-0.1867796874999999,1.422905e-08
153.147,0.0,-0.1870296874999999,1.43063e-08
153.147,0.0,-0.1872796874999999,1.404185e-08
153.147,0.0,-0.1875296874999999,1.4369e-08
153.147,0.0,-0.1877796874999999,1.445255e-08
153.147,0.0,-0.1880296874999999,1.45114e-08
153.147,0.0,-0.1882796874999999,1.443995e-08
153.147,0.0,-0.1885296874999999,1.46764e-08
153.147,0.0,-0.1887796874999999,1.44091e-08
153.147,0.0,-0.1890296874999999,1.44077e-08
153.147,0.0,-0.1892796874999999,1.4625e-08
153.147,0.0,-0.1895296874999999,1.44513e-08
153.147,0.0,-0.1897796874999999,1.45982e-08
153.147,0.0,-0.1900296874999999,1.45439e-08
153.147,0.0,-0.1902796874999999,1.4678e-08
153.147,0.0,-0.1905296874999999,1.45722e-08
153.147,0.0,-0.1907796874999999,1.4195833333333332e-08
153.147,0.0,-0.1910296874999999,1.45248e-08
153.147,0.0,-0.1912796874999999,1.448515e-08
153.147,0.0,-0.1915296874999999,1.46785e-08
153.147,0.0,-0.1917796874999999,1.480675e-08
153.147,0.0,-0.1920296874999999,1.4687e-08
153.147,0.0,-0.1922796874999999,1.457725e-08
153.147,0.0,-0.1925296874999999,1.493495e-08
153.147,0.0,-0.1927796874999999,1.4858450000000001e-08
153.147,0.0,-0.1930296874999999,1.496295e-08
153.147,0.0,-0.1932796874999999,1.4835e-08
153.147,0.0,-0.1935296874999999,1.48571e-08
153.147,0.0,-0.1937796874999999,1.497905e-08
153.147,0.0,-0.1940296874999999,1.49973e-08
153.147,0.0,-0.1942796874999999,1.490205e-08
153.147,0.0,-0.1945296874999999,1.5021449999999997e-08
153.147,0.0,-0.1947796874999999,1.503225e-08
153.147,0.0,-0.1950296874999999,1.500855e-08
153.147,0.0,-0.1952796874999999,1.51103e-08
153.147,0.0,-0.1955296874999999,1.527835e-08
153.147,0.0,-0.1957796874999999,1.55123e-08
153.147,0.0,-0.1960296874999999,1.506605e-08
153.147,0.0,-0.1962796874999999,1.52081e-08
153.147,0.0,-0.1965296874999999,1.51632e-08
153.147,0.0,-0.1967796874999999,1.53036e-08
153.147,0.0,-0.1970296874999999,1.51558e-08
153.147,0.0,-0.1972796874999999,1.53228e-08
153.147,0.0,-0.1975296874999999,1.5500399999999998e-08
153.147,0.0,-0.1977796874999999,1.64696e-08
153.147,0.0,-0.1980296874999999,1.563155e-08
153.147,0.0,-0.1982796874999999,1.5601299999999998e-08
153.147,0.0,-0.1985296874999999,1.5561850000000002e-08
153.147,0.0,-0.1987796874999999,1.5627e-08
153.147,0.0,-0.1990296874999999,1.543745e-08
153.147,0.0,-0.1992796874999999,1.570065e-08
153.147,0.0,-0.1995296874999999,1.5695999999999997e-08
153.147,0.0,-0.19977968749999991,1.5818350000000002e-08
153.147,0.0,-0.20002968749999991,1.56418e-08
153.147,0.0,-0.20027968749999991,1.590145e-08
153.147,0.0,-0.20052968749999991,1.57881e-08
153.147,0.0,-0.20077968749999991,1.57998e-08
153.147,0.0,-0.20102968749999992,1.6132500000000002e-08
153.147,0.0,-0.20127968749999992,1.58247e-08
153.147,0.0,-0.20152968749999992,1.6255399999999997e-08
153.147,0.0,-0.20177968749999992,1.6170099999999997e-08
153.147,0.0,-0.20202968749999992,1.631885e-08
153.147,0.0,-0.20227968749999992,1.588115e-08
153.147,0.0,-0.20252968749999992,1.585e-08
153.147,0.0,-0.20277968749999992,1.59441e-08
153.147,0.0,-0.20302968749999992,1.6100349999999998e-08
153.147,0.0,-0.20327968749999992,1.6244000000000003e-08
153.147,0.0,-0.20352968749999992,1.59122e-08
153.147,0.0,-0.20377968749999992,1.617365e-08
153.147,0.0,-0.20402968749999992,1.5844e-08
153.147,0.0,-0.20427968749999992,1.5962799999999998e-08
153.147,0.0,-0.20452968749999992,1.62472e-08
153.147,0.0,-0.20477968749999992,1.58478e-08
153.147,0.0,-0.20502968749999992,1.5979799999999997e-08
153.147,0.0,-0.20527968749999992,1.6111849999999997e-08
153.147,0.0,-0.20552968749999992,1.560635e-08
153.147,0.0,-0.20577968749999992,1.57463e-08
153.147,0.0,-0.20602968749999992,1.5732899999999997e-08
153.147,0.0,-0.20627968749999992,1.569065e-08
153.147,0.0,-0.20652968749999992,1.56986e-08
153.147,0.0,-0.20677968749999992,1.56177e-08
153.147,0.0,-0.20702968749999992,1.555045e-08
153.147,0.0,-0.20727968749999992,1.560395e-08
153.147,0.0,-0.20752968749999992,1.5176149999999998e-08
153.147,0.0,-0.20777968749999992,1.53773e-08
153.147,0.0,-0.20802968749999992,1.4849700000000001e-08
153.147,0.0,-0.20827968749999992,1.49438e-08
153.147,0.0,-0.20852968749999992,1.47518e-08
153.147,0.0,-0.20877968749999992,1.440715e-08
153.147,0.0,-0.20902968749999992,1.436015e-08
153.147,0.0,-0.20927968749999992,1.38932e-08
153.147,0.0,-0.20952968749999992,1.377605e-08
153.147,0.0,-0.20977968749999992,1.39943e-08
153.147,0.0,-0.2100296874999999,1.3083100000000001e-08
153.147,0.0,-0.2102796874999999,1.28804e-08
153.147,0.0,-0.2105296874999999,1.248125e-08
153.147,0.0,-0.2107796874999999,1.229165e-08
160.79,0.0,0.2909703125000001,2.825965e-08
160.79,0.0,0.2907203125000001,2.8457733333333336e-08
160.79,0.0,0.2904703125000001,2.85244e-08
160.79,0.0,0.2902203125000001,2.861285e-08
160.79,0.0,0.2899703125000001,2.954995e-08
160.79,0.0,0.2897203125000001,3.17934e-08
160.79,0.0,0.2894703125000001,3.55315e-08
160.79,0.0,0.2892203125000001,3.7371033333333344e-08
160.79,0.0,0.2889703125000001,3.963605e-08
160.79,0.0,0.2887203125000001,4.127195e-08
160.79,0.0,0.2884703125000001,4.28046e-08
160.79,0.0,0.2882203125000001,4.39693e-08
160.79,0.0,0.2879703125000001,4.51274e-08
160.79,0.0,0.2877203125000001,4.63905e-08
160.79,0.0,0.2874703125000001,4.57298e-08
160.79,0.0,0.2872203125000001,4.572265e-08
160.79,0.0,0.2869703125000001,4.648285e-08
160.79,0.0,0.2867203125000001,4.49657e-08
160.79,0.0,0.2864703125000001,4.56931e-08
160.79,0.0,0.2862203125000001,4.6766250000000004e-08
160.79,0.0,0.2859703125000001,4.770645e-08
160.79,0.0,0.2857203125000001,4.863105e-08
160.79,0.0,0.2854703125000001,4.97465e-08
160.79,0.0,0.2852203125000001,5.014145e-08
160.79,0.0,0.2849703125000001,5.11609e-08
160.79,0.0,0.2847203125000001,5.260525e-08
160.79,0.0,0.2844703125000001,5.3920550000000006e-08
160.79,0.0,0.28422031250000007,5.521645e-08
160.79,0.0,0.2839703125000001,5.716445e-08
160.79,0.0,0.28372031250000007,5.73909e-08
160.79,0.0,0.2834703125000001,5.78386e-08
160.79,0.0,0.28322031250000007,5.785635e-08
160.79,0.0,0.2829703125000001,5.80856e-08
160.79,0.0,0.28272031250000007,5.838805e-08
160.79,0.0,0.2824703125000001,5.81926e-08
160.79,0.0,0.28222031250000007,5.795435e-08
160.79,0.0,0.2819703125000001,5.81801e-08
160.79,0.0,0.28172031250000007,5.79532e-08
160.79,0.0,0.2814703125000001,5.792725e-08
160.79,0.0,0.28122031250000007,5.75784e-08
160.79,0.0,0.2809703125000001,5.608865e-08
160.79,0.0,0.28072031250000007,5.47909e-08
160.79,0.0,0.2804703125000001,5.46609e-08
160.79,0.0,0.28022031250000007,5.47342e-08
160.79,0.0,0.2799703125000001,5.48267e-08
160.79,0.0,0.27972031250000007,5.5358100000000004e-08
160.79,0.0,0.2794703125000001,5.6034400000000006e-08
160.79,0.0,0.27922031250000007,5.640615e-08
160.79,0.0,0.2789703125000001,5.64586e-08
160.79,0.0,0.27872031250000007,5.65561e-08
160.79,0.0,0.2784703125000001,5.661595e-08
160.79,0.0,0.27822031250000007,5.670255e-08
160.79,0.0,0.2779703125000001,5.667755e-08
160.79,0.0,0.27772031250000007,5.6464e-08
160.79,0.0,0.2774703125000001,5.63771e-08
160.79,0.0,0.27722031250000007,5.611985e-08
160.79,0.0,0.2769703125000001,5.574735e-08
160.79,0.0,0.27672031250000007,5.58412e-08
160.79,0.0,0.2764703125000001,5.57023e-08
160.79,0.0,0.27622031250000006,5.553165e-08
160.79,0.0,0.2759703125000001,5.548485e-08
160.79,0.0,0.27572031250000006,5.506925e-08
160.79,0.0,0.2754703125000001,5.51754e-08
160.79,0.0,0.27522031250000006,5.47848e-08
160.79,0.0,0.2749703125000001,5.45948e-08
160.79,0.0,0.27472031250000006,5.45756e-08
160.79,0.0,0.2744703125000001,5.47684e-08
160.79,0.0,0.2742203125000001,5.443715e-08
160.79,0.0,0.2739703125000001,5.40669e-08
160.79,0.0,0.2737203125000001,5.38628e-08
160.79,0.0,0.2734703125000001,5.384380000000001e-08
160.79,0.0,0.2732203125000001,5.3767050000000004e-08
160.79,0.0,0.2729703125000001,5.34674e-08
160.79,0.0,0.2727203125000001,5.33003e-08
160.79,0.0,0.2724703125000001,5.30104e-08
160.79,0.0,0.2722203125000001,5.283455000000001e-08
160.79,0.0,0.2719703125000001,5.242555000000001e-08
160.79,0.0,0.2717203125000001,5.25533e-08
160.79,0.0,0.2714703125000001,5.222400000000001e-08
160.79,0.0,0.2712203125000001,5.185015e-08
160.79,0.0,0.2709703125000001,5.201816666666667e-08
160.79,0.0,0.2707203125000001,5.15805e-08
160.79,0.0,0.2704703125000001,5.15829e-08
160.79,0.0,0.2702203125000001,5.1350200000000004e-08
160.79,0.0,0.2699703125000001,5.14055e-08
160.79,0.0,0.2697203125000001,5.10764e-08
160.79,0.0,0.2694703125000001,5.10931e-08
160.79,0.0,0.2692203125000001,5.082125e-08
160.79,0.0,0.2689703125000001,5.0652e-08
160.79,0.0,0.2687203125000001,5.06823e-08
160.79,0.0,0.2684703125000001,5.0316100000000004e-08
160.79,0.0,0.2682203125000001,5.00688e-08
160.79,0.0,0.2679703125000001,5.000025e-08
160.79,0.0,0.2677203125000001,4.98811e-08
160.79,0.0,0.2674703125000001,4.96441e-08
160.79,0.0,0.2672203125000001,4.94876e-08
160.79,0.0,0.2669703125000001,4.92752e-08
160.79,0.0,0.2667203125000001,4.917115e-08
160.79,0.0,0.2664703125000001,4.880945e-08
160.79,0.0,0.2662203125000001,4.87158e-08
160.79,0.0,0.2659703125000001,4.8496e-08
160.79,0.0,0.2657203125000001,4.8273100000000004e-08
160.79,0.0,0.2654703125000001,4.805385e-08
160.79,0.0,0.2652203125000001,4.79295e-08
160.79,0.0,0.2649703125000001,4.788275e-08
160.79,0.0,0.2647203125000001,4.7834e-08
160.79,0.0,0.2644703125000001,4.766765e-08
160.79,0.0,0.2642203125000001,4.7625966666666666e-08
160.79,0.0,0.2639703125000001,4.72066e-08
160.79,0.0,0.2637203125000001,4.710545e-08
160.79,0.0,0.2634703125000001,4.680360000000001e-08
160.79,0.0,0.2632203125000001,4.675225e-08
160.79,0.0,0.2629703125000001,4.65996e-08
160.79,0.0,0.2627203125000001,4.632305e-08
160.79,0.0,0.2624703125000001,4.610865e-08
160.79,0.0,0.2622203125000001,4.602965e-08
160.79,0.0,0.2619703125000001,4.57199e-08
160.79,0.0,0.2617203125000001,4.55668e-08
160.79,0.0,0.2614703125000001,4.540415e-08
160.79,0.0,0.2612203125000001,4.549915e-08
160.79,0.0,0.2609703125000001,4.50156e-08
160.79,0.0,0.2607203125000001,4.51217e-08
160.79,0.0,0.2604703125000001,4.502855e-08
160.79,0.0,0.2602203125000001,4.480565e-08
160.79,0.0,0.2599703125000001,4.470485e-08
160.79,0.0,0.2597203125000001,4.45426e-08
160.79,0.0,0.2594703125000001,4.4596e-08
160.79,0.0,0.2592203125000001,4.426555e-08
160.79,0.0,0.2589703125000001,4.40608e-08
160.79,0.0,0.2587203125000001,4.400205e-08
160.79,0.0,0.2584703125000001,4.362085e-08
160.79,0.0,0.2582203125000001,4.3673250000000004e-08
160.79,0.0,0.2579703125000001,4.33339e-08
160.79,0.0,0.2577203125000001,4.340055e-08
160.79,0.0,0.2574703125000001,4.316986666666667e-08
160.79,0.0,0.2572203125000001,4.3292e-08
160.79,0.0,0.2569703125000001,4.28898e-08
160.79,0.0,0.2567203125000001,4.28856e-08
160.79,0.0,0.2564703125000001,4.273500000000001e-08
160.79,0.0,0.2562203125000001,4.25114e-08
160.79,0.0,0.2559703125000001,4.22943e-08
160.79,0.0,0.2557203125000001,4.221595e-08
160.79,0.0,0.2554703125000001,4.20139e-08
160.79,0.0,0.2552203125000001,4.1825333333333335e-08
160.79,0.0,0.2549703125000001,4.16288e-08
160.79,0.0,0.2547203125000001,4.1554300000000006e-08
160.79,0.0,0.2544703125000001,4.143215e-08
160.79,0.0,0.2542203125000001,4.124275e-08
160.79,0.0,0.2539703125000001,4.13038e-08
160.79,0.0,0.2537203125000001,4.098905e-08
160.79,0.0,0.2534703125000001,4.06847e-08
160.79,0.0,0.2532203125000001,4.056955e-08
160.79,0.0,0.25297031250000007,4.029645e-08
160.79,0.0,0.2527203125000001,4.01136e-08
160.79,0.0,0.25247031250000007,3.99992e-08
160.79,0.0,0.2522203125000001,4.00635e-08
160.79,0.0,0.25197031250000007,3.95149e-08
160.79,0.0,0.2517203125000001,3.95684e-08
160.79,0.0,0.25147031250000007,3.94282e-08
160.79,0.0,0.2512203125000001,3.938165e-08
160.79,0.0,0.25097031250000007,3.91202e-08
160.79,0.0,0.2507203125000001,3.895485e-08
160.79,0.0,0.25047031250000007,3.873115e-08
160.79,0.0,0.2502203125000001,3.88809e-08
160.79,0.0,0.2499703125000001,3.83943e-08
160.79,0.0,0.2497203125000001,3.869555e-08
160.79,0.0,0.2494703125000001,3.8267050000000004e-08
160.79,0.0,0.2492203125000001,3.83309e-08
160.79,0.0,0.2489703125000001,3.84001e-08
160.79,0.0,0.2487203125000001,3.813805e-08
160.79,0.0,0.2484703125000001,3.828285e-08
160.79,0.0,0.2482203125000001,3.800015e-08
160.79,0.0,0.2479703125000001,3.772635e-08
160.79,0.0,0.2477203125000001,3.785625e-08
160.79,0.0,0.2474703125000001,3.78558e-08
160.79,0.0,0.2472203125000001,3.748185e-08
160.79,0.0,0.2469703125000001,3.71076e-08
160.79,0.0,0.2467203125000001,3.730785e-08
160.79,0.0,0.2464703125000001,3.694905000000001e-08
160.79,0.0,0.2462203125000001,3.680195e-08
160.79,0.0,0.2459703125000001,3.69896e-08
160.79,0.0,0.2457203125000001,3.64747e-08
160.79,0.0,0.2454703125000001,3.64414e-08
160.79,0.0,0.2452203125000001,3.62511e-08
160.79,0.0,0.2449703125000001,3.620905e-08
160.79,0.0,0.2447203125000001,3.6415450000000003e-08
160.79,0.0,0.2444703125000001,3.634965e-08
160.79,0.0,0.2442203125000001,3.63334e-08
160.79,0.0,0.2439703125000001,3.615845e-08
160.79,0.0,0.2437203125000001,3.57162e-08
160.79,0.0,0.2434703125000001,3.5774249999999994e-08
160.79,0.0,0.2432203125000001,3.57986e-08
160.79,0.0,0.2429703125000001,3.54955e-08
160.79,0.0,0.2427203125000001,3.53077e-08
160.79,0.0,0.2424703125000001,3.54221e-08
160.79,0.0,0.2422203125000001,3.47409e-08
160.79,0.0,0.2419703125000001,3.5190600000000005e-08
160.79,0.0,0.2417203125000001,3.50598e-08
160.79,0.0,0.2414703125000001,3.47961e-08
160.79,0.0,0.2412203125000001,3.50082e-08
160.79,0.0,0.2409703125000001,3.45979e-08
160.79,0.0,0.2407203125000001,3.45941e-08
160.79,0.0,0.2404703125000001,3.455625e-08
160.79,0.0,0.2402203125000001,3.42781e-08
160.79,0.0,0.2399703125000001,3.437645e-08
160.79,0.0,0.2397203125000001,3.4268899999999995e-08
160.79,0.0,0.2394703125000001,3.43532e-08
160.79,0.0,0.2392203125000001,3.4439200000000006e-08
160.79,0.0,0.2389703125000001,3.418755e-08
160.79,0.0,0.2387203125000001,3.40144e-08
160.79,0.0,0.2384703125000001,3.40254e-08
160.79,0.0,0.2382203125000001,3.40309e-08
160.79,0.0,0.2379703125000001,3.3769150000000004e-08
160.79,0.0,0.23772031250000009,3.366535e-08
160.79,0.0,0.23747031250000009,3.369835e-08
160.79,0.0,0.23722031250000009,3.3840150000000005e-08
160.79,0.0,0.23697031250000009,3.353105e-08
160.79,0.0,0.23672031250000009,3.367415e-08
160.79,0.0,0.23647031250000008,3.345335e-08
160.79,0.0,0.23622031250000008,3.32775e-08
160.79,0.0,0.23597031250000008,3.306745e-08
160.79,0.0,0.23572031250000008,3.318775e-08
160.79,0.0,0.23547031250000008,3.308565e-08
160.79,0.0,0.23522031250000008,3.3076250000000005e-08
160.79,0.0,0.23497031250000008,3.320285e-08
160.79,0.0,0.23472031250000008,3.30781e-08
160.79,0.0,0.23447031250000008,3.30499e-08
160.79,0.0,0.23422031250000008,3.30673e-08
160.79,0.0,0.23397031250000008,3.305185e-08
160.79,0.0,0.23372031250000008,3.2986300000000005e-08
160.79,0.0,0.23347031250000008,3.268435e-08
160.79,0.0,0.23322031250000008,3.29355e-08
160.79,0.0,0.23297031250000008,3.3070233333333335e-08
160.79,0.0,0.23272031250000008,3.2918e-08
160.79,0.0,0.23247031250000008,3.2848266666666674e-08
160.79,0.0,0.23222031250000008,3.36561e-08
160.79,0.0,0.23197031250000008,3.287695e-08
160.79,0.0,0.23172031250000008,3.28061e-08
160.79,0.0,0.23147031250000008,3.252705e-08
160.79,0.0,0.23122031250000008,3.26215e-08
160.79,0.0,0.23097031250000008,3.265475e-08
160.79,0.0,0.23072031250000008,3.2607349999999995e-08
160.79,0.0,0.23047031250000008,3.262095e-08
160.79,0.0,0.23022031250000008,3.2912699999999995e-08
160.79,0.0,0.22997031250000008,3.27028e-08
160.79,0.0,0.22972031250000008,3.255675e-08
160.79,0.0,0.22947031250000008,3.25479e-08
160.79,0.0,0.22922031250000008,3.25529e-08
160.79,0.0,0.22897031250000008,3.2563100000000004e-08
160.79,0.0,0.22872031250000008,3.26516e-08
160.79,0.0,0.22847031250000008,3.2576e-08
160.79,0.0,0.22822031250000008,3.26687e-08
160.79,0.0,0.22797031250000008,3.256915e-08
160.79,0.0,0.22772031250000008,3.239735e-08
160.79,0.0,0.2274703125000001,3.24852e-08
160.79,0.0,0.2272203125000001,3.25282e-08
160.79,0.0,0.2269703125000001,3.25512e-08
160.79,0.0,0.2267203125000001,3.256585e-08
160.79,0.0,0.2264703125000001,3.238605e-08
160.79,0.0,0.2262203125000001,3.24404e-08
160.79,0.0,0.2259703125000001,3.2434133333333336e-08
160.79,0.0,0.2257203125000001,3.2448300000000003e-08
160.79,0.0,0.2254703125000001,3.22783e-08
160.79,0.0,0.2252203125000001,3.22564e-08
160.79,0.0,0.2249703125000001,3.2240500000000003e-08
160.79,0.0,0.2247203125000001,3.21576e-08
160.79,0.0,0.2244703125000001,3.18882e-08
160.79,0.0,0.2242203125000001,3.21482e-08
160.79,0.0,0.2239703125000001,3.209665e-08
160.79,0.0,0.2237203125000001,3.15937e-08
160.79,0.0,0.2234703125000001,3.1743849999999995e-08
160.79,0.0,0.2232203125000001,3.194275e-08
160.79,0.0,0.2229703125000001,3.17896e-08
160.79,0.0,0.2227203125000001,3.167895e-08
160.79,0.0,0.2224703125000001,3.17844e-08
160.79,0.0,0.2222203125000001,3.14744e-08
160.79,0.0,0.2219703125000001,3.12508e-08
160.79,0.0,0.2217203125000001,3.139575e-08
160.79,0.0,0.2214703125000001,3.13302e-08
160.79,0.0,0.2212203125000001,3.1157299999999995e-08
160.79,0.0,0.2209703125000001,3.13019e-08
160.79,0.0,0.2207203125000001,3.172205e-08
160.79,0.0,0.2204703125000001,3.09745e-08
160.79,0.0,0.2202203125000001,3.114895e-08
160.79,0.0,0.2199703125000001,3.10818e-08
160.79,0.0,0.2197203125000001,3.089925e-08
160.79,0.0,0.2194703125000001,3.08676e-08
160.79,0.0,0.2192203125000001,3.0662933333333335e-08
160.79,0.0,0.2189703125000001,3.1011450000000003e-08
160.79,0.0,0.2187203125000001,3.062215e-08
160.79,0.0,0.2184703125000001,3.05938e-08
160.79,0.0,0.2182203125000001,3.06621e-08
160.79,0.0,0.2179703125000001,3.04855e-08
160.79,0.0,0.2177203125000001,3.04155e-08
160.79,0.0,0.2174703125000001,3.05749e-08
160.79,0.0,0.2172203125000001,3.07581e-08
160.79,0.0,0.2169703125000001,3.05898e-08
160.79,0.0,0.2167203125000001,3.04262e-08
160.79,0.0,0.2164703125000001,3.017605e-08
160.79,0.0,0.2162203125000001,3.0181e-08
160.79,0.0,0.2159703125000001,2.9994750000000005e-08
160.79,0.0,0.2157203125000001,2.98471e-08
160.79,0.0,0.2154703125000001,3.01149e-08
160.79,0.0,0.2152203125000001,2.9923349999999995e-08
160.79,0.0,0.2149703125000001,2.9867250000000006e-08
160.79,0.0,0.2147203125000001,2.99961e-08
160.79,0.0,0.2144703125000001,2.9863e-08
160.79,0.0,0.2142203125000001,2.937825e-08
160.79,0.0,0.2139703125000001,2.975705e-08
160.79,0.0,0.2137203125000001,2.976385e-08
160.79,0.0,0.2134703125000001,3.00096e-08
160.79,0.0,0.2132203125000001,2.98454e-08
160.79,0.0,0.2129703125000001,3.003375e-08
160.79,0.0,0.2127203125000001,3.00039e-08
160.79,0.0,0.2124703125000001,2.9934900000000004e-08
160.79,0.0,0.2122203125000001,2.938835e-08
160.79,0.0,0.2119703125000001,2.989655e-08
160.79,0.0,0.2117203125000001,2.964465e-08
160.79,0.0,0.2114703125000001,2.93828e-08
160.79,0.0,0.2112203125000001,2.98098e-08
160.79,0.0,0.2109703125000001,2.9355150000000002e-08
160.79,0.0,0.2107203125000001,2.975385e-08
160.79,0.0,0.2104703125000001,2.97293e-08
160.79,0.0,0.2102203125000001,2.9551666666666663e-08
160.79,0.0,0.2099703125000001,2.95818e-08
160.79,0.0,0.2097203125000001,2.98621e-08
160.79,0.0,0.2094703125000001,2.950165e-08
160.79,0.0,0.2092203125000001,2.940385e-08
160.79,0.0,0.2089703125000001,2.947505e-08
160.79,0.0,0.2087203125000001,2.929465e-08
160.79,0.0,0.2084703125000001,2.96473e-08
160.79,0.0,0.2082203125000001,2.92549e-08
160.79,0.0,0.2079703125000001,2.90531e-08
160.79,0.0,0.2077203125000001,2.9295550000000002e-08
160.79,0.0,0.2074703125000001,2.913615e-08
160.79,0.0,0.2072203125000001,2.904865e-08
160.79,0.0,0.2069703125000001,2.905665e-08
160.79,0.0,0.2067203125000001,2.89071e-08
160.79,0.0,0.20647031250000009,2.90883e-08
160.79,0.0,0.20622031250000009,2.92363e-08
160.79,0.0,0.20597031250000009,2.94022e-08
160.79,0.0,0.20572031250000009,2.9133150000000002e-08
160.79,0.0,0.20547031250000009,2.90465e-08
160.79,0.0,0.20522031250000008,2.90385e-08
160.79,0.0,0.20497031250000008,2.90444e-08
160.79,0.0,0.20472031250000008,2.89433e-08
160.79,0.0,0.20447031250000008,2.87251e-08
160.79,0.0,0.20422031250000008,2.894185e-08
160.79,0.0,0.20397031250000008,2.89724e-08
160.79,0.0,0.20372031250000008,2.901085e-08
160.79,0.0,0.20347031250000008,2.886045e-08
160.79,0.0,0.20322031250000008,2.872165e-08
160.79,0.0,0.20297031250000008,2.875175e-08
160.79,0.0,0.20272031250000008,2.88124e-08
160.79,0.0,0.20247031250000008,2.85056e-08
160.79,0.0,0.20222031250000008,2.86926e-08
160.79,0.0,0.20197031250000008,2.84584e-08
160.79,0.0,0.20172031250000008,2.85719e-08
160.79,0.0,0.20147031250000008,2.86651e-08
160.79,0.0,0.20122031250000008,2.8839200000000002e-08
160.79,0.0,0.20097031250000008,2.88384e-08
160.79,0.0,0.20072031250000008,2.86946e-08
160.79,0.0,0.20047031250000008,2.87575e-08
160.79,0.0,0.20022031250000008,2.87782e-08
160.79,0.0,0.19997031250000008,2.886865e-08
160.79,0.0,0.19972031250000008,2.88283e-08
160.79,0.0,0.19947031250000008,2.87352e-08
160.79,0.0,0.19922031250000008,2.873505e-08
160.79,0.0,0.19897031250000008,2.88068e-08
160.79,0.0,0.19872031250000008,2.826645e-08
160.79,0.0,0.19847031250000008,2.875165e-08
160.79,0.0,0.19822031250000008,2.899165e-08
160.79,0.0,0.19797031250000008,2.881355e-08
160.79,0.0,0.19772031250000008,2.89351e-08
160.79,0.0,0.19747031250000008,2.86764e-08
160.79,0.0,0.19722031250000008,2.894825e-08
160.79,0.0,0.19697031250000008,2.90646e-08
160.79,0.0,0.19672031250000008,2.883045e-08
160.79,0.0,0.19647031250000008,2.872715e-08
160.79,0.0,0.1962203125000001,2.853315e-08
160.79,0.0,0.1959703125000001,2.868285e-08
160.79,0.0,0.1957203125000001,2.83779e-08
160.79,0.0,0.1954703125000001,2.849125e-08
160.79,0.0,0.1952203125000001,2.87105e-08
160.79,0.0,0.1949703125000001,2.83568e-08
160.79,0.0,0.1947203125000001,2.85673e-08
160.79,0.0,0.1944703125000001,2.844933333333333e-08
160.79,0.0,0.1942203125000001,2.8386150000000002e-08
160.79,0.0,0.1939703125000001,2.84071e-08
160.79,0.0,0.1937203125000001,2.83669e-08
160.79,0.0,0.1934703125000001,2.8441350000000002e-08
160.79,0.0,0.1932203125000001,2.81926e-08
160.79,0.0,0.1929703125000001,2.80743e-08
160.79,0.0,0.1927203125000001,2.81146e-08
160.79,0.0,0.1924703125000001,2.81545e-08
160.79,0.0,0.1922203125000001,2.80456e-08
160.79,0.0,0.1919703125000001,2.815765e-08
160.79,0.0,0.1917203125000001,2.80784e-08
160.79,0.0,0.1914703125000001,2.80548e-08
160.79,0.0,0.1912203125000001,2.80127e-08
160.79,0.0,0.1909703125000001,2.78891e-08
160.79,0.0,0.1907203125000001,2.7766e-08
160.79,0.0,0.1904703125000001,2.78278e-08
160.79,0.0,0.1902203125000001,2.7981450000000002e-08
160.79,0.0,0.1899703125000001,2.768455e-08
160.79,0.0,0.1897203125000001,2.780505e-08
160.79,0.0,0.1894703125000001,2.765215e-08
160.79,0.0,0.1892203125000001,2.744035e-08
160.79,0.0,0.1889703125000001,2.78209e-08
160.79,0.0,0.1887203125000001,2.7504e-08
160.79,0.0,0.1884703125000001,2.748805e-08
160.79,0.0,0.1882203125000001,2.753015e-08
160.79,0.0,0.1879703125000001,2.74394e-08
160.79,0.0,0.1877203125000001,2.751615e-08
160.79,0.0,0.1874703125000001,2.75681e-08
160.79,0.0,0.1872203125000001,2.751795e-08
160.79,0.0,0.1869703125000001,2.74291e-08
160.79,0.0,0.1867203125000001,2.74876e-08
160.79,0.0,0.1864703125000001,2.718165e-08
160.79,0.0,0.1862203125000001,2.73438e-08
160.79,0.0,0.1859703125000001,2.74692e-08
160.79,0.0,0.1857203125000001,2.783915e-08
160.79,0.0,0.1854703125000001,2.73626e-08
160.79,0.0,0.1852203125000001,2.74898e-08
160.79,0.0,0.1849703125000001,2.72707e-08
160.79,0.0,0.1847203125000001,2.737745e-08
160.79,0.0,0.1844703125000001,2.732005e-08
160.79,0.0,0.1842203125000001,2.7147800000000002e-08
160.79,0.0,0.1839703125000001,2.72231e-08
160.79,0.0,0.1837203125000001,2.712795e-08
160.79,0.0,0.1834703125000001,2.705925e-08
160.79,0.0,0.1832203125000001,2.721185e-08
160.79,0.0,0.1829703125000001,2.7066050000000002e-08
160.79,0.0,0.1827203125000001,2.727505e-08
160.79,0.0,0.1824703125000001,2.7157100000000002e-08
160.79,0.0,0.1822203125000001,2.703185e-08
160.79,0.0,0.1819703125000001,2.71855e-08
160.79,0.0,0.1817203125000001,2.69058e-08
160.79,0.0,0.1814703125000001,2.704545e-08
160.79,0.0,0.1812203125000001,2.70576e-08
160.79,0.0,0.1809703125000001,2.694735e-08
160.79,0.0,0.1807203125000001,2.688295e-08
160.79,0.0,0.1804703125000001,2.7185250000000002e-08
160.79,0.0,0.1802203125000001,2.74477e-08
160.79,0.0,0.1799703125000001,2.7173e-08
160.79,0.0,0.1797203125000001,2.72768e-08
160.79,0.0,0.1794703125000001,2.70353e-08
160.79,0.0,0.1792203125000001,2.710285e-08
160.79,0.0,0.1789703125000001,2.6999e-08
160.79,0.0,0.1787203125000001,2.71889e-08
160.79,0.0,0.1784703125000001,2.705385e-08
160.79,0.0,0.1782203125000001,2.7151666666666665e-08
160.79,0.0,0.1779703125000001,2.70479e-08
160.79,0.0,0.1777203125000001,2.716685e-08
160.79,0.0,0.1774703125000001,2.708375e-08
160.79,0.0,0.1772203125000001,2.70618e-08
160.79,0.0,0.1769703125000001,2.68986e-08
160.79,0.0,0.1767203125000001,2.713235e-08
160.79,0.0,0.1764703125000001,2.725285e-08
160.79,0.0,0.1762203125000001,2.7040600000000002e-08
160.79,0.0,0.1759703125000001,2.713195e-08
160.79,0.0,0.1757203125000001,2.708815e-08
160.79,0.0,0.1754703125000001,2.70914e-08
160.79,0.0,0.17522031250000009,2.702645e-08
160.79,0.0,0.17497031250000009,2.63874e-08
160.79,0.0,0.17472031250000009,2.695395e-08
160.79,0.0,0.17447031250000009,2.722905e-08
160.79,0.0,0.17422031250000009,2.7044150000000002e-08
160.79,0.0,0.17397031250000008,2.714245e-08
160.79,0.0,0.17372031250000008,2.7021650000000003e-08
160.79,0.0,0.17347031250000008,2.713905e-08
160.79,0.0,0.17322031250000008,2.706585e-08
160.79,0.0,0.17297031250000008,2.69427e-08
160.79,0.0,0.17272031250000008,2.6986e-08
160.79,0.0,0.17247031250000008,2.70356e-08
160.79,0.0,0.17222031250000008,2.68247e-08
160.79,0.0,0.17197031250000008,2.70276e-08
160.79,0.0,0.17172031250000008,2.702465e-08
160.79,0.0,0.17147031250000008,2.697135e-08
160.79,0.0,0.17122031250000008,2.72062e-08
160.79,0.0,0.17097031250000008,2.68751e-08
160.79,0.0,0.17072031250000008,2.7065950000000003e-08
160.79,0.0,0.17047031250000008,2.688225e-08
160.79,0.0,0.17022031250000008,2.716685e-08
160.79,0.0,0.16997031250000008,2.70497e-08
160.79,0.0,0.16972031250000008,2.684165e-08
160.79,0.0,0.16947031250000008,2.689113333333333e-08
160.79,0.0,0.16922031250000008,2.67475e-08
160.79,0.0,0.16897031250000008,2.67651e-08
160.79,0.0,0.16872031250000008,2.683345e-08
160.79,0.0,0.16847031250000008,2.6664e-08
160.79,0.0,0.16822031250000008,2.6954e-08
160.79,0.0,0.16797031250000008,2.653975e-08
160.79,0.0,0.16772031250000008,2.66832e-08
160.79,0.0,0.16747031250000008,2.65794e-08
160.79,0.0,0.16722031250000008,2.67876e-08
160.79,0.0,0.16697031250000008,2.65967e-08
160.79,0.0,0.16672031250000008,2.6198e-08
160.79,0.0,0.16647031250000008,2.662365e-08
160.79,0.0,0.16622031250000008,2.64783e-08
160.79,0.0,0.16597031250000008,2.6627200000000002e-08
160.79,0.0,0.16572031250000008,2.64176e-08
160.79,0.0,0.16547031250000008,2.64245e-08
160.79,0.0,0.16522031250000008,2.6548900000000003e-08
160.79,0.0,0.1649703125000001,2.65517e-08
160.79,0.0,0.1647203125000001,2.65403e-08
160.79,0.0,0.1644703125000001,2.643375e-08
160.79,0.0,0.1642203125000001,2.63714e-08
160.79,0.0,0.1639703125000001,2.651975e-08
160.79,0.0,0.1637203125000001,2.644195e-08
160.79,0.0,0.1634703125000001,2.61516e-08
160.79,0.0,0.1632203125000001,2.622495e-08
160.79,0.0,0.1629703125000001,2.634775e-08
160.79,0.0,0.1627203125000001,2.65508e-08
160.79,0.0,0.1624703125000001,2.6294700000000002e-08
160.79,0.0,0.1622203125000001,2.63279e-08
160.79,0.0,0.1619703125000001,2.63766e-08
160.79,0.0,0.1617203125000001,2.63295e-08
160.79,0.0,0.1614703125000001,2.639685e-08
160.79,0.0,0.1612203125000001,2.63641e-08
160.79,0.0,0.1609703125000001,2.67024e-08
160.79,0.0,0.1607203125000001,2.6510700000000002e-08
160.79,0.0,0.1604703125000001,2.63811e-08
160.79,0.0,0.1602203125000001,2.641085e-08
160.79,0.0,0.1599703125000001,2.6385150000000006e-08
160.79,0.0,0.1597203125000001,2.63703e-08
160.79,0.0,0.1594703125000001,2.641455e-08
160.79,0.0,0.1592203125000001,2.6378e-08
160.79,0.0,0.1589703125000001,2.612525e-08
160.79,0.0,0.1587203125000001,2.635045e-08
160.79,0.0,0.1584703125000001,2.62065e-08
160.79,0.0,0.1582203125000001,2.650075e-08
160.79,0.0,0.1579703125000001,2.625415e-08
160.79,0.0,0.1577203125000001,2.61353e-08
160.79,0.0,0.1574703125000001,2.610595e-08
160.79,0.0,0.1572203125000001,2.61579e-08
160.79,0.0,0.1569703125000001,2.59072e-08
160.79,0.0,0.1567203125000001,2.60376e-08
160.79,0.0,0.1564703125000001,2.602135e-08
160.79,0.0,0.1562203125000001,2.596845e-08
160.79,0.0,0.1559703125000001,2.60793e-08
160.79,0.0,0.1557203125000001,2.5707300000000003e-08
160.79,0.0,0.1554703125000001,2.587235e-08
160.79,0.0,0.1552203125000001,2.61921e-08
160.79,0.0,0.1549703125000001,2.582945e-08
160.79,0.0,0.1547203125000001,2.593915e-08
160.79,0.0,0.1544703125000001,2.59847e-08
160.79,0.0,0.1542203125000001,2.59317e-08
160.79,0.0,0.1539703125000001,2.5776266666666672e-08
160.79,0.0,0.1537203125000001,2.58234e-08
160.79,0.0,0.1534703125000001,2.57885e-08
160.79,0.0,0.1532203125000001,2.58629e-08
160.79,0.0,0.1529703125000001,2.582115e-08
160.79,0.0,0.1527203125000001,2.588235e-08
160.79,0.0,0.1524703125000001,2.587235e-08
160.79,0.0,0.1522203125000001,2.56459e-08
160.79,0.0,0.1519703125000001,2.573855e-08
160.79,0.0,0.1517203125000001,2.57825e-08
160.79,0.0,0.1514703125000001,2.528995e-08
160.79,0.0,0.1512203125000001,2.56193e-08
160.79,0.0,0.1509703125000001,2.55692e-08
160.79,0.0,0.1507203125000001,2.4898e-08
160.79,0.0,0.1504703125000001,2.52166e-08
160.79,0.0,0.1502203125000001,2.54494e-08
160.79,0.0,0.1499703125000001,2.53285e-08
160.79,0.0,0.1497203125000001,2.5582e-08
160.79,0.0,0.1494703125000001,2.53952e-08
160.79,0.0,0.1492203125000001,2.54132e-08
160.79,0.0,0.1489703125000001,2.540715e-08
160.79,0.0,0.1487203125000001,2.5249e-08
160.79,0.0,0.1484703125000001,2.53831e-08
160.79,0.0,0.1482203125000001,2.548955e-08
160.79,0.0,0.1479703125000001,2.516695e-08
160.79,0.0,0.1477203125000001,2.53582e-08
160.79,0.0,0.1474703125000001,2.515275e-08
160.79,0.0,0.1472203125000001,2.5184850000000002e-08
160.79,0.0,0.1469703125000001,2.50482e-08
160.79,0.0,0.1467203125000001,2.506275e-08
160.79,0.0,0.1464703125000001,2.51518e-08
160.79,0.0,0.1462203125000001,2.5384e-08
160.79,0.0,0.1459703125000001,2.54494e-08
160.79,0.0,0.1457203125000001,2.551485e-08
160.79,0.0,0.1454703125000001,2.52984e-08
160.79,0.0,0.1452203125000001,2.539285e-08
160.79,0.0,0.1449703125000001,2.51088e-08
160.79,0.0,0.1447203125000001,2.5088900000000002e-08
160.79,0.0,0.1444703125000001,2.50098e-08
160.79,0.0,0.1442203125000001,2.495875e-08
160.79,0.0,0.14397031250000009,2.51248e-08
160.79,0.0,0.14372031250000009,2.527395e-08
160.79,0.0,0.14347031250000009,2.58737e-08
160.79,0.0,0.14322031250000009,2.500005e-08
160.79,0.0,0.14297031250000009,2.5120000000000006e-08
160.79,0.0,0.14272031250000008,2.52915e-08
160.79,0.0,0.14247031250000008,2.510095e-08
160.79,0.0,0.14222031250000008,2.500095e-08
160.79,0.0,0.14197031250000008,2.48497e-08
160.79,0.0,0.14172031250000008,2.48296e-08
160.79,0.0,0.14147031250000008,2.48955e-08
160.79,0.0,0.14122031250000008,2.484255e-08
160.79,0.0,0.14097031250000008,2.46417e-08
160.79,0.0,0.14072031250000008,2.4925650000000002e-08
160.79,0.0,0.14047031250000008,2.49244e-08
160.79,0.0,0.14022031250000008,2.503745e-08
160.79,0.0,0.13997031250000008,2.475483333333333e-08
160.79,0.0,0.13972031250000008,2.48133e-08
160.79,0.0,0.13947031250000008,2.47994e-08
160.79,0.0,0.13922031250000008,2.466075e-08
160.79,0.0,0.13897031250000008,2.486165e-08
160.79,0.0,0.13872031250000008,2.47044e-08
160.79,0.0,0.13847031250000008,2.4685e-08
160.79,0.0,0.13822031250000008,2.45291e-08
160.79,0.0,0.13797031250000008,2.454645e-08
160.79,0.0,0.13772031250000008,2.42952e-08
160.79,0.0,0.13747031250000008,2.488445e-08
160.79,0.0,0.13722031250000008,2.472185e-08
160.79,0.0,0.13697031250000008,2.459835e-08
160.79,0.0,0.13672031250000008,2.44359e-08
160.79,0.0,0.13647031250000008,2.45884e-08
160.79,0.0,0.13622031250000008,2.45204e-08
160.79,0.0,0.13597031250000008,2.463265e-08
160.79,0.0,0.13572031250000008,2.468015e-08
160.79,0.0,0.13547031250000008,2.435925e-08
160.79,0.0,0.13522031250000008,2.45767e-08
160.79,0.0,0.13497031250000008,2.445495e-08
160.79,0.0,0.13472031250000008,2.4226500000000002e-08
160.79,0.0,0.13447031250000008,2.44332e-08
160.79,0.0,0.13422031250000008,2.436795e-08
160.79,0.0,0.13397031250000008,2.43767e-08
160.79,0.0,0.1337203125000001,2.435395e-08
160.79,0.0,0.1334703125000001,2.433405e-08
160.79,0.0,0.1332203125000001,2.434095e-08
160.79,0.0,0.1329703125000001,2.46337e-08
160.79,0.0,0.1327203125000001,2.41212e-08
160.79,0.0,0.1324703125000001,2.44232e-08
160.79,0.0,0.1322203125000001,2.4264450000000006e-08
160.79,0.0,0.1319703125000001,2.396075e-08
160.79,0.0,0.1317203125000001,2.391515e-08
160.79,0.0,0.1314703125000001,2.38048e-08
160.79,0.0,0.1312203125000001,2.4036166666666666e-08
160.79,0.0,0.1309703125000001,2.395e-08
160.79,0.0,0.1307203125000001,2.39397e-08
160.79,0.0,0.1304703125000001,2.378045e-08
160.79,0.0,0.1302203125000001,2.36185e-08
160.79,0.0,0.1299703125000001,2.395055e-08
160.79,0.0,0.1297203125000001,2.36939e-08
160.79,0.0,0.1294703125000001,2.389365e-08
160.79,0.0,0.1292203125000001,2.401715e-08
160.79,0.0,0.1289703125000001,2.381345e-08
160.79,0.0,0.1287203125000001,2.3801e-08
160.79,0.0,0.1284703125000001,2.36783e-08
160.79,0.0,0.1282203125000001,2.362935e-08
160.79,0.0,0.1279703125000001,2.3681e-08
160.79,0.0,0.1277203125000001,2.33945e-08
160.79,0.0,0.1274703125000001,2.346195e-08
160.79,0.0,0.1272203125000001,2.363005e-08
160.79,0.0,0.1269703125000001,2.291385e-08
160.79,0.0,0.1267203125000001,2.305135e-08
160.79,0.0,0.1264703125000001,2.328275e-08
160.79,0.0,0.1262203125000001,2.300495e-08
160.79,0.0,0.1259703125000001,2.31971e-08
160.79,0.0,0.1257203125000001,2.32192e-08
160.79,0.0,0.1254703125000001,2.311445e-08
160.79,0.0,0.1252203125000001,2.335525e-08
160.79,0.0,0.1249703125000001,2.366425e-08
160.79,0.0,0.1247203125000001,2.34224e-08
160.79,0.0,0.1244703125000001,2.330965e-08
160.79,0.0,0.1242203125000001,2.383095e-08
160.79,0.0,0.1239703125000001,2.337345e-08
160.79,0.0,0.1237203125000001,2.35577e-08
160.79,0.0,0.1234703125000001,2.330735e-08
160.79,0.0,0.1232203125000001,2.325335e-08
160.79,0.0,0.1229703125000001,2.357345e-08
160.79,0.0,0.1227203125000001,2.30378e-08
160.79,0.0,0.1224703125000001,2.30812e-08
160.79,0.0,0.1222203125000001,2.33884e-08
160.79,0.0,0.1219703125000001,2.32386e-08
160.79,0.0,0.1217203125000001,2.314825e-08
160.79,0.0,0.1214703125000001,2.29066e-08
160.79,0.0,0.1212203125000001,2.32184e-08
160.79,0.0,0.1209703125000001,2.324335e-08
160.79,0.0,0.1207203125000001,2.33003e-08
160.79,0.0,0.12047031250000009,2.28112e-08
160.79,0.0,0.12022031250000009,2.278465e-08
160.79,0.0,0.11997031250000009,2.33163e-08
160.79,0.0,0.11972031250000009,2.322715e-08
160.79,0.0,0.11947031250000009,2.288505e-08
160.79,0.0,0.11922031250000009,2.308565e-08
160.79,0.0,0.11897031250000009,2.29951e-08
160.79,0.0,0.11872031250000009,2.27467e-08
160.79,0.0,0.11847031250000009,2.28735e-08
160.79,0.0,0.11822031250000009,2.327325e-08
160.79,0.0,0.11797031250000009,2.353145e-08
160.79,0.0,0.11772031250000009,2.3494550000000002e-08
160.79,0.0,0.11747031250000009,2.276195e-08
160.79,0.0,0.11722031250000009,2.294665e-08
160.79,0.0,0.11697031250000009,2.31512e-08
160.79,0.0,0.11672031250000009,2.31592e-08
160.79,0.0,0.11647031250000009,2.345425e-08
160.79,0.0,0.11622031250000009,2.30601e-08
160.79,0.0,0.11597031250000009,2.32537e-08
160.79,0.0,0.11572031250000009,2.273285e-08
160.79,0.0,0.11547031250000009,2.298155e-08
160.79,0.0,0.11522031250000009,2.28855e-08
160.79,0.0,0.11497031250000009,2.25805e-08
160.79,0.0,0.11472031250000009,2.25253e-08
160.79,0.0,0.11447031250000009,2.27753e-08
160.79,0.0,0.11422031250000009,2.257665e-08
160.79,0.0,0.11397031250000009,2.26572e-08
160.79,0.0,0.11372031250000009,2.26672e-08
160.79,0.0,0.11347031250000009,2.235085e-08
160.79,0.0,0.11322031250000009,2.24019e-08
160.79,0.0,0.11297031250000009,2.26956e-08
160.79,0.0,0.11272031250000009,2.28758e-08
160.79,0.0,0.11247031250000009,2.27199e-08
160.79,0.0,0.11222031250000009,2.2510650000000003e-08
160.79,0.0,0.11197031250000009,2.26065e-08
160.79,0.0,0.11172031250000009,2.245855e-08
160.79,0.0,0.11147031250000008,2.215235e-08
160.79,0.0,0.11122031250000008,2.25743e-08
160.79,0.0,0.11097031250000008,2.26429e-08
160.79,0.0,0.11072031250000008,2.25102e-08
160.79,0.0,0.11047031250000008,2.279285e-08
160.79,0.0,0.1102203125000001,2.277895e-08
160.79,0.0,0.1099703125000001,2.25256e-08
160.79,0.0,0.1097203125000001,2.23243e-08
160.79,0.0,0.1094703125000001,2.270455e-08
160.79,0.0,0.1092203125000001,2.223915e-08
160.79,0.0,0.1089703125000001,2.22395e-08
160.79,0.0,0.1087203125000001,2.22945e-08
160.79,0.0,0.1084703125000001,2.218905e-08
160.79,0.0,0.1082203125000001,2.27143e-08
160.79,0.0,0.1079703125000001,2.20734e-08
160.79,0.0,0.1077203125000001,2.21574e-08
160.79,0.0,0.1074703125000001,2.219e-08
160.79,0.0,0.1072203125000001,2.20651e-08
160.79,0.0,0.1069703125000001,2.19738e-08
160.79,0.0,0.1067203125000001,2.200075e-08
160.79,0.0,0.1064703125000001,2.2123866666666665e-08
160.79,0.0,0.1062203125000001,2.16204e-08
160.79,0.0,0.1059703125000001,2.16268e-08
160.79,0.0,0.1057203125000001,2.19378e-08
160.79,0.0,0.1054703125000001,2.20602e-08
160.79,0.0,0.1052203125000001,2.19284e-08
160.79,0.0,0.10497031250000009,2.18727e-08
160.79,0.0,0.10472031250000009,2.20269e-08
160.79,0.0,0.10447031250000009,2.18282e-08
160.79,0.0,0.10422031250000009,2.18713e-08
160.79,0.0,0.10397031250000009,2.2165e-08
160.79,0.0,0.10372031250000009,2.1815e-08
160.79,0.0,0.10347031250000009,2.1978e-08
160.79,0.0,0.10322031250000009,2.212025e-08
160.79,0.0,0.10297031250000009,2.15963e-08
160.79,0.0,0.10272031250000009,2.15778e-08
160.79,0.0,0.10247031250000009,2.168935e-08
160.79,0.0,0.10222031250000009,2.1781e-08
160.79,0.0,0.10197031250000009,2.197755e-08
160.79,0.0,0.10172031250000009,2.20923e-08
160.79,0.0,0.10147031250000009,2.13456e-08
160.79,0.0,0.10122031250000009,2.187315e-08
160.79,0.0,0.10097031250000009,2.15647e-08
160.79,0.0,0.10072031250000009,2.15499e-08
160.79,0.0,0.10047031250000009,2.146145e-08
160.79,0.0,0.10022031250000009,2.06446e-08
160.79,0.0,0.09997031250000009,2.09326e-08
160.79,0.0,0.09972031250000009,2.14693e-08
160.79,0.0,0.09947031250000009,2.126335e-08
160.79,0.0,0.09922031250000009,2.1499833333333333e-08
160.79,0.0,0.09897031250000009,2.13685e-08
160.79,0.0,0.09872031250000009,2.13062e-08
160.79,0.0,0.09847031250000009,2.127755e-08
160.79,0.0,0.09822031250000009,2.119895e-08
160.79,0.0,0.09797031250000009,2.1826e-08
160.79,0.0,0.09772031250000009,2.13908e-08
160.79,0.0,0.09747031250000009,2.157425e-08
160.79,0.0,0.09722031250000009,2.1737450000000006e-08
160.79,0.0,0.09697031250000009,2.1342400000000002e-08
160.79,0.0,0.09672031250000009,2.10438e-08
160.79,0.0,0.09647031250000009,2.152545e-08
160.79,0.0,0.09622031250000009,2.1887350000000002e-08
160.79,0.0,0.09597031250000009,2.16464e-08
160.79,0.0,0.09572031250000008,2.13488e-08
160.79,0.0,0.09547031250000008,2.09962e-08
160.79,0.0,0.09522031250000008,2.139045e-08
160.79,0.0,0.09497031250000008,2.130705e-08
160.79,0.0,0.0947203125000001,2.13497e-08
160.79,0.0,0.0944703125000001,2.15961e-08
160.79,0.0,0.0942203125000001,2.09038e-08
160.79,0.0,0.0939703125000001,2.13187e-08
160.79,0.0,0.0937203125000001,2.12977e-08
160.79,0.0,0.0934703125000001,2.11392e-08
160.79,0.0,0.0932203125000001,2.125185e-08
160.79,0.0,0.0929703125000001,2.13309e-08
160.79,0.0,0.0927203125000001,2.13268e-08
160.79,0.0,0.0924703125000001,2.120675e-08
160.79,0.0,0.0922203125000001,2.1435e-08
160.79,0.0,0.0919703125000001,2.136965e-08
160.79,0.0,0.0917203125000001,2.11932e-08
160.79,0.0,0.0914703125000001,2.1265e-08
160.79,0.0,0.0912203125000001,2.10222e-08
160.79,0.0,0.0909703125000001,2.12558e-08
160.79,0.0,0.0907203125000001,2.12803e-08
160.79,0.0,0.0904703125000001,2.108575e-08
160.79,0.0,0.0902203125000001,2.18987e-08
160.79,0.0,0.0899703125000001,2.107265e-08
160.79,0.0,0.0897203125000001,2.133695e-08
160.79,0.0,0.0894703125000001,2.13099e-08
160.79,0.0,0.08922031250000009,2.10941e-08
160.79,0.0,0.08897031250000009,2.145555e-08
160.79,0.0,0.08872031250000009,2.13277e-08
160.79,0.0,0.08847031250000009,2.09742e-08
160.79,0.0,0.08822031250000009,2.1153100000000003e-08
160.79,0.0,0.08797031250000009,2.123635e-08
160.79,0.0,0.08772031250000009,2.147305e-08
160.79,0.0,0.08747031250000009,2.15563e-08
160.79,0.0,0.08722031250000009,2.11379e-08
160.79,0.0,0.08697031250000009,2.193185e-08
160.79,0.0,0.08672031250000009,2.14332e-08
160.79,0.0,0.08647031250000009,2.145675e-08
160.79,0.0,0.08622031250000009,2.04784e-08
160.79,0.0,0.08597031250000009,2.15218e-08
160.79,0.0,0.08572031250000009,2.10835e-08
160.79,0.0,0.08547031250000009,2.183355e-08
160.79,0.0,0.08522031250000009,2.08085e-08
160.79,0.0,0.08497031250000009,2.111425e-08
160.79,0.0,0.08472031250000009,2.09631e-08
160.79,0.0,0.08447031250000009,2.11929e-08
160.79,0.0,0.08422031250000009,2.105055e-08
160.79,0.0,0.08397031250000009,2.193015e-08
160.79,0.0,0.08372031250000009,2.16403e-08
160.79,0.0,0.08347031250000009,2.09389e-08
160.79,0.0,0.08322031250000009,2.07351e-08
160.79,0.0,0.08297031250000009,2.09898e-08
160.79,0.0,0.08272031250000009,2.14924e-08
160.79,0.0,0.08247031250000009,2.151975e-08
160.79,0.0,0.08222031250000009,2.0579e-08
160.79,0.0,0.08197031250000009,2.11014e-08
160.79,0.0,0.08172031250000009,2.12854e-08
160.79,0.0,0.08147031250000009,2.099675e-08
160.79,0.0,0.08122031250000009,2.12017e-08
160.79,0.0,0.08097031250000009,2.10184e-08
160.79,0.0,0.08072031250000009,2.09304e-08
160.79,0.0,0.08047031250000009,2.125475e-08
160.79,0.0,0.08022031250000008,2.14484e-08
160.79,0.0,0.07997031250000008,2.10324e-08
160.79,0.0,0.07972031250000008,2.098125e-08
160.79,0.0,0.07947031250000008,2.115195e-08
160.79,0.0,0.07922031250000008,2.099635e-08
160.79,0.0,0.0789703125000001,2.079345e-08
160.79,0.0,0.0787203125000001,2.1015e-08
160.79,0.0,0.0784703125000001,2.093545e-08
160.79,0.0,0.0782203125000001,2.09916e-08
160.79,0.0,0.0779703125000001,2.091355e-08
160.79,0.0,0.0777203125000001,2.09698e-08
160.79,0.0,0.0774703125000001,2.098705e-08
160.79,0.0,0.0772203125000001,2.07945e-08
160.79,0.0,0.0769703125000001,2.07067e-08
160.79,0.0,0.0767203125000001,2.0604e-08
160.79,0.0,0.0764703125000001,2.05842e-08
160.79,0.0,0.0762203125000001,2.07976e-08
160.79,0.0,0.0759703125000001,2.08774e-08
160.79,0.0,0.0757203125000001,2.071425e-08
160.79,0.0,0.0754703125000001,2.09586e-08
160.79,0.0,0.0752203125000001,2.07739e-08
160.79,0.0,0.0749703125000001,2.06102e-08
160.79,0.0,0.0747203125000001,1.99961e-08
160.79,0.0,0.0744703125000001,2.05775e-08
160.79,0.0,0.0742203125000001,2.05669e-08
160.79,0.0,0.0739703125000001,2.065235e-08
160.79,0.0,0.07372031250000009,2.027505e-08
160.79,0.0,0.07347031250000009,2.05397e-08
160.79,0.0,0.07322031250000009,2.04201e-08
160.79,0.0,0.07297031250000009,2.0312e-08
160.79,0.0,0.07272031250000009,2.049245e-08
160.79,0.0,0.07247031250000009,2.05413e-08
160.79,0.0,0.07222031250000009,2.050265e-08
160.79,0.0,0.07197031250000009,2.03727e-08
160.79,0.0,0.07172031250000009,2.051385e-08
160.79,0.0,0.07147031250000009,2.04029e-08
160.79,0.0,0.07122031250000009,2.04077e-08
160.79,0.0,0.07097031250000009,2.08414e-08
160.79,0.0,0.07072031250000009,2.029075e-08
160.79,0.0,0.07047031250000009,2.0542900000000002e-08
160.79,0.0,0.07022031250000009,1.999035e-08
160.79,0.0,0.06997031250000009,2.054005e-08
160.79,0.0,0.06972031250000009,2.036605e-08
160.79,0.0,0.06947031250000009,2.03242e-08
160.79,0.0,0.06922031250000009,2.025375e-08
160.79,0.0,0.06897031250000009,2.0057e-08
160.79,0.0,0.06872031250000009,2.017865e-08
160.79,0.0,0.06847031250000009,2.018995e-08
160.79,0.0,0.06822031250000009,2.02638e-08
160.79,0.0,0.06797031250000009,2.0033950000000003e-08
160.79,0.0,0.06772031250000009,2.037135e-08
160.79,0.0,0.06747031250000009,1.9359e-08
160.79,0.0,0.06722031250000009,2.004755e-08
160.79,0.0,0.06697031250000009,1.99552e-08
160.79,0.0,0.06672031250000009,1.969985e-08
160.79,0.0,0.06647031250000009,1.98315e-08
160.79,0.0,0.06622031250000009,1.995665e-08
160.79,0.0,0.06597031250000009,2.02119e-08
160.79,0.0,0.06572031250000009,1.9852e-08
160.79,0.0,0.06547031250000009,1.98317e-08
160.79,0.0,0.06522031250000009,2.01414e-08
160.79,0.0,0.06497031250000009,1.97933e-08
160.79,0.0,0.06472031250000009,2.003985e-08
160.79,0.0,0.06447031250000008,1.98521e-08
160.79,0.0,0.06422031250000008,1.997455e-08
160.79,0.0,0.06397031250000008,1.96005e-08
160.79,0.0,0.06372031250000008,1.95175e-08
160.79,0.0,0.0634703125000001,1.959005e-08
160.79,0.0,0.0632203125000001,1.95999e-08
160.79,0.0,0.0629703125000001,1.958355e-08
160.79,0.0,0.0627203125000001,1.956645e-08
160.79,0.0,0.06247031250000009,1.94622e-08
160.79,0.0,0.06222031250000009,1.9054300000000003e-08
160.79,0.0,0.06197031250000009,1.946805e-08
160.79,0.0,0.06172031250000009,1.94506e-08
160.79,0.0,0.06147031250000009,1.93546e-08
160.79,0.0,0.06122031250000009,1.964933333333333e-08
160.79,0.0,0.06097031250000009,1.8962e-08
160.79,0.0,0.06072031250000009,1.936825e-08
160.79,0.0,0.06047031250000009,1.91719e-08
160.79,0.0,0.06022031250000009,1.88732e-08
160.79,0.0,0.05997031250000009,1.90379e-08
160.79,0.0,0.05972031250000009,1.9363800000000003e-08
160.79,0.0,0.059470312500000094,1.86956e-08
160.79,0.0,0.059220312500000094,1.989105e-08
160.79,0.0,0.058970312500000094,1.90919e-08
160.79,0.0,0.058720312500000094,1.9048e-08
160.79,0.0,0.05847031250000009,1.89885e-08
160.79,0.0,0.05822031250000009,1.880945e-08
160.79,0.0,0.05797031250000009,1.91828e-08
160.79,0.0,0.05772031250000009,1.93013e-08
160.79,0.0,0.05747031250000009,1.84403e-08
160.79,0.0,0.05722031250000009,1.925375e-08
160.79,0.0,0.05697031250000009,1.88169e-08
160.79,0.0,0.05672031250000009,1.908505e-08
160.79,0.0,0.05647031250000009,1.92836e-08
160.79,0.0,0.05622031250000009,1.94954e-08
160.79,0.0,0.05597031250000009,1.944325e-08
160.79,0.0,0.05572031250000009,1.92709e-08
160.79,0.0,0.05547031250000009,1.92084e-08
160.79,0.0,0.05522031250000009,1.913095e-08
160.79,0.0,0.05497031250000009,1.926855e-08
160.79,0.0,0.05472031250000009,1.91932e-08
160.79,0.0,0.05447031250000009,1.884665e-08
160.79,0.0,0.05422031250000009,1.907385e-08
160.79,0.0,0.05397031250000009,1.874185e-08
160.79,0.0,0.05372031250000009,1.90224e-08
160.79,0.0,0.05347031250000009,1.854215e-08
160.79,0.0,0.05322031250000009,1.8835e-08
160.79,0.0,0.05297031250000009,1.90173e-08
160.79,0.0,0.05272031250000009,1.855725e-08
160.79,0.0,0.05247031250000009,1.935595e-08
160.79,0.0,0.05222031250000009,1.87478e-08
160.79,0.0,0.05197031250000009,1.87945e-08
160.79,0.0,0.051720312500000094,1.89033e-08
160.79,0.0,0.051470312500000094,1.90867e-08
160.79,0.0,0.051220312500000094,1.8665850000000002e-08
160.79,0.0,0.050970312500000094,1.87726e-08
160.79,0.0,0.05072031250000009,1.8754e-08
160.79,0.0,0.05047031250000009,1.88681e-08
160.79,0.0,0.05022031250000009,1.8716000000000004e-08
160.79,0.0,0.04997031250000009,1.85217e-08
160.79,0.0,0.04972031250000009,1.89538e-08
160.79,0.0,0.04947031250000009,1.847e-08
160.79,0.0,0.04922031250000009,1.88593e-08
160.79,0.0,0.04897031250000009,1.85004e-08
160.79,0.0,0.04872031250000009,1.93957e-08
160.79,0.0,0.04847031250000009,1.876885e-08
160.79,0.0,0.04822031250000009,1.85651e-08
160.79,0.0,0.04797031250000009,1.903245e-08
160.79,0.0,0.04772031250000009,1.886735e-08
160.79,0.0,0.04747031250000009,1.91807e-08
160.79,0.0,0.04722031250000009,1.85765e-08
160.79,0.0,0.04697031250000009,1.866275e-08
160.79,0.0,0.04672031250000009,1.86744e-08
160.79,0.0,0.04647031250000009,1.883325e-08
160.79,0.0,0.04622031250000009,1.929065e-08
160.79,0.0,0.04597031250000009,1.8754350000000003e-08
160.79,0.0,0.04572031250000009,1.89774e-08
160.79,0.0,0.04547031250000009,1.842395e-08
160.79,0.0,0.04522031250000009,1.876105e-08
160.79,0.0,0.04497031250000009,1.88394e-08
160.79,0.0,0.04472031250000009,1.79649e-08
160.79,0.0,0.04447031250000009,1.834025e-08
160.79,0.0,0.04422031250000009,1.865635e-08
160.79,0.0,0.043970312500000094,1.871745e-08
160.79,0.0,0.043720312500000094,1.87652e-08
160.79,0.0,0.043470312500000094,1.867793333333333e-08
160.79,0.0,0.043220312500000094,1.858185e-08
160.79,0.0,0.042970312500000094,1.85527e-08
160.79,0.0,0.04272031250000009,1.77933e-08
160.79,0.0,0.04247031250000009,1.850365e-08
160.79,0.0,0.04222031250000009,1.850245e-08
160.79,0.0,0.04197031250000009,1.842075e-08
160.79,0.0,0.04172031250000009,1.86348e-08
160.79,0.0,0.04147031250000009,1.860965e-08
160.79,0.0,0.04122031250000009,1.884045e-08
160.79,0.0,0.04097031250000009,1.858895e-08
160.79,0.0,0.04072031250000009,1.85735e-08
160.79,0.0,0.04047031250000009,1.82563e-08
160.79,0.0,0.04022031250000009,1.830825e-08
160.79,0.0,0.03997031250000009,1.871265e-08
160.79,0.0,0.03972031250000009,1.85442e-08
160.79,0.0,0.03947031250000009,1.84267e-08
160.79,0.0,0.03922031250000009,1.8249900000000006e-08
160.79,0.0,0.03897031250000009,1.82497e-08
160.79,0.0,0.03872031250000009,1.845775e-08
160.79,0.0,0.03847031250000009,1.8364800000000002e-08
160.79,0.0,0.03822031250000009,1.7909349999999998e-08
160.79,0.0,0.03797031250000009,1.83331e-08
160.79,0.0,0.03772031250000009,1.80361e-08
160.79,0.0,0.03747031250000009,1.808375e-08
160.79,0.0,0.03722031250000009,1.823355e-08
160.79,0.0,0.03697031250000009,1.749625e-08
160.79,0.0,0.03672031250000009,1.83503e-08
160.79,0.0,0.03647031250000009,1.83612e-08
160.79,0.0,0.03622031250000009,1.802345e-08
160.79,0.0,0.035970312500000094,1.8022e-08
160.79,0.0,0.035720312500000094,1.805935e-08
160.79,0.0,0.035470312500000094,1.7882299999999997e-08
160.79,0.0,0.035220312500000094,1.78975e-08
160.79,0.0,0.03497031250000009,1.85185e-08
160.79,0.0,0.03472031250000009,1.789415e-08
160.79,0.0,0.03447031250000009,1.7891333333333334e-08
160.79,0.0,0.03422031250000009,1.779575e-08
160.79,0.0,0.03397031250000009,1.80805e-08
160.79,0.0,0.03372031250000009,1.7928199999999998e-08
160.79,0.0,0.03347031250000009,1.81003e-08
160.79,0.0,0.03322031250000009,1.76868e-08
160.79,0.0,0.03297031250000009,1.81768e-08
160.79,0.0,0.03272031250000009,1.77886e-08
160.79,0.0,0.03247031250000009,1.77278e-08
160.79,0.0,0.03222031250000009,1.76762e-08
160.79,0.0,0.03197031250000009,1.747885e-08
160.79,0.0,0.03172031250000009,1.766975e-08
160.79,0.0,0.03147031250000009,1.7431349999999998e-08
160.79,0.0,0.03122031250000009,1.7576e-08
160.79,0.0,0.03097031250000009,1.77614e-08
160.79,0.0,0.03072031250000009,1.7704499999999998e-08
160.79,0.0,0.03047031250000009,1.7704e-08
160.79,0.0,0.030220312500000093,1.7684250000000002e-08
160.79,0.0,0.029970312500000092,1.73169e-08
160.79,0.0,0.029720312500000092,1.6618e-08
160.79,0.0,0.029470312500000092,1.76098e-08
160.79,0.0,0.02922031250000009,1.7750950000000002e-08
160.79,0.0,0.02897031250000009,1.78214e-08
160.79,0.0,0.02872031250000009,1.806145e-08
160.79,0.0,0.02847031250000009,1.776785e-08
160.79,0.0,0.02822031250000009,1.820235e-08
160.79,0.0,0.02797031250000009,1.7024e-08
160.79,0.0,0.02772031250000009,1.76019e-08
160.79,0.0,0.02747031250000009,1.7512333333333334e-08
160.79,0.0,0.02722031250000009,1.747095e-08
160.79,0.0,0.02697031250000009,1.76211e-08
160.79,0.0,0.02672031250000009,1.7622749999999998e-08
160.79,0.0,0.02647031250000009,1.7524200000000003e-08
160.79,0.0,0.026220312500000093,1.7178149999999998e-08
160.79,0.0,0.025970312500000092,1.71757e-08
160.79,0.0,0.025720312500000092,1.760075e-08
160.79,0.0,0.025470312500000092,1.7215599999999998e-08
160.79,0.0,0.02522031250000009,1.7123366666666666e-08
160.79,0.0,0.02497031250000009,1.72951e-08
160.79,0.0,0.02472031250000009,1.7626500000000002e-08
160.79,0.0,0.02447031250000009,1.7460349999999998e-08
160.79,0.0,0.02422031250000009,1.746835e-08
160.79,0.0,0.02397031250000009,1.74986e-08
160.79,0.0,0.02372031250000009,1.7446399999999998e-08
160.79,0.0,0.02347031250000009,1.775195e-08
160.79,0.0,0.02322031250000009,1.73756e-08
160.79,0.0,0.02297031250000009,1.785095e-08
160.79,0.0,0.02272031250000009,1.759495e-08
160.79,0.0,0.022470312500000093,1.752035e-08
160.79,0.0,0.022220312500000092,1.70891e-08
160.79,0.0,0.021970312500000092,1.7685e-08
160.79,0.0,0.021720312500000092,1.7644399999999998e-08
160.79,0.0,0.021470312500000092,1.7523499999999998e-08
160.79,0.0,0.02122031250000009,1.720585e-08
160.79,0.0,0.02097031250000009,1.72496e-08
160.79,0.0,0.02072031250000009,1.73074e-08
160.79,0.0,0.02047031250000009,1.74111e-08
160.79,0.0,0.02022031250000009,1.749875e-08
160.79,0.0,0.01997031250000009,1.74004e-08
160.79,0.0,0.01972031250000009,1.74433e-08
160.79,0.0,0.01947031250000009,1.744225e-08
160.79,0.0,0.01922031250000009,1.737135e-08
160.79,0.0,0.01897031250000009,1.70912e-08
160.79,0.0,0.01872031250000009,1.7576700000000003e-08
160.79,0.0,0.018470312500000093,1.761165e-08
160.79,0.0,0.018220312500000092,1.687985e-08
160.79,0.0,0.017970312500000092,1.7572400000000002e-08
160.79,0.0,0.017720312500000092,1.736295e-08
160.79,0.0,0.01747031250000009,1.705525e-08
160.79,0.0,0.01722031250000009,1.70973e-08
160.79,0.0,0.01697031250000009,1.72495e-08
160.79,0.0,0.01672031250000009,1.710975e-08
160.79,0.0,0.01647031250000009,1.708725e-08
160.79,0.0,0.01622031250000009,1.735275e-08
160.79,0.0,0.01597031250000009,1.70595e-08
160.79,0.0,0.01572031250000009,1.731995e-08
160.79,0.0,0.015470312500000092,1.728965e-08
160.79,0.0,0.015220312500000091,1.74528e-08
160.79,0.0,0.014970312500000091,1.6321700000000002e-08
160.79,0.0,0.014720312500000091,1.69651e-08
160.79,0.0,0.01447031250000009,1.70742e-08
160.79,0.0,0.01422031250000009,1.706705e-08
160.79,0.0,0.01397031250000009,1.687205e-08
160.79,0.0,0.013720312500000092,1.6915399999999998e-08
160.79,0.0,0.013470312500000092,1.7272700000000002e-08
160.79,0.0,0.013220312500000091,1.6611e-08
160.79,0.0,0.012970312500000091,1.71979e-08
160.79,0.0,0.012720312500000091,1.7308e-08
160.79,0.0,0.01247031250000009,1.6908899999999997e-08
160.79,0.0,0.01222031250000009,1.689455e-08
160.79,0.0,0.01197031250000009,1.71843e-08
160.79,0.0,0.011720312500000092,1.69737e-08
160.79,0.0,0.011470312500000092,1.7344949999999998e-08
160.79,0.0,0.011220312500000091,1.72412e-08
160.79,0.0,0.010970312500000091,1.677765e-08
160.79,0.0,0.010720312500000091,1.66935e-08
160.79,0.0,0.01047031250000009,1.6829249999999998e-08
160.79,0.0,0.01022031250000009,1.67009e-08
160.79,0.0,0.00997031250000009,1.7075949999999997e-08
160.79,0.0,0.009720312500000092,1.701515e-08
160.79,0.0,0.009470312500000092,1.6577100000000002e-08
160.79,0.0,0.009220312500000091,1.683195e-08
160.79,0.0,0.008970312500000091,1.6838049999999998e-08
160.79,0.0,0.00872031250000009,1.67883e-08
160.79,0.0,0.00847031250000009,1.685265e-08
160.79,0.0,0.00822031250000009,1.6947e-08
160.79,0.0,0.00797031250000009,1.6874999999999997e-08
160.79,0.0,0.007720312500000091,1.67528e-08
160.79,0.0,0.007470312500000091,1.6678e-08
160.79,0.0,0.007220312500000091,1.6730349999999997e-08
160.79,0.0,0.006970312500000091,1.66383e-08
160.79,0.0,0.006720312500000091,1.65461e-08
160.79,0.0,0.006470312500000091,1.713115e-08
160.79,0.0,0.006220312500000091,1.63578e-08
160.79,0.0,0.005970312500000091,1.665225e-08
160.79,0.0,0.005720312500000091,1.671575e-08
160.79,0.0,0.0054703125000000906,1.66345e-08
160.79,0.0,0.005220312500000091,1.67107e-08
160.79,0.0,0.004970312500000091,1.65411e-08
160.79,0.0,0.004720312500000091,1.6470400000000003e-08
160.79,0.0,0.0044703125000000905,1.649745e-08
160.79,0.0,0.004220312500000091,1.64556e-08
160.79,0.0,0.003970312500000091,1.66375e-08
160.79,0.0,0.0037203125000000907,1.6440549999999997e-08
160.79,0.0,0.003470312500000091,1.621935e-08
160.79,0.0,0.003220312500000091,1.64705e-08
160.79,0.0,0.002970312500000091,1.63087e-08
160.79,0.0,0.002720312500000091,1.646755e-08
160.79,0.0,0.002470312500000091,1.65892e-08
160.79,0.0,0.002220312500000091,1.6865949999999998e-08
160.79,0.0,0.001970312500000091,1.66038e-08
160.79,0.0,0.001720312500000091,1.68116e-08
160.79,0.0,0.001470312500000091,1.64738e-08
160.79,0.0,0.001220312500000091,1.59841e-08
160.79,0.0,0.000970312500000091,1.63881e-08
160.79,0.0,0.000720312500000091,1.6433300000000002e-08
160.79,0.0,0.00047031250000009094,1.62937e-08
160.79,0.0,0.00022031250000009096,1.645005e-08
160.79,0.0,-2.968749999990905e-05,1.66695e-08
160.79,0.0,-0.000279687499999909,1.61765e-08
160.79,0.0,-0.000529687499999909,1.6337e-08
160.79,0.0,-0.000779687499999909,1.62805e-08
160.79,0.0,-0.0010296874999999091,1.65593e-08
160.79,0.0,-0.0012796874999999092,1.634355e-08
160.79,0.0,-0.0015296874999999092,1.604005e-08
160.79,0.0,-0.001779687499999909,1.63058e-08
160.79,0.0,-0.002029687499999909,1.633925e-08
160.79,0.0,-0.002279687499999909,1.624275e-08
160.79,0.0,-0.002529687499999909,1.64521e-08
160.79,0.0,-0.002779687499999909,1.626255e-08
160.79,0.0,-0.003029687499999909,1.6385499999999998e-08
160.79,0.0,-0.003279687499999909,1.62295e-08
160.79,0.0,-0.003529687499999909,1.622215e-08
160.79,0.0,-0.003779687499999909,1.60132e-08
160.79,0.0,-0.004029687499999909,1.604055e-08
160.79,0.0,-0.004279687499999909,1.60172e-08
160.79,0.0,-0.004529687499999909,1.6357e-08
160.79,0.0,-0.004779687499999909,1.63276e-08
160.79,0.0,-0.005029687499999909,1.6264300000000002e-08
160.79,0.0,-0.0052796874999999095,1.63959e-08
160.79,0.0,-0.005529687499999909,1.63517e-08
160.79,0.0,-0.005779687499999909,1.620145e-08
160.79,0.0,-0.006029687499999909,1.58592e-08
160.79,0.0,-0.0062796874999999095,1.6085750000000002e-08
160.79,0.0,-0.006529687499999909,1.58566e-08
160.79,0.0,-0.006779687499999909,1.620485e-08
160.79,0.0,-0.007029687499999909,1.6250100000000002e-08
160.79,0.0,-0.007279687499999909,1.6024200000000003e-08
160.79,0.0,-0.007529687499999909,1.61448e-08
160.79,0.0,-0.007779687499999909,1.6107699999999998e-08
160.79,0.0,-0.008029687499999908,1.61193e-08
160.79,0.0,-0.008279687499999909,1.5987600000000002e-08
160.79,0.0,-0.008529687499999909,1.6060699999999998e-08
160.79,0.0,-0.008779687499999909,1.590285e-08
160.79,0.0,-0.00902968749999991,1.58214e-08
160.79,0.0,-0.00927968749999991,1.5965499999999998e-08
160.79,0.0,-0.00952968749999991,1.58637e-08
160.79,0.0,-0.009779687499999908,1.59123e-08
160.79,0.0,-0.010029687499999908,1.59837e-08
160.79,0.0,-0.010279687499999909,1.591945e-08
160.79,0.0,-0.010529687499999909,1.6020799999999997e-08
160.79,0.0,-0.01077968749999991,1.593665e-08
160.79,0.0,-0.01102968749999991,1.593015e-08
160.79,0.0,-0.01127968749999991,1.578555e-08
160.79,0.0,-0.01152968749999991,1.582e-08
160.79,0.0,-0.011779687499999908,1.5633349999999998e-08
160.79,0.0,-0.012029687499999909,1.5816650000000003e-08
160.79,0.0,-0.012279687499999909,1.5777000000000003e-08
160.79,0.0,-0.012529687499999909,1.54327e-08
160.79,0.0,-0.01277968749999991,1.553695e-08
160.79,0.0,-0.01302968749999991,1.57113e-08
160.79,0.0,-0.01327968749999991,1.5672399999999998e-08
160.79,0.0,-0.01352968749999991,1.55709e-08
160.79,0.0,-0.013779687499999908,1.5614499999999997e-08
160.79,0.0,-0.014029687499999909,1.519795e-08
160.79,0.0,-0.014279687499999909,1.53955e-08
160.79,0.0,-0.014529687499999909,1.57387e-08
160.79,0.0,-0.01477968749999991,1.55129e-08
160.79,0.0,-0.01502968749999991,1.55387e-08
160.79,0.0,-0.01527968749999991,1.549685e-08
160.79,0.0,-0.01552968749999991,1.559765e-08
160.79,0.0,-0.01577968749999991,1.5907800000000002e-08
160.79,0.0,-0.01602968749999991,1.54682e-08
160.79,0.0,-0.01627968749999991,1.522545e-08
160.79,0.0,-0.01652968749999991,1.53752e-08
160.79,0.0,-0.016779687499999908,1.555435e-08
160.79,0.0,-0.017029687499999908,1.5877950000000002e-08
160.79,0.0,-0.017279687499999908,1.569085e-08
160.79,0.0,-0.017529687499999908,1.5449649999999997e-08
160.79,0.0,-0.01777968749999991,1.5611e-08
160.79,0.0,-0.01802968749999991,1.535605e-08
160.79,0.0,-0.01827968749999991,1.60296e-08
160.79,0.0,-0.01852968749999991,1.564055e-08
160.79,0.0,-0.01877968749999991,1.551565e-08
160.79,0.0,-0.01902968749999991,1.55257e-08
160.79,0.0,-0.01927968749999991,1.544055e-08
160.79,0.0,-0.01952968749999991,1.55265e-08
160.79,0.0,-0.01977968749999991,1.5397500000000003e-08
160.79,0.0,-0.02002968749999991,1.5511800000000003e-08
160.79,0.0,-0.02027968749999991,1.521895e-08
160.79,0.0,-0.020529687499999907,1.5487200000000006e-08
160.79,0.0,-0.020779687499999908,1.52775e-08
160.79,0.0,-0.021029687499999908,1.55292e-08
160.79,0.0,-0.021279687499999908,1.5306e-08
160.79,0.0,-0.02152968749999991,1.5536750000000002e-08
160.79,0.0,-0.02177968749999991,1.52258e-08
160.79,0.0,-0.02202968749999991,1.513525e-08
160.79,0.0,-0.02227968749999991,1.5241749999999998e-08
160.79,0.0,-0.02252968749999991,1.5335700000000003e-08
160.79,0.0,-0.02277968749999991,1.5054e-08
160.79,0.0,-0.02302968749999991,1.520745e-08
160.79,0.0,-0.02327968749999991,1.50981e-08
160.79,0.0,-0.02352968749999991,1.49635e-08
160.79,0.0,-0.02377968749999991,1.522615e-08
160.79,0.0,-0.02402968749999991,1.4993900000000003e-08
160.79,0.0,-0.02427968749999991,1.493445e-08
160.79,0.0,-0.024529687499999907,1.48729e-08
160.79,0.0,-0.024779687499999908,1.4748250000000001e-08
160.79,0.0,-0.025029687499999908,1.47364e-08
160.79,0.0,-0.025279687499999908,1.48063e-08
160.79,0.0,-0.02552968749999991,1.501545e-08
160.79,0.0,-0.02577968749999991,1.491665e-08
160.79,0.0,-0.02602968749999991,1.48323e-08
160.79,0.0,-0.02627968749999991,1.47898e-08
160.79,0.0,-0.02652968749999991,1.477705e-08
160.79,0.0,-0.02677968749999991,1.484305e-08
160.79,0.0,-0.02702968749999991,1.50544e-08
160.79,0.0,-0.02727968749999991,1.50034e-08
160.79,0.0,-0.02752968749999991,1.4851e-08
160.79,0.0,-0.02777968749999991,1.431325e-08
160.79,0.0,-0.02802968749999991,1.46129e-08
160.79,0.0,-0.028279687499999907,1.46729e-08
160.79,0.0,-0.028529687499999908,1.491135e-08
160.79,0.0,-0.028779687499999908,1.4312566666666667e-08
160.79,0.0,-0.029029687499999908,1.4507100000000001e-08
160.79,0.0,-0.029279687499999908,1.47173e-08
160.79,0.0,-0.02952968749999991,1.473315e-08
160.79,0.0,-0.02977968749999991,1.45712e-08
160.79,0.0,-0.03002968749999991,1.43917e-08
160.79,0.0,-0.03027968749999991,1.45212e-08
160.79,0.0,-0.03052968749999991,1.42838e-08
160.79,0.0,-0.03077968749999991,1.45922e-08
160.79,0.0,-0.03102968749999991,1.46449e-08
160.79,0.0,-0.03127968749999991,1.455645e-08
160.79,0.0,-0.03152968749999991,1.451135e-08
160.79,0.0,-0.03177968749999991,1.446085e-08
160.79,0.0,-0.03202968749999991,1.450755e-08
160.79,0.0,-0.03227968749999991,1.44998e-08
160.79,0.0,-0.03252968749999991,1.45549e-08
160.79,0.0,-0.03277968749999991,1.45984e-08
160.79,0.0,-0.03302968749999991,1.45277e-08
160.79,0.0,-0.03327968749999991,1.44622e-08
160.79,0.0,-0.03352968749999991,1.44982e-08
160.79,0.0,-0.03377968749999991,1.44563e-08
160.79,0.0,-0.03402968749999991,1.454965e-08
160.79,0.0,-0.034279687499999906,1.43442e-08
160.79,0.0,-0.034529687499999906,1.43675e-08
160.79,0.0,-0.034779687499999906,1.44534e-08
160.79,0.0,-0.035029687499999906,1.419465e-08
160.79,0.0,-0.03527968749999991,1.41814e-08
160.79,0.0,-0.03552968749999991,1.4419e-08
160.79,0.0,-0.03577968749999991,1.43388e-08
160.79,0.0,-0.03602968749999991,1.4451e-08
160.79,0.0,-0.03627968749999991,1.413115e-08
160.79,0.0,-0.03652968749999991,1.4341950000000001e-08
160.79,0.0,-0.03677968749999991,1.439985e-08
160.79,0.0,-0.03702968749999991,1.428655e-08
160.79,0.0,-0.03727968749999991,1.40581e-08
160.79,0.0,-0.03752968749999991,1.439425e-08
160.79,0.0,-0.03777968749999991,1.44123e-08
160.79,0.0,-0.03802968749999991,1.42402e-08
160.79,0.0,-0.03827968749999991,1.415865e-08
160.79,0.0,-0.03852968749999991,1.442225e-08
160.79,0.0,-0.03877968749999991,1.443785e-08
160.79,0.0,-0.03902968749999991,1.43681e-08
160.79,0.0,-0.03927968749999991,1.43165e-08
160.79,0.0,-0.03952968749999991,1.43069e-08
160.79,0.0,-0.03977968749999991,1.4214800000000001e-08
160.79,0.0,-0.04002968749999991,1.40617e-08
160.79,0.0,-0.04027968749999991,1.39287e-08
160.79,0.0,-0.04052968749999991,1.410105e-08
160.79,0.0,-0.04077968749999991,1.414305e-08
160.79,0.0,-0.04102968749999991,1.41136e-08
160.79,0.0,-0.04127968749999991,1.410515e-08
160.79,0.0,-0.04152968749999991,1.378375e-08
160.79,0.0,-0.04177968749999991,1.418645e-08
160.79,0.0,-0.042029687499999906,1.406725e-08
160.79,0.0,-0.042279687499999906,1.404555e-08
160.79,0.0,-0.042529687499999906,1.419715e-08
160.79,0.0,-0.042779687499999906,1.399855e-08
160.79,0.0,-0.04302968749999991,1.39438e-08
160.79,0.0,-0.04327968749999991,1.4201e-08
160.79,0.0,-0.04352968749999991,1.39914e-08
160.79,0.0,-0.04377968749999991,1.40123e-08
160.79,0.0,-0.04402968749999991,1.391885e-08
160.79,0.0,-0.04427968749999991,1.40116e-08
160.79,0.0,-0.04452968749999991,1.3827299999999998e-08
160.79,0.0,-0.04477968749999991,1.405515e-08
160.79,0.0,-0.04502968749999991,1.39151e-08
160.79,0.0,-0.04527968749999991,1.409205e-08
160.79,0.0,-0.04552968749999991,1.383325e-08
160.79,0.0,-0.04577968749999991,1.416815e-08
160.79,0.0,-0.04602968749999991,1.39582e-08
160.79,0.0,-0.04627968749999991,1.383245e-08
160.79,0.0,-0.04652968749999991,1.382875e-08
160.79,0.0,-0.04677968749999991,1.38021e-08
160.79,0.0,-0.04702968749999991,1.402635e-08
160.79,0.0,-0.04727968749999991,1.3907e-08
160.79,0.0,-0.04752968749999991,1.37369e-08
160.79,0.0,-0.04777968749999991,1.374145e-08
160.79,0.0,-0.04802968749999991,1.37682e-08
160.79,0.0,-0.04827968749999991,1.38083e-08
160.79,0.0,-0.04852968749999991,1.370175e-08
160.79,0.0,-0.04877968749999991,1.384635e-08
160.79,0.0,-0.04902968749999991,1.368605e-08
160.79,0.0,-0.04927968749999991,1.349305e-08
160.79,0.0,-0.04952968749999991,1.395455e-08
160.79,0.0,-0.049779687499999906,1.405165e-08
160.79,0.0,-0.050029687499999906,1.37696e-08
160.79,0.0,-0.050279687499999906,1.35372e-08
160.79,0.0,-0.050529687499999906,1.3832000000000001e-08
160.79,0.0,-0.050779687499999906,1.360825e-08
160.79,0.0,-0.05102968749999991,1.36739e-08
160.79,0.0,-0.05127968749999991,1.3636500000000001e-08
160.79,0.0,-0.05152968749999991,1.37313e-08
160.79,0.0,-0.05177968749999991,1.362125e-08
160.79,0.0,-0.05202968749999991,1.39522e-08
160.79,0.0,-0.05227968749999991,1.37855e-08
160.79,0.0,-0.05252968749999991,1.35876e-08
160.79,0.0,-0.05277968749999991,1.33366e-08
160.79,0.0,-0.05302968749999991,1.39411e-08
160.79,0.0,-0.05327968749999991,1.36147e-08
160.79,0.0,-0.05352968749999991,1.3779e-08
160.79,0.0,-0.05377968749999991,1.342665e-08
160.79,0.0,-0.05402968749999991,1.347605e-08
160.79,0.0,-0.05427968749999991,1.33627e-08
160.79,0.0,-0.05452968749999991,1.33474e-08
160.79,0.0,-0.05477968749999991,1.32825e-08
160.79,0.0,-0.05502968749999991,1.33439e-08
160.79,0.0,-0.05527968749999991,1.317895e-08
160.79,0.0,-0.05552968749999991,1.328075e-08
160.79,0.0,-0.05577968749999991,1.351065e-08
160.79,0.0,-0.05602968749999991,1.36001e-08
160.79,0.0,-0.05627968749999991,1.335735e-08
160.79,0.0,-0.05652968749999991,1.34971e-08
160.79,0.0,-0.05677968749999991,1.344e-08
160.79,0.0,-0.05702968749999991,1.3416e-08
160.79,0.0,-0.05727968749999991,1.336535e-08
160.79,0.0,-0.05752968749999991,1.31946e-08
160.79,0.0,-0.057779687499999906,1.33904e-08
160.79,0.0,-0.058029687499999906,1.33997e-08
160.79,0.0,-0.058279687499999906,1.335935e-08
160.79,0.0,-0.058529687499999906,1.304575e-08
160.79,0.0,-0.05877968749999991,1.32119e-08
160.79,0.0,-0.05902968749999991,1.316495e-08
160.79,0.0,-0.05927968749999991,1.3074e-08
160.79,0.0,-0.05952968749999991,1.31051e-08
160.79,0.0,-0.05977968749999991,1.32768e-08
160.79,0.0,-0.06002968749999991,1.28959e-08
160.79,0.0,-0.06027968749999991,1.31524e-08
160.79,0.0,-0.06052968749999991,1.33286e-08
160.79,0.0,-0.06077968749999991,1.26737e-08
160.79,0.0,-0.06102968749999991,1.294175e-08
160.79,0.0,-0.06127968749999991,1.31423e-08
160.79,0.0,-0.06152968749999991,1.30161e-08
160.79,0.0,-0.06177968749999991,1.30062e-08
160.79,0.0,-0.06202968749999991,1.297885e-08
160.79,0.0,-0.06227968749999991,1.314905e-08
160.79,0.0,-0.0625296874999999,1.29156e-08
160.79,0.0,-0.0627796874999999,1.34256e-08
160.79,0.0,-0.0630296874999999,1.319605e-08
160.79,0.0,-0.0632796874999999,1.30166e-08
160.79,0.0,-0.0635296874999999,1.30309e-08
160.79,0.0,-0.0637796874999999,1.27324e-08
160.79,0.0,-0.0640296874999999,1.29068e-08
160.79,0.0,-0.0642796874999999,1.303025e-08
160.79,0.0,-0.0645296874999999,1.318905e-08
160.79,0.0,-0.0647796874999999,1.314725e-08
160.79,0.0,-0.0650296874999999,1.32366e-08
160.79,0.0,-0.0652796874999999,1.27951e-08
160.79,0.0,-0.0655296874999999,1.292935e-08
160.79,0.0,-0.0657796874999999,1.2607e-08
160.79,0.0,-0.0660296874999999,1.285485e-08
160.79,0.0,-0.0662796874999999,1.29598e-08
160.79,0.0,-0.0665296874999999,1.2855e-08
160.79,0.0,-0.0667796874999999,1.2905e-08
160.79,0.0,-0.06702968749999991,1.264815e-08
160.79,0.0,-0.06727968749999991,1.289915e-08
160.79,0.0,-0.06752968749999991,1.28248e-08
160.79,0.0,-0.06777968749999991,1.28908e-08
160.79,0.0,-0.06802968749999991,1.25898e-08
160.79,0.0,-0.06827968749999991,1.275045e-08
160.79,0.0,-0.06852968749999991,1.259895e-08
160.79,0.0,-0.06877968749999991,1.2691e-08
160.79,0.0,-0.06902968749999991,1.258815e-08
160.79,0.0,-0.06927968749999991,1.27285e-08
160.79,0.0,-0.06952968749999991,1.2620833333333333e-08
160.79,0.0,-0.06977968749999991,1.28644e-08
160.79,0.0,-0.07002968749999991,1.28429e-08
160.79,0.0,-0.07027968749999991,1.29645e-08
160.79,0.0,-0.07052968749999991,1.293475e-08
160.79,0.0,-0.07077968749999991,1.26247e-08
160.79,0.0,-0.07102968749999991,1.28241e-08
160.79,0.0,-0.07127968749999991,1.25523e-08
160.79,0.0,-0.07152968749999991,1.277225e-08
160.79,0.0,-0.07177968749999991,1.267195e-08
160.79,0.0,-0.07202968749999991,1.257395e-08
160.79,0.0,-0.07227968749999991,1.267865e-08
160.79,0.0,-0.07252968749999991,1.27078e-08
160.79,0.0,-0.07277968749999991,1.26549e-08
160.79,0.0,-0.07302968749999991,1.24622e-08
160.79,0.0,-0.07327968749999991,1.278925e-08
160.79,0.0,-0.07352968749999991,1.308615e-08
160.79,0.0,-0.07377968749999991,1.260385e-08
160.79,0.0,-0.07402968749999991,1.283425e-08
160.79,0.0,-0.07427968749999991,1.252495e-08
160.79,0.0,-0.07452968749999991,1.27126e-08
160.79,0.0,-0.07477968749999991,1.27016e-08
160.79,0.0,-0.07502968749999991,1.2579e-08
160.79,0.0,-0.07527968749999991,1.260365e-08
160.79,0.0,-0.07552968749999991,1.309415e-08
160.79,0.0,-0.07577968749999991,1.27276e-08
160.79,0.0,-0.07602968749999992,1.2758233333333333e-08
160.79,0.0,-0.07627968749999992,1.273865e-08
160.79,0.0,-0.07652968749999992,1.29209e-08
160.79,0.0,-0.07677968749999992,1.27219e-08
160.79,0.0,-0.07702968749999992,1.28105e-08
160.79,0.0,-0.0772796874999999,1.24303e-08
160.79,0.0,-0.0775296874999999,1.30917e-08
160.79,0.0,-0.0777796874999999,1.270995e-08
160.79,0.0,-0.0780296874999999,1.26595e-08
160.79,0.0,-0.0782796874999999,1.267365e-08
160.79,0.0,-0.0785296874999999,1.26486e-08
160.79,0.0,-0.0787796874999999,1.2812950000000001e-08
160.79,0.0,-0.0790296874999999,1.245015e-08
160.79,0.0,-0.0792796874999999,1.25995e-08
160.79,0.0,-0.0795296874999999,1.27473e-08
160.79,0.0,-0.0797796874999999,1.278665e-08
160.79,0.0,-0.0800296874999999,1.263865e-08
160.79,0.0,-0.0802796874999999,1.276985e-08
160.79,0.0,-0.0805296874999999,1.269165e-08
160.79,0.0,-0.0807796874999999,1.2721300000000002e-08
160.79,0.0,-0.0810296874999999,1.25132e-08
160.79,0.0,-0.0812796874999999,1.25508e-08
160.79,0.0,-0.0815296874999999,1.24816e-08
160.79,0.0,-0.0817796874999999,1.24251e-08
160.79,0.0,-0.0820296874999999,1.25722e-08
160.79,0.0,-0.0822796874999999,1.24804e-08
160.79,0.0,-0.08252968749999991,1.24121e-08
160.79,0.0,-0.08277968749999991,1.25683e-08
160.79,0.0,-0.08302968749999991,1.291975e-08
160.79,0.0,-0.08327968749999991,1.271035e-08
160.79,0.0,-0.08352968749999991,1.24533e-08
160.79,0.0,-0.08377968749999991,1.26126e-08
160.79,0.0,-0.08402968749999991,1.260075e-08
160.79,0.0,-0.08427968749999991,1.23422e-08
160.79,0.0,-0.08452968749999991,1.25391e-08
160.79,0.0,-0.08477968749999991,1.24126e-08
160.79,0.0,-0.08502968749999991,1.2793866666666664e-08
160.79,0.0,-0.08527968749999991,1.264895e-08
160.79,0.0,-0.08552968749999991,1.28035e-08
160.79,0.0,-0.08577968749999991,1.247145e-08
160.79,0.0,-0.08602968749999991,1.27181e-08
160.79,0.0,-0.08627968749999991,1.28035e-08
160.79,0.0,-0.08652968749999991,1.26257e-08
160.79,0.0,-0.08677968749999991,1.26763e-08
160.79,0.0,-0.08702968749999991,1.2435e-08
160.79,0.0,-0.08727968749999991,1.266965e-08
160.79,0.0,-0.08752968749999991,1.256725e-08
160.79,0.0,-0.08777968749999991,1.27462e-08
160.79,0.0,-0.08802968749999991,1.254895e-08
160.79,0.0,-0.08827968749999991,1.2608e-08
160.79,0.0,-0.08852968749999991,1.2691e-08
160.79,0.0,-0.08877968749999991,1.26328e-08
160.79,0.0,-0.08902968749999991,1.241005e-08
160.79,0.0,-0.08927968749999991,1.251825e-08
160.79,0.0,-0.08952968749999991,1.258965e-08
160.79,0.0,-0.08977968749999991,1.261425e-08
160.79,0.0,-0.09002968749999991,1.27075e-08
160.79,0.0,-0.09027968749999991,1.246865e-08
160.79,0.0,-0.09052968749999991,1.27785e-08
160.79,0.0,-0.09077968749999991,1.27335e-08
160.79,0.0,-0.09102968749999991,1.26289e-08
160.79,0.0,-0.09127968749999991,1.274135e-08
160.79,0.0,-0.09152968749999991,1.29341e-08
160.79,0.0,-0.09177968749999992,1.28153e-08
160.79,0.0,-0.09202968749999992,1.2698600000000002e-08
160.79,0.0,-0.09227968749999992,1.27277e-08
160.79,0.0,-0.09252968749999992,1.28196e-08
160.79,0.0,-0.0927796874999999,1.30083e-08
160.79,0.0,-0.0930296874999999,1.28121e-08
160.79,0.0,-0.0932796874999999,1.30533e-08
160.79,0.0,-0.0935296874999999,1.29312e-08
160.79,0.0,-0.0937796874999999,1.268155e-08
160.79,0.0,-0.0940296874999999,1.303045e-08
160.79,0.0,-0.0942796874999999,1.290565e-08
160.79,0.0,-0.0945296874999999,1.272805e-08
160.79,0.0,-0.0947796874999999,1.310055e-08
160.79,0.0,-0.0950296874999999,1.302795e-08
160.79,0.0,-0.0952796874999999,1.31328e-08
160.79,0.0,-0.0955296874999999,1.2516000000000001e-08
160.79,0.0,-0.0957796874999999,1.299555e-08
160.79,0.0,-0.0960296874999999,1.281975e-08
160.79,0.0,-0.0962796874999999,1.266245e-08
160.79,0.0,-0.0965296874999999,1.26718e-08
160.79,0.0,-0.0967796874999999,1.28067e-08
160.79,0.0,-0.0970296874999999,1.26903e-08
160.79,0.0,-0.0972796874999999,1.29744e-08
160.79,0.0,-0.0975296874999999,1.327495e-08
160.79,0.0,-0.0977796874999999,1.292475e-08
160.79,0.0,-0.0980296874999999,1.2632e-08
160.79,0.0,-0.09827968749999991,1.2708e-08
160.79,0.0,-0.09852968749999991,1.27046e-08
160.79,0.0,-0.09877968749999991,1.28832e-08
160.79,0.0,-0.09902968749999991,1.28268e-08
160.79,0.0,-0.09927968749999991,1.24741e-08
160.79,0.0,-0.09952968749999991,1.2455850000000001e-08
160.79,0.0,-0.09977968749999991,1.293785e-08
160.79,0.0,-0.10002968749999991,1.26032e-08
160.79,0.0,-0.10027968749999991,1.23261e-08
160.79,0.0,-0.10052968749999991,1.273665e-08
160.79,0.0,-0.10077968749999991,1.24763e-08
160.79,0.0,-0.10102968749999991,1.2613766666666666e-08
160.79,0.0,-0.10127968749999991,1.23696e-08
160.79,0.0,-0.10152968749999991,1.24571e-08
160.79,0.0,-0.10177968749999991,1.284875e-08
160.79,0.0,-0.10202968749999991,1.23148e-08
160.79,0.0,-0.10227968749999991,1.21785e-08
160.79,0.0,-0.10252968749999991,1.218135e-08
160.79,0.0,-0.10277968749999991,1.216925e-08
160.79,0.0,-0.10302968749999991,1.223265e-08
160.79,0.0,-0.10327968749999991,1.21246e-08
160.79,0.0,-0.10352968749999991,1.209075e-08
160.79,0.0,-0.10377968749999991,1.20585e-08
160.79,0.0,-0.10402968749999991,1.18107e-08
160.79,0.0,-0.10427968749999991,1.16979e-08
160.79,0.0,-0.10452968749999991,1.17365e-08
160.79,0.0,-0.10477968749999991,1.154085e-08
160.79,0.0,-0.10502968749999991,1.1638850000000001e-08
160.79,0.0,-0.10527968749999991,1.140975e-08
160.79,0.0,-0.10552968749999991,1.131475e-08
160.79,0.0,-0.10577968749999991,1.12286e-08
160.79,0.0,-0.10602968749999991,1.103715e-08
160.79,0.0,-0.10627968749999991,1.11293e-08
160.79,0.0,-0.10652968749999991,1.0886e-08
160.79,0.0,-0.10677968749999991,1.076075e-08
160.79,0.0,-0.10702968749999991,1.07253e-08
160.79,0.0,-0.10727968749999992,1.0189e-08
160.79,0.0,-0.10752968749999992,1.02116e-08
160.79,0.0,-0.10777968749999992,9.96044e-09
160.79,0.0,-0.10802968749999992,9.58142e-09
160.79,0.0,-0.10827968749999992,9.6071e-09
160.79,0.0,-0.1085296874999999,9.436835e-09
160.79,0.0,-0.1087796874999999,9.279935e-09
160.79,0.0,-0.1090296874999999,9.091075e-09
160.79,0.0,-0.1092796874999999,8.49003e-09
160.79,0.0,-0.1095296874999999,9.12467e-09
160.79,0.0,-0.1097796874999999,8.733745e-09
160.79,0.0,-0.1100296874999999,8.661185e-09
160.79,0.0,-0.1102796874999999,8.47753e-09
160.79,0.0,-0.1105296874999999,8.25172e-09
160.79,0.0,-0.1107796874999999,7.945605e-09
160.79,0.0,-0.1110296874999999,8.15438e-09
160.79,0.0,-0.1112796874999999,7.59811e-09
160.79,0.0,-0.1115296874999999,8.075324999999999e-09
160.79,0.0,-0.1117796874999999,8.267949999999999e-09
160.79,0.0,-0.1120296874999999,7.923739999999999e-09
160.79,0.0,-0.1122796874999999,8.206905e-09
160.79,0.0,-0.1125296874999999,7.991215000000001e-09
160.79,0.0,-0.1127796874999999,8.118005e-09
160.79,0.0,-0.1130296874999999,7.946e-09
160.79,0.0,-0.1132796874999999,7.916140000000001e-09
160.79,0.0,-0.1135296874999999,7.900884999999999e-09
160.79,0.0,-0.11377968749999991,8.48921e-09
160.79,0.0,-0.11402968749999991,8.150095e-09
160.79,0.0,-0.11427968749999991,8.8081e-09
160.79,0.0,-0.11452968749999991,9.184935e-09
160.79,0.0,-0.11477968749999991,9.23741e-09
160.79,0.0,-0.11502968749999991,9.41554e-09
160.79,0.0,-0.11527968749999991,9.296235e-09
160.79,0.0,-0.11552968749999991,9.858115e-09
160.79,0.0,-0.11577968749999991,9.85882e-09
160.79,0.0,-0.11602968749999991,1.01903e-08
160.79,0.0,-0.11627968749999991,1.050585e-08
160.79,0.0,-0.11652968749999991,1.1122533333333332e-08
160.79,0.0,-0.11677968749999991,1.11078e-08
160.79,0.0,-0.11702968749999991,1.13977e-08
160.79,0.0,-0.11727968749999991,1.156745e-08
160.79,0.0,-0.11752968749999991,1.175945e-08
160.79,0.0,-0.11777968749999991,1.17154e-08
160.79,0.0,-0.11802968749999991,1.1994e-08
160.79,0.0,-0.11827968749999991,1.226765e-08
160.79,0.0,-0.11852968749999991,1.22086e-08
160.79,0.0,-0.11877968749999991,1.2591e-08
160.79,0.0,-0.11902968749999991,1.24829e-08
160.79,0.0,-0.11927968749999991,1.26264e-08
160.79,0.0,-0.11952968749999991,1.285e-08
160.79,0.0,-0.11977968749999991,1.261175e-08
160.79,0.0,-0.12002968749999991,1.30145e-08
160.79,0.0,-0.12027968749999991,1.279515e-08
160.79,0.0,-0.12052968749999991,1.279735e-08
160.79,0.0,-0.12077968749999991,1.304535e-08
160.79,0.0,-0.12102968749999991,1.31502e-08
160.79,0.0,-0.12127968749999991,1.296155e-08
160.79,0.0,-0.12152968749999991,1.29158e-08
160.79,0.0,-0.12177968749999991,1.296175e-08
160.79,0.0,-0.12202968749999991,1.32011e-08
160.79,0.0,-0.12227968749999991,1.280725e-08
160.79,0.0,-0.12252968749999991,1.31706e-08
160.79,0.0,-0.12277968749999991,1.330315e-08
160.79,0.0,-0.12302968749999992,1.3131e-08
160.79,0.0,-0.12327968749999992,1.308955e-08
160.79,0.0,-0.12352968749999992,1.2838933333333334e-08
160.79,0.0,-0.12377968749999992,1.30793e-08
160.79,0.0,-0.1240296874999999,1.25912e-08
160.79,0.0,-0.1242796874999999,1.3017200000000001e-08
160.79,0.0,-0.1245296874999999,1.293115e-08
160.79,0.0,-0.1247796874999999,1.296875e-08
160.79,0.0,-0.1250296874999999,1.26502e-08
160.79,0.0,-0.1252796874999999,1.2871e-08
160.79,0.0,-0.1255296874999999,1.292955e-08
160.79,0.0,-0.1257796874999999,1.28992e-08
160.79,0.0,-0.1260296874999999,1.28773e-08
160.79,0.0,-0.1262796874999999,1.31961e-08
160.79,0.0,-0.1265296874999999,1.310785e-08
160.79,0.0,-0.1267796874999999,1.29779e-08
160.79,0.0,-0.1270296874999999,1.28444e-08
160.79,0.0,-0.1272796874999999,1.274365e-08
160.79,0.0,-0.1275296874999999,1.275555e-08
160.79,0.0,-0.1277796874999999,1.311795e-08
160.79,0.0,-0.1280296874999999,1.25075e-08
160.79,0.0,-0.1282796874999999,1.27888e-08
160.79,0.0,-0.1285296874999999,1.238675e-08
160.79,0.0,-0.1287796874999999,1.275435e-08
160.79,0.0,-0.1290296874999999,1.29137e-08
160.79,0.0,-0.1292796874999999,1.25615e-08
160.79,0.0,-0.1295296874999999,1.31395e-08
160.79,0.0,-0.1297796874999999,1.278885e-08
160.79,0.0,-0.1300296874999999,1.252755e-08
160.79,0.0,-0.1302796874999999,1.260135e-08
160.79,0.0,-0.1305296874999999,1.2612e-08
160.79,0.0,-0.1307796874999999,1.27344e-08
160.79,0.0,-0.1310296874999999,1.269555e-08
160.79,0.0,-0.1312796874999999,1.27308e-08
160.79,0.0,-0.1315296874999999,1.271455e-08
160.79,0.0,-0.1317796874999999,1.293475e-08
160.79,0.0,-0.1320296874999999,1.28083e-08
160.79,0.0,-0.1322796874999999,1.27647e-08
160.79,0.0,-0.1325296874999999,1.259035e-08
160.79,0.0,-0.1327796874999999,1.281685e-08
160.79,0.0,-0.1330296874999999,1.28134e-08
160.79,0.0,-0.1332796874999999,1.305355e-08
160.79,0.0,-0.1335296874999999,1.259755e-08
160.79,0.0,-0.1337796874999999,1.21149e-08
160.79,0.0,-0.1340296874999999,1.258925e-08
160.79,0.0,-0.1342796874999999,1.266165e-08
160.79,0.0,-0.1345296874999999,1.29e-08
160.79,0.0,-0.1347796874999999,1.25466e-08
160.79,0.0,-0.1350296874999999,1.27391e-08
160.79,0.0,-0.1352796874999999,1.246485e-08
160.79,0.0,-0.1355296874999999,1.23305e-08
160.79,0.0,-0.1357796874999999,1.25138e-08
160.79,0.0,-0.1360296874999999,1.237475e-08
160.79,0.0,-0.1362796874999999,1.255915e-08
160.79,0.0,-0.1365296874999999,1.249335e-08
160.79,0.0,-0.1367796874999999,1.235425e-08
160.79,0.0,-0.1370296874999999,1.245245e-08
160.79,0.0,-0.13727968749999991,1.241755e-08
160.79,0.0,-0.13752968749999991,1.23571e-08
160.79,0.0,-0.13777968749999991,1.20164e-08
160.79,0.0,-0.13802968749999991,1.249875e-08
160.79,0.0,-0.13827968749999991,1.22643e-08
160.79,0.0,-0.13852968749999992,1.24732e-08
160.79,0.0,-0.13877968749999992,1.25932e-08
160.79,0.0,-0.13902968749999992,1.288865e-08
160.79,0.0,-0.13927968749999992,1.2604050000000001e-08
160.79,0.0,-0.13952968749999992,1.2536933333333334e-08
160.79,0.0,-0.13977968749999992,1.35754e-08
160.79,0.0,-0.14002968749999992,1.25612e-08
160.79,0.0,-0.14027968749999992,1.24933e-08
160.79,0.0,-0.14052968749999992,1.25798e-08
160.79,0.0,-0.14077968749999992,1.26717e-08
160.79,0.0,-0.14102968749999992,1.273335e-08
160.79,0.0,-0.14127968749999992,1.25055e-08
160.79,0.0,-0.14152968749999992,1.23606e-08
160.79,0.0,-0.14177968749999992,1.29701e-08
160.79,0.0,-0.14202968749999992,1.22481e-08
160.79,0.0,-0.14227968749999992,1.22751e-08
160.79,0.0,-0.14252968749999992,1.27834e-08
160.79,0.0,-0.14277968749999992,1.244e-08
160.79,0.0,-0.14302968749999992,1.2558e-08
160.79,0.0,-0.14327968749999992,1.2452e-08
160.79,0.0,-0.14352968749999992,1.239225e-08
160.79,0.0,-0.14377968749999992,1.250525e-08
160.79,0.0,-0.14402968749999992,1.22838e-08
160.79,0.0,-0.14427968749999992,1.249015e-08
160.79,0.0,-0.14452968749999992,1.22522e-08
160.79,0.0,-0.14477968749999992,1.23649e-08
160.79,0.0,-0.14502968749999992,1.257245e-08
160.79,0.0,-0.14527968749999992,1.266325e-08
160.79,0.0,-0.14552968749999992,1.277055e-08
160.79,0.0,-0.14577968749999992,1.24715e-08
160.79,0.0,-0.14602968749999992,1.251525e-08
160.79,0.0,-0.14627968749999992,1.252635e-08
160.79,0.0,-0.14652968749999992,1.264935e-08
160.79,0.0,-0.14677968749999992,1.25309e-08
160.79,0.0,-0.14702968749999992,1.23867e-08
160.79,0.0,-0.14727968749999992,1.224905e-08
160.79,0.0,-0.1475296874999999,1.25108e-08
160.79,0.0,-0.1477796874999999,1.27112e-08
160.79,0.0,-0.1480296874999999,1.245045e-08
160.79,0.0,-0.1482796874999999,1.241395e-08
160.79,0.0,-0.1485296874999999,1.25003e-08
160.79,0.0,-0.1487796874999999,1.22495e-08
160.79,0.0,-0.1490296874999999,1.248775e-08
160.79,0.0,-0.1492796874999999,1.24166e-08
160.79,0.0,-0.1495296874999999,1.27151e-08
160.79,0.0,-0.1497796874999999,1.22374e-08
160.79,0.0,-0.1500296874999999,1.248705e-08
160.79,0.0,-0.1502796874999999,1.25183e-08
160.79,0.0,-0.1505296874999999,1.22022e-08
160.79,0.0,-0.1507796874999999,1.258885e-08
160.79,0.0,-0.1510296874999999,1.22591e-08
160.79,0.0,-0.1512796874999999,1.252385e-08
160.79,0.0,-0.1515296874999999,1.27648e-08
160.79,0.0,-0.1517796874999999,1.23173e-08
160.79,0.0,-0.1520296874999999,1.25295e-08
160.79,0.0,-0.1522796874999999,1.250975e-08
160.79,0.0,-0.1525296874999999,1.21192e-08
160.79,0.0,-0.1527796874999999,1.24181e-08
160.79,0.0,-0.1530296874999999,1.23955e-08
160.79,0.0,-0.1532796874999999,1.24248e-08
160.79,0.0,-0.1535296874999999,1.26336e-08
160.79,0.0,-0.1537796874999999,1.25579e-08
160.79,0.0,-0.1540296874999999,1.2531e-08
160.79,0.0,-0.1542796874999999,1.252675e-08
160.79,0.0,-0.1545296874999999,1.2850950000000001e-08
160.79,0.0,-0.1547796874999999,1.245655e-08
160.79,0.0,-0.1550296874999999,1.281555e-08
160.79,0.0,-0.1552796874999999,1.270745e-08
160.79,0.0,-0.1555296874999999,1.25816e-08
160.79,0.0,-0.1557796874999999,1.258455e-08
160.79,0.0,-0.1560296874999999,1.2568500000000001e-08
160.79,0.0,-0.1562796874999999,1.27921e-08
160.79,0.0,-0.1565296874999999,1.26034e-08
160.79,0.0,-0.1567796874999999,1.27229e-08
160.79,0.0,-0.1570296874999999,1.2581766666666668e-08
160.79,0.0,-0.1572796874999999,1.26026e-08
160.79,0.0,-0.1575296874999999,1.28352e-08
160.79,0.0,-0.1577796874999999,1.3487500000000001e-08
160.79,0.0,-0.1580296874999999,1.28708e-08
160.79,0.0,-0.1582796874999999,1.279105e-08
160.79,0.0,-0.1585296874999999,1.26093e-08
160.79,0.0,-0.1587796874999999,1.291895e-08
160.79,0.0,-0.1590296874999999,1.31688e-08
160.79,0.0,-0.1592796874999999,1.28519e-08
160.79,0.0,-0.1595296874999999,1.27191e-08
160.79,0.0,-0.1597796874999999,1.26526e-08
160.79,0.0,-0.1600296874999999,1.263945e-08
160.79,0.0,-0.1602796874999999,1.30474e-08
160.79,0.0,-0.1605296874999999,1.2922e-08
160.79,0.0,-0.1607796874999999,1.29048e-08
160.79,0.0,-0.1610296874999999,1.266945e-08
160.79,0.0,-0.1612796874999999,1.27682e-08
160.79,0.0,-0.1615296874999999,1.26598e-08
160.79,0.0,-0.1617796874999999,1.2814333333333332e-08
160.79,0.0,-0.1620296874999999,1.266275e-08
160.79,0.0,-0.1622796874999999,1.292135e-08
160.79,0.0,-0.1625296874999999,1.26992e-08
160.79,0.0,-0.1627796874999999,1.283265e-08
160.79,0.0,-0.1630296874999999,1.26765e-08
160.79,0.0,-0.1632796874999999,1.29085e-08
160.79,0.0,-0.1635296874999999,1.27475e-08
160.79,0.0,-0.1637796874999999,1.26442e-08
160.79,0.0,-0.1640296874999999,1.2967666666666666e-08
160.79,0.0,-0.1642796874999999,1.27786e-08
160.79,0.0,-0.1645296874999999,1.28264e-08
160.79,0.0,-0.1647796874999999,1.27617e-08
160.79,0.0,-0.1650296874999999,1.292545e-08
160.79,0.0,-0.1652796874999999,1.3113e-08
160.79,0.0,-0.1655296874999999,1.27223e-08
160.79,0.0,-0.1657796874999999,1.281935e-08
160.79,0.0,-0.1660296874999999,1.28168e-08
160.79,0.0,-0.1662796874999999,1.27834e-08
160.79,0.0,-0.1665296874999999,1.29497e-08
160.79,0.0,-0.1667796874999999,1.27767e-08
160.79,0.0,-0.1670296874999999,1.281725e-08
160.79,0.0,-0.1672796874999999,1.26026e-08
160.79,0.0,-0.1675296874999999,1.28207e-08
160.79,0.0,-0.1677796874999999,1.284445e-08
160.79,0.0,-0.1680296874999999,1.292245e-08
160.79,0.0,-0.1682796874999999,1.27538e-08
160.79,0.0,-0.16852968749999991,1.28841e-08
160.79,0.0,-0.16877968749999991,1.282805e-08
160.79,0.0,-0.16902968749999991,1.32581e-08
160.79,0.0,-0.16927968749999991,1.28323e-08
160.79,0.0,-0.16952968749999991,1.30569e-08
160.79,0.0,-0.16977968749999992,1.279565e-08
160.79,0.0,-0.17002968749999992,1.29568e-08
160.79,0.0,-0.17027968749999992,1.31011e-08
160.79,0.0,-0.17052968749999992,1.29359e-08
160.79,0.0,-0.17077968749999992,1.30423e-08
160.79,0.0,-0.17102968749999992,1.278085e-08
160.79,0.0,-0.17127968749999992,1.35182e-08
160.79,0.0,-0.17152968749999992,1.295545e-08
160.79,0.0,-0.17177968749999992,1.288445e-08
160.79,0.0,-0.17202968749999992,1.29743e-08
160.79,0.0,-0.17227968749999992,1.34179e-08
160.79,0.0,-0.17252968749999992,1.314125e-08
160.79,0.0,-0.17277968749999992,1.31861e-08
160.79,0.0,-0.17302968749999992,1.3016650000000001e-08
160.79,0.0,-0.17327968749999992,1.31322e-08
160.79,0.0,-0.17352968749999992,1.309505e-08
160.79,0.0,-0.17377968749999992,1.294005e-08
160.79,0.0,-0.17402968749999992,1.312835e-08
160.79,0.0,-0.17427968749999992,1.30398e-08
160.79,0.0,-0.17452968749999992,1.316185e-08
160.79,0.0,-0.17477968749999992,1.30503e-08
160.79,0.0,-0.17502968749999992,1.3203400000000001e-08
160.79,0.0,-0.17527968749999992,1.321065e-08
160.79,0.0,-0.17552968749999992,1.31649e-08
160.79,0.0,-0.17577968749999992,1.299785e-08
160.79,0.0,-0.17602968749999992,1.297295e-08
160.79,0.0,-0.17627968749999992,1.3243e-08
160.79,0.0,-0.17652968749999992,1.316935e-08
160.79,0.0,-0.17677968749999992,1.33295e-08
160.79,0.0,-0.17702968749999992,1.3148450000000001e-08
160.79,0.0,-0.17727968749999992,1.31732e-08
160.79,0.0,-0.17752968749999992,1.3329e-08
160.79,0.0,-0.17777968749999992,1.33273e-08
160.79,0.0,-0.17802968749999992,1.329415e-08
160.79,0.0,-0.17827968749999992,1.3562e-08
160.79,0.0,-0.17852968749999992,1.331595e-08
160.79,0.0,-0.1787796874999999,1.3305e-08
160.79,0.0,-0.1790296874999999,1.339755e-08
160.79,0.0,-0.1792796874999999,1.3515e-08
160.79,0.0,-0.1795296874999999,1.339895e-08
160.79,0.0,-0.1797796874999999,1.34693e-08
160.79,0.0,-0.1800296874999999,1.3238866666666664e-08
160.79,0.0,-0.1802796874999999,1.35413e-08
160.79,0.0,-0.1805296874999999,1.3711e-08
160.79,0.0,-0.1807796874999999,1.3421e-08
160.79,0.0,-0.1810296874999999,1.33019e-08
160.79,0.0,-0.1812796874999999,1.3673e-08
160.79,0.0,-0.1815296874999999,1.33666e-08
160.79,0.0,-0.1817796874999999,1.348505e-08
160.79,0.0,-0.1820296874999999,1.327505e-08
160.79,0.0,-0.1822796874999999,1.3351050000000001e-08
160.79,0.0,-0.1825296874999999,1.35685e-08
160.79,0.0,-0.1827796874999999,1.349975e-08
160.79,0.0,-0.1830296874999999,1.3455450000000002e-08
160.79,0.0,-0.1832796874999999,1.29751e-08
160.79,0.0,-0.1835296874999999,1.36134e-08
160.79,0.0,-0.1837796874999999,1.37261e-08
160.79,0.0,-0.1840296874999999,1.355215e-08
160.79,0.0,-0.1842796874999999,1.359705e-08
160.79,0.0,-0.1845296874999999,1.37047e-08
160.79,0.0,-0.1847796874999999,1.3679e-08
160.79,0.0,-0.1850296874999999,1.379435e-08
160.79,0.0,-0.1852796874999999,1.35384e-08
160.79,0.0,-0.1855296874999999,1.36707e-08
160.79,0.0,-0.1857796874999999,1.40007e-08
160.79,0.0,-0.1860296874999999,1.3859900000000001e-08
160.79,0.0,-0.1862796874999999,1.3819e-08
160.79,0.0,-0.1865296874999999,1.406965e-08
160.79,0.0,-0.1867796874999999,1.372795e-08
160.79,0.0,-0.1870296874999999,1.37557e-08
160.79,0.0,-0.1872796874999999,1.355915e-08
160.79,0.0,-0.1875296874999999,1.39057e-08
160.79,0.0,-0.1877796874999999,1.411835e-08
160.79,0.0,-0.1880296874999999,1.383755e-08
160.79,0.0,-0.1882796874999999,1.38213e-08
160.79,0.0,-0.1885296874999999,1.39114e-08
160.79,0.0,-0.1887796874999999,1.38295e-08
160.79,0.0,-0.1890296874999999,1.41321e-08
160.79,0.0,-0.1892796874999999,1.39214e-08
160.79,0.0,-0.1895296874999999,1.386175e-08
160.79,0.0,-0.1897796874999999,1.362635e-08
160.79,0.0,-0.1900296874999999,1.38666e-08
160.79,0.0,-0.1902796874999999,1.40377e-08
160.79,0.0,-0.1905296874999999,1.3929e-08
160.79,0.0,-0.1907796874999999,1.37678e-08
160.79,0.0,-0.1910296874999999,1.393295e-08
160.79,0.0,-0.1912796874999999,1.40271e-08
160.79,0.0,-0.1915296874999999,1.400595e-08
160.79,0.0,-0.1917796874999999,1.409205e-08
160.79,0.0,-0.1920296874999999,1.39416e-08
160.79,0.0,-0.1922796874999999,1.4011e-08
160.79,0.0,-0.1925296874999999,1.40284e-08
160.79,0.0,-0.1927796874999999,1.407025e-08
160.79,0.0,-0.1930296874999999,1.402225e-08
160.79,0.0,-0.1932796874999999,1.415775e-08
160.79,0.0,-0.1935296874999999,1.40769e-08
160.79,0.0,-0.1937796874999999,1.42138e-08
160.79,0.0,-0.1940296874999999,1.39743e-08
160.79,0.0,-0.1942796874999999,1.397575e-08
160.79,0.0,-0.1945296874999999,1.41288e-08
160.79,0.0,-0.1947796874999999,1.42837e-08
160.79,0.0,-0.1950296874999999,1.42829e-08
160.79,0.0,-0.1952796874999999,1.39827e-08
160.79,0.0,-0.1955296874999999,1.43877e-08
160.79,0.0,-0.1957796874999999,1.397065e-08
160.79,0.0,-0.1960296874999999,1.37315e-08
160.79,0.0,-0.1962796874999999,1.40222e-08
160.79,0.0,-0.1965296874999999,1.44383e-08
160.79,0.0,-0.1967796874999999,1.416605e-08
160.79,0.0,-0.1970296874999999,1.48782e-08
160.79,0.0,-0.1972796874999999,1.439225e-08
160.79,0.0,-0.1975296874999999,1.400795e-08
160.79,0.0,-0.1977796874999999,1.450855e-08
160.79,0.0,-0.1980296874999999,1.45952e-08
160.79,0.0,-0.1982796874999999,1.409495e-08
160.79,0.0,-0.1985296874999999,1.451805e-08
160.79,0.0,-0.1987796874999999,1.450235e-08
160.79,0.0,-0.1990296874999999,1.45862e-08
160.79,0.0,-0.1992796874999999,1.451255e-08
160.79,0.0,-0.1995296874999999,1.43866e-08
160.79,0.0,-0.19977968749999991,1.47421e-08
160.79,0.0,-0.20002968749999991,1.48344e-08
160.79,0.0,-0.20027968749999991,1.489735e-08
160.79,0.0,-0.20052968749999991,1.5027300000000002e-08
160.79,0.0,-0.20077968749999991,1.48977e-08
160.79,0.0,-0.20102968749999992,1.50008e-08
160.79,0.0,-0.20127968749999992,1.51362e-08
160.79,0.0,-0.20152968749999992,1.52736e-08
160.79,0.0,-0.20177968749999992,1.5226e-08
160.79,0.0,-0.20202968749999992,1.51782e-08
160.79,0.0,-0.20227968749999992,1.54103e-08
160.79,0.0,-0.20252968749999992,1.5254833333333335e-08
160.79,0.0,-0.20277968749999992,1.525555e-08
160.79,0.0,-0.20302968749999992,1.53607e-08
160.79,0.0,-0.20327968749999992,1.5102550000000002e-08
160.79,0.0,-0.20352968749999992,1.538185e-08
160.79,0.0,-0.20377968749999992,1.5510200000000002e-08
160.79,0.0,-0.20402968749999992,1.5388e-08
160.79,0.0,-0.20427968749999992,1.5611699999999998e-08
160.79,0.0,-0.20452968749999992,1.584975e-08
160.79,0.0,-0.20477968749999992,1.558335e-08
160.79,0.0,-0.20502968749999992,1.5398100000000002e-08
160.79,0.0,-0.20527968749999992,1.574385e-08
160.79,0.0,-0.20552968749999992,1.574205e-08
160.79,0.0,-0.20577968749999992,1.5852649999999997e-08
160.79,0.0,-0.20602968749999992,1.57816e-08
160.79,0.0,-0.20627968749999992,1.56656e-08
160.79,0.0,-0.20652968749999992,1.582685e-08
160.79,0.0,-0.20677968749999992,1.5839150000000002e-08
160.79,0.0,-0.20702968749999992,1.582105e-08
160.79,0.0,-0.20727968749999992,1.551875e-08
160.79,0.0,-0.20752968749999992,1.55798e-08
160.79,0.0,-0.20777968749999992,1.56037e-08
160.79,0.0,-0.20802968749999992,1.55109e-08
160.79,0.0,-0.20827968749999992,1.54257e-08
160.79,0.0,-0.20852968749999992,1.5343150000000002e-08
160.79,0.0,-0.20877968749999992,1.5198049999999998e-08
160.79,0.0,-0.20902968749999992,1.506435e-08
160.79,0.0,-0.20927968749999992,1.507305e-08
160.79,0.0,-0.20952968749999992,1.5054e-08
160.79,0.0,-0.20977968749999992,1.52194e-08
160.79,0.0,-0.2100296874999999,1.471795e-08
160.79,0.0,-0.2102796874999999,1.4589950000000001e-08
160.79,0.0,-0.2105296874999999,1.43685e-08
160.79,0.0,-0.2107796874999999,1.42531e-08
