Y_dimension(mm),Button,True_depth(m),meas
111.77,0.0,138.3207578125,2.075783e-05
111.77,0.0,138.3207310590617,-3.480411e-06
111.77,0.0,138.32061088849596,-2.551795e-06
111.77,0.0,138.32048083375295,-1.959328e-06
111.77,0.0,138.3202901222124,-1.511275e-06
111.77,0.0,138.32007518158022,-1.16312e-06
111.77,0.0,138.31979832789315,-8.91363e-07
111.77,0.0,138.31952029835236,-6.841437e-07
111.77,0.0,138.3191627003251,-5.256443e-07
111.77,0.0,138.3187623515176,-4.002795e-07
111.77,0.0,138.3183743847461,-3.02738e-07
111.77,0.0,138.31795223866536,-2.27461e-07
111.77,0.0,138.3175316093887,-1.7196e-07
111.77,0.0,138.31711176463497,-1.277804e-07
111.77,0.0,138.3166929375308,-9.397627e-08
111.77,0.0,138.31627646269823,-6.632763e-08
111.77,0.0,138.3158519822222,-4.410686e-08
111.77,0.0,138.31546587962688,-3.211608e-08
111.77,0.0,138.3150438707305,-1.596345e-08
111.77,0.0,138.3146140349376,-1.014268e-08
111.77,0.0,138.31418613574752,-2.764864e-10
111.77,0.0,138.313756301085,2.895831e-09
111.77,0.0,138.31334441064996,5.587935e-09
111.77,0.0,138.31294831954608,1.241278e-08
111.77,0.0,138.31252875277326,1.193257e-08
111.77,0.0,138.31211073609944,1.302396e-08
111.77,0.0,138.31166841016105,1.580338e-08
111.77,0.0,138.31123726097567,1.686567e-08
111.77,0.0,138.31085032475002,1.653098e-08
111.77,0.0,138.3104268546992,1.559965e-08
111.77,0.0,138.3099859910795,1.792796e-08
111.77,0.0,138.30958561655493,1.823355e-08
111.77,0.0,138.30916585380646,1.622539e-08
111.77,0.0,138.3087505631625,1.920853e-08
111.77,0.0,138.3083269439618,1.845183e-08
111.77,0.0,138.3079271715113,1.816079e-08
111.77,0.0,138.3075167418666,1.698209e-08
111.77,0.0,138.30708516509458,1.851004e-08
111.77,0.0,138.30667685548093,1.573062e-08
111.77,0.0,138.30625731661047,1.786975e-08
111.77,0.0,138.3058346815207,1.628359e-08
111.77,0.0,138.30541267072132,1.520675e-08
111.77,0.0,138.3049914686797,1.731678e-08
111.77,0.0,138.30459513099413,1.753506e-08
111.77,0.0,138.30415343024816,1.520675e-08
111.77,0.0,138.30373932860343,1.414446e-08
111.77,0.0,138.30331966026233,1.557055e-08
111.77,0.0,138.3028971759736,1.722947e-08
111.77,0.0,138.302476024442,1.603621e-08
111.77,0.0,138.30205035887568,1.497392e-08
111.77,0.0,138.30162877540488,1.318404e-08
111.77,0.0,138.3012092544204,1.287844e-08
111.77,0.0,138.30079399984257,1.612352e-08
111.77,0.0,138.30037658420764,1.316948e-08
111.77,0.0,138.29999045564568,1.343142e-08
111.77,0.0,138.29956028972924,1.51631e-08
111.77,0.0,138.29913055396128,1.442095e-08
111.77,0.0,138.29870248836355,1.091394e-08
111.77,0.0,138.2983120768794,1.452281e-08
111.77,0.0,138.29789011066293,1.577428e-08
111.77,0.0,138.29750904813864,1.148146e-08
111.77,0.0,138.29704003439213,1.458102e-08
111.77,0.0,138.2966336816943,1.466833e-08
111.77,0.0,138.29621606471684,1.050648e-08
111.77,0.0,138.29579387806868,1.183071e-08
111.77,0.0,138.2953849119202,1.396984e-08
111.77,0.0,138.29497490436466,1.366425e-08
111.77,0.0,138.29455436215247,1.190347e-08
111.77,0.0,138.29413605121863,1.116132e-08
111.77,0.0,138.29371314139652,1.095759e-08
111.77,0.0,138.29328989981678,1.263106e-08
111.77,0.0,138.29286929815743,1.340231e-08
111.77,0.0,138.29244602749083,1.031731e-08
111.77,0.0,138.29205313193427,1.298031e-08
111.77,0.0,138.29161695845207,1.29512e-08
111.77,0.0,138.29121381397164,1.056469e-08
111.77,0.0,138.2907552359171,1.235458e-08
111.77,0.0,138.29036865285374,1.193257e-08
111.77,0.0,138.28994767541485,1.311128e-08
111.77,0.0,138.28952513736073,9.822543e-09
111.77,0.0,138.28909072767934,1.027365e-08
111.77,0.0,138.2886866376941,1.087028e-08
111.77,0.0,138.2882725218053,1.210719e-08
111.77,0.0,138.28785962542446,1.315493e-08
111.77,0.0,138.2874428544934,9.429641e-09
111.77,0.0,138.28701973222903,1.097214e-08
111.77,0.0,138.28661723959394,1.193257e-08
111.77,0.0,138.28618100038358,1.071021e-08
111.77,0.0,138.285747303831,1.0652e-08
111.77,0.0,138.28536135926774,1.014268e-08
111.77,0.0,138.28492917685517,1.006993e-08
111.77,0.0,138.28453927684785,1.09867e-08
111.77,0.0,138.2841068393871,1.136505e-08
111.77,0.0,138.28367444810564,9.19681e-09
111.77,0.0,138.28323861705132,1.06229e-08
111.77,0.0,138.2828213474752,1.165608e-08
111.77,0.0,138.28242715876604,8.556526e-09
111.77,0.0,138.28200583176832,9.225914e-09
111.77,0.0,138.28158278984114,1.076842e-08
111.77,0.0,138.28114845592822,1.089938e-08
111.77,0.0,138.2807358020437,8.949428e-09
111.77,0.0,138.28030628226108,1.078297e-08
111.77,0.0,138.27989976108267,1.040462e-08
111.77,0.0,138.2795105075311,1.053559e-08
111.77,0.0,138.279083088757,9.662472e-09
111.77,0.0,138.27864912392786,8.672941e-09
111.77,0.0,138.27824739263798,1.091394e-08
111.77,0.0,138.27782379452168,9.109499e-09
111.77,0.0,138.27740300671056,1.041917e-08
111.77,0.0,138.27701585038588,9.95351e-09
111.77,0.0,138.2765817924668,1.105946e-08
111.77,0.0,138.27614676053102,1.10449e-08
111.77,0.0,138.27574346704395,8.745701e-09
111.77,0.0,138.2753192287367,9.837095e-09
111.77,0.0,138.27489821321979,1.199078e-08
111.77,0.0,138.27451455856792,1.06229e-08
111.77,0.0,138.27408073977602,7.887138e-09
111.77,0.0,138.27364449003954,8.978532e-09
111.77,0.0,138.2732426343342,1.089938e-08
111.77,0.0,138.2728169431115,9.793439e-09
111.77,0.0,138.27239581926855,7.057679e-09
111.77,0.0,138.27197718340264,1.031731e-08
111.77,0.0,138.27155690061244,1.012813e-08
111.77,0.0,138.27113293488864,1.09867e-08
111.77,0.0,138.27071563795448,1.020089e-08
111.77,0.0,138.27028637724274,7.261406e-09
111.77,0.0,138.2698930712853,1.136505e-08
111.77,0.0,138.2694742835129,6.984919e-09
111.77,0.0,138.2690497073478,1.02882e-08
111.77,0.0,138.26861793273312,1.027365e-08
111.77,0.0,138.26822654142464,1.044828e-08
111.77,0.0,138.26780021671573,7.82893e-09
111.77,0.0,138.26738172868184,7.406925e-09
111.77,0.0,138.26696176401313,1.081207e-08
111.77,0.0,138.2665347076966,7.406925e-09
111.77,0.0,138.2661486522217,9.240466e-09
111.77,0.0,138.26572165471845,1.009903e-08
111.77,0.0,138.26529504002482,8.396455e-09
111.77,0.0,138.2648745393826,8.58563e-09
111.77,0.0,138.2644492237882,9.094947e-09
111.77,0.0,138.26402952375474,9.895302e-09
111.77,0.0,138.26363888344616,7.727067e-09
111.77,0.0,138.2632071550291,9.749783e-09
111.77,0.0,138.2627814478857,9.240466e-09
111.77,0.0,138.26236058198626,8.876668e-09
111.77,0.0,138.26195165343822,8.163624e-09
111.77,0.0,138.26153305359185,7.29051e-09
111.77,0.0,138.26110319105572,1.012813e-08
111.77,0.0,138.26067042805138,9.735231e-09
111.77,0.0,138.26023841540845,7.319613e-09
111.77,0.0,138.25984517694448,9.735231e-09
111.77,0.0,138.25943795340285,9.211362e-09
111.77,0.0,138.2590156370489,8.163624e-09
111.77,0.0,138.25858270882543,7.639755e-09
111.77,0.0,138.2581868520413,9.531504e-09
111.77,0.0,138.25775350380286,9.764335e-09
111.77,0.0,138.25733205194442,6.650225e-09
111.77,0.0,138.25695315521043,8.65839e-09
111.77,0.0,138.2565303486287,8.89122e-09
111.77,0.0,138.25608893328015,7.945346e-09
111.77,0.0,138.25566852816775,9.284122e-09
111.77,0.0,138.25527369539154,7.858034e-09
111.77,0.0,138.25485225879405,9.677024e-09
111.77,0.0,138.25443194842674,6.737537e-09
111.77,0.0,138.2540163234769,8.20728e-09
111.77,0.0,138.25358493465657,9.225914e-09
111.77,0.0,138.25318136409345,8.745701e-09
111.77,0.0,138.25275943035697,8.774805e-09
111.77,0.0,138.2523397085541,7.97445e-09
111.77,0.0,138.25191605535338,8.163624e-09
111.77,0.0,138.2514950379853,8.396455e-09
111.77,0.0,138.2510751114801,9.57516e-09
111.77,0.0,138.25067052431447,8.51287e-09
111.77,0.0,138.25023707244378,7.101335e-09
111.77,0.0,138.2498111183605,1.041917e-08
111.77,0.0,138.24940585880898,6.926712e-09
111.77,0.0,138.249008261035,1.006993e-08
111.77,0.0,138.24857322429474,8.702045e-09
111.77,0.0,138.24813088881066,7.863855e-08
111.77,0.0,138.24774551500772,6.261689e-08
111.77,0.0,138.24732044399397,6.092887e-08
111.77,0.0,138.24690367940744,1.175358e-07
111.77,0.0,138.24648318252662,2.22426e-07
111.77,0.0,138.2460533193109,1.583976e-07
111.77,0.0,138.24565831482963,1.560838e-07
111.77,0.0,138.24522599983825,1.161534e-07
111.77,0.0,138.24479970212002,1.029257e-07
111.77,0.0,138.24439640895346,8.803909e-08
111.77,0.0,138.24400152802352,1.939334e-07
111.77,0.0,138.2435682651959,2.003508e-07
111.77,0.0,138.24312677574287,1.215667e-07
111.77,0.0,138.24270834477662,2.196612e-07
111.77,0.0,138.24227999638427,2.956804e-07
111.77,0.0,138.2418572767997,3.299647e-07
111.77,0.0,138.24144335982453,2.702727e-07
111.77,0.0,138.24105190590583,3.08879e-07
111.77,0.0,138.24062717996532,2.755551e-07
111.77,0.0,138.24019489053413,4.14977e-07
111.77,0.0,138.239766217533,6.279442e-07
111.77,0.0,138.23937072196009,5.620968e-07
111.77,0.0,138.2389679819431,6.918999e-07
111.77,0.0,138.23854247634492,7.353956e-07
111.77,0.0,138.23811038794273,8.274947e-07
111.77,0.0,138.237688415096,8.989009e-07
111.77,0.0,138.23729051571874,9.093783e-07
111.77,0.0,138.23687101131748,8.07544e-07
111.77,0.0,138.23644694096555,8.879288e-07
111.77,0.0,138.23605290516437,8.484349e-07
111.77,0.0,138.23563055984704,8.606148e-07
111.77,0.0,138.23519871454775,9.515497e-07
111.77,0.0,138.23475200760478,7.896451e-07
111.77,0.0,138.2343737756197,9.743089e-07
111.77,0.0,138.23397274206584,8.213538e-07
111.77,0.0,138.23354369985137,8.922798e-07
111.77,0.0,138.23310816365955,1.019798e-06
111.77,0.0,138.23267103349878,8.533825e-07
111.77,0.0,138.2322660808498,1.074732e-06
111.77,0.0,138.23184768200258,1.004038e-06
111.77,0.0,138.23142049540547,1.043722e-06
111.77,0.0,138.23103549025572,1.155524e-06
111.77,0.0,138.23060411298178,9.47126e-07
111.77,0.0,138.23016773685538,1.129069e-06
111.77,0.0,138.22976881591765,9.886135e-07
111.77,0.0,138.22935643655737,1.175023e-06
111.77,0.0,138.2289376963015,1.378197e-06
111.77,0.0,138.22851792386749,1.157925e-06
111.77,0.0,138.22808260186292,1.424458e-06
111.77,0.0,138.227686820301,1.372537e-06
111.77,0.0,138.22726069900935,1.331413e-06
111.77,0.0,138.22684232519907,1.273031e-06
111.77,0.0,138.2264259499087,1.170411e-06
111.77,0.0,138.2260060516414,1.287422e-06
111.77,0.0,138.2255963245895,1.250926e-06
111.77,0.0,138.22517620133283,1.18473e-06
111.77,0.0,138.22474344722468,1.10954e-06
111.77,0.0,138.22432063367816,1.076623e-06
111.77,0.0,138.2239155872382,9.498617e-07
111.77,0.0,138.22352218274312,1.027278e-06
111.77,0.0,138.22309083492874,9.520882e-07
111.77,0.0,138.22266009986836,1.015214e-06
111.77,0.0,138.22222967074526,9.584473e-07
111.77,0.0,138.22180346592532,9.580399e-07
111.77,0.0,138.2213863999737,1.213819e-06
111.77,0.0,138.22097098699132,9.44885e-07
111.77,0.0,138.22057445264332,1.247434e-06
111.77,0.0,138.22014486473034,1.241584e-06
111.77,0.0,138.21971318803003,1.053078e-06
111.77,0.0,138.2192930151697,1.312335e-06
111.77,0.0,138.21887554672438,1.101667e-06
111.77,0.0,138.2185056714915,1.056382e-06
111.77,0.0,138.21807107348735,1.164561e-06
111.77,0.0,138.21763673241625,9.058858e-07
111.77,0.0,138.21724038232702,1.097593e-06
111.77,0.0,138.2168195423905,1.150416e-06
111.77,0.0,138.2164018439741,1.145192e-06
111.77,0.0,138.2159906534117,1.08259e-06
111.77,0.0,138.21558053491626,1.150547e-06
111.77,0.0,138.21515368312174,1.14966e-06
111.77,0.0,138.214710237941,1.038381e-06
111.77,0.0,138.2142957374864,1.075066e-06
111.77,0.0,138.21387472158023,9.56803e-07
111.77,0.0,138.21350179126745,1.153676e-06
111.77,0.0,138.21306912579237,1.002059e-06
111.77,0.0,138.2126441917181,9.540527e-07
111.77,0.0,138.2122155268107,1.076012e-06
111.77,0.0,138.21178894782594,8.719799e-07
111.77,0.0,138.21135520860838,8.926145e-07
111.77,0.0,138.21094571914287,9.723153e-07
111.77,0.0,138.21050468062126,8.39791e-07
111.77,0.0,138.21013162190476,1.036344e-06
111.77,0.0,138.2096986387178,8.17774e-07
111.77,0.0,138.20926616272138,7.598719e-07
111.77,0.0,138.20887057627255,1.000881e-06
111.77,0.0,138.20846869621505,8.442876e-07
111.77,0.0,138.20804574688944,9.360228e-07
111.77,0.0,138.20761289554162,8.998613e-07
111.77,0.0,138.20718027617116,7.753115e-07
111.77,0.0,138.2067865790371,9.409559e-07
111.77,0.0,138.2063574083289,7.934141e-07
111.77,0.0,138.20594747770974,7.256021e-07
111.77,0.0,138.2055031085091,8.170755e-07
111.77,0.0,138.20509463742627,7.664203e-07
111.77,0.0,138.20466949672786,8.370407e-07
111.77,0.0,138.20427918992434,8.149946e-07
111.77,0.0,138.2038584836786,7.496565e-07
111.77,0.0,138.20344399198382,7.005583e-07
111.77,0.0,138.20301950486112,7.194321e-07
111.77,0.0,138.20258721977262,6.897317e-07
111.77,0.0,138.20215357430553,7.091876e-07
111.77,0.0,138.2017581692915,7.182243e-07
111.77,0.0,138.20131907443994,6.032787e-07
111.77,0.0,138.20091291642603,6.736664e-07
111.77,0.0,138.20049178639604,6.197079e-07
111.77,0.0,138.20007280354778,5.959737e-07
111.77,0.0,138.19966958700684,6.128394e-07
111.77,0.0,138.19923587607798,5.562761e-07
111.77,0.0,138.19881189720104,6.856426e-07
111.77,0.0,138.19840943025307,6.697665e-07
111.77,0.0,138.1980133216097,6.458285e-07
111.77,0.0,138.1975783030742,6.415066e-07
111.77,0.0,138.19715067006467,5.992624e-07
111.77,0.0,138.1967575999017,6.708724e-07
111.77,0.0,138.19633526198155,6.541231e-07
111.77,0.0,138.19591284082605,6.07557e-07
111.77,0.0,138.19549184014875,7.18006e-07
111.77,0.0,138.19509480779374,6.104237e-07
111.77,0.0,138.19466309445178,6.81699e-07
111.77,0.0,138.1942319511905,6.815535e-07
111.77,0.0,138.1938038100885,6.334594e-07
111.77,0.0,138.19342879949446,6.985065e-07
111.77,0.0,138.19300997311777,6.306218e-07
111.77,0.0,138.19257464643178,6.689224e-07
111.77,0.0,138.19213560137285,6.979972e-07
111.77,0.0,138.19171434500134,6.441842e-07
111.77,0.0,138.19128724182488,6.546907e-07
111.77,0.0,138.1908764991631,6.765913e-07
111.77,0.0,138.19046559423663,6.238697e-07
111.77,0.0,138.19007301334227,6.799382e-07
111.77,0.0,138.18963902200542,6.645132e-07
111.77,0.0,138.1892103078121,6.098417e-07
111.77,0.0,138.188781823319,6.964838e-07
111.77,0.0,138.18840433548974,5.946349e-07
111.77,0.0,138.18797942511483,6.852642e-07
111.77,0.0,138.1875380030428,6.446062e-07
111.77,0.0,138.1871355366787,6.597256e-07
111.77,0.0,138.1867144698236,7.361232e-07
111.77,0.0,138.18628836120703,6.569608e-07
111.77,0.0,138.18587288912698,7.68021e-07
111.77,0.0,138.18546221307832,7.650815e-07
111.77,0.0,138.185067964351,7.425551e-07
111.77,0.0,138.18463283671738,8.079369e-07
111.77,0.0,138.18419771979828,7.484632e-07
111.77,0.0,138.18376834506148,8.266652e-07
111.77,0.0,138.18337188057853,7.589697e-07
111.77,0.0,138.18297420127965,7.434137e-07
111.77,0.0,138.18254831303165,6.761547e-07
111.77,0.0,138.1821117126769,7.351191e-07
111.77,0.0,138.18168898558488,7.419731e-07
111.77,0.0,138.18125539696615,7.901981e-07
111.77,0.0,138.18083586988158,9.923388e-07
111.77,0.0,138.18043033485844,9.293726e-07
111.77,0.0,138.18003755646814,8.484203e-07
111.77,0.0,138.1796070311679,8.223869e-07
111.77,0.0,138.17917464992686,9.533687e-07
111.77,0.0,138.17874149638305,9.838404e-07
111.77,0.0,138.17835781390664,1.045511e-06
111.77,0.0,138.17794853985362,8.11182e-07
111.77,0.0,138.17752365852158,9.808427e-07
111.77,0.0,138.17710246862575,1.13147e-06
111.77,0.0,138.17669210390164,7.778872e-07
111.77,0.0,138.17625700254678,7.82602e-07
111.77,0.0,138.17583536003954,1.051769e-06
111.77,0.0,138.17546125401063,1.085573e-06
111.77,0.0,138.17503401353827,7.357448e-07
111.77,0.0,138.1745987352166,9.77554e-07
111.77,0.0,138.17415804597312,1.193548e-06
111.77,0.0,138.173741254677,7.27232e-07
111.77,0.0,138.17336193302665,9.385985e-07
111.77,0.0,138.1729466178646,1.182998e-06
111.77,0.0,138.1725254371343,6.864429e-07
111.77,0.0,138.17209331221196,6.904011e-07
111.77,0.0,138.171658659131,7.667841e-07
111.77,0.0,138.17122534669818,7.679337e-07
111.77,0.0,138.1708302639158,7.764756e-07
111.77,0.0,138.17042007692973,7.793715e-07
111.77,0.0,138.16999940225233,6.902992e-07
111.77,0.0,138.16956939911998,7.179624e-07
111.77,0.0,138.16916233845674,6.789778e-07
111.77,0.0,138.16874172964344,7.34537e-07
111.77,0.0,138.1683135662191,7.024937e-07
111.77,0.0,138.16791030849402,7.255003e-07
111.77,0.0,138.1674894554986,6.961636e-07
111.77,0.0,138.16706401040557,7.371418e-07
111.77,0.0,138.16667182970951,7.081399e-07
111.77,0.0,138.16624114543617,7.183553e-07
111.77,0.0,138.1658273070806,6.781047e-07
111.77,0.0,138.1654118831225,6.965711e-07
111.77,0.0,138.16499369058639,7.113704e-07
111.77,0.0,138.16456287172753,7.442723e-07
111.77,0.0,138.16416787094974,6.617629e-07
111.77,0.0,138.1637366063741,6.680348e-07
111.77,0.0,138.16330833972492,7.135823e-07
111.77,0.0,138.16290675350803,7.509661e-07
111.77,0.0,138.16249135347678,7.59348e-07
111.77,0.0,138.1620637945159,7.547642e-07
111.77,0.0,138.1616376306598,7.025083e-07
111.77,0.0,138.1612073896298,7.142371e-07
111.77,0.0,138.16077997385113,7.27523e-07
111.77,0.0,138.16035804429933,7.323688e-07
111.77,0.0,138.15998159908543,6.717892e-07
111.77,0.0,138.15955497953834,7.379858e-07
111.77,0.0,138.15912060223607,6.860646e-07
111.77,0.0,138.15868631711174,6.908522e-07
111.77,0.0,138.15829154705173,6.482005e-07
111.77,0.0,138.15787789554784,6.834161e-07
111.77,0.0,138.1574597232985,6.497285e-07
111.77,0.0,138.1570340796645,6.415503e-07
111.77,0.0,138.15660992885896,6.688351e-07
111.77,0.0,138.1562107077328,6.469636e-07
111.77,0.0,138.15576534021272,7.022609e-07
111.77,0.0,138.1553639109465,6.763439e-07
111.77,0.0,138.15495309860123,6.933406e-07
111.77,0.0,138.15456289603432,6.692862e-07
111.77,0.0,138.15411864165432,6.90663e-07
111.77,0.0,138.15369549990103,6.500049e-07
111.77,0.0,138.15326828601653,6.550254e-07
111.77,0.0,138.15284805207978,6.573537e-07
111.77,0.0,138.15243821116584,6.490882e-07
111.77,0.0,138.15204166980175,6.363698e-07
111.77,0.0,138.15159968632184,5.75179e-07
111.77,0.0,138.15117275661657,6.007467e-07
111.77,0.0,138.15077718382386,6.596383e-07
111.77,0.0,138.15035724562964,6.822229e-07
111.77,0.0,138.1499396334374,7.288181e-07
111.77,0.0,138.14952216204537,7.702765e-07
111.77,0.0,138.14909161190613,7.869385e-07
111.77,0.0,138.14867137602906,1.017703e-06
111.77,0.0,138.14826195943786,1.050226e-06
111.77,0.0,138.14784383762927,8.900679e-07
111.77,0.0,138.14742150784235,8.738571e-07
111.77,0.0,138.1470039036818,1.016451e-06
111.77,0.0,138.14659922161053,1.127904e-06
111.77,0.0,138.14617816783516,8.227216e-07
111.77,0.0,138.14574488728402,6.552291e-07
111.77,0.0,138.1453492334511,6.848568e-07
111.77,0.0,138.14494280352025,7.296039e-07
111.77,0.0,138.14451882653253,7.411727e-07
111.77,0.0,138.14408700987335,7.663184e-07
111.77,0.0,138.1436376251422,6.998744e-07
111.77,0.0,138.14322387035537,6.782211e-07
111.77,0.0,138.14283363744974,6.728369e-07
111.77,0.0,138.1424026725128,7.463968e-07
111.77,0.0,138.1420073620773,7.568597e-07
111.77,0.0,138.1415732900666,7.744966e-07
111.77,0.0,138.141136238847,7.944036e-07
111.77,0.0,138.14071682742784,7.617928e-07
111.77,0.0,138.14029479033732,8.056231e-07
111.77,0.0,138.13989101026777,7.660274e-07
111.77,0.0,138.13946849334354,7.734052e-07
111.77,0.0,138.1390734309965,7.728668e-07
111.77,0.0,138.13864983504325,7.644412e-07
111.77,0.0,138.1382177301594,7.799827e-07
111.77,0.0,138.13779387298953,7.85134e-07
111.77,0.0,138.13739582540472,7.943017e-07
111.77,0.0,138.13700724039515,7.600174e-07
111.77,0.0,138.13657627038094,7.642375e-07
111.77,0.0,138.13613378306522,7.17715e-07
111.77,0.0,138.13571088657434,7.428316e-07
111.77,0.0,138.13530265358446,7.514609e-07
111.77,0.0,138.13490882484095,7.319177e-07
111.77,0.0,138.13449107671354,7.18399e-07
111.77,0.0,138.13405966702356,7.047202e-07
111.77,0.0,138.1336256891893,7.198396e-07
111.77,0.0,138.13323273613855,6.763439e-07
111.77,0.0,138.13280712842723,7.020717e-07
111.77,0.0,138.13237399320977,7.465278e-07
111.77,0.0,138.1319551093533,7.433991e-07
111.77,0.0,138.131545111148,7.49933e-07
111.77,0.0,138.13111478932848,7.377821e-07
111.77,0.0,138.13068908748457,6.983901e-07
111.77,0.0,138.13028006139828,7.057242e-07
111.77,0.0,138.12984936024202,8.120114e-07
111.77,0.0,138.129451931304,1.021559e-06
111.77,0.0,138.1290502027198,1.134249e-06
111.77,0.0,138.1286066707451,1.391803e-06
111.77,0.0,138.12819600832023,1.438821e-06
111.77,0.0,138.12775266123313,1.350636e-06
111.77,0.0,138.12735886311214,1.476481e-06
111.77,0.0,138.1269496996467,1.573688e-06
111.77,0.0,138.1265244732224,1.578053e-06
111.77,0.0,138.12611444299512,1.629785e-06
111.77,0.0,138.12569438084873,1.629916e-06
111.77,0.0,138.12525978286573,1.558088e-06
111.77,0.0,138.1248641971735,1.414737e-06
111.77,0.0,138.1244324412216,1.410852e-06
111.77,0.0,138.12403725269021,1.49972e-06
111.77,0.0,138.12359326640416,1.506327e-06
111.77,0.0,138.1231788671109,1.535285e-06
111.77,0.0,138.12274816344296,1.584354e-06
111.77,0.0,138.12231965989926,1.490698e-06
111.77,0.0,138.12191137533267,1.495529e-06
111.77,0.0,138.1215157997289,1.507171e-06
111.77,0.0,138.12107178804567,1.536857e-06
111.77,0.0,138.12066181741292,1.592387e-06
111.77,0.0,138.1202504195628,1.624416e-06
111.77,0.0,138.1198168149381,1.487802e-06
111.77,0.0,138.11942095896038,1.344044e-06
111.77,0.0,138.11898979190838,1.303924e-06
111.77,0.0,138.11858165636147,1.248423e-06
111.77,0.0,138.11815831387048,1.294597e-06
111.77,0.0,138.11772909593364,1.244189e-06
111.77,0.0,138.1173276745061,1.202468e-06
111.77,0.0,138.1168978443907,1.137581e-06
111.77,0.0,138.1165041221309,1.139982e-06
111.77,0.0,138.11607524622627,1.216191e-06
111.77,0.0,138.11565740399757,1.281413e-06
111.77,0.0,138.1152440336763,1.404449e-06
111.77,0.0,138.11480782319936,1.401364e-06
111.77,0.0,138.11441244773135,1.390392e-06
111.77,0.0,138.11401646089064,1.329245e-06
111.77,0.0,138.1135724504159,1.297885e-06
111.77,0.0,138.113151097431,1.280583e-06
111.77,0.0,138.11272562969023,1.230233e-06
111.77,0.0,138.1122954874987,1.286462e-06
111.77,0.0,138.11189067043443,1.381064e-06
111.77,0.0,138.11146725765656,1.389257e-06
111.77,0.0,138.11106618768318,1.488443e-06
111.77,0.0,138.11064161944722,1.511304e-06
111.77,0.0,138.11021257166607,1.363354e-06
111.77,0.0,138.10980923255252,1.125649e-06
111.77,0.0,138.1093659171144,1.079796e-06
111.77,0.0,138.10898653496096,1.062173e-06
111.77,0.0,138.1085543896043,1.282649e-06
111.77,0.0,138.1081382814542,1.370092e-06
111.77,0.0,138.10769821799087,1.506836e-06
111.77,0.0,138.10729229010525,1.484223e-06
111.77,0.0,138.10687599322398,1.388456e-06
111.77,0.0,138.1064627193298,1.449283e-06
111.77,0.0,138.1060591438236,1.510154e-06
111.77,0.0,138.10563088281762,1.620705e-06
111.77,0.0,138.10520267935703,1.642722e-06
111.77,0.0,138.10479904667196,1.394117e-06
111.77,0.0,138.10436470914655,1.563109e-06
111.77,0.0,138.1039752017998,1.462031e-06
111.77,0.0,138.10354314181237,1.558248e-06
111.77,0.0,138.10310886758157,1.496286e-06
111.77,0.0,138.10268813831857,1.355293e-06
111.77,0.0,138.10228167567485,1.297944e-06
111.77,0.0,138.10184806787709,1.258624e-06
111.77,0.0,138.10145118830937,1.382054e-06
111.77,0.0,138.10101610977748,1.526234e-06
111.77,0.0,138.10060757114928,1.443725e-06
111.77,0.0,138.10016523228097,1.386114e-06
111.77,0.0,138.09975639396887,1.288587e-06
111.77,0.0,138.0993615331583,1.400898e-06
111.77,0.0,138.09893211359991,1.274107e-06
111.77,0.0,138.0985082706624,1.292879e-06
111.77,0.0,138.09809423306498,1.172753e-06
111.77,0.0,138.09768311663248,1.242952e-06
111.77,0.0,138.09724991297247,1.46564e-06
111.77,0.0,138.0968546415478,1.535867e-06
111.77,0.0,138.09644760294745,1.443637e-06
111.77,0.0,138.09601964223745,1.440436e-06
111.77,0.0,138.09561002977256,1.508452e-06
111.77,0.0,138.09516785859014,1.625725e-06
111.77,0.0,138.0947540278615,1.47715e-06
111.77,0.0,138.0943410765434,1.419743e-06
111.77,0.0,138.09393161213896,1.457767e-06
111.77,0.0,138.09353153056693,1.478984e-06
111.77,0.0,138.0930868305443,1.467852e-06
111.77,0.0,138.09266526225517,1.425928e-06
111.77,0.0,138.09225092606476,1.416163e-06
111.77,0.0,138.09181684688963,1.479304e-06
111.77,0.0,138.09142381925884,1.544162e-06
111.77,0.0,138.0909928881115,1.569439e-06
111.77,0.0,138.09058574734902,1.636334e-06
111.77,0.0,138.09016306788308,1.451452e-06
111.77,0.0,138.08973084125805,1.328095e-06
111.77,0.0,138.08933462670555,1.215245e-06
111.77,0.0,138.08890161263344,1.26884e-06
111.77,0.0,138.0885060528001,1.122724e-06
111.77,0.0,138.08807298640414,1.026187e-06
111.77,0.0,138.08765643876546,9.011274e-07
111.77,0.0,138.08724554154148,9.697687e-07
111.77,0.0,138.08681556914848,9.958312e-07
111.77,0.0,138.0864184226284,1.125532e-06
111.77,0.0,138.08598496496603,1.073087e-06
111.77,0.0,138.0855772546491,1.019231e-06
111.77,0.0,138.0851534997059,8.873758e-07
111.77,0.0,138.08472384093895,9.713985e-07
111.77,0.0,138.0843252515913,9.585347e-07
111.77,0.0,138.08389168665877,9.509677e-07
111.77,0.0,138.08349460444697,9.423675e-07
111.77,0.0,138.0830563457184,9.971991e-07
111.77,0.0,138.08263288568614,9.873183e-07
111.77,0.0,138.0822057668081,9.255164e-07
111.77,0.0,138.08176475177783,8.923089e-07
111.77,0.0,138.08136888644697,8.873321e-07
111.77,0.0,138.0809718717533,8.664501e-07
111.77,0.0,138.0805338878751,8.890493e-07
111.77,0.0,138.08012271807777,9.826908e-07
111.77,0.0,138.07969834378568,8.694042e-07
111.77,0.0,138.07928012090963,9.261566e-07
111.77,0.0,138.0788673942281,9.334763e-07
111.77,0.0,138.0784578238614,9.623764e-07
111.77,0.0,138.0780539447668,8.948118e-07
111.77,0.0,138.077612583991,1.027103e-06
111.77,0.0,138.07720117208478,9.354408e-07
111.77,0.0,138.0767966278887,9.946525e-07
111.77,0.0,138.07636585039012,9.772775e-07
111.77,0.0,138.07597073234567,1.029563e-06
111.77,0.0,138.0755345428833,1.053661e-06
111.77,0.0,138.07512163491853,1.066917e-06
111.77,0.0,138.07470510865983,1.004446e-06
111.77,0.0,138.07427149199788,1.028049e-06
111.77,0.0,138.0738768907411,1.033302e-06
111.77,0.0,138.07344150133582,9.487412e-07
111.77,0.0,138.07304458610452,9.350479e-07
111.77,0.0,138.07260653376974,9.961077e-07
111.77,0.0,138.07218679820602,9.439245e-07
111.77,0.0,138.07175232086823,1.207358e-06
111.77,0.0,138.07135618257786,1.655702e-06
111.77,0.0,138.0709219793209,1.547727e-06
111.77,0.0,138.07052577168466,1.089153e-06
111.77,0.0,138.0700942603398,9.729265e-07
111.77,0.0,138.0696740167486,1.042135e-06
111.77,0.0,138.06926440201136,9.864016e-07
111.77,0.0,138.068826452445,1.091059e-06
111.77,0.0,138.06843142225412,9.930664e-07
111.77,0.0,138.06803185958847,1.074543e-06
111.77,0.0,138.06758247174835,1.019798e-06
111.77,0.0,138.06717134218718,1.027583e-06
111.77,0.0,138.06674233397862,1.019318e-06
111.77,0.0,138.06634827488708,1.067994e-06
111.77,0.0,138.06591569816118,1.011562e-06
111.77,0.0,138.0655186232924,1.071036e-06
111.77,0.0,138.06508420249386,1.088774e-06
111.77,0.0,138.06466557459385,1.031833e-06
111.77,0.0,138.064254703659,1.045963e-06
111.77,0.0,138.06381645350032,1.033637e-06
111.77,0.0,138.06341987403007,1.047723e-06
111.77,0.0,138.06299243242265,1.001128e-06
111.77,0.0,138.0625602522105,1.001579e-06
111.77,0.0,138.06214449363432,1.075445e-06
111.77,0.0,138.0617324730821,1.071079e-06
111.77,0.0,138.06128994378926,1.029475e-06
111.77,0.0,138.06090257296873,1.043882e-06
111.77,0.0,138.06045855999605,1.205204e-06
111.77,0.0,138.0600681400136,1.18748e-06
111.77,0.0,138.05962584215396,1.167238e-06
111.77,0.0,138.05921486092376,9.878859e-07
111.77,0.0,138.05881060776247,9.550713e-07
111.77,0.0,138.05837447648338,1.074091e-06
111.77,0.0,138.05797944117725,1.175402e-06
111.77,0.0,138.05757613289413,1.260007e-06
111.77,0.0,138.0571362683345,1.255408e-06
111.77,0.0,138.0567252517406,1.230859e-06
111.77,0.0,138.05630905246514,1.269e-06
111.77,0.0,138.05588893052268,1.335284e-06
111.77,0.0,138.05549237061854,1.324661e-06
111.77,0.0,138.05506125789123,1.272289e-06
111.77,0.0,138.0546436610079,1.283115e-06
111.77,0.0,138.05423226377383,1.376611e-06
111.77,0.0,138.05380246565588,1.405904e-06
111.77,0.0,138.05340534380468,1.409382e-06
111.77,0.0,138.05298756119853,1.428692e-06
111.77,0.0,138.0525528675758,1.329783e-06
111.77,0.0,138.05212507029034,1.426655e-06
111.77,0.0,138.05169912996197,1.411361e-06
111.77,0.0,138.05129410275902,1.337758e-06
111.77,0.0,138.05086024452896,1.373206e-06
111.77,0.0,138.05044999669263,1.398977e-06
111.77,0.0,138.0500331622931,1.33834e-06
111.77,0.0,138.0496227653137,1.372347e-06
111.77,0.0,138.0492088175333,1.289402e-06
111.77,0.0,138.0487802234164,1.375796e-06
111.77,0.0,138.04836160413535,1.298686e-06
111.77,0.0,138.04794890670607,1.469409e-06
111.77,0.0,138.04754885044863,1.325418e-06
111.77,0.0,138.04710893130516,1.186621e-06
111.77,0.0,138.04669893973738,1.421358e-06
111.77,0.0,138.04624538579148,1.69556e-06
111.77,0.0,138.04585953324082,2.108893e-06
111.77,0.0,138.04545868866686,2.399291e-06
111.77,0.0,138.04502980416515,2.760746e-06
111.77,0.0,138.04461347246874,2.980189e-06
111.77,0.0,138.04417140909348,3.091278e-06
111.77,0.0,138.04376854682715,3.093155e-06
111.77,0.0,138.04333359275182,3.204477e-06
111.77,0.0,138.0429362827884,3.215348e-06
111.77,0.0,138.04250033335603,3.37098e-06
111.77,0.0,138.04209256540338,3.507012e-06
111.77,0.0,138.04167191789617,3.415262e-06
111.77,0.0,138.0412416069728,3.245281e-06
111.77,0.0,138.04081423663868,2.715766e-06
111.77,0.0,138.04040820911075,2.015498e-06
111.77,0.0,138.04001248220888,1.556313e-06
111.77,0.0,138.0395777140792,1.41999e-06
111.77,0.0,138.03915599360244,1.470034e-06
111.77,0.0,138.0387487375297,1.529901e-06
111.77,0.0,138.03831584837334,1.50103e-06
111.77,0.0,138.03791941101593,1.620356e-06
111.77,0.0,138.03748613354125,1.535547e-06
111.77,0.0,138.03708140929442,1.652093e-06
111.77,0.0,138.03666039189918,1.554639e-06
111.77,0.0,138.03621850156347,1.743596e-06
111.77,0.0,138.03583240292804,1.668639e-06
111.77,0.0,138.03542252546853,1.649474e-06
111.77,0.0,138.03499965137252,1.553737e-06
111.77,0.0,138.03458920326833,1.505992e-06
111.77,0.0,138.03416592085847,1.476612e-06
111.77,0.0,138.0337370616847,1.496897e-06
111.77,0.0,138.03331674099965,1.489476e-06
111.77,0.0,138.03291388104614,1.515233e-06
111.77,0.0,138.03248059213556,1.536886e-06
111.77,0.0,138.03207401208803,1.543609e-06
111.77,0.0,138.03165048692748,1.455279e-06
111.77,0.0,138.0312092070834,1.491877e-06
111.77,0.0,138.03078893454386,1.471708e-06
111.77,0.0,138.0303898167379,1.40768e-06
111.77,0.0,138.02999382292876,1.439199e-06
111.77,0.0,138.02955446107012,1.473221e-06
111.77,0.0,138.02914485172766,1.452412e-06
111.77,0.0,138.02870443174046,1.586493e-06
111.77,0.0,138.02830135461622,1.5806e-06
111.77,0.0,138.0278613223158,1.58578e-06
111.77,0.0,138.02747135161434,1.454551e-06
111.77,0.0,138.02706795950175,1.470922e-06
111.77,0.0,138.0266239724184,1.454187e-06
111.77,0.0,138.02620161599447,1.506749e-06
111.77,0.0,138.02577837127015,1.547975e-06
111.77,0.0,138.02537889306765,1.54812e-06
111.77,0.0,138.02497863785734,1.488675e-06
111.77,0.0,138.02454562286877,1.532695e-06
111.77,0.0,138.02413824446575,1.566252e-06
111.77,0.0,138.0236975046864,1.615495e-06
111.77,0.0,138.02329294801189,1.591165e-06
111.77,0.0,138.02286028258754,1.634384e-06
111.77,0.0,138.0224269404204,1.553257e-06
111.77,0.0,138.0220261593228,1.609529e-06
111.77,0.0,138.02161695246195,1.61925e-06
111.77,0.0,138.02117344757477,1.699664e-06
111.77,0.0,138.02076400899185,1.63143e-06
111.77,0.0,138.02033794797265,1.715845e-06
111.77,0.0,138.0199381782817,1.780951e-06
111.77,0.0,138.01953753347132,1.714696e-06
111.77,0.0,138.01909366868117,1.797569e-06
111.77,0.0,138.01868641391638,1.761204e-06
111.77,0.0,138.01824357649755,1.840308e-06
111.77,0.0,138.01784521058957,1.889028e-06
111.77,0.0,138.0174517633198,1.830951e-06
111.77,0.0,138.0170010601226,1.809633e-06
111.77,0.0,138.01661147040699,1.648237e-06
111.77,0.0,138.0161943974928,1.75499e-06
111.77,0.0,138.0157597486239,1.700944e-06
111.77,0.0,138.01536484917065,1.741544e-06
111.77,0.0,138.01493302477206,1.651482e-06
111.77,0.0,138.01453318792653,1.656997e-06
111.77,0.0,138.0141042895707,1.607827e-06
111.77,0.0,138.01368144398594,1.726134e-06
111.77,0.0,138.01327399944495,1.710185e-06
111.77,0.0,138.01283850364123,1.765133e-06
111.77,0.0,138.01243109408102,1.697772e-06
111.77,0.0,138.01200806637092,1.539505e-06
111.77,0.0,138.01157677099758,1.534863e-06
111.77,0.0,138.01115738608604,1.634282e-06
111.77,0.0,138.01074767983803,1.701585e-06
111.77,0.0,138.0103182208908,1.748936e-06
111.77,0.0,138.0099124683584,1.679073e-06
111.77,0.0,138.0094827798345,1.592474e-06
111.77,0.0,138.00907865878568,1.618639e-06
111.77,0.0,138.0086692023281,1.563691e-06
111.77,0.0,138.0082270210039,1.588545e-06
111.77,0.0,138.00782491465247,1.568158e-06
111.77,0.0,138.0073935875119,1.604421e-06
111.77,0.0,138.00699883123943,1.657478e-06
111.77,0.0,138.00656772553162,1.781882e-06
111.77,0.0,138.00614966863196,1.895925e-06
111.77,0.0,138.00573609426502,1.683977e-06
111.77,0.0,138.00530467560955,1.727254e-06
111.77,0.0,138.00491303894412,1.66618e-06
111.77,0.0,138.0044816943677,1.721084e-06
111.77,0.0,138.00407756400452,1.807261e-06
111.77,0.0,138.00363849231186,1.888431e-06
111.77,0.0,138.00322272388033,1.838169e-06
111.77,0.0,138.0027705863461,1.802793e-06
111.77,0.0,138.00239388797317,1.818378e-06
111.77,0.0,138.00196034676944,1.652967e-06
111.77,0.0,138.00156107271567,1.749155e-06
111.77,0.0,138.00111926526293,1.905937e-06
111.77,0.0,138.00070899498158,1.924593e-06
111.77,0.0,138.0002704957111,2.098401e-06
111.77,0.0,137.99987376966362,2.001732e-06
111.77,0.0,137.99944133681186,2.010522e-06
111.77,0.0,137.9990401335237,2.024244e-06
111.77,0.0,137.99863289569157,1.881213e-06
111.77,0.0,137.9981893759206,1.925277e-06
111.77,0.0,137.9977635165414,1.806155e-06
111.77,0.0,137.9973891576077,1.790919e-06
111.77,0.0,137.99693915736665,1.828303e-06
111.77,0.0,137.99655031909123,1.915148e-06
111.77,0.0,137.9961188998176,2.030079e-06
111.77,0.0,137.99570250914755,2.074419e-06
111.77,0.0,137.99529981950107,2.070417e-06
111.77,0.0,137.99486449604206,2.027125e-06
111.77,0.0,137.99446731772153,2.042565e-06
111.77,0.0,137.9940609389994,2.035886e-06
111.77,0.0,137.993618463956,2.173285e-06
111.77,0.0,137.99320337339586,2.207104e-06
111.77,0.0,137.99276734347382,2.239452e-06
111.77,0.0,137.9923692447666,2.213899e-06
111.77,0.0,137.99192700181322,2.038796e-06
111.77,0.0,137.99153766342585,2.297995e-06
111.77,0.0,137.9911038395886,2.362925e-06
111.77,0.0,137.99068309265883,2.485176e-06
111.77,0.0,137.99025372076775,2.422472e-06
111.77,0.0,137.989855486867,2.324319e-06
111.77,0.0,137.98942238487714,2.365399e-06
111.77,0.0,137.98902319856916,2.265573e-06
111.77,0.0,137.98858404351802,2.132045e-06
111.77,0.0,137.98817224342966,2.305242e-06
111.77,0.0,137.98774553377623,2.310902e-06
111.77,0.0,137.98732812496678,2.322908e-06
111.77,0.0,137.98693651527304,2.280765e-06
111.77,0.0,137.98650578022315,1.951805e-06
111.77,0.0,137.9860971867287,1.925859e-06
111.77,0.0,137.98567626203777,1.952722e-06
111.77,0.0,137.98524966402059,2.009183e-06
111.77,0.0,137.98485112823906,2.198169e-06
111.77,0.0,137.98441521424868,2.176879e-06
111.77,0.0,137.98401682084116,2.215907e-06
111.77,0.0,137.98358708756456,2.274945e-06
111.77,0.0,137.98316513794651,2.37707e-06
111.77,0.0,137.9827227172718,2.675777e-06
111.77,0.0,137.98232265304046,2.416666e-06
111.77,0.0,137.98188606484422,2.397588e-06
111.77,0.0,137.98148979949815,2.17896e-06
111.77,0.0,137.98105561618044,2.3639e-06
111.77,0.0,137.98063918536093,2.33484e-06
111.77,0.0,137.98022623736168,2.370289e-06
111.77,0.0,137.97979103830133,2.40255e-06
111.77,0.0,137.97939984569035,2.423243e-06
111.77,0.0,137.97896654407214,2.251676e-06
111.77,0.0,137.97856177430754,2.105793e-06
111.77,0.0,137.9781384320569,1.981738e-06
111.77,0.0,137.9776979862326,2.141373e-06
111.77,0.0,137.9773089044763,2.039684e-06
111.77,0.0,137.97691318751683,2.071509e-06
111.77,0.0,137.97647928931187,1.889508e-06
111.77,0.0,137.97606802419756,1.835899e-06
111.77,0.0,137.97565031780564,1.944165e-06
111.77,0.0,137.9752348151829,2.122033e-06
111.77,0.0,137.9748002954064,2.106157e-06
111.77,0.0,137.9744067415779,2.520464e-06
111.77,0.0,137.97397175025463,2.42742e-06
111.77,0.0,137.97357048466733,2.604473e-06
111.77,0.0,137.97314731189152,2.449728e-06
111.77,0.0,137.97271391158154,2.477726e-06
111.77,0.0,137.97228147886176,2.335059e-06
111.77,0.0,137.97188501933553,2.467918e-06
111.77,0.0,137.971451797032,2.429559e-06
111.77,0.0,137.97104932727956,2.377012e-06
111.77,0.0,137.97062087412795,2.268251e-06
111.77,0.0,137.97019610470932,2.133442e-06
111.77,0.0,137.96978993375114,2.265253e-06
111.77,0.0,137.96935774247456,2.180692e-06
111.77,0.0,137.96897035466614,2.318076e-06
111.77,0.0,137.9685359239219,2.29782e-06
111.77,0.0,137.96812059772108,2.229528e-06
111.77,0.0,137.96770493826892,2.23823e-06
111.77,0.0,137.9672695713193,2.121975e-06
111.77,0.0,137.9668702136259,2.081171e-06
111.77,0.0,137.966440452139,2.099245e-06
111.77,0.0,137.9660421988337,2.063709e-06
111.77,0.0,137.96561952636654,2.325804e-06
111.77,0.0,137.96519604093027,2.128872e-06
111.77,0.0,137.96479044150377,2.081884e-06
111.77,0.0,137.9643591123136,2.042216e-06
111.77,0.0,137.96395667404562,1.944543e-06
111.77,0.0,137.96352801722838,2.015207e-06
111.77,0.0,137.9630935833704,2.08104e-06
111.77,0.0,137.9626530093729,2.019209e-06
111.77,0.0,137.96226393875574,2.06448e-06
111.77,0.0,137.96181916007606,2.018816e-06
111.77,0.0,137.96142902492628,2.073895e-06
111.77,0.0,137.96099760226434,2.181041e-06
111.77,0.0,137.96058831859648,2.099245e-06
111.77,0.0,137.9601686406869,2.184213e-06
111.77,0.0,137.95973547550668,2.233661e-06
111.77,0.0,137.95933422827724,2.271714e-06
111.77,0.0,137.95892363109095,2.059227e-06
111.77,0.0,137.95850469591096,1.570559e-06
111.77,0.0,137.95809466052353,1.580382e-06
111.77,0.0,137.9576739326422,1.512744e-06
111.77,0.0,137.95724193262066,1.776323e-06
111.77,0.0,137.95684299934632,2.119748e-06
111.77,0.0,137.95642650263076,2.341243e-06
111.77,0.0,137.95601051656607,2.366141e-06
111.77,0.0,137.95560038506312,2.36764e-06
111.77,0.0,137.95515606873298,2.352128e-06
111.77,0.0,137.9547445407017,2.51914e-06
111.77,0.0,137.95434973847765,2.683431e-06
111.77,0.0,137.95391391500044,2.667352e-06
111.77,0.0,137.95351688590907,2.679721e-06
111.77,0.0,137.95307691296782,2.733825e-06
111.77,0.0,137.9526542441048,2.671935e-06
111.77,0.0,137.95222730762157,2.657776e-06
111.77,0.0,137.9518279812424,2.731147e-06
111.77,0.0,137.95138477323965,2.8582e-06
111.77,0.0,137.95099879987862,3.053676e-06
111.77,0.0,137.9505672280796,3.099878e-06
111.77,0.0,137.9501485616882,3.09723e-06
111.77,0.0,137.94973376666462,3.251e-06
111.77,0.0,137.94930398787255,3.110443e-06
111.77,0.0,137.94890912155654,3.07968e-06
111.77,0.0,137.94847695606137,3.059773e-06
111.77,0.0,137.9480718818121,3.26072e-06
111.77,0.0,137.9476218403839,3.351786e-06
111.77,0.0,137.94721744338398,3.152672e-06
111.77,0.0,137.94681368508384,3.306006e-06
111.77,0.0,137.9463841572099,3.357956e-06
111.77,0.0,137.94598472226437,3.301131e-06
111.77,0.0,137.94554903965718,3.252091e-06
111.77,0.0,137.94514135322143,3.222565e-06
111.77,0.0,137.94469990141818,3.156398e-06
111.77,0.0,137.9442944222193,3.115318e-06
111.77,0.0,137.94388051798788,3.048932e-06
111.77,0.0,137.94346782504132,3.229288e-06
111.77,0.0,137.94303174058453,3.183683e-06
111.77,0.0,137.9426229086966,3.24467e-06
111.77,0.0,137.9421824439893,3.234672e-06
111.77,0.0,137.9417805926363,3.087902e-06
111.77,0.0,137.94135131010017,3.127105e-06
111.77,0.0,137.94095567562854,2.985806e-06
111.77,0.0,137.94052274900605,2.971035e-06
111.77,0.0,137.9401153967108,2.913934e-06
111.77,0.0,137.93967292396323,2.839064e-06
111.77,0.0,137.93926428605317,2.870147e-06
111.77,0.0,137.93886743549112,2.841465e-06
111.77,0.0,137.93843401442746,2.958579e-06
111.77,0.0,137.93803931807798,3.266177e-06
111.77,0.0,137.93759886767083,3.161316e-06
111.77,0.0,137.9371914769697,3.370878e-06
111.77,0.0,137.9367857359908,3.41647e-06
111.77,0.0,137.9363448784807,3.532579e-06
111.77,0.0,137.93594956363174,3.654422e-06
111.77,0.0,137.93551780074765,3.547786e-06
111.77,0.0,137.93510737850823,3.536275e-06
111.77,0.0,137.93469812896058,3.416542e-06
111.77,0.0,137.9342545782126,2.900051e-06
111.77,0.0,137.93385845254264,1.599066e-06
111.77,0.0,137.93343117316286,1.540684e-06
111.77,0.0,137.93303461660065,1.513283e-06
111.77,0.0,137.93259139227402,1.78472e-06
111.77,0.0,137.93217135473847,2.420173e-06
111.77,0.0,137.93174327403335,2.877452e-06
111.77,0.0,137.93134761063354,3.18914e-06
111.77,0.0,137.9309151459239,3.362889e-06
111.77,0.0,137.93051727694336,3.443245e-06
111.77,0.0,137.93008434791804,3.504436e-06
111.77,0.0,137.92966573457875,3.448629e-06
111.77,0.0,137.92925857666592,3.484296e-06
111.77,0.0,137.92882492873972,3.606168e-06
111.77,0.0,137.9284169677968,3.675625e-06
111.77,0.0,137.92799732774643,3.588299e-06
111.77,0.0,137.92758929792166,3.637848e-06
111.77,0.0,137.9271702380666,3.411435e-06
111.77,0.0,137.92674201421994,3.222405e-06
111.77,0.0,137.92631863682053,2.599161e-06
111.77,0.0,137.92591120888008,2.626781e-06
111.77,0.0,137.92551356029836,2.97885e-06
111.77,0.0,137.92507914390868,3.188907e-06
111.77,0.0,137.92465868901422,3.295776e-06
111.77,0.0,137.92424921811798,3.527486e-06
111.77,0.0,137.92381731977815,3.632173e-06
111.77,0.0,137.92341172159533,3.597248e-06
111.77,0.0,137.9229950039553,3.613444e-06
111.77,0.0,137.92255379818238,3.833746e-06
111.77,0.0,137.92214642820124,3.853696e-06
111.77,0.0,137.9217057772919,3.789915e-06
111.77,0.0,137.9213044268339,3.879875e-06
111.77,0.0,137.92086988103662,3.844631e-06
111.77,0.0,137.9204726784402,3.964014e-06
111.77,0.0,137.92003831819372,3.948226e-06
111.77,0.0,137.91962438326794,4.102141e-06
111.77,0.0,137.9192106521735,4.15968e-06
111.77,0.0,137.9187800139348,4.07116e-06
111.77,0.0,137.91838454253332,4.163478e-06
111.77,0.0,137.9179844351574,4.310888e-06
111.77,0.0,137.91754698418845,4.320333e-06
111.77,0.0,137.91713967751474,4.345071e-06
111.77,0.0,137.91672618587015,4.18273e-06
111.77,0.0,137.9162850491391,4.12474e-06
111.77,0.0,137.91587350680388,4.18468e-06
111.77,0.0,137.91547331436036,4.163623e-06
111.77,0.0,137.91504717528827,4.342495e-06
111.77,0.0,137.9146334338533,4.20188e-06
111.77,0.0,137.9142197271617,4.051544e-06
111.77,0.0,137.91379040621132,4.073401e-06
111.77,0.0,137.91337969140497,4.150905e-06
111.77,0.0,137.91296500854986,4.116388e-06
111.77,0.0,137.91253224550363,4.06061e-06
111.77,0.0,137.9121111955963,4.126661e-06
111.77,0.0,137.91168797971974,4.437272e-06
111.77,0.0,137.9112910684609,4.199639e-06
111.77,0.0,137.9108650628858,4.088681e-06
111.77,0.0,137.91042792555942,4.206056e-06
111.77,0.0,137.91002325513176,4.342772e-06
111.77,0.0,137.90959950236856,4.344722e-06
111.77,0.0,137.90918714611945,4.111804e-06
111.77,0.0,137.9087601428472,4.075686e-06
111.77,0.0,137.90834943382833,4.174581e-06
111.77,0.0,137.90794158450294,4.077723e-06
111.77,0.0,137.90752624764397,3.958557e-06
111.77,0.0,137.90710565393644,4.357542e-06
111.77,0.0,137.90668157996865,4.277506e-06
111.77,0.0,137.90625733806112,4.029076e-06
111.77,0.0,137.90584585981534,4.244284e-06
111.77,0.0,137.90543083519717,4.281188e-06
111.77,0.0,137.90502345528535,4.397254e-06
111.77,0.0,137.9045991267067,4.203321e-06
111.77,0.0,137.9041729543197,3.76039e-06
111.77,0.0,137.90375569676468,3.873472e-06
111.77,0.0,137.90333103463746,3.973473e-06
111.77,0.0,137.90290776156246,4.094894e-06
111.77,0.0,137.90251755761068,4.07295e-06
111.77,0.0,137.90207707138634,3.550915e-06
111.77,0.0,137.90165340351678,3.834313e-06
111.77,0.0,137.90122655857147,3.96496e-06
111.77,0.0,137.90082770347368,3.882989e-06
111.77,0.0,137.9003945570096,4.100963e-06
111.77,0.0,137.90000252199982,3.857072e-06
111.77,0.0,137.89957129387898,3.771624e-06
111.77,0.0,137.899150296688,4.044137e-06
111.77,0.0,137.89871694271017,4.083005e-06
111.77,0.0,137.89830706615135,4.274043e-06
111.77,0.0,137.89790638811164,4.277856e-06
111.77,0.0,137.89746966167635,4.37272e-06
111.77,0.0,137.8970811526269,4.438742e-06
111.77,0.0,137.89664383402965,4.302798e-06
111.77,0.0,137.89623486895226,4.401532e-06
111.77,0.0,137.89580739916855,4.404559e-06
111.77,0.0,137.89540787455076,4.3404e-06
111.77,0.0,137.89497399899244,4.240646e-06
111.77,0.0,137.89457205901442,4.149129e-06
111.77,0.0,137.89415392632174,3.925859e-06
111.77,0.0,137.89372640425682,4.1522e-06
111.77,0.0,137.89329455535054,4.146452e-06
111.77,0.0,137.89289552720624,4.136222e-06
111.77,0.0,137.89244502290455,4.150119e-06
111.77,0.0,137.89206133845,3.91787e-06
111.77,0.0,137.89163210097644,4.004876e-06
111.77,0.0,137.89122295951336,3.88833e-06
111.77,0.0,137.89079595290752,3.922614e-06
111.77,0.0,137.89036913391675,3.894791e-06
111.77,0.0,137.8899579304755,3.706926e-06
111.77,0.0,137.88954930279323,3.798923e-06
111.77,0.0,137.8891242762719,3.772351e-06
111.77,0.0,137.8887017845854,4.029949e-06
111.77,0.0,137.88829956712996,4.096233e-06
111.77,0.0,137.88786581332164,4.119895e-06
111.77,0.0,137.88747224661668,3.905894e-06
111.77,0.0,137.88704064587063,4.075482e-06
111.77,0.0,137.88662914661242,3.712004e-06
111.77,0.0,137.88619436313394,3.593581e-06
111.77,0.0,137.8857938854842,3.642286e-06
111.77,0.0,137.88537105373643,3.880094e-06
111.77,0.0,137.88497126030836,4.074318e-06
111.77,0.0,137.88452881214698,3.918874e-06
111.77,0.0,137.8841146953644,3.623631e-06
111.77,0.0,137.88369482945112,3.528185e-06
111.77,0.0,137.88325292895615,3.662542e-06
111.77,0.0,137.88285871330777,3.871261e-06
111.77,0.0,137.88242758389367,3.724213e-06
111.77,0.0,137.88200125024218,3.208625e-06
111.77,0.0,137.88159630567628,3.237888e-06
111.77,0.0,137.8811783979409,3.256107e-06
111.77,0.0,137.88075033795272,3.380468e-06
111.77,0.0,137.8803271420995,3.734967e-06
111.77,0.0,137.87992285635937,3.671783e-06
111.77,0.0,137.87952602731352,3.732537e-06
111.77,0.0,137.87908691398988,3.65953e-06
111.77,0.0,137.8786581897121,3.543144e-06
111.77,0.0,137.8782444640331,3.339708e-06
111.77,0.0,137.87782574024732,3.586538e-06
111.77,0.0,137.8774276096906,3.670924e-06
111.77,0.0,137.87699866197767,3.791778e-06
111.77,0.0,137.876592727541,3.88328e-06
111.77,0.0,137.87617822534517,3.938476e-06
111.77,0.0,137.87574982925906,4.044137e-06
111.77,0.0,137.87535465400347,4.00428e-06
111.77,0.0,137.87492181033247,3.91659e-06
111.77,0.0,137.8745262915543,4.132875e-06
111.77,0.0,137.8740997361367,3.880152e-06
111.77,0.0,137.87366671324722,4.151123e-06
111.77,0.0,137.8732431676689,4.239046e-06
111.77,0.0,137.87281400727784,4.00329e-06
111.77,0.0,137.87241806466886,3.780879e-06
111.77,0.0,137.87198540638008,3.87842e-06
111.77,0.0,137.87157912510574,3.686131e-06
111.77,0.0,137.87116037237575,3.73584e-06
111.77,0.0,137.87072539895607,3.772904e-06
111.77,0.0,137.87029117923933,3.883499e-06
111.77,0.0,137.86990820409034,4.073503e-06
111.77,0.0,137.869478157131,3.935318e-06
111.77,0.0,137.8690732172367,4.067711e-06
111.77,0.0,137.86864183814322,4.019588e-06
111.77,0.0,137.8682298742047,4.057045e-06
111.77,0.0,137.86780016815612,4.204703e-06
111.77,0.0,137.86739812365744,4.101094e-06
111.77,0.0,137.86697812853936,4.44545e-06
111.77,0.0,137.86656743057048,4.379632e-06
111.77,0.0,137.86614401855698,4.291505e-06
111.77,0.0,137.8657269408404,4.240253e-06
111.77,0.0,137.86530242817406,4.212896e-06
111.77,0.0,137.86489841811715,4.204252e-06
111.77,0.0,137.8644950784945,3.69917e-06
111.77,0.0,137.86405260811657,3.593304e-06
111.77,0.0,137.8636308551813,3.573412e-06
111.77,0.0,137.8632147669469,3.629713e-06
111.77,0.0,137.86277177193438,3.754438e-06
111.77,0.0,137.8623750442271,3.766778e-06
111.77,0.0,137.861959864465,3.166861e-06
111.77,0.0,137.86152465091828,3.068781e-06
111.77,0.0,137.86111456758172,3.29419e-06
111.77,0.0,137.86070038742915,3.606707e-06
111.77,0.0,137.860269570723,3.723297e-06
111.77,0.0,137.8598527646201,3.650028e-06
111.77,0.0,137.8594468910522,3.674199e-06
111.77,0.0,137.85904622082958,3.683977e-06
111.77,0.0,137.8586054767954,3.853202e-06
111.77,0.0,137.85819727348147,3.851441e-06
111.77,0.0,137.8577578863903,3.831577e-06
111.77,0.0,137.85736448712478,3.601555e-06
111.77,0.0,137.85696432601276,3.72759e-06
111.77,0.0,137.85653872693868,3.419453e-06
111.77,0.0,137.85611235642742,3.499372e-06
111.77,0.0,137.8556797818496,3.615365e-06
111.77,0.0,137.85529163385786,3.548776e-06
111.77,0.0,137.85486071281272,3.740905e-06
111.77,0.0,137.8544611879724,3.463778e-06
111.77,0.0,137.8540358928706,3.312758e-06
111.77,0.0,137.85361385521085,3.461144e-06
111.77,0.0,137.8531941783465,3.512134e-06
111.77,0.0,137.8527560626723,3.655485e-06
111.77,0.0,137.852330625349,3.689405e-06
111.77,0.0,137.85193336956493,3.640977e-06
111.77,0.0,137.85150059286187,3.651163e-06
111.77,0.0,137.8510910293374,3.631329e-06
111.77,0.0,137.85067116630876,3.65192e-06
111.77,0.0,137.85024359595985,3.49262e-06
111.77,0.0,137.84984936993902,3.326815e-06
111.77,0.0,137.84942164494183,2.987756e-06
111.77,0.0,137.84899197545312,2.125555e-06
111.77,0.0,137.84859029157303,1.307257e-06
111.77,0.0,137.84817555628288,2.343761e-06
111.77,0.0,137.84774587145347,1.651322e-06
111.77,0.0,137.84732583121837,1.593624e-06
111.77,0.0,137.84692559390635,2.094224e-06
111.77,0.0,137.8464950016451,2.619447e-06
111.77,0.0,137.8460783487383,2.952438e-06
111.77,0.0,137.8456623412371,3.042063e-06
111.77,0.0,137.8452534259618,3.230831e-06
111.77,0.0,137.84481869892707,3.299618e-06
111.77,0.0,137.84442688993005,3.253226e-06
111.77,0.0,137.84399578395653,3.193054e-06
111.77,0.0,137.8435895658742,3.262787e-06
111.77,0.0,137.8431517086425,3.185327e-06
111.77,0.0,137.84271063637593,3.175141e-06
111.77,0.0,137.84231036728139,3.123263e-06
111.77,0.0,137.8418825111437,3.033594e-06
111.77,0.0,137.84148675458556,3.083245e-06
111.77,0.0,137.84105826225885,3.148947e-06
111.77,0.0,137.84063334554406,3.175228e-06
111.77,0.0,137.84021243147524,3.07578e-06
111.77,0.0,137.83977341682697,3.13294e-06
111.77,0.0,137.8393648545174,3.15925e-06
111.77,0.0,137.83896050915476,3.225359e-06
111.77,0.0,137.8385400786768,3.174166e-06
111.77,0.0,137.83812104805233,3.329173e-06
111.77,0.0,137.83770487141285,3.139954e-06
111.77,0.0,137.8372968999135,3.110617e-06
111.77,0.0,137.8369000469121,3.091263e-06
111.77,0.0,137.8364716625876,2.998451e-06
111.77,0.0,137.8360438793676,2.943794e-06
111.77,0.0,137.83563194670117,2.936562e-06
111.77,0.0,137.83521729445852,2.99509e-06
111.77,0.0,137.83478803769725,2.848654e-06
111.77,0.0,137.8343881595274,2.637738e-06
111.77,0.0,137.83397079984746,2.627843e-06
111.77,0.0,137.83356408150703,2.741188e-06
111.77,0.0,137.8331322248217,2.72358e-06
111.77,0.0,137.83268872413254,2.825254e-06
111.77,0.0,137.8322907016808,2.830362e-06
111.77,0.0,137.8318599079311,2.946123e-06
111.77,0.0,137.83146120000973,2.639616e-06
111.77,0.0,137.8310349842612,2.604604e-06
111.77,0.0,137.83061415800117,2.341127e-06
111.77,0.0,137.8301910343587,2.171408e-06
111.77,0.0,137.8297537458829,2.527697e-06
111.77,0.0,137.82934762501546,2.509405e-06
111.77,0.0,137.82895938522665,2.573332e-06
111.77,0.0,137.8285327644534,2.733184e-06
111.77,0.0,137.82810783175768,2.719229e-06
111.77,0.0,137.82768694230347,2.762681e-06
111.77,0.0,137.8272502249908,2.435772e-06
111.77,0.0,137.82685518538798,2.396802e-06
111.77,0.0,137.82645525556435,2.491623e-06
111.77,0.0,137.82602899465317,2.606001e-06
111.77,0.0,137.8255981184262,2.576824e-06
111.77,0.0,137.82517936798342,2.638801e-06
111.77,0.0,137.82477701300175,2.366229e-06
111.77,0.0,137.82434822623964,2.509361e-06
111.77,0.0,137.82394536820968,2.663015e-06
111.77,0.0,137.82350313472668,2.753324e-06
111.77,0.0,137.82308725823427,2.699962e-06
111.77,0.0,137.8226736328981,2.969115e-06
111.77,0.0,137.82224114614303,2.901768e-06
111.77,0.0,137.82181099412526,2.841378e-06
111.77,0.0,137.82141661200623,2.928049e-06
111.77,0.0,137.8209870811321,2.825531e-06
111.77,0.0,137.82058041879577,2.789588e-06
111.77,0.0,137.8201476055191,2.643545e-06
111.77,0.0,137.81973835393512,2.633169e-06
111.77,0.0,137.81930679907805,2.692308e-06
111.77,0.0,137.81890305992061,2.79989e-06
111.77,0.0,137.8184779486819,2.750705e-06
111.77,0.0,137.8180742511509,2.74177e-06
111.77,0.0,137.8176589770307,2.892935e-06
111.77,0.0,137.8172308776854,3.05142e-06
111.77,0.0,137.81680952500614,3.082794e-06
111.77,0.0,137.8164082891622,2.898087e-06
111.77,0.0,137.81601027361964,2.882633e-06
111.77,0.0,137.81557503970544,2.791916e-06
111.77,0.0,137.81515526481294,2.863526e-06
111.77,0.0,137.81474187926773,2.954665e-06
111.77,0.0,137.8143109958741,2.959263e-06
111.77,0.0,137.8139076846212,3.223045e-06
111.77,0.0,137.81351149415278,3.209672e-06
111.77,0.0,137.81307163730708,3.070993e-06
111.77,0.0,137.8126482493252,3.131383e-06
111.77,0.0,137.8122235950812,2.932546e-06
111.77,0.0,137.8117917262196,2.865505e-06
111.77,0.0,137.8113905281825,2.911926e-06
111.77,0.0,137.8109622892951,3.119829e-06
111.77,0.0,137.8105610056876,3.118766e-06
111.77,0.0,137.81013836997047,3.202862e-06
111.77,0.0,137.8097118292721,3.235909e-06
111.77,0.0,137.80927639918306,3.213689e-06
111.77,0.0,137.80887421947293,2.861867e-06
111.77,0.0,137.80846485222384,2.995555e-06
111.77,0.0,137.8080569307335,3.150941e-06
111.77,0.0,137.80762400063207,3.356647e-06
111.77,0.0,137.80719433626496,3.41353e-06
111.77,0.0,137.80678590392355,3.274341e-06
111.77,0.0,137.80638715514522,3.276393e-06
111.77,0.0,137.8059488759035,3.355512e-06
111.77,0.0,137.80554189906175,3.325491e-06
111.77,0.0,137.80512767626632,3.271838e-06
111.77,0.0,137.80470596382315,3.295863e-06
111.77,0.0,137.804252968114,3.067136e-06
111.77,0.0,137.80386563232744,3.086738e-06
111.77,0.0,137.80344682997583,2.674686e-06
111.77,0.0,137.8030288136273,2.85625e-06
111.77,0.0,137.80259690544105,3.071895e-06
111.77,0.0,137.80217155528007,3.184876e-06
111.77,0.0,137.80176361660406,3.318404e-06
111.77,0.0,137.80132923551636,3.420282e-06
111.77,0.0,137.80092773001897,3.528112e-06
111.77,0.0,137.80052238960104,3.554582e-06
111.77,0.0,137.8001084771993,3.477602e-06
111.77,0.0,137.7996616179692,3.436275e-06
111.77,0.0,137.79924648458896,3.449182e-06
111.77,0.0,137.7988453069587,3.328081e-06
111.77,0.0,137.7984367402961,3.437715e-06
111.77,0.0,137.79800897506982,3.38495e-06
111.77,0.0,137.79758970553777,3.561552e-06
111.77,0.0,137.79717953442196,3.638488e-06
111.77,0.0,137.79677165655676,3.607842e-06
111.77,0.0,137.7963310618878,3.640685e-06
111.77,0.0,137.7959318277213,3.488574e-06
111.77,0.0,137.79552795298116,3.400055e-06
111.77,0.0,137.79509453977002,3.448935e-06
111.77,0.0,137.79466976563435,3.330584e-06
111.77,0.0,137.7942553754422,3.392517e-06
111.77,0.0,137.79385528909967,3.330482e-06
111.77,0.0,137.7934100431435,3.264693e-06
111.77,0.0,137.79301717174388,2.977307e-06
111.77,0.0,137.7925834219572,2.896515e-06
111.77,0.0,137.79215671056144,3.011635e-06
111.77,0.0,137.79175169879707,2.913235e-06
111.77,0.0,137.7913119196724,2.740388e-06
111.77,0.0,137.7909126402837,2.673318e-06
111.77,0.0,137.79047548593323,2.614965e-06
111.77,0.0,137.79006666759065,2.591914e-06
111.77,0.0,137.78965184595265,2.576911e-06
111.77,0.0,137.78923778339873,2.691479e-06
111.77,0.0,137.7888323980903,2.750196e-06
111.77,0.0,137.78838682980629,2.630142e-06
111.77,0.0,137.7879933203057,2.728368e-06
111.77,0.0,137.78757747119099,2.725457e-06
111.77,0.0,137.7871364956738,2.889326e-06
111.77,0.0,137.78672305792304,2.762594e-06
111.77,0.0,137.78632656012357,2.844332e-06
111.77,0.0,137.78588770729783,2.649133e-06
111.77,0.0,137.7854840910446,2.796485e-06
111.77,0.0,137.78507557134057,2.72636e-06
111.77,0.0,137.7846482309387,2.579996e-06
111.77,0.0,137.78421885035857,2.742585e-06
111.77,0.0,137.78381014071613,2.570276e-06
111.77,0.0,137.78337148088306,2.724555e-06
111.77,0.0,137.78296630053174,2.713321e-06
111.77,0.0,137.7825564096263,2.726694e-06
111.77,0.0,137.7821126516224,2.789733e-06
111.77,0.0,137.78170304864742,2.959641e-06
111.77,0.0,137.78127556300103,3.086854e-06
111.77,0.0,137.7808546493185,2.97607e-06
111.77,0.0,137.78045365146002,2.576518e-06
111.77,0.0,137.7800494713641,2.565605e-06
111.77,0.0,137.7796017017375,2.570989e-06
111.77,0.0,137.77918717649717,2.780609e-06
111.77,0.0,137.7787781295752,2.865418e-06
111.77,0.0,137.77837903181398,3.063076e-06
111.77,0.0,137.7779406615199,2.699206e-06
111.77,0.0,137.77753524047148,2.907938e-06
111.77,0.0,137.77712418836495,2.780478e-06
111.77,0.0,137.77670759808606,2.911838e-06
111.77,0.0,137.77625984076653,2.981367e-06
111.77,0.0,137.7758585628614,2.906265e-06
111.77,0.0,137.77545693527685,2.822737e-06
111.77,0.0,137.77505229438657,2.938526e-06
111.77,0.0,137.7746139315134,2.886707e-06
111.77,0.0,137.77419536845497,2.937872e-06
111.77,0.0,137.7737859393354,2.764267e-06
111.77,0.0,137.77334919415418,2.667395e-06
111.77,0.0,137.77294723744635,2.71188e-06
111.77,0.0,137.77254083020165,2.704764e-06
111.77,0.0,137.77209581051275,2.903471e-06
111.77,0.0,137.77168285801199,2.935805e-06
111.77,0.0,137.77127243560471,2.775254e-06
111.77,0.0,137.7708343362516,2.780565e-06
111.77,0.0,137.77043260720563,2.916568e-06
111.77,0.0,137.77002509652715,2.717672e-06
111.77,0.0,137.7695981849353,2.709276e-06
111.77,0.0,137.76917656243168,2.573128e-06
111.77,0.0,137.76873847213844,2.702698e-06
111.77,0.0,137.76833044660864,2.654604e-06
111.77,0.0,137.76792732293205,2.742629e-06
111.77,0.0,137.7675042509808,2.543064e-06
111.77,0.0,137.7670865801609,2.447356e-06
111.77,0.0,137.7666620264124,2.412504e-06
111.77,0.0,137.7662550081145,2.393892e-06
111.77,0.0,137.76581232302436,2.520246e-06
111.77,0.0,137.7654099555673,2.585701e-06
111.77,0.0,137.76500490803167,2.730201e-06
111.77,0.0,137.76459144576756,2.576504e-06
111.77,0.0,137.76417459575467,2.650442e-06
111.77,0.0,137.76372704662182,2.499961e-06
111.77,0.0,137.76331497515517,2.394896e-06
111.77,0.0,137.7629090274699,2.126835e-06
111.77,0.0,137.7624568870777,1.898195e-06
111.77,0.0,137.7620561418445,2.210887e-06
111.77,0.0,137.76162971993165,1.826076e-06
111.77,0.0,137.7612135264302,2.067769e-06
111.77,0.0,137.76080248644428,2.334273e-06
111.77,0.0,137.76039943334277,2.434987e-06
111.77,0.0,137.75995694409121,2.565401e-06
111.77,0.0,137.7595485070333,2.366243e-06
111.77,0.0,137.75913062719033,2.532703e-06
111.77,0.0,137.758711794825,2.327244e-06
111.77,0.0,137.75830043341236,2.350804e-06
111.77,0.0,137.7578917649267,2.525732e-06
111.77,0.0,137.75748604433127,2.562956e-06
111.77,0.0,137.75706929310036,2.46476e-06
111.77,0.0,137.7566499708417,2.344357e-06
111.77,0.0,137.75622896519613,2.562796e-06
111.77,0.0,137.75578838191907,2.415327e-06
111.77,0.0,137.75538249371954,2.454981e-06
111.77,0.0,137.7549792032772,2.424815e-06
111.77,0.0,137.7545701428933,2.433429e-06
111.77,0.0,137.75413792973072,2.585686e-06
111.77,0.0,137.753704661228,2.734188e-06
111.77,0.0,137.75329077952662,2.710251e-06
111.77,0.0,137.7528929999687,2.629022e-06
111.77,0.0,137.7524523608267,2.533052e-06
111.77,0.0,137.75204809985354,2.563422e-06
111.77,0.0,137.75163124470583,2.373854e-06
111.77,0.0,137.75120359135005,2.560409e-06
111.77,0.0,137.7507645978423,2.504923e-06
111.77,0.0,137.75036405167387,2.567525e-06
111.77,0.0,137.74996444154016,2.786022e-06
111.77,0.0,137.74952318475573,2.913657e-06
111.77,0.0,137.74910536379795,2.918372e-06
111.77,0.0,137.74868674042355,2.776636e-06
111.77,0.0,137.7482700308189,2.660759e-06
111.77,0.0,137.74786217074526,2.833665e-06
111.77,0.0,137.74745518022027,2.85398e-06
111.77,0.0,137.74704188491432,2.682704e-06
111.77,0.0,137.74662309486138,2.503642e-06
111.77,0.0,137.7461969132897,2.607121e-06
111.77,0.0,137.7457579082701,2.48327e-06
111.77,0.0,137.7453570346091,2.606583e-06
111.77,0.0,137.7449495513621,2.61383e-06
111.77,0.0,137.74453985133067,2.807734e-06
111.77,0.0,137.744103112164,2.717235e-06
111.77,0.0,137.74367006655788,2.690562e-06
111.77,0.0,137.74325229693835,2.667322e-06
111.77,0.0,137.7428504547293,2.645233e-06
111.77,0.0,137.74240769078796,2.627436e-06
111.77,0.0,137.7420088129424,2.689398e-06
111.77,0.0,137.7415935279536,2.638306e-06
111.77,0.0,137.74115991667077,2.772518e-06
111.77,0.0,137.74072631639248,2.397312e-06
111.77,0.0,137.74031287280715,2.336703e-06
111.77,0.0,137.73992161609212,2.260189e-06
111.77,0.0,137.73947919212804,2.265238e-06
111.77,0.0,137.73906870833508,2.366054e-06
111.77,0.0,137.73865648186282,2.342014e-06
111.77,0.0,137.73824056558496,2.444256e-06
111.77,0.0,137.73783370413994,2.449742e-06
111.77,0.0,137.73742826309982,2.607543e-06
111.77,0.0,137.73698725550116,2.579443e-06
111.77,0.0,137.7365760718856,2.455185e-06
111.77,0.0,137.73615280520727,2.516055e-06
111.77,0.0,137.73573548051758,2.88403e-06
111.77,0.0,137.73532610475388,2.931425e-06
111.77,0.0,137.73492153900492,3.006251e-06
111.77,0.0,137.73451362833924,2.961257e-06
111.77,0.0,137.73407182446647,3.318506e-06
111.77,0.0,137.73364587933557,3.376656e-06
111.77,0.0,137.7332273932689,3.320383e-06
111.77,0.0,137.73281625135547,3.310197e-06
111.77,0.0,137.73238018430368,3.407025e-06
111.77,0.0,137.73197792286172,3.157547e-06
111.77,0.0,137.7315653773641,3.465306e-06
111.77,0.0,137.73114766053598,3.538284e-06
111.77,0.0,137.73072861794716,3.637862e-06
111.77,0.0,137.73031790440353,3.586189e-06
111.77,0.0,137.7298741392216,3.564928e-06
111.77,0.0,137.729469023956,3.661276e-06
111.77,0.0,137.72905539868876,3.524488e-06
111.77,0.0,137.728628457107,3.721652e-06
111.77,0.0,137.7282165709719,3.769164e-06
111.77,0.0,137.72777663830124,3.812936e-06
111.77,0.0,137.72736886857965,3.636538e-06
111.77,0.0,137.72696635288878,4.060479e-06
111.77,0.0,137.72655835749862,3.980938e-06
111.77,0.0,137.7261433520381,4.112939e-06
111.77,0.0,137.72569396865097,3.836176e-06
111.77,0.0,137.7252815449509,3.779656e-06
111.77,0.0,137.72488168178018,3.611349e-06
111.77,0.0,137.72448446210103,3.735433e-06
111.77,0.0,137.7240402817405,3.783876e-06
111.77,0.0,137.72362137751801,3.419234e-06
111.77,0.0,137.7231992020368,3.495239e-06
111.77,0.0,137.72275984146899,3.517867e-06
111.77,0.0,137.72235450432674,3.141613e-06
111.77,0.0,137.72193640738377,3.058274e-06
111.77,0.0,137.7215297738486,2.91536e-06
111.77,0.0,137.7211102938237,2.927642e-06
111.77,0.0,137.72068049822985,2.841538e-06
111.77,0.0,137.72024012154787,2.909699e-06
111.77,0.0,137.71983058622453,2.355475e-06
111.77,0.0,137.71942571014324,3.031688e-06
111.77,0.0,137.71901499910135,3.133915e-06
111.77,0.0,137.7185997046781,3.264504e-06
111.77,0.0,137.71818214215293,3.656605e-06
111.77,0.0,137.71777087568995,3.930196e-06
111.77,0.0,137.71735301398846,3.607114e-06
111.77,0.0,137.7169217544736,3.701163e-06
111.77,0.0,137.71651552447713,3.878944e-06
111.77,0.0,137.71609466729316,3.938767e-06
111.77,0.0,137.71566887345523,4.003319e-06
111.77,0.0,137.71526269761657,4.094458e-06
111.77,0.0,137.71486204728015,4.128029e-06
111.77,0.0,137.7144186148347,4.216607e-06
111.77,0.0,137.71401798732168,4.091024e-06
111.77,0.0,137.713601245147,4.070171e-06
111.77,0.0,137.7131829078621,4.20236e-06
111.77,0.0,137.7127334444414,4.036847e-06
111.77,0.0,137.71232367270008,4.176472e-06
111.77,0.0,137.71191712104613,3.96659e-06
111.77,0.0,137.71151014033202,4.283982e-06
111.77,0.0,137.71106961045012,3.947163e-06
111.77,0.0,137.7106453086325,4.084359e-06
111.77,0.0,137.71023052887486,4.081798e-06
111.77,0.0,137.7098232448904,4.153102e-06
111.77,0.0,137.70941383917707,3.817608e-06
111.77,0.0,137.70901450212847,4.007539e-06
111.77,0.0,137.708569751032,3.825058e-06
111.77,0.0,137.7081418114086,3.839654e-06
111.77,0.0,137.70772160640723,3.788082e-06
111.77,0.0,137.70731362585326,3.641762e-06
111.77,0.0,137.70689681459882,4.05997e-06
111.77,0.0,137.70650090154885,4.126341e-06
111.77,0.0,137.706081951869,4.132569e-06
111.77,0.0,137.70564887510466,4.1928e-06
111.77,0.0,137.70521475086343,4.056157e-06
111.77,0.0,137.70480300224855,4.324553e-06
111.77,0.0,137.7043989923247,4.628339e-06
111.77,0.0,137.70399943940228,4.598594e-06
111.77,0.0,137.70355390785468,4.557252e-06
111.77,0.0,137.7031363863559,4.269954e-06
111.77,0.0,137.7027158519957,4.219401e-06
111.77,0.0,137.70227178287846,3.975074e-06
111.77,0.0,137.7018652239512,3.633759e-06
111.77,0.0,137.7014622097453,3.50007e-06
111.77,0.0,137.70105248840164,3.551118e-06
111.77,0.0,137.7006095625816,3.731649e-06
111.77,0.0,137.70018746969615,3.627996e-06
111.77,0.0,137.69977273284678,3.774592e-06
111.77,0.0,137.69937041279618,4.018235e-06
111.77,0.0,137.69896442531603,4.050322e-06
111.77,0.0,137.69855585218735,4.021596e-06
111.77,0.0,137.69812131368155,3.955662e-06
111.77,0.0,137.69768490660732,4.031885e-06
111.77,0.0,137.69726652229352,4.04258e-06
111.77,0.0,137.69686238512475,4.088215e-06
111.77,0.0,137.69646094044222,4.005546e-06
111.77,0.0,137.6960484264058,3.948138e-06
111.77,0.0,137.69563301697212,4.098401e-06
111.77,0.0,137.69521035477996,4.39366e-06
111.77,0.0,137.69477060773954,4.095273e-06
111.77,0.0,137.69436438380686,3.531983e-06
111.77,0.0,137.69396306070848,3.780326e-06
111.77,0.0,137.693553082239,3.890105e-06
111.77,0.0,137.69311167830995,4.352347e-06
111.77,0.0,137.69268722679615,4.396948e-06
111.77,0.0,137.692269292233,4.326677e-06
111.77,0.0,137.69186071282283,3.605499e-06
111.77,0.0,137.69145547970305,3.20634e-06
111.77,0.0,137.69100969021616,3.152789e-06
111.77,0.0,137.69059262346568,3.413283e-06
111.77,0.0,137.69017575817617,3.696419e-06
111.77,0.0,137.68975642676816,3.61666e-06
111.77,0.0,137.68935338756648,3.789843e-06
111.77,0.0,137.6889497471117,4.040194e-06
111.77,0.0,137.68850461503527,3.851033e-06
111.77,0.0,137.68809611498494,4.191956e-06
111.77,0.0,137.68766965294986,4.13727e-06
111.77,0.0,137.6872520567685,4.318033e-06
111.77,0.0,137.68684636098408,4.077476e-06
111.77,0.0,137.6864450727871,3.966241e-06
111.77,0.0,137.68600275598843,4.369562e-06
111.77,0.0,137.68559524999375,4.283109e-06
111.77,0.0,137.68517776545866,4.216097e-06
111.77,0.0,137.68475808835495,4.19069e-06
111.77,0.0,137.6843407206505,4.333182e-06
111.77,0.0,137.68390899532884,4.674861e-06
111.77,0.0,137.68350250117714,4.911519e-06
111.77,0.0,137.68308219769696,4.813657e-06
111.77,0.0,137.68265703062966,4.791873e-06
111.77,0.0,137.6822118672975,4.840782e-06
111.77,0.0,137.6818022843276,5.003734e-06
111.77,0.0,137.68139680405994,5.025431e-06
111.77,0.0,137.6809935871112,5.138034e-06
111.77,0.0,137.68054994738924,5.684851e-06
111.77,0.0,137.68014311358593,5.536422e-06
111.77,0.0,137.67969502359742,5.453068e-06
111.77,0.0,137.67929365493893,5.832015e-06
111.77,0.0,137.6788869147869,5.519105e-06
111.77,0.0,137.67848105112654,5.770533e-06
111.77,0.0,137.67806840247616,6.225586e-06
111.77,0.0,137.6776550535912,5.889888e-06
111.77,0.0,137.6772342452112,5.963419e-06
111.77,0.0,137.67679371792505,6.271192e-06
111.77,0.0,137.67639284059487,6.254864e-06
111.77,0.0,137.6759889060119,6.209215e-06
111.77,0.0,137.67557654440245,5.513619e-06
111.77,0.0,137.6751436565973,6.058239e-06
111.77,0.0,137.6747072391728,6.595117e-06
111.77,0.0,137.67429000328053,6.402712e-06
111.77,0.0,137.6738823962769,6.443253e-06
111.77,0.0,137.67347868802523,6.387796e-06
111.77,0.0,137.67306424939804,6.387956e-06
111.77,0.0,137.67261170226297,6.783201e-06
111.77,0.0,137.67220442585455,6.718561e-06
111.77,0.0,137.67179344614343,5.99341e-06
111.77,0.0,137.67137065949575,5.361348e-06
111.77,0.0,137.6709488538412,5.491718e-06
111.77,0.0,137.6705365727395,5.488575e-06
111.77,0.0,137.6701178506363,5.59476e-06
111.77,0.0,137.66969797592526,5.556969e-06
111.77,0.0,137.66928531494452,5.752256e-06
111.77,0.0,137.66888220700997,5.728056e-06
111.77,0.0,137.66844006568587,5.469861e-06
111.77,0.0,137.66804034962576,5.131282e-06
111.77,0.0,137.66763009229552,5.536524e-06
111.77,0.0,137.6671809933901,5.448223e-06
111.77,0.0,137.6667640802529,5.065245e-06
111.77,0.0,137.6663619999274,5.020891e-06
111.77,0.0,137.66595626854286,5.54361e-06
111.77,0.0,137.6655468729743,5.173744e-06
111.77,0.0,137.66511014763682,5.304697e-06
111.77,0.0,137.66467890127225,5.562935e-06
111.77,0.0,137.66426212070556,5.726644e-06
111.77,0.0,137.66385972975243,5.364025e-06
111.77,0.0,137.66342092670794,5.218317e-06
111.77,0.0,137.66302262613348,5.651993e-06
111.77,0.0,137.66259183968702,6.001123e-06
111.77,0.0,137.6621711068288,5.933631e-06
111.77,0.0,137.66172854917923,5.407972e-06
111.77,0.0,137.66131941879033,5.635768e-06
111.77,0.0,137.6609150555111,5.864102e-06
111.77,0.0,137.66051462374213,5.993497e-06
111.77,0.0,137.66007195213106,6.268529e-06
111.77,0.0,137.65963740501155,6.444927e-06
111.77,0.0,137.65922814755282,6.368384e-06
111.77,0.0,137.6588209029225,6.26882e-06
111.77,0.0,137.65840491315345,6.532588e-06
111.77,0.0,137.65801044280585,6.652743e-06
111.77,0.0,137.65759548979034,6.739167e-06
111.77,0.0,137.6571767925756,6.531569e-06
111.77,0.0,137.65674621096971,6.746472e-06
111.77,0.0,137.65631888299004,7.30397e-06
111.77,0.0,137.6559146306245,7.297393e-06
111.77,0.0,137.65551350179538,6.927614e-06
111.77,0.0,137.65507393567503,7.057926e-06
111.77,0.0,137.65466722288568,7.537848e-06
111.77,0.0,137.65422964442303,6.992123e-06
111.77,0.0,137.653818975635,6.448725e-06
111.77,0.0,137.65341344562614,6.798728e-06
111.77,0.0,137.65297810700784,7.150185e-06
111.77,0.0,137.65256737466348,7.353869e-06
111.77,0.0,137.65215054737504,7.386974e-06
111.77,0.0,137.6517323650099,7.09435e-06
111.77,0.0,137.65129290258267,6.888862e-06
111.77,0.0,137.65088658166238,7.175462e-06
111.77,0.0,137.6504801894589,7.541137e-06
111.77,0.0,137.65006575711539,7.48504e-06
111.77,0.0,137.64963615618595,7.318566e-06
111.77,0.0,137.64922903546017,7.367984e-06
111.77,0.0,137.6487867602565,7.382143e-06
111.77,0.0,137.64838649810966,7.200972e-06
111.77,0.0,137.64798088393871,7.159106e-06
111.77,0.0,137.64756508434073,7.094757e-06
111.77,0.0,137.64714586410605,7.149327e-06
111.77,0.0,137.64672130437148,6.590344e-06
111.77,0.0,137.6462815591683,6.27774e-06
111.77,0.0,137.64587816794327,6.576491e-06
111.77,0.0,137.64547558982798,6.548566e-06
111.77,0.0,137.64506038110147,6.582603e-06
111.77,0.0,137.64462436468114,6.439906e-06
111.77,0.0,137.64419503091014,6.299684e-06
111.77,0.0,137.64378254419353,6.758797e-06
111.77,0.0,137.6433793330067,6.715432e-06
111.77,0.0,137.6429360021132,5.942158e-06
111.77,0.0,137.64252777479058,6.349233e-06
111.77,0.0,137.64211104783826,6.34254e-06
111.77,0.0,137.64168722317172,6.037139e-06
111.77,0.0,137.64124512737845,6.277929e-06
111.77,0.0,137.64084664881753,6.360307e-06
111.77,0.0,137.64041763031048,6.109709e-06
111.77,0.0,137.6400113817473,6.186179e-06
111.77,0.0,137.63959112011096,6.388582e-06
111.77,0.0,137.63916329551026,6.615344e-06
111.77,0.0,137.63874391724607,6.506889e-06
111.77,0.0,137.63835520809613,6.539922e-06
111.77,0.0,137.63795109560147,6.633374e-06
111.77,0.0,137.63754023475133,7.235663e-06
111.77,0.0,137.63709889035312,7.221359e-06
111.77,0.0,137.6366702490822,6.172631e-06
111.77,0.0,137.63625411168437,6.378745e-06
111.77,0.0,137.63585875535074,6.947201e-06
111.77,0.0,137.63542186445727,6.632588e-06
111.77,0.0,137.63501546630326,6.716364e-06
111.77,0.0,137.63460030111594,6.995877e-06
111.77,0.0,137.63418437395873,6.656162e-06
111.77,0.0,137.63377009412625,6.642163e-06
111.77,0.0,137.6333388195566,6.575341e-06
111.77,0.0,137.63292056725842,6.853312e-06
111.77,0.0,137.63251264254876,6.90145e-06
111.77,0.0,137.63209386976126,6.506554e-06
111.77,0.0,137.63166469607967,6.820352e-06
111.77,0.0,137.63122678502646,7.388458e-06
111.77,0.0,137.6308167442653,7.052469e-06
111.77,0.0,137.63041704658423,6.658287e-06
111.77,0.0,137.63001327600222,7.247509e-06
111.77,0.0,137.62957249406878,6.833128e-06
111.77,0.0,137.6291476155205,6.565213e-06
111.77,1.0,137.6287281215944,6.451315e-06
111.77,1.0,137.62832118153975,6.737901e-06
111.77,1.0,137.62791982204593,6.580012e-06
111.77,1.0,137.62751330794893,6.577131e-06
111.77,1.0,137.6270701137455,6.72006e-06
111.77,1.0,137.62664302822833,6.748043e-06
111.77,1.0,137.62622747916384,6.55184e-06
111.77,1.0,137.6258218193902,6.72332e-06
111.77,1.0,137.6254188652239,6.869072e-06
111.77,1.0,137.6249742546655,6.749236e-06
111.77,1.0,137.6245599041061,6.851682e-06
111.77,1.0,137.62414173583176,6.608549e-06
111.77,1.0,137.6237270468507,5.895257e-06
111.77,1.0,137.62332091994745,5.212802e-06
111.77,1.0,137.622880743219,5.397786e-06
111.77,1.0,137.62247489173708,5.324269e-06
111.77,1.0,137.6220625568291,5.891095e-06
111.77,1.0,137.62161011090922,6.239876e-06
111.77,1.0,137.62119032383225,6.554954e-06
111.77,1.0,137.62075852488044,7.001508e-06
111.77,1.0,137.620366608944,6.960196e-06
111.77,1.0,137.61996564104427,6.788876e-06
111.77,1.0,137.61953269726195,6.50686e-06
111.77,1.0,137.6191161607923,5.891678e-06
111.77,1.0,137.61870150360332,6.260248e-06
111.77,1.0,137.61829037728816,6.368107e-06
111.77,1.0,137.61788873794978,6.069866e-06
111.77,1.0,137.61744933715318,6.238275e-06
111.77,1.0,137.61703956345502,6.589893e-06
111.77,1.0,137.61662212262846,6.326212e-06
111.77,1.0,137.61620428523122,6.272065e-06
111.77,1.0,137.61577698331774,6.387505e-06
111.77,1.0,137.61538956565911,6.22643e-06
111.77,1.0,137.61494102089495,6.212387e-06
111.77,1.0,137.61454489903429,6.0811e-06
111.77,1.0,137.61412675143737,6.037983e-06
111.77,1.0,137.6137102051637,5.895781e-06
111.77,1.0,137.61326502457368,5.964641e-06
111.77,1.0,137.61285870349423,5.879221e-06
111.77,1.0,137.61245757427832,5.747061e-06
111.77,1.0,137.6120445720767,5.597729e-06
111.77,1.0,137.61159349411955,5.865353e-06
111.77,1.0,137.611180031039,5.827969e-06
111.77,1.0,137.61076503097877,5.619411e-06
111.77,1.0,137.61035999459057,5.729205e-06
111.77,1.0,137.60991221115196,5.650742e-06
111.77,1.0,137.60952957464553,5.881753e-06
111.77,1.0,137.6090980081663,5.942857e-06
111.77,1.0,137.60867926897254,5.814276e-06
111.77,1.0,137.60826505599064,5.560505e-06
111.77,1.0,137.60785686776074,5.472117e-06
111.77,1.0,137.60742248202425,5.193826e-06
111.77,1.0,137.6069988239107,5.186565e-06
111.77,1.0,137.60658642107333,5.57398e-06
111.77,1.0,137.60617100827707,5.272523e-06
111.77,1.0,137.60575451657664,4.820467e-06
111.77,1.0,137.6053492460373,5.080816e-06
111.77,1.0,137.60491824847637,5.368303e-06
111.77,1.0,137.6044992675207,5.130016e-06
111.77,1.0,137.60408732754297,5.034381e-06
111.77,1.0,137.6036731127128,5.372291e-06
111.77,1.0,137.60322520960912,5.370806e-06
111.77,1.0,137.602820284375,5.386755e-06
111.77,1.0,137.60241675351566,5.619688e-06
111.77,1.0,137.60197632291758,5.359616e-06
111.77,1.0,137.60156712933897,4.946152e-06
111.77,1.0,137.6011523040647,4.689849e-06
111.77,1.0,137.60073351122526,3.870184e-06
111.77,1.0,137.60029764054562,2.640125e-06
111.77,1.0,137.59989348098944,1.281922e-06
111.77,1.0,137.59948681724728,1.775988e-06
111.77,1.0,137.59906914393602,1.76084e-06
111.77,1.0,137.59861808002813,2.197048e-06
111.77,1.0,137.59822656467125,2.770685e-06
111.77,1.0,137.59781670698777,3.218913e-06
111.77,1.0,137.59741108992256,3.527704e-06
111.77,1.0,137.59696805853324,3.789319e-06
111.77,1.0,137.5965551547592,3.635127e-06
111.77,1.0,137.59613616111588,3.446257e-06
111.77,1.0,137.59572061462006,3.734327e-06
111.77,1.0,137.59531839259807,4.153e-06
111.77,1.0,137.5948780598161,4.080866e-06
111.77,1.0,137.59447722996896,4.29411e-06
111.77,1.0,137.5940637957536,4.512141e-06
111.77,1.0,137.59365003586197,4.511268e-06
111.77,1.0,137.5932031284206,4.507368e-06
111.77,1.0,137.59278927328697,4.498623e-06
111.77,1.0,137.59238330577847,4.247137e-06
111.77,1.0,137.59197543374998,4.228597e-06
111.77,1.0,137.591534246321,4.309462e-06
111.77,1.0,137.591116467921,4.236004e-06
111.77,1.0,137.59070066638216,4.29331e-06
111.77,1.0,137.5902930656278,4.269241e-06
111.77,1.0,137.58988840413255,4.011439e-06
111.77,1.0,137.58944369569323,4.186906e-06
111.77,1.0,137.5890322753386,4.078087e-06
111.77,1.0,137.58861542567504,4.275993e-06
111.77,1.0,137.58819770542098,4.520421e-06
111.77,1.0,137.58778516380073,4.404035e-06
111.77,1.0,137.5873800726532,4.014553e-06
111.77,1.0,137.5869356535308,4.170201e-06
111.77,1.0,137.58652949725524,4.02148e-06
111.77,1.0,137.58611670855086,3.995752e-06
111.77,1.0,137.58570255202955,3.859983e-06
111.77,1.0,137.58525419707257,3.547102e-06
111.77,1.0,137.58484682123142,3.693e-06
111.77,1.0,137.58443937238107,3.812238e-06
111.77,0.0,137.58402892742717,3.866648e-06
111.77,0.0,137.58360934133322,3.940411e-06
111.77,0.0,137.58318435526363,4.0179e-06
111.77,0.0,137.58274518193082,4.316331e-06
111.77,0.0,137.58233962115725,4.085887e-06
111.77,0.0,137.58193652652446,4.100482e-06
111.77,0.0,137.5814942294379,3.838111e-06
111.77,0.0,137.58107979891867,3.678986e-06
111.77,0.0,137.58066107093313,3.982306e-06
111.77,0.0,137.58022753069847,4.259782e-06
111.77,0.0,137.57982286260483,4.246933e-06
111.77,0.0,137.5794307621985,4.07749e-06
111.77,0.0,137.57901953406872,4.510672e-06
111.77,0.0,137.57857456473684,4.478017e-06
111.77,0.0,137.5781484125904,4.078189e-06
111.77,0.0,137.57773281282786,3.936919e-06
111.77,0.0,137.57732570596514,3.831912e-06
111.77,0.0,137.5769224953736,3.812529e-06
111.77,0.0,137.5765204704973,3.953683e-06
111.77,0.0,137.57607966869125,4.163929e-06
111.77,0.0,137.5756551438742,4.294794e-06
111.77,0.0,137.57523677620748,4.406102e-06
111.77,0.0,137.57483375161794,4.581525e-06
111.77,0.0,137.57442357310643,4.54871e-06
111.77,0.0,137.574030749933,4.463553e-06
111.77,0.0,137.57359031322724,4.433605e-06
111.77,0.0,137.57313756035757,4.378162e-06
111.77,0.0,137.57274188817325,4.455374e-06
111.77,0.0,137.57230665038858,4.642818e-06
111.77,0.0,137.57189844269706,4.5997e-06
111.77,0.0,137.5714991259967,4.439644e-06
111.77,0.0,137.57105590574625,4.432834e-06
111.77,0.0,137.57064903360762,4.303758e-06
111.77,0.0,137.5702407919018,3.958557e-06
111.77,0.0,137.5698047399576,4.203699e-06
111.77,0.0,137.56939780792055,4.363144e-06
111.77,0.0,137.56899378954444,3.687543e-06
111.77,0.0,137.56857686941999,4.283051e-06
111.77,0.0,137.56814153695547,4.623973e-06
111.77,0.0,137.56773448788843,4.50098e-06
111.77,0.0,137.56729352183922,4.406e-06
111.77,0.0,137.56690557198476,4.283749e-06
111.77,0.0,137.56647788383353,4.139496e-06
111.77,0.0,137.5660699059954,4.045927e-06
111.77,0.0,137.56562648299675,3.959183e-06
111.77,0.0,137.56523293646123,4.064103e-06
111.77,0.0,137.56479541851192,4.143687e-06
111.77,0.0,137.564387970641,4.36102e-06
111.77,0.0,137.56397271049443,4.614922e-06
111.77,0.0,137.56353553056567,4.918169e-06
111.77,0.0,137.56313833932128,4.938949e-06
111.77,0.0,137.56269616047277,4.854621e-06
111.77,0.0,137.56229418900836,4.754125e-06
111.77,0.0,137.5618652510931,4.647329e-06
111.77,0.0,137.5614195881837,4.296933e-06
111.77,0.0,137.5610418430634,4.157497e-06
111.77,0.0,137.5606055996736,4.231333e-06
111.77,0.0,137.56017947485617,4.434129e-06
111.77,0.0,137.55976722164192,4.413407e-06
111.77,0.0,137.55936022257652,4.445377e-06
111.77,0.0,137.55894399101575,4.519505e-06
111.77,0.0,137.5585264520242,4.297588e-06
111.77,0.0,137.55810039311933,4.201036e-06
111.77,0.0,137.55769296436154,4.163259e-06
111.77,0.0,137.5572862728943,3.454959e-06
111.77,0.0,137.55685922087784,3.800887e-06
111.77,0.0,137.5564413349154,4.062415e-06
111.77,0.0,137.55603765543003,4.509202e-06
111.77,0.0,137.55561328940996,4.547226e-06
111.77,0.0,137.55518694427388,4.44983e-06
111.77,0.0,137.55477870682117,4.295493e-06
111.77,0.0,137.55434734648466,4.414338e-06
111.77,0.0,137.55395800538227,4.354995e-06
111.77,0.0,137.5535201120989,4.343892e-06
111.77,0.0,137.5531162815532,4.234331e-06
111.77,0.0,137.5526663351109,4.156274e-06
111.77,0.0,137.55224051267803,4.251153e-06
111.77,0.0,137.55185104058447,4.408721e-06
111.77,0.0,137.55141919313857,4.340676e-06
111.77,0.0,137.55099823778104,4.536079e-06
111.77,0.0,137.55059597491731,4.669884e-06
111.77,0.0,137.5501667987137,4.585308e-06
111.77,0.0,137.54972866714795,4.627494e-06
111.77,0.0,137.5493387745521,4.475805e-06
111.77,0.0,137.54893009890532,4.074638e-06
111.77,0.0,137.54850058458422,3.896057e-06
111.77,0.0,137.5480960650373,3.861409e-06
111.77,0.0,137.54765020626627,4.348767e-06
111.77,0.0,137.54724641754083,4.729998e-06
111.77,0.0,137.54680793111112,4.956994e-06
111.77,0.0,137.54641722231372,4.853835e-06
111.77,0.0,137.54598909230194,4.74196e-06
111.77,0.0,137.5455817866115,4.622372e-06
111.77,0.0,137.54515783275457,4.714602e-06
111.77,0.0,137.54472262226184,4.689617e-06
111.77,0.0,137.54433116685365,4.54465e-06
111.77,0.0,137.5438979712481,4.312227e-06
111.77,0.0,137.54350011311735,4.460308e-06
111.77,0.0,137.5430674797546,4.752175e-06
111.77,0.0,137.54263892189454,5.140639e-06
111.77,0.0,137.5422144242799,5.041817e-06
111.77,0.0,137.5417827268914,5.00954e-06
111.77,0.0,137.54138426071364,4.93371e-06
111.77,0.0,137.54094959577466,4.996924e-06
111.77,0.0,137.54054819674616,5.238224e-06
111.77,0.0,137.5401256906881,4.949776e-06
111.77,0.0,137.53969694104913,4.500238e-06
111.77,0.0,137.5392713338009,4.05022e-06
111.77,0.0,137.5388800967001,4.459725e-06
111.77,0.0,137.53846765400198,5.003327e-06
111.77,0.0,137.53806104240053,5.029244e-06
111.77,0.0,137.53761659826282,5.136724e-06
111.77,0.0,137.53722572451372,5.319293e-06
111.77,0.0,137.5367868706245,5.386319e-06
111.77,0.0,137.53638417889374,5.324167e-06
111.77,0.0,137.53597700890268,5.306458e-06
111.77,0.0,137.53553903858457,5.290305e-06
111.77,0.0,137.535137178527,5.083159e-06
111.77,0.0,137.5346986736085,4.900532e-06
111.77,0.0,137.53429395394932,4.661269e-06
111.77,0.0,137.53388522265635,4.793066e-06
111.77,0.0,137.53347309781262,4.955073e-06
111.77,0.0,137.53303828367993,4.971094e-06
111.77,0.0,137.53263674885508,5.070047e-06
111.77,0.0,137.5321963511499,5.355512e-06
111.77,0.0,137.53175875701277,5.314447e-06
111.77,0.0,137.53135597633565,5.29582e-06
111.77,0.0,137.53093984522854,5.476206e-06
111.77,0.0,137.5305437444683,5.242138e-06
111.77,0.0,137.53010851467687,4.841e-06
111.77,0.0,137.5297019039482,4.675152e-06
111.77,0.0,137.52925260383918,4.52614e-06
111.77,0.0,137.52885664719636,4.53071e-06
111.77,0.0,137.52844046323233,4.905538e-06
111.77,0.0,137.52804116884278,4.951842e-06
111.77,0.0,137.52761115393858,5.225214e-06
111.77,0.0,137.52717102287951,5.339331e-06
111.77,0.0,137.52677420252706,5.494367e-06
111.77,0.0,137.52634302571738,5.591704e-06
111.77,0.0,137.52593090323677,5.353853e-06
111.77,0.0,137.52552386110722,5.266309e-06
111.77,0.0,137.52510426345015,5.09755e-06
111.77,0.0,137.52467862894886,5.198846e-06
111.77,0.0,137.52424198534575,5.185648e-06
111.77,0.0,137.52384159221327,4.741771e-06
111.77,0.0,137.52342806614624,4.891524e-06
111.77,0.0,137.52299938217442,4.968388e-06
111.77,0.0,137.5225913521762,5.073467e-06
111.77,0.0,137.52213580802973,4.981994e-06
111.77,0.0,137.52173786718902,4.383648e-06
111.77,0.0,137.52132971983525,4.201749e-06
111.77,0.0,137.52089645228332,4.096961e-06
111.77,0.0,137.52048202632102,4.558795e-06
111.77,0.0,137.52008219639333,5.080423e-06
111.77,0.0,137.5196401970151,5.245733e-06
111.77,0.0,137.5192210569504,5.517461e-06
111.77,0.0,137.51880842436887,5.553447e-06
111.77,0.0,137.51839828477384,5.640555e-06
111.77,0.0,137.51799125574306,5.581707e-06
111.77,0.0,137.51757523239093,5.398266e-06
111.77,0.0,137.51714466504146,5.133334e-06
111.77,0.0,137.51674030241423,4.88745e-06
111.77,0.0,137.51630991571935,4.930698e-06
111.77,0.0,137.5159235041843,4.806716e-06
111.77,0.0,137.51548866757565,4.61466e-06
111.77,0.0,137.5150857452954,4.904636e-06
111.77,0.0,137.51465634316278,4.921458e-06
111.77,0.0,137.5142185549152,4.679285e-06
111.77,0.0,137.51382072326115,4.659494e-06
111.77,0.0,137.5133980088158,5.053414e-06
111.77,0.0,137.51298127351896,5.009701e-06
111.77,0.0,137.51257312224374,4.777394e-06
111.77,0.0,137.51212644435722,4.76891e-06
111.77,0.0,137.511718016915,4.91731e-06
111.77,0.0,137.51130275111663,5.114372e-06
111.77,0.0,137.51087240676316,5.062728e-06
111.77,0.0,137.51045600664315,4.871166e-06
111.77,0.0,137.51004947886256,5.072827e-06
111.77,0.0,137.50964174671424,4.915011e-06
111.77,0.0,137.50920454693855,5.009308e-06
111.77,0.0,137.5087951176581,5.196955e-06
111.77,0.0,137.50838605058814,5.207097e-06
111.77,0.0,137.5079814472425,5.006077e-06
111.77,0.0,137.5075484076381,4.471134e-06
111.77,0.0,137.50714332571488,4.545e-06
111.77,0.0,137.5067044070313,4.997564e-06
111.77,0.0,137.5062967714363,5.260663e-06
111.77,0.0,137.50586980532577,5.366208e-06
111.77,0.0,137.50543708937315,5.336187e-06
111.77,0.0,137.5050477702867,5.288515e-06
111.77,0.0,137.50462283209427,5.310765e-06
111.77,0.0,137.50419919024637,5.370413e-06
111.77,0.0,137.5037912534523,5.49847e-06
111.77,0.0,137.5033607676477,5.322421e-06
111.77,0.0,137.50293801712033,4.797213e-06
111.77,0.0,137.50253450693472,4.492118e-06
111.77,0.0,137.50210387280114,4.400325e-06
111.77,0.0,137.50167483228228,4.775691e-06
111.77,0.0,137.50125963403048,4.952555e-06
111.77,0.0,137.50083308302416,5.13703e-06
111.77,0.0,137.50041709727276,5.234309e-06
111.77,0.0,137.5000100079009,5.367736e-06
111.77,0.0,137.49960318609897,5.275739e-06
111.77,0.0,137.49916202672122,5.052163e-06
111.77,0.0,137.49875758760396,4.87917e-06
111.77,0.0,137.4983391788913,4.451125e-06
111.77,0.0,137.49792391627028,4.472633e-06
111.77,0.0,137.49752303811914,4.209345e-06
111.77,0.0,137.4971014852742,4.209476e-06
111.77,0.0,137.49667013411664,4.63656e-06
111.77,0.0,137.49627209982648,4.53995e-06
111.77,0.0,137.49583792860597,4.366913e-06
111.77,0.0,137.49542323796373,4.390095e-06
111.77,0.0,137.49502035986086,4.431917e-06
111.77,0.0,137.49459964569706,4.526824e-06
111.77,0.0,137.49417138817475,4.521615e-06
111.77,0.0,137.49374967754054,4.716334e-06
111.77,0.0,137.49333273047756,4.869144e-06
111.77,0.0,137.49291395610396,5.021837e-06
111.77,0.0,137.49251185572413,5.381851e-06
111.77,0.0,137.49207516442416,5.326088e-06
111.77,0.0,137.49166249399764,5.210619e-06
111.77,0.0,137.4912525447829,5.285576e-06
111.77,0.0,137.49081384295675,5.221504e-06
111.77,0.0,137.49039734680053,5.319918e-06
111.77,0.0,137.48999252703373,5.245325e-06
111.77,0.0,137.4895852642156,5.21967e-06
111.77,0.0,137.48915217283005,5.297159e-06
111.77,0.0,137.48872543434427,5.422829e-06
111.77,0.0,137.48830612000367,5.489463e-06
111.77,0.0,137.4879115564109,5.373658e-06
111.77,0.0,137.48747942288367,5.691269e-06
111.77,0.0,137.48707171549177,5.432041e-06
111.77,0.0,137.48663708439545,5.310125e-06
111.77,0.0,137.48622961195517,5.062175e-06
111.77,0.0,137.48579403891702,4.852162e-06
111.77,0.0,137.48540396823785,4.766247e-06
111.77,0.0,137.4849739240545,4.376416e-06
111.77,0.0,137.48457387144737,4.25952e-06
111.77,0.0,137.48413491755542,4.405752e-06
111.77,0.0,137.48371486967864,4.454385e-06
111.77,0.0,137.48329489358252,4.427784e-06
111.77,0.0,137.48288266043488,4.741916e-06
111.77,0.0,137.48247384281504,4.897724e-06
111.77,0.0,137.48204543762103,5.011432e-06
111.77,0.0,137.4816086482809,5.225287e-06
111.77,0.0,137.48120594540404,5.128517e-06
111.77,0.0,137.48076054257936,4.90775e-06
111.77,0.0,137.48035565777627,4.648435e-06
111.77,0.0,137.47994698351226,4.436064e-06
111.77,0.0,137.4795295850367,4.350804e-06
111.77,0.0,137.4791110197661,4.559566e-06
111.77,0.0,137.47870362001652,4.549802e-06
111.77,0.0,137.4782601079233,4.634319e-06
111.77,0.0,137.477870029462,4.530302e-06
111.77,0.0,137.4774454764546,4.603848e-06
111.77,0.0,137.47704490187735,4.527537e-06
111.77,0.0,137.47662323745223,4.494126e-06
111.77,0.0,137.47619837648313,4.704489e-06
111.77,0.0,137.4757815148079,4.694652e-06
111.77,0.0,137.47538054759158,4.645874e-06
111.77,0.0,137.4749464467782,4.71354e-06
111.77,0.0,137.47452477155105,4.693837e-06
111.77,0.0,137.47411801743198,4.298476e-06
111.77,0.0,137.4736802000641,3.821086e-06
111.77,0.0,137.4732829781118,3.98251e-06
111.77,0.0,137.4728469362658,4.082322e-06
111.77,0.0,137.47245194688495,4.379457e-06
111.77,0.0,137.4720174597093,4.314963e-06
111.77,0.0,137.47161014608238,4.565198e-06
111.77,0.0,137.47116771406894,4.328162e-06
111.77,0.0,137.47074559813652,4.156027e-06
111.77,0.0,137.4703447208278,4.217625e-06
111.77,0.0,137.46991792917987,4.500791e-06
111.77,0.0,137.46952482917186,4.019443e-06
111.77,0.0,137.46908527789927,3.785652e-06
111.77,0.0,137.46868412523028,3.341585e-06
111.77,0.0,137.46823907875074,3.568028e-06
111.77,0.0,137.46783234023556,4.012429e-06
111.77,0.0,137.46741882693786,4.218135e-06
111.77,0.0,137.46702488144976,4.480855e-06
111.77,0.0,137.46658550371706,4.664806e-06
111.77,0.0,137.4661855546783,4.838235e-06
111.77,0.0,137.46574602067588,4.631176e-06
111.77,0.0,137.46534124688057,4.53653e-06
111.77,0.0,137.4649248717815,4.56252e-06
111.77,0.0,137.4645021586182,4.70267e-06
111.77,0.0,137.4640937656773,4.910078e-06
111.77,0.0,137.46364366063523,5.152746e-06
111.77,0.0,137.46324211816423,5.344831e-06
111.77,0.0,137.4628150893683,5.210095e-06
111.77,0.0,137.46239515162696,4.973437e-06
111.77,0.0,137.46198436288086,4.179819e-06
111.77,0.0,137.46154758760298,4.332236e-06
111.77,0.0,137.46114413195454,4.53183e-06
111.77,0.0,137.46070478696373,4.365938e-06
111.77,0.0,137.4603034540734,4.403599e-06
111.77,0.0,137.45987503467526,4.514717e-06
111.77,0.0,137.45948401071107,4.552683e-06
111.77,0.0,137.4590406835964,4.508402e-06
111.77,0.0,137.45864208867076,4.597852e-06
111.77,0.0,137.45820065839027,4.523637e-06
111.77,0.0,137.45779589176823,4.270929e-06
111.77,0.0,137.45739027369515,4.159621e-06
111.77,0.0,137.45698116757424,3.963854e-06
111.77,0.0,137.45654780208017,4.279733e-06
111.77,0.0,137.45614153953966,4.482048e-06
111.77,0.0,137.45570152933303,4.706511e-06
111.77,0.0,137.45529477140346,4.791684e-06
111.77,0.0,137.45488824698168,5.169641e-06
111.77,0.0,137.45447581811135,5.039488e-06
111.77,0.0,137.45405143883136,4.881949e-06
111.77,0.0,137.45363077172348,4.900037e-06
111.77,0.0,137.45322642046924,4.908681e-06
111.77,0.0,137.4527849138167,4.693953e-06
111.77,0.0,137.45238106905458,4.830712e-06
111.77,0.0,137.45197411188522,4.688816e-06
111.77,0.0,137.45154041150442,4.450398e-06
111.77,0.0,137.45112093989843,4.312809e-06
111.77,0.0,137.45070043339732,4.620873e-06
111.77,0.0,137.45029719185848,4.69292e-06
111.77,0.0,137.44985760865436,4.696689e-06
111.77,0.0,137.44944512776735,4.608082e-06
111.77,0.0,137.44903997729017,4.579488e-06
111.77,0.0,137.44859911737854,4.41802e-06
111.77,0.0,137.44819581654676,4.902176e-06
111.77,0.0,137.4477518948538,4.930509e-06
111.77,0.0,137.44736773571913,4.956994e-06
111.77,0.0,137.4469372899822,4.795802e-06
111.77,0.0,137.44653674699836,4.56757e-06
111.77,0.0,137.44609856358923,4.909962e-06
111.77,0.0,137.44570247719162,5.101872e-06
111.77,0.0,137.44526144536295,5.099078e-06
111.77,0.0,137.4448556522809,5.15912e-06
111.77,0.0,137.44443941938513,4.953006e-06
111.77,0.0,137.44404132855834,4.973379e-06
111.77,0.0,137.44360038443713,4.946356e-06
111.77,0.0,137.44316880713978,4.943417e-06
111.77,0.0,137.44274804642714,4.962494e-06
111.77,0.0,137.44231590686496,5.293172e-06
111.77,0.0,137.44192774720113,5.777052e-06
111.77,0.0,137.44150104666122,5.55141e-06
111.77,0.0,137.44108615957876,5.490685e-06
111.77,0.0,137.4406532143233,5.326903e-06
111.77,0.0,137.4402460261172,5.707727e-06
111.77,0.0,137.43982007309722,5.358845e-06
111.77,0.0,137.43940570161644,5.2838e-06
111.77,0.0,137.4390014059873,5.658163e-06
111.77,0.0,137.43858518878687,5.807044e-06
111.77,0.0,137.4381602849607,5.909285e-06
111.77,0.0,137.43775633845175,5.835784e-06
111.77,0.0,137.4373195349329,5.826048e-06
111.77,0.0,137.43690868112748,5.977694e-06
111.77,0.0,137.4365105712777,6.043396e-06
111.77,0.0,137.43607216281765,5.743437e-06
111.77,0.0,137.4356673334074,5.432419e-06
111.77,0.0,137.4352263921598,5.339461e-06
111.77,0.0,137.43483159003242,5.08751e-06
111.77,0.0,137.43441707713646,5.281021e-06
111.77,0.0,137.43401057422204,5.599431e-06
111.77,0.0,137.43356918092346,5.774826e-06
111.77,0.0,137.43316820598602,6.269664e-06
111.77,0.0,137.43272679551123,6.072281e-06
111.77,0.0,137.4323208744246,5.908922e-06
111.77,0.0,137.43190174250753,5.533628e-06
111.77,0.0,137.4314775000278,5.681344e-06
111.77,0.0,137.4310706888573,5.799098e-06
111.77,0.0,137.4306270070403,6.017275e-06
111.77,0.0,137.4302191916149,5.804672e-06
111.77,0.0,137.42977739234692,5.518421e-06
111.77,0.0,137.429393996408,5.325273e-06
111.77,1.0,137.4289708051376,5.500726e-06
111.77,1.0,137.4285507948072,5.613736e-06
111.77,1.0,137.42811980415027,5.715003e-06
111.77,1.0,137.42769890168037,5.710128e-06
111.77,1.0,137.4273047171177,5.706082e-06
111.77,1.0,137.42688136792347,5.446185e-06
111.77,1.0,137.42645605264673,4.734495e-06
111.77,1.0,137.426052545989,4.84362e-06
111.77,1.0,137.42561327172712,5.106413e-06
111.77,1.0,137.42521583182108,4.919144e-06
111.77,1.0,137.42477481138926,4.734917e-06
111.77,1.0,137.4243811740667,4.315996e-06
111.77,1.0,137.4239735361594,3.205438e-06
111.77,1.0,137.42353347514134,2.904577e-06
111.77,1.0,137.42313294212147,2.812318e-06
111.77,1.0,137.42269137137765,3.053399e-06
111.77,1.0,137.42225155027222,3.852692e-06
111.77,1.0,137.42186117721945,4.550006e-06
111.77,1.0,137.4214317878577,4.538291e-06
111.77,1.0,137.4210365303894,4.560658e-06
111.77,1.0,137.42060168153301,4.325178e-06
111.77,1.0,137.42016601535323,4.668284e-06
111.77,1.0,137.4197638765334,4.603178e-06
111.77,1.0,137.4193291605361,5.189388e-06
111.77,1.0,137.41894801294882,5.503243e-06
111.77,1.0,137.41851348562224,5.850059e-06
111.77,1.0,137.41808680941242,6.324743e-06
111.77,1.0,137.41768263138448,5.991649e-06
111.77,1.0,137.41727806058668,5.70307e-06
111.77,1.0,137.41684456823393,5.642971e-06
111.77,1.0,137.41644856955847,5.805079e-06
111.77,1.0,137.41600705695865,6.019414e-06
111.77,1.0,137.41560064020638,5.86755e-06
111.77,1.0,137.41518171438923,5.641748e-06
111.77,1.0,137.41475093542104,5.075868e-06
111.77,1.0,137.41436136261086,2.216184e-06
111.77,1.0,137.4139361425992,8.814532e-07
111.77,1.0,137.4135291566315,5.393231e-07
111.77,1.0,137.41308952938223,1.141962e-06
111.77,1.0,137.41266376159223,4.540052e-07
111.77,1.0,137.41225051584172,5.99437e-07
111.77,1.0,137.41181430035624,8.46383e-07
111.77,1.0,137.41142199139153,1.40896e-06
111.77,1.0,137.41099266337082,1.76586e-06
111.77,1.0,137.41058453775656,1.583336e-06
111.77,1.0,137.41014144586316,2.11077e-06
111.77,1.0,137.40975207668083,2.014232e-06
111.77,1.0,137.40931927744052,2.892542e-06
111.77,1.0,137.40891506633918,3.027191e-06
111.77,1.0,137.40848233916927,2.477813e-06
111.77,1.0,137.40807421604893,2.471104e-06
111.77,1.0,137.4076465388462,3.070396e-06
111.77,1.0,137.40722990261747,4.02928e-06
111.77,1.0,137.4067970780518,4.200134e-06
111.77,1.0,137.40640753277933,3.962137e-06
111.77,1.0,137.4059763149177,3.214474e-06
111.77,1.0,137.40556710635923,2.453162e-06
111.77,1.0,137.4051428960046,2.249493e-06
111.77,1.0,137.40472675608856,3.112902e-06
111.77,1.0,137.4042919093616,4.134927e-06
111.77,1.0,137.40390204722738,3.116525e-06
111.77,1.0,137.4034718415445,1.990411e-06
111.77,1.0,137.40306943288104,2.356624e-06
111.77,1.0,137.402635357242,2.710178e-06
111.77,1.0,137.40219826609933,1.641383e-06
111.77,1.0,137.40176183641313,1.316948e-06
111.77,1.0,137.40138079260387,2.038316e-06
111.77,1.0,137.4009589500998,2.743851e-06
111.77,1.0,137.40052668939236,2.515706e-06
111.77,1.0,137.40011332767585,2.600587e-06
111.77,1.0,137.39969123263157,3.293535e-06
111.77,1.0,137.3992772600598,3.536334e-06
111.77,1.0,137.3988698239335,3.651003e-06
111.77,1.0,137.39845821701064,4.604575e-06
111.77,1.0,137.39803345012183,4.962363e-06
111.77,1.0,137.39763217288817,2.882574e-06
111.77,1.0,137.39718945744752,2.389599e-06
111.77,1.0,137.39678796544538,4.351619e-06
111.77,1.0,137.39636085247457,4.878064e-06
111.77,1.0,137.3959748897316,5.479495e-06
111.77,1.0,137.3955363845356,4.998117e-06
111.77,1.0,137.39513602322106,4.620029e-06
111.77,1.0,137.39469950518796,5.361886e-06
111.77,1.0,137.3942937392138,5.105714e-06
111.77,1.0,137.39386875979045,4.088011e-06
111.77,1.0,137.39344661719693,4.064976e-06
111.77,1.0,137.39303911751887,1.699213e-06
111.77,1.0,137.3926149400825,3.638124e-07
111.77,1.0,137.39218553489889,4.618923e-07
111.77,1.0,137.39174637883758,7.116905e-07
111.77,1.0,137.3913529543446,7.631024e-07
111.77,1.0,137.39092983663346,1.177032e-06
111.77,1.0,137.39052221032665,2.952293e-06
111.77,1.0,137.3901044628212,3.273148e-06
111.77,1.0,137.3896750666094,2.684261e-06
111.77,1.0,137.38927459000547,2.984685e-06
111.77,1.0,137.3888410341932,4.365604e-06
111.77,1.0,137.38843426054208,4.634057e-06
111.77,1.0,137.38801639450705,4.816975e-06
111.77,1.0,137.3875785960922,2.01739e-06
111.77,1.0,137.38716662868993,9.818323e-07
111.77,1.0,137.38674184680343,1.097724e-06
111.77,1.0,137.3863466157307,1.514592e-06
111.77,1.0,137.3859197972624,1.54553e-06
111.77,1.0,137.38551364185417,6.31233e-07
111.77,1.0,137.38509012108307,6.126502e-07
111.77,1.0,137.38466570547124,1.556822e-06
111.77,1.0,137.38424757162088,2.675501e-06
111.77,1.0,137.38381606262345,3.450041e-06
111.77,1.0,137.3834102833996,4.753398e-06
111.77,1.0,137.38300249008083,4.81015e-06
111.77,1.0,137.38255676925087,4.264773e-06
111.77,1.0,137.382155867312,3.032226e-06
111.77,1.0,137.38171210473516,1.494918e-06
111.77,1.0,137.3813104703783,6.012997e-07
111.77,1.0,137.38088923290903,6.311457e-07
111.77,1.0,137.38047211167557,2.078013e-08
111.77,1.0,137.38006791980288,-3.055902e-10
111.77,1.0,137.37963298128733,8.250936e-09
111.77,0.0,137.37921655935224,6.810296e-09
111.77,0.0,137.3788083070443,1.315493e-08
111.77,0.0,137.3783868428833,-2.73576e-09
111.77,0.0,137.37800225400744,8.352799e-09
111.77,0.0,137.3775617066839,-1.67347e-09
111.77,0.0,137.3771518191538,7.377821e-09
111.77,0.0,137.37672816157604,1.615263e-09
111.77,0.0,137.37629352485547,4.351023e-09
111.77,0.0,137.3758950995267,2.604793e-09
111.77,0.0,137.3754843523959,4.380126e-09
111.77,0.0,137.37506980965654,1.717126e-09
111.77,0.0,137.3746340104555,4.380126e-09
111.77,0.0,137.3742267177712,4.78758e-09
111.77,0.0,137.3737899385912,1.018634e-09
111.77,0.0,137.3734067528016,4.1764e-09
111.77,0.0,137.37298427189444,3.390596e-09
111.77,0.0,137.37254908531096,2.779416e-09
111.77,0.0,137.37214821537077,3.245077e-09
111.77,0.0,137.3717124958542,3.565219e-09
111.77,0.0,137.37129078138736,3.477908e-09
111.77,0.0,137.3708632813981,4.321919e-09
111.77,0.0,137.37044732570092,3.143214e-09
111.77,0.0,137.37004456479954,2.488378e-09
111.77,0.0,137.3696222050623,3.987225e-09
111.77,0.0,137.3691946933117,3.012246e-09
111.77,0.0,137.36878856670396,2.983143e-09
111.77,0.0,137.36836931864892,3.521563e-09
121.27,0.0,138.3207578125,2.104508e-05
121.27,0.0,138.3207309198422,-3.484689e-06
121.27,0.0,138.32060878516072,-2.554967e-06
121.27,0.0,138.32047583993202,-1.960478e-06
121.27,0.0,138.32029149517,-1.513428e-06
121.27,0.0,138.32006682220904,-1.163979e-06
121.27,0.0,138.31980422385809,-8.943898e-07
121.27,0.0,138.31951608588244,-6.870978e-07
121.27,0.0,138.31915319903445,-5.252659e-07
121.27,0.0,138.31876092249271,-4.006724e-07
121.27,0.0,138.3183594258961,-3.06376e-07
121.27,0.0,138.31795700066877,-2.28596e-07
121.27,0.0,138.3175475407444,-1.732842e-07
121.27,0.0,138.31711379444232,-1.270964e-07
121.27,0.0,138.31668624537684,-9.259384e-08
121.27,0.0,138.31627655178562,-6.787013e-08
121.27,0.0,138.31586554387667,-4.714821e-08
121.27,0.0,138.31543626516176,-3.259629e-08
121.27,0.0,138.31502880845574,-1.811713e-08
121.27,0.0,138.31461637821047,-1.040462e-08
121.27,0.0,138.31419694744486,-2.80852e-09
121.27,0.0,138.31376041639348,4.234607e-09
121.27,0.0,138.3133615030448,5.296897e-09
121.27,0.0,138.31292277359344,1.044828e-08
121.27,0.0,138.31251976082888,1.114677e-08
121.27,0.0,138.3121089530218,1.322769e-08
121.27,0.0,138.31166629636667,1.573062e-08
121.27,0.0,138.31125532547122,1.412991e-08
121.27,0.0,138.31082947630475,1.804437e-08
121.27,0.0,138.31041633490995,1.439184e-08
121.27,0.0,138.31000955822984,1.833541e-08
121.27,0.0,138.30957819460366,1.718581e-08
121.27,0.0,138.30915507844645,1.642911e-08
121.27,0.0,138.30873841993997,1.734588e-08
121.27,0.0,138.30833437698533,1.498847e-08
121.27,0.0,138.30792167703476,1.840817e-08
121.27,0.0,138.3074952315474,1.70694e-08
121.27,0.0,138.30708172820297,1.545413e-08
121.27,0.0,138.30666871528575,1.509034e-08
121.27,0.0,138.30625452104675,1.628359e-08
121.27,0.0,138.30581048690303,1.664739e-08
121.27,0.0,138.30541263304943,1.414446e-08
121.27,0.0,138.3050102622629,1.653098e-08
121.27,0.0,138.30457035189733,1.398439e-08
121.27,0.0,138.304148979797,1.629815e-08
121.27,0.0,138.30373607523234,1.424633e-08
121.27,0.0,138.30329853785514,1.453736e-08
121.27,0.0,138.30289478339552,1.616718e-08
121.27,0.0,138.3024923625729,1.241278e-08
121.27,0.0,138.3020531202742,1.581793e-08
121.27,0.0,138.301634907007,1.324224e-08
121.27,0.0,138.30121570553578,1.509034e-08
121.27,0.0,138.300776304517,1.263106e-08
121.27,0.0,138.30037451087856,1.399894e-08
121.27,0.0,138.2999774724636,1.299486e-08
121.27,0.0,138.29953893226525,1.242734e-08
121.27,0.0,138.2991189809618,1.382432e-08
121.27,0.0,138.29869858793774,1.215085e-08
121.27,0.0,138.29828841557082,1.13796e-08
121.27,0.0,138.29788802729533,1.418812e-08
121.27,0.0,138.2974877380833,1.156877e-08
121.27,0.0,138.29704792809042,1.187436e-08
121.27,0.0,138.2966302437975,1.305307e-08
121.27,0.0,138.29621693631557,1.282024e-08
121.27,0.0,138.29581158587249,1.011358e-08
121.27,0.0,138.29537449265965,1.056469e-08
121.27,0.0,138.29497717795925,1.396984e-08
121.27,0.0,138.29456726511935,1.178705e-08
121.27,0.0,138.29413740646066,1.369335e-08
121.27,0.0,138.2937058339847,1.162698e-08
121.27,0.0,138.29329563861978,9.007636e-09
121.27,0.0,138.29285538377255,1.235458e-08
121.27,0.0,138.29245193332656,9.444193e-09
121.27,0.0,138.29204532055533,1.199078e-08
121.27,0.0,138.29161198619175,1.347507e-08
121.27,0.0,138.2911827331712,1.299486e-08
121.27,0.0,138.2907639357616,1.043372e-08
121.27,0.0,138.29036897048124,1.153967e-08
121.27,0.0,138.2899290097266,1.171429e-08
121.27,0.0,138.28952821551968,8.65839e-09
121.27,0.0,138.28911439340064,1.151056e-08
121.27,0.0,138.28869193820472,1.037552e-08
121.27,0.0,138.28825260861854,1.116132e-08
121.27,0.0,138.28785251224903,1.279113e-08
121.27,0.0,138.2874530172707,9.138603e-09
121.27,0.0,138.28701535233878,1.232547e-08
121.27,0.0,138.28660106283382,1.014268e-08
121.27,0.0,138.28618534220732,1.145236e-08
121.27,0.0,138.28577072307297,1.043372e-08
121.27,0.0,138.28532939497893,9.19681e-09
121.27,0.0,138.28492603542304,1.212175e-08
121.27,0.0,138.2845208221664,1.082662e-08
121.27,0.0,138.28409182637614,8.920324e-09
121.27,0.0,138.28366201320165,1.161243e-08
121.27,0.0,138.28324799566317,1.059379e-08
121.27,0.0,138.28282232602032,9.531504e-09
121.27,0.0,138.2824087353146,1.020089e-08
121.27,0.0,138.28201625115324,1.159788e-08
121.27,0.0,138.28156245511485,1.105946e-08
121.27,0.0,138.28115337302205,8.338247e-09
121.27,0.0,138.28071612949824,8.629286e-09
121.27,0.0,138.28030502817404,1.02591e-08
121.27,0.0,138.27989080288293,1.161243e-08
121.27,0.0,138.27950491707776,7.683411e-09
121.27,0.0,138.2790655456121,1.068111e-08
121.27,0.0,138.27864268480727,8.527422e-09
121.27,0.0,138.27822834309794,7.97445e-09
121.27,0.0,138.27781925970203,8.774805e-09
121.27,0.0,138.2774212491992,1.004082e-08
121.27,0.0,138.27698185856525,1.09867e-08
121.27,0.0,138.2765730528411,8.076313e-09
121.27,0.0,138.27615832409052,8.105417e-09
121.27,0.0,138.27574251562797,9.400537e-09
121.27,0.0,138.2753070777333,9.822543e-09
121.27,0.0,138.27489911205416,1.023e-08
121.27,0.0,138.27449983576514,8.221832e-09
121.27,0.0,138.2740817839473,7.785275e-09
121.27,0.0,138.27363928319465,8.993084e-09
121.27,0.0,138.27322591219345,9.662472e-09
121.27,0.0,138.27281910904316,8.702045e-09
121.27,0.0,138.272377621706,9.88075e-09
121.27,0.0,138.27197488074637,9.225914e-09
121.27,0.0,138.2715667388242,9.284122e-09
121.27,0.0,138.27113616042698,9.589712e-09
121.27,0.0,138.27069415680234,7.581548e-09
121.27,0.0,138.270301973836,8.847564e-09
121.27,0.0,138.26985704760435,9.909854e-09
121.27,0.0,138.26946485547978,6.664777e-09
121.27,0.0,138.2690549141051,7.97445e-09
121.27,0.0,138.26863482318385,9.502401e-09
121.27,0.0,138.268194248437,9.429641e-09
121.27,0.0,138.26778494580972,7.887138e-09
121.27,0.0,138.26738288595507,7.770723e-09
121.27,0.0,138.26697740569736,1.076842e-08
121.27,0.0,138.26652846985462,7.072231e-09
121.27,0.0,138.26612614213317,9.255018e-09
121.27,0.0,138.2657066331481,9.57516e-09
121.27,0.0,138.26526884841468,6.941264e-09
121.27,0.0,138.26486761929377,1.004082e-08
121.27,0.0,138.26446690514967,6.577466e-09
121.27,0.0,138.2640280480345,8.134521e-09
121.27,0.0,138.26360084830867,9.284122e-09
121.27,0.0,138.26319203807017,9.968062e-09
121.27,0.0,138.26275451418402,9.138603e-09
121.27,0.0,138.2623523200126,8.381903e-09
121.27,0.0,138.26192094601348,3.997411e-08
121.27,0.0,138.2615212830445,3.926107e-08
121.27,0.0,138.26110619011675,4.627509e-08
121.27,0.0,138.26068086855153,1.238805e-07
121.27,0.0,138.26024672864096,1.263397e-07
121.27,0.0,138.25984448721726,8.071947e-08
121.27,0.0,138.2594369858773,7.890048e-08
121.27,0.0,138.25900247984072,1.49972e-07
121.27,0.0,138.2585878012789,1.746957e-07
121.27,0.0,138.25817210786457,1.326989e-07
121.27,0.0,138.25775619475888,2.168526e-07
121.27,0.0,138.25735715755212,3.000023e-07
121.27,0.0,138.25691746518262,2.960733e-07
121.27,0.0,138.25651562564593,4.845351e-07
121.27,0.0,138.25610251412638,3.681344e-07
121.27,0.0,138.25567602804938,4.088943e-07
121.27,0.0,138.25523987484888,3.264577e-07
121.27,0.0,138.25483918005858,3.063324e-07
121.27,0.0,138.25444175728433,3.099995e-07
121.27,0.0,138.2540015078268,2.590969e-07
121.27,0.0,138.25358712139908,2.506131e-07
121.27,0.0,138.25317238746592,2.136949e-07
121.27,0.0,138.2527583330769,3.00759e-07
121.27,0.0,138.25231467901634,2.025627e-07
121.27,0.0,138.2519107844572,2.422312e-07
121.27,0.0,138.2514956442648,1.996523e-07
121.27,0.0,138.25109355689602,1.708686e-07
121.27,0.0,138.25065765791618,1.521257e-07
121.27,0.0,138.25023526698476,1.494191e-07
121.27,0.0,138.2498210341148,1.355802e-07
121.27,0.0,138.24940876388874,1.205917e-07
121.27,0.0,138.2489894306487,1.018343e-07
121.27,0.0,138.24856948471418,1.146691e-07
121.27,0.0,138.2481399898012,5.864422e-08
121.27,0.0,138.24771429141603,8.908683e-08
121.27,0.0,138.24731577794657,4.394678e-08
121.27,0.0,138.2469027669185,1.362772e-06
121.27,0.0,138.2464981540868,1.37501e-07
121.27,0.0,138.2460584259734,6.676419e-08
121.27,0.0,138.24565711776648,9.239011e-08
121.27,0.0,138.24521404258775,7.658091e-07
121.27,0.0,138.2448128954227,1.07511e-06
121.27,0.0,138.24439792304386,1.40199e-06
121.27,0.0,138.2439716054221,1.261389e-06
121.27,0.0,138.24355279287767,1.394044e-06
121.27,0.0,138.24312433083034,1.774664e-06
121.27,0.0,138.24271866565738,1.460867e-06
121.27,0.0,138.24227802257678,1.989814e-06
121.27,0.0,138.24187169146475,1.790613e-06
121.27,0.0,138.24146800377693,1.902299e-06
121.27,0.0,138.241033916965,1.969413e-06
121.27,0.0,138.24063439415008,1.686712e-06
121.27,0.0,138.24019487492805,1.974098e-06
121.27,0.0,138.23979088828378,1.467881e-06
121.27,0.0,138.23935865003628,1.912602e-06
121.27,0.0,138.2389445661463,1.760869e-06
121.27,0.0,138.23854932444897,1.81931e-06
121.27,0.0,138.23811506161684,2.013694e-06
121.27,0.0,138.2377105450764,1.828186e-06
121.27,0.0,138.23727607071902,1.858323e-06
121.27,0.0,138.23686490137223,2.000481e-06
121.27,0.0,138.23647063582297,1.82286e-06
121.27,0.0,138.23603904936797,2.174304e-06
121.27,0.0,138.23560912258975,1.759312e-06
121.27,0.0,138.23519190561538,1.55899e-06
121.27,0.0,138.23478594163072,1.83552e-06
121.27,0.0,138.2343499915713,1.43284e-06
121.27,0.0,138.23397025326207,1.784239e-06
121.27,0.0,138.23353533098623,1.431297e-06
121.27,0.0,138.23311640835473,1.819149e-06
121.27,0.0,138.23269050859085,1.521606e-06
121.27,0.0,138.23225259417984,1.81084e-06
121.27,0.0,138.2318517730549,1.731882e-06
121.27,0.0,138.2314323481174,1.562323e-06
121.27,0.0,138.23100350439145,1.789245e-06
121.27,0.0,138.230581943485,1.540247e-06
121.27,0.0,138.23015879055632,1.706809e-06
121.27,0.0,138.22972901992233,1.491411e-06
121.27,0.0,138.229341556811,1.588152e-06
121.27,0.0,138.228940072211,1.730092e-06
121.27,0.0,138.22850045148945,1.5439e-06
121.27,0.0,138.22808881966657,1.99581e-06
121.27,0.0,138.22767403234738,1.855296e-06
121.27,0.0,138.2272589058624,1.865541e-06
121.27,0.0,138.22682156496074,1.87986e-06
121.27,0.0,138.2264215255602,1.848442e-06
121.27,0.0,138.22601841887789,1.661945e-06
121.27,0.0,138.22557461476768,1.633409e-06
121.27,0.0,138.22516028866258,1.600725e-06
121.27,0.0,138.2247433680953,1.657754e-06
121.27,0.0,138.2243384135449,1.464781e-06
121.27,0.0,138.2238893780412,1.21913e-06
121.27,0.0,138.22350276068164,1.367589e-06
121.27,0.0,138.22305812571682,1.240172e-06
121.27,0.0,138.2226406660685,1.311782e-06
121.27,0.0,138.22222512509092,1.418259e-06
121.27,0.0,138.22178820264983,1.347042e-06
121.27,0.0,138.22138304975383,1.602835e-06
121.27,0.0,138.2209823888771,1.286942e-06
121.27,0.0,138.22054280301992,1.640088e-06
121.27,0.0,138.2201243273648,1.876033e-06
121.27,0.0,138.21970275285278,1.629887e-06
121.27,0.0,138.21930558951874,2.023633e-06
121.27,0.0,138.21886068219288,1.611945e-06
121.27,0.0,138.21846431089597,1.395034e-06
121.27,0.0,138.21805498142555,1.7766e-06
121.27,0.0,138.2176356223382,1.285851e-06
121.27,0.0,138.21722301579658,1.397886e-06
121.27,0.0,138.2167844199499,1.58757e-06
121.27,0.0,138.21638450322936,1.657041e-06
121.27,0.0,138.21598254114159,1.445806e-06
121.27,0.0,138.21557381433777,1.478664e-06
121.27,0.0,138.2151254667566,1.293723e-06
121.27,0.0,138.21471332968093,1.408494e-06
121.27,0.0,138.21430596212707,1.502223e-06
121.27,0.0,138.21388500095972,1.277032e-06
121.27,0.0,138.21346660198225,1.365115e-06
121.27,0.0,138.21305732770628,1.35797e-06
121.27,0.0,138.21261245882792,1.203181e-06
121.27,0.0,138.21219266246138,1.302033e-06
121.27,0.0,138.2117829287241,1.084569e-06
121.27,0.0,138.21136263499724,1.096952e-06
121.27,0.0,138.21094638448648,1.112188e-06
121.27,0.0,138.21054114503679,1.028922e-06
121.27,0.0,138.21010727524163,1.223729e-06
121.27,0.0,138.2096803965974,1.075969e-06
121.27,0.0,138.20926867106996,9.637151e-07
121.27,0.0,138.2088665847379,1.118999e-06
121.27,0.0,138.20846481037958,9.43488e-07
121.27,0.0,138.20802349055586,1.034059e-06
121.27,0.0,138.20760540931954,9.847863e-07
121.27,0.0,138.20719403275422,9.132054e-07
121.27,0.0,138.20678496669288,1.193548e-06
121.27,0.0,138.20635287862962,9.810028e-07
121.27,0.0,138.20593285368065,9.045179e-07
121.27,0.0,138.20552326954933,1.018227e-06
121.27,0.0,138.2051095505055,8.414208e-07
121.27,0.0,138.20468547240844,8.785428e-07
121.27,0.0,138.2042463337839,9.34655e-07
121.27,0.0,138.2038425220019,8.907082e-07
121.27,0.0,138.20344219247272,8.557981e-07
121.27,0.0,138.20300267857692,9.867072e-07
121.27,0.0,138.20258864124838,8.105999e-07
121.27,0.0,138.20216115137012,9.071373e-07
121.27,0.0,138.20172629724786,9.285577e-07
121.27,0.0,138.20132170325797,7.74322e-07
121.27,0.0,138.20092057997311,9.174109e-07
121.27,0.0,138.20047872663665,8.325151e-07
121.27,0.0,138.20006779233046,9.185314e-07
121.27,0.0,138.19965210270271,9.335054e-07
121.27,0.0,138.19923683898884,7.601338e-07
121.27,0.0,138.1988333732595,9.53878e-07
121.27,0.0,138.198388400715,9.403011e-07
121.27,0.0,138.19799450276886,8.390489e-07
121.27,0.0,138.19758168286893,9.527139e-07
121.27,0.0,138.19716704656608,8.575589e-07
121.27,0.0,138.19675297563776,1.019464e-06
121.27,0.0,138.19631693761443,1.142966e-06
121.27,0.0,138.1959057373641,8.881034e-07
121.27,0.0,138.1955149375657,1.142107e-06
121.27,0.0,138.19507527466646,1.119333e-06
121.27,0.0,138.194650619423,1.078442e-06
121.27,0.0,138.194235865193,1.302309e-06
121.27,0.0,138.19383021722243,1.006774e-06
121.27,0.0,138.19339014678533,1.155888e-06
121.27,0.0,138.19298814242777,1.28262e-06
121.27,0.0,138.19257517695303,1.318127e-06
121.27,0.0,138.19214687734373,1.509616e-06
121.27,0.0,138.19171697982196,1.506225e-06
121.27,0.0,138.19131359014114,1.586086e-06
121.27,0.0,138.19087522312228,1.645094e-06
121.27,0.0,138.19047171360694,1.477092e-06
121.27,0.0,138.19005987964727,1.524109e-06
121.27,0.0,138.18964699054126,1.534514e-06
121.27,0.0,138.18922765495537,1.21638e-06
121.27,0.0,138.18879009594937,1.456036e-06
121.27,0.0,138.18839200373415,1.259235e-06
121.27,0.0,138.18795425842427,1.231267e-06
121.27,0.0,138.18754903710206,1.382883e-06
121.27,0.0,138.18713556695394,1.235865e-06
121.27,0.0,138.1867192703394,1.571374e-06
121.27,0.0,138.18627983802259,1.225504e-06
121.27,0.0,138.18587916247276,1.283537e-06
121.27,0.0,138.18547685688122,1.056163e-06
121.27,0.0,138.18504156781094,1.13959e-06
121.27,0.0,138.18462391494054,1.260953e-06
121.27,0.0,138.18420969225028,1.059714e-06
121.27,0.0,138.18379973156715,1.267967e-06
121.27,0.0,138.18336209579397,1.108012e-06
121.27,0.0,138.1829607012557,1.311098e-06
121.27,0.0,138.18252413054984,1.319844e-06
121.27,0.0,138.18210951653964,1.329856e-06
121.27,0.0,138.18168515712497,1.434833e-06
121.27,0.0,138.18125594630905,1.752749e-06
121.27,0.0,138.18085186407805,1.952212e-06
121.27,0.0,138.18041340172581,1.971304e-06
121.27,0.0,138.18001152264048,1.691515e-06
121.27,0.0,138.1795877898989,1.955515e-06
121.27,0.0,138.1791827466756,1.624678e-06
121.27,0.0,138.17877256401232,2.188855e-06
121.27,0.0,138.17832996926185,1.86429e-06
121.27,0.0,138.17793029392607,2.245564e-06
121.27,0.0,138.17752537253264,2.095054e-06
121.27,0.0,138.17709318191655,2.137327e-06
121.27,0.0,138.17667168168958,1.883134e-06
121.27,0.0,138.17626053920415,2.169589e-06
121.27,0.0,138.17586006510803,2.201865e-06
121.27,0.0,138.17541964982487,1.819877e-06
121.27,0.0,138.17501637533607,1.706168e-06
121.27,0.0,138.17460072593377,1.455439e-06
121.27,0.0,138.17418736103406,1.623644e-06
121.27,0.0,138.1737402949525,1.319626e-06
121.27,0.0,138.17333697921237,1.62833e-06
121.27,0.0,138.17292438885428,1.74687e-06
121.27,0.0,138.17249866468836,1.325301e-06
121.27,0.0,138.1720855279651,1.646884e-06
121.27,0.0,138.17167146777118,1.924796e-06
121.27,0.0,138.17122290200572,1.908164e-06
121.27,0.0,138.17081674864724,1.751629e-06
121.27,0.0,138.17041555513083,1.707696e-06
121.27,0.0,138.17001330802105,1.503431e-06
121.27,0.0,138.16956769714236,1.688866e-06
121.27,0.0,138.16915656855952,1.552617e-06
121.27,0.0,138.16874191144757,1.817258e-06
121.27,0.0,138.16830329869651,1.688386e-06
121.27,0.0,138.16789628770454,1.740307e-06
121.27,0.0,138.1675010478244,1.431705e-06
121.27,0.0,138.1670630099593,1.915847e-06
121.27,0.0,138.16664180986794,1.520006e-06
121.27,0.0,138.16622758643933,1.701919e-06
121.27,0.0,138.16582017189046,1.589578e-06
121.27,0.0,138.16540328230812,1.703243e-06
121.27,0.0,138.16497876411472,1.453605e-06
121.27,0.0,138.16456905722637,1.52846e-06
121.27,0.0,138.16415508286588,1.363966e-06
121.27,0.0,138.1636962175633,1.428489e-06
121.27,0.0,138.16330184464127,1.446999e-06
121.27,0.0,138.16287982968322,1.505017e-06
121.27,0.0,138.16245880500645,1.439956e-06
121.27,0.0,138.16205079975438,1.370223e-06
121.27,0.0,138.16161875886465,1.338733e-06
121.27,0.0,138.1611902834972,1.198903e-06
121.27,0.0,138.16077889804282,1.20372e-06
121.27,0.0,138.160377187375,1.115739e-06
121.27,0.0,138.15993895711333,1.140041e-06
121.27,0.0,138.15953277823428,1.143431e-06
121.27,0.0,138.15911690470986,1.242763e-06
121.27,0.0,138.15870078456697,1.159555e-06
121.27,0.0,138.15829231839155,1.278371e-06
121.27,0.0,138.1578494836568,1.261054e-06
121.27,0.0,138.157458268111,1.443346e-06
121.27,0.0,138.1570521754673,1.317545e-06
121.27,0.0,138.15662182095775,1.520995e-06
121.27,0.0,138.15619240812043,1.377935e-06
121.27,0.0,138.15578241748307,1.529887e-06
121.27,0.0,138.1553840965256,1.572625e-06
121.27,0.0,138.1549441317345,1.769382e-06
121.27,0.0,138.15453960240603,1.601846e-06
121.27,0.0,138.1541254420259,1.656226e-06
121.27,0.0,138.15370393653717,1.7571e-06
121.27,0.0,138.1532671762195,1.674052e-06
121.27,0.0,138.15286942902267,1.660272e-06
121.27,0.0,138.15242302027497,1.339446e-06
121.27,0.0,138.15202566629347,1.432316e-06
121.27,0.0,138.1515930441147,1.352673e-06
121.27,0.0,138.151169298725,1.291599e-06
121.27,0.0,138.15075314486063,1.165725e-06
121.27,0.0,138.15035027611646,1.356209e-06
121.27,0.0,138.14993827984964,1.305423e-06
121.27,0.0,138.1495082201059,1.155626e-06
121.27,0.0,138.14909281389063,1.34742e-06
121.27,0.0,138.14867788783422,1.610082e-06
121.27,0.0,138.14826341101107,1.454435e-06
121.27,0.0,138.14782360320638,1.237364e-06
121.27,0.0,138.14742572943973,1.297492e-06
121.27,0.0,138.14702121200443,1.747147e-06
121.27,0.0,138.14656870551747,1.79169e-06
121.27,0.0,138.14616058229248,1.578301e-06
121.27,0.0,138.1457457660116,1.856184e-06
121.27,0.0,138.14534008043785,1.926805e-06
121.27,0.0,138.14491828233798,2.06659e-06
121.27,0.0,138.144503922964,1.947308e-06
121.27,0.0,138.14408852565168,1.699605e-06
121.27,0.0,138.1436710087387,1.534034e-06
121.27,0.0,138.1432515283457,1.357388e-06
121.27,0.0,138.14280986648154,1.493012e-06
121.27,0.0,138.14241057036853,1.562992e-06
121.27,0.0,138.14197057970406,1.501583e-06
121.27,0.0,138.14156194366322,1.645851e-06
121.27,0.0,138.14114709643425,1.580018e-06
121.27,0.0,138.14073234994035,1.645749e-06
121.27,0.0,138.14029121911076,1.581735e-06
121.27,0.0,138.13988668464873,1.57817e-06
121.27,0.0,138.13948696643274,1.734123e-06
121.27,0.0,138.13904807797354,1.7657e-06
121.27,0.0,138.13862961883217,1.822686e-06
121.27,0.0,138.13821463624765,1.798486e-06
121.27,0.0,138.13780565352562,1.911438e-06
121.27,0.0,138.13740686119888,1.987646e-06
121.27,0.0,138.13696866972742,1.8633e-06
121.27,0.0,138.13656097216585,1.667257e-06
121.27,0.0,138.13614557057093,1.742868e-06
121.27,0.0,138.13572839434212,1.691937e-06
121.27,0.0,138.13528727658613,1.632739e-06
121.27,0.0,138.13488457192958,1.847235e-06
121.27,0.0,138.1344828869722,2.004977e-06
121.27,0.0,138.13407001108087,1.850131e-06
121.27,0.0,138.13364099937587,1.817156e-06
121.27,0.0,138.133207988734,1.644701e-06
121.27,0.0,138.1327976144034,1.612527e-06
121.27,0.0,138.13236117904825,1.614753e-06
121.27,0.0,138.1319624861538,1.607477e-06
121.27,0.0,138.1315547951269,1.657929e-06
121.27,0.0,138.13112253306934,1.552253e-06
121.27,0.0,138.13069308963014,1.641107e-06
121.27,0.0,138.13028121307394,1.86461e-06
121.27,0.0,138.12988135587423,1.692184e-06
121.27,0.0,138.12944202491622,1.717373e-06
121.27,0.0,138.12903925929984,1.618566e-06
121.27,0.0,138.12862656760907,1.689274e-06
121.27,0.0,138.128180727923,1.790075e-06
121.27,0.0,138.12776730496822,1.708206e-06
121.27,0.0,138.12736623075807,1.927619e-06
121.27,0.0,138.12695801766247,2.035187e-06
121.27,0.0,138.1265255029445,1.919281e-06
121.27,0.0,138.1261237217726,2.124783e-06
121.27,0.0,138.1256749744538,1.993423e-06
121.27,0.0,138.12525978532238,1.828332e-06
121.27,0.0,138.12485828758227,1.681503e-06
121.27,0.0,138.124455491005,1.737164e-06
121.27,0.0,138.12401712471,1.770226e-06
121.27,0.0,138.12360044540978,1.732231e-06
121.27,0.0,138.12318478341143,1.710345e-06
121.27,0.0,138.1227364233976,1.805616e-06
121.27,0.0,138.12232975854113,1.870561e-06
121.27,0.0,138.12191669575967,1.889843e-06
121.27,0.0,138.12149233657382,1.991924e-06
121.27,0.0,138.1210784878674,2.187982e-06
121.27,0.0,138.12066414890361,2.218134e-06
121.27,0.0,138.1202478596674,2.042216e-06
121.27,0.0,138.11980991881526,1.94287e-06
121.27,0.0,138.11940891228647,1.880529e-06
121.27,0.0,138.11900785099635,1.941225e-06
121.27,0.0,138.11859262104983,2.015411e-06
121.27,0.0,138.11816619807175,1.914421e-06
121.27,0.0,138.11773125900638,1.88277e-06
121.27,0.0,138.1173309608845,1.724475e-06
121.27,0.0,138.11693100648765,1.811917e-06
121.27,0.0,138.1164910541946,1.917855e-06
121.27,0.0,138.11607907535475,1.955821e-06
121.27,0.0,138.11566357853312,1.877488e-06
121.27,0.0,138.11524961947222,1.803332e-06
121.27,0.0,138.114811299263,1.884371e-06
121.27,0.0,138.11441107944165,1.856475e-06
121.27,0.0,138.1139922024341,1.896959e-06
121.27,0.0,138.11357876280366,1.843422e-06
121.27,0.0,138.1131637716113,1.863315e-06
121.27,0.0,138.11270254242993,1.983775e-06
121.27,0.0,138.1123057221171,1.992245e-06
121.27,0.0,138.11190351031362,2.125496e-06
121.27,0.0,138.11146495897344,1.971246e-06
121.27,0.0,138.11105616605101,1.831169e-06
121.27,0.0,138.11063876670477,1.770139e-06
121.27,0.0,138.11022336986403,1.922643e-06
121.27,0.0,138.10981734852498,1.712528e-06
121.27,0.0,138.10937694994078,1.653374e-06
121.27,0.0,138.10897437907937,1.61129e-06
121.27,0.0,138.10856484782502,1.822977e-06
121.27,0.0,138.10813246254548,1.883251e-06
121.27,0.0,138.10770215118387,1.96333e-06
121.27,0.0,138.10729678086201,1.929686e-06
121.27,0.0,138.10689504744747,1.772089e-06
121.27,0.0,138.10645227999416,1.966473e-06
121.27,0.0,138.10604720253005,2.074114e-06
121.27,0.0,138.10563441029936,2.356304e-06
121.27,0.0,138.10521450166175,2.430694e-06
121.27,0.0,138.1047756699646,2.287663e-06
121.27,0.0,138.1043749375451,2.284112e-06
121.27,0.0,138.1039724539443,2.382352e-06
121.27,0.0,138.10353412736757,2.680827e-06
121.27,0.0,138.10311574993378,2.681438e-06
121.27,0.0,138.1026935284871,2.325585e-06
121.27,0.0,138.10225513209528,2.286994e-06
121.27,0.0,138.1018547641468,2.266766e-06
121.27,0.0,138.10145120795852,2.429413e-06
121.27,0.0,138.10101664689486,2.412024e-06
121.27,0.0,138.10060134550096,2.512461e-06
121.27,0.0,138.10018664356966,2.484812e-06
121.27,0.0,138.09977252052502,2.35367e-06
121.27,0.0,138.09933228276756,2.53733e-06
121.27,0.0,138.0989318330228,2.346002e-06
121.27,0.0,138.09852731077973,2.351386e-06
121.27,0.0,138.09811268233855,2.271699e-06
121.27,0.0,138.0976886469228,2.486413e-06
121.27,0.0,138.09725180956465,2.387809e-06
121.27,0.0,138.0968530926387,2.348592e-06
121.27,0.0,138.0964559825884,2.195156e-06
121.27,0.0,138.09601652204717,2.281478e-06
121.27,0.0,138.09560123503195,2.394794e-06
121.27,0.0,138.09518787121962,2.395289e-06
121.27,0.0,138.0947769651202,2.521425e-06
121.27,0.0,138.09433694170016,2.55031e-06
121.27,0.0,138.09393581865413,2.500659e-06
121.27,0.0,138.09353169332644,2.619243e-06
121.27,0.0,138.09309385170582,2.401342e-06
121.27,0.0,138.09266908294347,2.581044e-06
121.27,0.0,138.09225682346508,2.632703e-06
121.27,0.0,138.09181626201817,2.60197e-06
121.27,0.0,138.09141353520008,2.455548e-06
121.27,0.0,138.09101306814765,2.396802e-06
121.27,0.0,138.09057388501984,2.34638e-06
121.27,0.0,138.09015017063533,2.161643e-06
121.27,0.0,138.0897353907972,1.789434e-06
121.27,0.0,138.08933089988483,1.667126e-06
121.27,0.0,138.08892808576783,1.329958e-06
121.27,0.0,138.08849158463394,1.639448e-06
121.27,0.0,138.08807977909854,1.556429e-06
121.27,0.0,138.0876581032466,2.02682e-06
121.27,0.0,138.08724948152997,1.736145e-06
121.27,0.0,138.08680993447499,1.890876e-06
121.27,0.0,138.08640818663716,1.486565e-06
121.27,0.0,138.0860060256304,1.768436e-06
121.27,0.0,138.0855693709824,1.829074e-06
121.27,0.0,138.08514563022092,2.26064e-06
121.27,0.0,138.08472955901166,2.161134e-06
121.27,0.0,138.08432161352812,2.447268e-06
121.27,0.0,138.0839042124242,2.396206e-06
121.27,0.0,138.08347641597987,2.607267e-06
121.27,0.0,138.08306640291977,2.498316e-06
121.27,0.0,138.08263760239066,2.50664e-06
121.27,0.0,138.08220914623635,2.366505e-06
121.27,0.0,138.08179752415234,2.073764e-06
121.27,0.0,138.08137323337584,2.273402e-06
121.27,0.0,138.08095507254174,2.213041e-06
121.27,0.0,138.08054867603204,2.244968e-06
121.27,0.0,138.08011787358257,2.2272e-06
121.27,0.0,138.07969022189124,2.226123e-06
121.27,0.0,138.07927825079798,2.201457e-06
121.27,0.0,138.0788772372297,2.347733e-06
121.27,0.0,138.07847711625263,2.493107e-06
121.27,0.0,138.0780376530697,2.182423e-06
121.27,0.0,138.07761258215518,2.40776e-06
121.27,0.0,138.0772108508943,2.507019e-06
121.27,0.0,138.0768056226858,2.526576e-06
121.27,0.0,138.0763652941324,2.492481e-06
121.27,0.0,138.0759625672126,2.562621e-06
121.27,0.0,138.07555492702917,2.502784e-06
121.27,0.0,138.07512270902424,2.71076e-06
121.27,0.0,138.07469263900344,2.509725e-06
121.27,0.0,138.0742805562128,2.672852e-06
121.27,0.0,138.0738772527173,2.625457e-06
121.27,0.0,138.07346998577057,2.581422e-06
121.27,0.0,138.07303242032822,2.106768e-06
121.27,0.0,138.0726182615996,2.155473e-06
121.27,0.0,138.07219670585823,2.171466e-06
121.27,0.0,138.0717578409392,2.345856e-06
121.27,0.0,138.07135690420077,2.530796e-06
121.27,0.0,138.07095446971547,2.732835e-06
121.27,0.0,138.07051504883952,1.584747e-06
121.27,0.0,138.07010094683815,1.837456e-06
121.27,0.0,138.0696880988978,1.935419e-06
121.27,0.0,138.06927705245852,2.212284e-06
121.27,0.0,138.06884054161168,1.988417e-06
121.27,0.0,138.06843879055012,2.053086e-06
121.27,0.0,138.06803462153545,1.855631e-06
121.27,0.0,138.06759055217114,1.766835e-06
121.27,0.0,138.06717683502825,1.886103e-06
121.27,0.0,138.0667650843228,2.08267e-06
121.27,0.0,138.0663255232517,1.764303e-06
121.27,0.0,138.06592471866338,1.4244e-06
121.27,0.0,138.06552281799972,1.46711e-06
121.27,0.0,138.0650875139836,1.505236e-06
121.27,0.0,138.0646630896025,1.952387e-06
121.27,0.0,138.0642513939565,2.100147e-06
121.27,0.0,138.0638475398863,2.335713e-06
121.27,0.0,138.06340821133898,2.20236e-06
121.27,0.0,138.06300893635256,2.488683e-06
121.27,0.0,138.06255799161968,2.479006e-06
121.27,0.0,138.0621454577882,2.776374e-06
121.27,0.0,138.0617291165392,2.654459e-06
121.27,0.0,138.06129739376843,2.873014e-06
121.27,0.0,138.0608909324346,2.779561e-06
121.27,0.0,138.06048834927324,2.976842e-06
121.27,0.0,138.060075654352,2.940724e-06
121.27,0.0,138.0596448283296,2.941786e-06
121.27,0.0,138.05921121659853,2.670524e-06
121.27,0.0,138.05880306412897,2.820685e-06
121.27,0.0,138.05839951128436,2.81907e-06
121.27,0.0,138.05799696294417,2.836954e-06
121.27,0.0,138.057560201715,3.132358e-06
121.27,0.0,138.0571403473475,2.995206e-06
121.27,0.0,138.05672664630438,2.796602e-06
121.27,0.0,138.05632398700953,2.873741e-06
121.27,0.0,138.0558840416121,2.907138e-06
121.27,0.0,138.05548196351182,2.887071e-06
121.27,0.0,138.0550701751255,2.700748e-06
121.27,0.0,138.0546590270511,2.744608e-06
121.27,0.0,138.05421216586237,2.576708e-06
121.27,0.0,138.05380742339622,2.605462e-06
121.27,0.0,138.05339331856695,2.413479e-06
121.27,0.0,138.05297202775176,2.377288e-06
121.27,0.0,138.05256529849933,2.12343e-06
121.27,0.0,138.05213427220366,2.035405e-06
121.27,0.0,138.0517034223648,1.816254e-06
121.27,0.0,138.05129636704757,2.216853e-06
121.27,0.0,138.05087348753963,2.418747e-06
121.27,0.0,138.05044962721095,2.90123e-06
121.27,0.0,138.05004341944397,3.046152e-06
121.27,0.0,138.04962876662591,3.242822e-06
121.27,0.0,138.04920928268794,3.194815e-06
121.27,0.0,138.04876814465743,3.248366e-06
121.27,0.0,138.0483699110575,3.308072e-06
121.27,0.0,138.04796977492651,3.30995e-06
121.27,0.0,138.04753362887521,3.169902e-06
121.27,0.0,138.0471184573048,3.050664e-06
121.27,0.0,138.04670690260653,3.095527e-06
121.27,0.0,138.04626128090493,2.981556e-06
121.27,0.0,138.04586141935462,3.131237e-06
121.27,0.0,138.04546014153277,3.234309e-06
121.27,0.0,138.04502300768104,3.531532e-06
121.27,0.0,138.04460564544084,3.654292e-06
121.27,0.0,138.04419103759648,3.600027e-06
121.27,0.0,138.04376095655755,3.534384e-06
121.27,0.0,138.0433464315475,3.618494e-06
121.27,0.0,138.04294703752663,3.677298e-06
121.27,0.0,138.0425076514822,3.599111e-06
121.27,0.0,138.0420945922111,3.580382e-06
121.27,0.0,138.04167948205645,3.473309e-06
121.27,0.0,138.04126236443594,3.329231e-06
121.27,0.0,138.0408223626969,2.97885e-06
121.27,0.0,138.04041757163927,2.861532e-06
121.27,0.0,138.04002032162768,2.653804e-06
121.27,0.0,138.03958231097394,2.880304e-06
121.27,0.0,138.03915548329445,2.702189e-06
121.27,0.0,138.03873944846444,2.855435e-06
121.27,0.0,138.03833378174662,3.018606e-06
121.27,0.0,138.03793128398843,3.075897e-06
121.27,0.0,138.03752717114992,3.232766e-06
121.27,0.0,138.03709195874762,3.040113e-06
121.27,0.0,138.03666682493028,3.084584e-06
121.27,0.0,138.03625146682083,2.685934e-06
121.27,0.0,138.03584839394685,2.948116e-06
121.27,0.0,138.03540361020072,2.897141e-06
121.27,0.0,138.03500948212843,2.979054e-06
121.27,0.0,138.03459041074132,3.213339e-06
121.27,0.0,138.03417713333698,2.796121e-06
121.27,0.0,138.03373887474092,2.900386e-06
121.27,0.0,138.0333330266394,3.015492e-06
121.27,0.0,138.03291792378369,3.077977e-06
121.27,0.0,138.03249166145892,2.665474e-06
121.27,0.0,138.0320808196395,1.821609e-06
121.27,0.0,138.03165238704798,2.259112e-06
121.27,0.0,138.03122113294862,2.693603e-06
121.27,0.0,138.03081658756267,2.803907e-06
121.27,0.0,138.03041585441915,3.032299e-06
121.27,0.0,138.0299778359758,3.184643e-06
121.27,0.0,138.02956713273164,3.425841e-06
121.27,0.0,138.02915336486487,3.305424e-06
121.27,0.0,138.0287382314055,3.64882e-06
121.27,0.0,138.02830112839905,3.571462e-06
121.27,0.0,138.02788981293256,3.494744e-06
121.27,0.0,138.0275020277421,3.256137e-06
121.27,0.0,138.0270675649059,3.174617e-06
121.27,0.0,138.02663487421657,3.429072e-06
121.27,0.0,138.0262316876737,3.004359e-06
121.27,0.0,138.02579798603176,3.209439e-06
121.27,0.0,138.02538874817287,3.198933e-06
121.27,0.0,138.02498250617197,3.454261e-06
121.27,0.0,138.02454978052376,3.519046e-06
121.27,0.0,138.02414717489845,3.616733e-06
121.27,0.0,138.0237084567979,3.45461e-06
121.27,0.0,138.02330587990906,3.609908e-06
121.27,0.0,138.02288335317186,3.560344e-06
121.27,0.0,138.02245706720709,3.698471e-06
121.27,0.0,138.02202728954992,3.54019e-06
121.27,0.0,138.02161432764,3.632085e-06
121.27,0.0,138.02118377177567,3.550755e-06
121.27,0.0,138.02076618078166,3.648922e-06
121.27,0.0,138.02036449357388,3.689522e-06
121.27,0.0,138.01994554158665,3.621055e-06
121.27,0.0,138.019541068039,3.851892e-06
121.27,0.0,138.01909941882025,3.702429e-06
121.27,0.0,138.01869594935576,3.713867e-06
121.27,0.0,138.01826897953046,3.770925e-06
121.27,0.0,138.01786397205026,3.505877e-06
121.27,0.0,138.01745493826604,3.772162e-06
121.27,0.0,138.017051978575,3.402616e-06
121.27,0.0,138.01661744489326,3.918482e-06
121.27,0.0,138.0161881185042,3.545996e-06
121.27,0.0,138.01578301798372,4.074376e-06
121.27,0.0,138.01535453743443,3.693931e-06
121.27,0.0,138.01497165580244,3.94111e-06
121.27,0.0,138.01453365235884,3.723719e-06
121.27,0.0,138.0141284656571,4.009038e-06
121.27,0.0,138.01368511648874,3.734225e-06
121.27,0.0,138.01328451427983,3.907218e-06
121.27,0.0,138.01284953747802,3.823443e-06
121.27,0.0,138.01243825269225,3.90099e-06
121.27,0.0,138.0120098952339,3.849273e-06
121.27,0.0,138.01160642474713,3.993511e-06
121.27,0.0,138.01116585615443,3.875553e-06
121.27,0.0,138.0107636250242,3.7805e-06
121.27,0.0,138.01034297681835,3.665293e-06
121.27,0.0,138.00992798268913,3.628462e-06
121.27,0.0,138.00952584981934,3.447421e-06
121.27,0.0,138.00908497087642,3.414956e-06
121.27,0.0,138.0086809934517,3.161229e-06
121.27,0.0,138.00824025044005,3.643698e-06
121.27,0.0,138.00783932181162,3.189998e-06
121.27,0.0,138.00742538786812,3.713038e-06
121.27,0.0,138.00699682114146,3.500783e-06
121.27,0.0,138.00659683926145,4.074711e-06
121.27,0.0,138.00615404064695,3.951092e-06
121.27,0.0,138.00575223532624,4.335103e-06
121.27,0.0,138.0053265913901,4.187445e-06
121.27,0.0,138.00491427429688,4.231319e-06
121.27,0.0,138.0045109556257,4.132409e-06
121.27,0.0,138.0040581222698,4.206886e-06
121.27,0.0,138.00367433099763,4.330665e-06
121.27,0.0,138.0032316499571,4.292218e-06
121.27,0.0,138.00279693911187,4.352623e-06
121.27,0.0,138.00239075574575,4.254529e-06
121.27,0.0,138.0019833991969,4.183559e-06
121.27,0.0,138.00154306401316,3.862064e-06
121.27,0.0,138.00113925563113,4.292844e-06
121.27,0.0,138.00070674487856,4.413261e-06
121.27,0.0,138.00030662859263,4.268455e-06
121.27,0.0,137.99986633415537,4.205096e-06
121.27,0.0,137.99948887674591,3.892113e-06
121.27,0.0,137.99904646164993,3.895519e-06
121.27,0.0,137.99864214330663,3.611407e-06
121.27,0.0,137.99820284292943,3.675668e-06
121.27,0.0,137.9978002608507,3.633191e-06
121.27,0.0,137.99738094947054,3.201902e-06
121.27,0.0,137.99696424392258,3.720503e-06
121.27,0.0,137.99656095469902,3.477267e-06
121.27,0.0,137.99613778856187,4.027956e-06
121.27,0.0,137.9957148319451,3.875772e-06
121.27,0.0,137.99530054688321,3.946829e-06
121.27,0.0,137.9948900655014,3.808847e-06
121.27,0.0,137.9944514111524,3.834459e-06
121.27,0.0,137.9940610641885,4.062196e-06
121.27,0.0,137.99363698652348,3.920592e-06
121.27,0.0,137.9932106284992,4.442118e-06
121.27,0.0,137.99277629588602,4.318965e-06
121.27,0.0,137.99237478365623,4.284841e-06
121.27,0.0,137.9919617400555,3.551642e-06
121.27,0.0,137.9915296307193,3.857771e-06
121.27,0.0,137.99112671865925,3.839203e-06
121.27,0.0,137.9906872454381,3.880486e-06
121.27,0.0,137.99028133865986,4.008092e-06
121.27,0.0,137.98985128114973,3.979309e-06
121.27,0.0,137.98946127523803,3.768815e-06
121.27,0.0,137.98902305314027,3.84642e-06
121.27,0.0,137.98861749147778,3.646419e-06
121.27,0.0,137.9881837211028,3.876412e-06
121.27,0.0,137.9877659292984,3.646812e-06
121.27,0.0,137.98736079072916,4.068323e-06
121.27,0.0,137.98695056649947,4.114365e-06
121.27,0.0,137.98651897067552,4.42368e-06
121.27,0.0,137.98611310509145,4.340181e-06
121.27,0.0,137.98567054495734,4.299087e-06
121.27,0.0,137.9852712099007,4.081594e-06
121.27,0.0,137.98484281717992,4.039393e-06
121.27,0.0,137.98442269420826,4.161018e-06
121.27,0.0,137.98402910615394,4.175134e-06
121.27,0.0,137.98359091690872,4.332876e-06
121.27,0.0,137.98318673236645,4.274392e-06
121.27,0.0,137.98274408833973,4.121379e-06
121.27,0.0,137.9823182231327,3.798603e-06
121.27,0.0,137.98190934402814,4.030851e-06
121.27,0.0,137.98150888420716,3.872454e-06
121.27,0.0,137.98107137792368,3.904148e-06
121.27,0.0,137.98067362039023,3.717782e-06
121.27,0.0,137.9802321633855,3.57785e-06
121.27,0.0,137.97982869805003,3.679059e-06
121.27,0.0,137.9794150316098,3.348221e-06
121.27,0.0,137.978990318326,3.323497e-06
121.27,0.0,137.97858306930135,3.347668e-06
121.27,0.0,137.97815415170325,3.456807e-06
121.27,0.0,137.9777200319004,3.829147e-06
121.27,0.0,137.97732535046936,3.923982e-06
121.27,0.0,137.97690391251456,4.316156e-06
121.27,0.0,137.97651835045914,3.998604e-06
121.27,0.0,137.97607861808677,4.465197e-06
121.27,0.0,137.97565251153353,4.331421e-06
121.27,0.0,137.97523316416013,4.436719e-06
121.27,0.0,137.97483050089792,4.082802e-06
121.27,0.0,137.9744134379979,3.668858e-06
121.27,0.0,137.97398778613174,3.556037e-06
121.27,0.0,137.97358833605094,4.011745e-06
121.27,0.0,137.97314676213236,3.774272e-06
121.27,0.0,137.97271410788608,4.012734e-06
121.27,0.0,137.972317467414,3.745256e-06
121.27,0.0,137.97188727513142,3.920344e-06
121.27,0.0,137.9714692268052,3.951631e-06
121.27,0.0,137.97106680684047,3.746507e-06
121.27,0.0,137.97062632382367,3.388501e-06
121.27,0.0,137.9702237388937,2.468892e-06
121.27,0.0,137.96976962755045,3.257286e-06
121.27,0.0,137.96938430419803,3.220237e-06
121.27,0.0,137.96897369399096,3.72986e-06
121.27,0.0,137.96854043163316,3.815265e-06
121.27,0.0,137.968130437684,4.384987e-06
121.27,0.0,137.96769785440964,4.307294e-06
121.27,0.0,137.9672995565269,4.323651e-06
121.27,0.0,137.9668823892189,4.109112e-06
121.27,0.0,137.96646014808888,4.37822e-06
121.27,0.0,137.96605993743748,4.445334e-06
121.27,0.0,137.96562477506018,4.443398e-06
121.27,0.0,137.9651940251057,4.108442e-06
121.27,0.0,137.9647826782696,3.4642e-06
121.27,0.0,137.96437421739023,3.591776e-06
121.27,0.0,137.9639624835488,3.968467e-06
121.27,0.0,137.96352982194574,4.10738e-06
121.27,0.0,137.9631283777625,4.120331e-06
121.27,0.0,137.962690253159,3.902591e-06
121.27,0.0,137.96225301118025,3.720605e-06
121.27,0.0,137.9618492386754,3.648282e-06
121.27,0.0,137.9614320967927,3.394831e-06
121.27,0.0,137.9610202592109,3.577661e-06
121.27,0.0,137.96060399659493,3.55985e-06
121.27,0.0,137.96016538910072,3.634443e-06
121.27,0.0,137.95976537745415,3.710331e-06
121.27,0.0,137.9593381643449,3.859823e-06
121.27,0.0,137.95892464408018,3.809211e-06
121.27,0.0,137.95850399053833,3.750858e-06
121.27,0.0,137.9580969275619,3.676018e-06
121.27,0.0,137.95766747325706,3.451307e-06
121.27,0.0,137.95725119736804,3.655601e-06
121.27,0.0,137.9568526305657,3.945315e-06
121.27,0.0,137.95643996434052,4.112837e-06
121.27,0.0,137.95600856239534,4.159228e-06
121.27,0.0,137.95561105290025,4.141941e-06
121.27,0.0,137.95516009380563,4.108224e-06
121.27,0.0,137.95477251926732,4.402347e-06
121.27,0.0,137.95434543652095,4.48004e-06
121.27,0.0,137.95392764514673,4.452508e-06
121.27,0.0,137.95352970315162,4.598536e-06
121.27,0.0,137.9530911379492,4.199013e-06
121.27,0.0,137.95265236738325,4.311863e-06
121.27,0.0,137.95225313984628,4.268542e-06
121.27,0.0,137.95182301879393,4.560745e-06
121.27,0.0,137.95141049913073,4.63266e-06
121.27,0.0,137.95100871368558,4.721427e-06
121.27,0.0,137.95056767596702,4.890127e-06
121.27,0.0,137.95016468726487,4.855581e-06
121.27,0.0,137.9497264096988,5.039357e-06
121.27,0.0,137.94932856592501,4.781992e-06
121.27,0.0,137.9488964194019,4.65654e-06
121.27,0.0,137.9485098867467,4.532165e-06
121.27,0.0,137.94806716722493,4.838279e-06
121.27,0.0,137.9476498534332,4.879723e-06
121.27,0.0,137.94721694428185,4.960209e-06
121.27,0.0,137.9468001313461,4.936868e-06
121.27,0.0,137.9464175513647,4.87575e-06
121.27,0.0,137.9459870572198,4.912348e-06
121.27,0.0,137.94555239231372,5.292197e-06
121.27,0.0,137.9451551384294,5.013833e-06
121.27,0.0,137.94471873191796,4.813366e-06
121.27,0.0,137.94428907334716,5.050286e-06
121.27,0.0,137.94390731643932,4.972564e-06
121.27,0.0,137.94347597100196,5.256617e-06
121.27,0.0,137.94304178149,5.305614e-06
121.27,0.0,137.94264236393323,5.215668e-06
121.27,0.0,137.94220554042437,5.441223e-06
121.27,0.0,137.9417721777081,5.4306e-06
121.27,0.0,137.94136070717826,5.506168e-06
121.27,0.0,137.94096083567842,5.507551e-06
121.27,0.0,137.9405244983285,5.46973e-06
121.27,0.0,137.94010968327947,5.586087e-06
121.27,0.0,137.93969036033374,5.274807e-06
121.27,0.0,137.93927797982028,5.384369e-06
121.27,0.0,137.93887058502256,5.232592e-06
121.27,0.0,137.93844136565053,5.195325e-06
121.27,0.0,137.93802550792915,5.32149e-06
121.27,0.0,137.9376255055099,5.339112e-06
121.27,0.0,137.9371900444917,5.579728e-06
121.27,0.0,137.93678810386575,5.617447e-06
121.27,0.0,137.93636452646243,5.623428e-06
121.27,0.0,137.93594739768702,5.729133e-06
121.27,0.0,137.9355452466647,5.645634e-06
121.27,0.0,137.93512410741297,5.673195e-06
121.27,0.0,137.93470005748748,5.8078e-06
121.27,0.0,137.9342656566526,5.793481e-06
121.27,0.0,137.93386439742702,5.700189e-06
121.27,0.0,137.93345562530814,5.570328e-06
121.27,0.0,137.9330242213329,5.559486e-06
121.27,0.0,137.9326291382625,5.359339e-06
121.27,0.0,137.93219325569524,5.224618e-06
121.27,0.0,137.9317390818542,5.485126e-06
121.27,0.0,137.93134161634407,5.439579e-06
121.27,0.0,137.93094587115476,5.522073e-06
121.27,0.0,137.93051517441685,5.444934e-06
121.27,0.0,137.93011398235117,5.505382e-06
121.27,0.0,137.9296749520278,5.322727e-06
121.27,0.0,137.92923811264023,4.885384e-06
121.27,0.0,137.92884528705486,4.212503e-06
121.27,0.0,137.92842811915062,3.763911e-06
121.27,0.0,137.9280229026224,4.318295e-06
121.27,0.0,137.92758406530527,4.866728e-06
121.27,0.0,137.92718553521607,5.137437e-06
121.27,0.0,137.92674251042058,5.492519e-06
121.27,0.0,137.92634281863226,5.542272e-06
121.27,0.0,137.9259301498951,5.332433e-06
121.27,0.0,137.92550283079052,5.261842e-06
121.27,0.0,137.92509870776286,5.46973e-06
121.27,0.0,137.92465436972955,5.731505e-06
121.27,0.0,137.92424861224217,5.95687e-06
121.27,0.0,137.92381964793898,5.869093e-06
121.27,0.0,137.92339155280635,5.594498e-06
121.27,0.0,137.9230111733377,5.600028e-06
121.27,0.0,137.9225627238489,5.982161e-06
121.27,0.0,137.92214627130758,5.985596e-06
121.27,0.0,137.9217173045737,5.863287e-06
121.27,0.0,137.92131515256494,5.885653e-06
121.27,0.0,137.9208809184732,6.03302e-06
121.27,0.0,137.92048734215683,6.045797e-06
121.27,0.0,137.920054311422,6.32563e-06
121.27,0.0,137.91963493574121,6.242248e-06
121.27,0.0,137.91920079748655,6.310627e-06
121.27,0.0,137.91879694451504,6.227347e-06
121.27,0.0,137.918397329914,6.187925e-06
121.27,0.0,137.9179689056715,6.211951e-06
121.27,0.0,137.91755472059515,6.322764e-06
121.27,0.0,137.91713097496063,6.361253e-06
121.27,0.0,137.91672274554182,6.091534e-06
121.27,0.0,137.9162902625663,6.217306e-06
121.27,0.0,137.9158922067626,5.89827e-06
121.27,0.0,137.91546336044846,5.821552e-06
121.27,0.0,137.9150628705862,6.226357e-06
121.27,0.0,137.9146409624088,6.199713e-06
121.27,0.0,137.91421453509776,6.08823e-06
121.27,0.0,137.91381229019956,6.176066e-06
121.27,0.0,137.9133803675877,5.996699e-06
121.27,0.0,137.91298560359587,5.813097e-06
121.27,0.0,137.91255183628186,5.521535e-06
121.27,0.0,137.91212670585838,5.724214e-06
121.27,0.0,137.91170188246684,5.675087e-06
121.27,0.0,137.91126180142652,5.497379e-06
121.27,0.0,137.9108775485401,5.219903e-06
121.27,0.0,137.91044810960932,5.41746e-06
121.27,0.0,137.91004756149528,5.480309e-06
121.27,0.0,137.90961874525368,5.56685e-06
121.27,0.0,137.9091958833585,5.526163e-06
121.27,0.0,137.90879251042048,5.443435e-06
121.27,0.0,137.90835840831355,5.398149e-06
121.27,0.0,137.90793341343723,4.987931e-06
121.27,0.0,137.9075305710243,4.993097e-06
121.27,0.0,137.9071118033833,5.126712e-06
121.27,0.0,137.90669144375445,5.266687e-06
121.27,0.0,137.9062543648179,5.123002e-06
121.27,0.0,137.90585969069608,5.183858e-06
121.27,0.0,137.90542959926736,5.333786e-06
121.27,0.0,137.9050349668457,5.400492e-06
121.27,0.0,137.9046088898048,5.420661e-06
121.27,0.0,137.90418767695041,5.284994e-06
121.27,0.0,137.90374670990064,5.355556e-06
121.27,0.0,137.90335073315075,5.335605e-06
121.27,0.0,137.90291900941168,5.520284e-06
121.27,0.0,137.9024897789952,5.585505e-06
121.27,0.0,137.9020840656546,5.150519e-06
121.27,0.0,137.90166397707083,5.132562e-06
121.27,0.0,137.90123282225855,5.370763e-06
121.27,0.0,137.90083212313303,5.439884e-06
121.27,0.0,137.90040865468126,5.58194e-06
121.27,0.0,137.90001599175835,5.373775e-06
121.27,0.0,137.89957593520555,5.592505e-06
121.27,0.0,137.89915821814776,5.559705e-06
121.27,0.0,137.89872995867194,5.192094e-06
121.27,0.0,137.89833764301468,5.385431e-06
121.27,0.0,137.8979064645813,5.539361e-06
121.27,0.0,137.89751468642666,5.79175e-06
121.27,0.0,137.89708342579527,5.671987e-06
121.27,0.0,137.8966576873639,5.494527e-06
121.27,0.0,137.8962578319702,5.699985e-06
121.27,0.0,137.89582454303627,5.874317e-06
121.27,0.0,137.89541049354264,5.837486e-06
121.27,0.0,137.8949986366499,5.700625e-06
121.27,0.0,137.89459421079434,5.707378e-06
121.27,0.0,137.8941556581486,5.315422e-06
121.27,0.0,137.89374491975204,5.424881e-06
121.27,0.0,137.893311730548,5.243448e-06
121.27,0.0,137.89290307223135,5.241338e-06
121.27,0.0,137.89248819974114,5.382302e-06
121.27,0.0,137.89205850433902,5.001188e-06
121.27,0.0,137.8916457731816,5.058057e-06
121.27,0.0,137.89120514087688,4.700079e-06
121.27,0.0,137.8908022647872,4.822417e-06
121.27,0.0,137.890389147466,4.717338e-06
121.27,0.0,137.8899723891523,4.55491e-06
121.27,0.0,137.88955467254013,4.432513e-06
121.27,0.0,137.88913024682057,4.450485e-06
121.27,0.0,137.88871766910867,4.776302e-06
121.27,0.0,137.88828827242259,4.904243e-06
121.27,0.0,137.8878796998955,4.974747e-06
121.27,0.0,137.88747241487863,4.941787e-06
121.27,0.0,137.88704190477463,5.107198e-06
121.27,0.0,137.88663168528387,4.763133e-06
121.27,0.0,137.88622010569776,4.779286e-06
121.27,0.0,137.88578626311562,4.584363e-06
121.27,0.0,137.8853856512621,4.815185e-06
121.27,0.0,137.88495976928087,5.209367e-06
121.27,0.0,137.8845434814111,5.388501e-06
121.27,0.0,137.88413316840519,5.470472e-06
121.27,0.0,137.88370182190744,5.520691e-06
121.27,0.0,137.88326993441905,5.64316e-06
121.27,0.0,137.8828551702886,5.640119e-06
121.27,0.0,137.88244900938855,4.965899e-06
121.27,0.0,137.88201795631466,5.592141e-06
121.27,0.0,137.881605703557,5.656708e-06
121.27,0.0,137.88117511027684,5.353373e-06
121.27,0.0,137.88076810163975,5.487978e-06
121.27,0.0,137.880338630551,5.633134e-06
121.27,0.0,137.87993887861055,5.892536e-06
121.27,0.0,137.87951545046715,5.777256e-06
121.27,0.0,137.8791082529069,5.692345e-06
121.27,0.0,137.878668057542,5.619091e-06
121.27,0.0,137.87826283826587,5.637878e-06
121.27,0.0,137.87784304337472,5.506154e-06
121.27,0.0,137.87742551097116,5.401947e-06
121.27,0.0,137.87703493871487,5.382637e-06
121.27,0.0,137.87660553207647,5.755443e-06
121.27,0.0,137.87618208817483,5.719703e-06
121.27,0.0,137.87574777358475,5.906084e-06
121.27,0.0,137.87535193643768,5.809197e-06
121.27,0.0,137.8749497863841,5.939975e-06
121.27,0.0,137.87452208445515,5.962458e-06
121.27,0.0,137.87411205271871,5.86496e-06
121.27,0.0,137.8736732050918,5.829948e-06
121.27,0.0,137.8732682140027,5.869791e-06
121.27,0.0,137.872840277658,6.164424e-06
121.27,0.0,137.8724101083179,6.275193e-06
121.27,0.0,137.87201458919438,6.00249e-06
121.27,0.0,137.87158575427824,5.607857e-06
121.27,0.0,137.87116839184338,5.661321e-06
121.27,0.0,137.87072776110588,5.768903e-06
121.27,0.0,137.87031875429295,5.918453e-06
121.27,0.0,137.86990617383032,6.099493e-06
121.27,0.0,137.8695131282408,5.943293e-06
121.27,0.0,137.86908131963278,5.917464e-06
121.27,0.0,137.86866398939682,5.891648e-06
121.27,0.0,137.868225218555,5.506561e-06
121.27,0.0,137.86783061512295,5.83021e-06
121.27,0.0,137.867402779044,6.05316e-06
121.27,0.0,137.867009254772,6.294475e-06
121.27,0.0,137.866566361403,6.263333e-06
121.27,0.0,137.8661578181645,6.311573e-06
121.27,0.0,137.86571602355357,6.303177e-06
121.27,0.0,137.8652996460836,6.269358e-06
121.27,0.0,137.8649045076771,6.442278e-06
121.27,0.0,137.86448664147042,6.122908e-06
121.27,0.0,137.8640796089232,6.197384e-06
121.27,0.0,137.86363821391754,5.857379e-06
121.27,0.0,137.8632265761683,6.168601e-06
121.27,0.0,137.8627836280017,6.280825e-06
121.27,0.0,137.8623729621866,6.128321e-06
121.27,0.0,137.86197258233364,5.726208e-06
121.27,0.0,137.861541309067,5.646842e-06
121.27,0.0,137.8611326213131,5.763082e-06
121.27,0.0,137.86069202654463,6.087779e-06
121.27,0.0,137.86028962007293,5.931724e-06
121.27,0.0,137.85985879684523,6.058093e-06
121.27,0.0,137.85946634202995,5.972499e-06
121.27,0.0,137.8590347738782,5.818933e-06
121.27,0.0,137.8586221594475,5.857015e-06
121.27,0.0,137.8582047765456,5.844951e-06
121.27,0.0,137.85777708787657,5.875947e-06
121.27,0.0,137.85738047889012,5.633861e-06
121.27,0.0,137.8569598237051,5.077396e-06
121.27,0.0,137.85654819844868,4.548536e-06
121.27,0.0,137.85612677927554,4.708767e-06
121.27,0.0,137.85571621545836,4.867761e-06
121.27,0.0,137.85528381561406,5.170441e-06
121.27,0.0,137.8548695885419,5.303242e-06
121.27,0.0,137.8544531332304,5.41957e-06
121.27,0.0,137.85403226906942,5.342852e-06
121.27,0.0,137.85362201373513,5.32472e-06
121.27,0.0,137.853208682771,5.289548e-06
121.27,0.0,137.85277993044232,5.3392e-06
121.27,0.0,137.85234720267007,5.029928e-06
121.27,0.0,137.85195200448237,5.31743e-06
121.27,0.0,137.85151740901009,5.425449e-06
121.27,0.0,137.8511077939311,5.658789e-06
121.27,0.0,137.85069029164742,5.611422e-06
121.27,0.0,137.8502609378124,5.829497e-06
121.27,0.0,137.84984505340339,5.81058e-06
121.27,0.0,137.84945146125733,5.777023e-06
121.27,0.0,137.84902787103354,5.793074e-06
121.27,0.0,137.8486026121089,5.657625e-06
121.27,0.0,137.84818159856812,5.485694e-06
121.27,0.0,137.8477510925068,4.963877e-06
121.27,0.0,137.8473471031101,4.718808e-06
121.27,0.0,137.8469321080438,4.6106e-06
121.27,0.0,137.8465087864488,4.878573e-06
121.27,0.0,137.84609281333096,4.943504e-06
121.27,0.0,137.84567798077023,5.062771e-06
121.27,0.0,137.84524528800688,5.180671e-06
121.27,0.0,137.8448225029453,5.118563e-06
121.27,0.0,137.84443059830562,5.145004e-06
121.27,0.0,137.8440001812049,5.29112e-06
121.27,0.0,137.84359521891426,5.269758e-06
121.27,0.0,137.84315717534577,5.135458e-06
121.27,0.0,137.8427473478593,5.283378e-06
121.27,0.0,137.8423184767381,5.143651e-06
121.27,0.0,137.84188910890373,5.037436e-06
121.27,0.0,137.8414975049533,5.164329e-06
121.27,0.0,137.84106890085485,5.293201e-06
121.27,0.0,137.84063766883625,5.467649e-06
121.27,0.0,137.8401940144411,5.365611e-06
121.27,0.0,137.83978737596786,5.415859e-06
121.27,0.0,137.8393847185985,5.292997e-06
121.27,0.0,137.83897940887837,5.356502e-06
121.27,0.0,137.83856390363727,5.239577e-06
121.27,0.0,137.83814929988725,5.195951e-06
121.27,0.0,137.83773074792646,5.246111e-06
121.27,0.0,137.83732068875057,5.021968e-06
121.27,0.0,137.83689699963858,4.890855e-06
121.27,0.0,137.8365060887567,4.607427e-06
121.27,0.0,137.8360651788129,4.607034e-06
121.27,0.0,137.83565556541336,4.375979e-06
121.27,0.0,137.8352218731163,4.503017e-06
121.27,0.0,137.83482044941894,4.415066e-06
121.27,0.0,137.83438024350247,4.271496e-06
121.27,0.0,137.83399481525743,4.04357e-06
121.27,0.0,137.8335628902474,4.168047e-06
121.27,0.0,137.83314523619282,4.076195e-06
121.27,0.0,137.8327033305972,4.234913e-06
121.27,0.0,137.83230182984235,4.242058e-06
121.27,0.0,137.8318701897387,4.50619e-06
121.27,0.0,137.83147656194112,4.148504e-06
121.27,0.0,137.83104623188262,4.111876e-06
121.27,0.0,137.83062221918635,4.09424e-06
121.27,0.0,137.83020080135054,4.257192e-06
121.27,0.0,137.82979948411003,4.040121e-06
121.27,0.0,137.82936634732275,3.911264e-06
121.27,0.0,137.82896669396436,4.002752e-06
121.27,0.0,137.82853757877373,3.928057e-06
121.27,0.0,137.82813051815722,4.140849e-06
121.27,0.0,137.82767906976483,4.236397e-06
121.27,0.0,137.82728912535745,4.167858e-06
121.27,0.0,137.82685185070287,4.24379e-06
121.27,0.0,137.82645898151722,4.109446e-06
121.27,0.0,137.82602992603094,4.008427e-06
121.27,0.0,137.82561162281084,3.706635e-06
121.27,0.0,137.8251957729703,3.945912e-06
121.27,0.0,137.82475317501238,4.093847e-06
121.27,0.0,137.8243636750693,4.163623e-06
121.27,0.0,137.82393506708434,4.335525e-06
121.27,0.0,137.82353852541675,4.392365e-06
121.27,0.0,137.8230979251271,4.004323e-06
121.27,0.0,137.82266726002226,4.372836e-06
121.27,0.0,137.82224742873652,4.463902e-06
121.27,0.0,137.82182161010775,4.456568e-06
121.27,0.0,137.82141721953755,4.566202e-06
121.27,0.0,137.82102004708153,4.858943e-06
121.27,0.0,137.82057974485042,4.837493e-06
121.27,0.0,137.8201717078521,4.652626e-06
121.27,0.0,137.81973488255323,4.501242e-06
121.27,0.0,137.81933072675506,4.685542e-06
121.27,0.0,137.8189127709125,4.678921e-06
121.27,0.0,137.8185199353681,4.843678e-06
121.27,0.0,137.81808518692262,4.697446e-06
121.27,0.0,137.81765714019232,5.026945e-06
121.27,0.0,137.81723881297526,4.613452e-06
121.27,0.0,137.81683793631387,5.098773e-06
121.27,0.0,137.81641346053814,4.872127e-06
121.27,0.0,137.81602064387565,4.986141e-06
121.27,0.0,137.8155779429793,4.754052e-06
121.27,0.0,137.81517150265609,4.726258e-06
121.27,0.0,137.8147313495405,4.70964e-06
121.27,0.0,137.8143337386814,4.706279e-06
121.27,0.0,137.81392668112542,4.648216e-06
121.27,0.0,137.81350592090837,4.593661e-06
121.27,0.0,137.81307412746943,4.809306e-06
121.27,0.0,137.81265299502178,4.845017e-06
121.27,0.0,137.81221613046586,5.077585e-06
121.27,0.0,137.81181558436876,5.1963e-06
121.27,0.0,137.81137659253022,5.538139e-06
121.27,0.0,137.81099078596668,5.628215e-06
121.27,0.0,137.81055642776093,5.95834e-06
121.27,0.0,137.81014276730576,5.229929e-06
121.27,0.0,137.8097332012949,5.209251e-06
121.27,0.0,137.80930216083502,5.1549e-06
121.27,0.0,137.80887965522106,5.355862e-06
121.27,0.0,137.80847487738646,4.776753e-06
121.27,0.0,137.80807361233244,5.368318e-06
121.27,0.0,137.80763453735054,5.451991e-06
121.27,0.0,137.80722483384827,5.303591e-06
121.27,0.0,137.80679350545805,5.044712e-06
121.27,0.0,137.80640353761152,4.403148e-06
121.27,0.0,137.8059745408381,4.728252e-06
121.27,0.0,137.8055724415917,5.230715e-06
121.27,0.0,137.80513505801724,5.039459e-06
121.27,0.0,137.80471017367304,5.289592e-06
121.27,0.0,137.80429637697864,5.461581e-06
121.27,0.0,137.80387562847793,5.391557e-06
121.27,0.0,137.8034666281271,5.123045e-06
121.27,0.0,137.80303275908693,3.528825e-06
121.27,0.0,137.80260585331334,2.727829e-06
121.27,0.0,137.80218530753126,2.480258e-06
121.27,0.0,137.80178222348377,3.067209e-06
121.27,0.0,137.80133922632027,3.892841e-06
121.27,0.0,137.80095008470568,4.272602e-06
121.27,0.0,137.8005284328979,4.939109e-06
121.27,0.0,137.80009988982476,5.08182e-06
121.27,0.0,137.79968029951365,5.214912e-06
121.27,0.0,137.79928129966754,5.334485e-06
121.27,0.0,137.79885162411284,5.046662e-06
121.27,0.0,137.79845142350206,5.18412e-06
121.27,0.0,137.7980283370998,5.188776e-06
121.27,0.0,137.79759985920498,5.46615e-06
121.27,0.0,137.7971797419277,5.505295e-06
121.27,0.0,137.79677266121976,5.273585e-06
121.27,0.0,137.79634438307258,5.25135e-06
121.27,0.0,137.7959508813963,5.382273e-06
121.27,0.0,137.79552316257724,5.301321e-06
121.27,0.0,137.7951131282125,5.50416e-06
121.27,0.0,137.79469632466746,5.498077e-06
121.27,0.0,137.7942658655047,5.439331e-06
121.27,0.0,137.79385268953058,5.58536e-06
121.27,0.0,137.79345027802205,5.257913e-06
121.27,0.0,137.79302423924523,5.597045e-06
121.27,0.0,137.79259415563044,5.598849e-06
121.27,0.0,137.79217397728448,5.599431e-06
121.27,0.0,137.79176503955765,5.400885e-06
121.27,0.0,137.79133390244942,5.197231e-06
121.27,0.0,137.79092894705775,4.841451e-06
121.27,0.0,137.79050857176156,4.569942e-06
121.27,0.0,137.79007700921142,4.696747e-06
121.27,0.0,137.78965999759745,4.537607e-06
121.27,0.0,137.78924962389252,4.599613e-06
121.27,0.0,137.78881548817353,4.468035e-06
121.27,0.0,137.78842825264636,4.575966e-06
121.27,0.0,137.7879945347638,4.80887e-06
121.27,0.0,137.7875911642019,4.931921e-06
121.27,0.0,137.78715724382505,5.076159e-06
121.27,0.0,137.78674355023233,5.210837e-06
121.27,0.0,137.78631215702427,4.86293e-06
121.27,0.0,137.7859202218857,5.216192e-06
121.27,0.0,137.78548970635376,5.111258e-06
121.27,0.0,137.78508349952747,5.455877e-06
121.27,0.0,137.7846624633574,5.24566e-06
121.27,0.0,137.784233140577,5.438036e-06
121.27,0.0,137.7838047138992,5.520225e-06
121.27,0.0,137.78340925906113,5.291018e-06
121.27,0.0,137.78298478883815,5.372771e-06
121.27,0.0,137.78255714751344,5.210983e-06
121.27,0.0,137.78214276280096,5.284019e-06
121.27,0.0,137.78170491784215,5.325172e-06
121.27,0.0,137.78129588184535,5.438051e-06
121.27,0.0,137.7808744471076,5.479669e-06
121.27,0.0,137.7804596882056,5.520764e-06
121.27,0.0,137.7800467283073,5.550639e-06
121.27,0.0,137.77962078564715,5.414389e-06
121.27,0.0,137.77919929675159,5.327573e-06
121.27,0.0,137.77879636664696,5.395865e-06
121.27,0.0,137.77836272976373,5.266775e-06
121.27,0.0,137.77797451789132,5.370603e-06
121.27,0.0,137.77754651049466,5.026552e-06
121.27,0.0,137.7771331055974,5.232185e-06
121.27,0.0,137.77671720476246,5.123133e-06
121.27,0.0,137.77628531818343,5.178241e-06
121.27,0.0,137.77588215239842,5.224589e-06
121.27,0.0,137.7754597870046,5.343027e-06
121.27,0.0,137.77506130572218,5.208582e-06
121.27,0.0,137.77461585242435,5.478636e-06
121.27,0.0,137.77421321900323,5.487425e-06
121.27,0.0,137.77378269279316,5.77289e-06
121.27,0.0,137.7733693166897,5.823516e-06
121.27,0.0,137.77297089728052,5.83427e-06
121.27,0.0,137.77253787649272,5.577662e-06
121.27,0.0,137.77211993286852,5.752445e-06
121.27,0.0,137.77169458276654,5.864509e-06
121.27,0.0,137.7712547871504,5.889393e-06
121.27,0.0,137.77086677089181,5.679583e-06
121.27,0.0,137.77044548892025,5.341019e-06
121.27,0.0,137.7700445236708,5.269001e-06
121.27,0.0,137.76960766394197,5.089896e-06
121.27,0.0,137.76917905794863,5.292022e-06
121.27,0.0,137.76877103451824,5.018359e-06
121.27,0.0,137.76834906406603,5.357884e-06
121.27,0.0,137.76793501587562,5.637761e-06
121.27,0.0,137.76751474769674,5.613911e-06
121.27,0.0,137.76709479498015,5.632421e-06
121.27,0.0,137.76669281298027,5.508846e-06
121.27,0.0,137.7662516491336,5.466063e-06
121.27,0.0,137.76584809870928,5.309223e-06
121.27,0.0,137.7654325543305,5.542999e-06
121.27,0.0,137.76504049119663,5.501657e-06
121.27,0.0,137.76460624493976,5.523994e-06
121.27,0.0,137.76416824620497,5.836919e-06
121.27,0.0,137.76376467665986,5.909795e-06
121.27,0.0,137.7633351325353,5.768103e-06
121.27,0.0,137.76291991042734,5.732858e-06
121.27,0.0,137.76251805755186,5.694324e-06
121.27,0.0,137.76208143051002,5.522772e-06
121.27,0.0,137.76164224679064,5.30493e-06
121.27,0.0,137.76123793229343,5.490248e-06
121.27,0.0,137.76080382914122,5.454756e-06
121.27,0.0,137.76041741922526,5.734983e-06
121.27,0.0,137.7599869240105,5.507172e-06
121.27,0.0,137.7595610780798,5.71688e-06
121.27,0.0,137.75914587819608,5.541267e-06
121.27,0.0,137.75874502566987,5.548689e-06
121.27,0.0,137.75831426125706,5.820795e-06
121.27,0.0,137.7579031508389,5.715672e-06
121.27,0.0,137.75750341019014,6.073809e-06
121.27,0.0,137.75706565543845,5.899332e-06
121.27,0.0,137.7566674059387,5.639347e-06
121.27,0.0,137.75622994880212,5.480659e-06
121.27,0.0,137.75581334285923,5.570168e-06
121.27,0.0,137.7554089386975,5.559428e-06
121.27,0.0,137.7550074621024,5.816619e-06
121.27,0.0,137.7545675195257,5.993192e-06
121.27,0.0,137.75416564312195,5.936658e-06
121.27,0.0,137.7537252463248,5.948037e-06
121.27,0.0,137.7533228108184,6.003582e-06
121.27,0.0,137.75290740320156,6.037561e-06
121.27,0.0,137.75248095209542,5.716152e-06
121.27,0.0,137.7520454070823,5.478549e-06
121.27,0.0,137.75164855941614,5.209862e-06
121.27,0.0,137.75120503592092,4.931164e-06
121.27,0.0,137.7507837680383,4.757545e-06
121.27,0.0,137.75037307562437,3.460213e-06
121.27,0.0,137.74996791923914,1.867564e-06
121.27,0.0,137.74955170517833,2.021232e-06
121.27,0.0,137.74913148176995,1.925917e-06
121.27,0.0,137.74871237397696,2.071989e-06
121.27,0.0,137.7482732252323,2.558882e-06
121.27,0.0,137.74788693799923,3.164547e-06
121.27,0.0,137.74746007850462,3.75096e-06
121.27,0.0,137.74705602796894,4.061061e-06
121.27,0.0,137.74662243984295,4.476402e-06
121.27,0.0,137.74619544482198,4.533154e-06
121.27,0.0,137.7457823010337,4.848684e-06
121.27,0.0,137.74536310543746,4.767993e-06
121.27,0.0,137.74497405159914,5.064372e-06
121.27,0.0,137.74453921606954,5.154463e-06
121.27,0.0,137.7441354830453,5.203925e-06
121.27,0.0,137.7436980184475,5.085865e-06
121.27,0.0,137.74325415072556,4.91878e-06
121.27,0.0,137.74284151591488,4.938818e-06
121.27,0.0,137.7424407696705,4.560206e-06
121.27,0.0,137.7420097529069,4.654372e-06
121.27,0.0,137.74160641781518,4.611007e-06
121.27,0.0,137.74116649598665,4.870788e-06
121.27,0.0,137.7407673233805,4.946342e-06
121.27,0.0,137.74033740731738,5.162758e-06
121.27,0.0,137.73992153550273,5.106675e-06
121.27,0.0,137.73951796231472,5.183771e-06
121.27,0.0,137.73908098113012,5.080088e-06
121.27,0.0,137.73868292688812,5.438837e-06
121.27,0.0,137.73824441813792,5.17357e-06
121.27,0.0,137.73784404543045,5.323047e-06
121.27,0.0,137.7374316703743,5.370108e-06
121.27,0.0,137.73700272015668,5.436144e-06
121.27,0.0,137.73659975830827,5.348149e-06
121.27,0.0,137.73617156613435,4.256814e-06
121.27,0.0,137.73575798064923,2.33941e-06
121.27,0.0,137.73532812763943,2.400484e-06
121.27,0.0,137.73494131173172,2.690707e-06
121.27,0.0,137.73451370565067,3.032168e-06
121.27,0.0,137.73411138316192,3.748486e-06
121.27,0.0,137.73367145296208,4.518995e-06
121.27,0.0,137.73323285320566,4.982983e-06
121.27,0.0,137.73283576165218,5.103633e-06
121.27,0.0,137.73240843191832,5.202499e-06
121.27,0.0,137.73199456808328,5.175418e-06
121.27,0.0,137.73158329406365,5.297756e-06
121.27,0.0,137.73115747990053,5.50157e-06
121.27,0.0,137.73072057876314,5.652997e-06
121.27,0.0,137.7303196385627,5.614012e-06
121.27,0.0,137.7299058978958,5.840222e-06
121.27,0.0,137.7294808914455,5.458744e-06
121.27,0.0,137.7290781376333,5.703623e-06
121.27,0.0,137.7286365988642,5.402297e-06
121.27,0.0,137.7282313722124,6.066883e-06
121.27,0.0,137.72779337435117,6.084403e-06
121.27,0.0,137.72740761410552,6.257163e-06
121.27,0.0,137.7269807597211,6.073402e-06
121.27,0.0,137.72657882380827,6.174902e-06
121.27,0.0,137.72614129976893,6.079805e-06
121.27,0.0,137.7257367140451,5.697133e-06
121.27,0.0,137.72529913234607,5.452443e-06
121.27,0.0,137.72488690680228,5.909882e-06
121.27,0.0,137.7244798766773,6.275906e-06
121.27,0.0,137.72407412125466,6.812668e-06
121.27,0.0,137.72362892636122,6.699876e-06
121.27,0.0,137.723219577002,6.480841e-06
121.27,0.0,137.72278074830393,6.18567e-06
121.27,0.0,137.7223555072935,6.128335e-06
121.27,0.0,137.72196982237958,5.674941e-06
121.27,0.0,137.72153346617586,6.131741e-06
121.27,0.0,137.72111431802335,5.856258e-06
121.27,0.0,137.72068761294432,6.024551e-06
121.27,0.0,137.72028891178024,5.549038e-06
121.27,0.0,137.71986584349082,5.952868e-06
121.27,0.0,137.7194415591688,5.646973e-06
121.27,0.0,137.7190178505944,6.103321e-06
121.27,0.0,137.7186140241945,6.068221e-06
121.27,0.0,137.71818621709508,6.1631e-06
121.27,0.0,137.7177729230843,6.19753e-06
121.27,0.0,137.71736676473154,6.060334e-06
121.27,0.0,137.7169574498877,5.75064e-06
121.27,0.0,137.71652468169762,6.145856e-06
121.27,0.0,137.71612189673723,6.250149e-06
121.27,0.0,137.7156900988705,6.450835e-06
121.27,0.0,137.71527799563793,6.332251e-06
121.27,0.0,137.71487023397071,6.21604e-06
121.27,0.0,137.7144592861846,6.234099e-06
121.27,0.0,137.71402782202475,6.057482e-06
121.27,0.0,137.71361295564614,5.721624e-06
121.27,0.0,137.71318736517523,6.062983e-06
121.27,0.0,137.7127459675668,5.831927e-06
121.27,0.0,137.7123467476401,5.727532e-06
121.27,0.0,137.71193434701738,5.380862e-06
121.27,0.0,137.711506664756,5.345311e-06
121.27,0.0,137.71110010636218,5.332331e-06
121.27,0.0,137.71066764955745,5.276175e-06
121.27,0.0,137.71024649252843,5.072492e-06
121.27,0.0,137.7098392793519,5.457143e-06
121.27,0.0,137.70941999992675,5.607682e-06
121.27,0.0,137.7090282701932,5.9468e-06
121.27,0.0,137.70859102461856,5.966314e-06
121.27,0.0,137.70818571336082,5.75438e-06
121.27,0.0,137.70774483588102,5.616632e-06
121.27,0.0,137.70731484227758,5.719616e-06
121.27,0.0,137.7069315968626,5.919792e-06
121.27,0.0,137.7065056132723,6.137241e-06
121.27,0.0,137.70608798060135,6.407266e-06
121.27,0.0,137.70566757222724,6.545102e-06
121.27,0.0,137.70522905833707,6.326722e-06
121.27,0.0,137.70481733610092,6.098606e-06
121.27,0.0,137.70441608958515,5.715337e-06
121.27,0.0,137.70400856913113,5.900831e-06
121.27,0.0,137.70357075416578,6.032598e-06
121.27,0.0,137.70315411335196,5.89031e-06
121.27,0.0,137.70272210056265,5.955517e-06
121.27,0.0,137.70228754854145,6.005896e-06
121.27,0.0,137.70190323300946,5.652415e-06
121.27,0.0,137.7014773431848,6.20888e-06
121.27,0.0,137.70107671605876,6.347283e-06
121.27,0.0,137.7006381578682,6.41917e-06
121.27,0.0,137.7002018776596,6.269329e-06
121.27,0.0,137.69979547010118,6.32416e-06
121.27,0.0,137.69938910885594,6.402304e-06
121.27,0.0,137.69897766773042,6.484101e-06
121.27,0.0,137.69854225445235,6.4919e-06
121.27,0.0,137.698140666435,6.587914e-06
121.27,0.0,137.69770736406716,6.38832e-06
121.27,0.0,137.69730719493523,6.27902e-06
121.27,0.0,137.6968962327077,5.889349e-06
121.27,0.0,137.69648670071706,5.795417e-06
121.27,0.0,137.69603336362678,5.998198e-06
121.27,0.0,137.69565244371097,5.895374e-06
121.27,0.0,137.6952122860713,6.234826e-06
121.27,0.0,137.69482346363858,6.112386e-06
121.27,0.0,137.6943589685609,6.015645e-06
121.27,0.0,137.69397536516706,5.787268e-06
121.27,0.0,137.6935501644459,5.878581e-06
121.27,0.0,137.69313371909945,6.237897e-06
121.27,0.0,137.69271096462882,6.210583e-06
121.27,0.0,137.6922707264605,6.192131e-06
121.27,0.0,137.6918680159375,6.189046e-06
121.27,0.0,137.69146487813825,6.189366e-06
121.27,0.0,137.69102239634492,5.886497e-06
121.27,0.0,137.69060593885433,5.123104e-06
121.27,0.0,137.69018293691437,5.075592e-06
121.27,0.0,137.6897528737708,5.105947e-06
121.27,0.0,137.68935231935058,5.404552e-06
121.27,0.0,137.68895041554086,5.46356e-06
121.27,0.0,137.68854192823773,5.044203e-06
121.27,0.0,137.68810590359948,5.347683e-06
121.27,0.0,137.6876802017727,5.537149e-06
121.27,0.0,137.6872680378463,5.888025e-06
121.27,0.0,137.68686846756336,5.475347e-06
121.27,0.0,137.68643257534006,5.192429e-06
121.27,0.0,137.68602690892075,5.633687e-06
121.27,0.0,137.68561167643284,5.883543e-06
121.27,0.0,137.68518207327088,5.870053e-06
121.27,0.0,137.68475018354073,5.840571e-06
121.27,0.0,137.68434121037672,5.835245e-06
121.27,0.0,137.6839470693579,6.242422e-06
121.27,0.0,137.68350898432183,6.051196e-06
121.27,0.0,137.68309513577242,6.117014e-06
121.27,0.0,137.6826694593727,5.748298e-06
121.27,0.0,137.68223434308356,5.808324e-06
121.27,0.0,137.68183085619262,5.998198e-06
121.27,0.0,137.6813913360218,5.981405e-06
121.27,0.0,137.68099345299476,5.913462e-06
121.27,0.0,137.68058236612282,6.053015e-06
121.27,0.0,137.6801424259449,5.800961e-06
121.27,0.0,137.67971966911125,6.030095e-06
121.27,0.0,137.67931327763756,5.65387e-06
121.27,0.0,137.67891455271513,5.057795e-06
121.27,0.0,137.67847467306112,5.684851e-06
121.27,0.0,137.67806599565503,6.073693e-06
121.27,0.0,137.67765074012186,6.117742e-06
121.27,0.0,137.6772365672583,6.109825e-06
121.27,0.0,137.67683429988492,6.301983e-06
121.27,0.0,137.67639409735798,6.527174e-06
121.27,0.0,137.6759917077985,6.456306e-06
121.27,0.0,137.67558203796207,6.061731e-06
121.27,0.0,137.67515438809008,5.916314e-06
121.27,0.0,137.67471952123148,6.546528e-06
121.27,0.0,137.67431391569266,6.787901e-06
121.27,0.0,137.67390378420092,6.811111e-06
121.27,0.0,137.67350946251653,6.498682e-06
121.27,0.0,137.67306072964735,6.520422e-06
121.27,0.0,137.67264501289026,6.813032e-06
121.27,0.0,137.67222809231765,6.506554e-06
121.27,0.0,137.6717899162924,6.422721e-06
121.27,0.0,137.67138758800525,6.579809e-06
121.27,0.0,137.67098749377755,6.624134e-06
121.27,0.0,137.6705487176422,6.537666e-06
121.27,0.0,137.67012963034972,6.576185e-06
121.27,0.0,137.66971670038384,6.101676e-06
121.27,0.0,137.6693099956602,6.157628e-06
121.27,0.0,137.66886247317643,6.161368e-06
121.27,0.0,137.6684743846436,5.875569e-06
121.27,0.0,137.66806320315385,5.897178e-06
121.27,0.0,137.6676152981771,6.053597e-06
121.27,0.0,137.66720158988534,6.060436e-06
121.27,0.0,137.66679052145193,5.540845e-06
121.27,0.0,137.66638976173934,5.493392e-06
121.27,0.0,137.66595233724698,5.712835e-06
121.27,0.0,137.66554473595642,5.818612e-06
121.27,0.0,137.66512971493304,5.907859e-06
121.27,0.0,137.66470687910788,6.402406e-06
121.27,0.0,137.66426786207228,6.721617e-06
121.27,0.0,137.66387393851716,6.559974e-06
121.27,0.0,137.66343541791477,6.156071e-06
121.27,0.0,137.66301382372333,5.996e-06
121.27,0.0,137.6626158787184,5.972557e-06
121.27,0.0,137.66216817336283,6.533897e-06
121.27,0.0,137.6617533620469,6.414499e-06
121.27,0.0,137.66134911775907,6.524191e-06
121.27,0.0,137.66093740234638,6.714341e-06
121.27,0.0,137.66050847795253,6.770715e-06
121.27,0.0,137.66009225825093,6.88211e-06
121.27,0.0,137.6596777192088,6.972972e-06
121.27,0.0,137.65926413080612,6.976043e-06
121.27,0.0,137.65882536845342,6.921953e-06
121.27,0.0,137.6584237807689,7.016351e-06
121.27,0.0,137.65802345233433,7.13933e-06
121.27,0.0,137.65761096751163,6.884147e-06
121.27,0.0,137.6571642156345,6.578543e-06
121.27,0.0,137.65674830655695,6.994029e-06
121.27,0.0,137.65634679276917,7.142255e-06
121.27,0.0,137.65594687153768,6.918315e-06
121.27,0.0,137.65551183260166,6.679518e-06
121.27,0.0,137.6550954550465,6.481045e-06
121.27,0.0,137.65467937157916,6.009112e-06
121.27,0.0,137.65425424785013,5.767506e-06
121.27,0.0,137.65382558746765,5.613008e-06
121.27,0.0,137.65342353509726,5.812763e-06
121.27,0.0,137.6530236052551,6.300499e-06
121.27,0.0,137.6525748668017,6.572125e-06
121.27,0.0,137.65216344432739,6.674076e-06
121.27,0.0,137.65174934839985,6.902483e-06
121.27,0.0,137.65130805927913,6.95519e-06
121.27,0.0,137.6509058527222,7.041774e-06
121.27,0.0,137.65050872437956,7.612049e-06
121.27,0.0,137.6500717781157,7.772076e-06
121.27,0.0,137.649649145641,7.54607e-06
121.27,0.0,137.64923276792058,7.507799e-06
121.27,0.0,137.6488284293773,7.511044e-06
121.27,0.0,137.64839328937913,7.587732e-06
121.27,0.0,137.64799522857712,7.238035e-06
121.27,0.0,137.64758242941977,7.320326e-06
121.27,0.0,137.64715369666553,7.414346e-06
121.27,0.0,137.64672292266442,7.24323e-06
121.27,0.0,137.64631550902007,7.042181e-06
121.27,0.0,137.64590550254235,7.14045e-06
121.27,0.0,137.6454775050658,7.244045e-06
121.27,0.0,137.64505233279934,7.371884e-06
121.27,0.0,137.6446522322955,7.120587e-06
121.27,0.0,137.64423247595434,6.999253e-06
121.27,0.0,137.64379777717693,7.204813e-06
121.27,0.0,137.6433983669593,7.242343e-06
121.27,0.0,137.64296365025479,6.994567e-06
121.27,0.0,137.64253459951564,6.926392e-06
121.27,0.0,137.64211649904223,7.228649e-06
121.27,0.0,137.64170145484314,7.376992e-06
121.27,0.0,137.64125977362195,6.986535e-06
121.27,0.0,137.64085401014225,6.938542e-06
121.27,0.0,137.64045056315632,6.877905e-06
121.27,0.0,137.64002898743024,6.090544e-06
121.27,0.0,137.63961086322422,5.596754e-06
121.27,0.0,137.63918355782081,5.241192e-06
121.27,0.0,137.63876880976062,4.943824e-06
121.27,0.0,137.63836504828885,4.996953e-06
121.27,0.0,137.63796139791634,4.652582e-06
121.27,0.0,137.63755208985404,4.839487e-06
121.27,0.0,137.63711833311913,5.035152e-06
121.27,0.0,137.63668938657804,5.213544e-06
121.27,0.0,137.63627649067135,5.509544e-06
121.27,0.0,137.63587335620696,5.809445e-06
121.27,0.0,137.63547014107243,6.001632e-06
121.27,0.0,137.63502871256202,6.077331e-06
121.27,0.0,137.6346165457366,6.188391e-06
121.27,0.0,137.63418598430712,6.119255e-06
121.27,0.0,137.63375883482095,6.353483e-06
121.27,0.0,137.63335876505406,6.300339e-06
121.27,0.0,137.63295861099914,6.668444e-06
121.27,0.0,137.63252216658748,6.624556e-06
121.27,0.0,137.6321080748929,6.500632e-06
121.27,0.0,137.63168657340344,6.019851e-06
121.27,0.0,137.63124980236677,6.034912e-06
121.27,0.0,137.6308397397304,5.957787e-06
121.27,0.0,137.63044577104847,5.947179e-06
121.27,0.0,137.63000461223177,5.664828e-06
121.27,0.0,137.62959218415668,6.495218e-06
121.27,0.0,137.62916665081053,6.917297e-06
121.27,0.0,137.62876276939028,6.297574e-06
121.27,0.0,137.6283229698905,6.347735e-06
121.27,0.0,137.6279208585124,6.020578e-06
121.27,0.0,137.62752027525278,5.71282e-06
121.27,1.0,137.627081124087,5.688416e-06
121.27,1.0,137.626660228531,5.636452e-06
121.27,1.0,137.6262455654985,5.784343e-06
121.27,1.0,137.62584631105483,5.766153e-06
121.27,1.0,137.62540836051747,5.800437e-06
121.27,1.0,137.62500616132294,5.782262e-06
121.27,1.0,137.62459642410283,6.109229e-06
121.27,1.0,137.62417177878157,6.380564e-06
121.27,1.0,137.62373592869235,6.286253e-06
121.27,1.0,137.6233181513603,6.202841e-06
121.27,1.0,137.62289553242886,6.224785e-06
121.27,1.0,137.62249575040818,6.31994e-06
121.27,1.0,137.6220562659743,6.205111e-06
121.27,1.0,137.6216357491039,6.193179e-06
121.27,1.0,137.62122215275474,6.397502e-06
121.27,1.0,137.62081743625612,6.537739e-06
121.27,1.0,137.62038059821742,6.56191e-06
121.27,1.0,137.61998088747865,6.467322e-06
121.27,1.0,137.61957021224055,6.405244e-06
121.27,1.0,137.61913984067618,6.550967e-06
121.27,1.0,137.61870610591393,6.608097e-06
121.27,1.0,137.6183148578933,6.505143e-06
121.27,1.0,137.61789315511277,6.707414e-06
121.27,1.0,137.61748147473304,6.469621e-06
121.27,1.0,137.617066062657,6.572765e-06
121.27,1.0,137.61663952127566,6.696791e-06
121.27,1.0,137.61623458477212,6.837727e-06
121.27,1.0,137.61580169543637,6.543021e-06
121.27,1.0,137.61539310050773,6.672941e-06
121.27,1.0,137.61498831201263,6.480332e-06
121.27,1.0,137.6145768377959,6.489921e-06
121.27,1.0,137.614150726351,6.464514e-06
121.27,1.0,137.6137128337757,6.540824e-06
121.27,1.0,137.6133142076466,6.523769e-06
121.27,1.0,137.61289113985484,6.535134e-06
121.27,1.0,137.6124861282686,6.442613e-06
121.27,1.0,137.612048955898,6.139075e-06
121.27,1.0,137.61160952814362,6.42924e-06
121.27,1.0,137.61120713367893,6.540999e-06
121.27,1.0,137.61076684656163,6.727671e-06
121.27,1.0,137.6103798201854,6.822956e-06
121.27,1.0,137.6099538408874,7.027193e-06
121.27,1.0,137.60955350450388,6.795322e-06
121.27,1.0,137.60910953386522,6.574686e-06
121.27,1.0,137.60868416619425,6.631424e-06
121.27,1.0,137.60828049572865,6.807109e-06
121.27,1.0,137.6078561814016,6.393937e-06
121.27,1.0,137.60744148479574,6.400063e-06
121.27,1.0,137.60704189181882,6.621762e-06
121.27,1.0,137.60659937386677,6.582326e-06
121.27,1.0,137.60619578773202,6.71958e-06
121.27,1.0,137.60574014745342,6.632588e-06
121.27,1.0,137.60537332665604,6.985167e-06
121.27,1.0,137.6049420562484,6.902817e-06
121.27,1.0,137.6045412163151,6.374437e-06
121.27,1.0,137.60410268536378,5.906782e-06
121.27,1.0,137.60369828502715,6.097558e-06
121.27,1.0,137.60325398482618,6.249553e-06
121.27,1.0,137.60282449748945,5.973983e-06
121.27,1.0,137.60243883862574,5.818118e-06
121.27,1.0,137.60201075485696,5.872993e-06
121.27,1.0,137.60157032072945,5.3986e-06
121.27,1.0,137.60117120538214,4.61773e-06
121.27,1.0,137.60073106065514,3.460562e-06
121.27,1.0,137.60032855509266,1.78958e-06
121.27,1.0,137.59990838936264,1.615437e-06
121.27,1.0,137.59951781947186,1.46711e-06
121.27,1.0,137.5990792194332,1.746579e-06
121.27,1.0,137.59865430712958,2.085028e-06
121.27,1.0,137.59823579365394,2.689543e-06
121.27,1.0,137.59783533445653,3.570021e-06
121.27,1.0,137.59742126089878,4.088986e-06
121.27,1.0,137.596998284842,4.221336e-06
121.27,1.0,137.59659737926867,4.739108e-06
121.27,1.0,137.59616342075358,4.877904e-06
121.27,1.0,137.59575817249544,4.846923e-06
121.27,1.0,137.59531679404256,5.163907e-06
121.27,1.0,137.59491710043682,5.2307e-06
121.27,1.0,137.59451141772226,5.132722e-06
121.27,1.0,137.5940718438581,5.47558e-06
121.27,1.0,137.59365953374748,5.773356e-06
121.27,1.0,137.59323457874603,5.498194e-06
121.27,1.0,137.59280690896392,5.497554e-06
121.27,1.0,137.59239948697686,5.577283e-06
121.27,1.0,137.59199398965438,5.256545e-06
121.27,1.0,137.59157966862455,5.304217e-06
121.27,1.0,137.59115445441861,5.422145e-06
121.27,1.0,137.59071299676808,5.277689e-06
121.27,1.0,137.59031350715682,5.616443e-06
121.27,1.0,137.58989874619695,5.65924e-06
121.27,1.0,137.5894777558104,5.759153e-06
121.27,1.0,137.58907119946358,5.881026e-06
121.27,1.0,137.58861943916386,5.762675e-06
121.27,1.0,137.58823249625334,5.373236e-06
121.27,1.0,137.58780067912326,5.942697e-06
121.27,1.0,137.5873931507602,6.026297e-06
121.27,1.0,137.5869844155457,5.871771e-06
121.27,1.0,137.58654371992324,5.931026e-06
121.27,1.0,137.58613998966382,5.844966e-06
121.27,1.0,137.58570644998642,5.554102e-06
121.27,0.0,137.58529855917462,5.526599e-06
121.27,0.0,137.5848866786842,5.472379e-06
121.27,0.0,137.5844813625515,5.511407e-06
121.27,0.0,137.58404220698816,5.661117e-06
121.27,0.0,137.58363596835053,5.925715e-06
121.27,0.0,137.58319689709774,6.190749e-06
121.27,0.0,137.58275579506275,6.464339e-06
121.27,0.0,137.58235614939085,6.643168e-06
121.27,0.0,137.5819405568082,6.733942e-06
121.27,0.0,137.58154164201088,6.62361e-06
121.27,0.0,137.58110309190732,6.806731e-06
121.27,0.0,137.5806738127122,6.52278e-06
121.27,0.0,137.5802685739422,6.736824e-06
121.27,0.0,137.5798383960213,6.828996e-06
121.27,0.0,137.57944990628602,7.003997e-06
121.27,0.0,137.57901518254735,6.892398e-06
121.27,0.0,137.57861433649657,6.995571e-06
121.27,0.0,137.57817314441172,7.047798e-06
121.27,0.0,137.57777070073018,6.841845e-06
121.27,0.0,137.5773461300634,6.958435e-06
121.27,0.0,137.57695975703126,6.870891e-06
121.27,0.0,137.57652555522222,6.594579e-06
121.27,0.0,137.5761234941858,6.817558e-06
121.27,0.0,137.57568127365874,7.296025e-06
121.27,0.0,137.57527947448435,7.325871e-06
121.27,0.0,137.57485145135587,7.562732e-06
121.27,0.0,137.5744330676554,7.560957e-06
121.27,0.0,137.57403115651348,7.602212e-06
121.27,0.0,137.57361241706192,7.522642e-06
121.27,0.0,137.57318701642265,7.795767e-06
121.27,0.0,137.5727464658424,7.522845e-06
121.27,0.0,137.57234473046546,7.544179e-06
121.27,0.0,137.57193057879488,7.847164e-06
121.27,0.0,137.57150451300808,8.032875e-06
121.27,0.0,137.57109953254553,7.927869e-06
121.27,0.0,137.57065139785783,7.758354e-06
121.27,0.0,137.57025500365893,7.657945e-06
121.27,0.0,137.5698297123228,7.492388e-06
121.27,0.0,137.56941328539102,7.730385e-06
121.27,0.0,137.56900620963393,7.231778e-06
121.27,0.0,137.5685904452594,6.142713e-06
121.27,0.0,137.56816374535697,4.088375e-06
121.27,0.0,137.56772680951568,3.762427e-06
121.27,0.0,137.56733464379985,4.509769e-06
121.27,0.0,137.56690485878428,5.421112e-06
121.27,0.0,137.56651979152312,6.113391e-06
121.27,0.0,137.56607860842254,6.618706e-06
121.27,0.0,137.56565530110126,6.984614e-06
121.27,0.0,137.56523461509252,6.734888e-06
121.27,0.0,137.56481370781452,6.327755e-06
121.27,0.0,137.5644137650971,6.303628e-06
121.27,0.0,137.56398557791817,4.86456e-06
121.27,0.0,137.56358075517588,3.675435e-06
121.27,0.0,137.56313944785538,3.786219e-06
121.27,0.0,137.56269500610233,4.870191e-06
121.27,0.0,137.56230435472466,5.995767e-06
121.27,0.0,137.56188395556643,6.718896e-06
121.27,0.0,137.56145759244214,7.188602e-06
121.27,0.0,137.5610545392296,7.252049e-06
121.27,0.0,137.56061788632564,6.987932e-06
121.27,0.0,137.5602129952025,7.39863e-06
121.27,0.0,137.5597711925508,7.436945e-06
121.27,0.0,137.55937238474104,7.385737e-06
121.27,0.0,137.55895143380903,7.547031e-06
121.27,0.0,137.55852875181816,7.668903e-06
121.27,0.0,137.5581276550347,7.775263e-06
121.27,0.0,137.55769488380471,7.689727e-06
121.27,0.0,137.55728554908038,7.36228e-06
121.27,0.0,137.55687567705402,6.680129e-06
121.27,0.0,137.55646411937187,6.127826e-06
121.27,0.0,137.55605619340452,6.80059e-06
121.27,0.0,137.55562447373475,7.240407e-06
121.27,0.0,137.5552207496967,7.351104e-06
121.27,0.0,137.55478544056845,7.241499e-06
121.27,0.0,137.5543816436449,7.290844e-06
121.27,0.0,137.55397654421637,7.258815e-06
121.27,0.0,137.55353913827074,7.443887e-06
121.27,0.0,137.55313509317952,7.442402e-06
121.27,0.0,137.55268627454285,7.481212e-06
121.27,0.0,137.55228896428324,7.558017e-06
121.27,0.0,137.55186782931008,7.629496e-06
121.27,0.0,137.5514423198316,7.736453e-06
121.27,0.0,137.551013899214,7.717594e-06
121.27,0.0,137.55060987930173,8.016272e-06
121.27,0.0,137.55016967421082,7.951836e-06
121.27,0.0,137.549768798718,7.939991e-06
121.27,0.0,137.5493367657633,7.741182e-06
121.27,0.0,137.5489490838873,7.528724e-06
121.27,0.0,137.54852037526084,7.444949e-06
121.27,0.0,137.5481231199186,7.258714e-06
121.27,0.0,137.54768673455945,7.453928e-06
121.27,0.0,137.54724727787126,7.810857e-06
121.27,0.0,137.54684292049515,7.933719e-06
121.27,0.0,137.5464371945872,7.937648e-06
121.27,0.0,137.54603389898773,7.906856e-06
121.27,0.0,137.54558846001703,7.979717e-06
121.27,0.0,137.54518140349634,8.105912e-06
121.27,0.0,137.54474027118465,7.832554e-06
121.27,0.0,137.54434410062103,7.600916e-06
121.27,0.0,137.54392339103802,7.344468e-06
121.27,0.0,137.54351821413255,7.510476e-06
121.27,0.0,137.54306468343347,6.991482e-06
121.27,0.0,137.54265252692414,6.125832e-06
121.27,0.0,137.54223220718114,5.82519e-06
121.27,0.0,137.54180417796408,6.680217e-06
121.27,0.0,137.54139872519235,7.156283e-06
121.27,0.0,137.54099889414204,7.485025e-06
121.27,0.0,137.5405611119006,7.687835e-06
121.27,0.0,137.54016006639276,7.638009e-06
121.27,0.0,137.53973162318147,7.432245e-06
121.27,0.0,137.53929129772786,7.178911e-06
121.27,0.0,137.5389006742461,7.460316e-06
121.27,0.0,137.5385088862583,7.683644e-06
121.27,0.0,137.5380661043922,7.651281e-06
121.27,0.0,137.5376430451784,7.90217e-06
121.27,0.0,137.53722500558268,7.970317e-06
121.27,0.0,137.53682063889838,8.095492e-06
121.27,0.0,137.53639773715133,7.868046e-06
121.27,0.0,137.5360074002736,7.960713e-06
121.27,0.0,137.53556285798885,7.849274e-06
121.27,0.0,137.53516434398267,7.737282e-06
121.27,0.0,137.53472528988752,7.433395e-06
121.27,0.0,137.53432143548366,6.774499e-06
121.27,0.0,137.53390211029287,6.446149e-06
121.27,0.0,137.53348289156295,6.331655e-06
121.27,0.0,137.53307833531514,6.978837e-06
121.27,0.0,137.53262851106473,7.222785e-06
121.27,0.0,137.53220243559468,7.032562e-06
121.27,0.0,137.53179991234572,6.424729e-06
121.27,0.0,137.53137706215443,6.738788e-06
121.27,0.0,137.53099025511835,7.102732e-06
121.27,0.0,137.53055375326826,7.667259e-06
121.27,0.0,137.53011384318518,7.409239e-06
121.27,0.0,137.5297129705457,7.110546e-06
121.27,0.0,137.52927906920578,7.406881e-06
121.27,0.0,137.5288717092896,7.83951e-06
121.27,0.0,137.52846573183788,7.715775e-06
121.27,0.0,137.52805902096085,7.700713e-06
121.27,0.0,137.5276147290459,6.933522e-06
121.27,0.0,137.52721700797682,6.870454e-06
121.27,0.0,137.5267816961746,6.985618e-06
121.27,0.0,137.5263722772177,6.903487e-06
121.27,0.0,137.52595963633684,6.987175e-06
121.27,0.0,137.52552681173833,6.650182e-06
121.27,0.0,137.5251235563598,6.893068e-06
121.27,0.0,137.5246659901735,7.502778e-06
121.27,0.0,137.52428191677944,7.969284e-06
121.27,0.0,137.52385396146136,7.903e-06
121.27,0.0,137.52345128553617,7.809751e-06
121.27,0.0,137.52301569175532,7.929557e-06
121.27,0.0,137.5226144358917,7.931842e-06
121.27,0.0,137.52217688489594,7.636525e-06
121.27,0.0,137.5217403400987,7.278475e-06
121.27,0.0,137.52134720179743,6.943563e-06
121.27,0.0,137.52092820485035,6.486822e-06
121.27,0.0,137.52052390727604,6.840986e-06
121.27,0.0,137.52008081751796,7.01267e-06
121.27,0.0,137.5196810702176,7.059425e-06
121.27,0.0,137.51924306404658,7.29812e-06
121.27,0.0,137.518832687323,7.391835e-06
121.27,0.0,137.51841973564404,7.605035e-06
121.27,0.0,137.5179961014899,7.468014e-06
121.27,0.0,137.51759200955158,6.940056e-06
121.27,0.0,137.51718773681597,6.959875e-06
121.27,0.0,137.5167439641214,6.864691e-06
121.27,0.0,137.51634599382567,7.012583e-06
121.27,0.0,137.5159309830144,7.025606e-06
121.27,0.0,137.5155026273228,7.017603e-06
121.27,0.0,137.5150995691486,7.267532e-06
121.27,0.0,137.51467139948772,7.61007e-06
121.27,0.0,137.51425694906047,7.768846e-06
121.27,0.0,137.51382519319225,7.486931e-06
121.27,0.0,137.51344054538794,7.278868e-06
121.27,0.0,137.5130072089967,7.025024e-06
121.27,0.0,137.51258919777558,6.651826e-06
121.27,0.0,137.51215922265752,6.170623e-06
121.27,0.0,137.51172101990568,6.432776e-06
121.27,0.0,137.5113305599865,6.8589e-06
121.27,0.0,137.51090076598788,6.85516e-06
121.27,0.0,137.51047296768138,6.889983e-06
121.27,0.0,137.5100750178444,6.880684e-06
121.27,0.0,137.50964197632558,6.821283e-06
121.27,0.0,137.50924059326567,6.956398e-06
121.27,0.0,137.50880734160597,7.131748e-06
121.27,0.0,137.50840038107143,7.10781e-06
121.27,0.0,137.50797444375323,6.856018e-06
121.27,0.0,137.50755766512577,6.466114e-06
121.27,0.0,137.507153253272,6.410002e-06
121.27,0.0,137.50671135341622,6.716058e-06
121.27,0.0,137.50631058082087,6.679329e-06
121.27,0.0,137.50589742078205,6.780479e-06
121.27,0.0,137.50547628355534,6.824601e-06
121.27,0.0,137.50507503197503,6.674891e-06
121.27,0.0,137.5046344961218,6.687187e-06
121.27,0.0,137.50422727715812,6.45782e-06
121.27,0.0,137.50379112949943,6.649236e-06
121.27,0.0,137.50338425664108,6.348127e-06
121.27,0.0,137.50298070632726,6.275135e-06
121.27,0.0,137.50254161527704,5.947222e-06
121.27,0.0,137.50211428377025,5.649912e-06
121.27,0.0,137.50169882908347,6.021903e-06
121.27,0.0,137.5012642582623,6.213537e-06
121.27,0.0,137.50084530551075,6.4458e-06
121.27,0.0,137.5004498335204,6.627481e-06
121.27,0.0,137.50001849162686,6.639093e-06
121.27,0.0,137.49961300286395,6.657167e-06
121.27,0.0,137.49918188559266,6.660281e-06
121.27,0.0,137.4987668036385,6.669201e-06
121.27,0.0,137.4983622832081,6.744289e-06
121.27,0.0,137.4979534078791,6.691072e-06
121.27,0.0,137.4975196860787,6.319126e-06
121.27,0.0,137.49711706323333,6.314571e-06
121.27,0.0,137.4966824545923,6.247123e-06
121.27,0.0,137.49628275887846,6.36249e-06
121.27,0.0,137.49585533190088,6.410075e-06
121.27,0.0,137.4954664354089,6.040296e-06
121.27,0.0,137.49502999415512,6.186427e-06
121.27,0.0,137.4946237909228,6.176677e-06
121.27,0.0,137.49418017938018,6.142349e-06
121.27,0.0,137.49377540302964,5.972193e-06
121.27,0.0,137.49334556511948,6.114671e-06
121.27,0.0,137.4929271825439,6.016577e-06
121.27,0.0,137.4925335070373,6.131275e-06
121.27,0.0,137.492098906943,5.846683e-06
121.27,0.0,137.49168710849136,5.608454e-06
121.27,0.0,137.49124773878884,5.761744e-06
121.27,0.0,137.49084532778713,5.65972e-06
121.27,0.0,137.49043208686186,5.675072e-06
121.27,0.0,137.4900005276692,5.65729e-06
121.27,0.0,137.48959900666267,5.85863e-06
121.27,0.0,137.48916198269524,5.676964e-06
121.27,0.0,137.4887578547852,5.546375e-06
121.27,0.0,137.48832887025284,5.604728e-06
121.27,0.0,137.4879191682825,5.788519e-06
121.27,0.0,137.48751640330144,5.71915e-06
121.27,0.0,137.48707360709176,5.52753e-06
121.27,0.0,137.486676542365,5.640613e-06
121.27,0.0,137.4862380394489,5.044232e-06
121.27,0.0,137.48583747277254,4.682122e-06
121.27,0.0,137.4854220450492,5.171067e-06
121.27,0.0,137.48499565476473,5.493479e-06
121.27,0.0,137.48458892782168,5.680224e-06
121.27,0.0,137.48415710700004,5.626061e-06
121.27,0.0,137.48372027804103,5.665148e-06
121.27,0.0,137.4833168280784,5.7898e-06
121.27,0.0,137.4828989305646,5.859489e-06
121.27,0.0,137.48247679756736,6.059432e-06
121.27,0.0,137.4820767490848,5.949812e-06
121.27,0.0,137.48163800364108,6.082628e-06
121.27,0.0,137.48120527238302,5.806913e-06
121.27,0.0,137.4807994653868,5.745111e-06
121.27,0.0,137.48036460497164,5.593596e-06
121.27,0.0,137.4799853957737,5.308088e-06
121.27,0.0,137.47954963671174,4.685149e-06
121.27,0.0,137.47910847932357,4.654838e-06
121.27,0.0,137.4787161724673,4.507732e-06
121.27,0.0,137.47827721680778,4.769143e-06
121.27,0.0,137.47789649813004,4.996196e-06
121.27,0.0,137.4774668031532,5.082649e-06
121.27,0.0,137.4770653541923,5.151524e-06
121.27,0.0,137.4766347023846,5.533424e-06
121.27,0.0,137.47620755210033,5.826965e-06
121.27,0.0,137.47580376867887,5.958282e-06
121.27,0.0,137.47537486030083,6.215792e-06
121.27,0.0,137.47499160248734,6.341594e-06
121.27,0.0,137.47455127798048,6.238246e-06
121.27,0.0,137.47415072024725,5.8593e-06
121.27,0.0,137.47371134772308,5.652968e-06
121.27,0.0,137.4732751487132,5.377398e-06
121.27,0.0,137.47289106589136,5.809517e-06
121.27,0.0,137.47245989179635,5.984562e-06
121.27,0.0,137.47204058309148,5.922382e-06
121.27,0.0,137.4716005529505,5.624461e-06
121.27,0.0,137.4711905577414,5.590467e-06
121.27,0.0,137.4707849235811,5.653827e-06
121.27,0.0,137.47035818523105,5.949565e-06
121.27,0.0,137.4699371950605,6.28992e-06
121.27,0.0,137.46953041232578,6.306465e-06
121.27,0.0,137.469122934736,6.408605e-06
121.27,0.0,137.46867731900423,6.377697e-06
121.27,0.0,137.46827661049358,6.291579e-06
121.27,0.0,137.4678511191905,6.263333e-06
121.27,0.0,137.46743743401004,6.16636e-06
121.27,0.0,137.46703495950274,6.328919e-06
121.27,0.0,137.46659631099325,6.473521e-06
121.27,0.0,137.46619309734783,6.491231e-06
121.27,0.0,137.4657511399545,6.513641e-06
121.27,0.0,137.46535922090519,6.642396e-06
121.27,0.0,137.46493004443667,6.86507e-06
121.27,0.0,137.46453872349682,7.08169e-06
121.27,0.0,137.46409862272475,7.139184e-06
121.27,0.0,137.4636684605539,6.98019e-06
121.27,0.0,137.4632530317858,6.936956e-06
121.27,0.0,137.46282006090343,6.816103e-06
121.27,0.0,137.46239624278587,6.484202e-06
121.27,0.0,137.462004638645,6.314614e-06
121.27,0.0,137.46156190788588,6.69506e-06
121.27,0.0,137.46116139785943,5.897004e-06
121.27,0.0,137.46071762251302,5.905051e-06
121.27,0.0,137.4603183748567,5.968628e-06
121.27,0.0,137.45989728732422,6.368777e-06
121.27,0.0,137.45950996957765,6.41431e-06
121.27,0.0,137.45907000300238,6.100614e-06
121.27,0.0,137.45866568944288,5.797381e-06
121.27,0.0,137.45822664054387,5.692389e-06
121.27,0.0,137.4578247510109,5.812282e-06
121.27,0.0,137.45740566971276,5.778042e-06
121.27,0.0,137.45701505516277,5.779526e-06
121.27,0.0,137.45657282891426,5.810594e-06
121.27,0.0,137.45617020292124,5.823371e-06
121.27,0.0,137.45573098556682,6.000773e-06
121.27,0.0,137.4553285204573,6.100468e-06
121.27,0.0,137.45490907619134,6.289003e-06
121.27,0.0,137.45448070573525,6.451955e-06
121.27,0.0,137.45407495834897,6.432063e-06
121.27,0.0,137.45364934299093,6.365895e-06
121.27,0.0,137.4532282215069,6.150571e-06
121.27,0.0,137.4528227620316,5.811453e-06
121.27,0.0,137.4524048631366,6.277929e-06
121.27,0.0,137.4519768077181,6.305127e-06
121.27,0.0,137.4515664979997,6.154733e-06
121.27,0.0,137.45112441608615,5.845315e-06
121.27,0.0,137.4507045496589,5.99098e-06
121.27,0.0,137.45030488825452,6.1022e-06
121.27,0.0,137.44987878817622,6.225004e-06
121.27,0.0,137.44948940414224,6.262082e-06
121.27,0.0,137.44904882849363,6.29868e-06
121.27,0.0,137.4486310852749,6.062197e-06
121.27,0.0,137.44820777437167,5.776776e-06
121.27,0.0,137.44776754651957,6.019734e-06
121.27,0.0,137.44738560937785,6.325077e-06
121.27,0.0,137.44696374012747,6.561051e-06
121.27,0.0,137.44655801329782,6.083894e-06
121.27,0.0,137.44611294262907,5.913666e-06
121.27,0.0,137.4457121779387,6.057307e-06
121.27,0.0,137.4452734567025,5.981288e-06
121.27,0.0,137.44486901009748,6.384711e-06
121.27,0.0,137.4444610121944,6.710936e-06
121.27,0.0,137.44405559593602,6.881528e-06
121.27,0.0,137.44362035967862,6.983217e-06
121.27,0.0,137.44317830973534,6.777831e-06
121.27,0.0,137.44278095521548,6.865448e-06
121.27,0.0,137.44235369065896,6.795322e-06
121.27,0.0,137.4419289609297,6.991599e-06
121.27,0.0,137.4415026905426,6.987932e-06
121.27,0.0,137.44108877056573,6.625822e-06
121.27,0.0,137.4406634583097,6.497547e-06
121.27,0.0,137.44025943628858,6.27288e-06
121.27,0.0,137.43982680772947,6.147515e-06
121.27,0.0,137.43944044994404,6.186223e-06
121.27,0.0,137.43901652226984,6.545917e-06
121.27,0.0,137.43858270197077,6.562201e-06
121.27,0.0,137.43818395368424,6.772549e-06
121.27,0.0,137.43774405368924,6.902366e-06
121.27,0.0,137.43735406645854,6.987873e-06
121.27,0.0,137.43693634414592,6.979724e-06
121.27,0.0,137.4365353040563,6.948598e-06
121.27,0.0,137.43609900513022,6.83371e-06
121.27,0.0,137.43567229558474,6.614428e-06
121.27,0.0,137.43525585888153,6.259579e-06
121.27,0.0,137.43485188500645,5.631038e-06
121.27,0.0,137.43443698531922,5.186434e-06
121.27,0.0,137.434011286704,5.491383e-06
121.27,0.0,137.43360021516605,5.491631e-06
121.27,0.0,137.43316372509986,5.543363e-06
121.27,0.0,137.4327587013697,5.790673e-06
121.27,0.0,137.4323258292045,5.904047e-06
121.27,0.0,137.43191533432793,5.8726e-06
121.27,0.0,137.4315112015833,6.012589e-06
121.27,0.0,137.43107633101496,5.974973e-06
121.27,0.0,137.43065303638846,5.823807e-06
121.27,0.0,137.43022731661057,5.664959e-06
121.27,0.0,137.4298008576239,5.476628e-06
121.27,0.0,137.4294143586519,5.18476e-06
121.27,0.0,137.42898474117268,5.54818e-06
121.27,0.0,137.42858450746607,5.842201e-06
121.27,0.0,137.42814072079153,5.977447e-06
121.27,0.0,137.42773875070645,5.939975e-06
121.27,0.0,137.42730188449872,6.368573e-06
121.27,0.0,137.42691332141163,6.614791e-06
121.27,0.0,137.42648114320198,6.547954e-06
121.27,0.0,137.4260764528425,6.581176e-06
121.27,0.0,137.4256464262548,6.893068e-06
121.27,0.0,137.4252074820981,6.449554e-06
121.27,0.0,137.42480223979405,6.198024e-06
121.27,0.0,137.42439457174947,6.119139e-06
121.27,0.0,137.42398720758385,6.004309e-06
121.27,0.0,137.42354742145213,6.15821e-06
121.27,0.0,137.42314421628373,6.08807e-06
121.27,0.0,137.42270141582293,5.83363e-06
121.27,0.0,137.4222965334167,5.749345e-06
121.27,0.0,137.42186895508777,5.934708e-06
121.27,0.0,137.42144528508334,6.227856e-06
121.27,0.0,137.42104782651043,6.020709e-06
121.27,0.0,137.42060271026278,6.180315e-06
121.27,0.0,137.4202041079943,5.796552e-06
121.27,0.0,137.4197651098636,5.270354e-06
121.27,0.0,137.41935844970314,5.295486e-06
121.27,0.0,137.41894155551924,5.671187e-06
121.27,0.0,137.41854068841081,5.652735e-06
121.27,0.0,137.41810430456937,5.662281e-06
121.27,0.0,137.41770327365515,6.027607e-06
121.27,0.0,137.41727213983106,5.823968e-06
121.27,0.0,137.4168525896774,5.572394e-06
121.27,0.0,137.41646991517354,5.809416e-06
121.27,0.0,137.41603512367743,5.916372e-06
121.27,0.0,137.41561428958815,5.926442e-06
121.27,0.0,137.4151873663078,5.801878e-06
121.27,0.0,137.41478492669003,5.088266e-06
121.27,0.0,137.41434623051384,4.72687e-06
121.27,0.0,137.41396629099557,4.312955e-06
121.27,0.0,137.41352850888256,1.95796e-06
121.27,0.0,137.41312228454382,1.199791e-06
121.27,0.0,137.41266971270628,1.080291e-06
121.27,0.0,137.41224629290411,1.897395e-06
121.27,0.0,137.4118457070972,7.259223e-07
121.27,0.0,137.41143180053092,4.623435e-07
121.27,0.0,137.4110059313993,6.149494e-07
121.27,0.0,137.41060873122572,8.266652e-07
121.27,0.0,137.4101728773425,8.954812e-07
121.27,0.0,137.40973521380292,7.58504e-07
121.27,0.0,137.4093456072667,1.093838e-06
121.27,0.0,137.40891486474192,7.044146e-07
121.27,0.0,137.40852544276393,3.861351e-07
121.27,0.0,137.40808549082516,5.288603e-07
121.27,0.0,137.40764889079264,5.922338e-07
121.27,0.0,137.40724304542093,5.402107e-07
121.27,0.0,137.40684140197345,5.738257e-07
121.27,0.0,137.4064225456079,8.019997e-07
121.27,0.0,137.40600334061222,1.267224e-06
121.27,0.0,137.40558765252538,1.919121e-06
121.27,0.0,137.4051589771624,1.298744e-06
121.27,0.0,137.40472485549387,1.258551e-06
121.27,1.0,137.40432513142318,1.411085e-06
121.27,1.0,137.40391283858077,1.314562e-06
121.27,1.0,137.4035105329527,1.551773e-06
121.27,1.0,137.40307161865866,1.889421e-06
121.27,1.0,137.40263127210036,2.502333e-06
121.27,1.0,137.40223234007576,2.847999e-06
121.27,1.0,137.40180163056104,1.914494e-06
121.27,1.0,137.40136150723407,1.837092e-06
121.27,1.0,137.40095981043237,1.959663e-06
121.27,1.0,137.40055344948235,2.943983e-06
121.27,1.0,137.4001294881175,2.653615e-06
121.27,1.0,137.39969131586247,2.511239e-06
121.27,1.0,137.3993074486107,2.129484e-06
121.27,1.0,137.39888619596192,2.858927e-06
121.27,1.0,137.3984629644169,3.397101e-06
121.27,1.0,137.3980587230334,3.049994e-06
121.27,1.0,137.39762348357618,1.960478e-06
121.27,1.0,137.39722681495178,1.668333e-06
121.27,1.0,137.39679500271626,2.327943e-06
121.27,1.0,137.39638710132866,3.112393e-06
121.27,1.0,137.39598138962378,3.345354e-06
121.27,1.0,137.39554161033402,3.408204e-06
121.27,1.0,137.3951370377027,3.303081e-06
121.27,1.0,137.39470062764505,2.265151e-06
121.27,1.0,137.39429577500272,1.4049e-06
121.27,1.0,137.39387014996632,1.731751e-06
121.27,1.0,137.39349024016323,2.717425e-06
121.27,1.0,137.39305165996694,2.757093e-06
121.27,1.0,137.39262779432502,3.341003e-06
121.27,1.0,137.39220339701728,3.461348e-06
121.27,1.0,137.39176846230902,3.244306e-06
121.27,1.0,137.3913620262941,3.21008e-06
121.27,1.0,137.3909511343032,2.480243e-06
121.27,1.0,137.39052144529143,1.224296e-06
121.27,1.0,137.3901146872334,6.988557e-07
121.27,1.0,137.38968406024446,5.446927e-07
121.27,1.0,137.38928104957233,7.025519e-07
121.27,1.0,137.38885932384906,7.407361e-07
121.27,1.0,137.38843966404326,7.555791e-07
121.27,1.0,137.38803642927607,1.081658e-06
121.27,1.0,137.3875940970714,9.158539e-07
121.27,1.0,137.3871886238041,9.156793e-07
121.27,1.0,137.38674748725336,1.078733e-06
121.27,1.0,137.38635936191778,1.374297e-06
121.27,1.0,137.38593095205584,2.145782e-06
121.27,1.0,137.38553402467414,1.437584e-06
121.27,1.0,137.38509447116394,9.121868e-07
121.27,1.0,137.384694979341,1.199092e-06
121.27,1.0,137.38425274594948,1.804248e-06
121.27,1.0,137.38385554500275,2.627537e-06
121.27,1.0,137.38344400528095,2.697474e-06
121.27,1.0,137.38301090432645,2.465647e-06
121.27,1.0,137.3825727165706,2.357599e-06
121.27,1.0,137.3821698549178,1.574605e-06
121.27,1.0,137.38173124266686,9.911164e-07
121.27,1.0,137.38132834228972,7.887138e-07
121.27,1.0,137.38091466270535,7.87928e-07
121.27,1.0,137.38048542160428,8.603092e-07
121.27,1.0,137.38007033711222,1.142384e-06
121.27,1.0,137.37964387628543,1.720662e-06
121.27,1.0,137.37924293313998,3.879686e-07
121.27,1.0,137.3788140950155,1.452281e-08
121.27,1.0,137.3784014455564,8.556526e-09
121.27,1.0,137.37800201923542,9.255018e-09
121.27,0.0,137.377565505428,8.396455e-09
121.27,0.0,137.37716460612828,7.406925e-09
121.27,0.0,137.37672321006116,5.718903e-09
121.27,0.0,137.3763234543568,1.251465e-09
121.27,0.0,137.37590438405118,8.20728e-09
121.27,0.0,137.37551613313516,7.028575e-09
121.27,0.0,137.37507704158847,7.159542e-09
121.27,0.0,137.37465221478726,2.692104e-09
121.27,0.0,137.37423216370726,3.929017e-09
121.27,0.0,137.37380069422093,2.924935e-09
121.27,0.0,137.3733958812058,5.908078e-09
121.27,0.0,137.37299224953844,2.866727e-09
121.27,0.0,137.3725508861876,1.338776e-09
121.27,0.0,137.37215120899842,3.72529e-09
121.27,0.0,137.3717088493356,1.353328e-09
121.27,0.0,137.37130502112493,6.621121e-09
121.27,0.0,137.370880555569,1.891749e-09
121.27,0.0,137.37045841564316,4.48199e-09
121.27,0.0,137.37005799089775,4.511094e-10
121.27,0.0,137.36961817220254,4.569301e-09
121.27,0.0,137.3692163429188,5.355105e-09
121.27,0.0,137.36877676119147,6.257324e-10
121.27,0.0,137.36839149138868,3.914465e-09
130.77,0.0,138.3207578125,2.659367e-05
130.77,0.0,138.320733423563,1.021792e-06
130.77,0.0,138.32061587157182,1.589593e-06
130.77,0.0,138.3204918734737,1.980923e-06
130.77,0.0,138.32029361514313,2.306479e-06
130.77,0.0,138.3200629802641,2.551038e-06
130.77,0.0,138.3197985694705,1.943146e-06
130.77,0.0,138.3195157427515,1.017484e-06
130.77,0.0,138.31917246249222,1.407199e-06
130.77,0.0,138.31879122852618,1.248918e-06
130.77,0.0,138.3183554036455,1.456036e-06
130.77,0.0,138.31795357783597,1.516615e-06
130.77,0.0,138.3175490295444,1.764522e-06
130.77,0.0,138.31713555054398,2.064902e-06
130.77,0.0,138.31671424077044,2.241359e-06
130.77,0.0,138.31627214302628,2.154688e-06
130.77,0.0,138.3158606769662,2.083791e-06
130.77,0.0,138.3154712094946,2.661705e-06
130.77,0.0,138.31505495211948,3.020308e-06
130.77,0.0,138.31461458434734,3.166031e-06
130.77,0.0,138.31420091761422,3.176319e-06
130.77,0.0,138.31379281337146,3.029752e-06
130.77,0.0,138.31337128995403,3.122172e-06
130.77,0.0,138.312954014922,3.514127e-06
130.77,0.0,138.3125481208732,3.484529e-06
130.77,0.0,138.3121008298101,3.480207e-06
130.77,0.0,138.31168626957748,3.06587e-06
130.77,0.0,138.31127646855026,2.726883e-06
130.77,0.0,138.31082064153657,2.294648e-06
130.77,0.0,138.31043805272105,2.544548e-06
130.77,0.0,138.31003210306952,2.740431e-06
130.77,0.0,138.3095955194684,2.984467e-06
130.77,0.0,138.30916897389116,3.180336e-06
130.77,0.0,138.30875440639446,3.237554e-06
130.77,0.0,138.3083504970949,3.409179e-06
130.77,0.0,138.307949212195,3.409121e-06
130.77,0.0,138.30750872090417,3.40621e-06
130.77,0.0,138.3070927273829,3.342429e-06
130.77,0.0,138.30667844352178,3.382622e-06
130.77,0.0,138.30626412892744,3.315057e-06
130.77,0.0,138.3058127427071,2.993867e-06
130.77,0.0,138.30542869672504,2.635032e-06
130.77,0.0,138.30502520992042,2.911533e-06
130.77,0.0,138.3045864037113,3.384484e-06
130.77,0.0,138.30416076654447,3.562862e-06
130.77,0.0,138.30374557476412,3.441601e-06
130.77,0.0,138.30333937371282,3.450565e-06
130.77,0.0,138.30289729971577,3.872119e-06
130.77,0.0,138.30249546026914,3.760855e-06
130.77,0.0,138.3020821422239,3.835128e-06
130.77,0.0,138.30165210993331,3.727022e-06
130.77,0.0,138.30122019947984,3.516194e-06
130.77,0.0,138.30081282719692,3.191162e-06
130.77,0.0,138.30041551846776,2.98841e-06
130.77,0.0,138.299961842206,2.884291e-06
130.77,0.0,138.2995687108746,2.553614e-06
130.77,0.0,138.2991550853914,2.562563e-06
130.77,0.0,138.29873801190604,2.676548e-06
130.77,0.0,138.2982972384589,2.780362e-06
130.77,0.0,138.29789559497962,2.583154e-06
130.77,0.0,138.29749582931683,2.676068e-06
130.77,0.0,138.29708423472653,2.893095e-06
130.77,0.0,138.29665597602258,2.92981e-06
130.77,0.0,138.29622218364872,2.819186e-06
130.77,0.0,138.29581672446463,2.881337e-06
130.77,0.0,138.29541608234808,3.117821e-06
130.77,0.0,138.29497459374366,2.97041e-06
130.77,0.0,138.29457346470218,2.813205e-06
130.77,0.0,138.29415981551136,2.650006e-06
130.77,0.0,138.29370814055346,2.598419e-06
130.77,0.0,138.29329916946924,2.576315e-06
130.77,0.0,138.29290237358168,2.50926e-06
130.77,0.0,138.29246625706782,2.926681e-06
130.77,0.0,138.2920566441973,2.995948e-06
130.77,0.0,138.29164419903685,2.950983e-06
130.77,0.0,138.29119491424427,2.973553e-06
130.77,0.0,138.29078384953903,2.788802e-06
130.77,0.0,138.29038300918538,2.859029e-06
130.77,0.0,138.28997662985313,2.765752e-06
130.77,0.0,138.2895398853946,2.929897e-06
130.77,1.0,138.28912903167517,3.007372e-06
130.77,1.0,138.28870969663097,2.823363e-06
130.77,1.0,138.2882689475947,2.583562e-06
130.77,1.0,138.2878610507285,2.764209e-06
130.77,1.0,138.28747450171477,2.675239e-06
130.77,1.0,138.28701641356258,2.791712e-06
130.77,1.0,138.28662112104527,2.597604e-06
130.77,1.0,138.28618845187026,2.621004e-06
130.77,1.0,138.2857662808804,2.64727e-06
130.77,1.0,138.28536446360874,3.006193e-06
130.77,1.0,138.28496199611564,2.985296e-06
130.77,1.0,138.2845516144407,3.11718e-06
130.77,1.0,138.28412137028303,2.891669e-06
130.77,1.0,138.2836912801998,3.003865e-06
130.77,1.0,138.28327838104363,2.919158e-06
130.77,1.0,138.28283511414,2.959205e-06
130.77,1.0,138.28243185099367,2.863308e-06
130.77,1.0,138.28203108527694,2.900939e-06
130.77,1.0,138.28158459711526,2.593093e-06
130.77,1.0,138.2811715348382,2.603396e-06
130.77,1.0,138.28075757019772,2.958404e-06
130.77,1.0,138.28031647436012,2.927642e-06
130.77,1.0,138.27991236920704,3.040768e-06
130.77,1.0,138.27951626953953,2.667832e-06
130.77,1.0,138.27907986758467,2.609653e-06
130.77,1.0,138.2786585578845,2.463566e-06
130.77,1.0,138.27824409408223,2.592031e-06
130.77,1.0,138.2778424166296,2.752902e-06
130.77,1.0,138.27744260056323,2.752597e-06
130.77,1.0,138.27700485898632,3.082692e-06
130.77,1.0,138.27659157698722,3.007866e-06
130.77,1.0,138.276176110875,3.043373e-06
130.77,1.0,138.27573184272129,3.261244e-06
130.77,1.0,138.27532969113014,3.067005e-06
130.77,1.0,138.27492373154857,3.423804e-06
130.77,1.0,138.2745242446292,3.166162e-06
130.77,1.0,138.27408765064988,3.357869e-06
130.77,1.0,138.2736619981749,3.136098e-06
130.77,1.0,138.27324707643896,3.310677e-06
130.77,1.0,138.27281541632073,3.26219e-06
130.77,1.0,138.272404069953,3.446141e-06
130.77,1.0,138.27200191180714,3.086694e-06
130.77,1.0,138.27156537952513,3.474081e-06
130.77,1.0,138.27113553881512,3.103283e-06
130.77,1.0,138.27073064492154,3.20893e-06
130.77,1.0,138.27030639181575,2.739747e-06
130.77,1.0,138.26989133367516,2.825735e-06
130.77,1.0,138.26950138980183,2.553017e-06
130.77,1.0,138.2690591362303,2.615518e-06
130.77,1.0,138.26863694931808,2.557863e-06
130.77,1.0,138.26822276251707,2.374421e-06
130.77,1.0,138.26782088278304,3.039197e-06
130.77,1.0,138.26738078200898,3.057168e-06
130.77,1.0,138.2669780974938,2.99915e-06
130.77,1.0,138.26656871395286,3.133071e-06
130.77,1.0,138.26613874769538,2.696528e-06
130.77,1.0,138.26570433635231,3.019872e-06
130.77,0.0,138.26529643463806,2.612025e-06
130.77,0.0,138.26489004714495,2.75833e-06
130.77,0.0,138.26446198477595,2.502697e-06
130.77,0.0,138.26405407081356,2.596658e-06
130.77,0.0,138.26364095692023,2.45616e-06
130.77,0.0,138.2632212786347,2.340166e-06
130.77,0.0,138.2627821164363,2.620902e-06
130.77,0.0,138.26238000418104,2.349494e-06
130.77,0.0,138.26193133946597,2.465662e-06
130.77,0.0,138.26153801944585,2.051122e-06
130.77,0.0,138.26110081789324,2.322704e-06
130.77,0.0,138.26067751637413,1.839537e-06
130.77,0.0,138.26027950908855,2.121844e-06
130.77,0.0,138.2598377431056,1.71375e-06
130.77,0.0,138.2594353228139,1.923967e-06
130.77,0.0,138.25902976144974,1.896929e-06
130.77,0.0,138.25861503597017,2.047673e-06
130.77,0.0,138.25819908037522,2.278422e-06
130.77,0.0,138.2577869602775,2.236688e-06
130.77,0.0,138.25734719408203,2.241708e-06
130.77,0.0,138.25694897860413,2.281973e-06
130.77,0.0,138.25654407502174,2.104571e-06
130.77,0.0,138.25611063742636,2.526824e-06
130.77,0.0,138.25568300438152,2.168905e-06
130.77,0.0,138.2552687137369,2.537738e-06
130.77,0.0,138.25486528151123,2.148241e-06
130.77,0.0,138.25446660561266,2.463858e-06
130.77,0.0,138.25403155708636,2.222121e-06
130.77,0.0,138.25361298331856,2.483503e-06
130.77,0.0,138.25318387360142,2.221044e-06
130.77,0.0,138.2527454672604,2.138433e-06
130.77,0.0,138.25234006240177,2.260713e-06
130.77,0.0,138.25193835937628,1.990586e-06
130.77,0.0,138.2514960373309,1.974709e-06
130.77,0.0,138.25107811364782,1.870882e-06
130.77,0.0,138.25066915829893,2.453424e-06
130.77,0.0,138.2502563054643,2.030472e-06
130.77,0.0,138.24981837357478,2.309651e-06
130.77,0.0,138.2494179110595,2.232962e-06
130.77,0.0,138.24901789403089,2.302142e-06
130.77,0.0,138.2485787055602,2.656336e-06
130.77,0.0,138.24815387418178,2.523506e-06
130.77,0.0,138.24773729848798,2.492408e-06
130.77,0.0,138.2473299540089,2.568282e-06
130.77,0.0,138.24692677014556,2.615605e-06
130.77,0.0,138.2464908983211,2.79925e-06
130.77,0.0,138.24607912204212,2.493922e-06
130.77,0.0,138.2456685682478,2.659188e-06
130.77,0.0,138.24522465628064,2.581481e-06
130.77,0.0,138.2448163145939,2.618704e-06
130.77,0.0,138.24441740673905,2.643748e-06
130.77,0.0,138.24399701040792,2.446439e-06
130.77,0.0,138.24357004752952,2.5646e-06
130.77,0.0,138.24315542055564,2.765722e-06
130.77,0.0,138.24271132108663,3.026624e-06
130.77,0.0,138.242303341818,2.801244e-06
130.77,0.0,138.24190192311568,3.135443e-06
130.77,0.0,138.2414632808503,2.9441e-06
130.77,0.0,138.24105564981465,3.181412e-06
130.77,0.0,138.24064012847938,2.844114e-06
130.77,0.0,138.24022012426474,2.592249e-06
130.77,0.0,138.2397829166577,2.77537e-06
130.77,0.0,138.2393827258393,2.496265e-06
130.77,0.0,138.23898162916834,3.017441e-06
130.77,0.0,138.23854439069183,2.611137e-06
130.77,0.0,138.2381260647953,2.894245e-06
130.77,0.0,138.23771179445671,2.896006e-06
130.77,0.0,138.23730629242218,2.452303e-06
130.77,0.0,138.23687304537475,2.303292e-06
130.77,0.0,138.23647772175462,2.604866e-06
130.77,0.0,138.2360659265494,2.685905e-06
130.77,0.0,138.23561385066435,2.602828e-06
130.77,0.0,138.23520356431135,2.233282e-06
130.77,0.0,138.23479366184833,1.868655e-06
130.77,0.0,138.2343923311876,1.789886e-06
130.77,0.0,138.23395238882222,1.712193e-06
130.77,0.0,138.23354508724424,2.047207e-06
130.77,0.0,138.23312997362984,2.223998e-06
130.77,0.0,138.23270681959045,2.873145e-06
130.77,0.0,138.232264831993,2.828398e-06
130.77,0.0,138.23186323343026,2.820321e-06
130.77,0.0,138.23145886172867,2.188433e-06
130.77,0.0,138.23101823350828,1.627894e-06
130.77,0.0,138.23060596738466,1.902648e-06
130.77,0.0,138.23018257013052,1.901615e-06
130.77,0.0,138.22976699239635,2.222383e-06
130.77,0.0,138.22934472601344,1.973647e-06
130.77,0.0,138.22894262803513,2.316374e-06
130.77,0.0,138.2285361180731,2.293295e-06
130.77,0.0,138.22809893857857,2.549481e-06
130.77,0.0,138.2276742680304,2.9574e-06
130.77,0.0,138.2272629286373,2.797489e-06
130.77,0.0,138.22685155873606,2.865127e-06
130.77,0.0,138.22644003432137,2.84682e-06
130.77,0.0,138.22603360704147,2.857836e-06
130.77,0.0,138.22558693513582,2.808199e-06
130.77,0.0,138.22517261271207,2.852903e-06
130.77,0.0,138.22474432558658,2.614805e-06
130.77,0.0,138.22436104261,2.608373e-06
130.77,0.0,138.22392102309888,2.081521e-06
130.77,0.0,138.22351963711247,1.822526e-06
130.77,0.0,138.2230835605545,1.872686e-06
130.77,0.0,138.22266047551489,1.630164e-06
130.77,0.0,138.22224709426848,1.954468e-06
130.77,0.0,138.2218069468469,1.633016e-06
130.77,0.0,138.22139652762633,1.659311e-06
130.77,0.0,138.22100433052736,1.831504e-06
130.77,0.0,138.22055039895452,1.447042e-06
130.77,0.0,138.22014913636266,1.772278e-06
130.77,0.0,138.21973377362977,1.88488e-06
130.77,0.0,138.2193309767972,1.612541e-06
130.77,0.0,138.21889087329453,1.899331e-06
130.77,0.0,138.21848797448425,1.524517e-06
130.77,0.0,138.2180748529471,1.544235e-06
130.77,0.0,138.21766059715986,1.543958e-06
130.77,0.0,138.21724328132643,1.271881e-06
130.77,0.0,138.21680332153562,1.518099e-06
130.77,0.0,138.21639813782764,1.652152e-06
130.77,0.0,138.21600590839023,1.523353e-06
130.77,0.0,138.21555314230434,1.471257e-06
130.77,0.0,138.2151480328453,1.605353e-06
130.77,0.0,138.2147359831069,1.412001e-06
130.77,0.0,138.21433249172662,1.495064e-06
130.77,0.0,138.2138950839773,1.666922e-06
130.77,0.0,138.2134937291868,1.407199e-06
130.77,0.0,138.21308028577488,1.500041e-06
130.77,0.0,138.21263350833027,1.396751e-06
130.77,0.0,138.21221972449726,1.261302e-06
130.77,0.0,138.21181226263585,1.412642e-06
130.77,0.0,138.21137894083083,1.154593e-06
130.77,0.0,138.2109762024177,1.151217e-06
130.77,0.0,138.2105569591994,1.264954e-06
130.77,0.0,138.21012108551247,1.074717e-06
130.77,0.0,138.20970823635108,1.142354e-06
130.77,0.0,138.2093020973866,9.259238e-07
130.77,0.0,138.2088627677336,8.55056e-07
130.77,0.0,138.20846104097149,9.915966e-07
130.77,0.0,138.20805345875448,8.362549e-07
130.77,0.0,138.207639608422,9.099895e-07
130.77,0.0,138.2071927249198,9.730429e-07
130.77,0.0,138.2067812023466,9.624055e-07
130.77,0.0,138.20637730629636,1.153428e-06
130.77,0.0,138.2059458535,7.701019e-07
130.77,0.0,138.20553598884476,6.616465e-07
130.77,0.0,138.20511740649056,7.228082e-07
130.77,0.0,138.20468851092272,6.866612e-07
130.77,0.0,138.20428752222614,7.518538e-07
130.77,0.0,138.2038849778145,8.459174e-07
130.77,0.0,138.20344510211874,8.350908e-07
130.77,0.0,138.2030405069533,8.626666e-07
130.77,0.0,138.2025939057988,9.080686e-07
130.77,0.0,138.20217944570425,8.423958e-07
130.77,0.0,138.20176438080452,9.059149e-07
130.77,0.0,138.20136018607812,9.482465e-07
130.77,0.0,138.20092073485063,8.281349e-07
130.77,0.0,138.20051721226872,1.018852e-06
130.77,0.0,138.20010364326566,8.850184e-07
130.77,0.0,138.1996684179784,9.12667e-07
130.77,0.0,138.199244165712,9.802898e-07
130.77,0.0,138.19883995122876,1.037813e-06
130.77,0.0,138.19844175901312,1.201275e-06
130.77,0.0,138.19800292703152,9.548239e-07
130.77,0.0,138.19759065720152,9.387586e-07
130.77,0.0,138.19717790555762,1.2167e-06
130.77,0.0,138.19676451649525,1.299559e-06
130.77,0.0,138.19636178889004,1.464927e-06
130.77,0.0,138.19592273443953,1.420791e-06
130.77,0.0,138.19552273173676,1.34838e-06
130.77,0.0,138.19510843060175,1.68939e-06
130.77,0.0,138.19468644851733,1.712251e-06
130.77,0.0,138.1942519348061,1.93571e-06
130.77,0.0,138.19385771825665,2.039786e-06
130.77,0.0,138.19342139831303,1.985609e-06
130.77,0.0,138.1930177947598,2.33551e-06
130.77,0.0,138.19257932919413,2.35546e-06
130.77,0.0,138.19215613268995,2.410801e-06
130.77,0.0,138.1917442818783,2.502115e-06
130.77,0.0,138.19130744709142,2.549874e-06
130.77,0.0,138.19090506572124,2.565663e-06
130.77,0.0,138.19050682193182,2.486384e-06
130.77,0.0,138.19006925428994,2.464061e-06
130.77,0.0,138.189647247737,2.493922e-06
130.77,0.0,138.1892316220473,2.34555e-06
130.77,0.0,138.1888244072332,2.178422e-06
130.77,0.0,138.1884211831124,2.352215e-06
130.77,0.0,138.18797994614357,1.928594e-06
130.77,0.0,138.18757185368344,1.88846e-06
130.77,0.0,138.1871472344462,1.78664e-06
130.77,0.0,138.18671682467965,1.721928e-06
130.77,0.0,138.18631192501485,1.864173e-06
130.77,0.0,138.18591006880243,1.60269e-06
130.77,0.0,138.18547191418702,1.906461e-06
130.77,0.0,138.18506458948994,1.682536e-06
130.77,0.0,138.18465089557242,1.904729e-06
130.77,0.0,138.18423454441458,2.054934e-06
130.77,0.0,138.18379534915437,1.985551e-06
130.77,0.0,138.1833945488463,2.357454e-06
130.77,0.0,138.18295422245924,2.074361e-06
130.77,0.0,138.1825458734393,2.48506e-06
130.77,0.0,138.18213335044163,2.548419e-06
130.77,0.0,138.18168536586393,2.826826e-06
130.77,0.0,138.1812715800448,2.901303e-06
130.77,0.0,138.18086907400703,2.978413e-06
130.77,0.0,138.18046831568816,3.12776e-06
130.77,0.0,138.18002863898352,3.046487e-06
130.77,0.0,138.1795955988976,3.060297e-06
130.77,0.0,138.17919660389234,3.17955e-06
130.77,0.0,138.17878826207343,3.228852e-06
130.77,0.0,138.17835038318555,3.175504e-06
130.77,0.0,138.17794717045865,3.035151e-06
130.77,0.0,138.17754232219852,2.750821e-06
130.77,0.0,138.17712814847107,2.933797e-06
130.77,0.0,138.1767076120366,2.561806e-06
130.77,0.0,138.17626693780963,1.829219e-06
130.77,0.0,138.17586730109664,1.930632e-06
130.77,0.0,138.17546614054044,2.472603e-06
130.77,0.0,138.17502547213496,1.882523e-06
130.77,0.0,138.1746051974098,1.646084e-06
130.77,0.0,138.1741983352268,2.089757e-06
130.77,0.0,138.17378710762017,1.564054e-06
130.77,0.0,138.173346272454,1.429857e-06
130.77,0.0,138.1729491002837,1.767316e-06
130.77,0.0,138.1725107573012,1.918961e-06
130.77,0.0,138.1721006436535,1.896697e-06
130.77,0.0,138.1716857929009,2.254994e-06
130.77,0.0,138.1712795569548,2.427201e-06
130.77,0.0,138.17084036502615,2.282846e-06
130.77,0.0,138.17043885708915,2.097513e-06
130.77,0.0,138.17000104947402,1.772918e-06
130.77,0.0,138.16959093740513,1.700115e-06
130.77,0.0,138.1691779032841,1.550405e-06
130.77,0.0,138.168763653129,1.342385e-06
130.77,0.0,138.16832555448312,1.321809e-06
130.77,0.0,138.1679246033017,1.351917e-06
130.77,0.0,138.16752133708786,1.567343e-06
130.77,0.0,138.16709018175885,1.605702e-06
130.77,0.0,138.16666538073756,1.821798e-06
130.77,0.0,138.1662518335009,1.777385e-06
130.77,0.0,138.1658498983894,2.017172e-06
130.77,0.0,138.16541387455322,1.840468e-06
130.77,0.0,138.16501218593356,2.031535e-06
130.77,0.0,138.1645971770824,2.159242e-06
130.77,0.0,138.164168338658,2.206449e-06
130.77,0.0,138.16373922430876,2.274974e-06
130.77,0.0,138.163321683899,2.337969e-06
130.77,0.0,138.16290355643847,2.374698e-06
130.77,0.0,138.1625035391866,2.445347e-06
130.77,0.0,138.16206154816882,2.300483e-06
130.77,0.0,138.16164864313086,2.219866e-06
130.77,0.0,138.16123294879085,1.806868e-06
130.77,0.0,138.16079464130456,1.645429e-06
130.77,0.0,138.16039316968724,1.367254e-06
130.77,0.0,138.15998867098352,1.27012e-06
130.77,0.0,138.15955057378187,1.085835e-06
130.77,0.0,138.15913711809065,1.208551e-06
130.77,0.0,138.15872287935068,1.247579e-06
130.77,0.0,138.1583174609519,1.296343e-06
130.77,0.0,138.1578804376703,1.312917e-06
130.77,0.0,138.1574802612137,1.377644e-06
130.77,0.0,138.1570708523896,1.345776e-06
130.77,0.0,138.15664099137078,1.520457e-06
130.77,0.0,138.15620940892742,1.865541e-06
130.77,0.0,138.15580939158028,2.016473e-06
130.77,0.0,138.15540903180846,2.297777e-06
130.77,0.0,138.15496860178575,2.382847e-06
130.77,0.0,138.15455910647418,2.611108e-06
130.77,0.0,138.1541483605385,2.535511e-06
130.77,0.0,138.15370408883825,2.51201e-06
130.77,0.0,138.1532689056774,2.479879e-06
130.77,0.0,138.15288063159883,2.427158e-06
130.77,0.0,138.152471384016,2.452594e-06
130.77,0.0,138.15203521828494,2.228771e-06
130.77,0.0,138.151629691294,2.191213e-06
130.77,0.0,138.15118990622486,2.02439e-06
130.77,0.0,138.1507876047445,1.946537e-06
130.77,0.0,138.15036040554483,1.815657e-06
130.77,0.0,138.14997120984157,1.687309e-06
130.77,0.0,138.1495339252626,1.697364e-06
130.77,0.0,138.14913408949786,1.741035e-06
130.77,0.0,138.14869413357818,1.826949e-06
130.77,0.0,138.1482600674475,2.231565e-06
130.77,0.0,138.14787761107357,2.462606e-06
130.77,0.0,138.1474475091568,1.889741e-06
130.77,0.0,138.14704904512206,1.98101e-06
130.77,0.0,138.1466142035205,2.306886e-06
130.77,0.0,138.14618553876514,2.055269e-06
130.77,0.0,138.14577762744318,1.999622e-06
130.77,0.0,138.14534578537618,2.458008e-06
130.77,0.0,138.14496353021607,2.549437e-06
130.77,0.0,138.14452664036062,2.912464e-06
130.77,0.0,138.14412490135427,2.780085e-06
130.77,0.0,138.14368370287676,2.637535e-06
130.77,0.0,138.1432468459458,2.064306e-06
130.77,0.0,138.14284571411278,2.288667e-06
130.77,0.0,138.14243670949867,2.111788e-06
130.77,0.0,138.14200762459424,2.2561e-06
130.77,0.0,138.14156792279886,2.240777e-06
130.77,0.0,138.14116618880465,2.269648e-06
130.77,0.0,138.14072681794397,2.385292e-06
130.77,0.0,138.14032970667654,2.189656e-06
130.77,0.0,138.13991565691245,2.525121e-06
130.77,0.0,138.1394886317673,2.412358e-06
130.77,0.0,138.13908443149646,2.471148e-06
130.77,0.0,138.13863410478467,2.637113e-06
130.77,0.0,138.13824437225625,2.652232e-06
130.77,0.0,138.13781137874378,3.006833e-06
130.77,0.0,138.137422769423,2.944915e-06
130.77,0.0,138.13700390573146,2.913104e-06
130.77,0.0,138.1365921072262,2.506495e-06
130.77,0.0,138.13616457584567,2.411412e-06
130.77,0.0,138.13573124213016,2.431174e-06
130.77,0.0,138.13533735898488,2.483866e-06
130.77,0.0,138.13490758976724,2.327753e-06
130.77,0.0,138.13452600360512,2.34069e-06
130.77,0.0,138.1340879554712,2.334666e-06
130.77,0.0,138.13364813720307,2.110086e-06
130.77,0.0,138.13324292879167,2.057495e-06
130.77,0.0,138.1328078118921,2.13871e-06
130.77,0.0,138.13239530867392,2.096509e-06
130.77,0.0,138.1319913973911,2.136469e-06
130.77,0.0,138.13155106255914,1.967957e-06
130.77,0.0,138.13115024953018,1.782013e-06
130.77,0.0,138.1307146294614,1.950495e-06
130.77,0.0,138.1303174651943,2.084678e-06
130.77,0.0,138.12989380622497,2.269735e-06
130.77,0.0,138.12947438086425,2.147834e-06
130.77,0.0,138.12906962199241,2.325454e-06
130.77,0.0,138.12861996741162,2.626315e-06
130.77,0.0,138.1282306707358,2.619112e-06
130.77,0.0,138.127772159457,2.265777e-06
130.77,0.0,138.12738646136742,2.176326e-06
130.77,0.0,138.12697713387442,2.540706e-06
130.77,0.0,138.12654729198417,2.667308e-06
130.77,0.0,138.12613885234236,2.818997e-06
130.77,0.0,138.12571271772893,2.927409e-06
130.77,0.0,138.12527558552668,3.05206e-06
130.77,0.0,138.12489305841999,2.954912e-06
130.77,0.0,138.12446304374976,2.983157e-06
130.77,0.0,138.12403235099245,2.878456e-06
130.77,0.0,138.12363033039387,2.820816e-06
130.77,0.0,138.1231967232925,2.865287e-06
130.77,0.0,138.12275544288607,2.778441e-06
130.77,0.0,138.12235332860408,2.850342e-06
130.77,0.0,138.12193867907223,2.981411e-06
130.77,0.0,138.12151233075826,3.115812e-06
130.77,0.0,138.1211087442778,2.968765e-06
130.77,0.0,138.1206679630953,2.82882e-06
130.77,0.0,138.12026944625083,2.75964e-06
130.77,0.0,138.11984605879474,2.595625e-06
130.77,0.0,138.1194312252081,2.277709e-06
130.77,0.0,138.11900999058287,2.165776e-06
130.77,0.0,138.1185894605595,2.169123e-06
130.77,0.0,138.11818624620287,2.508939e-06
130.77,0.0,138.11775352601467,2.693996e-06
130.77,0.0,138.11735255733706,2.784815e-06
130.77,0.0,138.11693734694208,2.812449e-06
130.77,0.0,138.11651186825802,2.9277e-06
130.77,0.0,138.11611336745878,2.965433e-06
130.77,0.0,138.1156756303937,3.233727e-06
130.77,0.0,138.11527578162298,3.30052e-06
130.77,0.0,138.11485393069006,3.488152e-06
130.77,0.0,138.11443513199168,3.403577e-06
130.77,0.0,138.1140348252091,3.575144e-06
130.77,0.0,138.1135965688754,3.698224e-06
130.77,0.0,138.11314857720146,3.585214e-06
130.77,0.0,138.11275934627434,3.398221e-06
130.77,0.0,138.11232732749187,3.372043e-06
130.77,0.0,138.11191175513906,3.431604e-06
130.77,0.0,138.11152024717043,3.466848e-06
130.77,0.0,138.11108439917174,3.385445e-06
130.77,0.0,138.11064774520688,3.160007e-06
130.77,0.0,138.11024422636086,3.083987e-06
130.77,0.0,138.1098120151409,2.670364e-06
130.77,0.0,138.1094263311918,2.493151e-06
130.77,0.0,138.10899465997795,2.444329e-06
130.77,0.0,138.10858217889765,2.506742e-06
130.77,0.0,138.1081561373464,2.586443e-06
130.77,0.0,138.1077207748389,2.533881e-06
130.77,0.0,138.10732094969356,2.578847e-06
130.77,0.0,138.1069070367385,2.620625e-06
130.77,0.0,138.10650266182768,2.806424e-06
130.77,0.0,138.10606843703286,2.896879e-06
130.77,0.0,138.10566631410285,3.116787e-06
130.77,0.0,138.10522529531815,3.049747e-06
130.77,0.0,138.104820277389,3.116977e-06
130.77,0.0,138.10439743168124,3.304187e-06
130.77,0.0,138.10397332465047,3.39956e-06
130.77,0.0,138.1035699875075,3.625421e-06
130.77,0.0,138.10313221404508,3.878173e-06
130.77,0.0,138.1027024948503,3.805151e-06
130.77,0.0,138.10229742197185,3.31171e-06
130.77,0.0,138.10186856354,3.001143e-06
130.77,0.0,138.10145165004565,3.010151e-06
130.77,0.0,138.10105380690348,3.129331e-06
130.77,0.0,138.10061109503653,3.16248e-06
130.77,0.0,138.10020971829144,2.971821e-06
130.77,0.0,138.0997704976267,2.782486e-06
130.77,0.0,138.09936939326465,3.241934e-06
130.77,0.0,138.098963373817,3.426758e-06
130.77,0.0,138.0985279102348,3.416819e-06
130.77,0.0,138.09812408941704,3.600988e-06
130.77,0.0,138.09769138266884,3.804002e-06
130.77,0.0,138.09726218170238,3.769441e-06
130.77,0.0,138.0968784208963,3.833673e-06
130.77,0.0,138.09647342294966,3.565117e-06
130.77,0.0,138.0960386114246,3.562935e-06
130.77,0.0,138.09563510501332,3.593523e-06
130.77,0.0,138.09519237691737,3.850932e-06
130.77,0.0,138.09479473330452,4.353773e-06
130.77,0.0,138.0943738320216,4.356669e-06
130.77,0.0,138.09395770912985,4.322661e-06
130.77,0.0,138.09355452921744,4.281887e-06
130.77,0.0,138.0931116890654,4.245332e-06
130.77,0.0,138.09270687546274,4.183152e-06
130.77,0.0,138.09226949054792,4.010217e-06
130.77,0.0,138.09184318418016,3.981695e-06
130.77,0.0,138.09143176510113,3.914101e-06
130.77,0.0,138.09103239544564,4.170623e-06
130.77,0.0,138.09059359060458,4.265923e-06
130.77,0.0,138.09019073117045,4.403148e-06
130.77,0.0,138.08974922314079,4.290268e-06
130.77,0.0,138.0893492186566,4.711925e-06
130.77,0.0,138.088933958105,4.453919e-06
130.77,0.0,138.08849173532067,4.550486e-06
130.77,0.0,138.08808145601714,4.456175e-06
130.77,0.0,138.08768353434522,4.732035e-06
130.77,0.0,138.08723645763544,4.898393e-06
130.77,0.0,138.08682583378234,4.808404e-06
130.77,0.0,138.08642432236417,4.951449e-06
130.77,0.0,138.08602705597585,2.916247e-06
130.77,0.0,138.0855846224598,2.600078e-06
130.77,0.0,138.08517495429405,3.124369e-06
130.77,0.0,138.08473285806073,3.908528e-06
130.77,0.0,138.08434187803778,4.327594e-06
130.77,0.0,138.08393026931807,4.649439e-06
130.77,0.0,138.08350235791082,4.806876e-06
130.77,0.0,138.08306139897343,5.031703e-06
130.77,0.0,138.08265959622162,4.379181e-06
130.77,0.0,138.0822190957947,3.638575e-06
130.77,0.0,138.08181178375915,3.708104e-06
130.77,0.0,138.08139020587825,3.052788e-06
130.77,0.0,138.08100213343013,3.510286e-06
130.77,0.0,138.08055883766164,2.948e-06
130.77,0.0,138.08015146104952,2.63605e-06
130.77,0.0,138.07970647636944,2.260189e-06
130.77,0.0,138.07930061440746,2.692759e-06
130.77,0.0,138.078876540802,2.507149e-06
130.77,0.0,138.07849155428917,2.929926e-06
130.77,0.0,138.07805015286897,3.364141e-06
130.77,0.0,138.07764405048022,3.36839e-06
130.77,0.0,138.07721048272296,3.302994e-06
130.77,0.0,138.07680509240794,3.554116e-06
130.77,0.0,138.07639314341645,3.531139e-06
130.77,0.0,138.07598745031524,3.248206e-06
130.77,0.0,138.07557569706543,3.485082e-06
130.77,0.0,138.07514386004584,3.730573e-06
130.77,0.0,138.07471022782673,3.916197e-06
130.77,0.0,138.07430651220895,4.132802e-06
130.77,0.0,138.07386987234818,4.254136e-06
130.77,0.0,138.07349692205128,4.311936e-06
130.77,0.0,138.07305641621932,3.959562e-06
130.77,0.0,138.0726194632692,3.202571e-06
130.77,0.0,138.07221744831193,2.488596e-06
130.77,0.0,138.0717791389966,2.377768e-06
130.77,0.0,138.07137328096533,2.885165e-06
130.77,0.0,138.07096532432678,3.618276e-06
130.77,0.0,138.07053227737657,2.06336e-06
130.77,0.0,138.07012999302364,1.779787e-06
130.77,0.0,138.06968733599976,2.255663e-06
130.77,0.0,138.06928610664863,2.700355e-06
130.77,0.0,138.0688603798721,3.20097e-06
130.77,0.0,138.06844162092125,3.196212e-06
130.77,0.0,138.06804192526081,3.497116e-06
130.77,0.0,138.06761853788763,3.417095e-06
130.77,0.0,138.06720392527308,3.623922e-06
130.77,0.0,138.06674471525136,3.38495e-06
130.77,0.0,138.06636109604457,3.873312e-06
130.77,0.0,138.0659507535164,3.809429e-06
130.77,0.0,138.06552074452398,4.336645e-06
130.77,0.0,138.06510994710888,4.132715e-06
130.77,0.0,138.06467760164327,4.20789e-06
130.77,0.0,138.06427967095624,4.364309e-06
130.77,0.0,138.0638487547959,4.157715e-06
130.77,0.0,138.0634383340024,4.15773e-06
130.77,0.0,138.0630349936216,3.710942e-06
130.77,0.0,138.06260048828224,3.76477e-06
130.77,0.0,138.06216090515574,3.793044e-06
130.77,0.0,138.06175521082542,3.984023e-06
130.77,0.0,138.0613251864651,4.090471e-06
130.77,0.0,138.06091184458936,4.022833e-06
130.77,0.0,138.06050902390524,4.086731e-06
130.77,0.0,138.06007150039858,3.942725e-06
130.77,0.0,138.05966337053832,4.379544e-06
130.77,0.0,138.0592303357986,4.061425e-06
130.77,0.0,138.05883372543192,4.482936e-06
130.77,0.0,138.05841568782589,4.441972e-06
130.77,0.0,138.05801023303277,4.909089e-06
130.77,0.0,138.05759450410363,4.974179e-06
130.77,0.0,138.0571659667753,5.11024e-06
130.77,0.0,138.05673547784244,4.838046e-06
130.77,0.0,138.0563402621696,4.665693e-06
130.77,0.0,138.05591384758895,4.630594e-06
130.77,0.0,138.05552159676316,4.297952e-06
130.77,0.0,138.05508195690646,4.395013e-06
130.77,0.0,138.05465981241048,3.975321e-06
130.77,0.0,138.05424178626828,4.344751e-06
130.77,0.0,138.05380922016576,4.009125e-06
130.77,0.0,138.0534235412627,4.281115e-06
130.77,0.0,138.0529964097602,4.006244e-06
130.77,0.0,138.05258107394988,4.228204e-06
130.77,0.0,138.05214967334132,3.889203e-06
130.77,0.0,138.05171620016364,4.04258e-06
130.77,0.0,138.05132007226038,3.888315e-06
130.77,0.0,138.05089340287236,4.277244e-06
130.77,0.0,138.05046891673638,3.756853e-06
130.77,0.0,138.05006322218983,4.051995e-06
130.77,0.0,138.04962813903134,3.966634e-06
130.77,0.0,138.04922678981222,4.339148e-06
130.77,0.0,138.04879815480137,4.502464e-06
130.77,0.0,138.04839015516447,4.866451e-06
130.77,0.0,138.0479827755709,4.530273e-06
130.77,0.0,138.04757093885462,4.360714e-06
130.77,0.0,138.04713569647149,4.122412e-06
130.77,0.0,138.04670606081413,4.299029e-06
130.77,0.0,138.046303030389,4.69535e-06
130.77,0.0,138.04587670880477,4.997681e-06
130.77,0.0,138.04546024793402,5.317619e-06
130.77,0.0,138.04506146324186,5.116453e-06
130.77,0.0,138.04461963062647,5.206064e-06
130.77,0.0,138.04421866324088,4.993097e-06
130.77,0.0,138.04378609199674,4.800531e-06
130.77,0.0,138.04335197859575,4.841291e-06
130.77,0.0,138.0429453272771,4.943606e-06
130.77,0.0,138.04255009234654,4.80756e-06
130.77,0.0,138.04210899373228,4.800298e-06
130.77,0.0,138.04167950694696,4.692673e-06
130.77,0.0,138.04126900912357,4.613001e-06
130.77,0.0,138.04083925169206,4.408008e-06
130.77,0.0,138.04045561733375,4.365138e-06
130.77,0.0,138.04002794358126,4.087487e-06
130.77,0.0,138.03958859827506,4.135582e-06
130.77,0.0,138.0391848938827,4.002664e-06
130.77,0.0,138.03874925676203,4.109665e-06
130.77,0.0,138.0383617408858,3.706882e-06
130.77,0.0,138.03794163625403,3.480178e-06
130.77,0.0,138.0375411971977,3.661204e-06
130.77,0.0,138.0371052356042,3.838184e-06
130.77,0.0,138.0367038675827,3.900845e-06
130.77,0.0,138.03624613083332,4.202258e-06
130.77,0.0,138.0358373274436,4.221511e-06
130.77,0.0,138.03545183508717,4.484289e-06
130.77,0.0,138.03501954175405,4.089758e-06
130.77,0.0,138.03461622298525,4.197223e-06
130.77,0.0,138.0341984821501,3.774141e-06
130.77,0.0,138.03375482881347,3.36254e-06
130.77,0.0,138.03335372778935,2.414206e-06
130.77,0.0,138.03294492435936,2.656525e-06
130.77,0.0,138.03251422727476,2.484318e-06
130.77,0.0,138.03209753893907,2.959714e-06
130.77,0.0,138.03167080790973,2.587622e-06
130.77,0.0,138.0312193132197,2.566318e-06
130.77,0.0,138.03084059916034,2.617526e-06
130.77,0.0,138.0304135703002,2.995163e-06
130.77,0.0,138.02998943742628,3.017907e-06
130.77,0.0,138.02958172074156,3.518377e-06
130.77,0.0,138.02916118055114,3.40087e-06
130.77,0.0,138.0287419640119,3.345936e-06
130.77,0.0,138.02830936254063,3.290639e-06
130.77,0.0,138.0279267393824,3.464389e-06
130.77,0.0,138.0274982294,3.573834e-06
130.77,0.0,138.02709194294323,3.461537e-06
130.77,0.0,138.02665288284078,3.195906e-06
130.77,0.0,138.026250522821,3.464957e-06
130.77,0.0,138.02582240338597,3.297086e-06
130.77,0.0,138.02541163204444,3.829409e-06
130.77,0.0,138.02501290637542,3.436275e-06
130.77,0.0,138.02456995689522,4.006113e-06
130.77,0.0,138.02416324659552,3.952577e-06
130.77,0.0,138.02372656742384,4.392103e-06
130.77,0.0,138.02332221242517,3.918321e-06
130.77,0.0,138.02290929795652,4.390502e-06
130.77,0.0,138.02246239556558,4.266782e-06
130.77,0.0,138.02204347540504,4.612564e-06
130.77,0.0,138.02164176454903,4.173155e-06
130.77,0.0,138.02120377869596,4.278641e-06
130.77,0.0,138.02080378740797,4.031157e-06
130.77,0.0,138.0203868247618,4.288289e-06
130.77,0.0,138.01996390519784,4.17621e-06
130.77,0.0,138.01956342547922,4.295754e-06
130.77,0.0,138.0191226774467,4.532791e-06
130.77,0.0,138.01872053953937,4.632297e-06
130.77,0.0,138.0182901980314,4.852962e-06
130.77,0.0,138.0178629922397,4.860587e-06
130.77,0.0,138.01747966937205,5.166032e-06
130.77,0.0,138.01704479501487,5.177339e-06
130.77,0.0,138.01664679690518,5.088936e-06
130.77,0.0,138.01620809780877,5.2338e-06
130.77,0.0,138.01580234365105,4.903894e-06
130.77,0.0,138.0153821453312,4.961752e-06
130.77,0.0,138.01496040243296,4.652655e-06
130.77,0.0,138.0145574425415,4.700953e-06
130.77,0.0,138.01412464768583,4.409725e-06
130.77,0.0,138.01370640435724,4.718459e-06
130.77,0.0,138.01328077023288,4.412388e-06
130.77,0.0,138.01287292957844,4.819391e-06
130.77,0.0,138.01247281057667,4.623842e-06
130.77,0.0,138.01204135097817,5.230657e-06
130.77,0.0,138.01159769345549,5.175942e-06
130.77,0.0,138.01119745703855,5.543217e-06
130.77,0.0,138.0107543344705,5.475958e-06
130.77,0.0,138.010353312188,5.295049e-06
130.77,0.0,138.0099393474093,5.077847e-06
130.77,0.0,138.00954177231938,4.810703e-06
130.77,0.0,138.0091104014804,4.77054e-06
130.77,0.0,138.0086700437291,4.491885e-06
130.77,0.0,138.00826411303902,4.777583e-06
130.77,0.0,138.00783075215824,4.866888e-06
130.77,0.0,138.00743756962717,4.67978e-06
130.77,0.0,138.00702264725092,5.053633e-06
130.77,0.0,138.00660418294524,4.574045e-06
130.77,0.0,138.0061731782296,4.930203e-06
130.77,0.0,138.0057661423281,4.483649e-06
130.77,0.0,138.0053312907292,4.874033e-06
130.77,0.0,138.00494095267882,4.621659e-06
130.77,0.0,138.0045106644355,4.963673e-06
130.77,0.0,138.00410698353744,4.622139e-06
130.77,0.0,138.00365540299455,4.783898e-06
130.77,0.0,138.0032567677301,4.463858e-06
130.77,0.0,138.00281975640112,4.621063e-06
130.77,0.0,138.00240351900712,4.369314e-06
130.77,0.0,138.0020005308898,4.332978e-06
130.77,0.0,138.0015629733385,3.978232e-06
130.77,0.0,138.0011586760128,3.658162e-06
130.77,0.0,138.0007154087826,3.765701e-06
130.77,0.0,138.000310806641,3.590103e-06
130.77,0.0,137.99988821379097,3.278867e-06
130.77,0.0,137.99950254756683,3.600711e-06
130.77,0.0,137.99906480107273,3.433423e-06
130.77,0.0,137.99864564342212,3.746405e-06
130.77,0.0,137.99822674530668,3.256035e-06
130.77,0.0,137.99779093402591,3.256355e-06
130.77,0.0,137.9974044589434,2.972942e-06
130.77,0.0,137.99698145386068,3.088833e-06
130.77,0.0,137.99658150488466,3.147012e-06
130.77,0.0,137.99613559106086,2.99442e-06
130.77,0.0,137.99574028713496,3.411493e-06
130.77,0.0,137.9953042917522,3.443856e-06
130.77,0.0,137.99489479694242,3.625246e-06
130.77,0.0,137.9944877095219,3.060064e-06
130.77,0.0,137.9940812674819,3.569236e-06
130.77,0.0,137.99365390642652,3.976253e-06
130.77,0.0,137.99321274964595,3.944093e-06
130.77,0.0,137.99281392195763,3.878245e-06
130.77,0.0,137.99239504851255,3.715468e-06
130.77,0.0,137.99196444770323,3.909881e-06
130.77,0.0,137.99156040273903,3.682973e-06
130.77,0.0,137.99113121081115,4.375877e-06
130.77,0.0,137.99069282218687,4.54823e-06
130.77,0.0,137.99028796336674,4.402973e-06
130.77,0.0,137.98986299409466,4.468515e-06
130.77,0.0,137.98947310573578,3.892987e-06
130.77,0.0,137.9890366931838,4.053552e-06
130.77,0.0,137.9886361072261,3.535868e-06
130.77,0.0,137.9881842222364,3.835565e-06
130.77,0.0,137.98776225626406,3.652225e-06
130.77,0.0,137.98737448642567,3.725159e-06
130.77,0.0,137.9869531183733,3.739042e-06
130.77,0.0,137.986549013383,3.507317e-06
130.77,0.0,137.98611244914636,3.702153e-06
130.77,0.0,137.9857121189746,3.505003e-06
130.77,0.0,137.98527139219692,4.062706e-06
130.77,0.0,137.98486510610348,3.578069e-06
130.77,0.0,137.9844522624196,4.141664e-06
130.77,0.0,137.98404981391593,4.015543e-06
130.77,0.0,137.98361400567305,4.473623e-06
130.77,0.0,137.9831741403264,4.20108e-06
130.77,0.0,137.98277252726686,4.404763e-06
130.77,0.0,137.9823425980303,4.153015e-06
130.77,0.0,137.9819215870299,4.005109e-06
130.77,0.0,137.9815287442212,4.228947e-06
130.77,0.0,137.98107537329645,4.153131e-06
130.77,0.0,137.9806514149773,4.273184e-06
130.77,0.0,137.98025094980983,4.248475e-06
130.77,0.0,137.97982383158555,3.678069e-06
130.77,0.0,137.97941295262015,4.224217e-06
130.77,0.0,137.97900982662685,3.556474e-06
130.77,0.0,137.97859175885338,3.977431e-06
130.77,0.0,137.97816348802698,3.501045e-06
130.77,0.0,137.97773079235097,4.116548e-06
130.77,0.0,137.97733570003697,3.946203e-06
130.77,0.0,137.97692331006323,4.28455e-06
130.77,0.0,137.97651958580215,4.260844e-06
130.77,0.0,137.97608120623025,4.241316e-06
130.77,0.0,137.9756792953433,4.101181e-06
130.77,0.0,137.9752399908756,4.375397e-06
130.77,0.0,137.97484147850372,4.261485e-06
130.77,0.0,137.97442584621723,4.391288e-06
130.77,0.0,137.97400066220968,4.238711e-06
130.77,0.0,137.97359768492808,4.272559e-06
130.77,0.0,137.97315731598576,4.268819e-06
130.77,0.0,137.97275392668362,4.319634e-06
130.77,0.0,137.97230762266943,4.272151e-06
130.77,0.0,137.97189504476418,3.939131e-06
130.77,0.0,137.97149566482508,4.30728e-06
130.77,0.0,137.97107741707075,4.365284e-06
130.77,0.0,137.97063813855087,4.358444e-06
130.77,0.0,137.97023643872848,4.191039e-06
130.77,0.0,137.96980378904792,4.090165e-06
130.77,0.0,137.96939495590001,4.067537e-06
130.77,0.0,137.96899350959774,4.043075e-06
130.77,0.0,137.96855730234122,4.417961e-06
130.77,0.0,137.9681582606678,4.35469e-06
130.77,0.0,137.96771634177802,4.64161e-06
130.77,0.0,137.9673152983707,4.665839e-06
130.77,0.0,137.9668951373346,4.381713e-06
130.77,0.0,137.966470924041,4.608562e-06
130.77,0.0,137.96607237658753,4.841393e-06
130.77,0.0,137.9656348938027,4.928181e-06
130.77,0.0,137.96523030948177,4.809568e-06
130.77,0.0,137.96479402667208,4.70996e-06
130.77,0.0,137.9643899679097,4.852263e-06
130.77,0.0,137.96398368490148,5.181166e-06
130.77,0.0,137.96352905032762,5.415699e-06
130.77,0.0,137.96311407525275,5.321985e-06
130.77,0.0,137.9627157126377,5.243957e-06
130.77,0.0,137.96228282784517,5.062931e-06
130.77,0.0,137.96185584027063,5.188864e-06
130.77,0.0,137.96143672662205,4.595946e-06
130.77,0.0,137.96104397044525,4.905611e-06
130.77,0.0,137.96060789151315,4.511952e-06
130.77,0.0,137.9602034557617,4.590052e-06
130.77,0.0,137.95975960001675,4.474918e-06
130.77,0.0,137.95934890637702,4.8082e-06
130.77,0.0,137.95895401137003,4.762158e-06
130.77,0.0,137.9585066509214,5.145586e-06
130.77,0.0,137.95812282920411,4.902933e-06
130.77,0.0,137.95768298220023,5.101421e-06
130.77,0.0,137.95728210880137,4.970469e-06
130.77,0.0,137.95684635682613,5.214155e-06
130.77,0.0,137.95643951645715,5.130016e-06
130.77,0.0,137.95604085341859,5.061112e-06
130.77,0.0,137.95560495036722,4.987553e-06
130.77,0.0,137.9552019997174,4.99592e-06
130.77,0.0,137.95475915117882,5.238486e-06
130.77,0.0,137.95435809039927,5.6344e-06
130.77,0.0,137.95394528851784,5.562048e-06
130.77,0.0,137.95351099352712,5.294263e-06
130.77,0.0,137.95310667756596,4.899921e-06
130.77,0.0,137.95266414700023,5.32165e-06
130.77,0.0,137.95226124137173,4.892339e-06
130.77,0.0,137.9518286996474,5.251379e-06
130.77,0.0,137.95144064328963,5.07923e-06
130.77,0.0,137.95101347980687,5.248818e-06
130.77,0.0,137.95057421228208,5.334601e-06
130.77,0.0,137.95017697156965,5.242735e-06
130.77,0.0,137.94973357098135,5.170732e-06
130.77,0.0,137.94933197365805,5.155351e-06
130.77,0.0,137.94891372492177,5.283684e-06
130.77,0.0,137.94852655843647,5.153765e-06
130.77,0.0,137.94808894603423,5.213267e-06
130.77,0.0,137.94766249166,4.953763e-06
130.77,0.0,137.94724823432983,5.351714e-06
130.77,0.0,137.9468166017951,5.214082e-06
130.77,0.0,137.94640282375232,5.51359e-06
130.77,0.0,137.94601138422664,5.320282e-06
130.77,0.0,137.94556169807382,5.653914e-06
130.77,0.0,137.9451562169515,5.188354e-06
130.77,0.0,137.94474004356925,5.428767e-06
130.77,0.0,137.94432642659484,5.271213e-06
130.77,0.0,137.94390005844286,5.306734e-06
130.77,0.0,137.9434772731254,5.704205e-06
130.77,0.0,137.94307477760097,5.72385e-06
130.77,0.0,137.94263246200677,5.855982e-06
130.77,0.0,137.9422338064787,5.788563e-06
130.77,0.0,137.9417960842675,5.77743e-06
130.77,0.0,137.9413676155902,5.902373e-06
130.77,0.0,137.9409845289204,5.836846e-06
130.77,0.0,137.94054493492018,5.928421e-06
130.77,0.0,137.94013895500183,6.141301e-06
130.77,0.0,137.93970263418367,5.742884e-06
130.77,0.0,137.93929254819352,5.899245e-06
130.77,0.0,137.9388805051314,5.749345e-06
130.77,0.0,137.93847270649746,5.956463e-06
130.77,0.0,137.93803975930354,6.074406e-06
130.77,0.0,137.9376420806422,6.101778e-06
130.77,0.0,137.93720359295412,6.032045e-06
130.77,0.0,137.93678165363966,5.924958e-06
130.77,0.0,137.9363854034479,5.867696e-06
130.77,0.0,137.93596493933967,5.67887e-06
130.77,0.0,137.9355641319649,5.705864e-06
130.77,0.0,137.93512260574346,5.630733e-06
130.77,0.0,137.93471893002294,5.781214e-06
130.77,0.0,137.93428057915116,5.830996e-06
130.77,0.0,137.9338737277385,5.784968e-06
130.77,0.0,137.93346371849228,6.046073e-06
130.77,0.0,137.93303427141214,6.040005e-06
130.77,0.0,137.93263575403134,5.946946e-06
130.77,0.0,137.93219328923536,5.855647e-06
130.77,0.0,137.93175314551124,5.715192e-06
130.77,0.0,137.93136795221363,5.452719e-06
130.77,0.0,137.93093835333735,5.506925e-06
130.77,0.0,137.93053919605646,5.691909e-06
130.77,0.0,137.93010319801616,5.80537e-06
130.77,0.0,137.92970138261836,5.802969e-06
130.77,0.0,137.9292579965065,5.86579e-06
130.77,0.0,137.9288593135731,5.78654e-06
130.77,0.0,137.9284450127708,5.719266e-06
130.77,0.0,137.92801207072011,5.62967e-06
130.77,0.0,137.92761077219413,5.564783e-06
130.77,0.0,137.9271709185717,5.638125e-06
130.77,0.0,137.92676662113095,5.429305e-06
130.77,0.0,137.92633115381952,5.619295e-06
130.77,0.0,137.92592592160148,5.68814e-06
130.77,0.0,137.92552178185292,5.882714e-06
130.77,0.0,137.9250915969943,6.042654e-06
130.77,0.0,137.92467357071376,5.948983e-06
130.77,0.0,137.92426789002272,6.073315e-06
130.77,0.0,137.92383626676877,5.779162e-06
130.77,0.0,137.923422219508,5.801689e-06
130.77,0.0,137.9230183171455,6.077957e-06
130.77,0.0,137.92257623863745,6.178103e-06
130.77,0.0,137.92215372731317,6.010465e-06
130.77,0.0,137.92173915538993,5.887676e-06
130.77,0.0,137.92130500144376,6.144255e-06
130.77,0.0,137.9208950304182,6.089205e-06
130.77,0.0,137.92049871619096,5.941125e-06
130.77,0.0,137.9200582922755,5.464666e-06
130.77,0.0,137.91965445713973,5.597045e-06
130.77,0.0,137.91921487046278,5.72126e-06
130.77,0.0,137.9188147767921,5.741371e-06
130.77,0.0,137.9183837684648,5.738446e-06
130.77,0.0,137.91800935131744,5.96336e-06
130.77,0.0,137.91756870347788,6.186208e-06
130.77,0.0,137.9171579841853,6.131304e-06
130.77,0.0,137.9167290130406,5.876369e-06
130.77,0.0,137.91632668335197,5.695372e-06
130.77,0.0,137.91590891471185,5.566792e-06
130.77,0.0,137.91548497100166,5.716676e-06
130.77,0.0,137.91508128114717,5.695983e-06
130.77,0.0,137.91464042353246,5.552647e-06
130.77,0.0,137.91422555259737,5.336056e-06
130.77,0.0,137.9138098416219,5.236448e-06
130.77,0.0,137.91339908523642,5.199341e-06
130.77,0.0,137.91299198663046,5.285328e-06
130.77,0.0,137.91255135227968,5.274444e-06
130.77,0.0,137.91214714858398,5.456226e-06
130.77,0.0,137.9117045167784,5.829308e-06
130.77,0.0,137.9112948162559,5.655616e-06
130.77,0.0,137.9108874614292,5.197129e-06
130.77,0.0,137.91044865058865,4.506059e-06
130.77,0.0,137.91005955321418,4.19034e-06
130.77,0.0,137.90961978308943,4.828107e-06
130.77,0.0,137.90919372739788,4.909496e-06
130.77,0.0,137.90878938117365,4.659334e-06
130.77,0.0,137.9083593340732,4.529473e-06
130.77,0.0,137.9079772191246,4.387766e-06
130.77,0.0,137.90753888289086,4.601927e-06
130.77,0.0,137.90713371567276,4.756439e-06
130.77,0.0,137.90669210856197,4.963033e-06
130.77,0.0,137.90629515449004,5.190726e-06
130.77,0.0,137.9058724743114,5.18281e-06
130.77,0.0,137.90545502764215,5.304275e-06
130.77,0.0,137.90504852765474,5.408569e-06
130.77,0.0,137.90460442303518,5.401438e-06
130.77,0.0,137.9041993616659,5.559908e-06
130.77,0.0,137.903756016076,5.58242e-06
130.77,0.0,137.9033556341785,5.594993e-06
130.77,0.0,137.9029443610974,5.701309e-06
130.77,0.0,137.90251444684898,5.725e-06
130.77,0.0,137.90210988290954,5.596667e-06
130.77,0.0,137.90165453835033,5.326234e-06
130.77,0.0,137.90125945279087,5.278052e-06
130.77,0.0,137.90082991319997,5.572874e-06
130.77,0.0,137.90041706297345,5.735827e-06
130.77,0.0,137.90001372980797,5.710623e-06
130.77,0.0,137.89959453411316,5.482201e-06
130.77,0.0,137.89916728062897,5.35234e-06
130.77,0.0,137.89873150863775,5.711714e-06
130.77,0.0,137.89834306782993,5.836933e-06
130.77,0.0,137.8979159023859,5.977374e-06
130.77,0.0,137.89752457783743,6.01924e-06
130.77,0.0,137.89708837514897,5.939393e-06
130.77,0.0,137.89668676084239,5.746013e-06
130.77,0.0,137.89624708422298,5.587775e-06
130.77,0.0,137.89584731823118,5.777663e-06
130.77,0.0,137.8954367911609,5.972441e-06
130.77,0.0,137.89500506815975,6.008078e-06
130.77,0.0,137.8946069418653,6.002738e-06
130.77,0.0,137.8941679522496,6.060887e-06
130.77,0.0,137.893730194728,5.924827e-06
130.77,0.0,137.89333474284965,5.650232e-06
130.77,0.0,137.89289299938667,5.898793e-06
130.77,0.0,137.89248184315915,5.980153e-06
130.77,0.0,137.8920785232181,6.142436e-06
130.77,0.0,137.8916523745246,5.885653e-06
130.77,0.0,137.89123216404985,5.735186e-06
130.77,0.0,137.89079561693168,6.089147e-06
130.77,0.0,137.89041744031212,6.224422e-06
130.77,0.0,137.88999001477663,6.261544e-06
130.77,0.0,137.88957937992762,6.021583e-06
130.77,0.0,137.8891430910656,5.747395e-06
130.77,0.0,137.88871759432163,5.680326e-06
130.77,0.0,137.88831524828754,5.943439e-06
130.77,0.0,137.88788343630284,5.989525e-06
130.77,0.0,137.88749670576465,5.928465e-06
130.77,0.0,137.88705440713377,5.838097e-06
130.77,0.0,137.8866492709145,5.715483e-06
130.77,0.0,137.88620622442417,5.674272e-06
130.77,0.0,137.8858064816455,5.850598e-06
130.77,0.0,137.885382880143,6.256203e-06
130.77,0.0,137.8849995824324,6.107788e-06
130.77,0.0,137.88455989250727,6.101487e-06
130.77,0.0,137.88411211547853,5.964961e-06
130.77,0.0,137.8837281570074,5.579815e-06
130.77,0.0,137.8832874137256,5.737296e-06
130.77,0.0,137.88286541622335,5.823022e-06
130.77,0.0,137.88247061071203,5.628142e-06
130.77,0.0,137.88203809390416,4.201502e-06
130.77,0.0,137.88161735311675,2.77911e-06
130.77,0.0,137.88119261843113,2.691319e-06
130.77,0.0,137.88075093479924,3.144829e-06
130.77,0.0,137.8803629833697,3.974361e-06
130.77,0.0,137.8799375543365,4.872185e-06
130.77,0.0,137.87951217815674,5.078415e-06
130.77,0.0,137.87911089516825,5.44959e-06
130.77,0.0,137.87868196526418,5.455513e-06
130.77,0.0,137.87826729901408,5.619047e-06
130.77,0.0,137.87786248340228,5.941969e-06
130.77,0.0,137.87745114837364,5.77794e-06
130.77,0.0,137.87701928468383,5.874972e-06
130.77,0.0,137.8766195464931,5.936701e-06
130.77,0.0,137.8761778951894,6.10415e-06
130.77,0.0,137.87577416375453,6.151779e-06
130.77,0.0,137.87534105276694,5.940543e-06
130.77,0.0,137.87496259432044,6.083952e-06
130.77,0.0,137.87452645571682,5.865266e-06
130.77,0.0,137.87412533611646,5.554684e-06
130.77,0.0,137.87368429728411,5.526614e-06
130.77,0.0,137.87324680700667,5.675698e-06
130.77,0.0,137.87285613797638,5.56864e-06
130.77,0.0,137.87242608196814,5.972965e-06
130.77,0.0,137.87199932580327,6.082177e-06
130.77,0.0,137.8715999743752,5.942959e-06
130.77,0.0,137.87115563040584,5.947339e-06
130.77,0.0,137.87073186677395,6.118935e-06
130.77,0.0,137.87034301741997,6.523871e-06
130.77,0.0,137.8699163798728,6.697795e-06
130.77,0.0,137.8695235617411,6.545175e-06
130.77,0.0,137.86906729167185,6.400369e-06
130.77,0.0,137.86867700574962,5.980168e-06
130.77,0.0,137.86823375074843,6.093382e-06
130.77,0.0,137.86782658702663,6.20322e-06
130.77,0.0,137.8674090316686,6.005255e-06
130.77,0.0,137.86698786963242,6.03564e-06
130.77,0.0,137.86659339941755,5.880109e-06
130.77,0.0,137.86614842519833,6.108981e-06
130.77,0.0,137.86574300194707,6.324e-06
130.77,0.0,137.8653109294613,6.40715e-06
130.77,0.0,137.86492505413713,6.187765e-06
130.77,0.0,137.86449684589118,6.105081e-06
130.77,0.0,137.8640877848541,6.465169e-06
130.77,0.0,137.86366158182943,6.055387e-06
130.77,0.0,137.86320723489612,6.215239e-06
130.77,0.0,137.86278537788232,6.479153e-06
130.77,0.0,137.8623986645491,6.453236e-06
130.77,0.0,137.8619659944419,6.201692e-06
130.77,0.0,137.8615597858444,5.943133e-06
130.77,0.0,137.86112890580623,6.065573e-06
130.77,0.0,137.86069789055622,6.579634e-06
130.77,0.0,137.86029240225545,6.374146e-06
130.77,0.0,137.85986602898458,6.338159e-06
130.77,0.0,137.85947970570118,6.165632e-06
130.77,0.0,137.85904020917587,6.020564e-06
130.77,0.0,137.8586373435367,6.054164e-06
130.77,0.0,137.85818472181333,6.000715e-06
130.77,0.0,137.85776428277524,6.053597e-06
130.77,0.0,137.85738379467963,5.923604e-06
130.77,0.0,137.85697292474924,5.922295e-06
130.77,0.0,137.85654144969615,5.863185e-06
130.77,0.0,137.85611884374117,6.00591e-06
130.77,0.0,137.85571666721376,5.896538e-06
130.77,0.0,137.8552831598972,5.909285e-06
130.77,0.0,137.85487639130395,5.684778e-06
130.77,0.0,137.85446945649525,5.550057e-06
130.77,0.0,137.85406341985038,5.755661e-06
130.77,0.0,137.85362011128373,5.812704e-06
130.77,0.0,137.85321840019182,6.015835e-06
130.77,0.0,137.8527835612695,6.169605e-06
130.77,0.0,137.85235514259858,6.089715e-06
130.77,0.0,137.85196922764743,6.178874e-06
130.77,0.0,137.85153243541123,5.904323e-06
130.77,0.0,137.85111294844992,6.049144e-06
130.77,0.0,137.85068827473253,5.877155e-06
130.77,0.0,137.85028680920536,5.860362e-06
130.77,0.0,137.8498622184434,5.813708e-06
130.77,0.0,137.84944402473508,5.770169e-06
130.77,0.0,137.84904002772714,6.164948e-06
130.77,0.0,137.84858901795235,6.120696e-06
130.77,0.0,137.8481970719141,6.028335e-06
130.77,0.0,137.8477588407703,5.837283e-06
130.77,0.0,137.84734719960184,5.754919e-06
130.77,0.0,137.8469525295194,5.68293e-06
130.77,0.0,137.84651932682397,5.711918e-06
130.77,0.0,137.84610542645106,5.633716e-06
130.77,0.0,137.84568034299096,5.742389e-06
130.77,0.0,137.8452423935774,5.907903e-06
130.77,0.0,137.84485250143965,5.842347e-06
130.77,0.0,137.8444339618918,5.62839e-06
130.77,0.0,137.84402508250525,5.619178e-06
130.77,0.0,137.84358331615974,5.678929e-06
130.77,0.0,137.84318038989693,5.735419e-06
130.77,0.0,137.84274107904224,5.673384e-06
130.77,0.0,137.84230215752387,5.614129e-06
130.77,0.0,137.84190424623029,5.619906e-06
130.77,0.0,137.8414976416293,5.627444e-06
130.77,0.0,137.84105743031935,5.852329e-06
130.77,0.0,137.84065358439983,5.705908e-06
130.77,0.0,137.8402161975842,5.889728e-06
130.77,0.0,137.83981160085554,5.936919e-06
130.77,0.0,137.83940552987855,6.000089e-06
130.77,0.0,137.83900133084163,6.172646e-06
130.77,0.0,137.83856123994687,6.105445e-06
130.77,0.0,137.83815868503663,6.178045e-06
130.77,0.0,137.8377217823162,6.000613e-06
130.77,0.0,137.8373234650902,5.819209e-06
130.77,0.0,137.8369123417836,5.597525e-06
130.77,0.0,137.83651153487958,5.662398e-06
130.77,0.0,137.83607350606258,5.638736e-06
130.77,0.0,137.83562968971137,5.618727e-06
130.77,0.0,137.8352434895876,5.413211e-06
130.77,0.0,137.83480753929425,5.261609e-06
130.77,0.0,137.8343989849909,5.253431e-06
130.77,0.0,137.83399322186912,5.118258e-06
130.77,0.0,137.8335413517591,4.864778e-06
130.77,0.0,137.83315520099208,5.152062e-06
130.77,0.0,137.8327136198632,5.280672e-06
130.77,0.0,137.83231325102147,5.632202e-06
130.77,0.0,137.83188174978716,5.917551e-06
130.77,0.0,137.83147043851653,5.826078e-06
130.77,0.0,137.83106704958584,5.584006e-06
130.77,0.0,137.83062451253468,5.446578e-06
130.77,0.0,137.8302243905548,5.656097e-06
130.77,0.0,137.82978536111165,5.509632e-06
130.77,0.0,137.82937800134746,5.529742e-06
130.77,0.0,137.82897072498127,5.281734e-06
130.77,0.0,137.8285355687795,5.437934e-06
130.77,0.0,137.82813447684106,5.336333e-06
130.77,0.0,137.82770015356994,5.574519e-06
130.77,0.0,137.82728928087172,5.930502e-06
130.77,0.0,137.82687911113888,5.704191e-06
130.77,0.0,137.8264714449156,5.951835e-06
130.77,0.0,137.82603713316342,5.570168e-06
130.77,0.0,137.8256342796634,5.882946e-06
130.77,0.0,137.8251958396393,5.603244e-06
130.77,0.0,137.82479355305856,5.912036e-06
130.77,0.0,137.8243762600243,5.73814e-06
130.77,0.0,137.82392725872586,6.000846e-06
130.77,0.0,137.82354416744897,6.283342e-06
130.77,0.0,137.82310798594324,6.493967e-06
130.77,0.0,137.82267130188694,5.922877e-06
130.77,0.0,137.8222691073831,5.813679e-06
130.77,0.0,137.82184010173472,5.979367e-06
130.77,0.0,137.82142832347466,6.156144e-06
130.77,0.0,137.82102596261083,6.117552e-06
130.77,0.0,137.82058535053935,5.98417e-06
130.77,0.0,137.82018467447938,5.58293e-06
130.77,0.0,137.81974700269075,5.332025e-06
130.77,0.0,137.81934267191542,5.684415e-06
130.77,0.0,137.8189252085414,5.959126e-06
130.77,0.0,137.8184981638902,6.150542e-06
130.77,0.0,137.81809760432571,6.101502e-06
130.77,0.0,137.81767157974025,6.077171e-06
130.77,0.0,137.81725583725841,5.78069e-06
130.77,0.0,137.81685209520987,5.520778e-06
130.77,0.0,137.81643853705643,5.594775e-06
130.77,0.0,137.81599045282715,5.781505e-06
130.77,0.0,137.8156020507883,5.403956e-06
130.77,0.0,137.8151595090241,5.403344e-06
130.77,0.0,137.8147597289091,5.22811e-06
130.77,0.0,137.81432973682507,5.170194e-06
130.77,0.0,137.81394318753473,4.720016e-06
130.77,0.0,137.81351200997676,5.218899e-06
130.77,0.0,137.81307805452624,5.182781e-06
130.77,0.0,137.81266416849445,5.086244e-06
130.77,0.0,137.81222636941294,5.035676e-06
130.77,0.0,137.81182476323437,4.932706e-06
130.77,0.0,137.81141380752186,5.081965e-06
130.77,0.0,137.8110133573763,5.177877e-06
130.77,0.0,137.81057667056743,5.059017e-06
130.77,0.0,137.81013707885788,4.952846e-06
130.77,0.0,137.8097380955631,4.646528e-06
130.77,0.0,137.8093032057319,4.801492e-06
130.77,0.0,137.80891228089823,4.843096e-06
130.77,0.0,137.80849435245273,4.702291e-06
130.77,0.0,137.8080553698432,4.656904e-06
130.77,0.0,137.8076439415911,4.457601e-06
130.77,0.0,137.80722332337646,4.652247e-06
130.77,0.0,137.80681989264065,3.498732e-06
130.77,0.0,137.80639728138186,2.117944e-06
130.77,0.0,137.80597249473902,2.01902e-06
130.77,0.0,137.8055693178145,1.897599e-06
130.77,0.0,137.8051301740998,2.23823e-06
130.77,0.0,137.80472923470572,2.908913e-06
130.77,0.0,137.80429132040263,3.623325e-06
130.77,0.0,137.8039058889226,4.169924e-06
130.77,0.0,137.80347872664154,4.263435e-06
130.77,0.0,137.8030417679037,4.491609e-06
130.77,0.0,137.80264016742208,4.60766e-06
130.77,0.0,137.80220215203047,4.1811e-06
130.77,0.0,137.80176036702247,4.174392e-06
130.77,0.0,137.80136079869754,4.111425e-06
130.77,0.0,137.80094814056645,4.618953e-06
130.77,0.0,137.80054825409894,5.187918e-06
130.77,0.0,137.80011295720797,5.484151e-06
130.77,0.0,137.79968621867425,5.547685e-06
130.77,0.0,137.79927682425281,5.357375e-06
130.77,0.0,137.7988461970702,5.183916e-06
130.77,0.0,137.79846161449845,5.204565e-06
130.77,0.0,137.7980291656624,5.365611e-06
130.77,0.0,137.79762697170784,5.835478e-06
130.77,0.0,137.79718801338535,6.049086e-06
130.77,0.0,137.79679029646223,6.034068e-06
130.77,0.0,137.7963703412721,5.995913e-06
130.77,0.0,137.79595434811097,5.924187e-06
130.77,0.0,137.79555765734182,5.629583e-06
130.77,0.0,137.79512036070435,6.014379e-06
130.77,0.0,137.79469115836386,5.52382e-06
130.77,0.0,137.7942807793528,5.757858e-06
130.77,0.0,137.79385202176493,5.663256e-06
130.77,0.0,137.7934671973187,5.793234e-06
130.77,0.0,137.79302960794695,5.959053e-06
130.77,0.0,137.79260915942098,5.989845e-06
130.77,0.0,137.79218113520068,6.040544e-06
130.77,0.0,137.79174469438752,5.819878e-06
130.77,0.0,137.79135591127837,5.687893e-06
130.77,0.0,137.7909307020711,5.955371e-06
130.77,0.0,137.7904996878164,5.881142e-06
130.77,0.0,137.79010184426025,5.882088e-06
130.77,0.0,137.78966197400226,5.864567e-06
130.77,0.0,137.7892606483706,5.966431e-06
130.77,0.0,137.78883422480837,5.910159e-06
130.77,0.0,137.788407363086,5.953116e-06
130.77,0.0,137.78801528598422,5.92634e-06
130.77,0.0,137.78759693882185,5.862632e-06
130.77,0.0,137.7871681738073,5.811773e-06
130.77,0.0,137.78676337018518,5.923037e-06
130.77,0.0,137.78632601252872,5.934329e-06
130.77,0.0,137.78592246553617,6.066723e-06
130.77,0.0,137.78550292395445,5.667054e-06
130.77,0.0,137.7850805445815,6.005765e-06
130.77,0.0,137.78467680809317,5.921524e-06
130.77,0.0,137.78423423188113,6.350543e-06
130.77,0.0,137.78380855678813,6.245376e-06
130.77,0.0,137.7834046435673,6.123853e-06
130.77,0.0,137.78299929472618,5.774156e-06
130.77,0.0,137.78255576021928,5.761482e-06
130.77,0.0,137.78215106060821,6.026879e-06
130.77,0.0,137.78170611225394,6.240836e-06
130.77,0.0,137.78130233842376,6.266462e-06
130.77,0.0,137.78088250549024,6.010276e-06
130.77,0.0,137.78046249378187,5.902199e-06
130.77,0.0,137.78006394992465,5.992581e-06
130.77,0.0,137.77962118109153,5.778726e-06
130.77,0.0,137.7792224251944,5.785696e-06
130.77,0.0,137.77878326895078,5.462629e-06
130.77,0.0,137.77839002367065,5.873735e-06
130.77,0.0,137.7779718202109,5.535767e-06
130.77,0.0,137.7775648260724,5.675422e-06
130.77,0.0,137.77713101650727,5.625334e-06
130.77,0.0,137.77671210773082,5.870592e-06
130.77,0.0,137.7762901692677,5.976937e-06
130.77,0.0,137.77589417565028,6.087197e-06
130.77,0.0,137.7754814382862,5.82225e-06
130.77,0.0,137.77504404967402,5.600261e-06
130.77,0.0,137.77464099181518,5.663314e-06
130.77,0.0,137.77420749152535,5.798065e-06
130.77,0.0,137.77380376888416,6.290124e-06
130.77,0.0,137.7733613046634,6.211892e-06
130.77,0.0,137.77295816097097,6.04002e-06
130.77,0.0,137.77255789462862,5.875394e-06
130.77,0.0,137.77211739977642,6.00722e-06
130.77,0.0,137.77168644474062,6.022412e-06
130.77,0.0,137.77128407784969,5.91643e-06
130.77,0.0,137.7708514014342,5.8429e-06
130.77,0.0,137.77044545445895,5.62091e-06
130.77,0.0,137.77004153571585,5.340509e-06
130.77,0.0,137.769600952155,5.168666e-06
130.77,0.0,137.7691991806413,5.120761e-06
130.77,0.0,137.76875874394614,5.054637e-06
130.77,0.0,137.7683777221031,4.754416e-06
130.77,0.0,137.76795429472534,5.258567e-06
130.77,0.0,137.7675233936168,5.123948e-06
130.77,0.0,137.76710702164905,5.371752e-06
130.77,0.0,137.76666850949826,5.325011e-06
130.77,0.0,137.76624812858333,5.654394e-06
130.77,0.0,137.76585307509347,5.588518e-06
130.77,0.0,137.76543088853717,5.764814e-06
130.77,0.0,137.76503065907448,5.93072e-06
130.77,0.0,137.76459603752647,6.046961e-06
130.77,0.0,137.76419081667697,5.750553e-06
130.77,0.0,137.76374686842482,5.344787e-06
130.77,0.0,137.76334154941202,5.742782e-06
130.77,0.0,137.76292426992862,6.067625e-06
130.77,0.0,137.7624987064746,6.328308e-06
130.77,0.0,137.76209455871034,6.300557e-06
130.77,0.0,137.7616514229963,5.929993e-06
130.77,0.0,137.7612470559202,6.080474e-06
130.77,0.0,137.76081407929348,6.139438e-06
130.77,0.0,137.76039476193097,6.168237e-06
130.77,0.0,137.76000611507573,5.836308e-06
130.77,0.0,137.75955128284934,5.658905e-06
130.77,0.0,137.75916689149062,5.770169e-06
130.77,0.0,137.7587229653764,5.602415e-06
130.77,0.0,137.7583061108247,6.034606e-06
130.77,0.0,137.7579208837178,5.79271e-06
130.77,0.0,137.75749033741965,6.228525e-06
130.77,0.0,137.7570783905884,6.093978e-06
130.77,0.0,137.75665248067367,6.128699e-06
130.77,0.0,137.7562490286617,5.753958e-06
130.77,0.0,137.75581505790177,5.823371e-06
130.77,0.0,137.75543127078436,5.82177e-06
130.77,0.0,137.75499790930988,5.786307e-06
130.77,0.0,137.75458233102736,6.02736e-06
130.77,0.0,137.7541511221873,6.006972e-06
130.77,0.0,137.7537491278402,6.261558e-06
130.77,0.0,137.75331345925815,6.126022e-06
130.77,0.0,137.75289901930688,6.001719e-06
130.77,0.0,137.75249100804993,5.981565e-06
130.77,0.0,137.75207244995843,6.059126e-06
130.77,0.0,137.75163580572058,5.719863e-06
130.77,0.0,137.75122106722446,5.534399e-06
130.77,0.0,137.75078616599035,5.581795e-06
130.77,0.0,137.75039411200214,5.881913e-06
130.77,0.0,137.74995911230928,5.377195e-06
130.77,0.0,137.749560178015,5.744325e-06
130.77,0.0,137.74912422273425,4.87543e-06
130.77,0.0,137.74872476293496,4.419111e-06
130.77,0.0,137.7482924734189,4.444693e-06
130.77,0.0,137.74786864309334,4.579328e-06
130.77,0.0,137.74748817753078,4.761125e-06
130.77,0.0,137.74705442032763,4.695903e-06
130.77,0.0,137.7466336068129,5.02597e-06
130.77,0.0,137.74621520508435,4.981121e-06
130.77,0.0,137.7457644113359,5.23233e-06
130.77,0.0,137.74537653721188,5.079608e-06
130.77,0.0,137.74496604021488,5.317663e-06
130.77,0.0,137.74453371688594,5.450231e-06
130.77,0.0,137.74413431835202,5.432739e-06
130.77,0.0,137.7436941563966,5.117574e-06
130.77,0.0,137.74329327869307,4.907313e-06
130.77,0.0,137.7428752959892,5.000853e-06
130.77,0.0,137.7424459705909,5.202499e-06
130.77,0.0,137.74202156909308,4.895424e-06
130.77,0.0,137.7416175749009,4.76178e-06
130.77,0.0,137.74117726733004,4.984016e-06
130.77,0.0,137.74073990485303,5.516078e-06
130.77,0.0,137.74034579581732,5.708775e-06
130.77,0.0,137.73992674238755,4.905029e-06
130.77,0.0,137.73953173717877,4.906484e-06
130.77,0.0,137.73909298865323,4.96587e-06
130.77,0.0,137.73869022031514,5.271286e-06
130.77,0.0,137.73825127712593,5.103764e-06
130.77,0.0,137.7378489919817,5.467606e-06
130.77,0.0,137.73743464049926,5.71541e-06
130.77,0.0,137.73703840182594,5.800321e-06
130.77,0.0,137.73660115690805,6.01761e-06
130.77,0.0,137.73619934747626,5.254144e-06
130.77,0.0,137.7357663317238,5.259921e-06
130.77,0.0,137.73533130695847,4.740767e-06
130.77,0.0,137.73495156606623,4.883783e-06
130.77,0.0,137.73452751867018,4.89688e-06
130.77,0.0,137.73407912160667,5.154739e-06
130.77,0.0,137.73369174773396,5.414302e-06
130.77,0.0,137.7332517479392,5.538051e-06
130.77,0.0,137.73282570328786,5.607581e-06
130.77,0.0,137.73243951415213,5.70243e-06
130.77,0.0,137.73201272507544,5.729686e-06
130.77,0.0,137.731574949004,5.861919e-06
130.77,0.0,137.73117341867024,5.716676e-06
130.77,0.0,137.73073587716533,5.814887e-06
130.77,0.0,137.73031130521034,5.477632e-06
130.77,0.0,137.7299031096572,5.743146e-06
130.77,0.0,137.7295021351126,5.403024e-06
130.77,0.0,137.72904990740471,6.088871e-06
130.77,0.0,137.72866348054703,5.980182e-06
130.77,0.0,137.72822337738913,6.074828e-06
130.77,0.0,137.7278253348511,5.822832e-06
130.77,0.0,137.72739658440136,5.977883e-06
130.77,0.0,137.72698636129036,5.872935e-06
130.77,0.0,137.72658377921198,5.875583e-06
130.77,0.0,137.72614085571385,5.668917e-06
130.77,0.0,137.72573698076678,5.52756e-06
130.77,0.0,137.7253055509125,5.251146e-06
130.77,0.0,137.72489852189807,3.416048e-06
130.77,0.0,137.72449386315424,3.215435e-06
130.77,0.0,137.724056608753,3.746318e-06
130.77,0.0,137.7236569796389,4.670219e-06
130.77,0.0,137.72321694902587,5.401045e-06
130.77,0.0,137.72278272800108,5.550552e-06
130.77,0.0,137.7223786960019,5.882306e-06
130.77,0.0,137.72197471716933,5.918861e-06
130.77,0.0,137.72153684449324,6.357906e-06
130.77,0.0,137.72113860448917,6.217655e-06
130.77,0.0,137.72069819459855,6.504983e-06
130.77,0.0,137.72026095634615,5.386362e-06
130.77,0.0,137.71988078629198,6.158691e-06
130.77,0.0,137.71943814819292,6.166912e-06
130.77,0.0,137.71905262668537,6.493443e-06
130.77,0.0,137.7186151088555,6.480637e-06
130.77,0.0,137.71820982001213,6.606933e-06
130.77,0.0,137.71776650064396,6.282193e-06
130.77,0.0,137.71737659911193,6.271381e-06
130.77,0.0,137.716958273928,5.953334e-06
130.77,0.0,137.71655300556833,6.276256e-06
130.77,0.0,137.716115020771,6.528644e-06
130.77,0.0,137.7157140793949,7.047172e-06
130.77,0.0,137.71528116914263,6.888527e-06
130.77,0.0,137.71487580128186,6.691262e-06
130.77,0.0,137.71446878630977,6.623595e-06
130.77,0.0,137.71403482774193,6.592818e-06
130.77,0.0,137.71363251938507,6.475195e-06
130.77,0.0,137.71318594326755,6.816525e-06
130.77,0.0,137.71278499505283,6.445844e-06
130.77,0.0,137.7123612008469,6.571194e-06
130.77,0.0,137.7119456186117,6.331247e-06
130.77,0.0,137.711497250157,6.491988e-06
130.77,0.0,137.71111111013244,6.001399e-06
130.77,0.0,137.7106689542121,6.01128e-06
130.77,0.0,137.71027036529958,6.36217e-06
130.77,0.0,137.7098378502897,6.936039e-06
130.77,0.0,137.70942952594535,6.825008e-06
130.77,0.0,137.70901194896007,7.259659e-06
130.77,0.0,137.70858971815423,6.92287e-06
130.77,0.0,137.70818707901884,6.973394e-06
130.77,0.0,137.7077442269387,6.61095e-06
130.77,0.0,137.70734301414254,6.795817e-06
130.77,0.0,137.70693074465078,6.682167e-06
130.77,0.0,137.7065045909259,6.761795e-06
130.77,0.0,137.70610416361967,6.835224e-06
130.77,0.0,137.70566453311181,6.886185e-06
130.77,0.0,137.7052654614711,7.035604e-06
130.77,0.0,137.70483506283287,6.677539e-06
130.77,0.0,137.7044246704873,6.474758e-06
130.77,0.0,137.70402302010032,6.751434e-06
130.77,0.0,137.7035729831258,6.810325e-06
130.77,0.0,137.7031455924496,6.853923e-06
130.77,0.0,137.70274245012544,6.771414e-06
130.77,0.0,137.70230643678568,6.88326e-06
130.77,0.0,137.70189600534013,6.31735e-06
130.77,0.0,137.7014904314744,6.653761e-06
130.77,0.0,137.70105541084516,6.511691e-06
130.77,0.0,137.70065424333504,6.868431e-06
130.77,0.0,137.7002216626174,6.712769e-06
130.77,0.0,137.69978669840532,6.935734e-06
130.77,0.0,137.69940285542768,6.887858e-06
130.77,0.0,137.6989762596284,6.59161e-06
130.77,0.0,137.69857825644098,6.767616e-06
130.77,0.0,137.69813826055042,7.022012e-06
130.77,0.0,137.69772684652696,6.950897e-06
130.77,0.0,137.69732368235384,6.939779e-06
130.77,0.0,137.69690492132685,6.703951e-06
130.77,0.0,137.69646534414989,6.596369e-06
130.77,0.0,137.69607064951737,6.466158e-06
130.77,0.0,137.6956417731401,6.298927e-06
130.77,0.0,137.69521327940663,6.587739e-06
130.77,0.0,137.69479710383803,6.2334e-06
130.77,0.0,137.6943953020777,6.489761e-06
130.77,0.0,137.69397309467547,6.246686e-06
130.77,0.0,137.69356860168378,6.331684e-06
130.77,0.0,137.69312633504427,6.728471e-06
130.77,0.0,137.69272688737354,6.452829e-06
130.77,0.0,137.69228998426414,6.608403e-06
130.77,0.0,137.6918813226191,6.615999e-06
130.77,0.0,137.69147274128673,6.499817e-06
130.77,0.0,137.6910350819637,6.344693e-06
130.77,0.0,137.69063797550513,6.296526e-06
130.77,0.0,137.69020074937504,6.503557e-06
130.77,0.0,137.68976108742442,6.180533e-06
130.77,0.0,137.68937576044496,6.141432e-06
130.77,0.0,137.68895571414942,6.061557e-06
130.77,0.0,137.68855335399604,6.233793e-06
130.77,0.0,137.688112704028,5.817652e-06
130.77,0.0,137.68770361789657,5.784415e-06
130.77,0.0,137.68726715389926,5.978902e-06
130.77,0.0,137.68685898977208,6.115282e-06
130.77,0.0,137.68645236952833,6.483926e-06
130.77,0.0,137.68603692940192,6.471731e-06
130.77,0.0,137.6856170556352,6.358634e-06
130.77,0.0,137.6851791776894,6.301227e-06
130.77,0.0,137.6847818351162,6.055358e-06
130.77,0.0,137.68435728657818,5.982263e-06
130.77,0.0,137.68393875160004,6.319329e-06
130.77,0.0,137.68353450892144,6.370814e-06
130.77,0.0,137.68309199024793,6.139948e-06
130.77,0.0,137.682667446849,5.870475e-06
130.77,0.0,137.6822488221455,5.734008e-06
130.77,0.0,137.68179782861822,5.9421e-06
130.77,0.0,137.6814295967177,6.060611e-06
130.77,0.0,137.68099775183552,6.165006e-06
130.77,0.0,137.6805927253993,5.146736e-06
130.77,0.0,137.68014287532958,5.861191e-06
130.77,0.0,137.6797548710175,5.891896e-06
130.77,0.0,137.67931688299066,5.786351e-06
130.77,0.0,137.67890876617687,5.81365e-06
130.77,0.0,137.67850388715289,6.343631e-06
130.77,0.0,137.67807514918368,6.660295e-06
130.77,0.0,137.67765697201762,6.593997e-06
130.77,0.0,137.67725611257046,6.35616e-06
130.77,0.0,137.67682468580924,5.85684e-06
130.77,0.0,137.6764369306422,6.085829e-06
130.77,0.0,137.67600474060586,6.002781e-06
130.77,0.0,137.6755886754682,5.872615e-06
130.77,0.0,137.67515933776454,5.925525e-06
130.77,0.0,137.67475864901948,5.987822e-06
130.77,0.0,137.67432638090716,6.131624e-06
130.77,0.0,137.67391772530073,6.215821e-06
130.77,0.0,137.67351821517053,6.09101e-06
130.77,0.0,137.67307961832407,5.956608e-06
130.77,0.0,137.6726417063677,6.147035e-06
130.77,0.0,137.6722430502157,6.034446e-06
130.77,0.0,137.67181419750094,5.655194e-06
130.77,0.0,137.67140243117055,5.741851e-06
130.77,0.0,137.67100062868738,5.977359e-06
130.77,0.0,137.67055891003506,5.99974e-06
130.77,0.0,137.67014534175252,6.059243e-06
130.77,0.0,137.66972701683153,6.063594e-06
130.77,0.0,137.6692893590965,6.390866e-06
130.77,0.0,137.66888712921553,6.306931e-06
130.77,0.0,137.66846564885725,6.209273e-06
130.77,0.0,137.66807021372952,6.071103e-06
130.77,0.0,137.66763548262125,5.943017e-06
130.77,0.0,137.66723042788493,6.197806e-06
130.77,0.0,137.66679240570107,6.371163e-06
130.77,0.0,137.66638550094157,6.451039e-06
130.77,0.0,137.66598273833588,6.508621e-06
130.77,0.0,137.66554537184555,6.448783e-06
130.77,0.0,137.66514443432325,6.290982e-06
130.77,0.0,137.66470648664114,6.369824e-06
130.77,0.0,137.66429132342373,6.525181e-06
130.77,0.0,137.6638809801991,6.466158e-06
130.77,0.0,137.66345096685689,6.230999e-06
130.77,0.0,137.66305416747954,5.993672e-06
130.77,0.0,137.66260862787547,5.151509e-06
130.77,0.0,137.66220346599476,4.934511e-06
130.77,0.0,137.661764208807,5.116599e-06
130.77,0.0,137.66134455212347,5.578186e-06
130.77,0.0,137.6609417835488,6.427566e-06
130.77,0.0,137.66051261105702,6.673828e-06
130.77,0.0,137.66011261158482,6.597911e-06
130.77,0.0,137.65967481020368,6.680857e-06
130.77,0.0,137.65927825675598,6.806978e-06
130.77,0.0,137.6588526020293,6.819289e-06
130.77,0.0,137.6584361547387,6.742644e-06
130.77,0.0,137.65803656459244,6.858681e-06
130.77,0.0,137.6575968989892,6.739851e-06
130.77,0.0,137.65719303198594,6.506132e-06
130.77,0.0,137.65675268350765,6.38522e-06
130.77,0.0,137.65635543385855,6.480594e-06
130.77,0.0,137.65594140979735,6.238988e-06
130.77,0.0,137.65554184955008,6.061236e-06
130.77,0.0,137.65510649853613,5.708149e-06
130.77,0.0,137.65467726610888,5.704365e-06
130.77,0.0,137.65426250748393,5.89808e-06
130.77,0.0,137.65385844125075,6.30159e-06
130.77,0.0,137.6534473669853,5.875321e-06
130.77,0.0,137.6530146948506,5.257447e-06
130.77,0.0,137.65261017361348,5.161914e-06
130.77,0.0,137.65216734734386,5.230788e-06
130.77,0.0,137.65176278382907,4.958201e-06
130.77,0.0,137.65133341204438,5.272275e-06
130.77,0.0,137.65091776072038,6.003e-06
130.77,0.0,137.6505144667826,6.200542e-06
130.77,0.0,137.6500744523424,6.417278e-06
130.77,0.0,137.64967245401695,6.291753e-06
130.77,0.0,137.64923397661045,6.313247e-06
130.77,0.0,137.6488301720426,6.358023e-06
130.77,0.0,137.64841294320917,6.479298e-06
130.77,0.0,137.64798794308788,6.45408e-06
130.77,0.0,137.64758990925142,6.525079e-06
130.77,0.0,137.64715151948977,6.071961e-06
130.77,0.0,137.6467511879772,6.103641e-06
130.77,0.0,137.64631841934022,6.510178e-06
130.77,0.0,137.64589865195506,6.836955e-06
130.77,0.0,137.64551038049325,6.144954e-06
130.77,0.0,137.64506814841718,5.486698e-06
130.77,0.0,137.6446496535675,5.536407e-06
130.77,0.0,137.64423004624825,5.596128e-06
130.77,0.0,137.6437945450712,5.674112e-06
130.77,0.0,137.64340955620605,5.776499e-06
130.77,0.0,137.64298242170037,5.715599e-06
130.77,0.0,137.6425469635461,5.95086e-06
130.77,0.0,137.64214462436152,6.514645e-06
130.77,0.0,137.64170242287514,6.659626e-06
130.77,0.0,137.64126685570926,6.677205e-06
130.77,0.0,137.64088035357923,6.370945e-06
130.77,0.0,137.6404628217925,5.631839e-06
130.77,0.0,137.64006262325526,6.409551e-06
130.77,0.0,137.63962026137557,6.164133e-06
130.77,0.0,137.6392161067311,6.034927e-06
130.77,0.0,137.63877334421895,6.304181e-06
130.77,0.0,137.63836636828736,6.2045e-06
130.77,0.0,137.63795308496282,6.4091e-06
130.77,0.0,137.63755491989852,6.411006e-06
130.77,0.0,137.6371109848562,6.316463e-06
130.77,0.0,137.63669912810562,6.006681e-06
130.77,0.0,137.63628827925552,6.264672e-06
130.77,0.0,137.6358749854269,6.645845e-06
130.77,0.0,137.63547291375914,6.548958e-06
130.77,0.0,137.63503938186273,6.437258e-06
130.77,0.0,137.63464110897007,6.709568e-06
130.77,0.0,137.63419946955847,6.942311e-06
130.77,0.0,137.63379592006248,6.82156e-06
130.77,0.0,137.63337515806992,6.893577e-06
130.77,0.0,137.63295121019593,6.991628e-06
130.77,0.0,137.6325206754436,6.920018e-06
130.77,0.0,137.63211905504576,6.859351e-06
130.77,0.0,137.63167763929565,6.76878e-06
130.77,0.0,137.63127350400558,7.08038e-06
130.77,0.0,137.63084527475957,6.92223e-06
130.77,0.0,137.6304317504779,6.677015e-06
130.77,0.0,137.63003323722978,7.029405e-06
130.77,0.0,137.6295945101056,6.889648e-06
130.77,0.0,137.62919108085035,6.790317e-06
130.77,0.0,137.628749194223,6.930175e-06
130.77,1.0,137.62833937539153,6.334332e-06
130.77,1.0,137.62793048427628,5.533569e-06
130.77,1.0,137.62753429854217,5.750582e-06
130.77,1.0,137.62710041286525,5.91774e-06
130.77,1.0,137.62667135060488,6.069095e-06
130.77,1.0,137.62625570794611,5.839713e-06
130.77,1.0,137.62585141456853,5.973008e-06
130.77,1.0,137.62543505421817,6.175047e-06
130.77,1.0,137.62500259156093,6.065326e-06
130.77,1.0,137.6246004770012,5.261129e-06
130.77,1.0,137.62416081459813,5.599664e-06
130.77,1.0,137.62376179200854,6.103539e-06
130.77,1.0,137.6233377084269,6.008413e-06
130.77,1.0,137.62291236072082,6.04456e-06
130.77,1.0,137.6224859199716,6.270784e-06
130.77,1.0,137.62208434152333,6.205242e-06
130.77,1.0,137.62164176242817,6.242466e-06
130.77,1.0,137.621237874814,5.943657e-06
130.77,1.0,137.62080242409647,5.963273e-06
130.77,1.0,137.6203906626069,6.264076e-06
130.77,1.0,137.61998708786842,6.491653e-06
130.77,1.0,137.61957608885763,6.801827e-06
130.77,1.0,137.61914784929593,6.713555e-06
130.77,1.0,137.6187143692054,6.376213e-06
130.77,1.0,137.6183170651741,6.840477e-06
130.77,1.0,137.61788539083034,6.445145e-06
130.77,1.0,137.6174977609974,6.25891e-06
130.77,1.0,137.61705843907947,6.531991e-06
130.77,1.0,137.61665468489227,6.638307e-06
130.77,1.0,137.6162213467677,6.502087e-06
130.77,1.0,137.61582171260508,6.838483e-06
130.77,1.0,137.6153904735615,7.144292e-06
130.77,1.0,137.61500824465787,7.096925e-06
130.77,1.0,137.6145664090605,7.136172e-06
130.77,1.0,137.61416304870878,6.986142e-06
130.77,1.0,137.61372137308445,6.742208e-06
130.77,1.0,137.61331727953913,6.50229e-06
130.77,1.0,137.61289614736785,6.547634e-06
130.77,1.0,137.6124692105901,6.471659e-06
130.77,1.0,137.6120655093629,6.537157e-06
130.77,1.0,137.6116135318294,6.478062e-06
130.77,1.0,137.61121782818935,6.516784e-06
130.77,1.0,137.61078521643088,6.383299e-06
130.77,1.0,137.6103804022456,6.548595e-06
130.77,1.0,137.60997649696412,6.968505e-06
130.77,1.0,137.60954502018407,6.774979e-06
130.77,1.0,137.60912521116683,6.464703e-06
130.77,1.0,137.6087023241239,6.345726e-06
130.77,1.0,137.60826531204225,6.278991e-06
130.77,1.0,137.6078849460389,6.002636e-06
130.77,1.0,137.60745838570475,6.188959e-06
130.77,1.0,137.60705409256005,6.362796e-06
130.77,1.0,137.6066219120707,6.535949e-06
130.77,1.0,137.6061898982526,6.336471e-06
130.77,1.0,137.60578260575224,6.202288e-06
130.77,1.0,137.60534324906158,6.012429e-06
130.77,1.0,137.60494428379863,5.89143e-06
130.77,1.0,137.60454110530583,5.93657e-06
130.77,1.0,137.6041015379591,4.528571e-06
130.77,1.0,137.60368518371754,3.723442e-06
130.77,1.0,137.6032605744854,4.106361e-06
130.77,1.0,137.60285655866514,3.574634e-06
130.77,1.0,137.6024423105032,3.380686e-06
130.77,1.0,137.60201150668348,3.451627e-06
130.77,1.0,137.60159505717994,3.134075e-06
130.77,1.0,137.60116689750697,3.06702e-06
130.77,1.0,137.60076246254962,2.323548e-06
130.77,1.0,137.60033938728947,1.44809e-06
130.77,1.0,137.59991285812004,1.618144e-06
130.77,1.0,137.59952515717208,1.512104e-06
130.77,1.0,137.59908817428425,1.82743e-06
130.77,1.0,137.5986625922443,2.1101e-06
130.77,1.0,137.59824683236116,2.476401e-06
130.77,1.0,137.59781675513045,3.191191e-06
130.77,1.0,137.597426531593,3.8125e-06
130.77,1.0,137.59700768778467,4.473986e-06
130.77,1.0,137.59660673345638,5.176829e-06
130.77,1.0,137.59616588023357,5.580427e-06
130.77,1.0,137.59574673505176,5.600596e-06
130.77,1.0,137.59533811104436,5.676338e-06
130.77,1.0,137.59492305475558,5.893075e-06
130.77,1.0,137.5945189262516,6.06243e-06
130.77,1.0,137.59409877768962,6.303017e-06
130.77,1.0,137.59367219112926,6.208458e-06
130.77,1.0,137.59323112882697,5.8078e-06
130.77,1.0,137.59282755973192,5.411654e-06
130.77,1.0,137.59241468412404,5.152004e-06
130.77,1.0,137.59198474120058,5.048889e-06
130.77,1.0,137.59157927933057,4.87495e-06
130.77,1.0,137.59115097407772,5.300317e-06
130.77,1.0,137.590716944707,5.496186e-06
130.77,1.0,137.59032035789517,5.8078e-06
130.77,1.0,137.58989160364553,5.767375e-06
130.77,1.0,137.58950492331198,5.725145e-06
130.77,1.0,137.58905854212583,5.778245e-06
130.77,1.0,137.58864686005285,5.968715e-06
130.77,1.0,137.5882253539521,5.549242e-06
130.77,1.0,137.58779007201463,5.550493e-06
130.77,1.0,137.58740514535995,4.877074e-06
130.77,1.0,137.5869764822713,4.858637e-06
130.77,1.0,137.58657357902112,5.213631e-06
130.77,1.0,137.58614242385877,5.337191e-06
130.77,1.0,137.5857093401073,5.427835e-06
130.77,1.0,137.58530818999574,5.414142e-06
130.77,1.0,137.5848772154566,5.43092e-06
130.77,1.0,137.58449639197215,5.65662e-06
130.77,1.0,137.5840564569748,5.693495e-06
130.77,1.0,137.58363462546853,5.686888e-06
130.77,1.0,137.58321199752424,5.410446e-06
130.77,1.0,137.58277600948958,5.681984e-06
130.77,1.0,137.58237173579306,5.914611e-06
130.77,1.0,137.58196431391056,5.932161e-06
130.77,1.0,137.5815310111732,6.30485e-06
130.77,1.0,137.58112407642105,6.339833e-06
130.77,1.0,137.58069116998612,6.332499e-06
130.77,1.0,137.58025878943727,6.47096e-06
130.77,1.0,137.57985657874343,6.859016e-06
130.77,1.0,137.5794440558874,7.000897e-06
130.77,1.0,137.57901689965428,6.875416e-06
130.77,1.0,137.57861347523047,6.676448e-06
130.77,1.0,137.57818303644845,6.397357e-06
130.77,1.0,137.57776881883,6.222748e-06
130.77,1.0,137.5773640461301,6.272094e-06
130.77,1.0,137.5769509700743,6.143964e-06
130.77,1.0,137.5765217869783,5.7859e-06
130.77,0.0,137.5761190470653,5.431677e-06
130.77,0.0,137.57568932460603,5.752256e-06
130.77,0.0,137.57528134760676,5.723326e-06
130.77,0.0,137.5748541898237,5.866648e-06
130.77,0.0,137.5744694899836,5.892303e-06
130.77,0.0,137.57403929353669,5.949885e-06
130.77,0.0,137.5736003668912,6.176604e-06
130.77,0.0,137.57318652279693,5.626134e-06
130.77,0.0,137.57276016515962,5.442082e-06
130.77,0.0,137.57235463414995,5.697089e-06
130.77,0.0,137.57194440632858,5.935406e-06
130.77,0.0,137.57151514583035,6.072209e-06
130.77,0.0,137.57109946564242,6.13062e-06
130.77,0.0,137.5706768441343,6.176677e-06
130.77,0.0,137.57023728307357,6.276954e-06
130.77,0.0,137.5698354454148,6.249815e-06
130.77,0.0,137.5694146617293,6.161368e-06
130.77,0.0,137.56902171997385,5.796974e-06
130.77,0.0,137.56858063790534,5.911046e-06
130.77,0.0,137.56817530011242,6.025366e-06
130.77,0.0,137.5677341538968,6.041082e-06
130.77,0.0,137.56733659606718,5.999827e-06
130.77,0.0,137.56691671721683,6.012255e-06
130.77,0.0,137.56648896882703,6.222996e-06
130.77,0.0,137.56607597361148,6.25207e-06
130.77,0.0,137.56565399674264,6.332353e-06
130.77,0.0,137.56525394709283,6.273738e-06
130.77,0.0,137.56482243202805,6.2459e-06
130.77,0.0,137.56440831600784,6.23292e-06
130.77,0.0,137.56400307069063,6.36802e-06
130.77,0.0,137.56356045270812,6.546528e-06
130.77,0.0,137.5631587804212,6.7285e-06
130.77,0.0,137.56271913622038,5.99795e-06
130.77,0.0,137.56231694684993,5.994807e-06
130.77,0.0,137.56190017111612,6.178161e-06
130.77,0.0,137.5614677759883,6.356742e-06
130.77,0.0,137.56105067309792,6.005124e-06
130.77,0.0,137.5606269379746,5.801805e-06
130.77,0.0,137.5602261446958,5.96774e-06
130.77,0.0,137.5597878030065,6.277623e-06
130.77,0.0,137.55938132681388,6.342452e-06
130.77,0.0,137.558975468887,6.50833e-06
130.77,0.0,137.55854354533952,6.161514e-06
130.77,0.0,137.55814339511153,5.983457e-06
130.77,0.0,137.5577058398029,6.134462e-06
130.77,0.0,137.55730188820294,5.917886e-06
130.77,0.0,137.55687749101472,5.560767e-06
130.77,0.0,137.55649121385397,5.83478e-06
130.77,0.0,137.5560506741898,6.089758e-06
130.77,0.0,137.5556345675766,6.22822e-06
130.77,0.0,137.55520111633112,6.312359e-06
130.77,0.0,137.55478179576443,6.390968e-06
130.77,0.0,137.55438799160726,6.511254e-06
130.77,0.0,137.5539676627347,6.41722e-06
130.77,0.0,137.5535627446761,6.366972e-06
130.77,0.0,137.55312992018622,6.482034e-06
130.77,0.0,137.55268886626837,6.482325e-06
130.77,0.0,137.5522880904109,6.530798e-06
130.77,0.0,137.55186307012497,6.88406e-06
130.77,0.0,137.5514430773211,7.045746e-06
130.77,0.0,137.5510399951633,7.175156e-06
130.77,0.0,137.55060274280092,7.300434e-06
130.77,0.0,137.55020439035977,7.359413e-06
130.77,0.0,137.54977344932487,7.1494e-06
130.77,0.0,137.5493475845268,7.073293e-06
130.77,0.0,137.54896730342978,6.947477e-06
130.77,0.0,137.54853543138756,6.709874e-06
130.77,0.0,137.54809937822816,6.428352e-06
130.77,0.0,137.54769988967055,6.472023e-06
130.77,0.0,137.54724014310747,6.777322e-06
130.77,0.0,137.54683012681704,7.0112e-06
130.77,0.0,137.5464516851994,6.966089e-06
130.77,0.0,137.5460239042732,6.941758e-06
130.77,0.0,137.54560843586074,7.009861e-06
130.77,0.0,137.54518246624207,7.100112e-06
130.77,0.0,137.54474384625996,7.184441e-06
130.77,0.0,137.54435192937,6.489558e-06
130.77,0.0,137.5439330017496,6.259841e-06
130.77,0.0,137.5435284379605,6.573857e-06
130.77,0.0,137.5430862223054,6.616057e-06
130.77,0.0,137.54265933415252,6.822607e-06
130.77,0.0,137.54224576557283,6.865201e-06
130.77,0.0,137.5418144911604,6.41268e-06
130.77,0.0,137.54140542808844,5.906724e-06
130.77,0.0,137.5410029121912,5.982423e-06
130.77,0.0,137.54056533188933,6.352348e-06
130.77,0.0,137.5401623565885,6.241637e-06
130.77,0.0,137.5397182039997,5.811511e-06
130.77,0.0,137.53931154452818,5.765993e-06
130.77,0.0,137.53889461545106,5.859139e-06
130.77,0.0,137.53850654196322,6.228409e-06
130.77,0.0,137.53806436883437,6.548013e-06
130.77,0.0,137.53765946618685,6.480128e-06
130.77,0.0,137.53722363948123,6.638278e-06
130.77,0.0,137.53681983309764,6.929229e-06
130.77,0.0,137.53640558447898,6.758608e-06
130.77,0.0,137.535985677125,6.460046e-06
130.77,0.0,137.5355871225557,6.283095e-06
130.77,0.0,137.53514512473947,6.688919e-06
130.77,0.0,137.53474030616738,6.578892e-06
130.77,0.0,137.53430892292246,6.35942e-06
130.77,0.0,137.53390068610585,6.237256e-06
130.77,0.0,137.53349833658248,6.690738e-06
130.77,0.0,137.53305923625842,7.037132e-06
130.77,0.0,137.53264851062212,7.256327e-06
130.77,0.0,137.53221663519017,7.325652e-06
130.77,0.0,137.53181185002663,7.148177e-06
130.77,0.0,137.5313871979656,7.221053e-06
130.77,0.0,137.53096364707645,7.003386e-06
130.77,0.0,137.53053952482475,7.228853e-06
130.77,0.0,137.53014168442456,7.046532e-06
130.77,0.0,137.52970030029692,6.794653e-06
130.77,0.0,137.52929648506966,6.914765e-06
130.77,0.0,137.52887215360698,7.081966e-06
130.77,0.0,137.5284865899798,7.190858e-06
130.77,0.0,137.52804790440373,7.2353e-06
130.77,0.0,137.52762506473903,7.035444e-06
130.77,0.0,137.52719987848363,7.216324e-06
130.77,0.0,137.5267941551822,7.274852e-06
130.77,0.0,137.52636809731467,6.948176e-06
130.77,0.0,137.5259831311399,6.874558e-06
130.77,0.0,137.52554649686795,6.578644e-06
130.77,0.0,137.5251131495331,6.320086e-06
130.77,0.0,137.52469949388095,6.224698e-06
130.77,0.0,137.52428173781124,6.648319e-06
130.77,0.0,137.523867529946,6.653776e-06
130.77,0.0,137.5234674130975,6.971663e-06
130.77,0.0,137.52304108210697,7.213705e-06
130.77,0.0,137.522607346525,7.230396e-06
130.77,0.0,137.52216755418544,7.170907e-06
130.77,0.0,137.5217665549535,6.45277e-06
130.77,0.0,137.5213373114125,5.871843e-06
130.77,0.0,137.52093194724296,5.70422e-06
130.77,0.0,137.52053032194627,6.266157e-06
130.77,0.0,137.52009386309706,6.648363e-06
130.77,0.0,137.51966837641203,6.859074e-06
130.77,0.0,137.51925276920144,6.983522e-06
130.77,0.0,137.51884859089003,7.091003e-06
130.77,0.0,137.5184344959223,7.331153e-06
130.77,0.0,137.51800999034455,7.330251e-06
130.77,0.0,137.51759870084166,7.149094e-06
130.77,0.0,137.51717281776283,6.523536e-06
130.77,0.0,137.51674173236415,5.780297e-06
130.77,0.0,137.51634771260376,6.121627e-06
130.77,0.0,137.51592716157919,6.227579e-06
130.77,0.0,137.5155276526227,6.593342e-06
130.77,0.0,137.51509012775634,6.76862e-06
130.77,0.0,137.51468924138638,6.892864e-06
130.77,0.0,137.51424773614343,6.841467e-06
130.77,0.0,137.51384260868346,6.938179e-06
130.77,0.0,137.5134213435156,7.131282e-06
130.77,0.0,137.51300282057073,6.988615e-06
130.77,0.0,137.51260264635184,6.387956e-06
130.77,0.0,137.51216104898904,5.777358e-06
130.77,0.0,137.5117134149076,5.972019e-06
130.77,0.0,137.5113278089957,5.501672e-06
130.77,0.0,137.51089655419793,5.688256e-06
130.77,0.0,137.51051297109632,5.833179e-06
130.77,0.0,137.5100747016036,6.139177e-06
130.77,0.0,137.50963736424129,6.159418e-06
130.77,0.0,137.50924218480986,6.460381e-06
130.77,0.0,137.50880765726822,6.478585e-06
130.77,0.0,137.5083961389114,6.301678e-06
130.77,0.0,137.5079891041915,5.678434e-06
130.77,0.0,137.50757920022753,5.46794e-06
130.77,0.0,137.50715016473907,5.637878e-06
130.77,0.0,137.50671376033267,5.967231e-06
130.77,0.0,137.50631385460338,6.297138e-06
130.77,0.0,137.5059028752889,6.642193e-06
130.77,0.0,137.5055022145727,6.751361e-06
130.77,0.0,137.50505846808102,6.678398e-06
130.77,0.0,137.5046547687672,6.559363e-06
130.77,0.0,137.50421161475424,6.677321e-06
130.77,0.0,137.5038082850011,6.60868e-06
130.77,0.0,137.50338434411222,6.538976e-06
130.77,0.0,137.50296049069453,6.055823e-06
130.77,0.0,137.50255377195083,5.935435e-06
130.77,0.0,137.5021141907081,5.456954e-06
130.77,0.0,137.50171205010537,5.805952e-06
130.77,0.0,137.50127187334257,6.081173e-06
130.77,0.0,137.50086704786708,6.158036e-06
130.77,0.0,137.5004611912049,6.382281e-06
130.77,0.0,137.50003030641628,6.508839e-06
130.77,0.0,137.49962812037407,6.539995e-06
130.77,0.0,137.4991884080744,6.352202e-06
130.77,0.0,137.4987847943271,6.276925e-06
130.77,0.0,137.4983588424341,6.339382e-06
130.77,0.0,137.49797311649354,6.295741e-06
130.77,0.0,137.49753935847522,5.893773e-06
130.77,0.0,137.49714189226194,6.281552e-06
130.77,0.0,137.49670465479298,6.159389e-06
130.77,0.0,137.4962632075673,6.455884e-06
130.77,0.0,137.4958836866721,6.571354e-06
130.77,0.0,137.49545799564288,6.598202e-06
130.77,0.0,137.49500481631233,6.886214e-06
130.77,0.0,137.4946189604511,6.696442e-06
130.77,0.0,137.494180538289,6.831222e-06
130.77,0.0,137.4937698485324,6.896764e-06
130.77,0.0,137.49336604605594,6.90273e-06
130.77,0.0,137.49292775958043,6.804054e-06
130.77,0.0,137.4925231977023,6.749906e-06
130.77,0.0,137.492109600077,6.20044e-06
130.77,0.0,137.49166310239158,6.130314e-06
130.77,0.0,137.49125126584713,5.854687e-06
130.77,0.0,137.49084820148192,6.104063e-06
130.77,0.0,137.4904346586578,6.13615e-06
130.77,0.0,137.490006514773,6.349263e-06
130.77,0.0,137.48959136501483,6.647693e-06
130.77,0.0,137.48917701232813,6.577306e-06
130.77,0.0,137.48876495487346,6.672723e-06
130.77,0.0,137.48832728012025,6.647722e-06
130.77,0.0,137.48792967330206,6.43167e-06
130.77,0.0,137.48752604215088,6.417133e-06
130.77,0.0,137.4870795922848,6.389382e-06
130.77,0.0,137.4866733362944,6.249495e-06
130.77,0.0,137.48623220560654,6.077898e-06
130.77,0.0,137.48583646913272,5.48159e-06
130.77,0.0,137.48540701547523,5.781942e-06
130.77,0.0,137.4850116889796,5.974405e-06
130.77,0.0,137.4845807926362,5.987269e-06
130.77,0.0,137.4841525440856,5.950846e-06
130.77,0.0,137.48375099644335,6.130271e-06
130.77,0.0,137.4833176136505,6.080911e-06
130.77,0.0,137.48290780763122,6.07835e-06
130.77,0.0,137.4824894872325,6.335409e-06
130.77,0.0,137.4820560093161,6.493356e-06
130.77,0.0,137.48164062242313,6.697897e-06
130.77,0.0,137.48120404396462,6.582486e-06
130.77,0.0,137.48080819914787,6.432834e-06
130.77,0.0,137.4803754220026,6.079295e-06
130.77,0.0,137.47998198416138,5.815557e-06
130.77,0.0,137.4795532198256,5.96662e-06
130.77,0.0,137.47913775513237,6.079572e-06
130.77,0.0,137.47873171303934,6.197588e-06
130.77,0.0,137.4783019293779,6.384522e-06
130.77,0.0,137.4778753469658,6.375849e-06
130.77,0.0,137.47748637232183,6.391871e-06
130.77,0.0,137.47706110175818,6.634291e-06
130.77,0.0,137.47663225577858,6.763657e-06
130.77,0.0,137.4762095241875,6.478149e-06
130.77,0.0,137.47581556975905,6.428701e-06
130.77,0.0,137.47538598132834,6.413436e-06
130.77,0.0,137.4749911497927,6.561662e-06
130.77,0.0,137.47455764507416,6.510512e-06
130.77,0.0,137.47413394062247,6.501461e-06
130.77,0.0,137.4737110948443,6.219125e-06
130.77,0.0,137.47331009103868,6.041388e-06
130.77,0.0,137.4728827207166,6.441041e-06
130.77,0.0,137.47244901249218,6.842689e-06
130.77,0.0,137.4720493934065,6.97418e-06
130.77,0.0,137.4716238129679,6.787755e-06
130.77,0.0,137.47118048782056,6.649963e-06
130.77,0.0,137.47076678990234,6.589238e-06
130.77,0.0,137.47037063187096,6.545699e-06
130.77,0.0,137.46993566310397,6.75772e-06
130.77,0.0,137.4695408673921,7.055321e-06
130.77,0.0,137.4691150908196,7.021314e-06
130.77,0.0,137.46869220126192,6.774964e-06
130.77,0.0,137.46828919037094,6.24462e-06
130.77,0.0,137.46786136463498,6.690039e-06
130.77,0.0,137.4674322028945,6.590242e-06
130.77,0.0,137.46703472060625,6.768299e-06
130.77,0.0,137.46660939312932,7.064562e-06
130.77,0.0,137.4661824532171,6.985749e-06
130.77,0.0,137.46576195601108,7.052484e-06
130.77,0.0,137.4653455306941,7.021983e-06
130.77,0.0,137.46495154615806,7.256895e-06
130.77,0.0,137.46452223588977,7.593233e-06
130.77,0.0,137.4640938831714,7.682975e-06
130.77,0.0,137.46367329862696,7.656214e-06
130.77,0.0,137.46327003897082,7.519498e-06
130.77,0.0,137.46284451413646,7.053735e-06
130.77,0.0,137.46241718495986,6.772054e-06
130.77,0.0,137.46198665275557,6.157949e-06
130.77,0.0,137.4615855949688,6.033733e-06
130.77,0.0,137.46113750288768,6.295901e-06
130.77,0.0,137.4607363537349,6.543443e-06
130.77,0.0,137.4603042101764,6.909613e-06
130.77,0.0,137.45991375563491,7.076145e-06
130.77,0.0,137.45948659894407,6.862771e-06
130.77,0.0,137.4590852889756,6.647519e-06
130.77,0.0,137.4586449160328,6.671966e-06
130.77,0.0,137.45823611725802,6.709859e-06
130.77,0.0,137.45779275760873,6.593371e-06
130.77,0.0,137.4574115731018,6.505798e-06
130.77,0.0,137.45700852574913,6.286136e-06
130.77,0.0,137.4565824298795,6.194605e-06
130.77,0.0,137.45616335382738,5.876762e-06
130.77,0.0,137.45573947707007,5.784997e-06
130.77,0.0,137.4553133493217,6.39139e-06
130.77,0.0,137.45491728456344,6.646864e-06
130.77,0.0,137.45448535608358,7.049966e-06
130.77,0.0,137.45408173809668,6.723625e-06
130.77,0.0,137.4536629732416,6.790637e-06
130.77,0.0,137.4532163491095,6.843358e-06
130.77,0.0,137.4528090256467,7.170209e-06
130.77,0.0,137.45239856085433,7.435199e-06
130.77,0.0,137.4519845974616,6.848655e-06
130.77,0.0,137.45155420401701,6.292932e-06
130.77,0.0,137.4511420682256,5.828973e-06
130.77,0.0,137.45070467389053,6.375063e-06
130.77,0.0,137.45030418261385,6.289614e-06
130.77,0.0,137.44986756184136,6.613031e-06
130.77,0.0,137.44947710032125,6.477378e-06
130.77,0.0,137.4490317304359,6.600443e-06
130.77,0.0,137.44861753079326,6.057293e-06
130.77,0.0,137.4482015338291,5.599955e-06
130.77,0.0,137.44780013298472,5.78539e-06
130.77,0.0,137.44737093323775,6.053291e-06
130.77,0.0,137.44697536051666,6.212329e-06
130.77,0.0,137.44654573328074,6.084374e-06
130.77,0.0,137.44613694428523,5.522743e-06
130.77,0.0,137.44568441233776,5.735463e-06
130.77,0.0,137.44530116632967,5.710652e-06
130.77,0.0,137.44486863357997,5.948255e-06
130.77,0.0,137.44447267546693,5.93903e-06
130.77,0.0,137.44405827327168,6.076763e-06
130.77,0.0,137.4436146631332,6.28733e-06
130.77,0.0,137.44320227048908,6.258066e-06
130.77,0.0,137.44277000207785,6.47355e-06
130.77,0.0,137.4423522792789,6.499977e-06
130.77,0.0,137.44194462024907,6.63953e-06
130.77,0.0,137.44151579322,6.635993e-06
130.77,0.0,137.44110528739003,6.51092e-06
130.77,0.0,137.44066638929473,6.265007e-06
130.77,0.0,137.44023988199754,6.2006e-06
130.77,0.0,137.43982831194975,5.705951e-06
130.77,0.0,137.4394204333119,5.668553e-06
130.77,0.0,137.4390337771843,5.943744e-06
130.77,0.0,137.4385954528052,5.990834e-06
130.77,0.0,137.4381827136241,6.274699e-06
130.77,0.0,137.43775285347274,6.392933e-06
130.77,0.0,137.43735702323625,6.445334e-06
130.77,0.0,137.4369245133106,6.592672e-06
130.77,0.0,137.43652895871054,6.695147e-06
130.77,0.0,137.43610091887453,6.599192e-06
130.77,0.0,137.4356825231249,6.747825e-06
130.77,0.0,137.435255246199,7.01395e-06
130.77,0.0,137.43484237932626,6.891991e-06
130.77,0.0,137.43442252973063,6.740418e-06
130.77,0.0,137.4340161891455,7.019713e-06
130.77,0.0,137.43358761132447,6.965667e-06
130.77,0.0,137.43317108252884,7.064737e-06
130.77,0.0,137.4327332136197,7.092545e-06
130.77,0.0,137.4323207672318,7.186114e-06
130.77,0.0,137.43190314494743,6.794115e-06
130.77,0.0,137.43151145243797,6.786591e-06
130.77,0.0,137.43108007728696,6.617935e-06
130.77,0.0,137.43066199187402,6.771588e-06
130.77,0.0,137.4302243767919,6.23551e-06
130.77,0.0,137.42982708357263,6.088841e-06
130.77,0.0,137.4293956209079,5.813359e-06
130.77,0.0,137.42900192384934,6.20955e-06
130.77,0.0,137.42856711227157,6.378745e-06
130.77,0.0,137.42815017723655,6.04018e-06
130.77,0.0,137.42773788003433,6.077986e-06
130.77,0.0,137.42729064347668,6.236398e-06
130.77,0.0,137.42691355655256,6.112474e-06
130.77,0.0,137.4264668602765,5.483074e-06
130.77,0.0,137.42608238030095,5.108959e-06
130.77,0.0,137.42564277003493,4.429181e-06
130.77,0.0,137.42523434292553,4.922185e-06
130.77,0.0,137.42480588550896,5.357302e-06
130.77,0.0,137.42439681186673,3.909779e-06
130.77,0.0,137.4239868800381,4.773858e-06
130.77,0.0,137.4235569312162,2.881032e-06
130.77,0.0,137.42314133159093,2.34264e-06
130.77,0.0,137.42269844234448,2.547138e-06
130.77,0.0,137.4222717189339,3.47248e-06
130.77,0.0,137.42185934275403,4.105314e-06
130.77,0.0,137.4214574771391,4.275789e-06
130.77,0.0,137.4210415837017,4.879301e-06
130.77,0.0,137.4206132640257,5.32101e-06
130.77,0.0,137.4201945884459,5.420807e-06
130.77,0.0,137.41979253860936,5.449809e-06
130.77,0.0,137.4193662839283,5.370268e-06
130.77,0.0,137.41896593944568,5.560258e-06
130.77,0.0,137.41853709851966,6.028713e-06
130.77,0.0,137.41811451138068,6.069502e-06
130.77,0.0,137.41769385843892,6.236369e-06
130.77,0.0,137.41729352016574,6.301838e-06
130.77,0.0,137.4168620005211,6.199014e-06
130.77,0.0,137.41646907478207,6.593429e-06
130.77,0.0,137.41604611112422,6.79295e-06
130.77,0.0,137.41562709033468,6.311107e-06
130.77,0.0,137.41520751688,5.984082e-06
130.77,0.0,137.41477486103625,5.282927e-06
130.77,0.0,137.41437029925427,4.928384e-06
130.77,0.0,137.41395047235793,3.427907e-06
130.77,0.0,137.41354312249211,1.213964e-06
130.77,0.0,137.41311641129778,1.3057e-06
130.77,0.0,137.41267856609898,1.776527e-06
130.77,0.0,137.41227568057542,1.318098e-06
130.77,0.0,137.41184401455527,2.026442e-06
130.77,0.0,137.41144486711752,2.522778e-06
130.77,0.0,137.41102061997069,2.767367e-06
130.77,0.0,137.4105923393951,1.366585e-06
130.77,0.0,137.41017687394142,1.420529e-06
130.77,0.0,137.4097358832351,2.776243e-06
130.77,0.0,137.409339035897,3.866138e-06
130.77,0.0,137.40893324240693,2.864341e-06
130.77,0.0,137.40851345211175,2.695175e-06
130.77,0.0,137.40810488332195,3.312627e-06
130.77,0.0,137.4076635527436,4.389716e-06
130.77,0.0,137.40725668612268,4.273315e-06
130.77,0.0,137.4068240203738,4.077781e-06
130.77,0.0,137.40642890300305,4.397458e-06
130.77,0.0,137.4060021709699,4.425805e-06
130.77,0.0,137.40557426746548,5.321213e-06
130.77,1.0,137.40517510755333,5.26302e-06
130.77,1.0,137.40473535819137,4.138841e-06
130.77,1.0,137.40434081755265,4.907997e-06
130.77,1.0,137.4039112063237,4.48167e-06
130.77,1.0,137.4035203159156,3.439985e-06
130.77,1.0,137.40308272435544,4.304849e-06
130.77,1.0,137.40264394284958,4.681322e-06
130.77,1.0,137.4022333471794,4.488043e-06
130.77,1.0,137.4018060313305,4.02148e-06
130.77,1.0,137.40137392585567,4.398244e-06
130.77,1.0,137.40098340019335,4.362329e-06
130.77,1.0,137.40055470983708,2.969318e-06
130.77,1.0,137.40014337363965,1.320033e-06
130.77,1.0,137.39970522840852,1.425651e-06
130.77,1.0,137.39930814385275,2.37253e-06
130.77,1.0,137.39886686223494,4.40306e-06
130.77,1.0,137.39848078822655,4.768081e-06
130.77,1.0,137.39805367809774,4.24977e-06
130.77,1.0,137.39764130468856,3.462861e-06
130.77,1.0,137.39720930658626,2.720291e-06
130.77,1.0,137.39681007387978,4.250629e-06
130.77,1.0,137.39636935945282,4.445028e-06
130.77,1.0,137.3959868379636,4.409361e-06
130.77,1.0,137.39555573122587,4.535948e-06
130.77,1.0,137.39514322551966,5.237103e-06
130.77,1.0,137.39473398600458,4.795205e-06
130.77,1.0,137.39430163519603,3.690686e-06
130.77,1.0,137.39388587506284,3.82062e-06
130.77,1.0,137.39347851086356,4.922491e-06
130.77,1.0,137.39305069777146,4.954098e-06
130.77,1.0,137.39263014810768,4.829781e-06
130.77,1.0,137.39219677390605,5.039416e-06
130.77,1.0,137.3917935623485,4.301852e-06
130.77,1.0,137.3913623316109,4.484697e-06
130.77,1.0,137.3909689571391,3.824331e-06
130.77,1.0,137.39053775059992,3.217952e-06
130.77,1.0,137.3901273808989,3.560417e-06
130.77,1.0,137.38967982702076,4.266927e-06
130.77,1.0,137.38929108006383,4.887144e-06
130.77,1.0,137.3888593351154,3.339344e-06
130.77,1.0,137.3884537199826,2.108442e-06
130.77,1.0,137.38802758553697,2.054119e-06
130.77,1.0,137.38762269572328,2.004468e-06
130.77,1.0,137.3871816447473,1.526758e-06
130.77,1.0,137.3867755174249,5.329202e-07
130.77,1.0,137.38634312512485,6.29283e-07
130.77,1.0,137.38595008028042,7.319759e-07
130.77,1.0,137.38552363081476,5.246984e-07
130.77,1.0,137.38511644124736,4.860049e-07
130.77,1.0,137.38467732988516,5.859911e-07
130.77,1.0,137.38427287927112,1.553373e-06
130.77,1.0,137.38384325750062,2.077039e-06
130.77,1.0,137.38344348229973,2.322282e-06
130.77,1.0,137.38302064257658,3.242763e-06
130.77,1.0,137.38257943854276,2.691042e-06
130.77,1.0,137.38216074949105,1.218461e-06
130.77,1.0,137.38173419967762,5.9171e-07
130.77,1.0,137.38133882278998,4.859612e-07
130.77,1.0,137.38090731508748,5.856709e-07
130.77,1.0,137.380516362895,9.068899e-07
130.77,1.0,137.38007565618977,1.907058e-06
130.77,1.0,137.37965543539985,2.968402e-06
130.77,1.0,137.3792275078534,3.381545e-06
130.77,1.0,137.37882788030686,2.552741e-06
130.77,1.0,137.37838818895992,1.154229e-06
130.77,1.0,137.37800311702733,8.733041e-07
130.77,1.0,137.37757125449448,1.252381e-06
130.77,1.0,137.37715649655885,2.269502e-06
130.77,1.0,137.37673120163635,2.09095e-06
130.77,0.0,137.3763200955605,2.439687e-06
130.77,0.0,137.37592486327347,2.808854e-06
130.77,0.0,137.37549548158665,2.519155e-06
130.77,0.0,137.37509040702736,3.614696e-08
130.77,0.0,137.37465032176723,1.935405e-08
130.77,0.0,137.37424109008734,9.284122e-09
130.77,0.0,137.37380988752415,6.693881e-09
130.77,0.0,137.37341925946924,5.486072e-09
130.77,0.0,137.37298793784555,9.313226e-09
130.77,0.0,137.37253973114554,4.729372e-09
130.77,0.0,137.3721437262524,-1.44064e-09
130.77,0.0,137.37171904719162,8.192728e-09
130.77,0.0,137.3713045261891,6.970367e-09
130.77,0.0,137.3708914601264,9.618816e-09
130.77,0.0,137.3704911676165,3.929017e-10
130.77,0.0,137.37006145294092,5.573384e-09
130.77,0.0,137.36963771690873,7.130438e-10
130.77,0.0,137.36920263119694,4.976755e-09
130.77,0.0,137.3687992196237,-1.891749e-10
130.77,0.0,137.36837466894747,5.602487e-09
140.27,0.0,138.3207578125,2.639249e-05
140.27,0.0,138.32072701257894,1.100256e-06
140.27,0.0,138.32060975105412,1.583045e-06
140.27,0.0,138.32048117912353,1.909139e-06
140.27,0.0,138.3202776459003,2.163957e-06
140.27,0.0,138.32005869362234,2.364395e-06
140.27,0.0,138.31979318698083,1.615859e-06
140.27,0.0,138.31951782062174,4.822941e-07
140.27,0.0,138.31915715408667,6.293412e-07
140.27,0.0,138.318759676736,8.735806e-07
140.27,0.0,138.31835572669786,5.161273e-07
140.27,0.0,138.3179415885113,5.426264e-07
140.27,0.0,138.31754199330967,7.871713e-07
140.27,0.0,138.31710409546616,9.705109e-07
140.27,0.0,138.31669992606183,1.083012e-06
140.27,0.0,138.31625526969202,1.32047e-06
140.27,0.0,138.31585258773939,1.74313e-06
140.27,0.0,138.3154246721842,2.254732e-06
140.27,0.0,138.31501683452385,2.554472e-06
140.27,0.0,138.31460886963396,2.756991e-06
140.27,0.0,138.3141765515842,2.71028e-06
140.27,0.0,138.31377701023635,2.506829e-06
140.27,0.0,138.31335727196821,2.604545e-06
140.27,0.0,138.3129271597918,2.947607e-06
140.27,0.0,138.31250396029188,2.85446e-06
140.27,0.0,138.31210221460643,2.691057e-06
140.27,0.0,138.31165436931553,2.530564e-06
140.27,0.0,138.31125544877386,2.12896e-06
140.27,0.0,138.31082429932607,1.972672e-06
140.27,0.0,138.31041069612456,2.248271e-06
140.27,0.0,138.31000507111625,2.85884e-06
140.27,0.0,138.30958639937515,3.093766e-06
140.27,0.0,138.30915489043326,3.255569e-06
140.27,0.0,138.30875331276872,3.537032e-06
140.27,0.0,138.3083094397653,3.784124e-06
140.27,0.0,138.30789645486303,3.918947e-06
140.27,0.0,138.30751602677844,3.783745e-06
140.27,0.0,138.30707276943104,3.576846e-06
140.27,0.0,138.3066576875778,3.513487e-06
140.27,0.0,138.30622866190797,3.43936e-06
140.27,0.0,138.30582638547563,2.941189e-06
140.27,0.0,138.3054120977457,2.592977e-06
140.27,0.0,138.3049833675917,2.942616e-06
140.27,0.0,138.3045782654793,3.479072e-06
140.27,0.0,138.30413660310793,3.647976e-06
140.27,0.0,138.30373627464175,3.493566e-06
140.27,0.0,138.30330874378478,3.347406e-06
140.27,0.0,138.30288433537774,3.365931e-06
140.27,0.0,138.30244741364427,3.66084e-06
140.27,0.0,138.3020603242734,3.8445e-06
140.27,0.0,138.30161523572437,3.829933e-06
140.27,0.0,138.30122252814002,3.640554e-06
140.27,0.0,138.3007817815419,3.893714e-06
140.27,0.0,138.30036237496964,3.434732e-06
140.27,0.0,138.29997110342518,3.028574e-06
140.27,0.0,138.29953586877562,2.802408e-06
140.27,0.0,138.2991345836683,2.943867e-06
140.27,0.0,138.29869502543764,3.369816e-06
140.27,0.0,138.29829137001477,3.488924e-06
140.27,0.0,138.29787035563848,3.291701e-06
140.27,0.0,138.29748693686327,3.597772e-06
140.27,0.0,138.2970499773889,3.815134e-06
140.27,0.0,138.29662751114063,3.547859e-06
140.27,0.0,138.2962043678949,3.660229e-06
140.27,0.0,138.29579981093187,4.034708e-06
140.27,0.0,138.29537648639368,4.16486e-06
140.27,0.0,138.29495635541872,4.15984e-06
140.27,0.0,138.29455765003922,4.11323e-06
140.27,0.0,138.2941170994459,3.951674e-06
140.27,0.0,138.293715049128,3.643858e-06
140.27,0.0,138.29327197306267,3.308727e-06
140.27,0.0,138.29286344603167,3.431196e-06
140.27,0.0,138.2924484175716,3.872425e-06
140.27,0.0,138.29202506634206,3.867797e-06
140.27,0.0,138.29162700120455,3.765541e-06
140.27,0.0,138.29119897332768,3.877518e-06
140.27,0.0,138.29075777144175,3.790134e-06
140.27,0.0,138.2903575528943,3.466674e-06
140.27,0.0,138.28992914539094,3.645808e-06
140.27,0.0,138.28951824636314,3.6048e-06
140.27,0.0,138.2891180287601,3.548557e-06
140.27,0.0,138.28867740638717,3.921261e-06
140.27,0.0,138.28827344986215,3.866924e-06
140.27,0.0,138.28784841373326,3.678477e-06
140.27,0.0,138.28743314577244,3.799243e-06
140.27,0.0,138.28702854680327,3.424619e-06
140.27,0.0,138.28658466225284,3.242458e-06
140.27,0.0,138.28618078416687,3.188703e-06
140.27,0.0,138.2857428450894,3.319554e-06
140.27,0.0,138.28535138250328,3.462497e-06
140.27,0.0,138.28492050646346,3.477689e-06
140.27,0.0,138.2845298887218,3.598107e-06
140.27,0.0,138.2840940154951,3.679233e-06
140.27,0.0,138.2836485189648,3.451001e-06
140.27,0.0,138.28325231407595,3.480294e-06
140.27,0.0,138.28280820313373,3.374182e-06
140.27,0.0,138.28240472868902,3.531342e-06
140.27,0.0,138.28197790157867,3.277004e-06
140.27,0.0,138.28158115154974,3.451714e-06
140.27,0.0,138.28114135233878,3.252397e-06
140.27,0.0,138.28073643226455,3.595589e-06
140.27,0.0,138.28030054455797,3.342589e-06
140.27,0.0,138.27989182612689,3.641151e-06
140.27,0.0,138.27948533755435,3.249239e-06
140.27,0.0,138.27904904288096,3.397567e-06
140.27,0.0,138.27864891477168,2.780667e-06
140.27,0.0,138.27821405567926,3.198831e-06
140.27,0.0,138.27781594110363,2.848741e-06
140.27,0.0,138.27738671510883,2.940084e-06
140.27,0.0,138.2770037235932,3.145818e-06
140.27,0.0,138.27656520288963,2.748726e-06
140.27,0.0,138.27616685599074,2.97869e-06
140.27,0.0,138.2757256787167,2.801127e-06
140.27,0.0,138.2752953589545,3.135312e-06
140.27,0.0,138.2748900365986,3.166046e-06
140.27,0.0,138.27448354064197,3.37763e-06
140.27,0.0,138.2740555321331,3.434703e-06
140.27,0.0,138.27365197233055,3.07562e-06
140.27,0.0,138.27321210680907,3.322173e-06
140.27,0.0,138.27280689363045,3.044668e-06
140.27,0.0,138.27238521234742,3.19512e-06
140.27,0.0,138.27196342484072,3.014153e-06
140.27,0.0,138.27155906920717,3.316978e-06
140.27,0.0,138.27111665980763,3.136418e-06
140.27,0.0,138.2707188027393,3.651774e-06
140.27,0.0,138.2702837492511,3.153196e-06
140.27,0.0,138.26987996048888,3.418099e-06
140.27,0.0,138.26947105332752,3.111665e-06
140.27,0.0,138.2690342718363,3.351393e-06
140.27,0.0,138.26862346721163,3.158915e-06
140.27,0.0,138.26818736022526,2.983594e-06
140.27,0.0,138.26776422465176,3.196823e-06
140.27,0.0,138.26737906940198,3.258334e-06
140.27,0.0,138.26694875168081,3.469933e-06
140.27,0.0,138.266549929886,3.54783e-06
140.27,0.0,138.26611655579086,3.054622e-06
140.27,0.0,138.26568776509436,3.273206e-06
140.27,0.0,138.2652803623072,2.829795e-06
140.27,0.0,138.26485635647506,2.99493e-06
140.27,0.0,138.26444157170735,2.762448e-06
140.27,0.0,138.26403874118813,2.961344e-06
140.27,0.0,138.26359638033202,2.766188e-06
140.27,0.0,138.26319249148932,2.565968e-06
140.27,0.0,138.26275423494738,2.770234e-06
140.27,0.0,138.26235252962869,2.617206e-06
140.27,0.0,138.26193339886376,2.999004e-06
140.27,0.0,138.26150847561883,2.668719e-06
140.27,0.0,138.2611061055613,2.902758e-06
140.27,0.0,138.26066422188867,2.379413e-06
140.27,0.0,138.26024253529604,2.757064e-06
140.27,0.0,138.2598342521378,2.32672e-06
140.27,0.0,138.2594221786059,2.72147e-06
140.27,0.0,138.25902488222198,2.732151e-06
140.27,0.0,138.25858369901474,2.965986e-06
140.27,0.0,138.25818043542625,3.289635e-06
140.27,0.0,138.25774350723455,2.595567e-06
140.27,0.0,138.25733978458098,2.651563e-06
140.27,0.0,138.25692814719426,3.28671e-06
140.27,0.0,138.25650028798205,2.941248e-06
140.27,0.0,138.25609796973782,3.252717e-06
140.27,0.0,138.2556688145264,2.893546e-06
140.27,0.0,138.25525430771324,3.274719e-06
140.27,0.0,138.2548374416659,3.030858e-06
140.27,0.0,138.25442740622213,3.376088e-06
140.27,0.0,138.25402600312853,2.980276e-06
140.27,0.0,138.2535876516036,3.056106e-06
140.27,0.0,138.2531498159248,3.047535e-06
140.27,0.0,138.25274702971092,2.979185e-06
140.27,0.0,138.25229174868488,3.159832e-06
140.27,0.0,138.2519045983227,2.925546e-06
140.27,0.0,138.25148841037853,3.218825e-06
140.27,0.0,138.25106304849385,2.87767e-06
140.27,0.0,138.25065854828884,3.27958e-06
140.27,0.0,138.25022275379277,2.776214e-06
140.27,0.0,138.24982083703952,3.071342e-06
140.27,0.0,138.24940622701607,2.872344e-06
140.27,0.0,138.2489821359235,2.991175e-06
140.27,0.0,138.24857885680845,3.132664e-06
140.27,0.0,138.2481366210929,2.923727e-06
140.27,0.0,138.24773301639416,3.103705e-06
140.27,0.0,138.24729791892818,3.116118e-06
140.27,0.0,138.24689136692277,2.837347e-06
140.27,0.0,138.2464913526049,3.0472e-06
140.27,0.0,138.246051195541,2.968532e-06
140.27,0.0,138.24564992459352,3.198671e-06
140.27,0.0,138.24520798371722,3.050751e-06
140.27,0.0,138.244802856857,2.891378e-06
140.27,0.0,138.24438817849594,2.613975e-06
140.27,0.0,138.24396862445036,2.51233e-06
140.27,0.0,138.24356615217084,2.68704e-06
140.27,0.0,138.243123754132,2.308778e-06
140.27,0.0,138.2426916018196,2.741392e-06
140.27,0.0,138.2422810972313,2.465589e-06
140.27,0.0,138.24184206256737,2.857254e-06
140.27,0.0,138.24146760801406,2.632762e-06
140.27,0.0,138.24103387396215,2.725064e-06
140.27,0.0,138.240596176327,2.842775e-06
140.27,0.0,138.240197872427,2.542612e-06
140.27,0.0,138.23975772717375,2.864472e-06
140.27,0.0,138.2393635121094,2.454937e-06
140.27,0.0,138.2389541407643,2.821122e-06
140.27,0.0,138.23852428215298,2.670684e-06
140.27,0.0,138.23811209794113,2.941873e-06
140.27,0.0,138.2376883694527,2.951885e-06
140.27,0.0,138.23728513493182,2.870947e-06
140.27,0.0,138.23686022806896,3.060966e-06
140.27,0.0,138.2364431180032,3.324283e-06
140.27,0.0,138.2360433887128,3.297988e-06
140.27,0.0,138.23560351809988,3.380468e-06
140.27,0.0,138.235202489597,3.013512e-06
140.27,0.0,138.23475958424385,3.045279e-06
140.27,0.0,138.23436235480546,2.681103e-06
140.27,0.0,138.23395377587875,2.502158e-06
140.27,0.0,138.23352383026503,2.73966e-06
140.27,0.0,138.23312208011734,2.422603e-06
140.27,0.0,138.23267566132174,2.835848e-06
140.27,0.0,138.23224329986976,2.584115e-06
140.27,0.0,138.2318411927555,2.780507e-06
140.27,0.0,138.23142345469526,2.74858e-06
140.27,0.0,138.23102776517084,2.677974e-06
140.27,0.0,138.2305942901977,2.900415e-06
140.27,0.0,138.23016621862328,2.456742e-06
140.27,0.0,138.2297483228648,2.747984e-06
140.27,0.0,138.22931967380154,2.218992e-06
140.27,0.0,138.2289362275386,2.544635e-06
140.27,0.0,138.2285109143158,2.657936e-06
140.27,0.0,138.22807266882762,2.415734e-06
140.27,0.0,138.22767054048217,2.711997e-06
140.27,0.0,138.22722919240005,2.555113e-06
140.27,0.0,138.22682994795585,2.630797e-06
140.27,0.0,138.2264099196113,2.571294e-06
140.27,0.0,138.22601834987535,2.374567e-06
140.27,0.0,138.2255768179826,2.349072e-06
140.27,0.0,138.2251627571061,2.611661e-06
140.27,0.0,138.2247346454556,2.337212e-06
140.27,0.0,138.2243307209149,2.564557e-06
140.27,0.0,138.2239143239113,2.418863e-06
140.27,0.0,138.22348486148948,1.981913e-06
140.27,0.0,138.22307916526955,2.191504e-06
140.27,0.0,138.22263504076463,1.748325e-06
140.27,0.0,138.22223020705215,2.036322e-06
140.27,0.0,138.2217905502424,1.818844e-06
140.27,0.0,138.2213820649348,1.868233e-06
140.27,0.0,138.2209764200267,2.270928e-06
140.27,0.0,138.22053780349654,1.683031e-06
140.27,0.0,138.22013669064032,1.885011e-06
140.27,0.0,138.21970357217538,1.784618e-06
140.27,0.0,138.2193013753764,1.554348e-06
140.27,0.0,138.21887429509457,1.918233e-06
140.27,0.0,138.21848981639496,1.531749e-06
140.27,0.0,138.2180528254585,1.615437e-06
140.27,0.0,138.2176331349064,1.777546e-06
140.27,0.0,138.21720106092545,1.47066e-06
140.27,0.0,138.2167805613894,1.691325e-06
140.27,0.0,138.21639671904884,1.591485e-06
140.27,0.0,138.21597040713397,1.553621e-06
140.27,0.0,138.2155648659633,1.517765e-06
140.27,0.0,138.21513193684254,1.60285e-06
140.27,0.0,138.2147047968874,1.414941e-06
140.27,0.0,138.21430601666728,1.341759e-06
140.27,0.0,138.21387654913272,1.478518e-06
140.27,0.0,138.21345567794322,1.363354e-06
140.27,0.0,138.2130532354174,1.412744e-06
140.27,0.0,138.2126161978427,1.343506e-06
140.27,0.0,138.21221652503948,1.129913e-06
140.27,0.0,138.2117851657445,1.394132e-06
140.27,0.0,138.2113564655333,1.225038e-06
140.27,0.0,138.21093869200882,1.204055e-06
140.27,0.0,138.2105352585941,1.350068e-06
140.27,0.0,138.2101151846783,1.12156e-06
140.27,0.0,138.20969150605936,1.430482e-06
140.27,0.0,138.20925348095406,1.182387e-06
140.27,0.0,138.20886738699193,1.032851e-06
140.27,0.0,138.20842437718682,1.267661e-06
140.27,0.0,138.20801015712374,1.230816e-06
140.27,0.0,138.2076096188015,1.410357e-06
140.27,0.0,138.2071696647789,1.380846e-06
140.27,0.0,138.20677059508884,1.183857e-06
140.27,0.0,138.206343317167,1.471679e-06
140.27,0.0,138.205927384525,1.257649e-06
140.27,0.0,138.20551951638075,1.259934e-06
140.27,0.0,138.20510901894505,1.517939e-06
140.27,0.0,138.20467098447367,1.427499e-06
140.27,0.0,138.20427320053744,1.530891e-06
140.27,0.0,138.20384670900606,1.642475e-06
140.27,0.0,138.20342224933137,1.610868e-06
140.27,0.0,138.2029955631079,1.478824e-06
140.27,0.0,138.20259187705648,1.469161e-06
140.27,0.0,138.2021452646148,1.310065e-06
140.27,0.0,138.2017173964768,1.287364e-06
140.27,0.0,138.2013032703805,1.389446e-06
140.27,0.0,138.20090146914424,1.130946e-06
140.27,0.0,138.20047753011977,1.157925e-06
140.27,0.0,138.2000819558481,1.091525e-06
140.27,0.0,138.19964055147258,9.811774e-07
140.27,0.0,138.19924104971273,1.263732e-06
140.27,0.0,138.19881166924603,1.065127e-06
140.27,0.0,138.19840325741256,1.188411e-06
140.27,0.0,138.19799909758885,1.311637e-06
140.27,0.0,138.19756011699656,1.109889e-06
140.27,0.0,138.1971583107791,1.420456e-06
140.27,0.0,138.1967255682016,1.205932e-06
140.27,0.0,138.19633072162412,1.319946e-06
140.27,0.0,138.19589851511074,1.526481e-06
140.27,0.0,138.1955090115277,1.402412e-06
140.27,0.0,138.19506704916333,1.794455e-06
140.27,0.0,138.19466662611592,1.519496e-06
140.27,0.0,138.1942252844724,1.643843e-06
140.27,0.0,138.19382140618566,1.885797e-06
140.27,0.0,138.1934057228889,1.651089e-06
140.27,0.0,138.1929803658972,1.797307e-06
140.27,0.0,138.19256992082646,1.808789e-06
140.27,0.0,138.19214033338625,1.884619e-06
140.27,0.0,138.19169973785063,2.068307e-06
140.27,0.0,138.19129913252877,2.077257e-06
140.27,0.0,138.19087826700678,1.967113e-06
140.27,0.0,138.19046043029022,1.956374e-06
140.27,0.0,138.19005932982452,1.88328e-06
140.27,0.0,138.18961692768144,1.755121e-06
140.27,0.0,138.18921424468022,1.732784e-06
140.27,0.0,138.18877428648736,1.459688e-06
140.27,0.0,138.1883930189271,1.817592e-06
140.27,0.0,138.18796576338764,1.562541e-06
140.27,0.0,138.18751975777369,1.58191e-06
140.27,0.0,138.18711937436396,1.604887e-06
140.27,0.0,138.18669364067816,1.658205e-06
140.27,0.0,138.18627841034197,2.05831e-06
140.27,0.0,138.18586695186266,1.842462e-06
140.27,0.0,138.18545865727123,2.218017e-06
140.27,0.0,138.1850543067867,1.982742e-06
140.27,0.0,138.1846207428906,2.399174e-06
140.27,0.0,138.1841849338014,2.357774e-06
140.27,0.0,138.1837847505353,2.338376e-06
140.27,0.0,138.1833635692784,2.658591e-06
140.27,0.0,138.18294248451923,2.37496e-06
140.27,0.0,138.18251022182454,2.655594e-06
140.27,0.0,138.18210447446108,2.52579e-06
140.27,0.0,138.18167335993377,2.841654e-06
140.27,0.0,138.18125377561185,3.002133e-06
140.27,0.0,138.18084672849918,3.103312e-06
140.27,0.0,138.18042804691953,3.134104e-06
140.27,0.0,138.18001017130402,2.625253e-06
140.27,0.0,138.1795959347794,2.519897e-06
140.27,0.0,138.17917966608772,2.394765e-06
140.27,0.0,138.1787530981812,2.443106e-06
140.27,0.0,138.17834499769108,2.658868e-06
140.27,0.0,138.17793232605348,2.650049e-06
140.27,0.0,138.1775096680905,3.003981e-06
140.27,0.0,138.17710398549696,2.680405e-06
140.27,0.0,138.1766693953207,2.810237e-06
140.27,0.0,138.1762640271481,2.322631e-06
140.27,0.0,138.17583042196108,2.53912e-06
140.27,0.0,138.17544979518962,2.380475e-06
140.27,0.0,138.1750228996691,2.204339e-06
140.27,0.0,138.1745849533366,2.113302e-06
140.27,0.0,138.17418171887812,2.394925e-06
140.27,0.0,138.1737414094505,1.909546e-06
140.27,0.0,138.17334737151032,2.10217e-06
140.27,0.0,138.17291357238625,2.59513e-06
140.27,0.0,138.17248816606426,2.226094e-06
140.27,0.0,138.17209042249263,2.234316e-06
140.27,0.0,138.1716425282087,2.578105e-06
140.27,0.0,138.17124862039654,2.782574e-06
140.27,0.0,138.17081752650466,2.892004e-06
140.27,0.0,138.17040505191937,2.715286e-06
140.27,0.0,138.1699814287252,2.58458e-06
140.27,0.0,138.16956293472293,2.251109e-06
140.27,0.0,138.16915975748162,2.253946e-06
140.27,0.0,138.168717087694,2.113971e-06
140.27,0.0,138.16831198263952,2.094355e-06
140.27,0.0,138.16789432043896,1.896784e-06
140.27,0.0,138.16747120650885,1.908382e-06
140.27,0.0,138.1670696406784,1.890454e-06
140.27,0.0,138.16664718850757,1.910084e-06
140.27,0.0,138.16622713913642,1.899723e-06
140.27,0.0,138.1657911961039,1.911161e-06
140.27,0.0,138.16541020915614,1.96496e-06
140.27,0.0,138.1649815960642,2.116154e-06
140.27,0.0,138.16454784428925,2.225788e-06
140.27,0.0,138.16414050178898,2.321729e-06
140.27,0.0,138.16370493359642,2.27397e-06
140.27,0.0,138.16330335997563,2.474248e-06
140.27,0.0,138.16288298614052,2.545436e-06
140.27,0.0,138.1624585494867,2.74356e-06
140.27,0.0,138.16202425889,2.72067e-06
140.27,0.0,138.16162598839998,2.507688e-06
140.27,0.0,138.16118595000304,2.401677e-06
140.27,0.0,138.16078530703177,2.419169e-06
140.27,0.0,138.16036110076232,2.390443e-06
140.27,0.0,138.15994716731853,2.246641e-06
140.27,0.0,138.15954318531755,2.324508e-06
140.27,0.0,138.1591035764309,2.335393e-06
140.27,0.0,138.15870452545883,2.271976e-06
140.27,0.0,138.15826598769766,2.305344e-06
140.27,0.0,138.15786539495323,2.486835e-06
140.27,0.0,138.157454803455,2.479734e-06
140.27,0.0,138.15702208383263,2.670306e-06
140.27,0.0,138.1566200512419,2.410714e-06
140.27,0.0,138.15617856169632,2.551489e-06
140.27,0.0,138.15577915667876,2.436995e-06
140.27,0.0,138.1553495517161,2.790097e-06
140.27,0.0,138.15496507794302,2.892484e-06
140.27,0.0,138.15453305608955,2.998102e-06
140.27,0.0,138.1541309858542,2.770321e-06
140.27,0.0,138.15369328556523,2.604022e-06
140.27,0.0,138.1532535134685,2.330547e-06
140.27,0.0,138.1528689853347,2.435132e-06
140.27,0.0,138.15244233402316,2.275512e-06
140.27,0.0,138.15200873785378,2.222048e-06
140.27,0.0,138.15159983145745,2.220913e-06
140.27,0.0,138.1511762752536,1.89124e-06
140.27,0.0,138.15073781943363,2.008121e-06
140.27,0.0,138.15034489876152,2.135028e-06
140.27,0.0,138.1499185177633,2.323039e-06
140.27,0.0,138.1495264567397,2.144079e-06
140.27,0.0,138.1490890238132,2.153189e-06
140.27,0.0,138.14866462329465,2.138244e-06
140.27,0.0,138.14825219647327,2.344095e-06
140.27,0.0,138.14782061810104,2.480519e-06
140.27,0.0,138.14744433792342,2.492685e-06
140.27,0.0,138.1470161522516,2.598084e-06
140.27,0.0,138.1465777631641,2.420784e-06
140.27,0.0,138.14617550712583,2.443077e-06
140.27,0.0,138.1457374809759,2.628818e-06
140.27,0.0,138.14533495750632,2.924906e-06
140.27,0.0,138.1449169766298,2.904897e-06
140.27,0.0,138.14448959432613,2.892702e-06
140.27,0.0,138.14408904335306,2.73317e-06
140.27,0.0,138.1436362027333,2.557092e-06
140.27,0.0,138.1432458397302,2.319066e-06
140.27,0.0,138.14281649280582,2.486297e-06
140.27,0.0,138.1423851446455,2.312183e-06
140.27,0.0,138.1419623023599,2.365749e-06
140.27,0.0,138.14155732361027,2.301414e-06
140.27,0.0,138.1411372871144,2.235523e-06
140.27,0.0,138.1407161002645,2.40191e-06
140.27,0.0,138.14027981584653,2.444576e-06
140.27,0.0,138.13989218035138,2.72911e-06
140.27,0.0,138.13946446241235,2.640678e-06
140.27,0.0,138.13906426345594,2.753208e-06
140.27,0.0,138.13863382585842,2.770073e-06
140.27,0.0,138.13820262438472,2.637782e-06
140.27,0.0,138.1378020374931,2.774192e-06
140.27,0.0,138.13738053844867,2.644054e-06
140.27,0.0,138.13696058674435,2.5591e-06
140.27,0.0,138.13656064978724,2.355795e-06
140.27,0.0,138.13613807906347,2.359695e-06
140.27,0.0,138.13571494991442,2.305969e-06
140.27,0.0,138.1352807341243,2.494824e-06
140.27,0.0,138.13489836004982,2.557994e-06
140.27,0.0,138.1344773353769,2.399174e-06
140.27,0.0,138.1340427586474,2.567118e-06
140.27,0.0,138.13362894349854,2.397908e-06
140.27,0.0,138.13319963746355,2.43228e-06
140.27,0.0,138.1327946639906,2.379646e-06
140.27,0.0,138.1323753181252,2.422443e-06
140.27,0.0,138.13194569048773,2.542612e-06
140.27,0.0,138.1315469642993,2.448942e-06
140.27,0.0,138.13111464825866,2.44299e-06
140.27,0.0,138.13068803199127,2.4076e-06
140.27,0.0,138.13028005454638,2.46994e-06
140.27,0.0,138.12985388014204,2.61415e-06
140.27,0.0,138.12943946919435,2.574918e-06
140.27,0.0,138.1290325172813,2.566376e-06
140.27,0.0,138.12861100496423,2.796078e-06
140.27,0.0,138.1281843058731,2.92086e-06
140.27,0.0,138.1277322738663,3.081339e-06
140.27,0.0,138.12735831264953,3.045279e-06
140.27,0.0,138.12693021910002,3.107139e-06
140.27,0.0,138.1265388617329,3.208872e-06
140.27,0.0,138.12609606362332,3.176785e-06
140.27,0.0,138.12569849202748,3.158289e-06
140.27,0.0,138.12525596122114,3.106543e-06
140.27,0.0,138.1248463807146,2.871922e-06
140.27,0.0,138.12445090773323,2.684596e-06
140.27,0.0,138.12401851357072,2.901565e-06
140.27,0.0,138.12360040719534,2.932633e-06
140.27,0.0,138.1231722324094,3.005582e-06
140.27,0.0,138.12273070966071,2.910951e-06
140.27,0.0,138.1223279323667,3.03681e-06
140.27,0.0,138.121909760368,2.893881e-06
140.27,0.0,138.12148208101806,2.886911e-06
140.27,0.0,138.1210778258501,2.915331e-06
140.27,0.0,138.12065166324615,3.113324e-06
140.27,0.0,138.1202349906542,3.075445e-06
140.27,0.0,138.11979989608045,2.716872e-06
140.27,0.0,138.11941814356456,2.617046e-06
140.27,0.0,138.1189889333341,2.54318e-06
140.27,0.0,138.1185804556138,2.793007e-06
140.27,0.0,138.11815094040995,3.345151e-06
140.27,0.0,138.11775038128988,3.292851e-06
140.27,0.0,138.11731651649382,2.940942e-06
140.27,0.0,138.11691282860096,2.808098e-06
140.27,0.0,138.11651286181757,2.620334e-06
140.27,0.0,138.11607351699558,2.590154e-06
140.27,0.0,138.11565645967846,2.928355e-06
140.27,0.0,138.115234027948,2.868866e-06
140.27,0.0,138.1148326518487,2.955654e-06
140.27,0.0,138.1144166519734,2.727204e-06
140.27,0.0,138.11399210919092,2.75702e-06
140.27,0.0,138.11358779569827,2.522997e-06
140.27,0.0,138.1131431354381,2.45338e-06
140.27,0.0,138.1127363365636,2.481014e-06
140.27,0.0,138.1123025083185,2.540721e-06
140.27,0.0,138.11189701241432,2.476052e-06
140.27,0.0,138.1115011254433,2.575602e-06
140.27,0.0,138.11106120263594,2.432251e-06
140.27,0.0,138.11063834686425,2.368761e-06
140.27,0.0,138.1102200114464,2.474626e-06
140.27,0.0,138.10978990298264,2.374625e-06
140.27,0.0,138.1093836933721,2.289977e-06
140.27,0.0,138.10898169827408,2.011089e-06
140.27,0.0,138.1085498222155,2.331115e-06
140.27,0.0,138.1081498846696,2.584842e-06
140.27,0.0,138.1077092668851,2.691784e-06
140.27,0.0,138.1073055938669,2.599976e-06
140.27,0.0,138.10688551080267,2.424815e-06
140.27,0.0,138.1064623550392,2.656088e-06
140.27,0.0,138.10606632945908,2.828077e-06
140.27,0.0,138.10562578672574,3.256966e-06
140.27,0.0,138.10522322104373,3.34112e-06
140.27,0.0,138.10478771012882,3.387715e-06
140.27,0.0,138.10437367158298,3.432811e-06
140.27,0.0,138.1039705517992,3.644396e-06
140.27,0.0,138.1035346013376,3.658002e-06
140.27,0.0,138.10309799293307,3.922803e-06
140.27,0.0,138.10269260779165,3.986977e-06
140.27,0.0,138.1022497493835,3.515233e-06
140.27,0.0,138.10184711584583,3.399749e-06
140.27,0.0,138.10143451325544,3.329784e-06
140.27,0.0,138.10100433578296,3.28981e-06
140.27,0.0,138.10060067380533,3.422741e-06
140.27,0.0,138.10017278134322,3.351786e-06
140.27,0.0,138.09976130585864,2.95772e-06
140.27,0.0,138.0993302379421,2.961926e-06
140.27,0.0,138.0989498786957,3.035384e-06
140.27,0.0,138.09851472425515,3.090114e-06
140.27,0.0,138.09811082226517,3.410518e-06
140.27,0.0,138.09767120764712,3.653535e-06
140.27,0.0,138.09727031380245,3.749112e-06
140.27,0.0,138.09684193103902,3.536028e-06
140.27,0.0,138.09642336739412,3.05385e-06
140.27,0.0,138.09601873210735,3.171881e-06
140.27,0.0,138.09560113863648,3.339432e-06
140.27,0.0,138.0951777014509,3.539521e-06
140.27,0.0,138.09477492716633,4.041925e-06
140.27,0.0,138.0943467763837,3.850961e-06
140.27,0.0,138.09392264843427,4.05735e-06
140.27,0.0,138.0935341251479,4.079498e-06
140.27,0.0,138.09310145466299,4.109446e-06
140.27,0.0,138.09266145006544,3.967827e-06
140.27,0.0,138.09226099220402,4.119967e-06
140.27,0.0,138.09183609205633,4.155692e-06
140.27,0.0,138.09140780109465,4.268179e-06
140.27,0.0,138.0909838683089,4.278729e-06
140.27,0.0,138.0905816638922,4.243062e-06
140.27,0.0,138.09015620372813,4.3076e-06
140.27,0.0,138.08973813963038,4.070738e-06
140.27,0.0,138.0892894375899,4.088375e-06
140.27,0.0,138.08892331628337,3.493362e-06
140.27,0.0,138.0884903929323,3.360532e-06
140.27,0.0,138.08807740644485,3.150824e-06
140.27,0.0,138.08763277717955,3.021953e-06
140.27,0.0,138.08724635136286,3.316076e-06
140.27,0.0,138.08682217029596,3.267298e-06
140.27,0.0,138.08639195282944,3.598936e-06
140.27,0.0,138.08600184811363,3.493027e-06
140.27,0.0,138.08556340115464,3.729496e-06
140.27,0.0,138.0851594311458,3.381705e-06
140.27,0.0,138.08471856100724,3.403213e-06
140.27,0.0,138.08431721316742,3.263442e-06
140.27,0.0,138.0838998959577,3.473702e-06
140.27,0.0,138.08347006796743,3.543304e-06
140.27,0.0,138.08306305875504,3.761728e-06
140.27,0.0,138.0826282021586,3.495181e-06
140.27,0.0,138.0821868136148,3.145076e-06
140.27,0.0,138.08178966251145,2.730478e-06
140.27,0.0,138.0813704655055,2.212109e-06
140.27,0.0,138.08095230645878,2.266373e-06
140.27,0.0,138.0805518083877,1.917899e-06
140.27,0.0,138.08011016736103,2.203073e-06
140.27,0.0,138.07970771858058,1.958455e-06
140.27,0.0,138.07927752749993,2.203858e-06
140.27,0.0,138.07886461974263,2.050729e-06
140.27,0.0,138.07846864052377,2.496192e-06
140.27,0.0,138.07803543965346,2.350163e-06
140.27,0.0,138.07760954455034,2.513436e-06
140.27,0.0,138.0771953732735,2.456785e-06
140.27,0.0,138.07677883783822,2.867717e-06
140.27,0.0,138.07637816236462,2.646208e-06
140.27,0.0,138.07594796373152,3.121095e-06
140.27,0.0,138.0755479685703,2.866378e-06
140.27,0.0,138.07511478860056,3.382171e-06
140.27,0.0,138.0746828996582,3.004359e-06
140.27,0.0,138.07428373716675,3.491252e-06
140.27,0.0,138.0738421479561,3.467125e-06
140.27,0.0,138.07346781775303,3.435198e-06
140.27,0.0,138.0730365322008,3.088222e-06
140.27,0.0,138.07259750242937,2.310175e-06
140.27,0.0,138.07219381204655,2.015484e-06
140.27,0.0,138.07175154211916,1.658351e-06
140.27,0.0,138.07134935310717,2.214074e-06
140.27,0.0,138.07093705107624,2.655113e-06
140.27,0.0,138.07050573586233,1.722146e-06
140.27,0.0,138.07010218243917,1.47699e-06
140.27,0.0,138.06967461155736,1.613269e-06
140.27,0.0,138.06926161684044,1.91656e-06
140.27,0.0,138.06883006167658,2.329485e-06
140.27,0.0,138.06842135731034,2.451445e-06
140.27,0.0,138.06802031660487,2.601329e-06
140.27,0.0,138.06758164873176,2.383415e-06
140.27,0.0,138.0671806463669,2.781147e-06
140.27,0.0,138.06674148096783,2.574394e-06
140.27,0.0,138.06633850087854,2.961475e-06
140.27,0.0,138.0659256650478,2.991743e-06
140.27,0.0,138.06549900979996,3.044406e-06
140.27,0.0,138.06509701652413,2.737826e-06
140.27,0.0,138.064650532559,3.001784e-06
140.27,0.0,138.06425906549686,2.852539e-06
140.27,0.0,138.06382895473354,2.926929e-06
140.27,0.0,138.06339987338018,3.017252e-06
140.27,0.0,138.06297877027438,2.913235e-06
140.27,0.0,138.06257654777076,3.046531e-06
140.27,0.0,138.0621375607781,3.116118e-06
140.27,0.0,138.0617073491755,3.143374e-06
140.27,0.0,138.06130222475443,3.337118e-06
140.27,0.0,138.06087638674566,3.311055e-06
140.27,0.0,138.0604774744202,3.56161e-06
140.27,0.0,138.06006887417416,3.287234e-06
140.27,0.0,138.05962992975773,3.424793e-06
140.27,0.0,138.05922659998902,3.195484e-06
140.27,0.0,138.05878950900217,3.363326e-06
140.27,0.0,138.05840177972195,3.188063e-06
140.27,0.0,138.0579692090701,3.536261e-06
140.27,0.0,138.0575655532092,3.572597e-06
140.27,0.0,138.05712393211599,3.811307e-06
140.27,0.0,138.05673167122774,3.535868e-06
140.27,0.0,138.05629589551742,3.490233e-06
140.27,0.0,138.05588039983184,3.001362e-06
140.27,0.0,138.05549290208904,3.00158e-06
140.27,0.0,138.05505390564716,2.925735e-06
140.27,0.0,138.05465461392603,2.744157e-06
140.27,0.0,138.05421152029044,2.827233e-06
140.27,0.0,138.05381015864916,2.52387e-06
140.27,0.0,138.05338937390283,2.574321e-06
140.27,0.0,138.05296053569364,2.399567e-06
140.27,0.0,138.05255566554447,2.577042e-06
140.27,0.0,138.05212160793147,2.54577e-06
140.27,0.0,138.05169121758567,2.747474e-06
140.27,0.0,138.05128324310482,2.235014e-06
140.27,0.0,138.0508519380522,1.799301e-06
140.27,0.0,138.0504659185593,1.223438e-06
140.27,0.0,138.05003256369895,1.354929e-06
140.27,0.0,138.04961995911094,1.432825e-06
140.27,0.0,138.04919763435808,1.346503e-06
140.27,0.0,138.04875578335484,1.416003e-06
140.27,0.0,138.04835944127979,1.934561e-06
140.27,0.0,138.04794504195564,2.018089e-06
140.27,0.0,138.04753897595305,2.06579e-06
140.27,0.0,138.0470927240121,1.974608e-06
140.27,0.0,138.0466735711905,1.970722e-06
140.27,0.0,138.04625735551167,2.18254e-06
140.27,0.0,138.0458541557291,2.011118e-06
140.27,0.0,138.0454352275916,2.097673e-06
140.27,0.0,138.04502973003966,2.42464e-06
140.27,0.0,138.04461140215844,2.702276e-06
140.27,0.0,138.04418757881095,2.710236e-06
140.27,0.0,138.04375102863222,2.874876e-06
140.27,0.0,138.04334110556474,3.042442e-06
140.27,0.0,138.04293043961354,3.195673e-06
140.27,0.0,138.04249858128367,3.333102e-06
140.27,0.0,138.04210002215993,3.609093e-06
140.27,0.0,138.0416591372711,3.630412e-06
140.27,0.0,138.0412548507925,3.769848e-06
140.27,0.0,138.04081934243231,3.874287e-06
140.27,0.0,138.0404091343483,3.752939e-06
140.27,0.0,138.0400047533832,3.63063e-06
140.27,0.0,138.03956842674629,3.737558e-06
140.27,0.0,138.03917398750644,3.634865e-06
140.27,0.0,138.0387394117965,3.80502e-06
140.27,0.0,138.0383065736231,3.579727e-06
140.27,0.0,138.03792064065175,3.483525e-06
140.27,0.0,138.03749026026412,3.864814e-06
140.27,0.0,138.0370751609431,3.987807e-06
140.27,0.0,138.0366494113032,3.956768e-06
140.27,0.0,138.036230745192,3.977926e-06
140.27,0.0,138.03581742852327,3.840891e-06
140.27,0.0,138.03543114991257,3.851717e-06
140.27,0.0,138.0350039444241,4.020592e-06
140.27,0.0,138.03459004071522,4.149813e-06
140.27,0.0,138.0341646708349,3.892725e-06
140.27,0.0,138.0337272044809,3.124718e-06
140.27,0.0,138.03332582522228,2.5138e-06
140.27,0.0,138.03291313786625,2.710585e-06
140.27,0.0,138.03248281938914,2.669549e-06
140.27,0.0,138.03204867423102,2.738801e-06
140.27,0.0,138.03164783429222,1.707536e-06
140.27,0.0,138.03119130539514,1.378648e-06
140.27,0.0,138.03080784030388,1.462569e-06
140.27,0.0,138.03039226496,1.747059e-06
140.27,0.0,138.02996924580816,1.744076e-06
140.27,0.0,138.0295640393652,2.09274e-06
140.27,0.0,138.02912529022356,2.345871e-06
140.27,0.0,138.02872696956408,2.580928e-06
140.27,0.0,138.02829548235522,2.912537e-06
140.27,0.0,138.02788871524695,2.643283e-06
140.27,0.0,138.02748356875534,2.465589e-06
140.27,0.0,138.0270493867116,2.295026e-06
140.27,0.0,138.02662815870124,2.4654e-06
140.27,0.0,138.02620481613653,2.688044e-06
140.27,0.0,138.02580322047493,2.684203e-06
140.27,0.0,138.02538475434076,2.961489e-06
140.27,0.0,138.02495388905854,2.841291e-06
140.27,0.0,138.0245561599064,2.940302e-06
140.27,0.0,138.0241341997836,2.654881e-06
140.27,0.0,138.02369344109823,2.897257e-06
140.27,0.0,138.02327454866912,2.801899e-06
140.27,0.0,138.02287317091398,3.191904e-06
140.27,0.0,138.0224452529179,2.869449e-06
140.27,0.0,138.02201788366406,3.17482e-06
140.27,0.0,138.0216139430909,3.097652e-06
140.27,0.0,138.02117157190958,3.443522e-06
140.27,0.0,138.02076708458154,3.228357e-06
140.27,0.0,138.0203411227107,3.601424e-06
140.27,0.0,138.01992920080923,3.395427e-06
140.27,0.0,138.01953084742325,3.371897e-06
140.27,0.0,138.0190936265165,3.446869e-06
140.27,0.0,138.0186681423614,3.588633e-06
140.27,0.0,138.01825035976884,3.941575e-06
140.27,0.0,138.0178535080448,4.114016e-06
140.27,0.0,138.01743021629167,4.375368e-06
140.27,0.0,138.01701312144462,4.039844e-06
140.27,0.0,138.01661043360687,4.235175e-06
140.27,0.0,138.0161688723481,3.941721e-06
140.27,0.0,138.01576523719297,4.114598e-06
140.27,0.0,138.01533828250646,3.68584e-06
140.27,0.0,138.0149268729832,3.430207e-06
140.27,0.0,138.0145246503299,3.573077e-06
140.27,0.0,138.01408644930362,3.395122e-06
140.27,0.0,138.01368401534936,3.648689e-06
140.27,0.0,138.0132445425284,3.378649e-06
140.27,0.0,138.0128455988546,3.892608e-06
140.27,0.0,138.01243080121685,3.570211e-06
140.27,0.0,138.01199912994448,3.864043e-06
140.27,0.0,138.01159768194543,3.460227e-06
140.27,0.0,138.011160444467,3.910362e-06
140.27,0.0,138.01072434043783,3.514899e-06
140.27,0.0,138.0103091530415,3.444773e-06
140.27,0.0,138.0099017978601,3.583424e-06
140.27,0.0,138.00951319098826,3.231282e-06
140.27,0.0,138.0090776989281,3.594818e-06
140.27,0.0,138.00865070830935,2.946574e-06
140.27,0.0,138.00823092530229,3.488633e-06
140.27,0.0,138.0078261744782,3.457753e-06
140.27,0.0,138.00741045909447,3.760797e-06
140.27,0.0,138.00697695082638,3.469584e-06
140.27,0.0,138.0065769295573,3.320762e-06
140.27,0.0,138.00615092472376,3.617606e-06
140.27,0.0,138.00572919671447,3.444002e-06
140.27,0.0,138.00529846418794,3.758963e-06
140.27,0.0,138.00489985149656,3.518522e-06
140.27,0.0,138.00449707060886,3.980895e-06
140.27,0.0,138.00406692622647,3.851077e-06
140.27,0.0,138.00362751310894,4.578746e-06
140.27,0.0,138.0032248970677,4.355519e-06
140.27,0.0,138.00278829118778,4.736416e-06
140.27,0.0,138.00236798710532,4.628862e-06
140.27,0.0,138.001974969793,4.889822e-06
140.27,0.0,138.00154318127963,4.464251e-06
140.27,0.0,138.00112389880996,4.332353e-06
140.27,0.0,138.0007014875773,4.317801e-06
140.27,0.0,138.00026261712864,3.964393e-06
140.27,0.0,137.9998759627694,3.952446e-06
140.27,0.0,137.99944813940112,3.926951e-06
140.27,0.0,137.99905308661621,3.609661e-06
140.27,0.0,137.99861846439248,3.974157e-06
140.27,0.0,137.99821430980325,3.277702e-06
140.27,0.0,137.9977762770799,3.87663e-06
140.27,0.0,137.9973702665338,3.339825e-06
140.27,0.0,137.99695926045848,3.747278e-06
140.27,0.0,137.99652888438766,3.593421e-06
140.27,0.0,137.99612377437808,3.53092e-06
140.27,0.0,137.99571685651054,3.838213e-06
140.27,0.0,137.99527912604069,3.440422e-06
140.27,0.0,137.9948752150455,4.361442e-06
140.27,0.0,137.99446339493983,3.724112e-06
140.27,0.0,137.994033658096,2.942834e-06
140.27,0.0,137.99363321603084,1.720749e-06
140.27,0.0,137.9931899094508,2.388362e-06
140.27,0.0,137.9927655219715,2.714631e-06
140.27,0.0,137.99236485506714,2.772227e-06
140.27,0.0,137.99193584599212,2.945788e-06
140.27,0.0,137.99153914115027,2.970672e-06
140.27,0.0,137.9911038296157,3.502908e-06
140.27,0.0,137.99067535799358,3.525187e-06
140.27,0.0,137.99026235033247,3.406254e-06
140.27,0.0,137.9898310346496,3.665642e-06
140.27,0.0,137.98944543527466,3.268011e-06
140.27,0.0,137.98901478360548,3.71979e-06
140.27,0.0,137.98861013285506,3.296533e-06
140.27,0.0,137.9881666258176,3.448455e-06
140.27,0.0,137.98777066625857,3.539855e-06
140.27,0.0,137.9873407124168,3.461624e-06
140.27,0.0,137.98692694131762,3.93865e-06
140.27,0.0,137.9865329031722,3.680485e-06
140.27,0.0,137.9860941491565,4.305053e-06
140.27,0.0,137.98566806017956,3.749883e-06
140.27,0.0,137.98525231161125,4.41524e-06
140.27,0.0,137.98484746165445,3.882073e-06
140.27,0.0,137.9844382706023,4.64746e-06
140.27,0.0,137.9840078692256,4.367117e-06
140.27,0.0,137.98359122849152,4.870148e-06
140.27,0.0,137.98316154862414,4.884554e-06
140.27,0.0,137.9827214785327,5.14269e-06
140.27,0.0,137.98231787140574,4.912639e-06
140.27,0.0,137.9819014421647,4.984933e-06
140.27,0.0,137.98147790787442,5.201378e-06
140.27,0.0,137.9810765550832,4.590838e-06
140.27,0.0,137.98063617002262,4.42937e-06
140.27,0.0,137.98023352699084,4.830625e-06
140.27,0.0,137.9798064384358,4.250571e-06
140.27,0.0,137.97938223864818,4.839647e-06
140.27,0.0,137.9790005217954,3.913214e-06
140.27,0.0,137.9785598773392,4.402231e-06
140.27,0.0,137.97815481784755,3.583031e-06
140.27,0.0,137.97771648137234,3.890382e-06
140.27,0.0,137.97730997704807,3.666559e-06
140.27,0.0,137.97688649639437,4.404457e-06
140.27,0.0,137.97648288950012,4.147427e-06
140.27,0.0,137.9760787878145,4.36866e-06
140.27,0.0,137.97563588321105,4.129979e-06
140.27,0.0,137.97523211274162,4.826332e-06
140.27,0.0,137.9747945157133,4.693837e-06
140.27,0.0,137.97440708029472,5.096925e-06
140.27,0.0,137.9739800915171,4.968562e-06
140.27,0.0,137.97357104618763,5.099238e-06
140.27,0.0,137.97313901248367,5.087175e-06
140.27,0.0,137.97270271821768,5.214475e-06
140.27,0.0,137.97230158144427,4.938425e-06
140.27,0.0,137.97187986708778,4.572008e-06
140.27,0.0,137.9714569705097,4.824178e-06
140.27,0.0,137.97105102385592,4.386908e-06
140.27,0.0,137.9706113155503,4.620437e-06
140.27,0.0,137.9702137148302,4.288187e-06
140.27,0.0,137.9697797617466,4.618152e-06
140.27,0.0,137.9693733005244,4.479502e-06
140.27,0.0,137.96896147477,5.092443e-06
140.27,0.0,137.96852688909962,5.083159e-06
140.27,0.0,137.96812437432374,5.454945e-06
140.27,0.0,137.96768213195796,5.323978e-06
140.27,0.0,137.9672819568981,5.600654e-06
140.27,0.0,137.96685653623288,5.101683e-06
140.27,0.0,137.96646991756126,5.392649e-06
140.27,0.0,137.9660326223849,5.523965e-06
140.27,0.0,137.9656111280735,5.693713e-06
140.27,0.0,137.9651825546521,5.749433e-06
140.27,0.0,137.96475129013427,5.718815e-06
140.27,0.0,137.9643688347793,5.877242e-06
140.27,0.0,137.96394302097536,5.841939e-06
140.27,0.0,137.96351043726227,6.069749e-06
140.27,0.0,137.96310661291068,5.980823e-06
140.27,0.0,137.96266181307547,5.454916e-06
140.27,0.0,137.96224846508866,5.033828e-06
140.27,0.0,137.96183630913728,5.648792e-06
140.27,0.0,137.96141112583987,5.167705e-06
140.27,0.0,137.9610207644286,5.938477e-06
140.27,0.0,137.96058961252965,5.10145e-06
140.27,0.0,137.96014875767582,5.910348e-06
140.27,0.0,137.95974892253633,5.3853e-06
140.27,0.0,137.9593178814895,6.10284e-06
140.27,0.0,137.95893022273145,5.770416e-06
140.27,0.0,137.9585011212264,6.005153e-06
140.27,0.0,137.9580998036515,5.020804e-06
140.27,0.0,137.957650697171,5.369104e-06
140.27,0.0,137.95723006289327,4.880276e-06
140.27,0.0,137.95683477225572,5.544891e-06
140.27,0.0,137.95641893668184,5.584545e-06
140.27,0.0,137.95601460868718,5.930531e-06
140.27,0.0,137.9555727024818,5.64869e-06
140.27,0.0,137.95517708668666,5.276073e-06
140.27,0.0,137.95474096717714,5.287089e-06
140.27,0.0,137.9543414338133,5.642141e-06
140.27,0.0,137.95392463518763,5.328882e-06
140.27,0.0,137.95349357697287,5.620328e-06
140.27,0.0,137.95308967130634,4.968213e-06
140.27,0.0,137.95265264396502,5.621318e-06
140.27,0.0,137.95221795799054,4.903341e-06
140.27,0.0,137.95181913076163,5.784575e-06
140.27,0.0,137.95140931811335,5.378228e-06
140.27,0.0,137.95097899361303,5.989219e-06
140.27,0.0,137.95057304173864,5.748603e-06
140.27,0.0,137.95014080951256,6.144634e-06
140.27,0.0,137.9497352363844,6.115282e-06
140.27,0.0,137.94930174879616,6.075454e-06
140.27,0.0,137.94888845620565,6.079077e-06
140.27,0.0,137.94849233575752,5.78216e-06
140.27,0.0,137.9480511473655,6.544622e-06
140.27,0.0,137.94765010062736,6.056114e-06
140.27,0.0,137.94720705198625,6.444985e-06
140.27,0.0,137.94680229955557,5.959897e-06
140.27,0.0,137.94637462017369,6.116927e-06
140.27,0.0,137.94596361385658,5.856084e-06
140.27,0.0,137.9455644221607,5.976835e-06
140.27,0.0,137.9451243108909,5.311551e-06
140.27,0.0,137.94472119267934,5.857772e-06
140.27,0.0,137.9442806383364,5.635244e-06
140.27,0.0,137.94387303196447,5.540976e-06
140.27,0.0,137.94345887848692,6.148854e-06
140.27,0.0,137.9430275554078,5.756272e-06
140.27,0.0,137.94262415416006,5.996859e-06
140.27,0.0,137.9421809593614,5.867536e-06
140.27,0.0,137.94175587401187,5.532973e-06
140.27,0.0,137.9413457072816,6.111528e-06
140.27,0.0,137.94094454680857,5.821275e-06
140.27,0.0,137.9405191047531,6.022194e-06
140.27,0.0,137.9401160513366,6.433242e-06
140.27,0.0,137.93967562685646,6.092552e-06
140.27,0.0,137.939271362213,6.128481e-06
140.27,0.0,137.93884727329174,6.000599e-06
140.27,0.0,137.93843484093034,6.137503e-06
140.27,0.0,137.93803290549755,5.849783e-06
140.27,0.0,137.93759423258572,6.032671e-06
140.27,0.0,137.93719302142128,6.206013e-06
140.27,0.0,137.93675802633854,5.883674e-06
140.27,0.0,137.93635972891414,6.138274e-06
140.27,0.0,137.9359545236735,6.418995e-06
140.27,0.0,137.93552362387615,6.106507e-06
140.27,0.0,137.93512434054347,5.843118e-06
140.27,0.0,137.93468411082603,5.890426e-06
140.27,0.0,137.93427903115585,6.19932e-06
140.27,0.0,137.93384835923223,6.06211e-06
140.27,0.0,137.93342532519173,5.860376e-06
140.27,0.0,137.93303322159767,5.790571e-06
140.27,0.0,137.9325977118882,5.543508e-06
140.27,0.0,137.9321612732075,5.599592e-06
140.27,0.0,137.9317340309723,5.934955e-06
140.27,0.0,137.9313328291235,5.775539e-06
140.27,0.0,137.93091327215706,5.501337e-06
140.27,0.0,137.9305051113498,5.910639e-06
140.27,0.0,137.9300862303859,6.230286e-06
140.27,0.0,137.92965968521344,6.257527e-06
140.27,0.0,137.9292546269975,6.296847e-06
140.27,0.0,137.92882044081466,6.442002e-06
140.27,0.0,137.92840762324144,6.22659e-06
140.27,0.0,137.92801054513657,6.20191e-06
140.27,0.0,137.92757194091908,6.243194e-06
140.27,0.0,137.92717112298678,6.099537e-06
140.27,0.0,137.92673222381026,6.12982e-06
140.27,0.0,137.92630936587142,6.44759e-06
140.27,0.0,137.92590309259083,6.41201e-06
140.27,0.0,137.92549860260996,6.337374e-06
140.27,0.0,137.9250430280789,5.513459e-06
140.27,0.0,137.92466057577573,6.238362e-06
140.27,0.0,137.92421462292154,6.7418e-06
140.27,0.0,137.92382166664183,6.417118e-06
140.27,0.0,137.92339212961343,5.600552e-06
140.27,0.0,137.92297333944876,4.904257e-06
140.27,0.0,137.92253670983018,5.498194e-06
140.27,0.0,137.92213221020936,5.93852e-06
140.27,0.0,137.9216995427787,5.86934e-06
140.27,0.0,137.92129198498455,6.092116e-06
140.27,0.0,137.92086663762387,6.316317e-06
140.27,0.0,137.92048093491803,6.480914e-06
140.27,0.0,137.92005104586187,6.668211e-06
140.27,0.0,137.91961081980685,6.999646e-06
140.27,0.0,137.91920855603843,6.87821e-06
140.27,0.0,137.918767412558,6.863353e-06
140.27,0.0,137.91838728175244,6.717019e-06
140.27,0.0,137.9179597970835,6.746734e-06
140.27,0.0,137.91756067802308,6.914895e-06
140.27,0.0,137.9171287674328,7.046227e-06
140.27,0.0,137.91669626518808,6.982664e-06
140.27,0.0,137.91628684162032,6.818285e-06
140.27,0.0,137.91587783124587,6.394912e-06
140.27,0.0,137.91545411712184,6.602044e-06
140.27,0.0,137.91505176724067,6.597795e-06
140.27,0.0,137.91462953778324,6.398375e-06
140.27,0.0,137.9142101145833,6.493021e-06
140.27,0.0,137.91377493261618,6.291157e-06
140.27,0.0,137.91337425291803,6.278991e-06
140.27,0.0,137.9129343307178,6.167174e-06
140.27,0.0,137.91252954473953,6.431117e-06
140.27,0.0,137.912118359333,6.243805e-06
140.27,0.0,137.91167153762342,6.493618e-06
140.27,0.0,137.91125657502877,6.605958e-06
140.27,0.0,137.91085921748666,6.580376e-06
140.27,0.0,137.91042156211697,6.182192e-06
140.27,0.0,137.91002029554198,6.410002e-06
140.27,0.0,137.90960679831292,6.618517e-06
140.27,0.0,137.909183279304,6.500763e-06
140.27,0.0,137.90874730185743,6.542032e-06
140.27,0.0,137.90834588876064,6.458838e-06
140.27,0.0,137.9079362219981,5.96109e-06
140.27,0.0,137.90750892687842,6.141505e-06
140.27,0.0,137.90708755509618,5.915936e-06
140.27,0.0,137.90667929447957,5.790585e-06
140.27,0.0,137.90626627519512,6.171947e-06
140.27,0.0,137.9058267749426,6.351693e-06
140.27,0.0,137.9054279635016,6.16649e-06
140.27,0.0,137.9049959578114,6.21943e-06
140.27,0.0,137.90458148446777,6.039263e-06
140.27,0.0,137.90416588694467,5.845097e-06
140.27,0.0,137.90375191619833,5.852271e-06
140.27,0.0,137.90331792791721,5.607362e-06
140.27,0.0,137.90290979714848,5.314112e-06
140.27,0.0,137.90247264140143,5.711685e-06
140.27,0.0,137.9020618431536,5.714232e-06
140.27,0.0,137.90165017087776,5.938535e-06
140.27,0.0,137.90121772518148,5.837588e-06
140.27,0.0,137.90079637810902,5.996437e-06
140.27,0.0,137.9003957520088,5.904905e-06
140.27,0.0,137.89999641143172,5.921509e-06
140.27,0.0,137.89955144656966,5.995331e-06
140.27,0.0,137.89913682977127,5.722264e-06
140.27,0.0,137.89872532649747,5.797308e-06
140.27,0.0,137.89832395954585,5.819064e-06
140.27,0.0,137.89788382345606,5.72516e-06
140.27,0.0,137.89748102608965,5.872047e-06
140.27,0.0,137.89707060939506,5.516937e-06
140.27,0.0,137.89665530828603,5.570924e-06
140.27,0.0,137.89623917745735,5.399517e-06
140.27,0.0,137.89580444486472,6.034912e-06
140.27,0.0,137.89540510711188,6.119531e-06
140.27,0.0,137.89496593224112,6.006725e-06
140.27,0.0,137.89455788393505,5.645634e-06
140.27,0.0,137.89414511350853,5.434442e-06
140.27,0.0,137.89371237273832,5.894908e-06
140.27,0.0,137.893304662739,5.735244e-06
140.27,0.0,137.8928848749529,6.177826e-06
140.27,0.0,137.89246174119617,6.088143e-06
140.27,0.0,137.8920514787611,5.923866e-06
140.27,0.0,137.89163586444292,6.285831e-06
140.27,0.0,137.89121464234614,6.089977e-06
140.27,0.0,137.89077218569594,6.322211e-06
140.27,0.0,137.8903706824064,6.116315e-06
140.27,0.0,137.88996740829307,6.567963e-06
140.27,0.0,137.88953121399035,6.483227e-06
140.27,0.0,137.88910619257732,6.30795e-06
140.27,0.0,137.888705968062,6.588511e-06
140.27,0.0,137.888260494405,6.922506e-06
140.27,0.0,137.8878630431866,6.846181e-06
140.27,0.0,137.88746137150892,6.824586e-06
140.27,0.0,137.8870229817443,6.791684e-06
140.27,0.0,137.8866052755484,5.965339e-06
140.27,0.0,137.88618724303655,6.372313e-06
140.27,0.0,137.88578453677195,5.784677e-06
140.27,0.0,137.8853314867742,6.294998e-06
140.27,0.0,137.88493929913827,6.095652e-06
140.27,0.0,137.8845400426848,6.060116e-06
140.27,0.0,137.8841075314895,5.952592e-06
140.27,0.0,137.8836843172,5.768859e-06
140.27,0.0,137.8832722797123,6.199887e-06
140.27,0.0,137.88283215816293,6.118527e-06
140.27,0.0,137.88243365102372,6.298636e-06
140.27,0.0,137.88199463050032,6.327056e-06
140.27,0.0,137.88158093137457,6.159331e-06
140.27,0.0,137.8811648679076,6.123009e-06
140.27,0.0,137.88074912512693,5.848866e-06
140.27,0.0,137.88032025893958,5.776499e-06
140.27,0.0,137.87991047281815,6.310089e-06
140.27,0.0,137.87950908685823,6.210059e-06
140.27,0.0,137.87908099644199,6.143557e-06
140.27,0.0,137.87864724499389,5.901675e-06
140.27,0.0,137.87823295743343,5.606911e-06
140.27,0.0,137.87782591408092,6.094197e-06
140.27,0.0,137.87742348344554,6.12672e-06
140.27,0.0,137.8770199267134,6.495451e-06
140.27,0.0,137.8765822286827,6.290575e-06
140.27,0.0,137.87615694439015,6.475471e-06
140.27,0.0,137.87574358227207,6.4372e-06
140.27,0.0,137.8753393708434,6.218892e-06
140.27,0.0,137.87489230538029,6.340721e-06
140.27,0.0,137.87449970973293,6.033602e-06
140.27,0.0,137.87408700206433,5.974085e-06
140.27,0.0,137.8736628107495,5.912414e-06
140.27,0.0,137.8732294305587,5.736772e-06
140.27,0.0,137.87282633120606,5.857306e-06
140.27,0.0,137.872385585505,5.934664e-06
140.27,0.0,137.87198499889303,5.913753e-06
140.27,0.0,137.87157475184375,5.589114e-06
140.27,0.0,137.87114812119933,5.285663e-06
140.27,0.0,137.87071706242543,5.206472e-06
140.27,0.0,137.8703114928058,5.841575e-06
140.27,0.0,137.8698831022409,5.796974e-06
140.27,0.0,137.8694700501075,5.635331e-06
140.27,0.0,137.86906288612147,5.693626e-06
140.27,0.0,137.86862939789546,5.338094e-06
140.27,0.0,137.86820614632367,5.5977e-06
140.27,0.0,137.86779590700735,5.691691e-06
140.27,0.0,137.8673924184022,5.897615e-06
140.27,0.0,137.86698922534163,6.262562e-06
140.27,0.0,137.866551576292,6.078772e-06
140.27,0.0,137.8661316707205,6.023387e-06
140.27,0.0,137.865716723049,6.078073e-06
140.27,0.0,137.86530809729302,6.355986e-06
140.27,0.0,137.86487174870427,6.107235e-06
140.27,0.0,137.864469865348,6.063201e-06
140.27,0.0,137.86405980790832,6.242888e-06
140.27,0.0,137.86362850039137,6.007263e-06
140.27,0.0,137.86319945825127,6.14296e-06
140.27,0.0,137.862791376414,6.152244e-06
140.27,0.0,137.8623535046611,6.3138e-06
140.27,0.0,137.8619533584801,6.093222e-06
140.27,0.0,137.8615120738024,5.66848e-06
140.27,0.0,137.86109730142832,5.611248e-06
140.27,0.0,137.8606832102545,6.402057e-06
140.27,0.0,137.8602733202375,6.347429e-06
140.27,0.0,137.85983642972303,6.715869e-06
140.27,0.0,137.85943781556608,6.383576e-06
140.27,0.0,137.85903214572224,6.439048e-06
140.27,0.0,137.85859933058933,6.413742e-06
140.27,0.0,137.85817521521187,6.648377e-06
140.27,0.0,137.85776211204336,6.407179e-06
140.27,0.0,137.85736170843202,6.303846e-06
140.27,0.0,137.85696068836205,6.606671e-06
140.27,0.0,137.8565204709803,6.100847e-06
140.27,0.0,137.85610398078404,6.246104e-06
140.27,0.0,137.85569181676124,6.142014e-06
140.27,0.0,137.85528315686048,6.083588e-06
140.27,0.0,137.85484387649842,5.875918e-06
140.27,0.0,137.85444172255524,5.522103e-06
140.27,0.0,137.85404123570055,5.308058e-06
140.27,0.0,137.85360836878843,5.646827e-06
140.27,0.0,137.8531874539793,6.018061e-06
140.27,0.0,137.85274920544038,6.31297e-06
140.27,0.0,137.85234437073322,6.188013e-06
140.27,0.0,137.85192997774223,6.177244e-06
140.27,0.0,137.85150153175024,6.124377e-06
140.27,0.0,137.85107851055,6.619986e-06
140.27,0.0,137.85067297092974,6.766088e-06
140.27,0.0,137.85025987015217,7.087394e-06
140.27,0.0,137.8498246624664,6.691582e-06
140.27,0.0,137.84942364475802,6.854098e-06
140.27,0.0,137.84898597964647,7.153634e-06
140.27,0.0,137.84857444820378,7.055642e-06
140.27,0.0,137.8481599850286,6.644623e-06
140.27,0.0,137.84774689999563,6.113522e-06
140.27,0.0,137.84731394617216,5.881695e-06
140.27,0.0,137.84690530796271,5.614216e-06
140.27,0.0,137.8465074114244,5.42606e-06
140.27,0.0,137.8460680617949,5.522466e-06
140.27,0.0,137.8456442786864,5.36874e-06
140.27,0.0,137.84521774811148,5.252572e-06
140.27,0.0,137.84482817365532,5.288792e-06
140.27,0.0,137.84438930020397,5.423077e-06
140.27,0.0,137.84398773290332,5.444643e-06
140.27,0.0,137.8435770225329,5.567839e-06
140.27,0.0,137.84314762679713,5.264039e-06
140.27,0.0,137.8427139785551,5.328882e-06
140.27,0.0,137.84230492839728,5.21449e-06
140.27,0.0,137.84186401499494,5.223934e-06
140.27,0.0,137.84146070841706,5.08831e-06
140.27,0.0,137.8410529960444,5.163354e-06
140.27,0.0,137.84061911020714,5.314272e-06
140.27,0.0,137.840179489265,5.421782e-06
140.27,0.0,137.83978084729654,5.443537e-06
140.27,0.0,137.83937096227905,5.678899e-06
140.27,0.0,137.83897790828598,5.536946e-06
140.27,0.0,137.8385370148638,5.546055e-06
140.27,0.0,137.8381180505143,5.463648e-06
140.27,0.0,137.8377055488074,5.248919e-06
140.27,0.0,137.83729883154592,5.23623e-06
140.27,0.0,137.83685841442858,5.411915e-06
140.27,0.0,137.83646992643708,5.437469e-06
140.27,0.0,137.83606361907806,5.629801e-06
140.27,0.0,137.83561772498703,5.745576e-06
140.27,0.0,137.8352065005438,5.447073e-06
140.27,0.0,137.83479910909688,5.112364e-06
140.27,0.0,137.83438113345633,5.123162e-06
140.27,0.0,137.83396144800568,5.098278e-06
140.27,0.0,137.83355263254043,5.103153e-06
140.27,0.0,137.83312055235047,5.354843e-06
140.27,0.0,137.83269299951084,5.445661e-06
140.27,0.0,137.8322796437673,5.601993e-06
140.27,0.0,137.8318537028689,5.816953e-06
140.27,0.0,137.8314361917611,5.820839e-06
140.27,0.0,137.83103010222266,5.757523e-06
140.27,0.0,137.83061703296372,5.767099e-06
140.27,0.0,137.83019592719467,5.995214e-06
140.27,0.0,137.82975640413284,5.828377e-06
140.27,0.0,137.82935608939735,6.030896e-06
140.27,0.0,137.82895217057143,5.902373e-06
140.27,0.0,137.8285143176718,5.897993e-06
140.27,0.0,137.82809710437814,5.651629e-06
140.27,0.0,137.82768020862449,5.72647e-06
140.27,0.0,137.82726582649607,5.676935e-06
140.27,0.0,137.8268625892454,5.448732e-06
140.27,0.0,137.8264213783328,5.448033e-06
140.27,0.0,137.82602118372913,5.295005e-06
140.27,0.0,137.82560931728847,5.76218e-06
140.27,0.0,137.82516174002305,5.906375e-06
140.27,0.0,137.82474726115754,5.84354e-06
140.27,0.0,137.82434337852362,6.130271e-06
140.27,0.0,137.82394101838696,6.58416e-06
140.27,0.0,137.82350058225825,6.973554e-06
140.27,0.0,137.82307884361012,6.708942e-06
140.27,0.0,137.82266154729732,6.797549e-06
140.27,0.0,137.82222802396115,6.98182e-06
140.27,0.0,137.821823801377,6.763919e-06
140.27,0.0,137.82138548946773,6.100803e-06
140.27,0.0,137.82098631006963,6.015442e-06
140.27,0.0,137.82057547262596,6.262169e-06
140.27,0.0,137.82014673869574,6.261165e-06
140.27,0.0,137.81971419333328,5.871072e-06
140.27,0.0,137.81930487792826,5.903683e-06
140.27,0.0,137.81890539719794,6.206057e-06
140.27,0.0,137.81850305053896,6.430171e-06
140.27,0.0,137.81806174183703,6.486414e-06
140.27,0.0,137.8176399091989,6.426621e-06
140.27,0.0,137.817224371977,6.405753e-06
140.27,0.0,137.81681527171904,6.265676e-06
140.27,0.0,137.81641233244736,5.692185e-06
140.27,0.0,137.8159730476011,6.069051e-06
140.27,0.0,137.81556351511017,5.860551e-06
140.27,0.0,137.81515171376742,5.981739e-06
140.27,0.0,137.8147372647709,5.513284e-06
140.27,0.0,137.8143305180382,5.756941e-06
140.27,0.0,137.81388806141376,5.727299e-06
140.27,0.0,137.81348868432687,5.637616e-06
140.27,0.0,137.81307797727396,5.653405e-06
140.27,0.0,137.81263187915704,5.481314e-06
140.27,0.0,137.8122191104689,5.199938e-06
140.27,0.0,137.8117746221508,5.309688e-06
140.27,0.0,137.81137173041714,5.600014e-06
140.27,0.0,137.8109746866258,5.679394e-06
140.27,0.0,137.81053542921416,5.873168e-06
140.27,0.0,137.81012055594886,6.209331e-06
140.27,0.0,137.809707735603,5.779177e-06
140.27,0.0,137.8093004436065,5.816255e-06
140.27,0.0,137.80885646666218,5.438764e-06
140.27,0.0,137.8084686661563,4.917965e-06
140.27,0.0,137.80804152130548,5.286507e-06
140.27,0.0,137.80762008865332,5.431255e-06
140.27,0.0,137.80718833788535,5.777038e-06
140.27,0.0,137.80677433762375,5.517606e-06
140.27,0.0,137.8063690942995,5.134963e-06
140.27,0.0,137.8059682738683,5.125476e-06
140.27,0.0,137.80552717717552,5.202295e-06
140.27,0.0,137.80511000770144,5.408918e-06
140.27,0.0,137.8046974189242,5.206952e-06
140.27,0.0,137.8042868625392,4.857095e-06
140.27,0.0,137.80384569322504,5.112204e-06
140.27,0.0,137.80344370234897,5.289316e-06
140.27,0.0,137.80303942852183,5.182097e-06
140.27,0.0,137.80259291520449,5.184062e-06
140.27,0.0,137.80217909645305,5.34291e-06
140.27,0.0,137.80173309338693,5.66899e-06
140.27,0.0,137.80132503924906,5.605616e-06
140.27,0.0,137.80092964813628,5.396636e-06
140.27,0.0,137.8004938593649,5.86125e-06
140.27,0.0,137.8000813537368,6.034767e-06
140.27,0.0,137.79966630450588,6.094357e-06
140.27,0.0,137.7992539320652,5.81429e-06
140.27,0.0,137.7988233236998,5.503651e-06
140.27,0.0,137.7984149285509,5.434063e-06
140.27,0.0,137.7980190411377,5.670547e-06
140.27,0.0,137.79758711447724,6.239381e-06
140.27,0.0,137.79716377672395,6.467992e-06
140.27,0.0,137.79675013332857,6.361573e-06
140.27,0.0,137.79634490728677,6.174625e-06
140.27,0.0,137.79594065745508,5.908238e-06
140.27,0.0,137.79550021695974,5.626993e-06
140.27,0.0,137.7950881161062,5.615715e-06
140.27,0.0,137.79467413299312,5.804439e-06
140.27,0.0,137.79425898579814,5.767622e-06
140.27,0.0,137.7938183975365,5.909693e-06
140.27,0.0,137.79340475626796,5.68213e-06
140.27,0.0,137.79301120658837,6.04552e-06
140.27,0.0,137.79257350426988,5.979484e-06
140.27,0.0,137.792152652488,5.967857e-06
140.27,0.0,137.7917384406542,5.859722e-06
140.27,0.0,137.79130197199987,5.855341e-06
140.27,0.0,137.79089382224106,5.463211e-06
140.27,0.0,137.79049153151627,5.209135e-06
140.27,0.0,137.7900818616293,5.437178e-06
140.27,0.0,137.7896356911731,5.586058e-06
140.27,0.0,137.78922273393303,6.014525e-06
140.27,0.0,137.78881846973363,6.145725e-06
140.27,0.0,137.78838052177903,6.220507e-06
140.27,0.0,137.78798047819998,5.891212e-06
140.27,0.0,137.78756970501996,6.089671e-06
140.27,0.0,137.78714517171383,6.275281e-06
140.27,0.0,137.78671589295334,6.274218e-06
140.27,0.0,137.78630912794827,5.918468e-06
140.27,0.0,137.78589274515878,6.234972e-06
140.27,0.0,137.78547142930907,6.102957e-06
140.27,0.0,137.7850657268912,6.429938e-06
140.27,0.0,137.78463416274897,6.01128e-06
140.27,0.0,137.78420396262874,5.379625e-06
140.27,0.0,137.78380010057174,5.193811e-06
140.27,0.0,137.78338023573963,4.876143e-06
140.27,0.0,137.78296107543778,5.190901e-06
140.27,0.0,137.78252501469163,5.037378e-06
140.27,0.0,137.78210881085712,5.492024e-06
140.27,0.0,137.78169541564654,5.889699e-06
140.27,0.0,137.78128729588798,6.100294e-06
140.27,0.0,137.78085257400437,6.135495e-06
140.27,0.0,137.78045395558775,5.979004e-06
140.27,0.0,137.78001858779004,5.886497e-06
140.27,0.0,137.7796034001047,5.771843e-06
140.27,0.0,137.77918914467244,6.024653e-06
140.27,0.0,137.77877995892737,5.904396e-06
140.27,0.0,137.77834310291016,5.943497e-06
140.27,0.0,137.77793685231322,5.414695e-06
140.27,0.0,137.77753350312653,5.329886e-06
140.27,0.0,137.77712096331854,5.466267e-06
140.27,0.0,137.77670199451242,5.609865e-06
140.27,0.0,137.77626490079564,5.983238e-06
140.27,0.0,137.77586497898395,6.25044e-06
140.27,0.0,137.77545762030223,6.168237e-06
140.27,0.0,137.77502603006488,6.004047e-06
140.27,0.0,137.7746108122497,5.936978e-06
140.27,0.0,137.77419536090844,5.895447e-06
140.27,0.0,137.77378337777358,6.254442e-06
140.27,0.0,137.77334378493998,6.367845e-06
140.27,0.0,137.7729453709344,6.012793e-06
140.27,0.0,137.77250807779842,5.212903e-06
140.27,0.0,137.77208390976128,5.475682e-06
140.27,0.0,137.7716814235729,5.726441e-06
140.27,0.0,137.7712688987917,5.846945e-06
140.27,0.0,137.77082834285764,6.039991e-06
140.27,0.0,137.77042554694373,5.984562e-06
140.27,0.0,137.7700231457033,6.114482e-06
140.27,0.0,137.76958464541357,6.154791e-06
140.27,0.0,137.76916154210937,5.983529e-06
140.27,0.0,137.76874822460294,5.604699e-06
140.27,0.0,137.76834737589704,5.339316e-06
140.27,0.0,137.76791014249557,5.783528e-06
140.27,0.0,137.76751004505005,5.662252e-06
140.27,0.0,137.76709490120146,5.881229e-06
140.27,0.0,137.76666953224773,5.389666e-06
140.27,0.0,137.7662332880271,5.434864e-06
140.27,0.0,137.76583171451614,5.270151e-06
140.27,0.0,137.7654190286457,5.749884e-06
140.27,0.0,137.76499314511028,5.536553e-06
140.27,0.0,137.76457937403364,5.94095e-06
140.27,0.0,137.7641602294058,6.075454e-06
140.27,0.0,137.7637186279232,6.102753e-06
140.27,0.0,137.76331441922258,6.304967e-06
140.27,0.0,137.76289895788875,6.327275e-06
140.27,0.0,137.76247735717405,6.303759e-06
140.27,0.0,137.76206842061697,6.079412e-06
140.27,0.0,137.76162170412638,6.138609e-06
140.27,0.0,137.76120814522423,6.131915e-06
140.27,0.0,137.76080194375234,6.213726e-06
140.27,0.0,137.760358793874,6.060829e-06
140.27,0.0,137.7599721777185,5.63194e-06
140.27,0.0,137.75953733745732,5.77225e-06
140.27,0.0,137.75912002516088,5.430513e-06
140.27,0.0,137.75870459168883,5.208611e-06
140.27,0.0,137.758295796003,6.053029e-06
140.27,0.0,137.75789388921248,6.015471e-06
140.27,0.0,137.75745299897235,6.301008e-06
140.27,0.0,137.7570484467592,6.200731e-06
140.27,0.0,137.75663449924144,6.158516e-06
140.27,0.0,137.75621899392274,5.702881e-06
140.27,0.0,137.75578035362503,5.336973e-06
140.27,0.0,137.7553660515387,5.00468e-06
140.27,0.0,137.754972872858,5.484078e-06
140.27,0.0,137.75456440061092,5.80099e-06
140.27,0.0,137.7541350681577,5.843744e-06
140.27,0.0,137.7537046700539,6.439965e-06
140.27,0.0,137.75329441234675,6.378163e-06
140.27,0.0,137.75285485560187,6.37646e-06
140.27,0.0,137.75245340876964,5.806549e-06
140.27,0.0,137.75204854260264,5.494614e-06
140.27,0.0,137.7516137128621,5.293987e-06
140.27,0.0,137.75118462916,5.062786e-06
140.27,0.0,137.75077137740269,4.779125e-06
140.27,0.0,137.75037081975077,4.867848e-06
140.27,0.0,137.7499348553005,4.384681e-06
140.27,0.0,137.74953021818027,4.433634e-06
140.27,0.0,137.74910555350942,4.052141e-06
140.27,0.0,137.74869220987722,3.64866e-06
140.27,0.0,137.74825207444923,2.178727e-06
140.27,0.0,137.74785101489695,2.433386e-06
140.27,0.0,137.7474514438845,1.671651e-06
140.27,0.0,137.74701429899665,1.858338e-06
140.27,0.0,137.74659802273789,2.602668e-06
140.27,0.0,137.74618173708834,3.367444e-06
140.27,0.0,137.7457710572063,3.905821e-06
140.27,0.0,137.74533298977235,4.07685e-06
140.27,0.0,137.7449097358941,4.309055e-06
140.27,0.0,137.74450372864646,4.54887e-06
140.27,0.0,137.74408389898522,4.471818e-06
140.27,0.0,137.74367119155826,4.601447e-06
140.27,0.0,137.74325833360245,4.522473e-06
140.27,0.0,137.74281678329464,4.365822e-06
140.27,0.0,137.7424203799694,4.617672e-06
140.27,0.0,137.74197808384773,4.976871e-06
140.27,0.0,137.74156469143884,4.891932e-06
140.27,0.0,137.74114923727214,5.067282e-06
140.27,0.0,137.74073429399343,5.272464e-06
140.27,0.0,137.74032996647173,5.335969e-06
140.27,0.0,137.73986654510395,5.054142e-06
140.27,0.0,137.73950475460848,5.40349e-06
140.27,0.0,137.73906829542952,5.125534e-06
140.27,0.0,137.7386472746138,5.526497e-06
140.27,0.0,137.7382356518959,5.254085e-06
140.27,0.0,137.7378318051379,5.387803e-06
140.27,0.0,137.73739472037283,5.412963e-06
140.27,0.0,137.73699517003962,5.292633e-06
140.27,0.0,137.73658472837894,5.451933e-06
140.27,0.0,137.73615903755987,5.332142e-06
140.27,0.0,137.73572738150543,5.385169e-06
140.27,0.0,137.73532418605265,5.28137e-06
140.27,0.0,137.73492348099987,5.666661e-06
140.27,0.0,137.73448623660582,5.755457e-06
140.27,0.0,137.7340740571606,6.098941e-06
140.27,0.0,137.73365354850435,6.183735e-06
140.27,0.0,137.73321849898886,6.255257e-06
140.27,0.0,137.73281050942808,6.436589e-06
140.27,0.0,137.7323743701844,6.242029e-06
140.27,0.0,137.731972345224,6.074479e-06
140.27,0.0,137.73156621948218,6.193703e-06
140.27,0.0,137.73113804667068,6.254093e-06
140.27,0.0,137.7307069087273,6.586808e-06
140.27,0.0,137.73030151063145,6.172195e-06
140.27,0.0,137.72987913201607,6.271846e-06
140.27,0.0,137.72945748216452,5.919632e-06
140.27,0.0,137.72904844754058,6.137052e-06
140.27,0.0,137.72863292408695,5.937312e-06
140.27,0.0,137.72821072310668,6.632676e-06
140.27,0.0,137.72777301753626,6.63918e-06
140.27,0.0,137.72737355900713,6.4497e-06
140.27,0.0,137.72697414946606,5.95102e-06
140.27,0.0,137.72653359811974,6.097034e-06
140.27,0.0,137.72611713278803,6.021379e-06
140.27,0.0,137.72570429710294,5.636844e-06
140.27,0.0,137.7252983585011,5.591472e-06
140.27,0.0,137.72485352930093,5.527283e-06
140.27,0.0,137.72446080164096,5.777998e-06
140.27,0.0,137.72405298348065,5.778711e-06
140.27,0.0,137.72360630149035,5.78133e-06
140.27,0.0,137.72319265692312,6.114031e-06
140.27,0.0,137.72274598478273,6.220929e-06
140.27,0.0,137.7223439563603,6.33992e-06
140.27,0.0,137.72194384001207,6.043279e-06
140.27,0.0,137.7215067860456,6.353584e-06
140.27,0.0,137.72109326840987,5.620022e-06
140.27,0.0,137.7206784092962,5.715759e-06
140.27,0.0,137.72026446766077,5.15634e-06
140.27,0.0,137.7198396299868,5.186987e-06
140.27,0.0,137.71943967244852,4.365706e-06
140.27,0.0,137.71898346119693,5.456342e-06
140.27,0.0,137.71858812989822,5.515249e-06
140.27,0.0,137.71817350466753,6.082089e-06
140.27,0.0,137.71775846916262,6.575327e-06
140.27,0.0,137.71735674384257,6.070404e-06
140.27,0.0,137.7169144791561,5.970316e-06
140.27,0.0,137.7165106194961,6.314876e-06
140.27,0.0,137.71609647808094,6.45213e-06
140.27,0.0,137.71568132034545,6.680741e-06
140.27,0.0,137.71526983837097,6.77089e-06
140.27,0.0,137.7148243396914,6.796618e-06
140.27,0.0,137.7144385141504,6.875474e-06
140.27,0.0,137.71399976469675,6.645059e-06
140.27,0.0,137.71358448454214,6.454575e-06
140.27,0.0,137.71316952291482,6.530681e-06
140.27,0.0,137.71275673634642,6.230024e-06
140.27,0.0,137.71231906671062,5.938477e-06
140.27,0.0,137.7119143487745,5.6196e-06
140.27,0.0,137.71148219219444,5.89191e-06
140.27,0.0,137.71105910006335,5.908762e-06
140.27,0.0,137.71066147547626,6.388858e-06
140.27,0.0,137.7102453527197,5.919224e-06
140.27,0.0,137.7098072563265,5.944385e-06
140.27,0.0,137.70940687760358,5.872964e-06
140.27,0.0,137.7090097847204,6.456001e-06
140.27,0.0,137.70856227284548,6.248258e-06
140.27,0.0,137.70814822431828,6.277463e-06
140.27,0.0,137.70773371761544,6.20223e-06
140.27,0.0,137.70729735579678,6.424336e-06
140.27,0.0,137.70689216156717,6.629416e-06
140.27,0.0,137.7064934936399,6.798669e-06
140.27,0.0,137.70605646048026,6.955204e-06
140.27,0.0,137.70563616850944,6.98003e-06
140.27,0.0,137.70522398768344,6.912087e-06
140.27,0.0,137.7048169119006,7.019989e-06
140.27,0.0,137.70437589801452,7.080962e-06
140.27,0.0,137.70396973556478,6.549075e-06
140.27,0.0,137.7035580983497,6.609465e-06
140.27,0.0,137.70312995990287,6.958158e-06
140.27,0.0,137.70269832207472,6.813265e-06
140.27,0.0,137.70228615967218,6.729126e-06
140.27,0.0,137.70184735024043,6.423448e-06
140.27,0.0,137.70144516878628,7.475552e-06
140.27,0.0,137.70104141674216,7.239767e-06
140.27,0.0,137.7006066788943,7.744602e-06
140.27,0.0,137.70017850697928,7.308088e-06
140.27,0.0,137.69976567067678,7.620911e-06
140.27,0.0,137.69936281819048,7.524388e-06
140.27,0.0,137.6989630803628,7.718045e-06
140.27,0.0,137.69852600949767,7.788418e-06
140.27,0.0,137.698100812059,7.819704e-06
140.27,0.0,137.697699368474,7.386901e-06
140.27,0.0,137.69727609099337,7.808005e-06
140.27,0.0,137.69685482067007,7.42868e-06
140.27,0.0,137.69645543116542,7.113384e-06
140.27,0.0,137.6960476017973,6.705683e-06
140.27,0.0,137.69561592698759,6.968199e-06
140.27,0.0,137.69519071130472,7.320501e-06
140.27,0.0,137.69477943165285,6.654576e-06
140.27,0.0,137.69437302680046,7.309951e-06
140.27,0.0,137.6939609581886,7.006427e-06
140.27,0.0,137.69352026762544,7.465147e-06
140.27,0.0,137.69310671164715,7.896248e-06
140.27,0.0,137.692684129297,7.567214e-06
140.27,0.0,137.69224617058154,8.000032e-06
140.27,0.0,137.6918426334805,7.611656e-06
140.27,0.0,137.6914410688915,7.693438e-06
140.27,0.0,137.69100481195161,7.869137e-06
140.27,0.0,137.69059077609333,7.882452e-06
140.27,0.0,137.69017744927135,7.711089e-06
140.27,0.0,137.6897626494107,7.687937e-06
140.27,0.0,137.68932236525387,7.937226e-06
140.27,0.0,137.6889253199295,7.259761e-06
140.27,0.0,137.68852016039304,7.415234e-06
140.27,0.0,137.6880836234981,7.595954e-06
140.27,0.0,137.68765900823428,7.25998e-06
140.27,0.0,137.68724650815187,7.954557e-06
140.27,0.0,137.68684472854954,7.794748e-06
140.27,0.0,137.68639553717753,7.693205e-06
140.27,0.0,137.68600557382823,7.991694e-06
140.27,0.0,137.6855929939509,6.995935e-06
140.27,0.0,137.6851522019306,7.156093e-06
140.27,0.0,137.68473336001202,7.258146e-06
140.27,0.0,137.68432378039319,7.201568e-06
140.27,0.0,137.68392362529903,7.746523e-06
140.27,0.0,137.68348223762175,7.828872e-06
140.27,0.0,137.6830692459727,7.88852e-06
140.27,0.0,137.6826391304567,7.480587e-06
140.27,0.0,137.6822082880781,7.524868e-06
140.27,0.0,137.6818016734037,7.493378e-06
140.27,0.0,137.6813910917576,7.078386e-06
140.27,0.0,137.68096139694015,7.10992e-06
140.27,0.0,137.68055483785838,7.218012e-06
140.27,0.0,137.6801418913925,6.39433e-06
140.27,0.0,137.6796970976363,5.657392e-06
140.27,0.0,137.67928714021198,6.505521e-06
140.27,0.0,137.67888644819365,6.558868e-06
140.27,0.0,137.67848678162295,6.968286e-06
140.27,0.0,137.67804733381257,7.078066e-06
140.27,0.0,137.67762680469116,7.386305e-06
140.27,0.0,137.677212823463,7.517345e-06
140.27,0.0,137.67681080127304,7.294526e-06
140.27,0.0,137.67636306068607,7.426715e-06
140.27,0.0,137.67596656955138,7.163704e-06
140.27,0.0,137.67555846001773,7.086273e-06
140.27,0.0,137.6751307885469,7.121809e-06
140.27,0.0,137.67470278681125,7.302951e-06
140.27,0.0,137.67429299009842,7.430455e-06
140.27,0.0,137.67389430848039,7.394672e-06
140.27,0.0,137.67345459918738,7.194089e-06
140.27,0.0,137.6730496788783,7.256967e-06
140.27,0.0,137.6726168061515,7.945055e-06
140.27,0.0,137.6721887663401,7.880211e-06
140.27,0.0,137.67177758080797,7.635244e-06
140.27,0.0,137.6713791232786,7.846305e-06
140.27,0.0,137.67094029251982,7.785551e-06
140.27,0.0,137.6705377078978,7.928582e-06
140.27,0.0,137.67011349322757,7.570314e-06
140.27,0.0,137.6696990807184,7.541414e-06
140.27,0.0,137.6692611983665,7.726296e-06
140.27,0.0,137.66885916301288,7.552517e-06
140.27,0.0,137.66845716104672,7.479e-06
140.27,0.0,137.668018391276,7.382347e-06
140.27,0.0,137.66760422657066,7.569339e-06
140.27,0.0,137.66718824372361,7.386509e-06
140.27,0.0,137.66677383919583,7.304334e-06
140.27,0.0,137.66634718471013,7.407594e-06
140.27,0.0,137.66593313715495,7.638548e-06
140.27,0.0,137.66553158998994,7.721639e-06
140.27,0.0,137.6650970800475,7.687384e-06
140.27,0.0,137.66467124729712,7.428433e-06
140.27,0.0,137.66425554361717,7.770795e-06
140.27,0.0,137.6638519806255,8.058691e-06
140.27,0.0,137.6634149683964,7.715862e-06
140.27,0.0,137.6630149963807,7.316732e-06
140.27,0.0,137.6625783457215,7.484647e-06
140.27,0.0,137.66215477275375,7.474941e-06
140.27,0.0,137.6617418848606,7.183291e-06
140.27,0.0,137.6613111390268,7.296141e-06
140.27,0.0,137.66090248508775,7.608673e-06
140.27,0.0,137.66050289586613,6.970324e-06
140.27,0.0,137.66006384338363,7.218114e-06
140.27,0.0,137.6596425171659,7.218725e-06
140.27,0.0,137.65922954728958,7.15132e-06
140.27,0.0,137.65882939446882,7.145572e-06
140.27,0.0,137.65838917657487,7.37785e-06
140.27,0.0,137.65798811302517,7.776966e-06
140.27,0.0,137.65758166606153,7.723473e-06
140.27,0.0,137.657156241903,7.426672e-06
140.27,0.0,137.6567259999033,7.354683e-06
140.27,0.0,137.65632063620433,7.785464e-06
140.27,0.0,137.65592180475264,7.879964e-06
140.27,0.0,137.65548545291568,7.440278e-06
140.27,0.0,137.65507532358293,6.749979e-06
140.27,0.0,137.65466011886085,5.433132e-06
140.27,0.0,137.6542445237177,3.973662e-06
140.27,0.0,137.6538036564323,3.375055e-06
140.27,0.0,137.65340760849395,4.104761e-06
140.27,0.0,137.65300812660422,5.267648e-06
140.27,0.0,137.65256141561792,6.023387e-06
140.27,0.0,137.6521387947628,6.554066e-06
140.27,0.0,137.65172551603607,6.728136e-06
140.27,0.0,137.65128767513602,6.698043e-06
140.27,0.0,137.6508774101191,6.718488e-06
140.27,0.0,137.65048736578038,6.627772e-06
140.27,0.0,137.65005039835017,6.740593e-06
140.27,0.0,137.6496346506193,7.157549e-06
140.27,0.0,137.6492220850865,7.108392e-06
140.27,0.0,137.64878272860867,7.308321e-06
140.27,0.0,137.64838042654284,7.588576e-06
140.27,0.0,137.6479801986261,7.393901e-06
140.27,0.0,137.64754291572467,7.494324e-06
140.27,0.0,137.64712279818556,7.554612e-06
140.27,0.0,137.64671888499464,6.924121e-06
140.27,0.0,137.64628204721728,5.940587e-06
140.27,0.0,137.64589102405725,6.535032e-06
140.27,0.0,137.64544961685837,7.266484e-06
140.27,0.0,137.64502553401476,7.371375e-06
140.27,0.0,137.6446289980723,7.458308e-06
140.27,0.0,137.64420724692047,7.404e-06
140.27,0.0,137.64376537023247,7.502589e-06
140.27,0.0,137.64336224890695,7.809955e-06
140.27,0.0,137.64296011907172,7.613722e-06
140.27,0.0,137.64251810132185,7.478593e-06
140.27,0.0,137.6421018102296,7.712748e-06
140.27,0.0,137.64168828987957,7.514929e-06
140.27,0.0,137.64124087822557,7.050054e-06
140.27,0.0,137.64083614733536,6.983842e-06
140.27,0.0,137.64043754200392,6.415634e-06
140.27,0.0,137.64002128337182,4.513655e-06
140.27,0.0,137.63958462043027,3.641355e-06
140.27,0.0,137.6391698942263,4.679314e-06
140.27,0.0,137.6387583997006,6.00559e-06
140.27,0.0,137.63835905673258,6.772723e-06
140.27,0.0,137.6379207954443,7.17261e-06
140.27,0.0,137.63751812473052,7.257026e-06
140.27,0.0,137.63710535558903,7.623195e-06
140.27,0.0,137.63668539365145,7.642913e-06
140.27,0.0,137.63624984950292,7.793307e-06
140.27,0.0,137.63583688272627,7.909912e-06
140.27,0.0,137.63545137860638,7.853683e-06
140.27,0.0,137.63501062330906,7.841445e-06
140.27,0.0,137.634597408338,7.842289e-06
140.27,0.0,137.63418365545334,7.905022e-06
140.27,0.0,137.63374161238028,8.029368e-06
140.27,0.0,137.63333865661485,8.051502e-06
140.27,0.0,137.63293688550397,7.853683e-06
140.27,0.0,137.6324968383707,7.853872e-06
140.27,0.0,137.63208432314792,7.337876e-06
140.27,0.0,137.6316525598023,7.18901e-06
140.27,0.0,137.63122782063738,7.586277e-06
140.27,0.0,137.63082264775053,7.728901e-06
140.27,0.0,137.63042260831105,7.638941e-06
140.27,0.0,137.62998286576646,7.827781e-06
140.27,0.0,137.62957194011545,7.715411e-06
140.27,0.0,137.6291567395705,7.334776e-06
140.27,0.0,137.6287393595382,7.569601e-06
140.27,0.0,137.62830114307857,7.896335e-06
140.27,0.0,137.62790199839247,7.774594e-06
140.27,0.0,137.6275010919275,7.713606e-06
140.27,0.0,137.6270598168493,7.843773e-06
140.27,0.0,137.62664108453805,7.999188e-06
140.27,0.0,137.62622910010558,7.836323e-06
140.27,0.0,137.62582627589217,7.716881e-06
140.27,0.0,137.62538779907095,7.767871e-06
140.27,0.0,137.62497635656058,7.64674e-06
140.27,0.0,137.62457796888168,7.856768e-06
140.27,0.0,137.6241513212302,7.896335e-06
140.27,0.0,137.62372083098347,7.531038e-06
140.27,0.0,137.62331471305853,7.343435e-06
140.27,0.0,137.62287529814333,7.560884e-06
140.27,0.0,137.62247753578572,7.829847e-06
140.27,0.0,137.6220366957005,7.69872e-06
140.27,0.0,137.62161815928252,7.35221e-06
140.27,0.0,137.6212010909027,7.28076e-06
140.27,0.0,137.62075091256824,7.2111e-06
140.27,0.0,137.6203716152953,7.190582e-06
140.27,0.0,137.61996833414662,6.966686e-06
140.27,0.0,137.619529249906,7.234034e-06
140.27,0.0,137.61911354099712,7.067269e-06
140.27,0.0,137.61869813223822,6.927876e-06
140.27,0.0,137.61828680868638,7.106748e-06
140.27,0.0,137.6178477781262,6.995091e-06
140.27,0.0,137.6174456704928,6.929084e-06
140.27,0.0,137.61703959584,6.768198e-06
140.27,0.0,137.61662470699204,6.735485e-06
140.27,0.0,137.61620316303183,6.700138e-06
140.27,0.0,137.61576470756427,6.62994e-06
140.27,0.0,137.61536552974167,6.89704e-06
140.27,0.0,137.61496349895168,7.451061e-06
140.27,0.0,137.6145547842738,7.195005e-06
140.27,0.0,137.61412059126124,7.216513e-06
140.27,0.0,137.61369126010592,7.384966e-06
140.27,0.0,137.61328181105628,7.427647e-06
140.27,0.0,137.6128432596185,7.40547e-06
140.27,0.0,137.61244557885138,7.503302e-06
140.27,0.0,137.61202604066173,7.471317e-06
140.27,0.0,137.61159666112528,7.454175e-06
140.27,0.0,137.61118420181478,7.438313e-06
140.27,0.0,137.610772317804,7.258888e-06
140.27,0.0,137.61033577260363,7.077615e-06
140.27,0.0,137.6099352602837,7.271781e-06
140.27,0.0,137.60952872727827,7.61819e-06
140.27,0.0,137.6090916256656,6.669754e-06
140.27,0.0,137.6086649704556,5.679656e-06
140.27,0.0,137.60825695490445,5.811889e-06
140.27,0.0,137.6078304027981,5.605209e-06
140.27,0.0,137.60742046608522,4.931368e-06
140.27,0.0,137.60701761465828,4.736023e-06
140.27,0.0,137.6065815753926,4.736183e-06
140.27,0.0,137.60615628232537,4.682341e-06
140.27,0.0,137.6057427856714,4.473201e-06
140.27,0.0,137.6053385947608,4.30207e-06
140.27,0.0,137.60493781973526,4.480287e-06
140.27,0.0,137.60449807802084,4.169866e-06
140.27,0.0,137.60408499848677,3.890673e-06
140.27,0.0,137.60366981150233,3.341906e-06
140.27,0.0,137.603220543728,1.117805e-06
140.27,0.0,137.6028130132654,5.3861e-07
140.27,0.0,137.60240820954826,1.109234e-06
140.27,0.0,137.6019664435268,1.095832e-06
140.27,0.0,137.60155605899942,1.458233e-06
140.27,0.0,137.60114204751,2.374305e-06
140.27,0.0,137.6007257831306,3.374211e-06
140.27,0.0,137.60028909870678,4.208589e-06
140.27,0.0,137.59988940326787,4.661924e-06
140.27,0.0,137.59949128757225,4.803718e-06
140.27,0.0,137.59905235488537,5.07143e-06
140.27,0.0,137.5986323676747,5.416878e-06
140.27,0.0,137.5982175081976,5.433263e-06
140.27,0.0,137.59780859024798,5.83232e-06
140.27,0.0,137.59740680201048,5.92471e-06
140.27,0.0,137.596951726532,5.881302e-06
140.27,0.0,137.59655611451737,6.002767e-06
140.27,0.0,137.59613324818454,6.060684e-06
140.27,0.0,137.59572548346915,5.896145e-06
140.27,0.0,137.59528862659567,5.841197e-06
140.27,0.0,137.59488400653856,5.996029e-06
140.27,0.0,137.5944846967574,5.930968e-06
140.27,0.0,137.5940726643006,6.0694e-06
140.27,0.0,137.59362931238772,6.057875e-06
140.27,0.0,137.59318943329825,5.758367e-06
140.27,0.0,137.59280133239733,5.762806e-06
140.27,0.0,137.59235937725475,6.000118e-06
140.27,0.0,137.59194221172143,5.790251e-06
140.27,0.0,137.59154724241324,5.729322e-06
140.27,0.0,137.59111526424255,6.141039e-06
140.27,0.0,137.590688395571,6.381786e-06
140.27,0.0,137.5902780353121,6.734583e-06
140.27,0.0,137.58987532469834,6.752409e-06
140.27,0.0,137.58943419717176,6.80807e-06
140.27,0.0,137.58902972038973,6.604037e-06
140.27,0.0,137.58861818577535,6.313247e-06
140.27,0.0,137.58819854821874,6.20693e-06
140.27,0.0,137.58776128678318,6.451141e-06
140.27,0.0,137.58736292541923,6.232658e-06
140.27,0.0,137.58696250701055,6.440096e-06
140.27,0.0,137.5865251941411,6.543356e-06
140.27,0.0,137.5861105506859,6.35942e-06
140.27,0.0,137.5856919119709,5.757072e-06
140.27,0.0,137.58525201993345,6.197326e-06
140.27,0.0,137.58484697361143,5.965107e-06
140.27,0.0,137.5844591961805,6.321192e-06
140.27,0.0,137.5840214076989,6.499016e-06
140.27,0.0,137.58360651319887,6.520859e-06
140.27,0.0,137.583183979886,6.382295e-06
140.27,0.0,137.5827521333167,6.567338e-06
140.27,0.0,137.5823118549043,6.612318e-06
140.27,0.0,137.58191216648606,6.561138e-06
140.27,0.0,137.58151170236252,6.669172e-06
140.27,0.0,137.58107219665504,6.367496e-06
140.27,0.0,137.58065173009302,6.163973e-06
140.27,0.0,137.58023853221783,6.470902e-06
140.27,0.0,137.57982239440784,6.692571e-06
140.27,0.0,137.57939825886086,6.783768e-06
140.27,0.0,137.57899576136109,6.75465e-06
140.27,0.0,137.57858348210118,6.68272e-06
140.27,0.0,137.57815602308295,6.561429e-06
140.27,0.0,137.57772354013372,6.245871e-06
140.27,0.0,137.57731789965248,6.234462e-06
140.27,0.0,137.5769179541028,6.189934e-06
140.27,0.0,137.576514706583,5.932336e-06
140.27,0.0,137.57607629278795,6.261951e-06
140.27,0.0,137.57565526577972,6.382659e-06
140.27,0.0,137.57524243533405,6.532442e-06
140.27,0.0,137.57482926692435,6.578426e-06
140.27,0.0,137.57440043519102,6.499045e-06
140.27,0.0,137.5739970226223,6.773465e-06
140.27,0.0,137.57357001175654,6.755959e-06
140.27,0.0,137.573154108017,6.446702e-06
140.27,0.0,137.57274327817615,6.26735e-06
140.27,0.0,137.57231018019056,6.18065e-06
140.27,0.0,137.57190056562567,6.369504e-06
140.27,0.0,137.57148495711434,6.658898e-06
140.27,0.0,137.57105316568786,6.803122e-06
140.27,0.0,137.5706445033625,6.86456e-06
140.27,0.0,137.57021041634005,6.980146e-06
140.27,0.0,137.56979832410508,6.772214e-06
140.27,0.0,137.56938098216986,6.876959e-06
140.27,0.0,137.5689877809698,6.366565e-06
140.27,0.0,137.56855724907444,6.51236e-06
140.27,0.0,137.56814256459384,6.730741e-06
140.27,0.0,137.5677018194387,7.008537e-06
140.27,0.0,137.567303865045,7.067618e-06
140.27,0.0,137.56687519026963,7.348732e-06
140.27,0.0,137.56648281137637,7.329974e-06
140.27,0.0,137.56604891476107,7.241353e-06
140.27,0.0,137.56563930850675,6.93668e-06
140.27,0.0,137.56519853673194,6.412418e-06
140.27,0.0,137.56477566030716,5.748734e-06
140.27,0.0,137.56436560650585,6.739647e-06
140.27,0.0,137.56395643662808,7.410155e-06
140.27,0.0,137.5635439990312,7.721086e-06
140.27,0.0,137.5631186902371,7.920244e-06
140.27,0.0,137.5626895823422,7.636554e-06
140.27,0.0,137.56225925789448,7.543451e-06
140.27,0.0,137.5618446700268,7.512135e-06
140.27,0.0,137.56144652505725,7.221926e-06
140.27,0.0,137.56101796427984,6.491071e-06
140.27,0.0,137.5606123762811,6.219983e-06
140.27,0.0,137.56016980414188,6.490838e-06
140.27,0.0,137.55974376578476,6.636139e-06
140.27,0.0,137.55934021554725,6.738963e-06
140.27,0.0,137.55892548563807,6.882619e-06
140.27,0.0,137.5585361721869,6.994815e-06
140.27,0.0,137.55809452993572,6.956179e-06
140.27,0.0,137.55768872108757,6.656439e-06
140.27,0.0,137.55725608491264,6.255752e-06
140.27,0.0,137.55686314460937,6.134404e-06
140.27,0.0,137.55643207760286,6.049202e-06
140.27,0.0,137.55603567827924,6.719187e-06
140.27,0.0,137.55560555288392,7.02645e-06
140.27,0.0,137.55518362680502,7.113078e-06
140.27,0.0,137.5547774731622,7.475042e-06
140.27,0.0,137.5543460020694,7.541195e-06
140.27,0.0,137.55394209947312,7.22929e-06
140.27,0.0,137.5535197818474,7.071867e-06
140.27,0.0,137.55308897429745,6.796152e-06
140.27,0.0,137.55266912943048,6.828137e-06
140.27,0.0,137.55226131178637,7.025083e-06
140.27,0.0,137.55182695534876,7.412338e-06
140.27,0.0,137.55142366920182,7.526891e-06
140.27,0.0,137.55100412181906,7.483948e-06
140.27,0.0,137.55057245994345,7.8827e-06
140.27,0.0,137.5501550797749,7.934883e-06
140.27,0.0,137.54972744997113,7.864757e-06
140.27,0.0,137.54931409420885,7.595649e-06
140.27,0.0,137.54890844845,7.41033e-06
140.27,0.0,137.54849572483167,7.331269e-06
140.27,0.0,137.5480883897021,7.241906e-06
140.27,0.0,137.54764662130336,7.690978e-06
140.27,0.0,137.54723685596323,7.87669e-06
140.27,0.0,137.5468086163163,8.074581e-06
140.27,0.0,137.54639953807802,7.846058e-06
140.27,0.0,137.54601525332538,7.453767e-06
140.27,0.0,137.5455799369426,7.306386e-06
140.27,0.0,137.54516318443558,7.432624e-06
140.27,0.0,137.5447366508187,6.745657e-06
140.27,0.0,137.54430552856203,6.746646e-06
140.27,0.0,137.54391011280154,6.381932e-06
140.27,0.0,137.5434774261522,6.602961e-06
140.27,0.0,137.54304785756293,6.918737e-06
140.27,0.0,137.54264094021858,7.10781e-06
140.27,0.0,137.54220362253187,7.157549e-06
140.27,0.0,137.54180197699816,7.252005e-06
140.27,0.0,137.54136883648678,6.992035e-06
140.27,0.0,137.54097125887034,7.091177e-06
140.27,0.0,137.54054500481038,7.356706e-06
140.27,0.0,137.54012172927503,7.202369e-06
140.27,0.0,137.5396985336558,6.639952e-06
140.27,0.0,137.5392963551362,6.359944e-06
140.27,0.0,137.53886611007707,6.632516e-06
140.27,0.0,137.53847047860657,6.976305e-06
140.27,0.0,137.53804297675052,7.066294e-06
140.27,0.0,137.5376353988651,7.116454e-06
140.27,0.0,137.53719731184634,7.335722e-06
140.27,0.0,137.5367947144894,7.550203e-06
140.27,0.0,137.53636416237583,7.540002e-06
140.27,0.0,137.5359651624711,7.575363e-06
140.27,0.0,137.53554497059844,7.600203e-06
140.27,0.0,137.53513309388944,7.41212e-06
140.27,0.0,137.53469143582075,7.207171e-06
140.27,0.0,137.53428838875865,7.317518e-06
140.27,0.0,137.53387277083579,7.823706e-06
140.27,0.0,137.53345986643717,8.218223e-06
140.27,0.0,137.53302584666085,8.259929e-06
140.27,0.0,137.53260678760972,8.386807e-06
140.27,0.0,137.53218292073367,8.522518e-06
140.27,0.0,137.53177872355056,8.373361e-06
140.27,0.0,137.53134928577236,8.349816e-06
140.27,0.0,137.53094601157656,8.316929e-06
140.27,0.0,137.5305261239751,8.432893e-06
140.27,0.0,137.53010113269605,7.851369e-06
140.27,0.0,137.5296827536019,7.262555e-06
140.27,0.0,137.52927719527239,7.096751e-06
140.27,0.0,137.52884483107272,7.358918e-06
140.27,0.0,137.52845012839063,7.68654e-06
140.27,0.0,137.5280166270366,7.836439e-06
140.27,0.0,137.52760868555487,7.717943e-06
140.27,0.0,137.527168396001,7.883325e-06
140.27,0.0,137.526761934953,8.062794e-06
140.27,0.0,137.52632940937994,7.958297e-06
140.27,0.0,137.52593437266336,7.495415e-06
140.27,0.0,137.52550804995815,6.909788e-06
140.27,0.0,137.52510608609612,6.822214e-06
140.27,0.0,137.52467047503686,7.367504e-06
140.27,0.0,137.52427055930346,7.89098e-06
140.27,0.0,137.52384006283646,7.873125e-06
140.27,0.0,137.52341134116708,7.46864e-06
140.27,0.0,137.52301845302486,7.900133e-06
140.27,0.0,137.52257640725688,7.719485e-06
140.27,0.0,137.52215534992547,8.123287e-06
140.27,0.0,137.52172732830545,7.804556e-06
140.27,0.0,137.52129580302815,7.270952e-06
140.27,0.0,137.52088921928433,6.627059e-06
140.27,0.0,137.52046903253026,7.278519e-06
140.27,0.0,137.52006560876873,7.66333e-06
140.27,0.0,137.51964598068105,7.876632e-06
140.27,0.0,137.51922115811595,8.151488e-06
140.27,0.0,137.5188216429446,8.07301e-06
140.27,0.0,137.51839129879,7.858747e-06
140.27,0.0,137.51799688082983,7.835581e-06
140.27,0.0,137.51755911941535,7.336086e-06
140.27,0.0,137.51714991148583,6.916292e-06
140.27,0.0,137.51672324009098,6.684058e-06
140.27,0.0,137.5163109749225,6.897928e-06
140.27,0.0,137.5159085194939,7.150884e-06
140.27,0.0,137.51548398761162,7.459399e-06
140.27,0.0,137.51507788002047,7.394614e-06
140.27,0.0,137.51463579042513,7.462644e-06
140.27,0.0,137.5142262427555,7.488386e-06
140.27,0.0,137.51379881795108,7.312017e-06
140.27,0.0,137.51340515056697,7.528201e-06
140.27,0.0,137.5129759139207,7.009934e-06
140.27,0.0,137.51254709279897,6.496368e-06
140.27,0.0,137.51213450683036,6.344548e-06
140.27,0.0,137.51168467379048,6.306829e-06
140.27,0.0,137.51129593883357,6.767805e-06
140.27,0.0,137.51085853364754,7.413837e-06
140.27,0.0,137.5104663276744,7.462862e-06
140.27,0.0,137.5100361720836,7.750714e-06
140.27,0.0,137.50962709464372,7.698865e-06
140.27,0.0,137.50921277052808,7.568873e-06
140.27,0.0,137.5087784066253,7.791154e-06
140.27,0.0,137.50838804078023,7.473733e-06
140.27,0.0,137.50795638470515,7.213821e-06
140.27,0.0,137.50752976900958,6.531598e-06
140.27,0.0,137.50712395924126,6.531409e-06
140.27,0.0,137.506673857021,7.198454e-06
140.27,0.0,137.50628162940626,7.48146e-06
140.27,0.0,137.50586747956223,7.773924e-06
140.27,0.0,137.50545991684774,7.716313e-06
140.27,0.0,137.50502858022227,7.625378e-06
140.27,0.0,137.50461745438162,7.530849e-06
140.27,0.0,137.50420110717158,7.779978e-06
140.27,0.0,137.50376872376316,7.894792e-06
140.27,0.0,137.50334586646204,7.805997e-06
140.27,0.0,137.50294287860874,7.233364e-06
140.27,0.0,137.50250903217184,6.593065e-06
140.27,0.0,137.50209856119196,6.224873e-06
140.27,0.0,137.501679010694,6.58026e-06
140.27,0.0,137.50125149269115,6.409464e-06
140.27,0.0,137.5008307055775,6.731439e-06
140.27,0.0,137.50042780085784,6.679184e-06
140.27,0.0,137.4999952133682,6.222719e-06
140.27,0.0,137.49959165977975,6.405346e-06
140.27,0.0,137.49917288156232,6.306233e-06
140.27,0.0,137.4987420072246,6.274378e-06
140.27,0.0,137.49834994519628,6.552844e-06
140.27,0.0,137.49792120196278,6.359507e-06
140.27,0.0,137.49752476734474,5.957947e-06
140.27,0.0,137.49708838224146,5.96093e-06
140.27,0.0,137.4966704658366,6.208691e-06
140.27,0.0,137.49624150502356,6.375267e-06
140.27,0.0,137.49585133300374,6.601927e-06
140.27,0.0,137.49541571792298,6.724542e-06
140.27,0.0,137.4950224997987,6.743401e-06
140.27,0.0,137.49457282814416,6.598013e-06
140.27,0.0,137.49416925026424,6.405986e-06
140.27,0.0,137.49374007272039,6.607268e-06
140.27,0.0,137.4933207300708,6.821487e-06
140.27,0.0,137.4929155713448,6.760951e-06
140.27,0.0,137.49248174156605,6.613962e-06
140.27,0.0,137.49207496345326,6.361981e-06
140.27,0.0,137.49165065984334,5.838083e-06
140.27,0.0,137.49122253419435,6.221744e-06
140.27,0.0,137.4908252043621,6.58576e-06
140.27,0.0,137.49039255768614,6.685761e-06
140.27,0.0,137.4899971451862,6.733884e-06
140.27,0.0,137.48956158954024,6.968534e-06
140.27,0.0,137.4891404168656,6.94381e-06
140.27,0.0,137.48870839740786,7.068724e-06
140.27,0.0,137.4883201082109,7.18006e-06
140.27,0.0,137.48788905251362,7.241601e-06
140.27,0.0,137.4874954028376,7.109658e-06
140.27,0.0,137.48706609381094,7.037699e-06
140.27,0.0,137.4866293193832,6.971051e-06
140.27,0.0,137.48621509280687,6.781891e-06
140.27,0.0,137.48581601053527,6.13564e-06
140.27,0.0,137.48538700532345,6.252332e-06
140.27,0.0,137.48497335347884,6.57831e-06
140.27,0.0,137.4845568443031,6.637507e-06
140.27,0.0,137.48413300694938,6.668968e-06
140.27,0.0,137.48370813511076,6.760427e-06
140.27,0.0,137.4832693225654,6.893795e-06
140.27,0.0,137.4828770168151,6.769304e-06
140.27,0.0,137.48244670859265,6.82821e-06
140.27,0.0,137.48201904329858,6.883143e-06
140.27,0.0,137.481613878157,7.253984e-06
140.27,0.0,137.4811994744656,7.022973e-06
140.27,0.0,137.48077042085265,6.980481e-06
140.27,0.0,137.48034174220595,6.661183e-06
140.27,0.0,137.47994809951464,6.352187e-06
140.27,0.0,137.47951512010331,6.602291e-06
140.27,0.0,137.47910661798502,6.730319e-06
140.27,0.0,137.4786903137981,6.753369e-06
140.27,0.0,137.47825613643982,6.982678e-06
140.27,0.0,137.47786321046354,7.195937e-06
140.27,0.0,137.4774252803469,7.158829e-06
140.27,0.0,137.47703158393224,7.344017e-06
140.27,0.0,137.47659314779472,7.331662e-06
140.27,0.0,137.47618878038497,7.449213e-06
140.27,0.0,137.4757874212587,7.303111e-06
140.27,0.0,137.47535800171417,7.319497e-06
140.27,0.0,137.474957472272,7.237832e-06
140.27,0.0,137.47452972672724,6.998394e-06
140.27,0.0,137.47412170986908,6.715694e-06
140.27,0.0,137.47368019613802,6.620685e-06
140.27,0.0,137.47327721586018,6.071903e-06
140.27,0.0,137.47285302848522,6.169386e-06
140.27,0.0,137.47241935725728,6.299582e-06
140.27,0.0,137.47202835768906,6.284157e-06
140.27,0.0,137.47157810097144,6.127579e-06
140.27,0.0,137.4711707618496,5.97391e-06
140.27,0.0,137.4707427366548,6.190778e-06
140.27,0.0,137.47034528079465,6.609742e-06
140.27,0.0,137.46991434879445,6.900387e-06
140.27,0.0,137.469522425688,7.326438e-06
140.27,0.0,137.4690840083758,7.540584e-06
140.27,0.0,137.4686677358075,7.141382e-06
140.27,0.0,137.46824210976126,6.404065e-06
140.27,0.0,137.46781653957572,6.512637e-06
140.27,0.0,137.46741491426542,6.668226e-06
140.27,0.0,137.4670199432612,6.705071e-06
140.27,0.0,137.46657964456955,7.030103e-06
140.27,0.0,137.4661584361533,7.527109e-06
140.27,0.0,137.46573407750265,7.632654e-06
140.27,0.0,137.46533710747016,7.557202e-06
140.27,0.0,137.46490604877718,7.822178e-06
140.27,0.0,137.46451421119477,7.833514e-06
140.27,0.0,137.46407209117314,7.91988e-06
140.27,0.0,137.46365366736293,7.832787e-06
140.27,0.0,137.46323027066168,7.719325e-06
140.27,0.0,137.4628027109199,7.186201e-06
140.27,0.0,137.46238654177594,6.709641e-06
140.27,0.0,137.46197904851525,6.190952e-06
140.27,0.0,137.46154906298383,6.73224e-06
140.27,0.0,137.46113619756412,6.97434e-06
140.27,0.0,137.46069862949187,7.04886e-06
140.27,0.0,137.46029941440736,7.27913e-06
140.27,0.0,137.45986978194958,7.542476e-06
140.27,0.0,137.4594769877945,7.539711e-06
140.27,0.0,137.45904735111583,7.469411e-06
140.27,0.0,137.45862275141903,7.596464e-06
140.27,0.0,137.45819594339562,7.652081e-06
140.27,0.0,137.45779772802828,7.738316e-06
140.27,0.0,137.45738437436248,7.43549e-06
140.27,0.0,137.45697520569277,7.186871e-06
140.27,0.0,137.4565496287811,7.001872e-06
140.27,0.0,137.45613689523535,6.910181e-06
140.27,0.0,137.45569730106487,7.199342e-06
140.27,0.0,137.45529413615122,7.425391e-06
140.27,0.0,137.4548818653815,7.537936e-06
140.27,0.0,137.4544727640281,7.630573e-06
140.27,0.0,137.45404145713994,7.425901e-06
140.27,0.0,137.4536317966439,6.919465e-06
140.27,0.0,137.45322036260052,6.123941e-06
140.27,0.0,137.45279180750467,6.218732e-06
140.27,0.0,137.4523655370315,7.224662e-06
140.27,0.0,137.45193899844148,7.614915e-06
140.27,0.0,137.45154170015047,7.216964e-06
140.27,0.0,137.4511056582934,6.272312e-06
140.27,0.0,137.4506915743807,6.734757e-06
140.27,0.0,137.4502593562102,7.172726e-06
140.27,0.0,137.44986589306157,7.467272e-06
140.27,0.0,137.4494222624119,7.521827e-06
140.27,0.0,137.4490392820571,7.480907e-06
140.27,0.0,137.44860132269346,7.191295e-06
140.27,0.0,137.44818914612983,7.492796e-06
140.27,0.0,137.44775762200754,7.761555e-06
140.27,0.0,137.44736542566793,8.073839e-06
140.27,0.0,137.4469338829091,8.021729e-06
140.27,0.0,137.44650528387731,7.844414e-06
140.27,0.0,137.44609763905268,7.504175e-06
140.27,0.0,137.44567817499126,7.406285e-06
140.27,0.0,137.44524790483752,7.071867e-06
140.27,0.0,137.44485109625597,7.391296e-06
140.27,0.0,137.44441627661436,7.620401e-06
140.27,0.0,137.44402201768068,7.731011e-06
140.27,0.0,137.4435891880319,7.750117e-06
140.27,0.0,137.44316639378235,7.871189e-06
140.27,0.0,137.44273992021527,7.698065e-06
140.27,0.0,137.44231351110417,7.304203e-06
140.27,0.0,137.44191055194625,7.592374e-06
140.27,0.0,137.44147954214702,7.489565e-06
140.27,0.0,137.44107865014666,7.187264e-06
140.27,0.0,137.44063855716865,7.172333e-06
140.27,0.0,137.44022893206613,7.115537e-06
140.27,0.0,137.43979686926394,6.936709e-06
140.27,0.0,137.43940457916312,7.102775e-06
140.27,0.0,137.43897199363713,7.372553e-06
140.27,0.0,137.43857143577088,7.559778e-06
140.27,0.0,137.43815618716386,7.490642e-06
140.27,0.0,137.4377330098491,7.339899e-06
140.27,0.0,137.43729931400827,7.092996e-06
140.27,0.0,137.43690388785168,6.891263e-06
140.27,0.0,137.43650733841048,7.090654e-06
140.27,0.0,137.43607476594178,7.323324e-06
140.27,0.0,137.43565895299142,7.288778e-06
140.27,0.0,137.43522147040073,7.070979e-06
140.27,0.0,137.43482173619495,6.940551e-06
140.27,0.0,137.4344123047242,6.732851e-06
140.27,0.0,137.43399453224373,7.209179e-06
140.27,0.0,137.4335604245325,7.363691e-06
140.27,0.0,137.43314561097526,7.78203e-06
140.27,0.0,137.43270587939583,7.691124e-06
140.27,0.0,137.43228972377972,7.569222e-06
140.27,0.0,137.43187436127604,7.454684e-06
140.27,0.0,137.43148023310502,7.634633e-06
140.27,0.0,137.43105371281248,7.091337e-06
140.27,0.0,137.43062653239866,7.489187e-06
140.27,0.0,137.4302064267993,7.403884e-06
140.27,0.0,137.4298069675273,6.738599e-06
140.27,0.0,137.42937649286785,6.561095e-06
140.27,0.0,137.4289791891912,6.709015e-06
140.27,0.0,137.42854513752692,6.630115e-06
140.27,0.0,137.42813866794268,6.651404e-06
140.27,0.0,137.4276996529791,5.958413e-06
140.27,0.0,137.42730214415187,4.671354e-06
140.27,0.0,137.426871372532,4.881178e-06
140.27,0.0,137.42647478292258,4.887173e-06
140.27,0.0,137.42604638406718,5.086913e-06
140.27,0.0,137.42562328539412,4.66677e-06
140.27,0.0,137.42520177436347,5.0284e-06
140.27,0.0,137.42476253790548,5.760216e-06
140.27,0.0,137.42435709136888,6.259157e-06
140.27,0.0,137.42396850107292,5.979949e-06
140.27,0.0,137.42353769196026,3.580455e-06
140.27,0.0,137.42311651906735,2.992019e-06
140.27,0.0,137.42268423354184,3.046604e-06
140.27,0.0,137.42225651183486,4.495043e-06
140.27,0.0,137.42183494878407,5.263864e-06
140.27,0.0,137.42143026374094,5.73344e-06
140.27,0.0,137.42100089624552,6.31086e-06
140.27,0.0,137.42059448401665,6.561604e-06
140.27,0.0,137.4201743231026,6.717659e-06
140.27,0.0,137.4197454678953,6.548347e-06
140.27,0.0,137.41932577331397,6.949806e-06
140.27,0.0,137.41892832836953,7.112103e-06
140.27,0.0,137.4185045828484,7.341805e-06
140.27,0.0,137.41809446376908,7.428564e-06
140.27,0.0,137.41767518855298,7.560244e-06
140.27,0.0,137.4172441726992,7.483206e-06
140.27,0.0,137.41684575357627,7.728144e-06
140.27,0.0,137.41643903127607,7.66218e-06
140.27,0.0,137.4160175236611,6.860602e-06
140.27,0.0,137.41560870805787,6.609742e-06
140.27,0.0,137.4151656240718,6.012735e-06
140.27,0.0,137.41475745409545,4.920978e-06
140.27,0.0,137.41432701846864,4.527465e-06
140.27,0.0,137.41393614817918,2.596571e-06
140.27,0.0,137.41350795258958,1.129883e-06
140.27,0.0,137.4130767230528,1.537686e-06
140.27,0.0,137.4126621965339,1.571607e-06
140.27,0.0,137.41222363824582,2.084518e-06
140.27,0.0,137.4118240577561,3.598223e-06
140.27,0.0,137.4113905650741,4.099362e-06
140.27,0.0,137.41099812145936,4.020912e-06
140.27,0.0,137.41056446690553,2.025234e-06
140.27,0.0,137.41015022655642,1.731358e-06
140.27,0.0,137.40974008443695,3.096895e-06
140.27,0.0,137.4093074215931,4.437854e-06
140.27,0.0,137.4089016507972,3.619367e-06
140.27,0.0,137.40848442266824,2.356523e-06
140.27,0.0,137.40807968169753,3.207402e-06
140.27,0.0,137.40764227343627,3.813999e-06
140.27,0.0,137.4072315607684,3.942216e-06
140.27,0.0,137.40680142430293,5.175607e-06
140.27,0.0,137.40640505964996,4.659552e-06
140.27,0.0,137.40597110770872,4.906367e-06
140.27,0.0,137.40557575748997,5.731927e-06
140.27,0.0,137.40513298549635,4.64909e-06
140.27,0.0,137.40472329361677,4.198766e-06
140.27,0.0,137.4042889493277,6.298156e-06
140.27,0.0,137.40388945529776,3.844209e-06
140.27,0.0,137.4034602026478,2.88288e-06
140.27,0.0,137.4030615401192,3.311536e-06
140.27,0.0,137.40262280270767,4.438247e-06
140.27,0.0,137.40220930195827,5.273396e-06
140.27,0.0,137.4017781805402,3.765061e-06
140.27,0.0,137.40136378266408,4.426023e-06
140.27,0.0,137.40095227987132,5.93219e-06
140.27,0.0,137.40052241164554,6.227448e-06
140.27,0.0,137.4001132216377,3.14237e-06
140.27,0.0,137.39969607349482,1.930326e-06
140.27,0.0,137.3992641715356,2.812725e-06
140.27,0.0,137.39887343443922,5.267124e-06
140.27,0.0,137.3984453345656,6.02183e-06
140.27,0.0,137.39804591231575,5.55256e-06
140.27,0.0,137.39760592129838,3.974637e-06
140.27,0.0,137.39719732727667,3.655892e-06
140.27,0.0,137.39679189743754,5.500173e-06
140.27,0.0,137.3963572520238,6.108952e-06
140.27,0.0,137.39595854537603,6.779126e-06
140.27,0.0,137.39552980962608,7.295108e-06
140.27,0.0,137.3951108781567,6.704679e-06
140.27,0.0,137.39468376048538,6.270406e-06
140.27,0.0,137.3942827897794,4.675006e-06
140.27,0.0,137.39384979745935,4.57048e-06
140.27,0.0,137.3934577862672,4.627087e-06
140.27,0.0,137.39302961726352,4.024725e-06
140.27,0.0,137.3925996293533,4.480302e-06
140.27,0.0,137.39217845649958,4.430374e-06
140.27,0.0,137.3917718122431,4.168585e-06
140.27,0.0,137.39133519601802,4.465604e-06
140.27,0.0,137.39091252711694,2.84992e-06
140.27,0.0,137.39052120125993,2.912988e-06
140.27,0.0,137.39008202861984,4.209389e-06
140.27,0.0,137.38966661552715,5.415422e-06
140.27,0.0,137.38924156375052,5.66426e-06
140.27,0.0,137.38884541183913,3.994253e-06
140.27,0.0,137.38841541184385,3.208086e-06
140.27,0.0,137.38802266786448,2.844667e-06
140.27,0.0,137.387585822959,2.76533e-06
140.27,0.0,137.3871683098989,3.416295e-06
140.27,0.0,137.38673927344576,4.135494e-06
140.27,0.0,137.3863416566444,3.618756e-06
140.27,0.0,137.38591262962484,3.238674e-06
140.27,0.0,137.38552094010345,3.970374e-06
140.27,0.0,137.38508641720355,4.517991e-06
140.27,0.0,137.3846677347768,3.66506e-06
140.27,0.0,137.38422554605762,1.546359e-06
140.27,0.0,137.38381349405333,2.227069e-06
140.27,0.0,137.3834107030569,1.899898e-07
140.27,0.0,137.3829812448261,9.883661e-08
140.27,0.0,137.38255383931585,7.961353e-08
140.27,0.0,137.38214139184765,4.806789e-07
140.27,0.0,137.3817035938432,9.120849e-07
140.27,0.0,137.38130328636856,3.761961e-07
140.27,0.0,137.3808749964455,4.384347e-07
140.27,0.0,137.38048167967858,1.184162e-06
140.27,0.0,137.38004762835817,1.865716e-06
140.27,0.0,137.3796372822263,2.069297e-06
140.27,0.0,137.37922408475185,2.519519e-06
140.27,0.0,137.3787891659989,3.181398e-06
140.27,0.0,137.37839393037103,2.081215e-06
140.27,0.0,137.37796444468552,6.566988e-07
140.27,0.0,137.37756382633927,3.860187e-07
140.27,0.0,137.37714541756716,3.111054e-07
140.27,0.0,137.3767220540122,6.09929e-07
140.27,0.0,137.3762880112397,1.368986e-06
140.27,0.0,137.37588898990953,1.805194e-06
140.27,0.0,137.37545940974408,2.215442e-06
140.27,0.0,137.3750569812297,2.071596e-06
140.27,0.0,137.37464722512567,1.712586e-06
140.27,0.0,137.374207327075,2.080546e-06
140.27,0.0,137.37380979444103,2.073808e-06
140.27,0.0,137.37337260191092,1.713473e-06
140.27,0.0,137.37298329448078,6.350601e-07
140.27,0.0,137.37254923693382,7.790659e-07
140.27,0.0,137.3721224511244,1.083128e-06
140.27,0.0,137.37169777985378,2.624744e-06
140.27,0.0,137.37129258030387,1.491862e-07
140.27,0.0,137.37086334253084,1.907756e-08
140.27,0.0,137.37046296705006,1.02591e-08
140.27,0.0,137.37003285831497,1.068111e-08
140.27,0.0,137.36960799638615,6.824848e-09
140.27,0.0,137.36918751363066,7.581548e-09
140.27,0.0,137.3687840814217,7.130438e-09
140.27,0.0,137.3683543594477,2.022716e-09
149.77,0.0,138.3207578125,2.793378e-05
149.77,0.0,138.32073691893132,2.349043e-06
149.77,0.0,138.3206158078388,2.934248e-06
149.77,0.0,138.32048793729126,3.349953e-06
149.77,0.0,138.32030485384112,3.726964e-06
149.77,0.0,138.32007449060072,4.072921e-06
149.77,0.0,138.31980956487936,3.688445e-06
149.77,0.0,138.31953952580957,2.6489e-06
149.77,0.0,138.31918116944098,1.763226e-06
149.77,0.0,138.31879305916186,1.333538e-06
149.77,0.0,138.31838975097006,1.683627e-06
149.77,0.0,138.31798886749158,1.83357e-06
149.77,0.0,138.31754941839213,1.654131e-06
149.77,0.0,138.31713441985758,1.887238e-06
149.77,0.0,138.31671664878027,2.492263e-06
149.77,0.0,138.31630761032244,2.670189e-06
149.77,0.0,138.31587283818158,3.186316e-06
149.77,0.0,138.31547479768446,4.130066e-06
149.77,0.0,138.31506479304235,4.335452e-06
149.77,0.0,138.31463737674457,4.52713e-06
149.77,0.0,138.3142061366984,4.520043e-06
149.77,0.0,138.3137939071311,4.422487e-06
149.77,0.0,138.31339137491494,4.432863e-06
149.77,0.0,138.3129437747396,5.083886e-06
149.77,0.0,138.31254162720026,4.936461e-06
149.77,0.0,138.31212795068012,4.61076e-06
149.77,0.0,138.31167770654372,3.864392e-06
149.77,0.0,138.31126294306247,3.253444e-06
149.77,0.0,138.31086211548384,3.195601e-06
149.77,0.0,138.3104583322013,3.569279e-06
149.77,0.0,138.31002581283718,4.441172e-06
149.77,0.0,138.30960950386924,5.035006e-06
149.77,0.0,138.30919339978522,5.165261e-06
149.77,0.0,138.30878172675074,5.336187e-06
149.77,0.0,138.30834191680293,5.111273e-06
149.77,0.0,138.30793940940603,5.181617e-06
149.77,0.0,138.30753638390885,5.318361e-06
149.77,0.0,138.30709883054718,5.494643e-06
149.77,0.0,138.30667031120856,5.508147e-06
149.77,0.0,138.30626244011813,5.389884e-06
149.77,0.0,138.30585952899975,4.417932e-06
149.77,0.0,138.30542196382208,4.251517e-06
149.77,0.0,138.30500273867196,4.802161e-06
149.77,0.0,138.3046062691527,5.436057e-06
149.77,0.0,138.30418071192335,5.729424e-06
149.77,0.0,138.3037446719919,5.675029e-06
149.77,0.0,138.30334084951363,5.635113e-06
149.77,0.0,138.30292639250277,5.576978e-06
149.77,0.0,138.3024975455931,4.453454e-06
149.77,0.0,138.30208684433745,4.336354e-06
149.77,0.0,138.30164409778183,3.671172e-06
149.77,0.0,138.30122790882172,4.325397e-06
149.77,0.0,138.300819018973,4.781163e-06
149.77,0.0,138.30041485487374,4.372356e-06
149.77,0.0,138.30000960658913,4.154048e-06
149.77,0.0,138.29956884721696,3.916255e-06
149.77,0.0,138.29914681307207,4.256304e-06
149.77,0.0,138.2987303096171,4.840025e-06
149.77,0.0,138.29832180856803,5.267691e-06
149.77,0.0,138.297888017899,5.340931e-06
149.77,0.0,138.29748430729225,5.58325e-06
149.77,0.0,138.29707466315676,5.631649e-06
149.77,0.0,138.29666348974732,5.56864e-06
149.77,0.0,138.2962491611384,5.393973e-06
149.77,0.0,138.29581007196614,5.108464e-06
149.77,0.0,138.29540868528406,4.945279e-06
149.77,0.0,138.295007232627,5.16104e-06
149.77,0.0,138.29456693346393,5.107693e-06
149.77,0.0,138.29414077265625,4.737725e-06
149.77,0.0,138.29373348916943,4.651301e-06
149.77,0.0,138.29332802451503,4.531903e-06
149.77,0.0,138.29289867101963,4.477668e-06
149.77,0.0,138.29249749649432,5.294147e-06
149.77,0.0,138.29205473978442,5.171561e-06
149.77,0.0,138.29164331373406,5.057504e-06
149.77,0.0,138.29122707401248,5.304129e-06
149.77,0.0,138.2907893361884,5.247639e-06
149.77,0.0,138.29039128757162,4.987713e-06
149.77,0.0,138.28998886604322,5.274705e-06
149.77,0.0,138.28954365614322,5.374299e-06
149.77,0.0,138.28913027199388,5.303154e-06
149.77,0.0,138.28871997703976,5.509733e-06
149.77,0.0,138.28827716746045,4.939939e-06
149.77,0.0,138.28786263246812,5.241396e-06
149.77,0.0,138.28747190837518,4.82249e-06
149.77,0.0,138.28706090389923,4.399917e-06
149.77,0.0,138.28662957131243,4.476999e-06
149.77,0.0,138.28619945094204,4.572066e-06
149.77,0.0,138.28577725434087,4.670859e-06
149.77,0.0,138.2853629073093,5.247857e-06
149.77,0.0,138.2849555291172,4.93761e-06
149.77,0.0,138.2845474496961,5.055612e-06
149.77,0.0,138.28413104108134,4.778791e-06
149.77,0.0,138.28370905880226,5.053924e-06
149.77,0.0,138.2832693607568,4.812333e-06
149.77,0.0,138.28287135420513,5.118025e-06
149.77,0.0,138.28243034179044,5.066089e-06
149.77,0.0,138.28202472929607,4.910355e-06
149.77,0.0,138.28160895001037,4.729867e-06
149.77,0.0,138.2811837760282,4.659945e-06
149.77,0.0,138.28074813546053,4.96766e-06
149.77,0.0,138.2803468120239,5.054069e-06
149.77,0.0,138.2799374802677,5.061753e-06
149.77,0.0,138.2795084926293,5.001217e-06
149.77,0.0,138.27909441998503,5.242284e-06
149.77,0.0,138.27867951244076,4.190209e-06
149.77,0.0,138.27826463581374,4.180125e-06
149.77,0.0,138.27781165566418,3.470137e-06
149.77,0.0,138.27742577045527,3.981797e-06
149.77,0.0,138.27698328230076,4.73496e-06
149.77,0.0,138.27657914645096,4.29622e-06
149.77,0.0,138.27618928749456,4.501824e-06
149.77,0.0,138.2757594191354,4.507412e-06
149.77,0.0,138.27535123185592,4.565023e-06
149.77,0.0,138.274924104572,5.07386e-06
149.77,0.0,138.2745197039968,4.355388e-06
149.77,0.0,138.27410392044746,5.189999e-06
149.77,0.0,138.27367755438155,3.897992e-06
149.77,0.0,138.2732403311274,4.707923e-06
149.77,0.0,138.2728366929416,4.145986e-06
149.77,0.0,138.2724343289452,4.981906e-06
149.77,0.0,138.271992813576,4.036119e-06
149.77,0.0,138.27158181259009,4.440299e-06
149.77,0.0,138.2711563238477,4.111032e-06
149.77,0.0,138.27072437030856,4.654808e-06
149.77,0.0,138.27031919024947,4.435235e-06
149.77,0.0,138.26991906836304,4.737696e-06
149.77,0.0,138.2694772052924,4.463407e-06
149.77,0.0,138.26906511069626,4.533882e-06
149.77,0.0,138.26864918222765,4.57633e-06
149.77,0.0,138.26823217412212,4.355068e-06
149.77,0.0,138.26779598956008,5.418813e-06
149.77,0.0,138.26739143892428,5.524373e-06
149.77,0.0,138.26699144167628,5.604408e-06
149.77,0.0,138.2665778644316,5.668364e-06
149.77,0.0,138.2661345667944,4.937494e-06
149.77,0.0,138.26572269529115,5.457347e-06
149.77,0.0,138.26531543572574,4.913032e-06
149.77,0.0,138.2648774641157,5.230904e-06
149.77,0.0,138.2644774333876,4.644651e-06
149.77,0.0,138.26406585651222,4.929432e-06
149.77,0.0,138.26365025391326,4.755246e-06
149.77,0.0,138.26320114226067,4.602567e-06
149.77,0.0,138.26278972978176,4.797068e-06
149.77,0.0,138.26238709490107,4.610309e-06
149.77,0.0,138.26194782941494,5.15765e-06
149.77,0.0,138.26154066118113,4.505899e-06
149.77,0.0,138.26112557917358,5.283742e-06
149.77,0.0,138.2607035531115,4.19018e-06
149.77,0.0,138.26026125682236,5.330527e-06
149.77,0.0,138.2598652653879,4.693502e-06
149.77,0.0,138.25946547264243,5.05046e-06
149.77,0.0,138.25902780963008,5.134512e-06
149.77,0.0,138.25861112058436,5.210444e-06
149.77,0.0,138.25819879081575,5.575072e-06
149.77,0.0,138.2577883150858,5.210255e-06
149.77,0.0,138.25737271615623,4.007074e-06
149.77,0.0,138.25695691600583,3.676134e-06
149.77,0.0,138.256548854354,3.945825e-06
149.77,0.0,138.25611570241074,5.108843e-06
149.77,0.0,138.25568698273085,4.536152e-06
149.77,0.0,138.255273608729,5.269714e-06
149.77,0.0,138.2548729899314,4.737085e-06
149.77,0.0,138.25446577238677,5.271519e-06
149.77,0.0,138.25403235025257,5.159542e-06
149.77,0.0,138.25361786072972,5.248119e-06
149.77,0.0,138.25319209834012,5.321621e-06
149.77,0.0,138.2527553535691,5.334106e-06
149.77,0.0,138.2523478970385,5.863869e-06
149.77,0.0,138.25194466089133,5.425129e-06
149.77,0.0,138.25151584201743,6.096088e-06
149.77,0.0,138.2510993805391,5.214519e-06
149.77,0.0,138.25067874957986,6.07656e-06
149.77,0.0,138.2502412041609,5.182694e-06
149.77,0.0,138.2498288248571,5.470371e-06
149.77,0.0,138.24943247967715,5.378504e-06
149.77,0.0,138.24902581625744,5.376802e-06
149.77,0.0,138.24859259026013,6.008573e-06
149.77,0.0,138.24815819686717,5.862166e-06
149.77,0.0,138.24775329533537,5.87049e-06
149.77,0.0,138.24734896203805,6.151226e-06
149.77,0.0,138.24690804881303,5.389287e-06
149.77,0.0,138.24650903449512,5.954338e-06
149.77,0.0,138.24609685657373,5.5032e-06
149.77,0.0,138.2456736480863,5.783775e-06
149.77,0.0,138.24523663424054,5.446156e-06
149.77,0.0,138.2448322813758,5.21692e-06
149.77,0.0,138.2444300330851,5.206442e-06
149.77,0.0,138.24398721024798,4.750866e-06
149.77,0.0,138.24357377034195,5.279391e-06
149.77,0.0,138.2431613844376,4.631482e-06
149.77,0.0,138.2427135074395,5.169466e-06
149.77,0.0,138.24230996071256,4.666668e-06
149.77,0.0,138.241897031873,5.483846e-06
149.77,0.0,138.24147267800885,4.911388e-06
149.77,0.0,138.241064201969,4.809175e-06
149.77,0.0,138.2406330266353,5.190319e-06
149.77,0.0,138.2402027641238,4.450048e-06
149.77,0.0,138.23979592974518,5.397073e-06
149.77,0.0,138.23939452493482,4.648333e-06
149.77,0.0,138.23899371124918,5.710011e-06
149.77,0.0,138.23855273325773,5.293448e-06
149.77,0.0,138.23812749499777,5.625916e-06
149.77,0.0,138.2377214926536,5.570924e-06
149.77,0.0,138.2373149264186,5.305978e-06
149.77,0.0,138.2368916149982,5.214781e-06
149.77,0.0,138.23647120098823,5.632915e-06
149.77,0.0,138.23606067495103,5.410213e-06
149.77,0.0,138.23564591873833,5.834823e-06
149.77,0.0,138.2352136071037,5.490918e-06
149.77,0.0,138.23479033550578,5.40819e-06
149.77,0.0,138.2343890793391,5.311362e-06
149.77,0.0,138.2339873931658,4.892616e-06
149.77,0.0,138.23354608327503,5.318027e-06
149.77,0.0,138.2331272549875,4.598493e-06
149.77,0.0,138.2327145250992,5.282549e-06
149.77,0.0,138.23227013326715,4.698057e-06
149.77,0.0,138.23186697056119,4.910107e-06
149.77,0.0,138.2314685840772,4.645655e-06
149.77,0.0,138.23101836814536,4.126094e-06
149.77,0.0,138.2306159062516,4.84036e-06
149.77,0.0,138.23020321170253,3.819718e-06
149.77,0.0,138.22975777596216,4.596644e-06
149.77,0.0,138.22935600243278,3.876659e-06
149.77,0.0,138.22895291489826,4.155037e-06
149.77,0.0,138.22854725285202,4.421294e-06
149.77,0.0,138.22811203667058,3.909328e-06
149.77,0.0,138.2276824186528,4.75299e-06
149.77,0.0,138.2272687406583,4.629939e-06
149.77,0.0,138.2268716366862,5.077207e-06
149.77,0.0,138.22643093914934,5.20992e-06
149.77,0.0,138.22602520971446,5.221664e-06
149.77,0.0,138.22561331234633,5.052032e-06
149.77,0.0,138.22517898274754,5.324662e-06
149.77,0.0,138.22475617391117,4.662768e-06
149.77,0.0,138.22435189351307,4.854111e-06
149.77,0.0,138.2239508692252,4.406975e-06
149.77,0.0,138.22351855553342,4.041227e-06
149.77,0.0,138.22310350597166,4.469155e-06
149.77,0.0,138.22267840873647,3.319044e-06
149.77,0.0,138.22224189537485,3.814785e-06
149.77,0.0,138.22184317250625,3.393143e-06
149.77,0.0,138.22140646999384,3.065084e-06
149.77,0.0,138.22100632494772,3.54911e-06
149.77,0.0,138.22059156619548,2.596964e-06
149.77,0.0,138.2201545256463,2.959976e-06
149.77,0.0,138.21972831576775,3.050343e-06
149.77,0.0,138.2193225313632,2.413624e-06
149.77,0.0,138.218924594663,3.220863e-06
149.77,0.0,138.21848663103378,2.429384e-06
149.77,0.0,138.21807722542644,2.359739e-06
149.77,0.0,138.21766222595855,2.853631e-06
149.77,0.0,138.2172473784196,2.169938e-06
149.77,0.0,138.2168456572405,2.627901e-06
149.77,0.0,138.21640593731306,2.526052e-06
149.77,0.0,138.21600467096582,1.921537e-06
149.77,0.0,138.21558872625553,1.79607e-06
149.77,0.0,138.215152858691,1.70416e-06
149.77,0.0,138.21472736304784,1.668363e-06
149.77,0.0,138.21431880204202,1.912354e-06
149.77,0.0,138.21391827282497,2.295172e-06
149.77,0.0,138.21351576774524,2.157889e-06
149.77,0.0,138.21306933195038,2.463188e-06
149.77,0.0,138.21265808811057,2.650646e-06
149.77,0.0,138.21224264658989,2.205823e-06
149.77,0.0,138.21180841415577,2.897708e-06
149.77,0.0,138.21140897780546,2.496847e-06
149.77,0.0,138.2109704516069,2.486369e-06
149.77,0.0,138.21056000236584,3.163848e-06
149.77,0.0,138.2101475050319,2.560599e-06
149.77,0.0,138.2097017269591,3.42507e-06
149.77,0.0,138.20929139335763,3.033536e-06
149.77,0.0,138.2088882376137,2.412198e-06
149.77,0.0,138.20848538505047,3.270223e-06
149.77,0.0,138.2080452320974,2.727189e-06
149.77,0.0,138.2076256683753,2.996676e-06
149.77,0.0,138.20721247315592,3.573397e-06
149.77,0.0,138.20680777375978,2.668952e-06
149.77,0.0,138.20636808147376,3.385401e-06
149.77,0.0,138.2059693223942,3.357127e-06
149.77,0.0,138.20555879383988,3.135079e-06
149.77,0.0,138.20513104052128,4.23289e-06
149.77,0.0,138.20470233245337,3.927358e-06
149.77,0.0,138.20429207732641,4.368936e-06
149.77,0.0,138.2038904717234,4.805173e-06
149.77,0.0,138.20345313681932,4.806046e-06
149.77,0.0,138.2030475748667,4.653222e-06
149.77,0.0,138.20261410229398,4.65152e-06
149.77,0.0,138.20218489336693,4.557398e-06
149.77,0.0,138.20177146469968,4.250149e-06
149.77,0.0,138.2013447140925,4.581365e-06
149.77,0.0,138.20092851836873,3.752895e-06
149.77,0.0,138.20052652013658,4.02391e-06
149.77,0.0,138.20011412026375,3.966023e-06
149.77,0.0,138.19966591636503,3.36516e-06
149.77,0.0,138.19925265202602,4.357513e-06
149.77,0.0,138.19884978069499,3.466601e-06
149.77,0.0,138.19844669466215,4.005749e-06
149.77,0.0,138.19803934143118,4.226589e-06
149.77,0.0,138.19759544312774,3.399706e-06
149.77,0.0,138.19718147338887,4.275716e-06
149.77,0.0,138.1967700206194,3.715104e-06
149.77,0.0,138.196339840321,3.717651e-06
149.77,0.0,138.19593049062274,4.317422e-06
149.77,0.0,138.19552624075357,3.538153e-06
149.77,0.0,138.19511271439353,4.289745e-06
149.77,0.0,138.1946884063208,4.006462e-06
149.77,0.0,138.194248751987,4.025555e-06
149.77,0.0,138.19384483825343,4.738671e-06
149.77,0.0,138.1934439704334,4.26099e-06
149.77,0.0,138.1930070255315,4.933856e-06
149.77,0.0,138.19259574682835,4.909001e-06
149.77,0.0,138.1921642659229,4.991482e-06
149.77,0.0,138.1917349356391,5.269423e-06
149.77,0.0,138.1913275952086,5.132344e-06
149.77,0.0,138.19093164461052,5.349866e-06
149.77,0.0,138.1904923888402,5.239999e-06
149.77,0.0,138.19008137078274,4.935297e-06
149.77,0.0,138.1896687192787,5.072041e-06
149.77,0.0,138.1892558447154,5.249312e-06
149.77,0.0,138.18881625798903,4.753427e-06
149.77,0.0,138.18841593460195,5.422e-06
149.77,0.0,138.18801702123173,4.756133e-06
149.77,0.0,138.18757025703923,5.026857e-06
149.77,0.0,138.18715308804488,5.244568e-06
149.77,0.0,138.1867431818744,4.965201e-06
149.77,0.0,138.18630327114317,5.802329e-06
149.77,0.0,138.18589298000785,5.030393e-06
149.77,0.0,138.18550035128652,5.735375e-06
149.77,0.0,138.18507562189754,5.26011e-06
149.77,0.0,138.18464000541962,5.49636e-06
149.77,0.0,138.1842274225134,5.716269e-06
149.77,0.0,138.1838210797807,5.133479e-06
149.77,0.0,138.18338111799503,5.882277e-06
149.77,0.0,138.18297833376673,5.116992e-06
149.77,0.0,138.18256751489272,5.894981e-06
149.77,0.0,138.182121532783,5.503534e-06
149.77,0.0,138.18170679712065,5.945112e-06
149.77,0.0,138.18129808799662,5.955124e-06
149.77,0.0,138.18086383519238,5.873386e-06
149.77,0.0,138.18046361311752,5.856346e-06
149.77,0.0,138.1800569760284,5.54444e-06
149.77,0.0,138.17962394551333,5.16235e-06
149.77,0.0,138.17919314831656,5.361886e-06
149.77,0.0,138.17878450970002,4.846472e-06
149.77,0.0,138.17838759531,5.347101e-06
149.77,0.0,138.17795118114887,4.756133e-06
149.77,0.0,138.1775450186519,5.575726e-06
149.77,0.0,138.1771234751468,5.110982e-06
149.77,0.0,138.1767168715092,5.842914e-06
149.77,0.0,138.17627503736932,5.289985e-06
149.77,0.0,138.17586935558944,5.688067e-06
149.77,0.0,138.17546587471523,5.302732e-06
149.77,0.0,138.17505786388514,5.485083e-06
149.77,0.0,138.1746285640008,5.281137e-06
149.77,0.0,138.174198845024,5.396068e-06
149.77,0.0,138.17378971473752,5.40381e-06
149.77,0.0,138.1733889877528,5.544964e-06
149.77,0.0,138.17294873072294,5.578171e-06
149.77,0.0,138.17254206384712,5.488168e-06
149.77,0.0,138.17210806913187,5.662674e-06
149.77,0.0,138.17168341906125,5.725014e-06
149.77,0.0,138.17126892471867,5.793845e-06
149.77,0.0,138.17086960930294,5.753711e-06
149.77,0.0,138.17043031604734,5.329741e-06
149.77,0.0,138.17002705111375,5.475289e-06
149.77,0.0,138.16961011866567,5.000576e-06
149.77,0.0,138.16919405731565,5.347159e-06
149.77,0.0,138.16874487182042,5.037495e-06
149.77,0.0,138.1683421479987,5.377951e-06
149.77,0.0,138.16794486967206,4.816509e-06
149.77,0.0,138.16750544215404,5.227324e-06
149.77,0.0,138.16708766484726,4.945861e-06
149.77,0.0,138.1666794641837,5.379246e-06
149.77,0.0,138.16626862025936,5.033697e-06
149.77,0.0,138.16583018877105,5.465103e-06
149.77,0.0,138.1654285434086,5.000358e-06
149.77,0.0,138.1650233399407,5.410155e-06
149.77,0.0,138.16459612522954,5.172886e-06
149.77,0.0,138.16417637162866,5.537091e-06
149.77,0.0,138.16376056822844,5.333641e-06
149.77,0.0,138.1633216765176,5.654772e-06
149.77,0.0,138.16292473872684,5.742739e-06
149.77,0.0,138.16248988446475,6.021248e-06
149.77,0.0,138.16207704060756,5.915645e-06
149.77,0.0,138.16163538209983,5.664013e-06
149.77,0.0,138.16122043880156,5.270325e-06
149.77,0.0,138.16080998306762,5.014692e-06
149.77,0.0,138.1604086042504,4.913585e-06
149.77,0.0,138.15997094709985,4.495058e-06
149.77,0.0,138.15956141680132,4.494199e-06
149.77,0.0,138.15914579992537,4.622634e-06
149.77,0.0,138.1587299270444,4.940826e-06
149.77,0.0,138.15832275552688,4.569243e-06
149.77,0.0,138.15788394491597,5.064518e-06
149.77,0.0,138.15748136160724,4.593865e-06
149.77,0.0,138.1570690112714,4.768692e-06
149.77,0.0,138.1566571327401,4.593618e-06
149.77,0.0,138.15624164369095,5.17421e-06
149.77,0.0,138.15580177352527,5.090231e-06
149.77,0.0,138.15540318598917,5.789698e-06
149.77,0.0,138.15500395602376,5.659487e-06
149.77,0.0,138.1545600572149,5.976835e-06
149.77,0.0,138.15414697363533,5.858601e-06
149.77,0.0,138.15373168332118,5.878581e-06
149.77,0.0,138.15328999662967,5.945636e-06
149.77,0.0,138.15288601178693,5.56244e-06
149.77,0.0,138.15248586320504,5.887385e-06
149.77,0.0,138.1520448463847,5.296824e-06
149.77,0.0,138.15162516277974,5.492664e-06
149.77,0.0,138.1512110266106,4.804315e-06
149.77,0.0,138.15080536027594,5.4376e-06
149.77,0.0,138.15036651471368,5.094538e-06
149.77,0.0,138.149952283857,5.400914e-06
149.77,0.0,138.14953323871612,5.013499e-06
149.77,0.0,138.14911550142773,5.260867e-06
149.77,0.0,138.14870011018618,5.026595e-06
149.77,0.0,138.14828917811033,5.529189e-06
149.77,0.0,138.14786624563018,5.592738e-06
149.77,0.0,138.1474508061466,5.459035e-06
149.77,0.0,138.14704501233442,5.660113e-06
149.77,0.0,138.1466329537305,5.618247e-06
149.77,0.0,138.14618704244774,5.960086e-06
149.77,0.0,138.14578005902908,5.799928e-06
149.77,0.0,138.1453623859453,6.398754e-06
149.77,0.0,138.14494551910508,6.310249e-06
149.77,0.0,138.14454139598197,6.378861e-06
149.77,0.0,138.14411957496722,6.289149e-06
149.77,0.0,138.1436783698577,6.10268e-06
149.77,0.0,138.14326677318124,5.428534e-06
149.77,0.0,138.14286398809523,5.688853e-06
149.77,0.0,138.14242458642994,5.322378e-06
149.77,0.0,138.142024873685,5.828741e-06
149.77,0.0,138.14159164940207,5.619935e-06
149.77,0.0,138.14116666139242,5.613358e-06
149.77,0.0,138.14075277431414,5.46388e-06
149.77,0.0,138.14032484582296,5.182505e-06
149.77,0.0,138.13991259285373,5.525624e-06
149.77,0.0,138.13950808025047,5.24435e-06
149.77,0.0,138.1390957088593,5.655704e-06
149.77,0.0,138.13866961040603,5.746813e-06
149.77,0.0,138.13823245023772,5.776194e-06
149.77,0.0,138.13782905221728,5.973983e-06
149.77,0.0,138.13742905734125,6.021655e-06
149.77,0.0,138.1370234564661,5.879658e-06
149.77,0.0,138.1365779005048,5.383306e-06
149.77,0.0,138.1361596871389,5.600014e-06
149.77,0.0,138.135745427498,5.35947e-06
149.77,0.0,138.13534350840334,5.897076e-06
149.77,0.0,138.13490075600103,5.793452e-06
149.77,0.0,138.1345219363877,5.765469e-06
149.77,0.0,138.13408187954926,5.881258e-06
149.77,0.0,138.1336580428189,5.387657e-06
149.77,0.0,138.13324317142116,5.54623e-06
149.77,0.0,138.1328360642991,5.611786e-06
149.77,0.0,138.1323955624115,5.514812e-06
149.77,0.0,138.1319956986886,5.956186e-06
149.77,0.0,138.13158461203366,5.56391e-06
149.77,0.0,138.1311578660114,5.658905e-06
149.77,0.0,138.13071039899262,5.832015e-06
149.77,0.0,138.13031827461543,5.801761e-06
149.77,0.0,138.1299161121595,6.142873e-06
149.77,0.0,138.12947791455963,5.809139e-06
149.77,0.0,138.1290693412415,6.018177e-06
149.77,0.0,138.12865511019442,5.978203e-06
149.77,0.0,138.12823961819598,5.872178e-06
149.77,0.0,138.12780234454416,6.123068e-06
149.77,0.0,138.12740271367483,6.008297e-06
149.77,0.0,138.1269997185592,6.112081e-06
149.77,0.0,138.12655380076325,6.384827e-06
149.77,0.0,138.12614016955618,6.255534e-06
149.77,0.0,138.12572614116232,6.068673e-06
149.77,0.0,138.12528790044925,6.175003e-06
149.77,0.0,138.12487244142676,6.059912e-06
149.77,0.0,138.12448130933953,6.122646e-06
149.77,0.0,138.12406827763925,6.078175e-06
149.77,0.0,138.12362154812385,6.144022e-06
149.77,0.0,138.12320692425874,6.418457e-06
149.77,0.0,138.12276294258274,6.216884e-06
149.77,0.0,138.12236222376924,5.753827e-06
149.77,0.0,138.12196298352538,5.547248e-06
149.77,0.0,138.12152269003357,5.679132e-06
149.77,0.0,138.12110757251406,5.932365e-06
149.77,0.0,138.12069380021478,6.147922e-06
149.77,0.0,138.1202501557967,5.848211e-06
149.77,0.0,138.11984257518603,5.862137e-06
149.77,0.0,138.11944902856038,5.879381e-06
149.77,0.0,138.11904299871588,5.545895e-06
149.77,0.0,138.11859645359937,5.555252e-06
149.77,0.0,138.118186565192,5.955197e-06
149.77,0.0,138.1177723557915,6.023984e-06
149.77,0.0,138.1173603158918,6.05463e-06
149.77,0.0,138.11693955148596,6.23065e-06
149.77,0.0,138.11653690245438,6.097238e-06
149.77,0.0,138.11612342543322,5.947455e-06
149.77,0.0,138.11567673280723,5.793161e-06
149.77,0.0,138.11526767079232,5.736452e-06
149.77,0.0,138.11486644087256,6.101487e-06
149.77,0.0,138.114443735318,5.871494e-06
149.77,0.0,138.11403674585847,5.818249e-06
149.77,0.0,138.11361933972896,5.425827e-06
149.77,0.0,138.1131950415534,4.97287e-06
149.77,0.0,138.11274166707963,5.000329e-06
149.77,0.0,138.112352679047,5.234877e-06
149.77,0.0,138.11191879713044,4.775298e-06
149.77,0.0,138.1115139028859,5.116744e-06
149.77,0.0,138.1110979971719,4.977526e-06
149.77,0.0,138.1106707910802,4.985675e-06
149.77,0.0,138.11023508934164,5.266193e-06
149.77,0.0,138.109832707744,5.328242e-06
149.77,0.0,138.10943280604224,5.433423e-06
149.77,0.0,138.1089922735511,5.524169e-06
149.77,0.0,138.1085819635428,5.55579e-06
149.77,0.0,138.1081654941302,5.053444e-06
149.77,0.0,138.1077491865291,5.298949e-06
149.77,0.0,138.1073194166678,4.699614e-06
149.77,0.0,138.10689889034307,5.157373e-06
149.77,0.0,138.10651102005662,4.765621e-06
149.77,0.0,138.10607245986026,4.798625e-06
149.77,0.0,138.10564966499754,4.639354e-06
149.77,0.0,138.10523819935528,4.507208e-06
149.77,0.0,138.10483554587435,5.11836e-06
149.77,0.0,138.1044003959984,4.327216e-06
149.77,0.0,138.10399940549522,4.79049e-06
149.77,0.0,138.10359121520747,4.30271e-06
149.77,0.0,138.10314539304136,4.13903e-06
149.77,0.0,138.1027229956256,4.169022e-06
149.77,0.0,138.1022840004866,4.096801e-06
149.77,0.0,138.10188398283054,4.650457e-06
149.77,0.0,138.10148290006757,4.650836e-06
149.77,0.0,138.10104178733366,4.626825e-06
149.77,0.0,138.10062446668374,4.604342e-06
149.77,0.0,138.1002119361465,4.404981e-06
149.77,0.0,138.09980234599215,4.538539e-06
149.77,0.0,138.09936728356854,3.999812e-06
149.77,0.0,138.0989515939681,4.120986e-06
149.77,0.0,138.09855871897975,3.88184e-06
149.77,0.0,138.09812654693852,4.32838e-06
149.77,0.0,138.09769777155714,4.298025e-06
149.77,0.0,138.0972909269474,4.582966e-06
149.77,0.0,138.09689074707694,4.275789e-06
149.77,0.0,138.09645420566721,4.692658e-06
149.77,0.0,138.09604740274702,4.245143e-06
149.77,0.0,138.095632418358,4.937727e-06
149.77,0.0,138.09521882080483,4.251124e-06
149.77,0.0,138.09475567871533,4.971647e-06
149.77,0.0,138.09437776896468,4.265326e-06
149.77,0.0,138.09397760691053,5.165784e-06
149.77,0.0,138.09353798449428,4.717673e-06
149.77,0.0,138.0931188566116,5.583162e-06
149.77,0.0,138.09270286639608,5.107882e-06
149.77,0.0,138.0922941778272,5.599126e-06
149.77,0.0,138.09185574948552,5.236318e-06
149.77,0.0,138.09145854193014,5.132693e-06
149.77,0.0,138.091020733432,5.288282e-06
149.77,0.0,138.09060399224768,4.712871e-06
149.77,0.0,138.0901902666933,4.931586e-06
149.77,0.0,138.08977695933427,4.102403e-06
149.77,0.0,138.08934995643926,4.2764e-06
149.77,0.0,138.08892835424479,4.230329e-06
149.77,0.0,138.08853086588005,4.070549e-06
149.77,0.0,138.08809141536543,4.504822e-06
149.77,0.0,138.08767277890655,4.127432e-06
149.77,0.0,138.08725764191078,4.950663e-06
149.77,0.0,138.08685691863576,4.355607e-06
149.77,0.0,138.08644589750642,5.065012e-06
149.77,0.0,138.08601459109371,4.383401e-06
149.77,0.0,138.0855993669332,5.494425e-06
149.77,0.0,138.08518432599138,5.186288e-06
149.77,0.0,138.0847696364889,6.034868e-06
149.77,0.0,138.08432883547462,5.638765e-06
149.77,0.0,138.08392546574024,6.257047e-06
149.77,0.0,138.0835230357047,5.86074e-06
149.77,0.0,138.083085879307,6.135175e-06
149.77,0.0,138.0826539125625,5.727707e-06
149.77,0.0,138.08224346305144,5.774447e-06
149.77,0.0,138.08180262509327,5.473339e-06
149.77,0.0,138.08140334313154,4.806803e-06
149.77,0.0,138.0810021468997,5.423528e-06
149.77,0.0,138.08056194988083,4.379894e-06
149.77,0.0,138.08013999274235,5.158421e-06
149.77,0.0,138.079726848986,4.379079e-06
149.77,0.0,138.07932154551497,4.840796e-06
149.77,0.0,138.07890489941028,4.543559e-06
149.77,0.0,138.07847977063597,5.349488e-06
149.77,0.0,138.07806737667983,4.663263e-06
149.77,0.0,138.07765649447765,4.975635e-06
149.77,0.0,138.07724028835716,4.642818e-06
149.77,0.0,138.0768013718424,5.154681e-06
149.77,0.0,138.0764010966641,4.672911e-06
149.77,0.0,138.07600158947486,5.380076e-06
149.77,0.0,138.0755642705599,4.941423e-06
149.77,0.0,138.07514265988866,5.292808e-06
149.77,0.0,138.0747281096394,4.947375e-06
149.77,0.0,138.07432298230256,5.391179e-06
149.77,0.0,138.07391002947637,5.43533e-06
149.77,0.0,138.07348514018759,5.344133e-06
149.77,0.0,138.07307337991008,5.128517e-06
149.77,0.0,138.0726445428996,4.046029e-06
149.77,0.0,138.07221214091635,3.885638e-06
149.77,0.0,138.0717861883399,3.180452e-06
149.77,0.0,138.07138456135274,3.837325e-06
149.77,0.0,138.07096445484294,4.49548e-06
149.77,0.0,138.07055821101798,2.433007e-06
149.77,0.0,138.0701595235066,1.790133e-06
149.77,0.0,138.06969259936335,2.035013e-06
149.77,0.0,138.06927928724014,2.300992e-06
149.77,0.0,138.06888010281335,2.709538e-06
149.77,0.0,138.0684774680026,3.034234e-06
149.77,0.0,138.06803579720358,3.199166e-06
149.77,0.0,138.06761982479443,3.406618e-06
149.77,0.0,138.06720606262311,3.704467e-06
149.77,0.0,138.0667997128582,3.973546e-06
149.77,0.0,138.0663603056125,4.422705e-06
149.77,0.0,138.0659578621845,4.440386e-06
149.77,0.0,138.0655509050486,4.638103e-06
149.77,0.0,138.06511800458168,4.693138e-06
149.77,0.0,138.06468839480158,4.608897e-06
149.77,0.0,138.06427463055127,4.155969e-06
149.77,0.0,138.06387531077633,4.105343e-06
149.77,0.0,138.06343562770098,3.97001e-06
149.77,0.0,138.0630311432536,4.102694e-06
149.77,0.0,138.06259159365484,3.679233e-06
149.77,0.0,138.0621605136371,2.740839e-06
149.77,0.0,138.0617409769113,3.59556e-06
149.77,0.0,138.06135351496079,3.392983e-06
149.77,0.0,138.06091348713215,3.860769e-06
149.77,0.0,138.0605134231677,3.895126e-06
149.77,0.0,138.06009806071586,4.199377e-06
149.77,0.0,138.05967078816875,4.498666e-06
149.77,0.0,138.05923317912828,4.032627e-06
149.77,0.0,138.0588251466836,3.806912e-06
149.77,0.0,138.05842166614855,4.017566e-06
149.77,0.0,138.05801655025613,4.240981e-06
149.77,0.0,138.05760060967387,4.736547e-06
149.77,0.0,138.05717479756618,4.661604e-06
149.77,0.0,138.0567386181767,4.945963e-06
149.77,0.0,138.0563339318297,4.951042e-06
149.77,0.0,138.05593287680912,4.454036e-06
149.77,0.0,138.05552668196708,3.94191e-06
149.77,0.0,138.05509413780422,3.489928e-06
149.77,0.0,138.05467231176092,3.769484e-06
149.77,0.0,138.0542556070963,4.395697e-06
149.77,0.0,138.05382824923623,3.933936e-06
149.77,0.0,138.05342617564406,4.65849e-06
149.77,0.0,138.05301873880322,4.228088e-06
149.77,0.0,138.05257649168925,4.435118e-06
149.77,0.0,138.05215213409414,3.690686e-06
149.77,0.0,138.05174198844927,4.221467e-06
149.77,0.0,138.05133779612558,3.78894e-06
149.77,0.0,138.0509012427543,4.565183e-06
149.77,0.0,138.05050230120693,4.048707e-06
149.77,0.0,138.05006275472795,4.746238e-06
149.77,0.0,138.04964186903445,4.11988e-06
149.77,0.0,138.049224833682,5.133697e-06
149.77,0.0,138.04881979601433,4.897607e-06
149.77,0.0,138.04840503633926,5.558948e-06
149.77,0.0,138.04796702753228,4.970439e-06
149.77,0.0,138.04757478390476,5.235328e-06
149.77,0.0,138.04714582959286,4.712623e-06
149.77,0.0,138.04671678141915,4.606074e-06
149.77,0.0,138.04631118730046,5.381327e-06
149.77,0.0,138.04589663336128,5.231181e-06
149.77,0.0,138.0454788529835,5.485563e-06
149.77,0.0,138.04507166843712,5.234877e-06
149.77,0.0,138.04464155151152,5.438429e-06
149.77,0.0,138.04421051118248,5.233727e-06
149.77,0.0,138.0438034408246,5.246067e-06
149.77,0.0,138.04336597266013,5.133494e-06
149.77,0.0,138.0429654710207,5.388123e-06
149.77,0.0,138.04255634541752,5.16609e-06
149.77,0.0,138.0421102153851,5.378984e-06
149.77,0.0,138.04169036722604,5.187467e-06
149.77,0.0,138.04129147757442,5.006819e-06
149.77,0.0,138.04085440460634,5.205366e-06
149.77,0.0,138.04045627626178,5.086331e-06
149.77,0.0,138.0400480279301,4.749585e-06
149.77,0.0,138.03959949498088,4.61335e-06
149.77,0.0,138.0391853800249,5.000154e-06
149.77,0.0,138.03877650937181,4.759291e-06
149.77,0.0,138.03837592412305,5.170994e-06
149.77,0.0,138.03792458650233,5.05858e-06
149.77,0.0,138.03753155857987,5.086273e-06
149.77,0.0,138.03711714176026,5.17485e-06
149.77,0.0,138.03669939014213,5.033115e-06
149.77,0.0,138.0362883992597,4.869144e-06
149.77,0.0,138.03584846356193,4.652131e-06
149.77,0.0,138.03544855993593,4.9683e-06
149.77,0.0,138.03504133506587,4.719506e-06
149.77,0.0,138.03462549975603,5.135167e-06
149.77,0.0,138.03419683918952,4.817513e-06
149.77,0.0,138.03377301279642,4.865666e-06
149.77,0.0,138.03334936364675,4.639092e-06
149.77,0.0,138.03293767832213,4.655783e-06
149.77,0.0,138.0325341217642,4.950925e-06
149.77,0.0,138.03209854168713,4.898466e-06
149.77,0.0,138.03167087298226,4.996386e-06
149.77,0.0,138.03125962156588,5.038019e-06
149.77,0.0,138.03083027049308,5.103502e-06
149.77,0.0,138.03042159398973,4.792702e-06
149.77,0.0,138.0300202484044,4.968097e-06
149.77,0.0,138.02958201736672,4.749163e-06
149.77,0.0,138.0291568558428,5.061316e-06
149.77,0.0,138.0287416445794,4.959264e-06
149.77,0.0,138.02833879921494,5.161462e-06
149.77,0.0,138.0279272718759,5.139926e-06
149.77,0.0,138.02749993750234,4.560643e-06
149.77,0.0,138.02708378011403,4.416986e-06
149.77,0.0,138.0266746272019,3.698282e-06
149.77,0.0,138.02626000637528,4.463873e-06
149.77,0.0,138.02581835888492,3.799985e-06
149.77,0.0,138.0254191829091,4.634407e-06
149.77,0.0,138.02500133121777,4.165544e-06
149.77,0.0,138.02457081399737,4.669884e-06
149.77,0.0,138.02415517322322,4.455404e-06
149.77,0.0,138.0237392866025,5.042617e-06
149.77,0.0,138.02330447958133,4.713656e-06
149.77,0.0,138.0228964976175,4.968169e-06
149.77,0.0,138.02249632492288,4.574438e-06
149.77,0.0,138.0220531722605,4.697082e-06
149.77,0.0,138.0216323449221,4.522008e-06
149.77,0.0,138.0212205414531,4.587913e-06
149.77,0.0,138.02078270400153,4.192523e-06
149.77,0.0,138.02038501028764,4.268513e-06
149.77,0.0,138.01998536098168,4.636822e-06
149.77,0.0,138.01954708279015,4.64551e-06
149.77,0.0,138.01912850479843,4.733825e-06
149.77,0.0,138.0187145222547,4.844362e-06
149.77,0.0,138.01830689179258,4.569301e-06
149.77,0.0,138.0178676628375,4.228059e-06
149.77,0.0,138.01747283787282,3.870053e-06
149.77,0.0,138.0170655600814,3.660651e-06
149.77,0.0,138.01662825598333,3.428897e-06
149.77,0.0,138.01620745879003,3.806548e-06
149.77,0.0,138.01578437289774,3.730092e-06
149.77,0.0,138.0154014065042,4.280868e-06
149.77,0.0,138.01496216314163,4.141271e-06
149.77,0.0,138.01456722486904,4.496047e-06
149.77,0.0,138.0141179726701,4.201662e-06
149.77,0.0,138.01370176791627,5.298905e-06
149.77,0.0,138.01329070611493,4.729707e-06
149.77,0.0,138.01288925644786,5.576178e-06
149.77,0.0,138.01244792697426,4.829417e-06
149.77,0.0,138.01204089861204,5.581183e-06
149.77,0.0,138.01162397760655,5.092021e-06
149.77,0.0,138.01120617966066,5.543639e-06
149.77,0.0,138.01076905571645,5.439651e-06
149.77,0.0,138.01036839056644,5.472408e-06
149.77,0.0,138.00995894067208,5.48028e-06
149.77,0.0,138.00952395860097,5.280803e-06
149.77,0.0,138.00910723955545,5.458263e-06
149.77,0.0,138.0086933949445,4.905087e-06
149.77,0.0,138.00828112264546,4.768197e-06
149.77,0.0,138.0078419579035,5.146649e-06
149.77,0.0,138.00743927323913,4.682734e-06
149.77,0.0,138.00703302467775,5.390975e-06
149.77,0.0,138.0066175882922,4.652044e-06
149.77,0.0,138.00619385131535,5.685361e-06
149.77,0.0,138.0057409030429,4.810616e-06
149.77,0.0,138.0053556100741,5.667243e-06
149.77,0.0,138.00494542828778,5.003312e-06
149.77,0.0,138.0045187899701,5.569935e-06
149.77,0.0,138.00410365647284,5.231966e-06
149.77,0.0,138.0036774750783,5.904745e-06
149.77,0.0,138.00324193331235,5.842099e-06
149.77,0.0,138.0028392434323,5.978887e-06
149.77,0.0,138.00239917356592,6.032627e-06
149.77,0.0,138.00199939496142,5.847702e-06
149.77,0.0,138.0015856109019,5.964946e-06
149.77,0.0,138.00115779669974,5.716371e-06
149.77,0.0,138.00072173664847,5.935144e-06
149.77,0.0,138.0003192802375,5.765018e-06
149.77,0.0,137.99991934639735,5.308379e-06
149.77,0.0,137.99947905884363,5.635404e-06
149.77,0.0,137.99906833311147,5.088674e-06
149.77,0.0,137.99865443746364,5.560039e-06
149.77,0.0,137.9982397528721,4.494272e-06
149.77,0.0,137.9978016017283,5.063033e-06
149.77,0.0,137.9974046109307,4.946734e-06
149.77,0.0,137.9970023410071,4.894056e-06
149.77,0.0,137.99659133107187,5.359136e-06
149.77,0.0,137.99614458735067,4.908798e-06
149.77,0.0,137.9957326984238,5.844617e-06
149.77,0.0,137.99533165488418,5.442897e-06
149.77,0.0,137.9948918547238,6.260278e-06
149.77,0.0,137.99448812318477,5.816211e-06
149.77,0.0,137.9940736220302,6.12672e-06
149.77,0.0,137.99366521394222,6.291171e-06
149.77,0.0,137.99321803042625,6.295872e-06
149.77,0.0,137.9928093396123,6.688686e-06
149.77,0.0,137.99239457378283,6.389411e-06
149.77,0.0,137.9919761088149,6.643109e-06
149.77,0.0,137.99156589664983,6.058035e-06
149.77,0.0,137.99113477908531,6.827962e-06
149.77,0.0,137.99070599821303,6.993083e-06
149.77,0.0,137.99029753435133,6.843402e-06
149.77,0.0,137.9898986239179,6.950766e-06
149.77,0.0,137.98945758374674,6.35747e-06
149.77,0.0,137.989051410838,6.081871e-06
149.77,0.0,137.98863966302696,5.605849e-06
149.77,0.0,137.98822072488895,5.649679e-06
149.77,0.0,137.9877795895293,6.183749e-06
149.77,0.0,137.98737891361327,5.546361e-06
149.77,0.0,137.98695800285785,6.419956e-06
149.77,0.0,137.98653859915606,5.679409e-06
149.77,0.0,137.98612298683264,6.645656e-06
149.77,0.0,137.98570940193335,6.017697e-06
149.77,0.0,137.98530134132147,6.765433e-06
149.77,0.0,137.98486028446223,6.248811e-06
149.77,0.0,137.98446068328133,6.810471e-06
149.77,0.0,137.98405082347736,6.65056e-06
149.77,0.0,137.98361893980726,7.001203e-06
149.77,0.0,137.98318943115038,7.011884e-06
149.77,0.0,137.98277832089585,6.726419e-06
149.77,0.0,137.98233885082547,6.780159e-06
149.77,0.0,137.98192826983993,6.476796e-06
149.77,0.0,137.9815087235788,6.764909e-06
149.77,0.0,137.9810910501815,6.473972e-06
149.77,0.0,137.9806782398366,6.193397e-06
149.77,0.0,137.980264540602,6.68531e-06
149.77,0.0,137.97982681764404,5.678783e-06
149.77,0.0,137.97942095839565,6.326562e-06
149.77,0.0,137.97902141057943,5.378752e-06
149.77,0.0,137.97860827604785,5.934227e-06
149.77,0.0,137.97816303243405,5.349328e-06
149.77,0.0,137.97774962301855,5.766124e-06
149.77,0.0,137.9773481093492,6.031958e-06
149.77,0.0,137.97694816134023,5.983224e-06
149.77,0.0,137.9765096118649,6.205868e-06
149.77,0.0,137.97609489735498,6.372109e-06
149.77,0.0,137.9756802020916,6.670947e-06
149.77,0.0,137.97526636555168,6.570539e-06
149.77,0.0,137.9748242967898,7.038485e-06
149.77,0.0,137.9744196607477,6.776172e-06
149.77,0.0,137.97401602412793,7.227238e-06
149.77,0.0,137.97360359601913,6.984104e-06
149.77,0.0,137.9731770959194,7.372597e-06
149.77,0.0,137.972743342347,7.019931e-06
149.77,0.0,137.97234078185627,7.145834e-06
149.77,0.0,137.97190165990702,6.75756e-06
149.77,0.0,137.97150394568453,6.850474e-06
149.77,0.0,137.97106470303984,7.179944e-06
149.77,0.0,137.97064943472606,6.801274e-06
149.77,0.0,137.9702344232199,7.013368e-06
149.77,0.0,137.96983045588777,6.448463e-06
149.77,0.0,137.969391634947,6.767048e-06
149.77,0.0,137.96899179996927,6.484115e-06
149.77,0.0,137.96858359533718,6.946444e-06
149.77,0.0,137.9681565691838,6.984919e-06
149.77,0.0,137.96772257040053,7.007708e-06
149.77,0.0,137.96732014843948,7.059061e-06
149.77,0.0,137.96690555905437,6.770322e-06
149.77,0.0,137.96648146876797,6.829214e-06
149.77,0.0,137.9660732498638,6.643328e-06
149.77,0.0,137.96564628301925,6.619564e-06
149.77,0.0,137.9652178221668,6.453047e-06
149.77,0.0,137.96481011586053,6.576069e-06
149.77,0.0,137.96440695936482,6.292146e-06
149.77,0.0,137.9639673419449,6.516144e-06
149.77,0.0,137.9635594352382,6.429327e-06
149.77,0.0,137.96314401072186,6.492279e-06
149.77,0.0,137.96269386482356,7.050476e-06
149.77,0.0,137.96228140897264,6.570801e-06
149.77,0.0,137.9618775448577,7.073904e-06
149.77,0.0,137.96146960313942,6.49922e-06
149.77,0.0,137.9610305200346,7.182243e-06
149.77,0.0,137.9606188660655,6.442831e-06
149.77,0.0,137.96019714366145,7.323077e-06
149.77,0.0,137.95975907218394,6.827744e-06
149.77,0.0,137.95935831411248,7.702911e-06
149.77,0.0,137.95895641851592,7.419192e-06
149.77,0.0,137.95854979506916,8.015413e-06
149.77,0.0,137.95811773813693,7.018665e-06
149.77,0.0,137.95768925982838,7.598166e-06
149.77,0.0,137.9572765955589,7.003968e-06
149.77,0.0,137.95687322369213,7.913826e-06
149.77,0.0,137.95647058835613,7.663577e-06
149.77,0.0,137.9560291405541,8.250106e-06
149.77,0.0,137.95561340741486,7.770228e-06
149.77,0.0,137.95519947418074,7.923896e-06
149.77,0.0,137.95478888755738,7.850744e-06
149.77,0.0,137.9543509467192,7.888782e-06
149.77,0.0,137.95394978741896,8.000294e-06
149.77,0.0,137.95353104055778,7.607843e-06
149.77,0.0,137.9531031951686,7.326758e-06
149.77,0.0,137.95268264345856,7.457638e-06
149.77,0.0,137.95226980458287,7.014823e-06
149.77,0.0,137.9518420422901,7.604598e-06
149.77,0.0,137.95142578847498,7.277471e-06
149.77,0.0,137.9510212709239,8.009738e-06
149.77,0.0,137.95058897924932,7.56084e-06
149.77,0.0,137.9501652886673,8.085277e-06
149.77,0.0,137.9497514376725,7.570285e-06
149.77,0.0,137.94934963949294,7.872426e-06
149.77,0.0,137.94891158601067,7.752722e-06
149.77,0.0,137.94851151221746,7.644587e-06
149.77,0.0,137.94809712897026,8.083138e-06
149.77,0.0,137.94767263329877,7.812021e-06
149.77,0.0,137.94723698009565,8.061208e-06
149.77,0.0,137.94683131009444,7.712704e-06
149.77,0.0,137.94642965810667,7.935392e-06
149.77,0.0,137.94599198301435,7.658775e-06
149.77,0.0,137.94557880608465,7.840237e-06
149.77,0.0,137.94516405065195,7.104682e-06
149.77,0.0,137.94474959182432,7.686263e-06
149.77,0.0,137.94431997546153,7.193317e-06
149.77,0.0,137.94391078393906,7.549068e-06
149.77,0.0,137.94350797789258,7.623559e-06
149.77,0.0,137.94306901061444,7.217197e-06
149.77,0.0,137.94264053863043,7.646187e-06
149.77,0.0,137.94222938836924,7.461131e-06
149.77,0.0,137.94179067656538,7.582596e-06
149.77,0.0,137.94139202706882,8.002229e-06
149.77,0.0,137.94098755350208,7.836192e-06
149.77,0.0,137.9405492972211,8.277333e-06
149.77,0.0,137.94013872278163,8.253453e-06
149.77,0.0,137.93971977575143,7.944982e-06
149.77,0.0,137.9392831159865,7.807073e-06
149.77,0.0,137.9388824677734,7.622075e-06
149.77,0.0,137.93848446508665,7.983006e-06
149.77,0.0,137.93804568361728,7.63491e-06
149.77,0.0,137.937626131601,7.960945e-06
149.77,0.0,137.93721219164513,8.081493e-06
149.77,0.0,137.9367869625422,7.880037e-06
149.77,0.0,137.9364037591154,8.157207e-06
149.77,0.0,137.93595105474864,8.41172e-06
149.77,0.0,137.93555799517137,8.361021e-06
149.77,0.0,137.93514265577883,8.147428e-06
149.77,0.0,137.93472260134178,8.423813e-06
149.77,0.0,137.93428313068938,8.588497e-06
149.77,0.0,137.93388399521783,8.079733e-06
149.77,0.0,137.9334874112638,8.120653e-06
149.77,0.0,137.93304810132636,8.132352e-06
149.77,0.0,137.93262704562082,7.797804e-06
149.77,0.0,137.93220564244714,7.743307e-06
149.77,0.0,137.93174999683782,8.129675e-06
149.77,0.0,137.9313711404884,8.032948e-06
149.77,0.0,137.93096546748927,7.92231e-06
149.77,0.0,137.93052939365904,8.115268e-06
149.77,0.0,137.9301137285689,8.252813e-06
149.77,0.0,137.92969439500152,8.103831e-06
149.77,0.0,137.92928375833563,8.032352e-06
149.77,0.0,137.92884652288578,8.05431e-06
149.77,0.0,137.9284465964034,7.943978e-06
149.77,0.0,137.92804153893366,7.980634e-06
149.77,0.0,137.92760711249207,7.892348e-06
149.77,0.0,137.92717792484618,7.943978e-06
149.77,0.0,137.92676246440726,7.975483e-06
149.77,0.0,137.92636068749889,7.916111e-06
149.77,0.0,137.92595111535047,7.810289e-06
149.77,0.0,137.92551742025594,7.900846e-06
149.77,0.0,137.9250961479729,8.007119e-06
149.77,0.0,137.9246861521263,7.183873e-06
149.77,0.0,137.924271866837,6.559087e-06
149.77,0.0,137.92384322453094,7.141716e-06
149.77,0.0,137.9234314813713,7.174749e-06
149.77,0.0,137.92299438224447,7.408395e-06
149.77,0.0,137.92258388130992,7.612747e-06
149.77,0.0,137.92217001262205,7.788287e-06
149.77,0.0,137.92172370064745,7.899711e-06
149.77,0.0,137.92131923754073,8.140269e-06
149.77,0.0,137.92092051200092,8.14769e-06
149.77,0.0,137.9204838288768,8.14021e-06
149.77,0.0,137.92007192803527,7.907132e-06
149.77,0.0,137.9196588330134,8.072559e-06
149.77,0.0,137.91924272063684,8.356685e-06
149.77,0.0,137.91879249048043,8.309464e-06
149.77,0.0,137.91840227410503,8.330651e-06
149.77,0.0,137.91799252371,8.421644e-06
149.77,0.0,137.9175905873055,8.470946e-06
149.77,0.0,137.917162123416,8.406801e-06
149.77,0.0,137.91672723964535,8.563424e-06
149.77,0.0,137.9163197686856,8.496107e-06
149.77,0.0,137.91592054829312,7.933573e-06
149.77,0.0,137.91548658828447,8.348972e-06
149.77,0.0,137.91507667560404,8.327872e-06
149.77,0.0,137.91466222066865,8.30779e-06
149.77,0.0,137.9142458776542,8.36156e-06
149.77,0.0,137.91380857688424,8.415533e-06
149.77,0.0,137.91340762264485,8.210496e-06
149.77,0.0,137.9130055129023,8.176692e-06
149.77,0.0,137.91256633915683,8.280549e-06
149.77,0.0,137.91214351033116,8.295028e-06
149.77,0.0,137.91172822781354,8.431278e-06
149.77,0.0,137.91128733479826,8.464325e-06
149.77,0.0,137.91088264014596,8.401286e-06
149.77,0.0,137.91048045938302,8.132745e-06
149.77,0.0,137.9100685480168,8.270828e-06
149.77,0.0,137.9096391422552,8.452946e-06
149.77,0.0,137.9092061027669,8.257572e-06
149.77,0.0,137.90879772704423,8.248884e-06
149.77,0.0,137.90839692855815,8.111689e-06
149.77,0.0,137.9079558590818,7.874478e-06
149.77,0.0,137.90754735108817,8.25875e-06
149.77,0.0,137.90713367366172,8.252668e-06
149.77,0.0,137.90671406774908,8.016679e-06
149.77,0.0,137.90627437875776,8.246643e-06
149.77,0.0,137.9058741076122,8.140531e-06
149.77,0.0,137.90547253465778,8.126328e-06
149.77,0.0,137.90503517589087,8.447169e-06
149.77,0.0,137.90461718472932,8.38119e-06
149.77,0.0,137.90420216405838,8.159375e-06
149.77,0.0,137.90379250365922,8.399773e-06
149.77,0.0,137.9033535004364,8.162417e-06
149.77,0.0,137.90294319376375,8.578805e-06
149.77,0.0,137.90251453881362,8.196905e-06
149.77,0.0,137.90209832529837,7.851588e-06
149.77,0.0,137.90168569572708,8.173491e-06
149.77,0.0,137.90127400267704,7.511815e-06
149.77,0.0,137.90083541069146,7.788592e-06
149.77,0.0,137.9004324177033,7.1455e-06
149.77,0.0,137.90002766321467,6.992166e-06
149.77,0.0,137.8995887144627,6.835791e-06
149.77,0.0,137.89916396965853,6.55491e-06
149.77,0.0,137.89875099788728,6.945062e-06
149.77,0.0,137.8983483016915,6.743954e-06
149.77,0.0,137.89794724824944,7.176321e-06
149.77,0.0,137.89749065377976,7.678071e-06
149.77,0.0,137.89708979432132,7.573835e-06
149.77,0.0,137.89667575013894,7.836046e-06
149.77,0.0,137.89626861927442,7.706272e-06
149.77,0.0,137.89583163928296,8.10303e-06
149.77,0.0,137.89543102443722,7.760886e-06
149.77,0.0,137.8950275481307,7.908107e-06
149.77,0.0,137.89459123721176,7.137889e-06
149.77,0.0,137.89416452788782,7.19825e-06
149.77,0.0,137.89375165926026,7.527691e-06
149.77,0.0,137.89334812270673,7.05522e-06
149.77,0.0,137.89290990581,7.813651e-06
149.77,0.0,137.89250866889918,7.149283e-06
149.77,0.0,137.89209334698035,7.40742e-06
149.77,0.0,137.8916660532096,7.393915e-06
149.77,0.0,137.89123108450036,7.27264e-06
149.77,0.0,137.8908274799386,7.70863e-06
149.77,0.0,137.8904249419606,7.702532e-06
149.77,0.0,137.8899842819139,7.843963e-06
149.77,0.0,137.88957162147977,7.70035e-06
149.77,0.0,137.88915584387243,7.626033e-06
149.77,0.0,137.8887400367237,7.572555e-06
149.77,0.0,137.8883071648694,8.030431e-06
149.77,0.0,137.88790040176394,8.18538e-06
149.77,0.0,137.88749921936142,7.94245e-06
149.77,0.0,137.8870816254594,7.784663e-06
149.77,0.0,137.88664291055977,7.296199e-06
149.77,0.0,137.88621751625794,7.711758e-06
149.77,0.0,137.88579526171844,7.212016e-06
149.77,0.0,137.8854105835353,7.984694e-06
149.77,0.0,137.88497128967862,7.828756e-06
149.77,0.0,137.88456156895572,8.05757e-06
149.77,0.0,137.88414820444035,7.868541e-06
149.77,0.0,137.8837290510614,7.593233e-06
149.77,0.0,137.88329090900797,8.239615e-06
149.77,0.0,137.88289155004412,8.109448e-06
149.77,0.0,137.88245061814894,8.396644e-06
149.77,0.0,137.8820427103476,8.163595e-06
149.77,0.0,137.88162780923338,8.112314e-06
149.77,0.0,137.88120567915357,8.014933e-06
149.77,0.0,137.8807506865767,8.124334e-06
149.77,0.0,137.88036799158712,7.841241e-06
149.77,0.0,137.87996814483432,8.364339e-06
149.77,0.0,137.87952831159504,8.059156e-06
149.77,0.0,137.87911314424684,7.913288e-06
149.77,0.0,137.87869755727868,7.560113e-06
149.77,0.0,137.87828831395132,7.631927e-06
149.77,0.0,137.8778495503906,7.902359e-06
149.77,0.0,137.87745349146303,7.664697e-06
149.77,0.0,137.8770463407779,8.077492e-06
149.77,0.0,137.87663059255289,7.818075e-06
149.77,0.0,137.87621147072755,7.861963e-06
149.77,0.0,137.87577591169324,8.357427e-06
149.77,0.0,137.87537257113647,8.170304e-06
149.77,0.0,137.8749646149644,8.261442e-06
149.77,0.0,137.87452737603743,8.15306e-06
149.77,0.0,137.87411333183437,8.152594e-06
149.77,0.0,137.8736985140073,7.852082e-06
149.77,0.0,137.87328951048138,7.930197e-06
149.77,0.0,137.87284926146836,7.867624e-06
149.77,0.0,137.8724509970809,8.252726e-06
149.77,0.0,137.8720145706916,8.136281e-06
149.77,0.0,137.87160288256288,7.343711e-06
149.77,0.0,137.87117761441561,7.469222e-06
149.77,0.0,137.87074427386818,7.079638e-06
149.77,0.0,137.8703446489536,7.853014e-06
149.77,0.0,137.86994225640282,8.251969e-06
149.77,0.0,137.86950442962146,8.031275e-06
149.77,0.0,137.8690919120644,8.376985e-06
149.77,0.0,137.86867272045214,7.710783e-06
149.77,0.0,137.8682650937317,7.978626e-06
149.77,0.0,137.86783067300405,7.8741e-06
149.77,0.0,137.86742922119643,7.893352e-06
149.77,0.0,137.86702375045058,8.41498e-06
149.77,0.0,137.86658657411476,8.002695e-06
149.77,0.0,137.86616692791077,8.169256e-06
149.77,0.0,137.86575412261408,7.832394e-06
149.77,0.0,137.86532569410335,8.274175e-06
149.77,0.0,137.86491661827822,7.847164e-06
149.77,0.0,137.86451621881292,7.941839e-06
149.77,0.0,137.8640768118377,7.947529e-06
149.77,0.0,137.8636500772176,7.559182e-06
149.77,0.0,137.86323695140382,7.952331e-06
149.77,0.0,137.8627988259205,8.091927e-06
149.77,0.0,137.86239711889846,8.20226e-06
149.77,0.0,137.86199480255613,8.306597e-06
149.77,0.0,137.86155524384944,7.429509e-06
149.77,0.0,137.86113554169427,7.705952e-06
149.77,0.0,137.8607222200545,7.462761e-06
149.77,0.0,137.8602835839459,7.651295e-06
149.77,0.0,137.85986817373796,8.022034e-06
149.77,0.0,137.85947144452015,7.56282e-06
149.77,0.0,137.85906026280813,7.73769e-06
149.77,0.0,137.85863395118315,7.450464e-06
149.77,0.0,137.85820205457307,7.916169e-06
149.77,0.0,137.85779007148463,7.557537e-06
149.77,0.0,137.85739086118713,8.128234e-06
149.77,0.0,137.85698711064933,7.972645e-06
149.77,0.0,137.8565788507859,7.362789e-06
149.77,0.0,137.85613263734055,7.812981e-06
149.77,0.0,137.8557171856422,7.628099e-06
149.77,0.0,137.85530898194983,7.764436e-06
149.77,0.0,137.8549061377939,8.104733e-06
149.77,0.0,137.85446585928324,7.349401e-06
149.77,0.0,137.85405580910376,7.949537e-06
149.77,0.0,137.85364642027994,7.32507e-06
149.77,0.0,137.853199255081,7.54348e-06
149.77,0.0,137.85278855772592,7.609371e-06
149.77,0.0,137.85238821071482,7.302326e-06
149.77,0.0,137.85194682276196,7.418173e-06
149.77,0.0,137.85154004501197,6.890667e-06
149.77,0.0,137.85112399834614,7.524126e-06
149.77,0.0,137.85070141363673,7.216862e-06
149.77,0.0,137.8502602763705,7.510651e-06
149.77,0.0,137.84985858529822,7.179056e-06
149.77,0.0,137.84945582287006,7.269438e-06
149.77,0.0,137.84904916672212,7.343144e-06
149.77,0.0,137.84860357472738,7.333845e-06
149.77,0.0,137.848188901931,7.449504e-06
149.77,0.0,137.84775925742534,7.208073e-06
149.77,0.0,137.84737504076395,7.688577e-06
149.77,0.0,137.84693283692283,7.366994e-06
149.77,0.0,137.84652903483405,7.646013e-06
149.77,0.0,137.84611307222195,7.541516e-06
149.77,0.0,137.84568986420632,7.260649e-06
149.77,0.0,137.845251379737,7.354538e-06
149.77,0.0,137.84484810803147,7.521041e-06
149.77,0.0,137.84444707055673,7.530238e-06
149.77,0.0,137.84404075374476,7.533381e-06
149.77,0.0,137.84359113739833,7.735347e-06
149.77,0.0,137.8431761327057,7.347669e-06
149.77,0.0,137.84276378876393,7.304625e-06
149.77,0.0,137.84232718050953,6.833798e-06
149.77,0.0,137.8419267115359,7.34636e-06
149.77,0.0,137.84148832228402,6.698087e-06
149.77,0.0,137.8410783018464,7.111812e-06
149.77,0.0,137.84066619770775,7.139111e-06
149.77,0.0,137.84022135531438,7.246286e-06
149.77,0.0,137.83981545097214,7.489609e-06
149.77,0.0,137.83941308422348,7.152383e-06
149.77,0.0,137.83901127307732,7.613606e-06
149.77,0.0,137.8385706242467,7.489798e-06
149.77,0.0,137.83814716891843,7.71918e-06
149.77,0.0,137.83771797016865,7.847193e-06
149.77,0.0,137.8373263343434,7.730734e-06
149.77,0.0,137.83691430063365,7.697672e-06
149.77,0.0,137.83648500458548,7.549927e-06
149.77,0.0,137.83607389314687,7.622715e-06
149.77,0.0,137.8356610536496,7.772585e-06
149.77,0.0,137.83524521977063,7.502531e-06
149.77,0.0,137.83483914520858,7.309645e-06
149.77,0.0,137.83440244734004,6.72786e-06
149.77,0.0,137.83400348909043,7.403403e-06
149.77,0.0,137.83358888576757,6.780087e-06
149.77,0.0,137.8331424614922,7.717841e-06
149.77,0.0,137.83272752487565,7.490526e-06
149.77,0.0,137.832320606557,7.894574e-06
149.77,0.0,137.83187257702167,7.805385e-06
149.77,0.0,137.83147957713993,7.520051e-06
149.77,0.0,137.8310671239645,7.482362e-06
149.77,0.0,137.8306402350848,7.545153e-06
149.77,0.0,137.83020679364347,7.861861e-06
149.77,0.0,137.8297993629927,7.718903e-06
149.77,0.0,137.8294010301717,7.735638e-06
149.77,0.0,137.82896168473778,7.454786e-06
149.77,0.0,137.82855448872306,7.566923e-06
149.77,0.0,137.82814035097672,7.201321e-06
149.77,0.0,137.82772414964217,7.296752e-06
149.77,0.0,137.827287305049,7.686773e-06
149.77,0.0,137.82688946032872,7.254668e-06
149.77,0.0,137.8264471910133,7.514391e-06
149.77,0.0,137.82604257663849,7.113136e-06
149.77,0.0,137.82563200366116,6.902206e-06
149.77,0.0,137.82521590451532,6.614035e-06
149.77,0.0,137.82477051845297,6.514616e-06
149.77,0.0,137.82436919265055,6.602058e-06
149.77,0.0,137.82396790556433,6.909904e-06
149.77,0.0,137.8235321136455,7.085968e-06
149.77,0.0,137.82311497835678,6.850751e-06
149.77,0.0,137.8226929940189,6.945367e-06
149.77,0.0,137.82225582215983,7.045339e-06
149.77,0.0,137.82185436423873,7.281633e-06
149.77,0.0,137.82143927128197,7.20947e-06
149.77,0.0,137.82101549407605,7.556038e-06
149.77,0.0,137.820600502812,7.632538e-06
149.77,0.0,137.82018575551555,7.681228e-06
149.77,0.0,137.81973981063362,7.257418e-06
149.77,0.0,137.81933381022247,7.203998e-06
149.77,0.0,137.81893159871612,7.410359e-06
149.77,0.0,137.81853146964554,7.574359e-06
149.77,0.0,137.8180993493178,7.469134e-06
149.77,0.0,137.8176722665234,7.761584e-06
149.77,0.0,137.81725825290917,7.389346e-06
149.77,0.0,137.81685566252455,7.461073e-06
149.77,0.0,137.81644704248197,7.272291e-06
149.77,0.0,137.8160176793523,7.536422e-06
149.77,0.0,137.81560629254267,7.107185e-06
149.77,0.0,137.81518242796764,7.309805e-06
149.77,0.0,137.81472976382437,6.815273e-06
149.77,0.0,137.81434337021386,7.090595e-06
149.77,0.0,137.81394283692939,7.102644e-06
149.77,0.0,137.81350280976667,7.355542e-06
149.77,0.0,137.81309115550354,7.304683e-06
149.77,0.0,137.8126659429971,6.926741e-06
149.77,0.0,137.8122313911516,6.857415e-06
149.77,0.0,137.8118272065569,6.383998e-06
149.77,0.0,137.81142943270504,6.650982e-06
149.77,0.0,137.81099003481188,7.081893e-06
149.77,0.0,137.81057710232903,7.111521e-06
149.77,0.0,137.81016228081066,7.2767e-06
149.77,0.0,137.80974557675876,7.123454e-06
149.77,0.0,137.80930660151432,7.007591e-06
149.77,0.0,137.80889664427693,6.990012e-06
149.77,0.0,137.80850543381035,6.502625e-06
149.77,0.0,137.80806672258385,7.052688e-06
149.77,0.0,137.80764709729792,7.047376e-06
149.77,0.0,137.8072184090885,7.424955e-06
149.77,0.0,137.8068188352131,7.008872e-06
149.77,0.0,137.80641468613265,6.920614e-06
149.77,0.0,137.80597282539696,6.945382e-06
149.77,0.0,137.80556341333096,7.366776e-06
149.77,0.0,137.80515042625126,7.144394e-06
149.77,0.0,137.80473549309815,7.155904e-06
149.77,0.0,137.80429606590099,6.987902e-06
149.77,0.0,137.80389575628305,6.767514e-06
149.77,0.0,137.80349272367897,6.75612e-06
149.77,0.0,137.80305421327873,6.918082e-06
149.77,0.0,137.80263192501462,7.221141e-06
149.77,0.0,137.80221391035315,6.944276e-06
149.77,0.0,137.80177592256663,7.371797e-06
149.77,0.0,137.80137663513315,7.235751e-06
149.77,0.0,137.8009703902999,7.385795e-06
149.77,0.0,137.8005317166719,7.529728e-06
149.77,0.0,137.800118028367,7.508192e-06
149.77,0.0,137.7997035903365,7.670198e-06
149.77,0.0,137.79925906752143,7.236158e-06
149.77,0.0,137.7988584056769,7.249459e-06
149.77,0.0,137.79845955920345,7.238588e-06
149.77,0.0,137.7980513228586,7.31308e-06
149.77,0.0,137.79760978927834,7.634313e-06
149.77,0.0,137.79719134411548,7.581039e-06
149.77,0.0,137.7967641345089,7.352864e-06
149.77,0.0,137.79638533537727,7.193128e-06
149.77,0.0,137.7959470854362,7.186987e-06
149.77,0.0,137.79554368427347,7.181559e-06
149.77,0.0,137.79512894207696,7.426133e-06
149.77,0.0,137.79470978972253,6.910283e-06
149.77,0.0,137.79426931547547,6.949427e-06
149.77,0.0,137.793868310813,6.206712e-06
149.77,0.0,137.7934655027822,6.172209e-06
149.77,0.0,137.79302801359998,6.761868e-06
149.77,0.0,137.7926128873356,6.603645e-06
149.77,0.0,137.79218957707155,6.693052e-06
149.77,0.0,137.79175242179343,6.344373e-06
149.77,0.0,137.79135201744913,6.409246e-06
149.77,0.0,137.7909421848909,6.563685e-06
149.77,0.0,137.79051383590405,6.434886e-06
149.77,0.0,137.79009869248281,6.46658e-06
149.77,0.0,137.78968436360137,6.571805e-06
149.77,0.0,137.7892748621274,6.817863e-06
149.77,0.0,137.78883555148832,6.438931e-06
149.77,0.0,137.7884340500846,6.264658e-06
149.77,0.0,137.78802890962078,6.550632e-06
149.77,0.0,137.78759073671515,6.609436e-06
149.77,0.0,137.7871652924343,6.795235e-06
149.77,0.0,137.78675107280682,6.728034e-06
149.77,0.0,137.786351918787,6.376431e-06
149.77,0.0,137.7859015489288,6.596762e-06
149.77,0.0,137.78551023657116,6.491493e-06
149.77,0.0,137.7850941172861,6.733637e-06
149.77,0.0,137.7846674472192,6.490503e-06
149.77,0.0,137.78423725413782,6.757997e-06
149.77,0.0,137.78383366843477,6.476752e-06
149.77,0.0,137.78341719048038,5.820693e-06
149.77,0.0,137.78299155705872,6.053553e-06
149.77,0.0,137.7825790846507,6.124988e-06
149.77,0.0,137.78215009116064,6.445742e-06
149.77,0.0,137.78171142282193,6.651811e-06
149.77,0.0,137.78130796449668,6.914546e-06
149.77,0.0,137.7809064314223,6.857081e-06
149.77,0.0,137.7804622831694,6.820163e-06
149.77,0.0,137.7800559111209,6.682661e-06
149.77,0.0,137.7796364894156,6.440023e-06
149.77,0.0,137.77922496515603,6.271541e-06
149.77,0.0,137.7787842197488,5.934839e-06
149.77,0.0,137.77838648082636,6.037139e-06
149.77,0.0,137.77798614276747,5.786264e-06
149.77,0.0,137.77757468888237,4.677626e-06
149.77,0.0,137.7771437839548,4.387213e-06
149.77,0.0,137.7767119386075,4.551199e-06
149.77,0.0,137.77630794562523,4.92479e-06
149.77,0.0,137.77590754165746,5.687441e-06
149.77,0.0,137.77546607854433,6.023431e-06
149.77,0.0,137.7750570354035,6.112547e-06
149.77,0.0,137.7746436789313,6.230432e-06
149.77,0.0,137.7742278275212,6.090995e-06
149.77,0.0,137.77378813919964,6.436749e-06
149.77,0.0,137.77338961202122,6.427348e-06
149.77,0.0,137.772967353378,6.222137e-06
149.77,0.0,137.7725451295186,6.072209e-06
149.77,0.0,137.7721339192399,6.081114e-06
149.77,0.0,137.77171297251186,5.964117e-06
149.77,0.0,137.77127673309337,5.98593e-06
149.77,0.0,137.77087441622848,6.231232e-06
149.77,0.0,137.77047570714726,6.396775e-06
149.77,0.0,137.77003528101173,6.430128e-06
149.77,0.0,137.76961849657,6.349306e-06
149.77,0.0,137.7692059746156,6.142684e-06
149.77,0.0,137.7687586889732,6.008937e-06
149.77,0.0,137.76836085115576,5.883325e-06
149.77,0.0,137.76795147452455,6.303788e-06
149.77,0.0,137.76752478015493,6.357048e-06
149.77,0.0,137.7671080382098,6.692513e-06
149.77,0.0,137.76669396313847,6.679213e-06
149.77,0.0,137.7662847068912,6.71194e-06
149.77,0.0,137.76584479486837,6.362985e-06
149.77,0.0,137.76544670591173,6.394621e-06
149.77,0.0,137.76504049877573,6.11601e-06
149.77,0.0,137.76460421069515,6.042392e-06
149.77,0.0,137.764178683203,6.292161e-06
149.77,0.0,137.76376593777917,6.516624e-06
149.77,0.0,137.7633646571255,6.390299e-06
149.77,0.0,137.76292525051912,6.481641e-06
149.77,0.0,137.76252335335982,6.272123e-06
149.77,0.0,137.76208195812427,6.025992e-06
149.77,0.0,137.7616569853482,5.377136e-06
149.77,0.0,137.76125205433493,5.548383e-06
149.77,0.0,137.76081204511954,5.92896e-06
149.77,0.0,137.76040923400566,6.310453e-06
149.77,0.0,137.76001240013795,6.124683e-06
149.77,0.0,137.75957561241182,6.372153e-06
149.77,0.0,137.7591524126417,6.007147e-06
149.77,0.0,137.75873620468101,6.27921e-06
149.77,0.0,137.7583311992127,6.386501e-06
149.77,0.0,137.75792802012006,6.589049e-06
149.77,0.0,137.75752138695947,6.72396e-06
149.77,0.0,137.75708521533508,7.023744e-06
149.77,0.0,137.75666025387233,6.999457e-06
149.77,0.0,137.75624469101191,6.802016e-06
149.77,0.0,137.75583914407756,6.71098e-06
149.77,0.0,137.75540494834465,6.505434e-06
149.77,0.0,137.75498763405153,6.623522e-06
149.77,0.0,137.7545915282731,6.635251e-06
149.77,0.0,137.75416619874412,6.593196e-06
149.77,0.0,137.75373197153004,6.242815e-06
149.77,0.0,137.75332725353817,6.591581e-06
149.77,0.0,137.7529144517464,6.845934e-06
149.77,0.0,137.75248935306035,6.710252e-06
149.77,0.0,137.75207591849556,6.862101e-06
149.77,0.0,137.7516503820695,6.837843e-06
149.77,0.0,137.7512194752101,6.835689e-06
149.77,0.0,137.75079533285032,6.483708e-06
149.77,0.0,137.7504093623227,6.54484e-06
149.77,0.0,137.7499533312148,6.169546e-06
149.77,0.0,137.74955721510725,6.03302e-06
149.77,0.0,137.74914470270866,5.260415e-06
149.77,0.0,137.7487301725089,5.025417e-06
149.77,0.0,137.74829446278028,4.834059e-06
149.77,0.0,137.74789382924354,4.967544e-06
149.77,0.0,137.74749233324533,4.888701e-06
149.77,0.0,137.7470500525493,4.906426e-06
149.77,0.0,137.74663582913269,5.167298e-06
149.77,0.0,137.74622070128865,5.340393e-06
149.77,0.0,137.74577832080598,5.56439e-06
149.77,0.0,137.74537160201112,5.454276e-06
149.77,0.0,137.74496649484044,5.857903e-06
149.77,0.0,137.74455706322127,6.080605e-06
149.77,0.0,137.74412901038068,6.226488e-06
149.77,0.0,137.74370129176944,6.336559e-06
149.77,0.0,137.7432906842855,6.213973e-06
149.77,0.0,137.7428531945311,6.2498e-06
149.77,0.0,137.74245458647118,6.37566e-06
149.77,0.0,137.74201267921455,6.543123e-06
149.77,0.0,137.74158667912823,6.358328e-06
149.77,0.0,137.7411856044151,6.308415e-06
149.77,0.0,137.7407748225611,6.199567e-06
149.77,0.0,137.74033540598134,6.150207e-06
149.77,0.0,137.73993419980653,6.134083e-06
149.77,0.0,137.73953162886963,6.247297e-06
149.77,0.0,137.73909669605382,6.214774e-06
149.77,0.0,137.7386699257551,6.232178e-06
149.77,0.0,137.73825783834823,6.112779e-06
149.77,0.0,137.7378554889873,6.354065e-06
149.77,0.0,137.73745667279917,6.280519e-06
149.77,0.0,137.73701845340278,6.412738e-06
149.77,0.0,137.73659325952858,6.564049e-06
149.77,0.0,137.73619162026048,6.434464e-06
149.77,0.0,137.73576050662643,6.423637e-06
149.77,0.0,137.73534406429275,6.266549e-06
149.77,0.0,137.7349441570859,6.461021e-06
149.77,0.0,137.73453744218534,6.203161e-06
149.77,0.0,137.7341017695116,6.400049e-06
149.77,0.0,137.73367381182703,6.328453e-06
149.77,0.0,137.73326037401347,6.58512e-06
149.77,0.0,137.73284050219343,6.404458e-06
149.77,0.0,137.7324203612274,6.518443e-06
149.77,0.0,137.73202167213105,6.518021e-06
149.77,0.0,137.7315704848866,6.699527e-06
149.77,0.0,137.7311607535781,6.654664e-06
149.77,0.0,137.7307449104372,6.544025e-06
149.77,0.0,137.73034250847857,6.118993e-06
149.77,0.0,137.72990224928324,4.78822e-06
149.77,0.0,137.72949958098874,5.749273e-06
149.77,0.0,137.72908635353662,6.154281e-06
149.77,0.0,137.72867122560365,5.928669e-06
149.77,0.0,137.7282229680999,6.365808e-06
149.77,0.0,137.72781463927407,6.217189e-06
149.77,0.0,137.72741441054333,6.010174e-06
149.77,0.0,137.72701287839314,5.892914e-06
149.77,0.0,137.72655339432137,5.739115e-06
149.77,0.0,137.72615545101783,5.741036e-06
149.77,0.0,137.72574083508974,5.929905e-06
149.77,0.0,137.7253070407558,6.234943e-06
149.77,0.0,137.72489958359097,6.31444e-06
149.77,0.0,137.72450237318748,6.574264e-06
149.77,0.0,137.72406469881005,6.624119e-06
149.77,0.0,137.72364458071178,6.800838e-06
149.77,0.0,137.72322650071945,6.682007e-06
149.77,0.0,137.72278850500186,6.614777e-06
149.77,0.0,137.72238975288488,6.663191e-06
149.77,0.0,137.7219492883029,6.497241e-06
149.77,0.0,137.72153395447864,6.391449e-06
149.77,0.0,137.72113162414928,5.96726e-06
149.77,0.0,137.72069717307247,6.086717e-06
149.77,0.0,137.72027009744127,5.912676e-06
149.77,0.0,137.71986600723613,6.076836e-06
149.77,0.0,137.71946667355743,5.770606e-06
149.77,0.0,137.7190582523948,6.257411e-06
149.77,0.0,137.71861374058088,6.141621e-06
149.77,0.0,137.7182003846749,6.478091e-06
149.77,0.0,137.71779125845396,6.639675e-06
149.77,0.0,137.7173906052123,6.485148e-06
149.77,0.0,137.7169519986941,6.246599e-06
149.77,0.0,137.71654669561852,6.538132e-06
149.77,0.0,137.7161327410792,6.627321e-06
149.77,0.0,137.7157173060593,6.705828e-06
149.77,0.0,137.71527191668585,6.804272e-06
149.77,0.0,137.7148595037919,6.844857e-06
149.77,0.0,137.71446768610852,6.696675e-06
149.77,0.0,137.71406048029573,6.664239e-06
149.77,0.0,137.71361223752652,6.471309e-06
149.77,0.0,137.713197454899,6.620598e-06
149.77,0.0,137.71277824128413,6.588511e-06
149.77,0.0,137.7123554807752,6.464135e-06
149.77,0.0,137.71194524715153,6.320974e-06
149.77,0.0,137.71153796297685,6.215574e-06
149.77,0.0,137.71110248891893,6.152317e-06
149.77,0.0,137.71067546717762,6.38215e-06
149.77,0.0,137.71025880752453,6.223534e-06
149.77,0.0,137.70986048986225,6.701695e-06
149.77,0.0,137.7094506748431,6.765884e-06
149.77,0.0,137.70901631493197,7.014751e-06
149.77,0.0,137.70859759788308,7.077193e-06
149.77,0.0,137.70818794667966,6.869421e-06
149.77,0.0,137.70773979590498,6.785078e-06
149.77,0.0,137.70733843422326,7.043302e-06
149.77,0.0,137.70693608522052,7.224939e-06
149.77,0.0,137.7065734180024,7.315946e-06
149.77,0.0,137.7061065473624,7.432624e-06
149.77,0.0,137.70568306193871,7.171897e-06
149.77,0.0,137.70524717438246,7.257811e-06
149.77,0.0,137.70484253238675,7.002483e-06
149.77,0.0,137.7044428254794,7.370196e-06
149.77,0.0,137.7040032995066,7.482973e-06
149.77,0.0,137.70359092149525,7.28789e-06
149.77,0.0,137.70316561873406,7.717375e-06
149.77,0.0,137.70272950991767,7.705239e-06
149.77,0.0,137.70232325807692,7.72666e-06
149.77,0.0,137.70190337683647,6.833274e-06
149.77,0.0,137.70148244071305,7.442402e-06
149.77,0.0,137.70107083075243,7.18821e-06
149.77,0.0,137.7006499357826,7.741386e-06
149.77,0.0,137.70020933585786,7.73932e-06
149.77,0.0,137.69980083637887,7.901443e-06
149.77,0.0,137.69940340421115,7.898518e-06
149.77,0.0,137.69900032984464,7.762719e-06
149.77,0.0,137.69855676671975,7.965238e-06
149.77,0.0,137.69814420816311,8.125877e-06
149.77,0.0,137.6977319715813,7.958108e-06
149.77,0.0,137.69732661935421,7.79191e-06
149.77,0.0,137.69688665004927,7.839088e-06
149.77,0.0,137.6964886597674,7.711395e-06
149.77,0.0,137.69607410093386,7.319875e-06
149.77,0.0,137.6956574197396,6.820424e-06
149.77,0.0,137.6952107427998,7.315146e-06
149.77,0.0,137.69480050929474,7.466602e-06
149.77,0.0,137.69440053754585,7.38354e-06
149.77,0.0,137.69399790147565,7.645387e-06
149.77,0.0,137.6935555373436,7.7523e-06
149.77,0.0,137.69314222254548,8.320916e-06
149.77,0.0,137.69272686960292,8.204966e-06
149.77,0.0,137.69229296164218,8.240226e-06
149.77,0.0,137.691892188378,8.243995e-06
149.77,0.0,137.69145481842443,8.246076e-06
149.77,0.0,137.6910469370475,8.260977e-06
149.77,0.0,137.69063212933108,8.523435e-06
149.77,0.0,137.6902112758002,8.645744e-06
149.77,0.0,137.6897748992661,8.143033e-06
149.77,0.0,137.6893750922934,8.50299e-06
149.77,0.0,137.68897543525406,8.113013e-06
149.77,0.0,137.68853594435086,8.347604e-06
149.77,0.0,137.68811735845725,8.482282e-06
149.77,0.0,137.68770258925184,7.866256e-06
149.77,0.0,137.68729490667403,8.188028e-06
149.77,0.0,137.68685112146073,8.22141e-06
149.77,0.0,137.68645877155322,8.26297e-06
149.77,0.0,137.68605190947815,8.740972e-06
149.77,0.0,137.6856026171307,8.719755e-06
149.77,0.0,137.68518995156992,8.600589e-06
149.77,0.0,137.6847778035052,8.476636e-06
149.77,0.0,137.68436222549752,8.105286e-06
149.77,0.0,137.68394753162914,8.386938e-06
149.77,0.0,137.68352366181975,8.120856e-06
149.77,0.0,137.68309822445994,8.242248e-06
149.77,0.0,137.68266580587294,7.824579e-06
149.77,0.0,137.6822467447009,7.490482e-06
149.77,0.0,137.68184215300803,7.901166e-06
149.77,0.0,137.68144074950314,7.573282e-06
149.77,0.0,137.68100202150657,7.692928e-06
149.77,0.0,137.68057382785676,8.195508e-06
149.77,0.0,137.6801732611285,7.875526e-06
149.77,0.0,137.6797606499911,8.156363e-06
149.77,0.0,137.67932416845306,8.423682e-06
149.77,0.0,137.67892311698003,7.844515e-06
149.77,0.0,137.67851907861595,8.480914e-06
149.77,0.0,137.6780781604594,8.535717e-06
149.77,0.0,137.67765249045272,7.819006e-06
149.77,0.0,137.67723650860387,8.318762e-06
149.77,0.0,137.67683341736634,8.17304e-06
149.77,0.0,137.67643618890227,8.336021e-06
149.77,0.0,137.67599700931873,8.233081e-06
149.77,0.0,137.67558632737854,7.814582e-06
149.77,0.0,137.6751730888213,8.128249e-06
149.77,0.0,137.6747608385909,8.268515e-06
149.77,0.0,137.67432221554634,8.171992e-06
149.77,0.0,137.67392441834767,7.929892e-06
149.77,0.0,137.6735233104576,7.694136e-06
149.77,0.0,137.6730790376343,7.733601e-06
149.77,0.0,137.67266515105143,8.233736e-06
149.77,0.0,137.6722499341336,8.238669e-06
149.77,0.0,137.67181136579856,8.17141e-06
149.77,0.0,137.671412692216,8.398871e-06
149.77,0.0,137.67097400036062,8.137838e-06
149.77,0.0,137.67056459068573,8.574134e-06
149.77,0.0,137.67015003909233,8.612158e-06
149.77,0.0,137.66973344457992,8.186355e-06
149.77,0.0,137.66929587320735,8.038696e-06
149.77,0.0,137.66888961970614,8.36495e-06
149.77,0.0,137.66849332224882,8.112562e-06
149.77,0.0,137.66805165655344,8.091112e-06
149.77,0.0,137.66763428980542,8.200281e-06
149.77,0.0,137.6672276588114,8.109113e-06
149.77,0.0,137.66681927524942,7.971204e-06
149.77,0.0,137.666381272097,7.925526e-06
149.77,0.0,137.66597953700395,6.738221e-06
149.77,0.0,137.66557180167882,7.228824e-06
149.77,0.0,137.66514486671804,7.117938e-06
149.77,0.0,137.66471327085827,7.572715e-06
149.77,0.0,137.66430802095834,7.946044e-06
149.77,0.0,137.66386643333666,8.056915e-06
149.77,0.0,137.6634627630864,7.628507e-06
149.77,0.0,137.6630547059053,7.276452e-06
149.77,0.0,137.66260955172933,7.600582e-06
149.77,0.0,137.6621946371614,7.766299e-06
149.77,0.0,137.66178268194793,7.513765e-06
149.77,0.0,137.66134694292438,6.985239e-06
149.77,0.0,137.66094660260447,7.579336e-06
149.77,0.0,137.6605408073207,7.756928e-06
149.77,0.0,137.66010881122452,7.115246e-06
149.77,0.0,137.65968185094053,6.893431e-06
149.77,0.0,137.65926868667322,7.140959e-06
149.77,0.0,137.6588683078357,6.957096e-06
149.77,0.0,137.65842709383716,7.224924e-06
149.77,0.0,137.65802632111954,7.521026e-06
149.77,0.0,137.65761364534902,7.37769e-06
149.77,0.0,137.65719827135518,6.952818e-06
149.77,0.0,137.65678909250795,7.044699e-06
149.77,0.0,137.65635205939356,7.584647e-06
149.77,0.0,137.65595111729303,7.585215e-06
149.77,0.0,137.65554667979168,7.266121e-06
149.77,0.0,137.65511371851935,7.185168e-06
149.77,0.0,137.65468844707235,7.625145e-06
149.77,0.0,137.65427733673332,7.517956e-06
149.77,0.0,137.6538523190098,7.273571e-06
149.77,0.0,137.65343491491157,7.310591e-06
149.77,0.0,137.6530295653088,7.760464e-06
149.77,0.0,137.65257827122358,7.927025e-06
149.77,0.0,137.65216895673217,7.982366e-06
149.77,0.0,137.65175556931968,7.810348e-06
149.77,0.0,137.65133162878286,7.712457e-06
149.77,0.0,137.65091985740483,7.800685e-06
149.77,0.0,137.6505191084918,7.996321e-06
149.77,0.0,137.65008255704396,8.002287e-06
149.77,0.0,137.64966206262923,7.812007e-06
149.77,0.0,137.64924945779455,7.765688e-06
149.77,0.0,137.64884893233605,7.416704e-06
149.77,0.0,137.6484102085464,7.981842e-06
149.77,0.0,137.64800812422095,7.692564e-06
149.77,0.0,137.6475956414864,7.442155e-06
149.77,0.0,137.6471695319159,7.683222e-06
149.77,0.0,137.64673459775437,7.761366e-06
149.77,0.0,137.6463322323385,7.608061e-06
149.77,0.0,137.6459194610001,8.006711e-06
149.77,0.0,137.6454904782853,8.117626e-06
149.77,0.0,137.64507818790912,8.065545e-06
149.77,0.0,137.6446645605304,8.168368e-06
149.77,0.0,137.64425265057503,8.136616e-06
149.77,0.0,137.64381542633112,8.214454e-06
149.77,0.0,137.6434138298884,8.165211e-06
149.77,0.0,137.6429742546428,8.015981e-06
149.77,0.0,137.6425644568607,7.813316e-06
149.77,0.0,137.64213276978433,7.842929e-06
149.77,0.0,137.64170219477563,7.812909e-06
149.77,0.0,137.64129776630946,7.714523e-06
149.77,0.0,137.6408964273767,7.944836e-06
149.77,0.0,137.64045649977183,8.183721e-06
149.77,0.0,137.64004908615198,8.063595e-06
149.77,0.0,137.63963544612747,8.022238e-06
149.77,0.0,137.63921627704823,8.176299e-06
149.77,0.0,137.63877768244106,7.954019e-06
149.77,0.0,137.63838008638353,8.058472e-06
149.77,0.0,137.6379796607037,7.606563e-06
149.77,0.0,137.63756781530728,7.22197e-06
149.77,0.0,137.63713594790585,7.894545e-06
149.77,0.0,137.63669503047436,7.598268e-06
149.77,0.0,137.6363031050515,7.93935e-06
149.77,0.0,137.63588236387855,8.093368e-06
149.77,0.0,137.63545943731597,7.703056e-06
149.77,0.0,137.63505032546956,7.184834e-06
149.77,0.0,137.63463624183615,7.58229e-06
149.77,0.0,137.63422090486733,7.651601e-06
149.77,0.0,137.63377725088446,7.096183e-06
149.77,0.0,137.633375945099,6.889182e-06
149.77,0.0,137.6329743570367,7.519004e-06
149.77,0.0,137.63253106670584,7.866649e-06
149.77,0.0,137.63212602529075,7.483162e-06
149.77,0.0,137.63170734800073,7.537674e-06
149.77,0.0,137.63126542537645,7.772192e-06
149.77,0.0,137.630853439356,7.646886e-06
149.77,0.0,137.63046334424516,7.623385e-06
149.77,0.0,137.63002562447144,8.029412e-06
149.77,0.0,137.62961000143832,7.870607e-06
149.77,0.0,137.6291951625649,7.757786e-06
149.77,0.0,137.62878410620505,7.857248e-06
149.77,0.0,137.62834520764125,7.936454e-06
149.77,0.0,137.6279445427929,7.385665e-06
149.77,0.0,137.62753906742847,6.33116e-06
149.77,0.0,137.6271065866367,6.094604e-06
149.77,0.0,137.62668166832265,6.698523e-06
149.77,0.0,137.62627156597412,6.715156e-06
149.77,0.0,137.62584694559612,7.439492e-06
149.77,0.0,137.62543187238583,7.809038e-06
149.77,0.0,137.6250278658767,7.631083e-06
149.77,0.0,137.6246049741214,7.6539e-06
149.77,0.0,137.62419020936517,7.74095e-06
149.77,0.0,137.62375049575618,7.688097e-06
149.77,0.0,137.62335053819695,7.489667e-06
149.77,0.0,137.62291204549544,7.504976e-06
149.77,0.0,137.62251223868824,7.662849e-06
149.77,0.0,137.62207241289337,7.616385e-06
149.77,0.0,137.62164290055782,7.184382e-06
149.77,0.0,137.62123170734648,6.92594e-06
149.77,0.0,137.62078981113353,5.628666e-06
149.77,0.0,137.62041103152018,4.376649e-06
149.77,0.0,137.6200082643263,3.456022e-06
149.77,0.0,137.61956342149048,3.375535e-06
149.77,0.0,137.61915135169343,3.628797e-06
149.77,0.0,137.618737106462,3.717869e-06
149.77,0.0,137.61833272315494,3.795925e-06
149.77,0.0,137.61789032505408,3.976165e-06
149.77,0.0,137.61749029037537,3.891982e-06
149.77,0.0,137.61707840402045,3.645138e-06
149.77,0.0,137.61666645992312,3.799127e-06
149.77,0.0,137.61625129489153,4.022659e-06
149.77,0.0,137.61581058072497,4.09456e-06
149.77,0.0,137.61541041934473,4.203481e-06
149.77,0.0,137.61500784589262,4.011963e-06
149.77,0.0,137.61457189442896,4.053363e-06
149.77,0.0,137.6141536875391,3.586028e-06
149.77,0.0,137.6137404261467,3.069494e-06
149.77,0.0,137.6133054328111,3.810535e-06
149.77,0.0,137.6128953659974,3.65825e-06
149.77,0.0,137.61249211665066,3.852736e-06
149.77,0.0,137.61205322209165,3.75224e-06
149.77,0.0,137.61162568029803,3.651527e-06
149.77,0.0,137.61121867034123,3.693131e-06
149.77,0.0,137.6108110411664,3.696492e-06
149.77,0.0,137.61037222834608,3.755835e-06
149.77,0.0,137.60997472601412,3.957583e-06
149.77,0.0,137.6095559018747,3.78181e-06
149.77,0.0,137.6091216748017,3.450492e-06
149.77,0.0,137.60870537940204,3.245834e-06
149.77,0.0,137.60829638034164,1.240929e-06
149.77,0.0,137.6078725697817,9.750511e-07
149.77,0.0,137.60745169763035,1.968627e-06
149.77,0.0,137.60704566197398,3.068766e-06
149.77,0.0,137.60663439732318,4.280038e-06
149.77,0.0,137.60621376253314,5.731112e-06
149.77,0.0,137.60577565653549,6.534363e-06
149.77,0.0,137.60537142825405,6.860399e-06
149.77,0.0,137.6049754314233,7.021925e-06
149.77,0.0,137.60453401800186,7.049253e-06
149.77,0.0,137.60411642593823,7.429539e-06
149.77,0.0,137.6037020823381,7.340073e-06
149.77,0.0,137.60325461212275,7.702722e-06
149.77,0.0,137.6028533740487,7.933937e-06
149.77,0.0,137.60245132074166,7.911294e-06
149.77,0.0,137.6020138479497,7.744937e-06
149.77,0.0,137.6015971669026,7.502254e-06
149.77,0.0,137.60117242688187,7.814728e-06
149.77,0.0,137.60074354582935,8.111005e-06
149.77,0.0,137.60032674481658,8.09168e-06
149.77,0.0,137.59993098288996,8.081566e-06
149.77,0.0,137.59950596451728,8.096307e-06
149.77,0.0,137.59909461790195,8.14673e-06
149.77,0.0,137.5986714391432,8.030911e-06
149.77,0.0,137.59823759787878,8.019386e-06
149.77,0.0,137.59783535876116,7.993323e-06
149.77,0.0,137.59743397273127,7.897819e-06
149.77,0.0,137.59702898359265,7.823968e-06
149.77,0.0,137.5965933968696,7.995157e-06
149.77,0.0,137.59616655050758,7.941446e-06
149.77,0.0,137.5957534065066,7.777242e-06
149.77,0.0,137.59535040271973,7.963507e-06
149.77,0.0,137.59491140608472,8.010422e-06
149.77,0.0,137.59451173028472,7.929571e-06
149.77,0.0,137.59410015787543,7.958763e-06
149.77,0.0,137.59367547095934,8.075833e-06
149.77,0.0,137.59324045465993,7.799841e-06
149.77,0.0,137.59283126017445,7.664916e-06
149.77,0.0,137.59239563177746,7.755982e-06
149.77,0.0,137.59199501514152,7.498238e-06
149.77,0.0,137.59158534294798,7.7843e-06
149.77,0.0,137.59115725704328,8.275572e-06
149.77,0.0,137.59072288479967,8.211646e-06
149.77,0.0,137.59031978573876,8.351533e-06
149.77,0.0,137.5899192499907,8.00383e-06
149.77,0.0,137.58947810251914,8.082628e-06
149.77,0.0,137.58907055938175,7.94667e-06
149.77,0.0,137.5886466867109,8.120434e-06
149.77,0.0,137.5882396936235,7.595008e-06
149.77,0.0,137.58780114911596,7.886018e-06
149.77,0.0,137.5874033407519,7.812108e-06
149.77,0.0,137.5870002672149,7.992217e-06
149.77,0.0,137.58655633411652,8.166608e-06
149.77,0.0,137.58614238605767,8.028859e-06
149.77,0.0,137.58572935022357,7.855662e-06
149.77,0.0,137.58529393726593,7.800787e-06
149.77,0.0,137.58488725303934,7.226816e-06
149.77,0.0,137.58448735485194,7.822091e-06
149.77,0.0,137.58404766940137,8.111267e-06
149.77,0.0,137.58362784911503,8.275849e-06
149.77,0.0,137.5832124248108,8.345625e-06
149.77,0.0,137.58276756942075,8.560019e-06
149.77,0.0,137.58236621900602,8.611329e-06
149.77,0.0,137.5819648969938,8.482573e-06
149.77,0.0,137.5815241042321,8.382151e-06
149.77,0.0,137.58110602669092,8.179777e-06
149.77,0.0,137.58069125864034,8.039147e-06
149.77,0.0,137.58028168837097,8.271687e-06
149.77,0.0,137.57984292468896,8.233052e-06
149.77,0.0,137.57944358430808,8.227449e-06
149.77,0.0,137.5790364831552,8.086965e-06
149.77,0.0,137.57862197156865,8.058312e-06
149.77,0.0,137.5781994441143,8.093572e-06
149.77,0.0,137.57775865271987,8.12592e-06
149.77,0.0,137.57734427658164,8.096598e-06
149.77,0.0,137.57694335258057,7.991781e-06
149.77,0.0,137.57653732547269,7.908951e-06
149.77,0.0,137.5761059291544,8.03647e-06
149.77,0.0,137.57569079415504,8.224539e-06
149.77,0.0,137.57527920501022,8.389819e-06
149.77,0.0,137.57487804909348,8.233706e-06
149.77,0.0,137.57444113242414,7.964787e-06
149.77,0.0,137.57403836246473,8.2154e-06
149.77,0.0,137.5736239837133,8.103903e-06
149.77,0.0,137.57317605251546,8.042538e-06
149.77,0.0,137.5727611419872,7.89859e-06
149.77,0.0,137.57235879953558,8.114774e-06
149.77,0.0,137.57191857827033,8.426738e-06
149.77,0.0,137.5714997873316,8.424424e-06
149.77,0.0,137.57110415502035,7.067851e-06
149.77,0.0,137.57067853759565,6.902992e-06
149.77,0.0,137.57024038063057,6.738817e-06
149.77,0.0,137.56983641433132,6.933755e-06
149.77,0.0,137.56942621377385,7.848153e-06
149.77,0.0,137.56900224608228,7.551018e-06
149.77,0.0,137.56859082788793,8.257179e-06
149.77,0.0,137.56817809641163,8.611154e-06
149.77,0.0,137.56772965449605,8.593459e-06
149.77,0.0,137.56732271388793,8.408533e-06
149.77,0.0,137.5669198656749,8.576928e-06
149.77,0.0,137.56651891792143,8.166826e-06
149.77,0.0,137.56608216319012,7.816707e-06
149.77,0.0,137.56565742084382,7.955343e-06
149.77,0.0,137.5652423819837,7.614159e-06
149.77,0.0,137.5648351981087,7.902534e-06
149.77,0.0,137.56440021251984,8.174888e-06
149.77,0.0,137.56400088278875,8.336137e-06
149.77,0.0,137.5635885031189,8.358445e-06
149.77,0.0,137.56314183972418,8.513511e-06
149.77,0.0,137.5627266225818,8.477917e-06
149.77,0.0,137.5623210794895,8.236399e-06
149.77,0.0,137.56188217378735,7.937299e-06
149.77,0.0,137.5614823426904,8.114235e-06
149.77,0.0,137.5610438214055,8.046642e-06
149.77,0.0,137.560625213968,7.965238e-06
149.77,0.0,137.5602073993737,8.307688e-06
149.77,0.0,137.5597949488053,8.540475e-06
149.77,0.0,137.55939429392745,8.578791e-06
149.77,0.0,137.55895204665399,8.748757e-06
149.77,0.0,137.55854306528664,8.607312e-06
149.77,0.0,137.55813234049114,8.481715e-06
149.77,0.0,137.55771896038988,8.655072e-06
149.77,0.0,137.5573168231056,8.27889e-06
149.77,0.0,137.5568802265076,8.218063e-06
149.77,0.0,137.5564796066955,8.284638e-06
149.77,0.0,137.55606941624703,8.672781e-06
149.77,0.0,137.5556396925978,8.860137e-06
149.77,0.0,137.5552076069208,8.823219e-06
149.77,0.0,137.5547993004684,8.817529e-06
149.77,0.0,137.55440167884433,8.680145e-06
149.77,0.0,137.5539598058103,8.580435e-06
149.77,0.0,137.55355157398486,8.605813e-06
149.77,0.0,137.5531328211222,8.125062e-06
149.77,0.0,137.55269232777448,7.85962e-06
149.77,0.0,137.55228435833118,8.043717e-06
149.77,0.0,137.5518611513848,8.132381e-06
149.77,0.0,137.55144576183505,8.244271e-06
149.77,0.0,137.55104157119973,8.131159e-06
149.77,0.0,137.55060758485794,7.589624e-06
149.77,0.0,137.5501828788309,7.276059e-06
149.77,0.0,137.54977015733306,7.465613e-06
149.77,0.0,137.54935906164343,8.002127e-06
149.77,0.0,137.54893280220816,7.705021e-06
149.77,0.0,137.5485289856773,7.925773e-06
149.77,0.0,137.54811794417463,7.810275e-06
149.77,0.0,137.54767117297556,8.27889e-06
149.77,0.0,137.54725761343877,8.662159e-06
149.77,0.0,137.54685697431003,8.586605e-06
149.77,0.0,137.5464563703578,8.309784e-06
149.77,0.0,137.54601537093052,8.104165e-06
149.77,0.0,137.5456010259341,8.018615e-06
149.77,0.0,137.54518727222947,8.242729e-06
149.77,0.0,137.54473668965065,8.309784e-06
149.77,0.0,137.54433315652702,8.228861e-06
149.77,0.0,137.543946661091,7.959607e-06
149.77,0.0,137.54350476429758,8.142015e-06
149.77,0.0,137.54309444635936,8.046933e-06
149.77,0.0,137.54266780698975,8.197705e-06
149.77,0.0,137.54223120996983,8.155926e-06
149.77,0.0,137.54182344422966,8.354662e-06
149.77,0.0,137.54142065598043,8.378935e-06
149.77,0.0,137.5409806604021,8.209507e-06
149.77,0.0,137.5405695475464,8.162315e-06
149.77,0.0,137.54015410734095,8.11537e-06
149.77,0.0,137.53973570248965,7.761424e-06
149.77,0.0,137.5392790962331,7.738912e-06
149.77,0.0,137.5388948383548,7.629948e-06
149.77,0.0,137.53848895576724,7.620038e-06
149.77,0.0,137.5380832646382,7.76301e-06
149.77,0.0,137.53764359293316,7.844705e-06
149.77,0.0,137.53721595069416,7.940092e-06
149.77,0.0,137.5368101101811,8.090617e-06
149.77,0.0,137.53641160831432,8.0217e-06
149.77,0.0,137.53600894445557,8.099989e-06
149.77,0.0,137.53557346719714,8.196876e-06
149.77,0.0,137.5351526372162,8.310497e-06
149.77,0.0,137.53473994852968,8.259158e-06
149.77,0.0,137.53433719695855,7.796974e-06
149.77,0.0,137.5338972636314,7.973475e-06
149.77,0.0,137.53349703263774,8.309202e-06
149.77,0.0,137.53305956467727,8.208313e-06
149.77,0.0,137.53263869565222,8.091884e-06
149.77,0.0,137.53222402761008,8.096031e-06
149.77,0.0,137.53178597632868,7.940354e-06
149.77,0.0,137.5313720731103,8.024013e-06
149.77,0.0,137.53097945022398,8.152405e-06
149.77,0.0,137.53054131249607,8.173476e-06
149.77,0.0,137.53012263161085,8.34839e-06
149.77,0.0,137.52970791686073,8.132425e-06
149.77,0.0,137.5292972723126,8.256888e-06
149.77,0.0,137.52886950362105,8.407078e-06
149.77,0.0,137.52846130384953,8.491159e-06
149.77,0.0,137.52805387685618,8.640214e-06
149.77,0.0,137.5276218233556,8.596049e-06
149.77,0.0,137.52719150960894,8.72626e-06
149.77,0.0,137.52678051184193,8.605464e-06
149.77,0.0,137.52637677981795,8.427232e-06
149.77,0.0,137.5259765682276,8.177434e-06
149.77,0.0,137.52553437874417,7.887444e-06
149.77,0.0,137.5251202573978,7.9249e-06
149.77,0.0,137.52469374531296,8.21492e-06
149.77,0.0,137.52426474873673,8.485586e-06
149.77,0.0,137.52386357722298,8.492643e-06
149.77,0.0,137.5234644411126,8.348448e-06
149.77,0.0,137.52302830368208,8.339091e-06
149.77,0.0,137.52261169481565,8.173272e-06
149.77,0.0,137.522188169132,7.115028e-06
149.77,0.0,137.52175164601934,6.891045e-06
149.77,0.0,137.52134884189715,7.464114e-06
149.77,0.0,137.52093615357083,7.407187e-06
149.77,0.0,137.52049108778186,7.269744e-06
149.77,0.0,137.52009345212616,7.659371e-06
149.77,0.0,137.5196791706461,7.882962e-06
149.77,0.0,137.5192344222171,7.873634e-06
149.77,0.0,137.51882985075684,7.46001e-06
149.77,0.0,137.51842851563558,7.242154e-06
149.77,0.0,137.51802617179436,7.216717e-06
149.77,0.0,137.51758981460407,7.420706e-06
149.77,0.0,137.51716410015982,7.473544e-06
149.77,0.0,137.51674933098272,7.32248e-06
149.77,0.0,137.5163468856882,7.732349e-06
149.77,0.0,137.5159453006982,7.804352e-06
149.77,0.0,137.51550369238686,7.900657e-06
149.77,0.0,137.515095017833,8.114337e-06
149.77,0.0,137.51467045439244,7.948445e-06
149.77,0.0,137.51426573171992,7.638053e-06
149.77,0.0,137.51382028025668,7.373106e-06
149.77,0.0,137.51342613029908,7.836687e-06
149.77,0.0,137.51302658740028,7.545023e-06
149.77,0.0,137.51258060463948,7.172101e-06
149.77,0.0,137.51216604097957,7.067094e-06
149.77,0.0,137.51175170889468,7.615061e-06
149.77,0.0,137.51131144910894,7.725801e-06
149.77,0.0,137.510909329774,8.11569e-06
149.77,0.0,137.51050812964397,8.032337e-06
149.77,0.0,137.51007048869496,7.962808e-06
149.77,0.0,137.5096399164718,7.813112e-06
149.77,0.0,137.5092362955824,7.713257e-06
149.77,0.0,137.5088297267685,7.693205e-06
149.77,0.0,137.5083874767768,6.081289e-06
149.77,0.0,137.507983797709,7.242124e-06
149.77,0.0,137.50757043329358,6.976319e-06
149.77,0.0,137.5071421203198,6.836504e-06
149.77,0.0,137.50671069371876,7.374198e-06
149.77,0.0,137.50630189411729,7.741502e-06
149.77,0.0,137.50590035140908,7.891256e-06
149.77,0.0,137.5055013214521,7.879964e-06
149.77,0.0,137.5050553946178,7.596987e-06
149.77,0.0,137.50464018940892,7.562878e-06
149.77,0.0,137.5042283947246,7.914627e-06
149.77,0.0,137.50378790830365,7.88788e-06
149.77,0.0,137.50337581018766,7.717506e-06
149.77,0.0,137.50294757537077,7.274211e-06
149.77,0.0,137.50254063577864,7.310868e-06
149.77,0.0,137.50212737601538,7.266513e-06
149.77,0.0,137.5017058853143,7.376409e-06
149.77,0.0,137.50126417852812,7.391776e-06
149.77,0.0,137.50086818589804,7.556271e-06
149.77,0.0,137.50043074160916,7.769675e-06
149.77,0.0,137.50002935846493,7.806244e-06
149.77,0.0,137.4996139599635,7.657e-06
149.77,0.0,137.49919305804087,7.672788e-06
149.77,0.0,137.49875472238472,7.680792e-06
149.77,0.0,137.49835333780922,7.816489e-06
149.77,0.0,137.49795451115057,7.765877e-06
149.77,0.0,137.4975470055684,7.520663e-06
149.77,0.0,137.4971150697593,7.493931e-06
149.77,0.0,137.49668647340022,7.706636e-06
149.77,0.0,137.49627990300755,7.656607e-06
149.77,0.0,137.49587086790555,7.439361e-06
149.77,0.0,137.49543785227164,7.439899e-06
149.77,0.0,137.49503135074218,7.632625e-06
149.77,0.0,137.49462013407825,7.751965e-06
149.77,0.0,137.4941985597502,7.692346e-06
149.77,0.0,137.4937606594063,7.87864e-06
149.77,0.0,137.49335883629772,8.000279e-06
149.77,0.0,137.492949439981,8.051444e-06
149.77,0.0,137.49251826156973,7.833121e-06
149.77,0.0,137.49210436039274,7.163355e-06
149.77,0.0,137.49168052647175,7.005816e-06
149.77,0.0,137.49124518976066,7.469192e-06
149.77,0.0,137.4908423295182,7.488401e-06
149.77,0.0,137.49040651194449,7.592316e-06
149.77,0.0,137.49000621607226,7.70796e-06
149.77,0.0,137.48959263909424,7.678624e-06
149.77,0.0,137.4891771150206,7.315131e-06
149.77,0.0,137.48876337708592,7.160721e-06
149.77,0.0,137.48832864676473,7.090319e-06
149.77,0.0,137.48792951598054,7.28789e-06
149.77,0.0,137.48749100834146,6.753529e-06
149.77,0.0,137.48707884731564,6.846982e-06
149.77,0.0,137.48665835160978,6.809918e-06
149.77,0.0,137.48625085873485,7.010938e-06
149.77,0.0,137.48581998458536,6.621223e-06
149.77,0.0,137.4854134706697,6.980685e-06
149.77,0.0,137.48500863006433,7.297698e-06
149.77,0.0,137.4845938068353,7.399969e-06
149.77,0.0,137.48416620421744,7.486073e-06
149.77,0.0,137.48373323407225,7.441544e-06
149.77,0.0,137.4833299499166,7.570648e-06
149.77,0.0,137.48289109647317,7.718903e-06
149.77,0.0,137.48248900915343,7.578856e-06
149.77,0.0,137.48204865555317,7.710594e-06
149.77,0.0,137.48162087989215,7.868657e-06
149.77,0.0,137.48121478365832,7.612136e-06
149.77,0.0,137.48080793699816,7.42347e-06
149.77,0.0,137.48037117610735,7.507871e-06
149.77,0.0,137.47997091973133,7.320181e-06
149.77,0.0,137.47956154608767,7.335693e-06
149.77,0.0,137.479131134861,7.187235e-06
149.77,0.0,137.47869994209665,7.2861e-06
149.77,0.0,137.47829009132272,7.524606e-06
149.77,0.0,137.47788972767384,7.863156e-06
149.77,0.0,137.47748923639185,7.72957e-06
149.77,0.0,137.47704945598528,7.434734e-06
149.77,0.0,137.47663441085564,7.426279e-06
149.77,0.0,137.47622290318418,7.348281e-06
149.77,0.0,137.47578400584786,7.373703e-06
149.77,0.0,137.47538172966395,7.480034e-06
149.77,0.0,137.47498275014942,7.431634e-06
149.77,0.0,137.47454896693912,7.452589e-06
149.77,0.0,137.4741314094362,7.220035e-06
149.77,0.0,137.47371605889802,7.500828e-06
149.77,0.0,137.4733092319631,7.504263e-06
149.77,0.0,137.47286303261734,7.478753e-06
149.77,0.0,137.472473972709,7.507464e-06
149.77,0.0,137.47203466979093,7.38402e-06
149.77,0.0,137.47161623976217,7.46861e-06
149.77,0.0,137.4712037825532,7.559313e-06
149.77,0.0,137.47075509578886,7.590133e-06
149.77,0.0,137.47035050154858,7.762617e-06
149.77,0.0,137.46994824017344,7.838447e-06
149.77,0.0,137.4695446880216,7.860435e-06
149.77,0.0,137.46911359058404,7.440147e-06
149.77,0.0,137.46868377648886,7.313924e-06
149.77,0.0,137.46827133447292,6.946269e-06
149.77,0.0,137.46786928497343,7.388153e-06
149.77,0.0,137.467422888174,7.607421e-06
149.77,0.0,137.46701181206257,7.659153e-06
149.77,0.0,137.46660219081048,6.563903e-06
149.77,0.0,137.46618815887823,5.629161e-06
149.77,0.0,137.46574975313408,5.707276e-06
149.77,0.0,137.46534436015997,6.637827e-06
149.77,0.0,137.4649414172789,7.437004e-06
149.77,0.0,137.46453660478176,7.807728e-06
149.77,0.0,137.46410261155714,7.905561e-06
149.77,0.0,137.46367448761058,7.882642e-06
149.77,0.0,137.46325702014448,7.863302e-06
149.77,0.0,137.46283170982423,7.158771e-06
149.77,0.0,137.46241060432158,6.786649e-06
149.77,0.0,137.46201677150236,6.454065e-06
149.77,0.0,137.46157112397833,7.227965e-06
149.77,0.0,137.46115731629965,7.631737e-06
149.77,0.0,137.46074012954733,7.665236e-06
149.77,0.0,137.46030147788036,7.475857e-06
149.77,0.0,137.4599027060398,7.610914e-06
149.77,0.0,137.4595010038228,7.598268e-06
149.77,0.0,137.4590661252695,7.795315e-06
149.77,0.0,137.45864398361252,7.627415e-06
149.77,0.0,137.458226838148,8.063362e-06
149.77,0.0,137.45781820677792,7.97314e-06
149.77,0.0,137.45741505775428,8.024334e-06
149.77,0.0,137.457014598624,7.68184e-06
149.77,0.0,137.45656191716304,7.855866e-06
149.77,0.0,137.45615721014426,7.869749e-06
149.77,0.0,137.45574520467625,8.024377e-06
149.77,0.0,137.45531197971258,8.168034e-06
149.77,0.0,137.45490152614042,8.361327e-06
149.77,0.0,137.4544998663932,8.485542e-06
149.77,0.0,137.4540872663035,8.384159e-06
149.77,0.0,137.45366091178957,8.339353e-06
149.77,0.0,137.45322794354962,8.321527e-06
149.77,0.0,137.4528208337475,8.46578e-06
149.77,0.0,137.45237341242483,8.579271e-06
149.77,0.0,137.45198234807984,8.330389e-06
149.77,0.0,137.45157376452258,7.990369e-06
149.77,0.0,137.45114385739518,7.653449e-06
149.77,0.0,137.45071136544613,7.880808e-06
149.77,0.0,137.4503045781145,8.052521e-06
149.77,0.0,137.44990206962044,8.322066e-06
149.77,0.0,137.44946442265783,8.117946e-06
149.77,0.0,137.44905804109942,8.451156e-06
149.77,0.0,137.4486436575013,8.230345e-06
149.77,0.0,137.44819816746656,8.664269e-06
149.77,0.0,137.44779043579106,8.738905e-06
149.77,0.0,137.4473902320138,8.809118e-06
149.77,0.0,137.44695268933685,8.781019e-06
149.77,0.0,137.44654797708174,8.277537e-06
149.77,0.0,137.44613485536422,7.772294e-06
149.77,0.0,137.44570430333795,7.938681e-06
149.77,0.0,137.44527684101033,7.825947e-06
149.77,0.0,137.4448727905212,8.218849e-06
149.77,0.0,137.44447802753731,8.168761e-06
149.77,0.0,137.44403820612783,8.206407e-06
149.77,0.0,137.4436233622161,8.258692e-06
149.77,0.0,137.44320150948997,8.110394e-06
149.77,0.0,137.44276058160142,8.288596e-06
149.77,0.0,137.44235969551158,8.253875e-06
149.77,0.0,137.44192097210652,8.2154e-06
149.77,0.0,137.4415190933465,7.535957e-06
149.77,0.0,137.44110573350062,7.131879e-06
149.77,0.0,137.44066947927925,6.974151e-06
149.77,0.0,137.4402465320039,6.923961e-06
149.77,0.0,137.43984192337274,6.93099e-06
149.77,0.0,137.4394274141327,7.152601e-06
149.77,0.0,137.4390083179747,7.369061e-06
149.77,0.0,137.43859112247256,7.54153e-06
149.77,0.0,137.43816824991882,7.462499e-06
149.77,0.0,137.4377606168626,7.468989e-06
149.77,0.0,137.43735514479363,7.399256e-06
149.77,0.0,137.43692638528228,7.299401e-06
149.77,0.0,137.43651965849455,7.541254e-06
149.77,0.0,137.43610334346747,7.280993e-06
149.77,0.0,137.43568176731992,6.122122e-06
149.77,0.0,137.4352429560226,5.629568e-06
149.77,0.0,137.43484134466695,7.502749e-06
149.77,0.0,137.4344422556209,7.313545e-06
149.77,0.0,137.43400587705165,7.705763e-06
149.77,0.0,137.4335845441466,7.815062e-06
149.77,0.0,137.43317646888144,8.103249e-06
149.77,0.0,137.43276100064736,7.935276e-06
149.77,0.0,137.43232282922435,8.166797e-06
149.77,0.0,137.43192392022507,7.844719e-06
149.77,0.0,137.43148227720764,7.993556e-06
149.77,0.0,137.4310730997124,7.478709e-06
149.77,0.0,137.43065876466108,7.484618e-06
149.77,0.0,137.4302407603934,7.105758e-06
149.77,0.0,137.4297992727525,6.768561e-06
149.77,0.0,137.42938788478625,6.375456e-06
149.77,0.0,137.42899725789107,6.552742e-06
149.77,0.0,137.42858302392318,5.917464e-06
149.77,0.0,137.42815521484073,5.233102e-06
149.77,0.0,137.42772207711434,5.285663e-06
149.77,0.0,137.42731586104867,4.444402e-06
149.77,0.0,137.4269147578177,4.965055e-06
149.77,0.0,137.4264744596318,4.927846e-06
149.77,0.0,137.42606659122063,4.273796e-06
149.77,0.0,137.42565238372967,4.52112e-06
149.77,0.0,137.42523704412503,4.773377e-06
149.77,0.0,137.4248013585841,4.131507e-06
149.77,0.0,137.42439969488774,4.092421e-06
149.77,0.0,137.42399738874178,3.925335e-06
149.77,0.0,137.42355049369016,3.788562e-06
149.77,0.0,137.423131819019,3.569614e-06
149.77,0.0,137.42269720781104,3.862398e-06
149.77,0.0,137.42228640413254,4.372545e-06
149.77,0.0,137.42188449060785,4.711386e-06
149.77,0.0,137.42144523883726,4.943693e-06
149.77,0.0,137.4210445983118,5.285547e-06
149.77,0.0,137.4206101949526,5.671653e-06
149.77,0.0,137.4201822216159,5.726892e-06
149.77,0.0,137.41977066712334,5.780035e-06
149.77,0.0,137.4193683393727,5.969385e-06
149.77,0.0,137.41896558997342,6.190021e-06
149.77,0.0,137.41851558895155,6.440736e-06
149.77,0.0,137.41811179631947,6.668561e-06
149.77,0.0,137.4176965650438,6.832823e-06
149.77,0.0,137.41728706127407,6.752525e-06
149.77,0.0,137.41688501806374,6.780363e-06
149.77,0.0,137.41644611332552,7.058174e-06
149.77,0.0,137.41604205451247,7.058668e-06
149.77,0.0,137.41562902339663,6.671515e-06
149.77,0.0,137.41520723301494,6.300179e-06
149.77,0.0,137.41476956823314,5.692797e-06
149.77,0.0,137.41437199512436,5.119975e-06
149.77,0.0,137.41396460477353,3.214314e-06
149.77,0.0,137.4135306357094,1.748282e-06
149.77,0.0,137.41311845176676,1.009394e-06
149.77,0.0,137.41268791537559,1.503213e-06
149.77,0.0,137.41226164324982,1.81036e-06
149.77,0.0,137.4118516312082,2.879184e-06
149.77,0.0,137.41141670601408,3.430134e-06
149.77,0.0,137.4110156335455,3.630295e-06
149.77,0.0,137.41060338200148,2.398447e-06
149.77,0.0,137.41017821699654,2.254776e-06
149.77,0.0,137.4097409085894,3.612382e-06
149.77,0.0,137.40933538430752,4.541842e-06
149.77,0.0,137.40893450070953,3.607172e-06
149.77,0.0,137.40852885653393,2.616274e-06
149.77,0.0,137.40808236634473,3.242603e-06
149.77,0.0,137.40766804141091,3.804686e-06
149.77,0.0,137.4072557091755,5.555776e-06
149.77,0.0,137.40681133798438,5.605849e-06
149.77,0.0,137.40640654555332,5.320806e-06
149.77,0.0,137.4060126527321,4.450252e-06
149.77,0.0,137.40558636835894,4.467875e-06
149.77,0.0,137.4051511731856,6.341172e-06
149.77,0.0,137.4047355941786,6.307891e-06
149.77,0.0,137.4043313245962,5.809532e-06
149.77,0.0,137.40392806070804,3.302033e-06
149.77,0.0,137.40348858244113,2.671732e-06
149.77,0.0,137.4030753472923,2.625035e-06
149.77,0.0,137.40264717131686,3.272202e-06
149.77,0.0,137.40221788289256,4.381174e-06
149.77,0.0,137.4018086099102,4.536807e-06
149.77,0.0,137.40139167525058,5.36679e-06
149.77,0.0,137.40097118209903,5.90233e-06
149.77,0.0,137.40054211255506,6.706585e-06
149.77,0.0,137.4001397712613,5.169815e-06
149.77,0.0,137.39972151140293,4.36863e-06
149.77,0.0,137.39928745208547,4.631293e-06
149.77,0.0,137.39889158564424,6.277012e-06
149.77,0.0,137.39847645351082,6.888949e-06
149.77,0.0,137.39807015932777,6.006245e-06
149.77,0.0,137.39763866204768,4.47144e-06
149.77,0.0,137.39723980865068,4.581685e-06
149.77,0.0,137.39680445591185,5.954818e-06
149.77,0.0,137.39639535727903,6.712347e-06
149.77,0.0,137.39599113906988,7.065566e-06
149.77,0.0,137.39554864112944,7.782408e-06
149.77,0.0,137.3951259751319,6.853967e-06
149.77,0.0,137.39472397199373,6.289454e-06
149.77,0.0,137.3942938941864,5.619979e-06
149.77,0.0,137.39390443071352,5.624519e-06
149.77,0.0,137.39346912278847,5.945607e-06
149.77,0.0,137.39306080376994,5.68261e-06
149.77,0.0,137.39261807084702,5.722119e-06
149.77,0.0,137.3921915200532,5.9257e-06
149.77,0.0,137.39179278979535,6.119779e-06
149.77,0.0,137.39136138535588,6.226386e-06
149.77,0.0,137.39095607162287,5.553535e-06
149.77,0.0,137.39053629822425,5.361348e-06
149.77,0.0,137.39013105557405,6.259841e-06
149.77,0.0,137.38968963080578,7.073133e-06
149.77,0.0,137.38928930774225,7.17878e-06
149.77,0.0,137.38886487054958,6.189701e-06
149.77,0.0,137.38844282408607,5.395326e-06
149.77,0.0,137.3880366550113,5.46519e-06
149.77,0.0,137.38761748365454,5.223672e-06
149.77,0.0,137.38719458814498,5.18719e-06
149.77,0.0,137.3867376724731,5.298178e-06
149.77,0.0,137.38637069139727,5.001915e-06
149.77,0.0,137.38593918370142,4.648391e-06
149.77,0.0,137.38554098573618,5.107242e-06
149.77,0.0,137.38510496773912,5.776354e-06
149.77,0.0,137.3846811099937,5.967828e-06
149.77,0.0,137.38426849470417,6.310351e-06
149.77,0.0,137.38384213167672,6.35242e-06
149.77,0.0,137.38345460004535,5.404421e-06
149.77,0.0,137.383017640133,3.790352e-06
149.77,0.0,137.38257418738846,3.432084e-06
149.77,0.0,137.38216871943504,2.821791e-06
149.77,0.0,137.38172825181354,1.973225e-06
149.77,0.0,137.38133335539712,1.87465e-06
149.77,0.0,137.38090540442872,1.390144e-07
149.77,0.0,137.38051649695407,8.485222e-08
149.77,0.0,137.3800747422,7.363269e-08
149.77,0.0,137.3796539032171,6.337359e-08
149.77,0.0,137.37923556695026,1.567823e-07
149.77,0.0,137.37883356323638,1.411536e-07
149.77,0.0,137.37841950061997,1.063891e-07
149.77,0.0,137.37799304831339,8.454663e-08
149.77,0.0,137.3775838320615,6.738992e-08
149.77,0.0,137.3771442567229,6.036134e-08
149.77,0.0,137.37675227056005,5.448237e-08
149.77,0.0,137.376322794811,4.842877e-08
149.77,0.0,137.37590779478668,4.59695e-08
149.77,0.0,137.37551508778407,4.463072e-08
149.77,0.0,137.37507748848063,4.476169e-08
149.77,0.0,137.37467825428314,4.845788e-08
149.77,0.0,137.37423621596267,4.623143e-08
149.77,0.0,137.3738094597093,4.59695e-08
149.77,0.0,137.37342370480974,4.249159e-08
149.77,0.0,137.37299576470178,4.137109e-08
149.77,0.0,137.37255873592025,3.735477e-08
149.77,0.0,137.37216003442052,3.809691e-08
149.77,0.0,137.37171931870932,3.629248e-08
149.77,0.0,137.3713202315924,3.656896e-08
149.77,0.0,137.3709031527399,3.875175e-08
149.77,0.0,137.3704801657862,3.636524e-08
149.77,0.0,137.37007055364347,3.425521e-08
149.77,0.0,137.36963369758814,3.605965e-08
149.77,0.0,137.3692013787463,3.483729e-08
149.77,0.0,137.36879049025956,3.726745e-08
149.77,0.0,137.36838024648745,3.49537e-08
160.923,0.0,138.3207578125,2.902097e-05
160.923,0.0,138.3207255184311,3.479479e-06
160.923,0.0,138.32060767000462,4.081128e-06
160.923,0.0,138.3204795474439,4.599468e-06
160.923,0.0,138.32029525884914,5.093112e-06
160.923,0.0,138.32007552960008,5.508336e-06
160.923,0.0,138.3198154346751,5.374532e-06
160.923,0.0,138.31952151501366,4.507063e-06
160.923,0.0,138.31915936408203,4.466478e-06
160.923,0.0,138.3187694478185,3.557434e-06
160.923,0.0,138.31837037025252,2.307585e-06
160.923,0.0,138.31797000438706,2.466491e-06
160.923,0.0,138.3175293986424,3.413123e-06
160.923,0.0,138.3171049663389,4.94963e-06
160.923,0.0,138.3166957659364,5.094698e-06
160.923,0.0,138.31628574743405,4.763773e-06
160.923,0.0,138.315874800898,5.100723e-06
160.923,0.0,138.31544956043777,6.02004e-06
160.923,0.0,138.31504406510533,6.320188e-06
160.923,0.0,138.3146306950133,6.545713e-06
160.923,0.0,138.31420878324315,6.456088e-06
160.923,0.0,138.31377021102588,6.345741e-06
160.923,0.0,138.31336649125566,6.212824e-06
160.923,0.0,138.31296007832594,6.522052e-06
160.923,0.0,138.31252625276235,6.484057e-06
160.923,0.0,138.31211146275643,6.537404e-06
160.923,0.0,138.31166713755377,6.396571e-06
160.923,0.0,138.31125285716593,5.730966e-06
160.923,0.0,138.31084553590003,5.295238e-06
160.923,0.0,138.31044492308695,4.929883e-06
160.923,0.0,138.31001581140546,5.862661e-06
160.923,0.0,138.30960592114283,6.144153e-06
160.923,0.0,138.30918128440484,6.417467e-06
160.923,0.0,138.3087448078328,6.258764e-06
160.923,0.0,138.30834102543022,5.938462e-06
160.923,0.0,138.30793888031985,5.875656e-06
160.923,0.0,138.30750212365726,6.124799e-06
160.923,0.0,138.30708777191307,6.205228e-06
160.923,0.0,138.3066761006968,6.016577e-06
160.923,0.0,138.30626349503152,5.876645e-06
160.923,0.0,138.30581215436092,5.239242e-06
160.923,0.0,138.3054279105259,4.926318e-06
160.923,0.0,138.30502465757505,4.844944e-06
160.923,0.0,138.30457907248274,5.695256e-06
160.923,0.0,138.3041664803613,5.63779e-06
160.923,0.0,138.30375455531083,5.536131e-06
160.923,0.0,138.30331448961726,4.315123e-06
160.923,0.0,138.30291392717336,4.740388e-06
160.923,0.0,138.30247454647022,5.402471e-06
160.923,0.0,138.30206685470773,5.752314e-06
160.923,0.0,138.30165586866897,5.834532e-06
160.923,0.0,138.301209889761,6.302784e-06
160.923,0.0,138.30078373103925,6.165224e-06
160.923,0.0,138.30039804602305,5.777285e-06
160.923,0.0,138.29999500644425,5.697046e-06
160.923,0.0,138.29955204756195,5.727867e-06
160.923,0.0,138.29913927258792,5.62772e-06
160.923,0.0,138.29872566435319,5.906375e-06
160.923,0.0,138.29831902798853,6.341739e-06
160.923,0.0,138.297878849846,6.040049e-06
160.923,0.0,138.29747807880742,6.286267e-06
160.923,0.0,138.29706640670847,6.23001e-06
160.923,0.0,138.29665345715523,6.379763e-06
160.923,0.0,138.29623595809974,6.357426e-06
160.923,0.0,138.2957955493282,6.530812e-06
160.923,0.0,138.2953941780331,6.43183e-06
160.923,0.0,138.29499380301644,6.734146e-06
160.923,0.0,138.29455319585398,6.537492e-06
160.923,0.0,138.29413288826206,6.289454e-06
160.923,0.0,138.293721075172,6.282062e-06
160.923,0.0,138.29331543876378,6.200004e-06
160.923,0.0,138.2928755262385,5.406022e-06
160.923,0.0,138.29247164437118,5.790949e-06
160.923,0.0,138.29206174285838,5.798574e-06
160.923,0.0,138.29161608447947,5.617752e-06
160.923,0.0,138.29120170753112,6.153088e-06
160.923,0.0,138.29079307945958,5.907335e-06
160.923,0.0,138.29035441383368,5.617694e-06
160.923,0.0,138.28994328377811,5.840775e-06
160.923,0.0,138.28955450112778,5.615031e-06
160.923,0.0,138.2891235721093,5.597525e-06
160.923,0.0,138.28869654641235,6.007976e-06
160.923,0.0,138.28828559103283,4.943577e-06
160.923,0.0,138.28784569120486,5.435621e-06
160.923,0.0,138.28744463608504,5.606795e-06
160.923,0.0,138.28703814883818,5.601236e-06
160.923,0.0,138.28662743421373,5.788403e-06
160.923,0.0,138.2861822609435,5.699956e-06
160.923,0.0,138.2857709270684,5.257825e-06
160.923,0.0,138.28537269711316,6.214759e-06
160.923,0.0,138.28493309634547,5.512251e-06
160.923,0.0,138.28453201019565,5.915324e-06
160.923,0.0,138.2841186485299,5.462425e-06
160.923,0.0,138.2836710418964,5.846217e-06
160.923,0.0,138.283258442678,5.763475e-06
160.923,0.0,138.28283160358245,5.613707e-06
160.923,0.0,138.2824211879676,5.722148e-06
160.923,0.0,138.28201903628414,5.447189e-06
160.923,0.0,138.28158357555304,6.005372e-06
160.923,0.0,138.28116114417466,5.386028e-06
160.923,0.0,138.2807504350276,6.179165e-06
160.923,0.0,138.28031535581394,5.62334e-06
160.923,0.0,138.2799142944677,6.171205e-06
160.923,0.0,138.27950900865872,5.588881e-06
160.923,0.0,138.27907055318673,5.996131e-06
160.923,0.0,138.27864740072766,5.239519e-06
160.923,0.0,138.27823365927208,5.387963e-06
160.923,0.0,138.27781702591142,5.36177e-06
160.923,0.0,138.27743324113916,5.411464e-06
160.923,0.0,138.27699327144572,5.8187e-06
160.923,0.0,138.2765835260907,5.671551e-06
160.923,0.0,138.2761703399456,5.456895e-06
160.923,0.0,138.2757539729528,5.925496e-06
160.923,0.0,138.27531771116136,5.545618e-06
160.923,0.0,138.2749148304611,6.053378e-06
160.923,0.0,138.27451483641758,5.39585e-06
160.923,0.0,138.27407678039603,6.25354e-06
160.923,0.0,138.2736521047003,5.064605e-06
160.923,0.0,138.27323714803984,5.810696e-06
160.923,0.0,138.27283565559927,4.936606e-06
160.923,0.0,138.27239691765394,5.669979e-06
160.923,0.0,138.27199363192022,5.203954e-06
160.923,0.0,138.27155698785663,6.246715e-06
160.923,0.0,138.27113551933397,5.410679e-06
160.923,0.0,138.27071830459784,6.124857e-06
160.923,0.0,138.27030676234344,5.609225e-06
160.923,0.0,138.26989223071297,6.120914e-06
160.923,0.0,138.26947199105498,5.928276e-06
160.923,0.0,138.26906182981446,5.756025e-06
160.923,0.0,138.26863788631334,6.07135e-06
160.923,0.0,138.26822883035217,5.740643e-06
160.923,0.0,138.26778903756045,6.771865e-06
160.923,0.0,138.26738794507065,6.644492e-06
160.923,0.0,138.2669921127604,6.369475e-06
160.923,0.0,138.26655142656912,6.590883e-06
160.923,0.0,138.266129601098,5.60825e-06
160.923,0.0,138.26571398075126,6.533752e-06
160.923,0.0,138.26530405240854,5.795635e-06
160.923,0.0,138.2648666026344,6.366681e-06
160.923,0.0,138.26446841891277,5.96662e-06
160.923,0.0,138.26406241576845,6.172675e-06
160.923,0.0,138.26363079882844,6.164933e-06
160.923,0.0,138.2632001464506,6.096219e-06
160.923,0.0,138.26275497795783,6.412869e-06
160.923,0.0,138.26235848555208,6.127608e-06
160.923,0.0,138.2619584563413,6.848713e-06
160.923,0.0,138.26152127633762,6.027854e-06
160.923,0.0,138.26110705444057,7.0268e-06
160.923,0.0,138.26068616482308,5.919748e-06
160.923,0.0,138.26024760445574,6.762624e-06
160.923,0.0,138.25983390256468,5.860828e-06
160.923,0.0,138.2594486841323,6.374539e-06
160.923,0.0,138.25901013404246,6.223607e-06
160.923,0.0,138.25859633502833,6.121598e-06
160.923,0.0,138.25818267811584,6.589718e-06
160.923,0.0,138.25777019683443,6.229151e-06
160.923,0.0,138.2573615979932,5.431168e-06
160.923,0.0,138.25693132787896,6.079499e-06
160.923,0.0,138.25652951444823,4.953545e-06
160.923,0.0,138.25610044281717,6.022645e-06
160.923,0.0,138.25567588737113,5.06136e-06
160.923,0.0,138.25526498896122,6.024959e-06
160.923,0.0,138.2548631821077,5.451657e-06
160.923,0.0,138.2544259511862,6.236238e-06
160.923,0.0,138.2540252836628,5.787326e-06
160.923,0.0,138.25361114846925,6.01694e-06
160.923,0.0,138.253186157075,6.18842e-06
160.923,0.0,138.2527490542488,5.980371e-06
160.923,0.0,138.25234497598538,6.575545e-06
160.923,0.0,138.25191195354168,5.970025e-06
160.923,0.0,138.25151368632874,6.745133e-06
160.923,0.0,138.25107644553188,5.725306e-06
160.923,0.0,138.25065249208163,6.67377e-06
160.923,0.0,138.25024091519202,5.765221e-06
160.923,0.0,138.24983953703995,6.133283e-06
160.923,0.0,138.24940299009342,5.964903e-06
160.923,0.0,138.24900327605408,6.201066e-06
160.923,0.0,138.2485910512448,6.751099e-06
160.923,0.0,138.2481647254488,6.644987e-06
160.923,0.0,138.2477283960978,6.268499e-06
160.923,0.0,138.24732271010214,6.689093e-06
160.923,0.0,138.2469215459428,5.978698e-06
160.923,0.0,138.2464846870631,6.755319e-06
160.923,0.0,138.2460607194396,6.068207e-06
160.923,0.0,138.24566084264728,6.719856e-06
160.923,0.0,138.2452469662726,6.218252e-06
160.923,0.0,138.24480751579165,6.273505e-06
160.923,0.0,138.24440643766118,6.564165e-06
160.923,0.0,138.24400375699898,6.038579e-06
160.923,0.0,138.24356642656213,6.561793e-06
160.923,0.0,138.24314567297483,5.32082e-06
160.923,0.0,138.24269951703943,6.288625e-06
160.923,0.0,138.24229084682358,5.459442e-06
160.923,0.0,138.2418831110687,6.107817e-06
160.923,0.0,138.24144906178714,5.475697e-06
160.923,0.0,138.24104136054092,5.642025e-06
160.923,0.0,138.24062112591247,5.70585e-06
160.923,0.0,138.2402095409217,5.207636e-06
160.923,0.0,138.2397732007395,6.215734e-06
160.923,0.0,138.23937274279146,5.369977e-06
160.923,0.0,138.23897247873674,6.353643e-06
160.923,0.0,138.23853648842532,6.001253e-06
160.923,0.0,138.23811813198512,6.442686e-06
160.923,0.0,138.23770742141173,6.587434e-06
160.923,0.0,138.2372971078318,6.583941e-06
160.923,0.0,138.23689491390326,6.118324e-06
160.923,0.0,138.23645597443627,6.690752e-06
160.923,0.0,138.23604960450655,5.825248e-06
160.923,0.0,138.2356345126805,6.311384e-06
160.923,0.0,138.2351926717842,5.784168e-06
160.923,0.0,138.23478203092867,5.831811e-06
160.923,0.0,138.23438192155203,6.000482e-06
160.923,0.0,138.2339755754071,5.448775e-06
160.923,0.0,138.23353501928509,6.211572e-06
160.923,0.0,138.23312209169936,5.253241e-06
160.923,0.0,138.2327001505747,6.190676e-06
160.923,0.0,138.23226071905847,5.375565e-06
160.923,0.0,138.23185780294142,5.851092e-06
160.923,0.0,138.2314584423741,5.847658e-06
160.923,0.0,138.230999988398,5.532842e-06
160.923,0.0,138.2306047857979,6.273985e-06
160.923,0.0,138.2301801566003,5.014765e-06
160.923,0.0,138.2297478165557,6.158589e-06
160.923,0.0,138.22934797340025,5.444919e-06
160.923,0.0,138.22894635641543,5.635855e-06
160.923,0.0,138.22853810538012,5.825859e-06
160.923,0.0,138.22810136641215,5.163616e-06
160.923,0.0,138.22767505311663,6.270158e-06
160.923,0.0,138.22726295455007,5.933296e-06
160.923,0.0,138.2268362326276,5.864073e-06
160.923,0.0,138.22642436289763,5.784153e-06
160.923,0.0,138.22602071761833,5.830298e-06
160.923,0.0,138.22560498052,5.469206e-06
160.923,0.0,138.2251821769528,5.875932e-06
160.923,0.0,138.22474575672445,5.211958e-06
160.923,0.0,138.2243433995632,5.311798e-06
160.923,0.0,138.22393096574362,5.172755e-06
160.923,0.0,138.2235031612414,4.360554e-06
160.923,0.0,138.22308741984753,5.353766e-06
160.923,0.0,138.22265824950756,4.250687e-06
160.923,0.0,138.22222186662142,5.166934e-06
160.923,0.0,138.2218139834618,4.89685e-06
160.923,0.0,138.22141519541344,4.411515e-06
160.923,0.0,138.22095970110246,5.346112e-06
160.923,0.0,138.22056748851628,4.435904e-06
160.923,0.0,138.22015451792373,4.907066e-06
160.923,0.0,138.2197096022892,5.333088e-06
160.923,0.0,138.2193010492438,4.500063e-06
160.923,0.0,138.2189008562384,5.742244e-06
160.923,0.0,138.2185008900509,5.069072e-06
160.923,0.0,138.21806299330666,5.063368e-06
160.923,0.0,138.2176400126049,5.915834e-06
160.923,0.0,138.21722456091447,4.847185e-06
160.923,0.0,138.2168208520371,5.826121e-06
160.923,0.0,138.21640331201215,6.018774e-06
160.923,0.0,138.2159762589926,6.070244e-06
160.923,0.0,138.21557040363186,5.84888e-06
160.923,0.0,138.21515422546082,5.904934e-06
160.923,0.0,138.21473565316307,5.704191e-06
160.923,0.0,138.21429521445495,5.035137e-06
160.923,0.0,138.21389501294942,5.794296e-06
160.923,0.0,138.21349243010016,5.225098e-06
160.923,0.0,138.21305324322353,5.112888e-06
160.923,0.0,138.21263523630617,5.464928e-06
160.923,0.0,138.2122164594092,4.51284e-06
160.923,0.0,138.21178566870645,5.670561e-06
160.923,0.0,138.211385366497,4.896807e-06
160.923,0.0,138.21094871089787,4.747882e-06
160.923,0.0,138.21054414773693,5.630311e-06
160.923,0.0,138.2101290939635,4.74359e-06
160.923,0.0,138.2097134369395,5.638431e-06
160.923,0.0,138.20927036134,5.226771e-06
160.923,0.0,138.20886807076386,4.61076e-06
160.923,0.0,138.2084672899348,5.853304e-06
160.923,0.0,138.20805850263687,4.930436e-06
160.923,0.0,138.2076097468778,5.153765e-06
160.923,0.0,138.20719356973893,5.684342e-06
160.923,0.0,138.20678160002205,4.685106e-06
160.923,0.0,138.20638223541505,5.738126e-06
160.923,0.0,138.20594457727663,4.799687e-06
160.923,0.0,138.20553945788012,4.28308e-06
160.923,0.0,138.2051249441938,5.50515e-06
160.923,0.0,138.20468093092535,5.443027e-06
160.923,0.0,138.20426797464816,6.003189e-06
160.923,0.0,138.20385338650877,6.156348e-06
160.923,0.0,138.20345463899773,6.296148e-06
160.923,0.0,138.2030207899105,5.964976e-06
160.923,0.0,138.20258727708554,6.094037e-06
160.923,0.0,138.20216205132294,5.852184e-06
160.923,0.0,138.201747541481,5.461363e-06
160.923,0.0,138.20134513480397,6.044589e-06
160.923,0.0,138.20090462466712,4.908594e-06
160.923,0.0,138.20050480849497,5.489739e-06
160.923,0.0,138.20008663602482,5.389506e-06
160.923,0.0,138.19967704564647,4.538233e-06
160.923,0.0,138.19926089116632,5.610869e-06
160.923,0.0,138.198819830254,4.730799e-06
160.923,0.0,138.19841600156593,5.168869e-06
160.923,0.0,138.1980116775524,5.464768e-06
160.923,0.0,138.1976004219528,4.484944e-06
160.923,0.0,138.19717515611137,5.504713e-06
160.923,0.0,138.19673969112898,4.851463e-06
160.923,0.0,138.19633595625825,4.95126e-06
160.923,0.0,138.19593336498139,5.462978e-06
160.923,0.0,138.19552843141113,4.388086e-06
160.923,0.0,138.19508139095527,5.555383e-06
160.923,0.0,138.19466603842912,4.709596e-06
160.923,0.0,138.19425031302535,4.623042e-06
160.923,0.0,138.1938441773484,5.451569e-06
160.923,0.0,138.19340144891416,4.813279e-06
160.923,0.0,138.1929892618812,5.69447e-06
160.923,0.0,138.192588409423,5.618815e-06
160.923,0.0,138.1921440980645,5.650872e-06
160.923,0.0,138.19173437686186,5.989437e-06
160.923,0.0,138.19132975472326,5.938957e-06
160.923,0.0,138.19088989106055,5.928843e-06
160.923,0.0,138.1904871232484,6.01355e-06
160.923,0.0,138.1900777956963,5.808033e-06
160.923,0.0,138.18965033272593,5.434966e-06
160.923,0.0,138.18921609270254,5.711554e-06
160.923,0.0,138.18880945525783,4.928399e-06
160.923,0.0,138.18839818273412,6.014219e-06
160.923,0.0,138.18796579291617,5.256894e-06
160.923,0.0,138.18756441967201,5.853333e-06
160.923,0.0,138.18715094292335,5.809343e-06
160.923,0.0,138.18670444781313,5.465496e-06
160.923,0.0,138.18629696436864,6.338771e-06
160.923,0.0,138.18589475611952,5.341455e-06
160.923,0.0,138.185491294815,6.28928e-06
160.923,0.0,138.18504895121782,5.707421e-06
160.923,0.0,138.18463473754608,5.730544e-06
160.923,0.0,138.18422015844618,5.922033e-06
160.923,0.0,138.18381132616443,5.161011e-06
160.923,0.0,138.18337260165285,5.935464e-06
160.923,0.0,138.1829720749846,5.106005e-06
160.923,0.0,138.1825323807552,6.185728e-06
160.923,0.0,138.18211389646737,5.727299e-06
160.923,0.0,138.18170115049392,6.492046e-06
160.923,0.0,138.18125367099088,6.453643e-06
160.923,0.0,138.18085257571184,6.431233e-06
160.923,0.0,138.18045144339922,6.442438e-06
160.923,0.0,138.1800455974087,5.98919e-06
160.923,0.0,138.17959786636038,5.643189e-06
160.923,0.0,138.17918486959803,6.041708e-06
160.923,0.0,138.1787757229175,5.464623e-06
160.923,0.0,138.1783757463808,6.290982e-06
160.923,0.0,138.17793573944033,5.371359e-06
160.923,0.0,138.17753288891024,6.353206e-06
160.923,0.0,138.1771114024848,5.449343e-06
160.923,0.0,138.17669812828672,6.478847e-06
160.923,0.0,138.17625961916204,5.505004e-06
160.923,0.0,138.1758601376786,6.161121e-06
160.923,0.0,138.17546242620818,5.635229e-06
160.923,0.0,138.17502248721183,6.190166e-06
160.923,0.0,138.17460602711577,5.769936e-06
160.923,0.0,138.17419180699494,6.214046e-06
160.923,0.0,138.173781575642,6.312184e-06
160.923,0.0,138.17334422671445,6.502305e-06
160.923,0.0,138.1729432671376,6.768372e-06
160.923,0.0,138.17250466363052,6.676681e-06
160.923,0.0,138.17208906439296,6.70072e-06
160.923,0.0,138.17167598298423,6.697257e-06
160.923,0.0,138.17126107713509,6.559523e-06
160.923,0.0,138.17082407872948,6.413291e-06
160.923,0.0,138.17042663883612,6.146423e-06
160.923,0.0,138.17002192310346,6.35763e-06
160.923,0.0,138.16958287853632,5.937647e-06
160.923,0.0,138.1691558377471,6.407878e-06
160.923,0.0,138.16873895921995,6.205169e-06
160.923,0.0,138.1683344081393,6.659742e-06
160.923,0.0,138.1679210270067,6.129208e-06
160.923,0.0,138.16749799665237,6.608578e-06
160.923,0.0,138.16708068250028,6.287839e-06
160.923,0.0,138.16666984840487,6.534814e-06
160.923,0.0,138.16625556167534,6.186252e-06
160.923,0.0,138.16581445482626,6.408372e-06
160.923,0.0,138.16541730196315,5.939481e-06
160.923,0.0,138.16498057941425,6.437724e-06
160.923,0.0,138.16457135920163,5.957627e-06
160.923,0.0,138.16415681688812,6.585076e-06
160.923,0.0,138.16374418130164,6.190196e-06
160.923,0.0,138.163303469099,6.447794e-06
160.923,0.0,138.16290353889704,6.597169e-06
160.923,0.0,138.16246417347804,6.738905e-06
160.923,0.0,138.1620565083445,6.740418e-06
160.923,0.0,138.1616185490664,6.565082e-06
160.923,0.0,138.16119954797026,6.451257e-06
160.923,0.0,138.16079151212472,6.197122e-06
160.923,0.0,138.16039101037916,6.299641e-06
160.923,0.0,138.1599510298586,6.191272e-06
160.923,0.0,138.15954437185948,6.389382e-06
160.923,0.0,138.15912997080045,6.194008e-06
160.923,0.0,138.1587145927136,6.395552e-06
160.923,0.0,138.15830603141043,6.075585e-06
160.923,0.0,138.15786915216148,6.371032e-06
160.923,0.0,138.157468119087,5.771581e-06
160.923,0.0,138.15705827292928,6.389906e-06
160.923,0.0,138.15661820926096,5.850728e-06
160.923,0.0,138.1561992790255,6.566232e-06
160.923,0.0,138.15579000844076,5.915077e-06
160.923,0.0,138.1553927376243,6.605624e-06
160.923,0.0,138.15495498633342,6.195376e-06
160.923,0.0,138.15454747626046,6.680159e-06
160.923,0.0,138.15413161559746,6.364993e-06
160.923,0.0,138.153715511384,6.361253e-06
160.923,0.0,138.15327243376137,6.516988e-06
160.923,0.0,138.15286841897134,6.296686e-06
160.923,0.0,138.15245866553795,6.714195e-06
160.923,0.0,138.15202818689392,5.873531e-06
160.923,0.0,138.15161845467622,6.401824e-06
160.923,0.0,138.15120023856838,5.834518e-06
160.923,0.0,138.15075927531564,6.356015e-06
160.923,0.0,138.15034416736637,6.107643e-06
160.923,0.0,138.1499415130445,6.418151e-06
160.923,0.0,138.14953489189344,5.893162e-06
160.923,0.0,138.14911781941393,5.316513e-06
160.923,0.0,138.1486920954316,5.388618e-06
160.923,0.0,138.1482511491362,6.17982e-06
160.923,0.0,138.14784743800163,6.350543e-06
160.923,0.0,138.1474450882717,6.227056e-06
160.923,0.0,138.1470386575813,6.360569e-06
160.923,0.0,138.14658188202947,6.079194e-06
160.923,0.0,138.14617849486137,6.620117e-06
160.923,0.0,138.14576476660613,6.170332e-06
160.923,0.0,138.1453633130518,6.800256e-06
160.923,0.0,138.14492423384334,6.47812e-06
160.923,0.0,138.14452415397403,6.64324e-06
160.923,0.0,138.14410978794655,6.538525e-06
160.923,0.0,138.14366136863063,6.54289e-06
160.923,0.0,138.14324618661436,5.929425e-06
160.923,0.0,138.1428151097417,6.568429e-06
160.923,0.0,138.14239947776258,6.096147e-06
160.923,0.0,138.14200614538123,6.792761e-06
160.923,0.0,138.14156702388206,6.397051e-06
160.923,0.0,138.1411485619071,6.608505e-06
160.923,0.0,138.14073504742356,6.44484e-06
160.923,0.0,138.14029937023855,6.320523e-06
160.923,0.0,138.13989424359352,6.923365e-06
160.923,0.0,138.13949328338265,6.460235e-06
160.923,0.0,138.13908135415582,6.860762e-06
160.923,0.0,138.1387191145672,6.86264e-06
160.923,0.0,138.13823333319667,6.613845e-06
160.923,0.0,138.137816330162,7.231516e-06
160.923,0.0,138.13741697130973,7.053924e-06
160.923,0.0,138.1369764805719,7.079347e-06
160.923,0.0,138.13656886986405,6.732182e-06
160.923,0.0,138.13615733725007,7.046896e-06
160.923,0.0,138.13574314904113,6.81798e-06
160.923,0.0,138.13530212875045,7.264665e-06
160.923,0.0,138.134889246361,7.202834e-06
160.923,0.0,138.13449886178512,6.949485e-06
160.923,0.0,138.13406279456606,7.376089e-06
160.923,0.0,138.13364271435952,6.736271e-06
160.923,0.0,138.1332289416212,7.007708e-06
160.923,0.0,138.1327884248139,7.145805e-06
160.923,0.0,138.1323822428939,6.899136e-06
160.923,0.0,138.13198095993954,7.406954e-06
160.923,0.0,138.13153347976947,6.973161e-06
160.923,0.0,138.13114023691648,6.601957e-06
160.923,0.0,138.13070672587662,6.961651e-06
160.923,0.0,138.13028447611745,6.64001e-06
160.923,0.0,138.1298844201301,7.167924e-06
160.923,0.0,138.12948141558613,6.639792e-06
160.923,0.0,138.1290389015784,6.923379e-06
160.923,0.0,138.128626548668,6.947361e-06
160.923,0.0,138.12821501014247,6.718663e-06
160.923,0.0,138.1277687200217,7.068578e-06
160.923,0.0,138.12736419853724,6.811533e-06
160.923,0.0,138.1269601743007,6.70462e-06
160.923,0.0,138.12655520265224,7.242445e-06
160.923,0.0,138.12612269181258,6.922783e-06
160.923,0.0,138.1256810979766,6.724324e-06
160.923,0.0,138.12528196995407,6.80954e-06
160.923,0.0,138.12487995271053,6.583403e-06
160.923,0.0,138.12443964845255,6.455579e-06
160.923,0.0,138.12403354811255,6.498318e-06
160.923,0.0,138.12361538691704,6.495698e-06
160.923,0.0,138.12319078269658,7.29422e-06
160.923,0.0,138.12275253258798,6.979884e-06
160.923,0.0,138.12235320253913,6.556802e-06
160.923,0.0,138.12191586074152,6.728646e-06
160.923,0.0,138.1215153336917,6.571921e-06
160.923,0.0,138.1210998761566,6.712071e-06
160.923,0.0,138.12067272735408,7.003546e-06
160.923,0.0,138.12023709256644,6.628776e-06
160.923,0.0,138.11983021385618,6.628208e-06
160.923,0.0,138.11943427554536,6.805814e-06
160.923,0.0,138.11899535156078,6.288508e-06
160.923,0.0,138.11858257241911,6.344548e-06
160.923,0.0,138.11816904709164,6.730712e-06
160.923,0.0,138.11775378854028,6.666611e-06
160.923,0.0,138.1173562643731,6.658433e-06
160.923,0.0,138.11691792802296,6.616261e-06
160.923,0.0,138.1165156316234,6.372924e-06
160.923,0.0,138.1161041691477,6.432951e-06
160.923,0.0,138.1156523002085,6.138216e-06
160.923,0.0,138.11524575198683,6.152273e-06
160.923,0.0,138.11484194662563,6.663307e-06
160.923,0.0,138.11443446463744,6.203525e-06
160.923,0.0,138.11400212080187,6.540184e-06
160.923,0.0,138.11358958811505,6.370945e-06
160.923,0.0,138.11317539118832,5.944021e-06
160.923,0.0,138.11272737377516,6.336093e-06
160.923,0.0,138.11232377031655,6.500719e-06
160.923,0.0,138.11190890613378,5.970709e-06
160.923,0.0,138.11148665144825,6.475966e-06
160.923,0.0,138.11107750405128,6.212838e-06
160.923,0.0,138.11064779225234,6.020549e-06
160.923,0.0,138.1102138125103,6.261558e-06
160.923,0.0,138.10980571229118,6.11259e-06
160.923,0.0,138.10940879754952,6.006871e-06
160.923,0.0,138.1090066010592,6.14993e-06
160.923,0.0,138.10855916135841,6.161761e-06
160.923,0.0,138.10814398540978,5.758673e-06
160.923,0.0,138.10772940902692,6.138638e-06
160.923,0.0,138.10732182075245,5.637921e-06
160.923,0.0,138.10688509915786,6.238144e-06
160.923,0.0,138.10648447609722,5.647526e-06
160.923,0.0,138.10607144806028,5.622569e-06
160.923,0.0,138.1056413247594,5.533177e-06
160.923,0.0,138.10520889957832,5.225549e-06
160.923,0.0,138.10479964957966,5.858936e-06
160.923,0.0,138.10439985393208,4.953792e-06
160.923,0.0,138.10396250788017,5.570939e-06
160.923,0.0,138.1035436116551,5.182024e-06
160.923,0.0,138.10312786149277,5.343216e-06
160.923,0.0,138.1026962398287,5.709153e-06
160.923,0.0,138.10228414994754,5.202339e-06
160.923,0.0,138.10185935601672,5.583366e-06
160.923,0.0,138.10144224894108,5.560534e-06
160.923,0.0,138.10103551797076,5.254959e-06
160.923,0.0,138.10062001541314,5.318638e-06
160.923,0.0,138.10019661158015,4.867223e-06
160.923,0.0,138.09975472216834,5.119306e-06
160.923,0.0,138.09934978155053,4.804562e-06
160.923,0.0,138.0989443351925,4.955524e-06
160.923,0.0,138.09853638110442,4.807633e-06
160.923,0.0,138.09812167592753,4.866131e-06
160.923,0.0,138.09769909278972,4.671136e-06
160.923,0.0,138.09726018467734,4.887537e-06
160.923,0.0,138.0968573675402,4.626549e-06
160.923,0.0,138.09644923953718,4.977584e-06
160.923,0.0,138.09604544308849,4.581161e-06
160.923,0.0,138.0955998384182,5.208669e-06
160.923,0.0,138.09518348098587,4.604328e-06
160.923,0.0,138.09477019862558,5.194088e-06
160.923,0.0,138.09436790646276,4.483329e-06
160.923,0.0,138.09395937759905,5.232549e-06
160.923,0.0,138.0935286299395,4.662332e-06
160.923,0.0,138.09311316145624,5.445574e-06
160.923,0.0,138.09268878285755,4.978006e-06
160.923,0.0,138.09224823278322,5.395355e-06
160.923,0.0,138.09184452432706,5.271489e-06
160.923,0.0,138.09144225769538,5.091162e-06
160.923,0.0,138.09099973128005,5.380454e-06
160.923,0.0,138.0905904034177,4.817513e-06
160.923,0.0,138.09017869461098,5.183436e-06
160.923,0.0,138.0897310586188,4.632166e-06
160.923,0.0,138.08932851942038,4.716465e-06
160.923,0.0,138.08892925779318,4.866873e-06
160.923,0.0,138.08852659840085,4.620437e-06
160.923,0.0,138.08808075874845,4.898393e-06
160.923,0.0,138.08766722606035,4.44222e-06
160.923,0.0,138.08725210195485,5.072128e-06
160.923,0.0,138.08681308585093,4.512374e-06
160.923,0.0,138.08641388814357,5.125228e-06
160.923,0.0,138.08601279676756,4.467351e-06
160.923,0.0,138.0855989070245,5.326205e-06
160.923,0.0,138.08515232454405,4.696645e-06
160.923,0.0,138.08473981272124,5.45643e-06
160.923,0.0,138.08433571618605,4.91942e-06
160.923,0.0,138.08389430079555,5.508933e-06
160.923,0.0,138.0834915584756,5.00778e-06
160.923,0.0,138.0830751001183,5.27213e-06
160.923,0.0,138.0826326845453,5.244554e-06
160.923,0.0,138.08221801578537,5.288763e-06
160.923,0.0,138.08181122913336,5.547758e-06
160.923,0.0,138.08137435018833,4.866728e-06
160.923,0.0,138.0809714069594,5.421025e-06
160.923,0.0,138.08056098202795,4.443224e-06
160.923,0.0,138.08012961208902,5.331283e-06
160.923,0.0,138.07969967480716,4.292408e-06
160.923,0.0,138.07929481596335,4.887377e-06
160.923,0.0,138.0788928474881,4.081827e-06
160.923,0.0,138.07845288810145,4.358226e-06
160.923,0.0,138.07804577106415,3.673369e-06
160.923,0.0,138.07762261384315,4.182919e-06
160.923,0.0,138.0772184276361,3.886904e-06
160.923,0.0,138.07681357453558,4.420275e-06
160.923,0.0,138.07637348321535,3.965179e-06
160.923,0.0,138.07597153018756,4.870657e-06
160.923,0.0,138.0755611553089,4.95922e-06
160.923,0.0,138.07514476300986,5.163412e-06
160.923,0.0,138.07472601213365,4.920483e-06
160.923,0.0,138.07428740303504,4.685891e-06
160.923,0.0,138.07388635607484,4.868169e-06
160.923,0.0,138.07347809453802,4.865273e-06
160.923,0.0,138.07303705089265,4.591435e-06
160.923,0.0,138.07262568211124,3.338631e-06
160.923,0.0,138.0722068438354,3.103414e-06
160.923,0.0,138.071768303598,2.811634e-06
160.923,0.0,138.0713659408389,3.400361e-06
160.923,0.0,138.070948583851,3.279143e-06
160.923,0.0,138.07052192787597,1.687949e-06
160.923,0.0,138.07010379655088,1.838169e-06
160.923,0.0,138.0696877527714,2.856657e-06
160.923,0.0,138.06927328318528,3.114576e-06
160.923,0.0,138.06887142779357,4.048823e-06
160.923,0.0,138.06842925350708,3.703273e-06
160.923,0.0,138.06802332704237,4.731657e-06
160.923,0.0,138.06760531451175,4.063055e-06
160.923,0.0,138.06719011468482,4.896661e-06
160.923,0.0,138.0667768152539,4.083515e-06
160.923,0.0,138.0663383296882,4.956833e-06
160.923,0.0,138.06593694028862,4.399553e-06
160.923,0.0,138.06553543644534,5.095208e-06
160.923,0.0,138.0651030544026,4.820293e-06
160.923,0.0,138.06467746999013,4.481772e-06
160.923,0.0,138.06426575473165,4.506583e-06
160.923,0.0,138.06384060676524,3.756257e-06
160.923,0.0,138.0634299955685,4.366491e-06
160.923,0.0,138.06302714586414,3.602618e-06
160.923,0.0,138.06257954570984,4.062604e-06
160.923,0.0,138.0621684341378,3.440029e-06
160.923,0.0,138.061725878815,3.34061e-06
160.923,0.0,138.0613199634969,2.397603e-06
160.923,0.0,138.06091994609602,2.278292e-06
160.923,0.0,138.0604805294858,2.446861e-06
160.923,0.0,138.06007135785933,2.181536e-06
160.923,0.0,138.0596596242285,3.030553e-06
160.923,0.0,138.05924263141733,3.294597e-06
160.923,0.0,138.05880180268312,3.732377e-06
160.923,0.0,138.05840267868567,3.839959e-06
160.923,0.0,138.05800111931367,4.46866e-06
160.923,0.0,138.05756611109373,4.496891e-06
160.923,0.0,138.05714961346214,5.118607e-06
160.923,0.0,138.05674089255487,4.815112e-06
160.923,0.0,138.0563370522187,4.91926e-06
160.923,0.0,138.05589773252152,5.115842e-06
160.923,0.0,138.05549896643186,4.48848e-06
160.923,0.0,138.0550881801745,5.229056e-06
160.923,0.0,138.05464309624725,4.310976e-06
160.923,0.0,138.0542464318937,5.258466e-06
160.923,0.0,138.0538059385913,4.561021e-06
160.923,0.0,138.05340383630394,5.360358e-06
160.923,0.0,138.0530058909304,4.630041e-06
160.923,0.0,138.05255278667914,5.427937e-06
160.923,0.0,138.05214746464918,4.864763e-06
160.923,0.0,138.05170035120236,5.622031e-06
160.923,0.0,138.05129132340065,4.948612e-06
160.923,0.0,138.05088832080847,5.613867e-06
160.923,0.0,138.05048855196466,4.966409e-06
160.923,0.0,138.05004890179987,5.713999e-06
160.923,0.0,138.04962917200746,5.187598e-06
160.923,0.0,138.0492143143374,5.89354e-06
160.923,0.0,138.04880513205103,5.407972e-06
160.923,0.0,138.04835291729478,6.158851e-06
160.923,0.0,138.04796285373197,5.463982e-06
160.923,0.0,138.04755598527353,5.401831e-06
160.923,0.0,138.04712422030397,4.736372e-06
160.923,0.0,138.0466949139119,4.428279e-06
160.923,0.0,138.04628356362565,4.525675e-06
160.923,0.0,138.0458812744327,4.646325e-06
160.923,0.0,138.0454795476684,5.048641e-06
160.923,0.0,138.04503813309188,5.180002e-06
160.923,0.0,138.04462007568338,5.030262e-06
160.923,0.0,138.04420562368978,4.96069e-06
160.923,0.0,138.04379543399165,5.018213e-06
160.923,0.0,138.0433545061233,5.062917e-06
160.923,0.0,138.04294791110883,5.25263e-06
160.923,0.0,138.0425319741242,5.363181e-06
160.923,0.0,138.04209630690985,5.606285e-06
160.923,0.0,138.04167308076123,5.626513e-06
160.923,0.0,138.0412610028988,5.851121e-06
160.923,0.0,138.04085860957443,5.812137e-06
160.923,0.0,138.0404117925503,5.884693e-06
160.923,0.0,138.04002087558865,5.729118e-06
160.923,0.0,138.0395854922126,5.953727e-06
160.923,0.0,138.03916142746692,6.155577e-06
160.923,0.0,138.03874657933534,6.046248e-06
160.923,0.0,138.0383447689692,6.005794e-06
160.923,0.0,138.03794346293435,5.850568e-06
160.923,0.0,138.03750316549164,5.980342e-06
160.923,0.0,138.0370914981918,6.108588e-06
160.923,0.0,138.0366665665081,5.897455e-06
160.923,0.0,138.0362628587434,6.122049e-06
160.923,0.0,138.03586210006088,5.621972e-06
160.923,0.0,138.03542433824612,5.791866e-06
160.923,0.0,138.0350214080226,5.394657e-06
160.923,0.0,138.03459624891963,5.643451e-06
160.923,0.0,138.03418383524584,5.439331e-06
160.923,0.0,138.03374441587582,5.466864e-06
160.923,0.0,138.03334054458,4.669142e-06
160.923,0.0,138.03292671538088,5.020862e-06
160.923,0.0,138.03249432149514,4.85676e-06
160.923,0.0,138.03209273963756,5.275113e-06
160.923,0.0,138.03164671219062,5.02434e-06
160.923,0.0,138.03123259773182,5.434209e-06
160.923,0.0,138.03082498992714,5.495953e-06
160.923,0.0,138.03039106177854,5.734866e-06
160.923,0.0,138.02998929206265,5.593523e-06
160.923,0.0,138.02957965978237,5.829221e-06
160.923,0.0,138.0291656439374,6.006929e-06
160.923,0.0,138.02871904207674,6.006536e-06
160.923,0.0,138.02831411118052,6.051821e-06
160.923,0.0,138.0279139983604,5.923241e-06
160.923,0.0,138.02746540716518,5.371447e-06
160.923,0.0,138.02706966016,5.357302e-06
160.923,0.0,138.02664550347433,5.009642e-06
160.923,0.0,138.02623849254684,5.376161e-06
160.923,0.0,138.02579727873072,4.753296e-06
160.923,0.0,138.02539498321732,5.549489e-06
160.923,0.0,138.0249932275034,5.381575e-06
160.923,0.0,138.0245776274683,5.693553e-06
160.923,0.0,138.02414676944562,5.9585e-06
160.923,0.0,138.0237127352894,5.887181e-06
160.923,0.0,138.02330494688624,5.972528e-06
160.923,0.0,138.02286318709312,6.163216e-06
160.923,0.0,138.02246105328288,6.395174e-06
160.923,0.0,138.02205276015832,6.670729e-06
160.923,0.0,138.02161977287676,6.679795e-06
160.923,0.0,138.02118905013288,6.80724e-06
160.923,0.0,138.02075652824044,6.491129e-06
160.923,0.0,138.02036177327116,6.85954e-06
160.923,0.0,138.01996256534036,6.529954e-06
160.923,0.0,138.01951127128737,6.586037e-06
160.923,0.0,138.01911724660957,6.353643e-06
160.923,0.0,138.01870156691467,5.824913e-06
160.923,0.0,138.01829193421673,6.326882e-06
160.923,0.0,138.017849580201,6.163304e-06
160.923,0.0,138.0174486884792,6.6168e-06
160.923,0.0,138.01704253430816,6.159025e-06
160.923,0.0,138.01662723745125,6.163973e-06
160.923,0.0,138.01620699970644,5.926311e-06
160.923,0.0,138.01576649869014,5.482434e-06
160.923,0.0,138.01536346010303,6.072034e-06
160.923,0.0,138.01495062666424,5.299909e-06
160.923,0.0,138.01454591099093,6.123882e-06
160.923,0.0,138.0141112099208,5.451337e-06
160.923,0.0,138.01368260388477,6.285612e-06
160.923,0.0,138.01327145431006,5.631373e-06
160.923,0.0,138.01283998714592,6.59228e-06
160.923,0.0,138.01244062599352,6.158356e-06
160.923,0.0,138.0120365158825,6.982125e-06
160.923,0.0,138.01158734636894,6.612987e-06
160.923,0.0,138.01117413951692,7.053604e-06
160.923,0.0,138.01076062223882,6.965885e-06
160.923,0.0,138.01032335536337,6.698552e-06
160.923,0.0,138.0099233416102,6.921895e-06
160.923,0.0,138.00951413626146,6.455724e-06
160.923,0.0,138.00908511862391,6.707996e-06
160.923,0.0,138.0086664411451,6.48055e-06
160.923,0.0,138.00825081301141,6.948059e-06
160.923,0.0,138.00784572273935,6.672824e-06
160.923,0.0,138.00741165394263,6.670569e-06
160.923,0.0,138.00701134571756,6.480637e-06
160.923,0.0,138.00659738490964,6.123402e-06
160.923,0.0,138.00617111919655,6.704489e-06
160.923,0.0,138.00573313733713,5.765221e-06
160.923,0.0,138.00532507829465,6.631177e-06
160.923,0.0,138.0049233605529,5.773807e-06
160.923,0.0,138.004521804255,6.742208e-06
160.923,0.0,138.00408409219105,5.74821e-06
160.923,0.0,138.00365209601694,6.442002e-06
160.923,0.0,138.00321867748653,5.775873e-06
160.923,0.0,138.00281051532573,6.072776e-06
160.923,0.0,138.00241036830937,5.719368e-06
160.923,0.0,138.00197272460025,5.511596e-06
160.923,0.0,138.0015622679086,5.689828e-06
160.923,0.0,138.00114652698468,5.678638e-06
160.923,0.0,138.00072655771507,5.806956e-06
160.923,0.0,138.00028483628495,5.80847e-06
160.923,0.0,137.9998840855096,6.08321e-06
160.923,0.0,137.99948558395752,5.831098e-06
160.923,0.0,137.99904718643432,5.761802e-06
160.923,0.0,137.99862573511845,6.079295e-06
160.923,0.0,137.9982128121645,5.68504e-06
160.923,0.0,137.99780524731085,6.283502e-06
160.923,0.0,137.9973964079914,5.750393e-06
160.923,0.0,137.99696690159462,6.298695e-06
160.923,0.0,137.99655824544905,6.120099e-06
160.923,0.0,137.99614543327252,6.159258e-06
160.923,0.0,137.99572508965184,6.346891e-06
160.923,0.0,137.99528485723613,5.649257e-06
160.923,0.0,137.9948822493121,6.140894e-06
160.923,0.0,137.99448116944424,5.397844e-06
160.923,0.0,137.99406945392707,5.905793e-06
160.923,0.0,137.99363900028814,5.659807e-06
160.923,0.0,137.99320739856662,5.85572e-06
160.923,0.0,137.99279950309537,5.793481e-06
160.923,0.0,137.99236057833485,5.746042e-06
160.923,0.0,137.9919610669547,6.055474e-06
160.923,0.0,137.9915545933924,5.813272e-06
160.923,0.0,137.99110616206195,6.228045e-06
160.923,0.0,137.99069136314725,6.238988e-06
160.923,0.0,137.99028056473887,5.943934e-06
160.923,0.0,137.98985798988608,6.251183e-06
160.923,0.0,137.98944419400232,5.412541e-06
160.923,0.0,137.98904210430828,5.888782e-06
160.923,0.0,137.9886089651931,5.423179e-06
160.923,0.0,137.98818065423848,5.503127e-06
160.923,0.0,137.9877685699854,5.858819e-06
160.923,0.0,137.98736941479552,5.424328e-06
160.923,0.0,137.98693203696754,6.204282e-06
160.923,0.0,137.98652653544,5.445938e-06
160.923,0.0,137.98611371147746,6.172675e-06
160.923,0.0,137.9856883822451,5.316688e-06
160.923,0.0,137.98525009836263,5.939131e-06
160.923,0.0,137.98484559348051,5.235444e-06
160.923,0.0,137.9844423074667,5.658541e-06
160.923,0.0,137.98403603572748,5.34943e-06
160.923,0.0,137.98360145474433,5.717768e-06
160.923,0.0,137.9831764563978,5.490103e-06
160.923,0.0,137.98276083267785,5.229565e-06
160.923,0.0,137.98232101210647,4.934001e-06
160.923,0.0,137.98192102294172,4.25303e-06
160.923,0.0,137.98151706457432,3.130015e-06
160.923,0.0,137.98107091874652,2.076049e-06
160.923,0.0,137.9806587110923,2.213827e-06
160.923,0.0,137.98024693786672,2.100278e-06
160.923,0.0,137.9798151650088,1.934633e-06
160.923,0.0,137.97941535147916,2.795481e-06
160.923,0.0,137.9789777089361,2.862434e-06
160.923,0.0,137.97856844068457,3.84025e-06
160.923,0.0,137.97814888129824,3.745314e-06
160.923,0.0,137.9777397236587,4.5083e-06
160.923,0.0,137.97733386765387,4.302361e-06
160.923,0.0,137.976895674256,4.868474e-06
160.923,0.0,137.97649284934897,4.962581e-06
160.923,0.0,137.97607892788096,5.088761e-06
160.923,0.0,137.97566332514376,5.077745e-06
160.923,0.0,137.97524926817377,5.114678e-06
160.923,0.0,137.97480740591197,5.454596e-06
160.923,0.0,137.97440581862853,5.383466e-06
160.923,0.0,137.9740060615582,5.820693e-06
160.923,0.0,137.97356802463997,5.844209e-06
160.923,0.0,137.97314558629702,6.301125e-06
160.923,0.0,137.97272779359136,6.184477e-06
160.923,0.0,137.97227238664934,6.260962e-06
160.923,0.0,137.97189022636957,6.059156e-06
160.923,0.0,137.97148793202317,5.883456e-06
160.923,0.0,137.9710481012993,5.986309e-06
160.923,0.0,137.97062799119016,5.952548e-06
160.923,0.0,137.97021601165136,5.777227e-06
160.923,0.0,137.9698081995597,5.756083e-06
160.923,0.0,137.9693682550924,5.793903e-06
160.923,0.0,137.9689674209105,5.450216e-06
160.923,0.0,137.96855758492774,5.491442e-06
160.923,0.0,137.96812713265655,5.682959e-06
160.923,0.0,137.9676985038411,5.514157e-06
160.923,0.0,137.96728984648888,5.710608e-06
160.923,0.0,137.96688772751412,5.3244e-06
160.923,0.0,137.96648128812447,5.47673e-06
160.923,0.0,137.96603985686676,5.325579e-06
160.923,0.0,137.96562014824113,5.478214e-06
160.923,0.0,137.96521135948646,5.475755e-06
160.923,0.0,137.96477307660274,5.625203e-06
160.923,0.0,137.9643719503247,5.772337e-06
160.923,0.0,137.96396895056614,5.930095e-06
160.923,0.0,137.96352581591626,5.934038e-06
160.923,0.0,137.96310670430282,6.188056e-06
160.923,0.0,137.9626836290923,6.406844e-06
160.923,0.0,137.96224632493752,6.798335e-06
160.923,0.0,137.9618458000343,7.014183e-06
160.923,0.0,137.96144674334874,6.725546e-06
160.923,0.0,137.9610072728228,7.187642e-06
160.923,0.0,137.9605914399248,6.636474e-06
160.923,0.0,137.96017250214305,7.305658e-06
160.923,0.0,137.95976372508244,6.944931e-06
160.923,0.0,137.95932773051356,7.539333e-06
160.923,0.0,137.9589268491941,7.168201e-06
160.923,0.0,137.95852190274715,7.647875e-06
160.923,0.0,137.9581056757413,6.845905e-06
160.923,0.0,137.95766151273295,7.71448e-06
160.923,0.0,137.95724809026277,6.992734e-06
160.923,0.0,137.95685094811893,7.94715e-06
160.923,0.0,137.9564445510316,7.576004e-06
160.923,0.0,137.95601208535479,7.86614e-06
160.923,0.0,137.9555993417925,7.529074e-06
160.923,0.0,137.9551862149272,7.739218e-06
160.923,0.0,137.95477501401348,7.708324e-06
160.923,0.0,137.9543214355045,7.630879e-06
160.923,0.0,137.95393656736738,7.657247e-06
160.923,0.0,137.95353317677586,7.479321e-06
160.923,0.0,137.9530905287714,6.996052e-06
160.923,0.0,137.95267648679356,7.418217e-06
160.923,0.0,137.9522294102584,6.835777e-06
160.923,0.0,137.95182317404834,7.705574e-06
160.923,0.0,137.95142302014216,6.971532e-06
160.923,0.0,137.95101707500288,7.775598e-06
160.923,0.0,137.95056904147205,7.234034e-06
160.923,0.0,137.95015453509174,7.767914e-06
160.923,0.0,137.94974189531462,7.391165e-06
160.923,0.0,137.94933697536652,7.342445e-06
160.923,0.0,137.94889893304637,6.688861e-06
160.923,0.0,137.9484814941633,5.809226e-06
160.923,0.0,137.94808311377187,6.284419e-06
160.923,0.0,137.94764379824792,6.467788e-06
160.923,0.0,137.9472200381372,7.290175e-06
160.923,0.0,137.9468123366231,7.190582e-06
160.923,0.0,137.94641088940983,7.298368e-06
160.923,0.0,137.94600923093492,7.080584e-06
160.923,0.0,137.94555981308181,7.362556e-06
160.923,0.0,137.94514448315815,6.621718e-06
160.923,0.0,137.94472855018023,7.365641e-06
160.923,0.0,137.94432149272077,6.856368e-06
160.923,0.0,137.94388202190183,7.208233e-06
160.923,0.0,137.94347909840636,7.442999e-06
160.923,0.0,137.94306905183285,7.006514e-06
160.923,0.0,137.9426204537413,7.607756e-06
160.923,0.0,137.9422058553159,6.960909e-06
160.923,0.0,137.94179762940925,7.17763e-06
160.923,0.0,137.9413623803102,7.540031e-06
160.923,0.0,137.9409627871019,7.281793e-06
160.923,0.0,137.94055357104142,7.618248e-06
160.923,0.0,137.94010979936667,7.356517e-06
160.923,0.0,137.93969478338803,7.021881e-06
160.923,0.0,137.93927728926653,7.20071e-06
160.923,0.0,137.93887856940214,7.215189e-06
160.923,0.0,137.9384394045024,7.280571e-06
160.923,0.0,137.9380355579709,7.080351e-06
160.923,0.0,137.937622079459,7.304479e-06
160.923,0.0,137.9372106586839,7.454655e-06
160.923,0.0,137.93676644779524,7.43242e-06
160.923,0.0,137.93636354038918,7.565992e-06
160.923,0.0,137.93596042219346,7.614712e-06
160.923,0.0,137.93555372858566,7.312963e-06
160.923,0.0,137.93512411289657,7.381168e-06
160.923,0.0,137.9346966738711,7.359107e-06
160.923,0.0,137.9342858794344,7.594441e-06
160.923,0.0,137.93388182620885,7.071139e-06
160.923,0.0,137.9334317429389,6.93652e-06
160.923,0.0,137.9330344972026,7.496536e-06
160.923,0.0,137.93261817545317,7.487426e-06
160.923,0.0,137.9321957788452,7.685972e-06
160.923,0.0,137.9317564096594,7.853771e-06
160.923,0.0,137.93135278630766,7.527546e-06
160.923,0.0,137.9309508795392,7.468625e-06
160.923,0.0,137.9305101051223,7.790572e-06
160.923,0.0,137.93009537110666,7.891242e-06
160.923,0.0,137.92968044675317,7.798721e-06
160.923,0.0,137.92926674027316,7.830735e-06
160.923,0.0,137.92882972547505,7.956391e-06
160.923,0.0,137.92842676812595,7.927418e-06
160.923,0.0,137.92802629470913,7.843817e-06
160.923,0.0,137.92758561648438,7.712326e-06
160.923,0.0,137.92716852071962,7.8632e-06
160.923,0.0,137.92675312444675,7.679264e-06
160.923,0.0,137.92635062447155,7.679628e-06
160.923,0.0,137.92590889301758,7.643335e-06
160.923,0.0,137.92550552525475,7.809067e-06
160.923,0.0,137.92509167802146,7.876995e-06
160.923,0.0,137.9246761786151,7.865819e-06
160.923,0.0,137.92426306065624,7.890412e-06
160.923,0.0,137.9238227288517,7.767987e-06
160.923,0.0,137.92341917418287,7.774477e-06
160.923,0.0,137.92297956964865,7.791939e-06
160.923,0.0,137.9225685628074,8.030416e-06
160.923,0.0,137.92214733579686,7.835697e-06
160.923,0.0,137.9217082783025,7.930488e-06
160.923,0.0,137.9212987412097,8.039919e-06
160.923,0.0,137.92089764103625,7.62305e-06
160.923,0.0,137.9204973502991,7.424911e-06
160.923,0.0,137.92005721127663,7.406008e-06
160.923,0.0,137.91963548722327,7.543902e-06
160.923,0.0,137.91922030306694,7.42737e-06
160.923,0.0,137.91881331504086,7.355309e-06
160.923,0.0,137.91836984956606,7.579947e-06
160.923,0.0,137.9179707439525,7.71854e-06
160.923,0.0,137.9175600772859,7.732597e-06
160.923,0.0,137.9171467932492,7.666211e-06
160.923,0.0,137.9167323811565,7.689523e-06
160.923,0.0,137.916293547418,7.81432e-06
160.923,0.0,137.91589477735982,7.590425e-06
160.923,0.0,137.9154939810822,7.989991e-06
160.923,0.0,137.91505691426255,7.751121e-06
160.923,0.0,137.91463480472493,7.784707e-06
160.923,0.0,137.91420729856904,7.976312e-06
160.923,0.0,137.91381543013202,7.950308e-06
160.923,0.0,137.9133684277589,7.83526e-06
160.923,0.0,137.91297618192854,7.670154e-06
160.923,0.0,137.91253891067112,7.995433e-06
160.923,0.0,137.91212201277838,8.052084e-06
160.923,0.0,137.91170659081075,8.050134e-06
160.923,0.0,137.9112985378698,8.056406e-06
160.923,0.0,137.9108622964354,8.11294e-06
160.923,0.0,137.91046538114912,7.788374e-06
160.923,0.0,137.9100257827211,7.9288e-06
160.923,0.0,137.90960725264296,7.898518e-06
160.923,0.0,137.90919205216494,7.714829e-06
160.923,0.0,137.90878434834605,7.897761e-06
160.923,0.0,137.9083643990666,7.664581e-06
160.923,0.0,137.90793974790336,7.447903e-06
160.923,0.0,137.9075363134812,7.721464e-06
160.923,0.0,137.9071256442343,7.556766e-06
160.923,0.0,137.9067026973101,7.329363e-06
160.923,0.0,137.9062619272321,7.604889e-06
160.923,0.0,137.90586005108,7.548893e-06
160.923,0.0,137.9054587767308,7.300681e-06
160.923,0.0,137.90502070050886,7.59853e-06
160.923,0.0,137.90460506943245,7.629278e-06
160.923,0.0,137.90419413934842,7.430048e-06
160.923,0.0,137.90378111752287,7.490293e-06
160.923,0.0,137.90333996121723,7.299343e-06
160.923,0.0,137.90293657165054,7.421258e-06
160.923,0.0,137.90250625544965,7.133334e-06
160.923,0.0,137.90208170133403,6.881382e-06
160.923,0.0,137.9016644718656,6.790026e-06
160.923,0.0,137.90122770298862,6.416332e-06
160.923,0.0,137.90082045635998,7.130482e-06
160.923,0.0,137.9004166798965,6.817339e-06
160.923,0.0,137.90001300095437,6.825328e-06
160.923,0.0,137.89957220938055,7.163064e-06
160.923,0.0,137.8991497846124,6.91654e-06
160.923,0.0,137.89873517230438,7.350667e-06
160.923,0.0,137.898330525976,7.473936e-06
160.923,0.0,137.89792848658877,7.520619e-06
160.923,0.0,137.89749024421866,7.690731e-06
160.923,0.0,137.89707671816834,7.70812e-06
160.923,0.0,137.8966601721246,7.928291e-06
160.923,0.0,137.8962438604126,7.507188e-06
160.923,0.0,137.89584023471207,7.736759e-06
160.923,0.0,137.89542391967098,7.361086e-06
160.923,0.0,137.89499788591414,7.379582e-06
160.923,0.0,137.89458374721283,6.709597e-06
160.923,0.0,137.8941718054027,7.01884e-06
160.923,0.0,137.89372458888687,7.249706e-06
160.923,0.0,137.8933170803823,6.465008e-06
160.923,0.0,137.89291438281052,6.867296e-06
160.923,0.0,137.89247372382948,6.328599e-06
160.923,0.0,137.89206651069796,6.774688e-06
160.923,0.0,137.89165121055026,7.079769e-06
160.923,0.0,137.8912333731936,6.867442e-06
160.923,0.0,137.8907958259726,7.503535e-06
160.923,0.0,137.89039392689807,7.460359e-06
160.923,0.0,137.8899931031738,7.599665e-06
160.923,0.0,137.88955253450763,7.637092e-06
160.923,0.0,137.88913474363304,7.343566e-06
160.923,0.0,137.88872543824266,7.375944e-06
160.923,0.0,137.88831767727225,7.709968e-06
160.923,0.0,137.88788162369545,7.704963e-06
160.923,0.0,137.88748093421907,7.649243e-06
160.923,0.0,137.8870443694268,7.245937e-06
160.923,0.0,137.88662691599785,6.687464e-06
160.923,0.0,137.8862136189422,7.351162e-06
160.923,0.0,137.885808444267,6.869159e-06
160.923,0.0,137.8853673776167,7.764465e-06
160.923,0.0,137.8849669053938,7.171824e-06
160.923,0.0,137.8845558112777,7.518407e-06
160.923,0.0,137.88412571523398,7.389157e-06
160.923,0.0,137.8836961954256,6.871793e-06
160.923,0.0,137.8832860124604,7.580005e-06
160.923,0.0,137.88286080840305,7.516981e-06
160.923,0.0,137.88244585458145,7.621769e-06
160.923,0.0,137.88204157258576,7.239592e-06
160.923,0.0,137.8815973015202,7.23594e-06
160.923,0.0,137.88118412014697,7.06951e-06
160.923,0.0,137.88077064518828,7.499359e-06
160.923,0.0,137.88034645209058,7.295777e-06
160.923,0.0,137.8799335687679,7.81985e-06
160.923,0.0,137.8795305878903,7.147741e-06
160.923,0.0,137.8790850020197,7.311202e-06
160.923,0.0,137.87867491149154,7.239563e-06
160.923,0.0,137.87826344349457,7.034585e-06
160.923,0.0,137.8778647298262,7.643015e-06
160.923,0.0,137.87742472096454,7.370487e-06
160.923,0.0,137.8770243128452,7.771407e-06
160.923,0.0,137.87660967391938,7.70668e-06
160.923,0.0,137.8761862432776,7.673545e-06
160.923,0.0,137.8757505848372,7.749724e-06
160.923,0.0,137.87534945829816,7.484196e-06
160.923,0.0,137.87495024711683,8.005314e-06
160.923,0.0,137.87454368954258,7.612805e-06
160.923,0.0,137.87410749876435,7.535229e-06
160.923,0.0,137.87368108939785,7.472292e-06
160.923,0.0,137.87327009635285,7.822484e-06
160.923,0.0,137.87283056011805,7.529976e-06
160.923,0.0,137.8724292405485,7.786715e-06
160.923,0.0,137.8720252399791,7.307273e-06
160.923,0.0,137.8715867548315,6.415416e-06
160.923,0.0,137.87115990301623,6.915317e-06
160.923,0.0,137.87074661417884,6.598784e-06
160.923,0.0,137.87034620893445,6.70446e-06
160.923,0.0,137.86990552023903,6.341608e-06
160.923,0.0,137.86951061552142,6.374408e-06
160.923,0.0,137.86909611508028,6.880815e-06
160.923,0.0,137.8686486136737,6.49612e-06
160.923,0.0,137.86823387557283,6.580012e-06
160.923,0.0,137.86783040540723,6.396716e-06
160.923,0.0,137.86738324347047,7.01948e-06
160.923,0.0,137.8669939505074,7.268434e-06
160.923,0.0,137.86658037961715,7.017297e-06
160.923,0.0,137.86615944971913,7.012393e-06
160.923,0.0,137.86571923882155,6.836694e-06
160.923,0.0,137.86531147477504,7.463212e-06
160.923,0.0,137.86491287165177,7.11302e-06
160.923,0.0,137.86447504474995,7.254348e-06
160.923,0.0,137.86406462646195,7.396069e-06
160.923,0.0,137.8636507418867,6.867485e-06
160.923,0.0,137.86319389503012,7.357885e-06
160.923,0.0,137.86279913687446,7.42104e-06
160.923,0.0,137.8623987872081,6.936709e-06
160.923,0.0,137.8619591042568,6.505637e-06
160.923,0.0,137.86155341559734,5.457463e-06
160.923,0.0,137.861121764841,5.617054e-06
160.923,0.0,137.8606945050073,6.921022e-06
160.923,0.0,137.8602835197752,7.042574e-06
160.923,0.0,137.85988560231584,7.333307e-06
160.923,0.0,137.85944360392782,7.004695e-06
160.923,0.0,137.85903985090658,7.264622e-06
160.923,0.0,137.85862649091928,7.075403e-06
160.923,0.0,137.85821233396757,7.380397e-06
160.923,0.0,137.8577670500602,6.984643e-06
160.923,0.0,137.85735453126915,6.77738e-06
160.923,0.0,137.8569634798862,7.345341e-06
160.923,0.0,137.8565561666508,7.088136e-06
160.923,0.0,137.8561270940067,7.379858e-06
160.923,0.0,137.85569667061034,7.351075e-06
160.923,0.0,137.85528563068218,7.064416e-06
160.923,0.0,137.85488929379437,7.26436e-06
160.923,0.0,137.8544510947157,7.13834e-06
160.923,0.0,137.8540438375197,7.414143e-06
160.923,0.0,137.8536301330327,7.303694e-06
160.923,0.0,137.85320764755357,7.245588e-06
160.923,0.0,137.85276642167716,7.395982e-06
160.923,0.0,137.85236607454667,7.187293e-06
160.923,0.0,137.85192365745502,7.231982e-06
160.923,0.0,137.85152221779362,7.319162e-06
160.923,0.0,137.85110360969682,7.585084e-06
160.923,0.0,137.85069481953303,7.604351e-06
160.923,0.0,137.8502816570737,7.415467e-06
160.923,0.0,137.84984495895407,7.617695e-06
160.923,0.0,137.8494302667453,7.319686e-06
160.923,0.0,137.84904000174046,7.388488e-06
160.923,0.0,137.8485927889078,7.521478e-06
160.923,0.0,137.84817779934235,7.667899e-06
160.923,0.0,137.84776331618878,7.801573e-06
160.923,0.0,137.84733889735475,7.862443e-06
160.923,0.0,137.84692410389556,8.059258e-06
160.923,0.0,137.84652310063893,7.962444e-06
160.923,0.0,137.84608906233478,7.870301e-06
160.923,0.0,137.8456635470192,7.4946e-06
160.923,0.0,137.84524838505038,7.257971e-06
160.923,0.0,137.8448463384277,7.315612e-06
160.923,0.0,137.84441255176964,7.248746e-06
160.923,0.0,137.8440111749959,6.945702e-06
160.923,0.0,137.8435962571472,7.124938e-06
160.923,0.0,137.84316917832447,7.011389e-06
160.923,0.0,137.8427350462099,7.436101e-06
160.923,0.0,137.84232844113302,7.065421e-06
160.923,0.0,137.8418795294583,7.175709e-06
160.923,0.0,137.8414868717596,6.91606e-06
160.923,0.0,137.84107797880336,6.982111e-06
160.923,0.0,137.84063359197782,7.006834e-06
160.923,0.0,137.84021949987604,7.049865e-06
160.923,0.0,137.83981181703484,7.268041e-06
160.923,0.0,137.8394101572336,6.564413e-06
160.923,0.0,137.83897496733078,6.872404e-06
160.923,0.0,137.83856733655287,6.615388e-06
160.923,0.0,137.8381422258271,6.545495e-06
160.923,0.0,137.83771271650392,6.798393e-06
160.923,0.0,137.83730624957295,7.194176e-06
160.923,0.0,137.836902544935,7.179333e-06
160.923,0.0,137.83650588539348,7.052906e-06
160.923,0.0,137.83605527823175,6.696981e-06
160.923,0.0,137.83564831668102,7.386858e-06
160.923,0.0,137.83522946174892,6.975912e-06
160.923,0.0,137.83479201987856,7.424955e-06
160.923,0.0,137.83439193988147,6.685324e-06
160.923,0.0,137.83399120409737,7.170456e-06
160.923,0.0,137.83355386313352,6.592614e-06
160.923,0.0,137.83313487775226,6.87888e-06
160.923,0.0,137.8327198741914,6.813192e-06
160.923,0.0,137.8322782473307,6.822796e-06
160.923,0.0,137.831865236644,6.998613e-06
160.923,0.0,137.83147428386587,6.670263e-06
160.923,0.0,137.8310174415751,7.211725e-06
160.923,0.0,137.8306190639237,7.119248e-06
160.923,0.0,137.83020734275956,7.537878e-06
160.923,0.0,137.82980081431526,7.013208e-06
160.923,0.0,137.8293613352556,7.173774e-06
160.923,0.0,137.8289588325603,6.667164e-06
160.923,0.0,137.82855150257245,6.624308e-06
160.923,0.0,137.82811768388115,6.446266e-06
160.923,0.0,137.82769123420698,6.422997e-06
160.923,0.0,137.8272790886124,5.609865e-06
160.923,0.0,137.82687201108007,4.963164e-06
160.923,0.0,137.82644202074565,5.984504e-06
160.923,0.0,137.82603665118143,6.735121e-06
160.923,0.0,137.8256078583187,6.689428e-06
160.923,0.0,137.82517934463337,7.060793e-06
160.923,0.0,137.82476554675057,6.907751e-06
160.923,0.0,137.8243642092146,7.194598e-06
160.923,0.0,137.82396229712762,7.070834e-06
160.923,0.0,137.82352158613102,6.701157e-06
160.923,0.0,137.82310624161295,6.32694e-06
160.923,0.0,137.82267354169838,6.391565e-06
160.923,0.0,137.82224305653756,6.772199e-06
160.923,0.0,137.82184193882793,6.928225e-06
160.923,0.0,137.82142910376976,7.110735e-06
160.923,0.0,137.82100256747248,6.973583e-06
160.923,0.0,137.82058744542445,7.045484e-06
160.923,0.0,137.82017162312636,6.938557e-06
160.923,0.0,137.81975737575652,6.592643e-06
160.923,0.0,137.81931773093783,6.690592e-06
160.923,0.0,137.81891820663975,6.784132e-06
160.923,0.0,137.81851500434556,7.237744e-06
160.923,0.0,137.8181004423572,6.92856e-06
160.923,0.0,137.81764423799402,7.2127e-06
160.923,0.0,137.8172381839548,7.325682e-06
160.923,0.0,137.81683371762082,7.529641e-06
160.923,0.0,137.81642431885894,7.03361e-06
160.923,0.0,137.8159975780112,6.844755e-06
160.923,0.0,137.81560179349793,6.587376e-06
160.923,0.0,137.815157289172,7.003066e-06
160.923,0.0,137.81475001558732,6.620408e-06
160.923,0.0,137.81431952380703,6.824223e-06
160.923,0.0,137.81394033091874,6.571456e-06
160.923,0.0,137.8135094543772,6.879578e-06
160.923,0.0,137.81307564075476,7.006034e-06
160.923,0.0,137.812675466682,6.972085e-06
160.923,0.0,137.81223432798205,7.091541e-06
160.923,0.0,137.81179902311666,6.935486e-06
160.923,0.0,137.81141921583352,6.937044e-06
160.923,0.0,137.81099218716489,7.130453e-06
160.923,0.0,137.81057967270104,6.753806e-06
160.923,0.0,137.8101472667814,6.749324e-06
160.923,0.0,137.80971233299024,6.365415e-06
160.923,0.0,137.8093091895879,6.425966e-06
160.923,0.0,137.8088947541544,6.427232e-06
160.923,0.0,137.80850484421623,6.081202e-06
160.923,0.0,137.80806449278842,6.663351e-06
160.923,0.0,137.80763022317296,6.410322e-06
160.923,0.0,137.80722963398787,6.831804e-06
160.923,0.0,137.80679308217458,6.293049e-06
160.923,0.0,137.8063867652343,6.300397e-06
160.923,0.0,137.80598585175636,6.286573e-06
160.923,0.0,137.80555016278174,6.84816e-06
160.923,0.0,137.80514648064437,6.916176e-06
160.923,0.0,137.80470548600465,6.766088e-06
160.923,0.0,137.80430288315188,6.753078e-06
160.923,0.0,137.80387931984615,6.6832e-06
160.923,0.0,137.80345656088693,6.766801e-06
160.923,0.0,137.80305793136958,6.581715e-06
160.923,0.0,137.80261835161122,6.865957e-06
160.923,0.0,137.80218963205797,6.165559e-06
160.923,0.0,137.80177838733837,6.783637e-06
160.923,0.0,137.80136951885476,6.166039e-06
160.923,0.0,137.80095585025586,6.102753e-06
160.923,0.0,137.8005317274911,6.173897e-06
160.923,0.0,137.80011162304757,5.916547e-06
160.923,0.0,137.79968340620943,6.146074e-06
160.923,0.0,137.79927826494313,6.296628e-06
160.923,0.0,137.79884741186677,6.227143e-06
160.923,0.0,137.7984430503128,6.49695e-06
160.923,0.0,137.79802684902032,6.517337e-06
160.923,0.0,137.79762349233107,6.95161e-06
160.923,0.0,137.79718406116018,6.931063e-06
160.923,0.0,137.79677986029253,6.847127e-06
160.923,0.0,137.79635068760334,6.57585e-06
160.923,0.0,137.79596359742615,6.331349e-06
160.923,0.0,137.79553059255355,6.155722e-06
160.923,0.0,137.79512782456362,6.423506e-06
160.923,0.0,137.7946847234792,6.182585e-06
160.923,0.0,137.79427974572297,6.229966e-06
160.923,0.0,137.7938515083552,6.219809e-06
160.923,0.0,137.79346744441443,6.117858e-06
160.923,0.0,137.7930348744199,6.476534e-06
160.923,0.0,137.79259417990164,6.125658e-06
160.923,0.0,137.79218951605256,6.07947e-06
160.923,0.0,137.79174573655047,5.785565e-06
160.923,0.0,137.79134477610987,5.659153e-06
160.923,0.0,137.7909330745051,5.891736e-06
160.923,0.0,137.79050538722666,5.715847e-06
160.923,0.0,137.79010438381232,6.075556e-06
160.923,0.0,137.78966194916615,5.931841e-06
160.923,0.0,137.7892629229049,5.873386e-06
160.923,0.0,137.78883249608714,5.787602e-06
160.923,0.0,137.78841703084194,6.212285e-06
160.923,0.0,137.7880165680059,6.093134e-06
160.923,0.0,137.78757745529813,6.255112e-06
160.923,0.0,137.7871747060883,6.380651e-06
160.923,0.0,137.78673604611228,6.629838e-06
160.923,0.0,137.78633588705625,6.14929e-06
160.923,0.0,137.7859184597739,6.579576e-06
160.923,0.0,137.7854898315402,5.980066e-06
160.923,0.0,137.7850853153309,6.416318e-06
160.923,0.0,137.784656214598,5.640875e-06
160.923,0.0,137.78423646049728,5.876544e-06
160.923,0.0,137.78383280347057,5.710346e-06
160.923,0.0,137.78341390976192,5.103677e-06
160.923,0.0,137.7829858385107,5.533147e-06
160.923,0.0,137.7825527164361,5.533278e-06
160.923,0.0,137.78215388337375,5.748268e-06
160.923,0.0,137.78171382153917,5.657741e-06
160.923,0.0,137.78126768908615,5.591006e-06
160.923,0.0,137.78088407961187,5.666079e-06
160.923,0.0,137.7804766230804,5.593829e-06
160.923,0.0,137.78002913120372,5.914597e-06
160.923,0.0,137.7796105623544,5.452224e-06
160.923,0.0,137.77921685341175,5.835391e-06
160.923,0.0,137.77877799266494,5.684124e-06
160.923,0.0,137.77839314175515,5.927723e-06
160.923,0.0,137.7779654427819,6.024027e-06
160.923,0.0,137.77756331835306,6.025366e-06
160.923,0.0,137.77713627168376,6.059592e-06
160.923,0.0,137.77670528939464,6.094575e-06
160.923,0.0,137.77630461140274,6.289643e-06
160.923,0.0,137.77587533412253,6.365954e-06
160.923,0.0,137.77549356394934,6.493021e-06
160.923,0.0,137.77505475624625,6.07394e-06
160.923,0.0,137.7746328319113,6.223025e-06
160.923,0.0,137.77421598334075,6.163391e-06
160.923,0.0,137.77377441922272,6.365633e-06
160.923,0.0,137.77338792690333,6.239672e-06
160.923,0.0,137.7729552803516,6.137634e-06
160.923,0.0,137.77255139018547,5.932161e-06
160.923,0.0,137.7721146834381,5.691531e-06
160.923,0.0,137.7716985562757,5.84354e-06
160.923,0.0,137.7712747345438,5.701979e-06
160.923,0.0,137.77084772318426,5.915703e-06
160.923,0.0,137.77046856928922,5.746697e-06
160.923,0.0,137.77003323375803,5.437847e-06
160.923,0.0,137.76958819603826,5.126582e-06
160.923,0.0,137.76919520783784,5.194102e-06
160.923,0.0,137.76875487692757,4.785339e-06
160.923,0.0,137.76836613675306,4.769638e-06
160.923,0.0,137.76794216423465,4.863236e-06
160.923,0.0,137.76751425309766,4.9589e-06
160.923,0.0,137.7671094547914,5.01085e-06
160.923,0.0,137.76667842438746,4.830741e-06
160.923,0.0,137.76626643517505,4.829126e-06
160.923,0.0,137.76583745256966,4.649482e-06
160.923,0.0,137.76545062419768,4.850517e-06
160.923,0.0,137.7650194252693,4.841306e-06
160.923,0.0,137.76461410990052,4.90839e-06
160.923,0.0,137.76417154637838,5.100141e-06
160.923,0.0,137.76376904351034,5.203779e-06
160.923,0.0,137.763346392797,5.23054e-06
160.923,0.0,137.76290398015874,5.237453e-06
160.923,0.0,137.76249080924822,4.904359e-06
160.923,0.0,137.762088851554,5.041846e-06
160.923,0.0,137.7616513320475,5.048641e-06
160.923,0.0,137.76124714801014,5.576658e-06
160.923,0.0,137.76081598340235,5.267051e-06
160.923,0.0,137.76040280917675,5.440394e-06
160.923,0.0,137.75999870746435,5.160211e-06
160.923,0.0,137.75955876713414,5.061025e-06
160.923,0.0,137.75915427325717,4.838163e-06
160.923,0.0,137.7587180005073,5.672715e-06
160.923,0.0,137.7583188727879,5.768467e-06
160.923,0.0,137.75791030250886,5.782902e-06
160.923,0.0,137.75750984643537,5.887137e-06
160.923,0.0,137.7570686806682,5.745154e-06
160.923,0.0,137.75666467500668,5.775248e-06
160.923,0.0,137.75622567361876,5.628724e-06
160.923,0.0,137.75582827350314,6.009504e-06
160.923,0.0,137.7554151798175,5.74447e-06
160.923,0.0,137.7549908945763,5.86611e-06
160.923,0.0,137.75458715259788,5.99878e-06
160.923,0.0,137.7541444394586,6.109578e-06
160.923,0.0,137.7537396607823,6.131377e-06
160.923,0.0,137.75330893766616,5.935653e-06
160.923,0.0,137.75288475358337,6.025875e-06
160.923,0.0,137.75246789469045,6.029892e-06
160.923,0.0,137.7520527273822,5.635418e-06
160.923,0.0,137.75162895625036,6.054994e-06
160.923,0.0,137.75123057564892,6.166709e-06
160.923,0.0,137.75080379573623,6.230621e-06
160.923,0.0,137.75037510744733,6.480026e-06
160.923,0.0,137.749988808426,6.07023e-06
160.923,0.0,137.74955274056734,6.403672e-06
160.923,0.0,137.74913279070688,5.849841e-06
160.923,0.0,137.7487120364183,6.033748e-06
160.923,0.0,137.74828216765735,5.821101e-06
160.923,0.0,137.74788207235602,5.945767e-06
160.923,0.0,137.74747610187603,5.883689e-06
160.923,0.0,137.74703717452553,5.67091e-06
160.923,0.0,137.74663056394016,5.607988e-06
160.923,0.0,137.74619588179985,5.238631e-06
160.923,0.0,137.74578461708208,5.402166e-06
160.923,0.0,137.745379072522,5.453883e-06
160.923,0.0,137.74497126717316,5.677881e-06
160.923,0.0,137.74453320047866,5.973154e-06
160.923,0.0,137.7441346232343,6.043891e-06
160.923,0.0,137.7436971637396,6.163929e-06
160.923,0.0,137.74325387146976,6.006318e-06
160.923,0.0,137.74286957897297,6.07087e-06
160.923,0.0,137.7424407472194,6.191869e-06
160.923,0.0,137.74201512587356,6.147005e-06
160.923,0.0,137.7416023997526,6.137241e-06
160.923,0.0,137.74116635645,5.978116e-06
160.923,0.0,137.74076053107112,6.091301e-06
160.923,0.0,137.74032701788124,6.073606e-06
160.923,0.0,137.73994795996194,5.658483e-06
160.923,0.0,137.73951907076744,5.684662e-06
160.923,0.0,137.73908274787507,5.719165e-06
160.923,0.0,137.738682411365,6.212373e-06
160.923,0.0,137.73824619793857,5.907685e-06
160.923,0.0,137.73784257457808,6.194648e-06
160.923,0.0,137.73743093453163,5.971844e-06
160.923,0.0,137.73700482991663,6.059199e-06
160.923,0.0,137.73660605875185,5.958238e-06
160.923,0.0,137.7361651287617,5.63926e-06
160.923,0.0,137.73576145431835,5.728405e-06
160.923,0.0,137.73533515182058,5.525057e-06
160.923,0.0,137.7349473807656,5.673035e-06
160.923,0.0,137.73451664184347,5.672424e-06
160.923,0.0,137.73411343599957,5.897324e-06
160.923,0.0,137.73367042522014,6.050643e-06
160.923,0.0,137.73326551560012,5.928232e-06
160.923,0.0,137.73284601545055,5.885013e-06
160.923,0.0,137.7324035454813,6.033326e-06
160.923,0.0,137.73198745328355,6.192233e-06
160.923,0.0,137.73157314644664,6.296235e-06
160.923,0.0,137.73114833237588,6.238479e-06
160.923,0.0,137.73074430201115,6.370872e-06
160.923,0.0,137.73030958171145,6.053131e-06
160.923,0.0,137.72990775421582,6.311748e-06
160.923,0.0,137.72949148768953,6.006623e-06
160.923,0.0,137.72908163023072,6.565198e-06
160.923,0.0,137.72865352413814,6.120405e-06
160.923,0.0,137.72821757244327,6.470451e-06
160.923,0.0,137.7278155268619,6.336559e-06
160.923,0.0,137.7273774180119,6.393035e-06
160.923,0.0,137.72697992852957,6.309827e-06
160.923,0.0,137.72656911482716,6.472314e-06
160.923,0.0,137.72614812734403,6.525326e-06
160.923,0.0,137.72571386445046,6.462491e-06
160.923,0.0,137.72531669028587,6.37288e-06
160.923,0.0,137.7248855007321,6.347691e-06
160.923,0.0,137.72449732256229,6.621936e-06
160.923,0.0,137.72406000341394,6.512331e-06
160.923,0.0,137.7236233874521,6.162547e-06
160.923,0.0,137.72322668248026,6.22026e-06
160.923,0.0,137.72279326285204,6.126589e-06
160.923,0.0,137.7223623804768,6.361544e-06
160.923,0.0,137.72194752300936,6.159476e-06
160.923,0.0,137.72154661146152,6.549919e-06
160.923,0.0,137.72110738291687,6.180839e-06
160.923,0.0,137.72070535606042,6.66923e-06
160.923,0.0,137.72026605356274,5.862647e-06
160.923,0.0,137.71985378222342,6.327144e-06
160.923,0.0,137.7194486144725,5.766706e-06
160.923,0.0,137.71902117163012,6.351707e-06
160.923,0.0,137.7186102006002,6.27579e-06
160.923,0.0,137.71819106374318,6.554052e-06
160.923,0.0,137.71778638714426,6.339731e-06
160.923,0.0,137.71735810979476,6.421105e-06
160.923,0.0,137.71697082513364,6.058326e-06
160.923,0.0,137.71654695940236,6.273855e-06
160.923,0.0,137.71610966274133,6.210277e-06
160.923,0.0,137.71571247577603,6.521688e-06
160.923,0.0,137.71528277080446,6.651797e-06
160.923,0.0,137.71486324062874,6.619666e-06
160.923,0.0,137.71444859237226,6.431277e-06
160.923,0.0,137.71405037285996,6.374903e-06
160.923,0.0,137.71361307771923,6.361151e-06
160.923,0.0,137.71317700674896,6.489077e-06
160.923,0.0,137.7127603181895,6.432238e-06
160.923,0.0,137.71235450583123,6.403381e-06
160.923,0.0,137.71192515806771,6.226503e-06
160.923,0.0,137.71153170558318,6.452319e-06
160.923,0.0,137.71109286049108,6.028611e-06
160.923,0.0,137.7106693328462,5.947033e-06
160.923,0.0,137.7102554445816,5.820824e-06
160.923,0.0,137.70982393088684,5.925525e-06
160.923,0.0,137.70944000362957,6.119357e-06
160.923,0.0,137.7090096124521,6.583214e-06
160.923,0.0,137.70860482683287,6.432136e-06
160.923,0.0,137.708164759846,6.325878e-06
160.923,0.0,137.7077316414516,5.815746e-06
160.923,0.0,137.70734129985894,6.014961e-06
160.923,0.0,137.70691381846535,6.351416e-06
160.923,0.0,137.70652711594795,6.581962e-06
160.923,0.0,137.70608957586452,6.597882e-06
160.923,0.0,137.7056646614965,6.657123e-06
160.923,0.0,137.7052505813579,6.630478e-06
160.923,0.0,137.7048188132877,6.796356e-06
160.923,0.0,137.70443349282533,6.585586e-06
160.923,0.0,137.70400247648303,6.880306e-06
160.923,0.0,137.70358865907326,6.635848e-06
160.923,0.0,137.70314982195876,6.950082e-06
160.923,0.0,137.70272171575883,6.600618e-06
160.923,0.0,137.70228834351218,7.110342e-06
160.923,0.0,137.70190514834786,6.393777e-06
160.923,0.0,137.7014735682153,7.157651e-06
160.923,0.0,137.70106377170228,6.578688e-06
160.923,0.0,137.7006301521544,6.952527e-06
160.923,0.0,137.7002261299013,6.673406e-06
160.923,0.0,137.699793486105,6.873364e-06
160.923,0.0,137.6993844912056,6.988732e-06
160.923,0.0,137.69897522537568,6.899048e-06
160.923,0.0,137.69856699154195,6.838542e-06
160.923,0.0,137.69813312322464,6.785995e-06
160.923,0.0,137.69772877451078,6.356553e-06
160.923,0.0,137.6972942195208,6.5559e-06
160.923,0.0,137.69688370185906,6.537113e-06
160.923,0.0,137.69647365870966,6.54356e-06
160.923,0.0,137.69604304155268,6.678529e-06
160.923,0.0,137.69564064676212,6.478789e-06
160.923,0.0,137.6952060841651,6.996095e-06
160.923,0.0,137.6948045558577,6.563889e-06
160.923,0.0,137.6943942130578,6.539733e-06
160.923,0.0,137.69398687619912,6.743518e-06
160.923,0.0,137.69354935112716,6.677248e-06
160.923,0.0,137.69314543427868,7.096096e-06
160.923,0.0,137.69270863076218,6.674396e-06
160.923,0.0,137.6922779175274,6.542643e-06
160.923,0.0,137.69187404692275,6.885006e-06
160.923,0.0,137.69146788011093,6.823495e-06
160.923,0.0,137.69103297070035,7.206138e-06
160.923,0.0,137.69063045302838,7.262948e-06
160.923,0.0,137.6901771432409,7.286711e-06
160.923,0.0,137.68978971927743,7.028037e-06
160.923,0.0,137.68936610507967,7.379364e-06
160.923,0.0,137.68894156657817,6.988732e-06
160.923,0.0,137.68854302099876,7.035458e-06
160.923,0.0,137.6880920940895,7.326074e-06
160.923,0.0,137.68767839502652,7.02597e-06
160.923,0.0,137.68726456329043,7.282375e-06
160.923,0.0,137.68686573500213,7.334573e-06
160.923,0.0,137.686428108367,7.071387e-06
160.923,0.0,137.68602814008574,7.602066e-06
160.923,0.0,137.6856132433355,7.496754e-06
160.923,0.0,137.68517654607282,7.381124e-06
160.923,0.0,137.68477049108066,7.547409e-06
160.923,0.0,137.68434548687839,7.498005e-06
160.923,0.0,137.683927423004,7.811352e-06
160.923,0.0,137.6835235348612,7.423441e-06
160.923,0.0,137.6830863331477,7.421244e-06
160.923,0.0,137.68268354446116,7.049108e-06
160.923,0.0,137.68224182177457,6.828457e-06
160.923,0.0,137.68181497858777,7.293827e-06
160.923,0.0,137.6814024237896,6.979448e-06
160.923,0.0,137.68099805045574,6.739749e-06
160.923,0.0,137.68058347486505,7.04969e-06
160.923,0.0,137.6801521802366,6.675182e-06
160.923,0.0,137.67974863481507,6.976552e-06
160.923,0.0,137.67931915043192,7.473165e-06
160.923,0.0,137.6789057698574,7.177543e-06
160.923,0.0,137.67850401455692,7.486349e-06
160.923,0.0,137.67808469056249,7.406998e-06
160.923,0.0,137.67764441729236,7.534909e-06
160.923,0.0,137.67724262702907,7.621289e-06
160.923,0.0,137.6768379127551,7.601906e-06
160.923,0.0,137.67642489931706,7.572075e-06
160.923,0.0,137.67599779319218,7.423165e-06
160.923,0.0,137.67558432944176,7.062306e-06
160.923,0.0,137.67515318968324,7.155119e-06
160.923,0.0,137.67474786622756,7.396404e-06
160.923,0.0,137.67431961359284,7.439347e-06
160.923,0.0,137.6739069250606,7.381503e-06
160.923,0.0,137.67350508486143,6.980641e-06
160.923,0.0,137.67306798391974,6.593589e-06
160.923,0.0,137.67263619646553,6.852439e-06
160.923,0.0,137.67222138675098,6.102375e-06
160.923,0.0,137.67181633929928,6.085145e-06
160.923,0.0,137.67138173930968,6.145026e-06
160.923,0.0,137.67097189112997,6.81392e-06
160.923,0.0,137.67056934305552,7.14323e-06
160.923,0.0,137.67012888631496,7.122115e-06
160.923,0.0,137.66971138726987,7.047231e-06
160.923,0.0,137.66928957884085,7.034992e-06
160.923,0.0,137.66888024622043,7.135241e-06
160.923,0.0,137.66847317923222,6.838716e-06
160.923,0.0,137.66806468629088,6.999369e-06
160.923,0.0,137.66763309174746,7.145019e-06
160.923,0.0,137.66720135126275,7.193332e-06
160.923,0.0,137.66679880214704,7.167851e-06
160.923,0.0,137.66638887407944,7.425057e-06
160.923,0.0,137.66598074628874,7.415802e-06
160.923,0.0,137.66554988677075,7.285184e-06
160.923,0.0,137.66513028133198,7.196562e-06
160.923,0.0,137.66470728119222,7.309194e-06
160.923,0.0,137.66430489640624,7.39604e-06
160.923,0.0,137.66388576467065,7.461655e-06
160.923,0.0,137.66345541255183,6.998482e-06
160.923,0.0,137.6630289843519,6.696646e-06
160.923,0.0,137.66259256200107,7.050199e-06
160.923,0.0,137.66219359834062,7.261158e-06
160.923,0.0,137.66175192812523,6.918301e-06
160.923,0.0,137.66134855532957,6.773756e-06
160.923,0.0,137.66092320384203,7.129143e-06
160.923,0.0,137.66050680089654,6.99026e-06
160.923,0.0,137.6601045824058,6.802438e-06
160.923,0.0,137.6596652894267,6.84429e-06
160.923,0.0,137.65926282198689,7.079798e-06
160.923,0.0,137.65883377311016,7.218026e-06
160.923,0.0,137.65844904465686,7.545226e-06
160.923,0.0,137.6580167373793,7.663504e-06
160.923,0.0,137.65758685754201,7.469003e-06
160.923,0.0,137.65718631697095,7.320472e-06
160.923,0.0,137.65673300747898,7.301351e-06
160.923,0.0,137.65636070794235,7.624025e-06
160.923,0.0,137.65592981798073,7.6133e-06
160.923,0.0,137.65553232820946,7.460258e-06
160.923,0.0,137.65509006053642,7.244482e-06
160.923,0.0,137.6546727726313,7.556489e-06
160.923,0.0,137.6542571559963,7.436887e-06
160.923,0.0,137.65383971702934,7.413226e-06
160.923,0.0,137.65344321337687,7.318129e-06
160.923,0.0,137.65301195448924,7.314578e-06
160.923,0.0,137.6525758747722,7.046154e-06
160.923,0.0,137.6521723042112,7.480718e-06
160.923,0.0,137.65173242531628,7.333219e-06
160.923,0.0,137.65133892856304,7.232389e-06
160.923,0.0,137.6509167126937,7.257244e-06
160.923,0.0,137.65048678886103,7.288836e-06
160.923,0.0,137.65008152651873,6.990347e-06
160.923,0.0,137.64964359718368,6.821239e-06
160.923,0.0,137.6492404255489,7.002469e-06
160.923,0.0,137.6488062968767,7.110561e-06
160.923,0.0,137.64842130031914,6.914255e-06
160.923,0.0,137.64798876444985,6.812494e-06
160.923,0.0,137.64757750449542,6.605376e-06
160.923,0.0,137.64714643592694,6.782109e-06
160.923,0.0,137.64673985755485,7.071867e-06
160.923,0.0,137.64630432067892,6.9956e-06
160.923,0.0,137.64591702043987,7.15733e-06
160.923,0.0,137.64548793028868,7.224167e-06
160.923,0.0,137.6450759076879,7.304116e-06
160.923,0.0,137.64464445222592,7.248091e-06
160.923,0.0,137.6442240505418,7.395647e-06
160.923,0.0,137.64380838799042,7.419367e-06
160.923,0.0,137.64337695900554,7.376511e-06
160.923,0.0,137.6429870642551,7.185197e-06
160.923,0.0,137.64254993994788,7.197741e-06
160.923,0.0,137.6421267437465,7.687777e-06
160.923,0.0,137.64170689051156,7.726223e-06
160.923,0.0,137.64127227722568,7.61087e-06
160.923,0.0,137.64086627636465,7.703638e-06
160.923,0.0,137.64045400419172,8.126095e-06
160.923,0.0,137.64005160679312,8.014889e-06
160.923,0.0,137.63961629172795,8.006187e-06
160.923,0.0,137.639216389894,8.037707e-06
160.923,0.0,137.63877856918015,8.064948e-06
160.923,0.0,137.6383720186601,7.926545e-06
160.923,0.0,137.63796545921784,7.590541e-06
160.923,0.0,137.6375341183473,7.984956e-06
160.923,0.0,137.6371350224725,7.52788e-06
160.923,0.0,137.6366938214096,7.527939e-06
160.923,0.0,137.63625945026413,7.698094e-06
160.923,0.0,137.63587109326295,7.975774e-06
160.923,0.0,137.63543998550452,7.57465e-06
160.923,0.0,137.63505062317813,7.251816e-06
160.923,0.0,137.63461368947938,7.174676e-06
160.923,0.0,137.63420705415095,7.844341e-06
160.923,0.0,137.63376913582044,7.750554e-06
160.923,0.0,137.6333638997762,7.469527e-06
160.923,0.0,137.63295906501742,6.771937e-06
160.923,0.0,137.63252724080135,5.95444e-06
160.923,0.0,137.63211262093154,4.420232e-06
160.923,0.0,137.63168840334885,3.655048e-06
160.923,0.0,137.63124851627796,4.12589e-06
160.923,0.0,137.63084608305738,4.510555e-06
160.923,0.0,137.63043966559525,3.87014e-06
160.923,0.0,137.63003215314666,4.401722e-06
160.923,0.0,137.6295873580707,4.16601e-06
160.923,0.0,137.62918218605935,3.791516e-06
160.923,0.0,137.62874339389003,4.024274e-06
160.923,0.0,137.62833048707,3.93072e-06
160.923,0.0,137.62792509527742,3.912181e-06
160.923,0.0,137.62751236415178,3.77142e-06
160.923,0.0,137.62709260803229,3.801266e-06
160.923,0.0,137.62666477299862,3.779656e-06
160.923,0.0,137.6262458812481,3.817986e-06
160.923,0.0,137.6258451368645,3.672278e-06
160.923,0.0,137.62543532124045,3.544206e-06
160.923,0.0,137.625004056185,3.558962e-06
160.923,0.0,137.62460090741178,3.472887e-06
160.923,0.0,137.62415850746302,3.268608e-06
160.923,0.0,137.6237527442989,3.093912e-06
160.923,0.0,137.623316785764,3.0175e-06
160.923,0.0,137.62290556700793,2.296423e-06
160.923,0.0,137.62248532948757,1.648412e-06
160.923,0.0,137.62206644090273,1.338005e-06
160.923,0.0,137.62164147655048,1.949622e-06
160.923,0.0,137.62121788680003,2.188681e-06
160.923,0.0,137.62081242264802,2.447618e-06
160.923,0.0,137.62039345484237,1.415974e-06
160.923,0.0,137.61997359869667,1.92468e-06
160.923,0.0,137.61956791445792,2.283763e-06
160.923,0.0,137.6191406513867,1.724911e-06
160.923,0.0,137.61871734134715,1.084016e-06
160.923,0.0,137.61831582728985,1.563807e-06
160.923,0.0,137.6179021120142,2.610468e-06
160.923,0.0,137.61747665257886,3.052148e-06
160.923,0.0,137.6170723658555,3.590147e-06
160.923,0.0,137.61664267170866,3.6571e-06
160.923,0.0,137.61623923696067,3.256064e-06
160.923,0.0,137.61580370082834,2.982226e-06
160.923,0.0,137.61538199824167,2.963396e-06
160.923,0.0,137.61498814191063,3.1081e-06
160.923,0.0,137.61457587288092,3.505585e-06
160.923,0.0,137.61414993315842,3.770707e-06
160.923,0.0,137.61371150767113,4.288537e-06
160.923,0.0,137.61331281391767,5.066555e-06
160.923,0.0,137.61289413140494,5.498237e-06
160.923,0.0,137.6124745703048,6.009024e-06
160.923,0.0,137.61203883659266,6.154063e-06
160.923,0.0,137.6116365777415,6.209084e-06
160.923,0.0,137.61119503571527,6.409493e-06
160.923,0.0,137.61079118413903,6.738832e-06
160.923,0.0,137.61036731940115,6.941773e-06
160.923,0.0,137.60994776866553,6.770264e-06
160.923,0.0,137.60953780479812,6.600487e-06
160.923,0.0,137.60911564390992,6.512637e-06
160.923,0.0,137.6086997393531,6.692659e-06
160.923,0.0,137.60827105447814,6.940099e-06
160.923,0.0,137.6078648423619,6.947608e-06
160.923,0.0,137.60745817974694,7.313662e-06
160.923,0.0,137.60702383945127,7.48242e-06
160.923,0.0,137.60661709713239,7.510258e-06
160.923,0.0,137.60618321656028,7.402283e-06
160.923,0.0,137.60576696379158,7.30624e-06
160.923,0.0,137.60535836440886,7.197901e-06
160.923,0.0,137.60494190881863,7.371258e-06
160.923,0.0,137.60454359096855,7.321869e-06
160.923,0.0,137.60411068324555,7.063252e-06
160.923,0.0,137.60366701446532,6.929986e-06
160.923,0.0,137.60326778110849,7.182374e-06
160.923,0.0,137.60283558880042,7.402996e-06
160.923,0.0,137.6024218375503,7.404233e-06
160.923,0.0,137.60201695918312,7.163733e-06
160.923,0.0,137.60157875901402,6.941293e-06
160.923,0.0,137.60117884741524,6.840972e-06
160.923,0.0,137.6007384171216,7.111725e-06
160.923,0.0,137.60033223638754,7.219336e-06
160.923,0.0,137.5999165918218,6.895192e-06
160.923,0.0,137.59949325687097,6.71079e-06
160.923,0.0,137.5990920309081,6.995688e-06
160.923,0.0,137.59865128584156,7.310562e-06
160.923,0.0,137.59824789176605,7.379858e-06
160.923,0.0,137.59782196231146,7.321883e-06
160.923,0.0,137.59741430710287,7.456969e-06
160.923,0.0,137.59701142933733,7.429466e-06
160.923,0.0,137.5965953008435,7.15701e-06
160.923,0.0,137.59617047082872,7.237191e-06
160.923,0.0,137.59573427845513,7.270632e-06
160.923,0.0,137.59532643820802,7.47884e-06
160.923,0.0,137.59491012851282,7.2041e-06
160.923,0.0,137.59451607429077,6.793707e-06
160.923,0.0,137.59407860574206,6.345028e-06
160.923,0.0,137.59365350864255,7.247436e-06
160.923,0.0,137.593232826965,7.09646e-06
160.923,0.0,137.59279880601258,6.658869e-06
160.923,0.0,137.59241814098917,6.817805e-06
160.923,0.0,137.59196664839774,6.884817e-06
160.923,0.0,137.59155233955576,7.294278e-06
160.923,0.0,137.5911507077483,7.979601e-06
160.923,0.0,137.59070907856707,8.132571e-06
160.923,0.0,137.59030502070576,8.227871e-06
160.923,0.0,137.5898842605631,7.901937e-06
160.923,0.0,137.58946431169753,7.847673e-06
160.923,0.0,137.58906023634268,7.414579e-06
160.923,0.0,137.58863893955112,7.526061e-06
160.923,0.0,137.58822162482284,7.437862e-06
160.923,0.0,137.5877834126142,7.65617e-06
160.923,0.0,137.58740090519683,7.603274e-06
160.923,0.0,137.58697319818597,7.67078e-06
160.923,0.0,137.58656518858027,7.856113e-06
160.923,0.0,137.5861300712539,7.814451e-06
160.923,0.0,137.5856995530286,7.507711e-06
160.923,0.0,137.58529381140465,7.504801e-06
160.923,0.0,137.5848844440986,7.507027e-06
160.923,0.0,137.58447578104656,7.642549e-06
160.923,0.0,137.58402099654825,7.721625e-06
160.923,0.0,137.58364206249132,7.769151e-06
160.923,0.0,137.5832034286265,7.67257e-06
160.923,0.0,137.5827705810669,7.878029e-06
160.923,0.0,137.5823668883998,7.888797e-06
160.923,0.0,137.58195755122614,7.807626e-06
160.923,0.0,137.58152270952786,7.68897e-06
160.923,0.0,137.58111809233796,7.724899e-06
160.923,0.0,137.58067777848646,7.643132e-06
160.923,0.0,137.58027788212306,7.80831e-06
160.923,0.0,137.57985288879195,7.999086e-06
160.923,0.0,137.57943516615012,8.082396e-06
160.923,0.0,137.57903188494168,7.815121e-06
160.923,0.0,137.57858920973234,7.868352e-06
160.923,0.0,137.5781844336735,8.041345e-06
160.923,0.0,137.5777434721152,7.900831e-06
160.923,0.0,137.5773494828853,7.920346e-06
160.923,0.0,137.57692224034116,7.73785e-06
160.923,0.0,137.57652019779192,7.697396e-06
160.923,0.0,137.57611699605766,7.630049e-06
160.923,0.0,137.5756760361909,7.945346e-06
160.923,0.0,137.57527229722024,8.076109e-06
160.923,0.0,137.57484789454787,8.071671e-06
160.923,0.0,137.57443108093398,7.604045e-06
160.923,0.0,137.57402851704416,7.546158e-06
160.923,0.0,137.5736086207045,7.611132e-06
160.923,0.0,137.57318138614397,7.276307e-06
160.923,0.0,137.5727424822676,7.225171e-06
160.923,0.0,137.57234270742995,7.420167e-06
160.923,0.0,137.5719298465789,7.450115e-06
160.923,0.0,137.57150090977356,7.5875e-06
160.923,0.0,137.57110189753345,7.470226e-06
160.923,0.0,137.57065934766646,7.381255e-06
160.923,0.0,137.57025724039656,7.282579e-06
160.923,0.0,137.56983129772655,7.245762e-06
160.923,0.0,137.56941616524037,7.290204e-06
160.923,0.0,137.56901068862487,6.941118e-06
160.923,0.0,137.56856776788055,7.143404e-06
160.923,0.0,137.56816571344658,7.35189e-06
160.923,0.0,137.56772882467226,7.468974e-06
160.923,0.0,137.56732528119247,7.361261e-06
160.923,0.0,137.56690036573923,7.636743e-06
160.923,0.0,137.56648903440913,7.564333e-06
160.923,0.0,137.56608382112847,7.425813e-06
160.923,0.0,137.56564483544585,7.413561e-06
160.923,0.0,137.56524160521832,7.07552e-06
160.923,0.0,137.56481358757426,7.251598e-06
160.923,0.0,137.56439318377045,7.395269e-06
160.923,0.0,137.56399642078716,7.619223e-06
160.923,0.0,137.56355650837523,7.72276e-06
160.923,0.0,137.56313927848294,7.84162e-06
160.923,0.0,137.56271541330293,7.729832e-06
160.923,0.0,137.56225406609545,7.504932e-06
160.923,0.0,137.561871622211,7.559356e-06
160.923,0.0,137.5614588795945,7.389332e-06
160.923,0.0,137.56105330627886,7.107024e-06
160.923,0.0,137.56060756774013,7.255207e-06
160.923,0.0,137.56021407181572,7.638839e-06
160.923,0.0,137.55977542719458,7.792609e-06
160.923,0.0,137.5593582612772,7.665119e-06
160.923,0.0,137.55896469792887,7.561306e-06
160.923,0.0,137.55853355848342,7.714596e-06
160.923,0.0,137.55813031805042,7.822266e-06
160.923,0.0,137.55769056945556,7.681374e-06
160.923,0.0,137.55729178966348,7.354553e-06
160.923,0.0,137.55686460973797,7.333205e-06
160.923,0.0,137.5564758186295,7.198352e-06
160.923,0.0,137.5560355120324,7.576964e-06
160.923,0.0,137.5556300054121,7.718016e-06
160.923,0.0,137.55519095315356,7.643117e-06
160.923,0.0,137.5547890179655,7.851777e-06
160.923,0.0,137.5543664108859,7.720781e-06
160.923,0.0,137.55398360495607,7.678915e-06
160.923,0.0,137.55355060764902,7.739596e-06
160.923,0.0,137.5531074240293,7.242255e-06
160.923,0.0,137.5527028812579,7.31941e-06
160.923,0.0,137.55226443864788,7.446317e-06
160.923,0.0,137.551859791759,7.867173e-06
160.923,0.0,137.55144016569042,7.457784e-06
160.923,0.0,137.55100905256504,7.246315e-06
160.923,0.0,137.55061481249,7.677765e-06
160.923,0.0,137.55017211129191,7.743627e-06
160.923,0.0,137.54974764118165,7.570561e-06
160.923,0.0,137.54932517193106,7.527546e-06
160.923,0.0,137.54894057871425,7.336086e-06
160.923,0.0,137.5485037633147,7.283481e-06
160.923,0.0,137.5480956085957,7.151655e-06
160.923,0.0,137.54769815615361,7.519615e-06
160.923,0.0,137.5472598440486,7.762792e-06
160.923,0.0,137.54683247653767,7.872179e-06
160.923,0.0,137.54644730365303,7.788287e-06
160.923,0.0,137.54601298191628,7.678784e-06
160.923,0.0,137.5456097564744,7.630661e-06
160.923,0.0,137.54516903271315,7.630297e-06
160.923,0.0,137.544762801239,7.460156e-06
160.923,0.0,137.544330848885,7.524053e-06
160.923,0.0,137.54391671929656,7.46506e-06
160.923,0.0,137.54351241107423,7.231618e-06
160.923,0.0,137.5430711491751,7.303257e-06
160.923,0.0,137.54264249990385,7.680152e-06
160.923,0.0,137.5422329512591,7.426555e-06
160.923,0.0,137.54179616277884,7.65911e-06
160.923,0.0,137.54140871510464,7.573559e-06
160.923,0.0,137.54097984679484,7.846422e-06
160.923,0.0,137.54057487753994,8.114745e-06
160.923,0.0,137.5401327594027,7.746552e-06
160.923,0.0,137.5397297681468,7.284892e-06
160.923,0.0,137.53929169005582,7.332317e-06
160.923,0.0,137.5389094312209,7.68961e-06
160.923,0.0,137.53848393816088,7.892479e-06
160.923,0.0,137.53805059048878,7.65374e-06
160.923,0.0,137.53765819245513,7.369264e-06
160.923,0.0,137.53721999421538,7.309805e-06
160.923,0.0,137.5368222530421,7.30055e-06
160.923,0.0,137.53640423647545,7.377545e-06
160.923,0.0,137.5359787030159,7.384806e-06
160.923,0.0,137.53557536792417,7.287497e-06
160.923,0.0,137.5351385095959,6.94058e-06
160.923,0.0,137.5347416721249,6.997754e-06
160.923,0.0,137.5343129324186,6.934948e-06
160.923,0.0,137.53388527924426,7.119088e-06
160.923,0.0,137.53349709209536,7.209412e-06
160.923,0.0,137.53306002937447,6.70625e-06
160.923,0.0,137.5326226856067,7.114169e-06
160.923,0.0,137.5322221632155,7.419905e-06
160.923,0.0,137.531780534778,7.488707e-06
160.923,0.0,137.53137458078103,7.472176e-06
160.923,0.0,137.53096605597995,7.472903e-06
160.923,0.0,137.53052926919725,7.538183e-06
160.923,0.0,137.53011791703872,7.067632e-06
160.923,0.0,137.52969718521732,6.839851e-06
160.923,0.0,137.52928738166597,7.098628e-06
160.923,0.0,137.52887720380483,7.376962e-06
160.923,0.0,137.52846615304543,7.484487e-06
160.923,0.0,137.52803147743194,7.721712e-06
160.923,0.0,137.52762967193007,7.535258e-06
160.923,0.0,137.52718983136242,7.311697e-06
160.923,0.0,137.52678497414115,7.569251e-06
160.923,0.0,137.5263578555786,7.641211e-06
160.923,0.0,137.5259799707054,7.289957e-06
160.923,0.0,137.52554654278077,6.872433e-06
160.923,0.0,137.52509569680453,6.987335e-06
160.923,0.0,137.52468500439133,7.235125e-06
160.923,0.0,137.5242746272794,7.507377e-06
160.923,0.0,137.5238479034429,7.387847e-06
160.923,0.0,137.523462941755,7.471142e-06
160.923,0.0,137.52302618845334,7.724535e-06
160.923,0.0,137.52258592803182,7.79223e-06
160.923,0.0,137.5221810098446,7.81269e-06
160.923,0.0,137.5217519387799,7.380193e-06
160.923,0.0,137.52131975475174,6.665752e-06
160.923,0.0,137.520930774063,6.475893e-06
160.923,0.0,137.52049801782633,7.038674e-06
160.923,0.0,137.52009149223642,7.319133e-06
160.923,0.0,137.51966255382328,7.190116e-06
160.923,0.0,137.5192451842319,7.313574e-06
160.923,0.0,137.51884072836685,6.921255e-06
160.923,0.0,137.51842431876435,6.353672e-06
160.923,0.0,137.51800095868748,4.444635e-06
160.923,0.0,137.51760150496304,2.653062e-06
160.923,0.0,137.5171550279238,2.79049e-06
160.923,0.0,137.5167662439771,2.125715e-06
160.923,0.0,137.51633774535222,2.448069e-06
160.923,0.0,137.5159215861765,3.280147e-06
160.923,0.0,137.51551772459865,4.522008e-06
160.923,0.0,137.51507960063051,5.457987e-06
160.923,0.0,137.51467894291378,5.896261e-06
160.923,0.0,137.51422637666732,6.161761e-06
160.923,0.0,137.51381765788295,6.472605e-06
160.923,0.0,137.5134215662391,6.839939e-06
160.923,0.0,137.51301172967433,6.919319e-06
160.923,0.0,137.51257291984533,6.541566e-06
160.923,0.0,137.51214919569978,6.360511e-06
160.923,0.0,137.51173093587008,6.717601e-06
160.923,0.0,137.51130004568606,6.888862e-06
160.923,0.0,137.51089072120593,7.206443e-06
160.923,0.0,137.51048268172232,7.353257e-06
160.923,0.0,137.51007414391427,7.561088e-06
160.923,0.0,137.50964406127937,7.471535e-06
160.923,0.0,137.5092390221573,7.362905e-06
160.923,0.0,137.50880194161994,7.329203e-06
160.923,0.0,137.50839252175925,7.281473e-06
160.923,0.0,137.5079880432584,7.05276e-06
160.923,0.0,137.50755163010817,6.67866e-06
160.923,0.0,137.5071474455337,6.822724e-06
160.923,0.0,137.50671184017094,7.236478e-06
160.923,0.0,137.50630761518752,7.421346e-06
160.923,0.0,137.5058741036649,7.561845e-06
160.923,0.0,137.50549100163104,7.548864e-06
160.923,0.0,137.50505289660268,7.336625e-06
160.923,0.0,137.50463027474697,7.254712e-06
160.923,0.0,137.50420564890496,7.435636e-06
160.923,0.0,137.50380012978732,7.389826e-06
160.923,0.0,137.50338158871153,7.553215e-06
160.923,0.0,137.5029471787777,7.160197e-06
160.923,0.0,137.50252188977896,6.695758e-06
160.923,0.0,137.50211894291738,6.707298e-06
160.923,0.0,137.5016775417417,7.268944e-06
160.923,0.0,137.5012537573249,7.043636e-06
160.923,0.0,137.5008501958652,7.315524e-06
160.923,0.0,137.5004347595738,7.324255e-06
160.923,0.0,137.50003185037647,7.131544e-06
160.923,0.0,137.4995961167557,7.056544e-06
160.923,0.0,137.49919654909428,7.235838e-06
160.923,0.0,137.4987557598485,7.478069e-06
160.923,0.0,137.49835083158231,7.365801e-06
160.923,0.0,137.49793773841193,6.878647e-06
160.923,0.0,137.49754151376203,6.661969e-06
160.923,0.0,137.49710751860488,6.739996e-06
160.923,0.0,137.4967058407649,6.591392e-06
160.923,0.0,137.49626704253828,6.817922e-06
160.923,0.0,137.4958634477852,7.089431e-06
160.923,0.0,137.49545606384186,7.118797e-06
160.923,0.0,137.49502291236556,7.225142e-06
160.923,0.0,137.49462121322802,6.97239e-06
160.923,0.0,137.49418098323295,6.732749e-06
160.923,0.0,137.4937775755775,7.187235e-06
160.923,0.0,137.49335456570796,7.198803e-06
160.923,0.0,137.49292916927874,7.071983e-06
160.923,0.0,137.49248359421728,7.125433e-06
160.923,0.0,137.49209777969594,6.507529e-06
160.923,0.0,137.49165561479475,6.462855e-06
160.923,0.0,137.4912521421585,7.19307e-06
160.923,0.0,137.49081266360932,7.331124e-06
160.923,0.0,137.49043522831087,7.317372e-06
160.923,0.0,137.4900090691191,7.323397e-06
160.923,0.0,137.48957995651082,7.526905e-06
160.923,0.0,137.48916771164147,7.220748e-06
160.923,0.0,137.4887268081983,7.239243e-06
160.923,0.0,137.48832654105897,7.294017e-06
160.923,0.0,137.48790332785197,7.402719e-06
160.923,0.0,137.48752014804057,7.399358e-06
160.923,0.0,137.48708601427055,7.166251e-06
160.923,0.0,137.48664625182428,7.105802e-06
160.923,0.0,137.48624462461672,7.094146e-06
160.923,0.0,137.4858216703954,6.694638e-06
160.923,0.0,137.48540681191835,7.037088e-06
160.923,0.0,137.4850041986274,7.240829e-06
160.923,0.0,137.48456836268144,7.243696e-06
160.923,0.0,137.48416562435713,7.209179e-06
160.923,0.0,137.48370865165296,7.226598e-06
160.923,0.0,137.48332212806835,7.415481e-06
160.923,0.0,137.48289510985384,7.40528e-06
160.923,0.0,137.482477824197,7.305411e-06
160.923,0.0,137.4820509176807,7.480718e-06
160.923,0.0,137.48162544224712,7.575523e-06
160.923,0.0,137.48120409870643,7.157141e-06
160.923,0.0,137.48080265690177,6.338771e-06
160.923,0.0,137.4803803027896,6.630231e-06
160.923,0.0,137.47995975788496,6.519884e-06
160.923,0.0,137.47956163651256,6.715607e-06
160.923,0.0,137.47912190577384,6.908536e-06
160.923,0.0,137.47872159129,6.701914e-06
160.923,0.0,137.4782861870308,6.78451e-06
160.923,0.0,137.4778815712146,6.981703e-06
160.923,0.0,137.47747191245355,7.135037e-06
160.923,0.0,137.4770635662956,7.205614e-06
160.923,0.0,137.4766305709389,7.427385e-06
160.923,0.0,137.4762005149065,7.81125e-06
160.923,0.0,137.47577911493292,7.587689e-06
160.923,0.0,137.47537511721984,7.678798e-06
160.923,0.0,137.47498897483533,7.446113e-06
160.923,0.0,137.47455799056232,7.375405e-06
160.923,0.0,137.47411873259895,6.776609e-06
160.923,0.0,137.47371548282885,6.697825e-06
160.923,0.0,137.47327888497395,6.524933e-06
160.923,0.0,137.47285450573403,6.561429e-06
160.923,0.0,137.47246679178986,6.590562e-06
160.923,0.0,137.47202879551514,7.030889e-06
160.923,0.0,137.47161596509602,6.800008e-06
160.923,0.0,137.4711931214271,6.471237e-06
160.923,0.0,137.4707533227691,6.705042e-06
160.923,0.0,137.47036559800264,7.377064e-06
160.923,0.0,137.46993532419953,7.550174e-06
160.923,0.0,137.46953813014153,7.503433e-06
160.923,0.0,137.46910215022817,7.153634e-06
160.923,0.0,137.46870209287428,6.182265e-06
160.923,0.0,137.4682638086476,6.163173e-06
160.923,0.0,137.46783808576384,6.583519e-06
160.923,0.0,137.467452065032,6.858754e-06
160.923,0.0,137.46701940671798,6.659262e-06
160.923,0.0,137.46660188585926,7.181676e-06
160.923,0.0,137.4661631907356,7.348615e-06
160.923,0.0,137.46574163937356,7.227369e-06
160.923,0.0,137.4653520865979,6.999195e-06
160.923,0.0,137.464924487917,7.213253e-06
160.923,0.0,137.46450465119267,7.274168e-06
160.923,0.0,137.46410149675924,7.034381e-06
160.923,0.0,137.46366009224198,7.002207e-06
160.923,0.0,137.46325868504474,6.281305e-06
160.923,0.0,137.46283322052486,5.530965e-06
160.923,0.0,137.46240228169805,6.138638e-06
160.923,0.0,137.46202064090642,5.965048e-06
160.923,0.0,137.46158210814713,6.390328e-06
160.923,0.0,137.4611384812569,6.338028e-06
160.923,0.0,137.46073918824607,6.359027e-06
160.923,0.0,137.4603067426996,6.556482e-06
160.923,0.0,137.45989911036176,6.806542e-06
160.923,0.0,137.4594920755518,6.737522e-06
160.923,0.0,137.45903561750774,6.733157e-06
160.923,0.0,137.4586535739234,6.542672e-06
160.923,0.0,137.45821469485796,6.941147e-06
160.923,0.0,137.45781537462824,6.96379e-06
160.923,0.0,137.45739450132984,6.496703e-06
160.923,0.0,137.4570090744494,6.37515e-06
160.923,0.0,137.45656664922103,6.192597e-06
160.923,0.0,137.45616731925887,6.326925e-06
160.923,0.0,137.45572993479942,6.480434e-06
160.923,0.0,137.45529950131,6.899805e-06
160.923,0.0,137.45491447249734,7.002876e-06
160.923,0.0,137.45448646609532,7.437469e-06
160.923,0.0,137.45408342580978,7.37267e-06
160.923,0.0,137.4536395846767,7.564624e-06
160.923,0.0,137.45322050997308,7.665658e-06
160.923,0.0,137.45280783224112,7.857583e-06
160.923,0.0,137.45238004490346,7.993847e-06
160.923,0.0,137.4519606781422,7.47398e-06
160.923,0.0,137.45155758868566,7.014911e-06
160.923,0.0,137.45113681980737,6.715316e-06
160.923,0.0,137.45072374054484,7.002178e-06
160.923,0.0,137.45028944371242,7.109833e-06
160.923,0.0,137.44986525411997,7.250681e-06
160.923,0.0,137.4494809981446,7.240131e-06
160.923,0.0,137.44905030354732,7.336261e-06
160.923,0.0,137.4486273224632,7.147217e-06
160.923,0.0,137.44820427029978,7.290393e-06
160.923,0.0,137.44777014426373,7.222407e-06
160.923,0.0,137.4473854743019,7.370036e-06
160.923,0.0,137.44695376359587,7.29633e-06
160.923,0.0,137.4465501148007,6.894203e-06
160.923,0.0,137.44610162170807,6.689923e-06
160.923,0.0,137.44570698210853,6.731629e-06
160.923,0.0,137.44526496255335,6.378468e-06
160.923,0.0,137.44486450634218,6.538496e-06
160.923,0.0,137.44445699199014,6.82511e-06
160.923,0.0,137.44402873361736,6.971502e-06
160.923,0.0,137.44362807141593,7.149079e-06
160.923,0.0,137.4431919416643,7.193667e-06
160.923,0.0,137.4427504760741,7.470167e-06
160.923,0.0,137.4423477408401,7.729788e-06
160.923,0.0,137.44193792344223,7.905095e-06
160.923,0.0,137.44150733439952,7.654278e-06
160.923,0.0,137.44110496733444,7.482886e-06
160.923,0.0,137.44066590628074,7.405397e-06
160.923,0.0,137.44026138827772,7.682655e-06
160.923,0.0,137.43983472270844,7.504481e-06
160.923,0.0,137.439408791298,7.690192e-06
160.923,0.0,137.43902672620933,7.890776e-06
160.923,0.0,137.4385830249124,7.910086e-06
160.923,0.0,137.43817468762353,7.867071e-06
160.923,0.0,137.4377381117395,7.823837e-06
160.923,0.0,137.43733284519854,8.011601e-06
160.923,0.0,137.4369179097057,8.095376e-06
160.923,0.0,137.43651428052743,7.801122e-06
160.923,0.0,137.4360904883524,7.732728e-06
160.923,0.0,137.43566245968572,7.990151e-06
160.923,0.0,137.4352434864597,8.164032e-06
160.923,0.0,137.43484457696627,7.473267e-06
160.923,0.0,137.4344330117646,6.819842e-06
160.923,0.0,137.43400723167758,7.301976e-06
160.923,0.0,137.43359058243928,7.210823e-06
160.923,0.0,137.4331657968783,7.140712e-06
160.923,0.0,137.43272975019337,7.11318e-06
160.923,0.0,137.43233247929334,6.880626e-06
160.923,0.0,137.4319009118291,6.510265e-06
160.923,0.0,137.4315138464006,6.730465e-06
160.923,0.0,137.4310756482814,6.396775e-06
160.923,0.0,137.43065107194894,6.517745e-06
160.923,0.0,137.43023607996324,6.372415e-06
160.923,0.0,137.42979639574284,6.020156e-06
160.923,0.0,137.42940708871052,5.809037e-06
160.923,0.0,137.42897964092262,4.889735e-06
160.923,0.0,137.4285738893772,4.302332e-06
160.923,0.0,137.42814607742335,4.532369e-06
160.923,0.0,137.42772322393884,4.907415e-06
160.923,0.0,137.4273213319548,5.628521e-06
160.923,0.0,137.42690164130892,5.747745e-06
160.923,0.0,137.4264757511501,5.342386e-06
160.923,0.0,137.42607251179186,5.146736e-06
160.923,0.0,137.42562500918905,4.831774e-06
160.923,0.0,137.42523291000956,5.379392e-06
160.923,0.0,137.4247966772672,5.049704e-06
160.923,0.0,137.4243872238025,4.550384e-06
160.923,0.0,137.42397852803893,3.900044e-06
160.923,0.0,137.42354459349838,2.600951e-06
160.923,0.0,137.42314419579426,1.796681e-06
160.923,0.0,137.42270789515678,2.711851e-06
160.923,0.0,137.42227448364386,3.506153e-06
160.923,0.0,137.4218678372606,3.981942e-06
160.923,0.0,137.42145199196864,4.338814e-06
160.923,0.0,137.42101774892762,4.594142e-06
160.923,0.0,137.42061893697797,4.987523e-06
160.923,0.0,137.42017679407974,5.356909e-06
160.923,0.0,137.41975421714207,5.945389e-06
160.923,0.0,137.4193448066822,6.2732e-06
160.923,0.0,137.4189611207559,6.342685e-06
160.923,0.0,137.4185283828433,6.568211e-06
160.923,0.0,137.4181202303803,6.498944e-06
160.923,0.0,137.41769012396279,6.537433e-06
160.923,0.0,137.41728869634974,6.323549e-06
160.923,0.0,137.4168628378774,5.94421e-06
160.923,0.0,137.41644533902686,5.63894e-06
160.923,0.0,137.41604526171523,5.816619e-06
160.923,0.0,137.41560627398823,5.493916e-06
160.923,0.0,137.4152049567682,5.318245e-06
160.923,0.0,137.41477368608207,5.103022e-06
160.923,0.0,137.41434680535255,3.707464e-06
160.923,0.0,137.41396397466363,1.986205e-06
160.923,0.0,137.4135285470733,2.022804e-06
160.923,0.0,137.41312202152776,1.919048e-06
160.923,0.0,137.41268962031089,1.762135e-06
160.923,0.0,137.4122490470729,1.956272e-06
160.923,0.0,137.41184423760055,2.244036e-06
160.923,0.0,137.41143400031962,2.665736e-06
160.923,0.0,137.41100541861863,3.629146e-06
160.923,0.0,137.4106004993987,2.490895e-06
160.923,0.0,137.41017153492203,2.212852e-06
160.923,0.0,137.4097374466639,3.156703e-06
160.923,0.0,137.40934033118117,3.896275e-06
160.923,0.0,137.40892757027518,3.62948e-06
160.923,0.0,137.40849834596233,2.328539e-06
160.923,0.0,137.40809383802866,2.435452e-06
160.923,0.0,137.4076512884719,3.236346e-06
160.923,0.0,137.40725152412233,4.672969e-06
160.923,0.0,137.4068050778985,5.113819e-06
160.923,0.0,137.4064104754022,4.632471e-06
160.923,0.0,137.4060064651066,2.978573e-06
160.923,0.0,137.40558915091904,3.455149e-06
160.923,0.0,137.4051561885011,5.516835e-06
160.923,0.0,137.40475490562096,6.637012e-06
160.923,0.0,137.40431682421635,6.987073e-06
160.923,0.0,137.40390640611537,5.450842e-06
160.923,0.0,137.40349942471448,3.217443e-06
160.923,0.0,137.40305724742947,2.133558e-06
160.923,0.0,137.40265237787693,2.075772e-06
160.923,0.0,137.40220899305464,2.970424e-06
160.923,0.0,137.40180818047997,3.277411e-06
160.923,0.0,137.40138328840638,4.028334e-06
160.923,0.0,137.40095812574677,4.774163e-06
160.923,0.0,137.40056082652586,6.239978e-06
160.923,0.0,137.40011575756017,5.456561e-06
160.923,0.0,137.39971629726367,4.710528e-06
160.923,0.0,137.3992650264518,5.76282e-06
160.923,0.0,137.39887202336817,4.816116e-06
160.923,0.0,137.39847887219386,5.193579e-06
160.923,0.0,137.39804225882096,4.871865e-06
160.923,0.0,137.39764472322358,3.54035e-06
160.923,0.0,137.39720187176297,3.070672e-06
160.923,0.0,137.39680515558877,4.193702e-06
160.923,0.0,137.39638479049572,5.027498e-06
160.923,0.0,137.3959609665024,5.006106e-06
160.923,0.0,137.3955533026295,5.52852e-06
160.923,0.0,137.39513291770223,6.16633e-06
160.923,0.0,137.3947100350064,5.526061e-06
160.923,0.0,137.39431032637216,5.052527e-06
160.923,0.0,137.3938913237764,5.036127e-06
160.923,0.0,137.39346063679866,5.262744e-06
160.923,0.0,137.39305883977468,5.58063e-06
160.923,0.0,137.39262526126186,5.698021e-06
160.923,0.0,137.39218367061292,5.702881e-06
160.923,0.0,137.39177923054172,5.30784e-06
160.923,0.0,137.39134618725416,5.373964e-06
160.923,0.0,137.39093693542299,5.516325e-06
160.923,0.0,137.39053288748534,5.684153e-06
160.923,0.0,137.3901152452551,4.493064e-06
160.923,0.0,137.3896902612672,5.569134e-06
160.923,0.0,137.38925278686727,5.628637e-06
160.923,0.0,137.38886881911725,6.108894e-06
160.923,0.0,137.38843831917444,5.319525e-06
160.923,0.0,137.38800176051984,4.971793e-06
160.923,0.0,137.3876129976561,4.653426e-06
160.923,0.0,137.38717375530175,4.607587e-06
160.923,0.0,137.38677056859893,4.893882e-06
160.923,0.0,137.38634078913998,4.825328e-06
160.923,0.0,137.38595951786974,4.293455e-06
160.923,0.0,137.3855251460597,4.069574e-06
160.923,0.0,137.3851090667823,4.802816e-06
160.923,0.0,137.38468388133856,5.055219e-06
160.923,0.0,137.3842472256433,4.681118e-06
160.923,0.0,137.3838571025523,4.768444e-06
160.923,0.0,137.38340852945382,4.627305e-06
160.923,0.0,137.38299473876066,4.473986e-06
160.923,0.0,137.38258762432636,3.405061e-06
160.923,0.0,137.38215304074993,3.543333e-06
160.923,0.0,137.38174716369028,4.018162e-06
160.923,0.0,137.38131708810855,3.734822e-06
160.923,0.0,137.3809034054731,3.208203e-06
160.923,0.0,137.380500035604,2.979054e-06
160.923,0.0,137.38006147000328,2.690649e-06
160.923,0.0,137.37965897714147,2.484259e-06
160.923,0.0,137.37922309959018,1.912369e-06
160.923,0.0,137.3788291798955,7.708004e-07
160.923,0.0,137.3784032025013,2.705201e-08
160.923,0.0,137.37798292363803,1.884473e-08
160.923,0.0,137.3775821269977,2.102752e-08
160.923,0.0,137.3771557385593,1.220906e-08
160.923,0.0,137.37673490379171,9.34233e-09
160.923,0.0,137.37632846753039,1.204899e-08
160.923,0.0,137.3759092966908,1.123408e-08
160.923,0.0,137.37547100954566,8.731149e-09
160.923,0.0,137.37509003231926,1.037552e-08
160.923,0.0,137.37464903570995,8.192728e-09
160.923,0.0,137.37424710891253,9.807991e-09
160.923,0.0,137.37381300626646,8.745701e-09
160.923,0.0,137.37340721450795,9.34233e-09
160.923,0.0,137.37298979479618,1.373701e-08
160.923,0.0,137.37256861272925,1.059379e-08
160.923,0.0,137.37214333856582,1.126318e-08
160.923,0.0,137.37172128772193,9.284122e-09
160.923,0.0,137.3712816603192,9.34233e-09
160.923,0.0,137.37089483991872,1.079752e-08
160.923,0.0,137.3704663132811,8.090865e-09
160.923,0.0,137.37006102038066,8.687493e-09
160.923,0.0,137.36962991295846,8.527422e-09
160.923,0.0,137.36920030625342,6.853952e-09
160.923,0.0,137.3687949764969,1.004082e-08
160.923,0.0,137.36838679461815,8.338247e-09
