Y_dimension(mm),Button,True_depth(m),meas
81.988,0.0,83.459453125,2.767147e-05
81.988,0.0,83.459453125,3.810608e-06
81.988,0.0,83.45939715373096,4.582704e-06
81.988,0.0,83.4592512521188,5.083159e-06
81.988,0.0,83.4590692393012,5.422829e-06
81.988,0.0,83.45883795564306,5.700611e-06
81.988,0.0,83.45856329739621,5.649475e-06
81.988,0.0,83.45827304683668,4.766174e-06
81.988,0.0,83.45791593562295,4.243702e-06
81.988,0.0,83.45754166279148,4.523841e-06
81.988,0.0,83.45711368727675,5.680296e-06
81.988,0.0,83.45671407127695,6.578994e-06
81.988,0.0,83.45627865641526,6.626855e-06
81.988,0.0,83.45586856644935,6.954418e-06
81.988,0.0,83.45546698527069,7.123876e-06
81.988,0.0,83.45503383037126,7.212919e-06
81.988,0.0,83.45459882778653,7.577401e-06
81.988,0.0,83.45416347438227,7.26353e-06
81.988,0.0,83.45377040841514,6.897928e-06
81.988,0.0,83.4533608057437,7.232593e-06
81.988,0.0,83.45293474639777,8.01991e-06
81.988,0.0,83.4525317325835,7.557814e-06
81.988,0.0,83.45209543563637,7.427603e-06
81.988,0.0,83.45166368983517,6.772389e-06
81.988,0.0,83.4512620001535,7.578681e-06
81.988,0.0,83.45084562626622,8.729228e-06
81.988,0.0,83.45041534286455,7.861599e-06
81.988,0.0,83.45002164670807,6.24299e-06
81.988,0.0,83.44959516654612,6.777365e-06
81.988,0.0,83.4491759580762,7.42999e-06
81.988,0.0,83.44874541181669,7.760565e-06
81.988,0.0,83.44834322772307,5.905094e-06
81.988,0.0,83.44793888505811,5.508671e-06
81.988,0.0,83.44750697852974,6.470655e-06
81.988,0.0,83.44710838370538,7.662835e-06
81.988,0.0,83.44667286019747,6.045288e-06
81.988,0.0,83.4462730676936,4.839487e-06
81.988,0.0,83.44586306084642,5.430891e-06
81.988,0.0,83.4454375908147,6.822418e-06
81.988,0.0,83.44500715691957,6.790826e-06
81.988,0.0,83.44460080746978,5.524562e-06
81.988,0.0,83.44414436083764,4.840185e-06
81.988,0.0,83.44375509418326,5.75665e-06
81.988,0.0,83.44334019826107,6.478193e-06
81.988,0.0,83.44292017825045,5.445661e-06
81.988,0.0,83.44248780574543,4.376227e-06
81.988,0.0,83.44208675415537,5.011141e-06
81.988,0.0,83.44164780280968,6.108326e-06
81.988,0.0,83.44121462073205,6.243761e-06
81.988,0.0,83.44083444133985,5.506503e-06
81.988,0.0,83.44041328286337,5.476162e-06
81.988,0.0,83.44000210473861,5.630893e-06
81.988,0.0,83.43955918670257,6.330869e-06
81.988,0.0,83.43916165999232,6.208807e-06
81.988,0.0,83.43873482462648,6.548391e-06
81.988,0.0,83.4382912026166,7.166775e-06
81.988,0.0,83.43792196188632,6.893053e-06
81.988,0.0,83.43748353827723,6.720555e-06
81.988,0.0,83.4370768729911,6.0694e-06
81.988,0.0,83.43664309397863,6.145347e-06
81.988,0.0,83.43622044849849,6.351154e-06
81.988,0.0,83.4358135895819,6.028422e-06
81.988,0.0,83.43538486846194,6.665374e-06
81.988,0.0,83.43499236369124,6.742877e-06
81.988,0.0,83.43455597521661,7.517199e-06
81.988,0.0,83.43411274065565,7.004754e-06
81.988,0.0,83.43370935039067,6.844057e-06
81.988,0.0,83.43328351849071,6.766393e-06
81.988,0.0,83.43287702856155,6.594637e-06
81.988,0.0,83.43244489724091,7.062365e-06
81.988,0.0,83.43204378535356,6.225178e-06
81.988,0.0,83.43160461829946,6.229398e-06
81.988,0.0,83.43118934931638,6.578091e-06
81.988,0.0,83.43078695836968,7.208539e-06
81.988,0.0,83.43034695226856,7.520051e-06
81.988,0.0,83.42997362536425,6.589995e-06
81.988,0.0,83.42953859948173,6.868198e-06
81.988,0.0,83.42910176372752,6.64359e-06
81.988,0.0,83.42870871291063,8.009098e-06
81.988,0.0,83.42828116385952,7.65195e-06
81.988,0.0,83.4278660545945,6.022296e-06
81.988,0.0,83.42746670551585,7.55681e-06
81.988,0.0,83.42702862917092,7.193783e-06
81.988,0.0,83.42663123929658,8.262607e-06
81.988,0.0,83.426195563041,7.130322e-06
81.988,0.0,83.42576841467707,5.721929e-06
81.988,0.0,83.42538438697247,5.832946e-06
81.988,0.0,83.42495851312258,6.285467e-06
81.988,0.0,83.42451715357554,7.593786e-06
81.988,0.0,83.4241131545223,6.901857e-06
81.988,0.0,83.42367120499999,6.048736e-06
81.988,0.0,83.42326678638395,6.422415e-06
81.988,0.0,83.42285449289034,6.570423e-06
81.988,0.0,83.42243144319,7.661685e-06
81.988,0.0,83.42202077629419,6.948831e-06
81.988,0.0,83.42158601574852,6.097704e-06
81.988,0.0,83.42116369688046,6.498085e-06
81.988,0.0,83.42075096420157,6.487564e-06
81.988,0.0,83.4203535037892,6.99368e-06
81.988,0.0,83.41991598666564,6.008529e-06
81.988,0.0,83.41950283649732,5.656184e-06
81.988,0.0,83.41909087161002,6.138958e-06
81.988,0.0,83.41867395873125,6.195318e-06
81.988,0.0,83.41823662726529,6.84509e-06
81.988,0.0,83.41783936179348,5.989321e-06
81.988,0.0,83.41743921123853,6.004077e-06
81.988,0.0,83.4169986466039,6.580813e-06
81.988,0.0,83.41658724261026,6.317554e-06
81.988,0.0,83.41617325344339,6.730639e-06
81.988,0.0,83.41573606709797,6.254893e-06
81.988,0.0,83.41533859600872,6.015951e-06
81.988,0.0,83.41490097492168,6.043876e-06
81.988,0.0,83.41450092778777,5.528869e-06
81.988,0.0,83.41405409007182,5.577822e-06
81.988,0.0,83.4136421464834,4.97546e-06
81.988,0.0,83.41323227723085,5.344598e-06
81.988,0.0,83.41279660148957,5.373004e-06
81.988,0.0,83.41239711294145,4.632981e-06
81.988,0.0,83.41196276553757,5.115682e-06
81.988,0.0,83.4115484780416,4.91114e-06
81.988,0.0,83.41113589504153,5.903421e-06
81.988,0.0,83.41072564789754,6.447255e-06
81.988,0.0,83.41029046495916,5.456575e-06
81.988,0.0,83.409891696519,5.761525e-06
81.988,0.0,83.40948827169674,5.581838e-06
81.988,0.0,83.40905301353087,5.752721e-06
81.988,0.0,83.40862750839885,7.831957e-06
81.988,0.0,83.4081984481353,6.468792e-06
81.988,0.0,83.40781993538846,5.838301e-06
81.988,0.0,83.40738205913061,5.794835e-06
81.988,0.0,83.40698429197035,6.613263e-06
81.988,0.0,83.4065525763953,7.463212e-06
81.988,0.0,83.40612765527833,6.091257e-06
81.988,0.0,83.40571741331952,5.298483e-06
81.988,0.0,83.40529494386067,5.814407e-06
81.988,0.0,83.40488401123176,6.744638e-06
81.988,0.0,83.40447945786426,7.864175e-06
81.988,0.0,83.40403847306652,6.760121e-06
81.988,0.0,83.40362376121796,5.803435e-06
81.988,0.0,83.40321066520085,5.81253e-06
81.988,0.0,83.40278927369755,6.321934e-06
81.988,0.0,83.402379970662,7.249488e-06
81.988,0.0,83.4019537441059,5.926733e-06
81.988,0.0,83.40154157003674,5.099486e-06
81.988,0.0,83.4011234088198,5.575741e-06
81.988,0.0,83.40068987512615,5.436668e-06
81.988,0.0,83.40028989271744,6.313872e-06
81.988,0.0,83.3998528876753,5.735317e-06
81.988,0.0,83.399454692188,5.326365e-06
81.988,0.0,83.3990325113576,5.304377e-06
81.988,0.0,83.39859541976581,5.741356e-06
81.988,0.0,83.39818271554576,7.524824e-06
81.988,0.0,83.39778246799901,7.11414e-06
81.988,0.0,83.39734579904793,5.715978e-06
81.988,0.0,83.39695072390288,5.254886e-06
81.988,0.0,83.39651448484072,4.869711e-06
81.988,0.0,83.39608092406453,5.939684e-06
81.988,0.0,83.39567525666796,5.688111e-06
81.988,0.0,83.39524396492114,4.671252e-06
81.988,0.0,83.39483891570168,4.543981e-06
81.988,0.0,83.39444439759137,4.561211e-06
81.988,0.0,83.39400044039766,4.726957e-06
81.988,0.0,83.39359109840335,5.015449e-06
81.988,0.0,83.39314443296892,4.141111e-06
81.988,0.0,83.3927371760426,4.547721e-06
81.988,0.0,83.39233674344443,4.383299e-06
81.988,0.0,83.39189973578078,4.6809e-06
81.988,0.0,83.39149683593094,5.627284e-06
81.988,0.0,83.39106780546554,4.808913e-06
81.988,0.0,83.39063813228742,5.009162e-06
81.988,0.0,83.390234129295,4.959627e-06
81.988,0.0,83.38984068006737,4.301794e-06
81.988,0.0,83.38940315275946,4.523754e-06
81.988,0.0,83.38899591986863,4.307236e-06
81.988,0.0,83.38858564003823,4.05038e-06
81.988,0.0,83.38817146059459,4.917645e-06
81.988,0.0,83.3877448640426,4.089103e-06
81.988,0.0,83.38734250523581,3.709196e-06
81.988,0.0,83.3869118479431,3.602167e-06
81.988,0.0,83.3865030591021,3.432462e-06
81.988,0.0,83.38609021125559,4.51559e-06
81.988,0.0,83.38567324380992,3.530411e-06
81.988,0.0,83.38523371481237,2.886736e-06
81.988,0.0,83.384826692022,3.447334e-06
81.988,0.0,83.3843913960885,3.748486e-06
81.988,0.0,83.38395898052192,4.913396e-06
81.988,0.0,83.38355624759151,3.93673e-06
81.988,0.0,83.38314278335825,3.153822e-06
81.988,0.0,83.3827361077592,3.230234e-06
81.988,0.0,83.38230273105377,3.200315e-06
81.988,0.0,83.38190992690281,4.458241e-06
81.988,0.0,83.38147283278197,3.707275e-06
81.988,0.0,83.3810607972973,2.801113e-06
81.988,0.0,83.38064034334637,3.108711e-06
81.988,0.0,83.38020094408866,2.994711e-06
81.988,0.0,83.37980143011642,4.567599e-06
81.988,0.0,83.37939595971436,4.476184e-06
81.988,0.0,83.37898352574567,3.53127e-06
81.988,0.0,83.37855277021629,3.421141e-06
81.988,0.0,83.37812553034074,3.592504e-06
81.988,0.0,83.37771255811764,3.746216e-06
81.988,0.0,83.3772889300166,4.176633e-06
81.988,0.0,83.37687871770329,3.235618e-06
81.988,0.0,83.37647432110846,3.041656e-06
81.988,0.0,83.3760472537466,3.168898e-06
81.988,0.0,83.37561900096664,3.776469e-06
81.988,0.0,83.3752050500061,4.089059e-06
81.988,0.0,83.37475668992255,3.35362e-06
81.988,0.0,83.37437068734975,3.290072e-06
81.988,0.0,83.3739316774121,3.124136e-06
81.988,0.0,83.3735229027345,3.060282e-06
81.988,0.0,83.37309916374731,3.494031e-06
81.988,0.0,83.372662064057,2.811736e-06
81.988,0.0,83.37225579678316,2.820598e-06
81.988,0.0,83.37185879917868,2.759436e-06
81.988,0.0,83.37141953198613,2.61543e-06
81.988,0.0,83.37101203903401,2.9355e-06
81.988,0.0,83.37060422828925,2.397181e-06
81.988,0.0,83.37019011407378,2.720291e-06
81.988,0.0,83.36975956386878,2.835106e-06
81.988,0.0,83.3693610071339,2.391665e-06
81.988,0.0,83.36892563779249,3.091409e-06
81.988,0.0,83.36851849458913,2.558154e-06
81.988,0.0,83.36810558304902,2.738147e-06
81.988,0.0,83.36769119481998,2.697809e-06
81.988,0.0,83.36725132561186,2.540444e-06
81.988,0.0,83.36684489693856,2.925837e-06
81.988,0.0,83.36645307766922,2.527813e-06
81.988,0.0,83.36600951642342,2.661123e-06
81.988,0.0,83.36559487064737,3.017718e-06
81.988,0.0,83.36517944042676,2.248082e-06
81.988,0.0,83.36474722288874,2.75737e-06
81.988,0.0,83.36434081086824,2.314075e-06
81.988,0.0,83.36394223502529,2.299552e-06
81.988,0.0,83.36350392965113,2.607136e-06
81.988,0.0,83.3630846897679,2.249333e-06
81.988,0.0,83.36266646369651,2.406479e-06
81.988,0.0,83.36222550285422,2.220928e-06
81.988,0.0,83.36182511016992,2.720859e-06
81.988,0.0,83.36142817700282,3.012494e-06
81.988,0.0,83.3609751888515,2.260233e-06
81.988,0.0,83.36057301249781,2.22883e-06
81.988,0.0,83.36015970778271,2.144632e-06
81.988,0.0,83.35972051808845,2.917397e-06
81.988,0.0,83.35931987359751,3.127658e-06
81.988,0.0,83.35892247989162,2.169036e-06
81.988,0.0,83.35848470408726,2.023342e-06
81.988,0.0,83.3580656148847,2.001572e-06
81.988,0.0,83.35765464591245,2.601271e-06
81.988,0.0,83.35721239439826,3.013731e-06
81.988,0.0,83.35681468474468,2.408226e-06
81.988,0.0,83.35641475325065,2.264977e-06
81.988,0.0,83.3559648757208,2.369256e-06
81.988,0.0,83.35556920389335,3.186855e-06
81.988,0.0,83.35512731446762,3.902314e-06
81.988,0.0,83.35471270074395,3.161695e-06
81.988,0.0,83.3543036419323,3.01456e-06
81.988,0.0,83.35387274060417,3.546505e-06
81.988,0.0,83.35347381344599,4.87121e-06
81.988,0.0,83.35303829741494,5.397698e-06
81.988,0.0,83.35261580017382,4.236688e-06
81.988,0.0,83.35220235174596,4.043279e-06
81.988,0.0,83.35174978371994,4.382789e-06
81.988,0.0,83.3513660826574,5.209411e-06
81.988,0.0,83.35096835675597,5.75991e-06
81.988,0.0,83.3505313712202,4.795002e-06
81.988,0.0,83.35010776317306,4.824877e-06
81.988,0.0,83.34969553534005,4.639543e-06
81.988,0.0,83.34929164995921,3.902533e-06
81.988,0.0,83.34889247719813,3.871653e-06
81.988,0.0,83.34845363961104,3.558627e-06
81.988,0.0,83.34803827493973,3.936759e-06
81.988,0.0,83.34762323246153,4.179557e-06
81.988,0.0,83.34720830752273,3.753696e-06
81.988,0.0,83.3467702990091,3.934329e-06
81.988,0.0,83.34636945175193,3.760739e-06
81.988,0.0,83.34596778862898,4.123911e-06
81.988,0.0,83.34555295759682,4.404603e-06
81.988,0.0,83.3451007524097,3.774927e-06
81.988,0.0,83.34469939133173,3.76541e-06
81.988,0.0,83.34427130452788,3.279478e-06
81.988,0.0,83.34386245423067,3.634603e-06
81.988,0.0,83.34346219103242,3.801877e-06
81.988,0.0,83.34301793401822,2.898945e-06
81.988,0.0,83.34260667828269,2.92038e-06
81.988,0.0,83.34219261995446,2.705303e-06
81.988,0.0,83.34175617958134,2.744593e-06
81.988,0.0,83.34133189002887,3.091031e-06
81.988,0.0,83.3409351220532,2.367262e-06
81.988,0.0,83.3405266931725,2.379267e-06
81.988,0.0,83.3400909540512,2.297238e-06
81.988,0.0,83.33966722261076,2.149143e-06
81.988,0.0,83.33925818408892,2.477813e-06
81.988,0.0,83.33886072971194,1.904293e-06
81.988,0.0,83.3384220635471,1.922206e-06
81.988,0.0,83.33801214566306,2.029628e-06
81.988,0.0,83.33759866785336,2.109562e-06
81.988,0.0,83.33717833882189,2.568195e-06
81.988,0.0,83.33674364593591,1.970591e-06
81.988,0.0,83.3363304552351,1.870852e-06
81.988,0.0,83.33593472245009,2.071989e-06
81.988,0.0,83.33550147336061,1.840337e-06
81.988,0.0,83.33508172521249,2.446366e-06
81.988,0.0,83.33466152980502,2.30367e-06
81.988,0.0,83.33422561953167,2.105386e-06
81.988,0.0,83.33381961140205,2.258486e-06
81.988,0.0,83.3333925802309,1.663822e-06
81.988,0.0,83.33298759341858,1.575405e-06
81.988,0.0,83.33257204346309,1.554334e-06
81.988,0.0,83.33212908440792,2.272398e-06
81.988,0.0,83.33172241828736,2.358764e-06
81.988,0.0,83.33132283350628,1.982247e-06
81.988,0.0,83.33089019539194,2.684334e-06
81.988,0.0,83.33048699287728,2.871326e-06
81.988,0.0,83.3300726121276,2.420158e-06
81.988,0.0,83.32964957140493,2.734669e-06
81.988,0.0,83.32920871542031,2.335873e-06
81.988,0.0,83.3288105215432,2.422152e-06
81.988,0.0,83.32841375303326,2.605928e-06
81.988,0.0,83.3279541634123,2.303947e-06
81.988,0.0,83.32755576010183,2.530214e-06
81.988,0.0,83.32714309535977,2.264162e-06
81.988,0.0,83.32673774297781,2.091838e-06
81.988,0.0,83.32630111279616,1.884604e-06
81.988,0.0,83.32590140426633,1.563283e-06
81.988,0.0,83.32549327633141,1.378285e-06
81.988,0.0,83.325058788954,1.431545e-06
81.988,0.0,83.32463159399549,2.031346e-06
81.988,0.0,83.32421991230694,2.366723e-06
81.988,0.0,83.32379566669093,2.369852e-06
81.988,0.0,83.32338184762598,2.486573e-06
81.988,0.0,83.32297624969738,2.55293e-06
81.988,0.0,83.32253850034459,1.864653e-06
81.988,0.0,83.3221145766734,2.530884e-06
81.988,0.0,83.32170278435248,2.761866e-06
81.988,0.0,83.32127464577906,2.937435e-06
81.988,0.0,83.32086391334094,3.389985e-06
81.988,0.0,83.32045848695917,2.769681e-06
81.988,0.0,83.3200346899651,2.55034e-06
81.988,0.0,83.31962186254873,2.659639e-06
81.988,0.0,83.31918577334015,2.302811e-06
81.988,0.0,83.31878720335665,2.880901e-06
81.988,0.0,83.31837480587654,2.595931e-06
81.988,0.0,83.31795366452646,2.284112e-06
81.988,0.0,83.31754044805895,2.525208e-06
81.988,0.0,83.3171160739234,2.358909e-06
81.988,0.0,83.31669374006461,3.269088e-06
81.988,0.0,83.31626551919244,2.694374e-06
81.988,0.0,83.31585952446872,2.349261e-06
81.988,0.0,83.31545728122349,2.550034e-06
81.988,0.0,83.31500480328089,2.254747e-06
81.988,0.0,83.31460012577736,3.134235e-06
81.988,0.0,83.31418244640709,2.899425e-06
81.988,0.0,83.31375537767862,2.373359e-06
81.988,0.0,83.3133321908954,2.367e-06
81.988,0.0,83.31292216133346,2.105749e-06
81.988,0.0,83.31251067923158,2.516783e-06
81.988,0.0,83.31208016403545,2.781904e-06
81.988,0.0,83.31165019763993,2.381668e-06
81.988,0.0,83.31124343759133,2.406901e-06
81.988,0.0,83.31083355379333,2.276924e-06
81.988,0.0,83.31040656944094,2.227593e-06
81.988,0.0,83.30999985184769,2.806046e-06
81.988,0.0,83.30958883283874,2.430446e-06
81.988,0.0,83.30917099001003,2.308079e-06
81.988,0.0,83.3087326347762,2.594665e-06
81.988,0.0,83.30833391770362,2.169691e-06
81.988,0.0,83.30793526342775,2.630914e-06
81.988,0.0,83.30750574542,2.651112e-06
81.988,0.0,83.30708870003653,2.170709e-06
81.988,0.0,83.30667598100688,2.226618e-06
81.988,0.0,83.30623839744919,2.190878e-06
81.988,0.0,83.30583726549634,2.682631e-06
81.988,0.0,83.30543678108029,2.696994e-06
81.988,0.0,83.30498772727803,2.319503e-06
81.988,0.0,83.30458668586073,2.581204e-06
81.988,0.0,83.3041411740088,2.593923e-06
81.988,0.0,83.30373336575548,2.777175e-06
81.988,0.0,83.30333376316537,2.990622e-06
81.988,0.0,83.30289653442554,2.52969e-06
81.988,0.0,83.30248986801189,2.50958e-06
81.988,0.0,83.30205859920136,2.866946e-06
81.988,0.0,83.30163093426273,2.552071e-06
81.988,0.0,83.3012208252852,2.826666e-06
81.988,0.0,83.30082082881651,2.767076e-06
81.988,0.0,83.30038851052274,2.552639e-06
81.988,0.0,83.2999892865864,3.079593e-06
81.988,0.0,83.29956204487483,2.595028e-06
81.988,0.0,83.29912536612947,2.315646e-06
81.988,0.0,83.29872680982771,2.606277e-06
81.988,0.0,83.29828941762885,2.440036e-06
81.988,0.0,83.29789247430418,3.026857e-06
81.988,0.0,83.29748687271214,3.196445e-06
81.988,0.0,83.29705430428162,2.781671e-06
81.988,0.0,83.29662894090036,3.080757e-06
81.988,0.0,83.29621894628875,2.490444e-06
81.988,0.0,83.29581721562133,2.886707e-06
81.988,0.0,83.2953773961677,3.964291e-06
81.988,0.0,83.29497230324401,3.176887e-06
81.988,0.0,83.2945374078714,2.794273e-06
81.988,0.0,83.29411422911174,2.99135e-06
81.988,0.0,83.29370472244007,2.837551e-06
81.988,0.0,83.29326408846651,3.751615e-06
81.988,0.0,83.2928641051739,3.46014e-06
81.988,0.0,83.29242944438415,2.543515e-06
81.988,0.0,83.2920201552964,2.684159e-06
81.988,0.0,83.29160797206062,2.544039e-06
81.988,0.0,83.29119470499401,2.871486e-06
81.988,0.0,83.29076238893582,3.535446e-06
81.988,0.0,83.2903626915138,2.638582e-06
81.988,0.0,83.2899620932318,2.290704e-06
81.988,0.0,83.28951648555676,2.592467e-06
81.988,0.0,83.28910224822125,2.31422e-06
81.988,0.0,83.28868966764428,3.571608e-06
81.988,0.0,83.28828458149721,3.716879e-06
81.988,0.0,83.28788024112677,2.775472e-06
81.988,0.0,83.2874411730956,2.783563e-06
81.988,0.0,83.28703170978932,2.885106e-06
81.988,0.0,83.28660652883242,3.455454e-06
81.988,0.0,83.28617200835478,4.805494e-06
81.988,0.0,83.28576565470593,3.827503e-06
81.988,0.0,83.28535761820102,2.961286e-06
81.988,0.0,83.28496348808427,3.234629e-06
81.988,0.0,83.28451910577293,2.955159e-06
81.988,0.0,83.2841063694409,3.388268e-06
81.988,0.0,83.28365915780354,3.903042e-06
81.988,0.0,83.28325125906929,2.954635e-06
81.988,0.0,83.28284908135366,2.570043e-06
81.988,0.0,83.28241144395545,2.599001e-06
81.988,0.0,83.28200461832364,2.913934e-06
81.988,0.0,83.28159235842583,3.85569e-06
81.988,0.0,83.28117441581549,3.991852e-06
81.988,0.0,83.28073582750417,3.326786e-06
81.988,0.0,83.28033600471882,3.662077e-06
81.988,0.0,83.27990478092974,3.525769e-06
81.988,0.0,83.27949966859006,3.662892e-06
81.988,0.0,83.27908883031725,4.378759e-06
81.988,0.0,83.2786455201012,3.397872e-06
81.988,0.0,83.27823867336467,3.196692e-06
81.988,0.0,83.27783635358492,4.086658e-06
81.988,0.0,83.27740017631052,3.697656e-06
81.988,0.0,83.27699488953215,3.704481e-06
81.988,0.0,83.27658402620915,4.005313e-06
81.988,0.0,83.27613856205662,3.263121e-06
81.988,0.0,83.27572696293386,3.72254e-06
81.988,0.0,83.27532596832383,4.306043e-06
81.988,0.0,83.27488848286173,3.588415e-06
81.988,0.0,83.27448235239194,4.012749e-06
81.988,0.0,83.27404984753355,4.235728e-06
81.988,0.0,83.27362303186908,3.66231e-06
81.988,0.0,83.27321426323644,4.618385e-06
81.988,0.0,83.27278847528156,4.577174e-06
81.988,0.0,83.27237634870536,3.789915e-06
81.988,0.0,83.27197497113947,4.236659e-06
81.988,0.0,83.27153931653685,4.045694e-06
81.988,0.0,83.27111302522435,3.826703e-06
81.988,0.0,83.27069927302728,5.268274e-06
81.988,0.0,83.27029797988929,4.504356e-06
81.988,0.0,83.26989970165181,3.879177e-06
81.988,0.0,83.2694650924157,4.450441e-06
81.988,0.0,83.26905262170706,3.883732e-06
81.988,0.0,83.26862990916439,4.262271e-06
81.988,0.0,83.26819461682638,5.446927e-06
81.988,0.0,83.26779131523388,4.20482e-06
81.988,0.0,83.26739146126673,3.724766e-06
81.988,0.0,83.26698713417166,4.702044e-06
81.988,0.0,83.26654259028398,3.81736e-06
81.988,0.0,83.26613074043227,5.240552e-06
81.988,0.0,83.26571896247961,6.499118e-06
81.988,0.0,83.26528000716193,4.797199e-06
81.988,0.0,83.26488099526443,4.067435e-06
81.988,0.0,83.26445923183732,4.409609e-06
81.988,0.0,83.2640423333539,3.794426e-06
81.988,0.0,83.26362133399142,5.221402e-06
81.988,0.0,83.26318603184824,5.879032e-06
81.988,0.0,83.26278419357861,4.064364e-06
81.988,0.0,83.26234659622655,3.816414e-06
81.988,0.0,83.26194560381454,4.031943e-06
81.988,0.0,83.26153027863083,3.578753e-06
81.988,0.0,83.26110379462378,5.484733e-06
81.988,0.0,83.26067359040688,6.175032e-06
81.988,0.0,83.2602675490568,4.363217e-06
81.988,0.0,83.25986921121552,4.538408e-06
81.988,0.0,83.25943285210649,4.885718e-06
81.988,0.0,83.25902316514996,3.955705e-06
81.988,0.0,83.25860563350896,5.624504e-06
81.988,0.0,83.2581728056766,6.537506e-06
81.988,0.0,83.2577551255081,4.848698e-06
81.988,0.0,83.25735381919455,4.916408e-06
81.988,0.0,83.2569517011053,5.433219e-06
81.988,0.0,83.25651400084799,4.914342e-06
81.988,0.0,83.2560916129471,5.893176e-06
81.988,0.0,83.25567870287115,6.223767e-06
81.988,0.0,83.25524017198698,4.950169e-06
81.988,0.0,83.25482339428537,5.805719e-06
81.988,0.0,83.25443533519912,6.454051e-06
81.988,0.0,83.25399675481927,5.798152e-06
81.988,0.0,83.25358480015447,6.407136e-06
81.988,0.0,83.25316217347188,6.78077e-06
81.988,0.0,83.25272531157829,5.29534e-06
81.988,0.0,83.25232602330131,6.30453e-06
81.988,0.0,83.25189710947744,6.808245e-06
81.988,0.0,83.25148288155704,5.567534e-06
81.988,0.0,83.25106135246759,5.903144e-06
81.988,0.0,83.25064534241079,6.783361e-06
81.988,0.0,83.25023775241377,5.318347e-06
81.988,0.0,83.24983628008455,6.248345e-06
81.988,0.0,83.24939532267152,7.137438e-06
81.988,0.0,83.24898837965571,6.051952e-06
81.988,0.0,83.2485738834026,5.62139e-06
81.988,0.0,83.24815883805853,5.928756e-06
81.988,0.0,83.24772038255901,4.562549e-06
81.988,0.0,83.24731105549508,5.300913e-06
81.988,0.0,83.2469213938166,6.919683e-06
81.988,0.0,83.2464808004391,5.181733e-06
81.988,0.0,83.24606084118516,4.997812e-06
81.988,0.0,83.24564716362627,5.680107e-06
81.988,0.0,83.24524004328579,4.589703e-06
81.988,0.0,83.24482266983797,4.720729e-06
81.988,0.0,83.24440621111232,7.267095e-06
81.988,0.0,83.24399910582058,6.850765e-06
81.988,0.0,83.24355333459893,5.524766e-06
81.988,0.0,83.24312744337377,6.0077e-06
81.988,0.0,83.24272938452815,6.361617e-06
81.988,0.0,83.24228999739152,4.59436e-06
81.988,0.0,83.24189404888503,6.444752e-06
81.988,0.0,83.2414563460404,7.007868e-06
81.988,0.0,83.24104532871237,5.541093e-06
81.988,0.0,83.24063465650408,5.755675e-06
81.988,0.0,83.24022232234466,6.61207e-06
81.988,0.0,83.23978153053652,5.577327e-06
81.988,0.0,83.23938085745533,6.385017e-06
81.988,0.0,83.23897643141304,8.124305e-06
81.988,0.0,83.23853905597326,6.509043e-06
81.988,0.0,83.23811397994999,5.474692e-06
81.988,0.0,83.23769998607258,6.232774e-06
81.988,0.0,83.23729889317134,5.465132e-06
81.988,0.0,83.2368608522018,5.739756e-06
81.988,0.0,83.23645939483403,8.263756e-06
81.988,0.0,83.23603248331497,7.410315e-06
81.988,0.0,83.2356292720704,5.508991e-06
81.988,0.0,83.23518367058628,5.968686e-06
81.988,0.0,83.23478022691678,6.092887e-06
81.988,0.0,83.23434238571753,5.060807e-06
81.988,0.0,83.23394483016176,7.200913e-06
81.988,0.0,83.2335318021368,7.894108e-06
81.988,0.0,83.23308550652798,5.549853e-06
81.988,0.0,83.23267808976532,5.500639e-06
81.988,0.0,83.2322451666958,6.741451e-06
81.988,0.0,83.23184067152481,5.123613e-06
81.988,0.0,83.23143833545869,5.746711e-06
81.988,0.0,83.23100360024233,7.707844e-06
81.988,0.0,83.23058166909328,6.034839e-06
81.988,0.0,83.23016689525333,4.986636e-06
81.988,0.0,83.22976002575504,6.629838e-06
81.988,0.0,83.22934364150038,6.384042e-06
81.988,0.0,83.22892286820226,5.508016e-06
81.988,0.0,83.22851524133583,7.079187e-06
81.988,0.0,83.2281004230631,7.884504e-06
81.988,0.0,83.22768354820879,5.471447e-06
81.988,0.0,83.22724273810564,5.654467e-06
81.988,0.0,83.22684068238868,7.217139e-06
81.988,0.0,83.22643970235383,5.724432e-06
81.988,0.0,83.2260235356669,5.581314e-06
81.988,0.0,83.22559519284849,7.309471e-06
81.988,0.0,83.22516304967974,6.466944e-06
81.988,0.0,83.22475534618277,4.697853e-06
81.988,0.0,83.224335946,5.804497e-06
81.988,0.0,83.2239161206934,6.128219e-06
81.988,0.0,83.22350562813244,4.828224e-06
81.988,0.0,83.2230762306137,5.389651e-06
81.988,0.0,83.2226459804454,6.751361e-06
81.988,0.0,83.22223929906696,5.180991e-06
81.988,0.0,83.22180797805011,5.098802e-06
81.988,0.0,83.22140055059033,7.400668e-06
81.988,0.0,83.22099291883855,6.623712e-06
81.988,0.0,83.22058057191254,5.058988e-06
81.988,0.0,83.22013449262077,5.61343e-06
81.988,0.0,83.21972464937065,6.203147e-06
81.988,0.0,83.21932245704379,4.532616e-06
81.988,0.0,83.2188838846083,5.96013e-06
81.988,0.0,83.21848140780448,7.755007e-06
81.988,0.0,83.21806565732004,6.413044e-06
81.988,0.0,83.21762145780446,5.809969e-06
81.988,0.0,83.21721662529416,6.303409e-06
81.988,0.0,83.21681884673957,6.091053e-06
81.988,0.0,83.21637957251785,4.923626e-06
81.988,0.0,83.21596630282514,6.949791e-06
81.988,0.0,83.21556200850497,7.33741e-06
81.988,0.0,83.21514196055374,5.537484e-06
81.988,0.0,83.21470597761912,5.906855e-06
81.988,0.0,83.21430486943468,6.803748e-06
81.988,0.0,83.21386372849597,5.394264e-06
81.988,0.0,83.21346416165888,5.394861e-06
81.988,0.0,83.21302628906665,7.539129e-06
81.988,0.0,83.21260179423086,6.94007e-06
81.988,0.0,83.21218797487496,4.976493e-06
81.988,0.0,83.21178636490097,5.550522e-06
81.988,0.0,83.21134784397091,6.247094e-06
81.988,0.0,83.21094541147419,4.335699e-06
81.988,0.0,83.21053398532489,5.492679e-06
81.988,0.0,83.21012170034697,7.450857e-06
81.988,0.0,83.2096790617441,5.671231e-06
81.988,0.0,83.20927079108263,4.461937e-06
81.988,0.0,83.20887083162094,5.264155e-06
81.988,0.0,83.20843928774269,5.077716e-06
81.988,0.0,83.20802863868639,3.967289e-06
81.988,0.0,83.2076179457271,4.915826e-06
81.988,0.0,83.2072067725906,6.370145e-06
81.988,0.0,83.2067657199275,4.649846e-06
81.988,0.0,83.2063633717927,3.962006e-06
81.988,0.0,83.20596411612371,5.377107e-06
81.988,0.0,83.20552776727777,5.034715e-06
81.988,0.0,83.20510484229484,4.315167e-06
81.988,0.0,83.20469236472458,6.412505e-06
81.988,0.0,83.2042613844278,7.321214e-06
81.988,0.0,83.20385472454522,4.92495e-06
81.988,0.0,83.20342565908855,4.717323e-06
81.988,0.0,83.20301975031192,5.812326e-06
81.988,0.0,83.20259372001296,5.164897e-06
81.988,0.0,83.20215979530876,5.155656e-06
81.988,0.0,83.20175299469948,6.792892e-06
81.988,0.0,83.20135450680489,7.205337e-06
81.988,0.0,83.2009167731284,5.627124e-06
81.988,0.0,83.20050706505529,6.716844e-06
81.988,0.0,83.20009321451091,8.374685e-06
81.988,0.0,83.19967585413345,7.46845e-06
81.988,0.0,83.19923489222775,7.654337e-06
81.988,0.0,83.19883266991695,8.834351e-06
81.988,0.0,83.19843219219877,8.866453e-06
81.988,0.0,83.19801846301257,6.683345e-06
81.988,0.0,83.19758856968559,7.469891e-06
81.988,0.0,83.19715776940265,8.939707e-06
81.988,0.0,83.19674859856386,7.818657e-06
81.988,0.0,83.19634673671322,7.607712e-06
81.988,0.0,83.1959066643006,8.575356e-06
81.988,0.0,83.19549808197925,8.228279e-06
81.988,0.0,83.19506859333407,6.227914e-06
81.988,0.0,83.1946379073425,7.684837e-06
81.988,0.0,83.19422715162067,8.71277e-06
81.988,0.0,83.19378866079073,7.300099e-06
81.988,0.0,83.19338785171021,7.705676e-06
81.988,0.0,83.1929875292417,8.979274e-06
81.988,0.0,83.19255393769096,8.141578e-06
81.988,0.0,83.19212788424214,6.555303e-06
81.988,0.0,83.19172381676765,8.987568e-06
81.988,0.0,83.19128355128733,9.504947e-06
81.988,0.0,83.19088738394862,8.60334e-06
81.988,0.0,83.19048508407451,8.426548e-06
81.988,0.0,83.19005394733756,7.783543e-06
81.988,0.0,83.1896263013141,5.378621e-06
81.988,0.0,83.18921329474833,5.154769e-06
81.988,0.0,83.18881433990082,7.093404e-06
81.988,0.0,83.18837421741897,8.561372e-06
81.988,0.0,83.1879692905773,7.351831e-06
81.988,0.0,83.18755457714734,7.56119e-06
81.988,0.0,83.18714046969059,8.762698e-06
81.988,0.0,83.18673185308423,8.022733e-06
81.988,0.0,83.18627937424502,7.617433e-06
81.988,0.0,83.18588850387017,8.76245e-06
81.988,0.0,83.18548484623025,8.682255e-06
81.988,0.0,83.18505353676814,7.255221e-06
81.988,0.0,83.18462845355718,7.444338e-06
81.988,0.0,83.18422009009137,8.304982e-06
81.988,0.0,83.18378543116353,7.317984e-06
81.988,0.0,83.18338388539917,6.467308e-06
81.988,0.0,83.18294435862168,8.461226e-06
81.988,0.0,83.18253378375678,8.787028e-06
81.988,0.0,83.18212067987103,7.12875e-06
81.988,0.0,83.18170426612741,7.330367e-06
81.988,0.0,83.18126401630705,8.39225e-06
81.988,0.0,83.18086304367995,7.681738e-06
81.988,0.0,83.1804675588195,6.549264e-06
81.988,0.0,83.18002833930686,8.204937e-06
81.988,0.0,83.17960684278945,8.945543e-06
81.988,0.0,83.17919355333304,6.899107e-06
81.988,0.0,83.17876477584697,6.798029e-06
81.988,0.0,83.1783587574997,7.895738e-06
81.988,0.0,83.17796240184512,7.279814e-06
81.988,0.0,83.17751688772704,6.797694e-06
81.988,0.0,83.17709782165358,8.399409e-06
81.988,0.0,83.176690741546,9.375915e-06
81.988,0.0,83.17625768866208,7.797367e-06
81.988,0.0,83.175847646667,7.430397e-06
81.988,0.0,83.17544777051023,8.403993e-06
81.988,0.0,83.17501037962978,7.372684e-06
81.988,0.0,83.17459063076132,7.315582e-06
81.988,0.0,83.17417056249084,8.272953e-06
81.988,0.0,83.17373058546984,8.90487e-06
81.988,0.0,83.1733272243292,6.441784e-06
81.988,0.0,83.17292650971727,6.816845e-06
81.988,0.0,83.17248787035314,8.248433e-06
81.988,0.0,83.17206808266478,7.737792e-06
81.988,0.0,83.1716524211175,7.267488e-06
81.988,0.0,83.17124158756101,8.561401e-06
81.988,0.0,83.1708414671591,8.574876e-06
81.988,0.0,83.170403184098,6.134142e-06
81.988,0.0,83.16997912856216,6.135422e-06
81.988,0.0,83.16957986952974,7.898096e-06
81.988,0.0,83.16916359034194,8.133458e-06
81.988,0.0,83.16875844357156,7.380644e-06
81.988,0.0,83.16831967938647,7.634604e-06
81.988,0.0,83.16792038007571,8.82629e-06
81.988,0.0,83.16751057576853,7.620343e-06
81.988,0.0,83.16708042788404,7.752154e-06
81.988,0.0,83.16665114462972,8.022427e-06
81.988,0.0,83.1662409051475,8.731353e-06
81.988,0.0,83.16584491815193,7.314113e-06
81.988,0.0,83.16540609705756,7.651775e-06
81.988,0.0,83.1650010267617,7.702576e-06
81.988,0.0,83.16456573392237,6.826071e-06
81.988,0.0,83.16414574955293,5.698734e-06
81.988,0.0,83.16373831289556,7.186973e-06
81.988,0.0,83.163301021343,8.309493e-06
81.988,0.0,83.16289805967715,6.836199e-06
81.988,0.0,83.16249037362002,7.418887e-06
81.988,0.0,83.16205804900376,8.228279e-06
81.988,0.0,83.1616289752346,7.575451e-06
81.988,0.0,83.16121709708553,5.594673e-06
81.988,0.0,83.1608140664343,6.428309e-06
81.988,0.0,83.1603770620323,8.433839e-06
81.988,0.0,83.15997479025735,7.46634e-06
81.988,0.0,83.15956032024161,6.788498e-06
81.988,0.0,83.1591135161285,6.911403e-06
81.988,0.0,83.1587041866529,7.346156e-06
81.988,0.0,83.15829489020123,5.219845e-06
81.988,0.0,83.15789297887413,5.765236e-06
81.988,0.0,83.15746099893234,7.698822e-06
81.988,0.0,83.1570460532825,6.711445e-06
81.988,0.0,83.15663396741108,6.151255e-06
81.988,0.0,83.15618544892772,6.947215e-06
81.988,0.0,83.15578461105493,7.650888e-06
81.988,0.0,83.15538620969372,6.026719e-06
81.988,0.0,83.15494367961188,6.202914e-06
81.988,0.0,83.15453193472592,8.452538e-06
81.988,0.0,83.15409854412506,7.978844e-06
81.988,0.0,83.15367319102315,6.498536e-06
81.988,0.0,83.1532705005543,7.084149e-06
81.988,0.0,83.15286049107502,7.946597e-06
81.988,0.0,83.15243536635043,6.661023e-06
81.988,0.0,83.15202196916262,5.922746e-06
81.988,0.0,83.1515947894001,8.007773e-06
81.988,0.0,83.15116441121859,8.755e-06
81.988,0.0,83.15075704561687,7.083334e-06
81.988,0.0,83.15035669741485,6.998525e-06
81.988,0.0,83.14992295999252,7.923416e-06
81.988,0.0,83.14951149051473,7.630239e-06
81.988,0.0,83.14909690103167,6.079761e-06
81.988,0.0,83.14868516272813,7.10848e-06
81.988,0.0,83.14828047231221,8.537943e-06
81.988,0.0,83.14783826365105,7.284849e-06
81.988,0.0,83.14743781473003,6.300586e-06
81.988,0.0,83.14702456700618,7.245195e-06
81.988,0.0,83.14659056531315,7.706592e-06
81.988,0.0,83.14617289370082,6.495931e-06
81.988,0.0,83.14576763609384,6.589951e-06
81.988,0.0,83.14533237139665,8.111005e-06
81.988,0.0,83.14493164085582,7.898532e-06
81.988,0.0,83.14452140305589,6.240691e-06
81.988,0.0,83.14409271621784,6.786067e-06
81.988,0.0,83.14365943414215,8.051342e-06
81.988,0.0,83.14325559275677,6.665767e-06
81.988,0.0,83.14281970211641,7.001625e-06
81.988,0.0,83.14242047668682,8.06243e-06
81.988,0.0,83.14201295269322,8.025439e-06
81.988,0.0,83.14156748831074,6.025686e-06
81.988,0.0,83.14113974540648,6.057642e-06
81.988,0.0,83.14074808756861,7.747527e-06
81.988,0.0,83.1403079765331,7.368479e-06
81.988,0.0,83.13990529638191,6.371949e-06
81.988,0.0,83.13949747157451,7.260576e-06
81.988,0.0,83.13908219534886,8.309347e-06
81.988,0.0,83.13866188623227,6.595044e-06
81.988,0.0,83.13822180007422,5.424357e-06
81.988,0.0,83.13782098574168,7.244467e-06
81.988,0.0,83.13741838300635,7.702387e-06
81.988,0.0,83.13697780431887,6.445844e-06
81.988,0.0,83.13656217054884,6.918417e-06
81.988,0.0,83.13614073080508,8.099305e-06
81.988,0.0,83.13573975278166,7.261828e-06
81.988,0.0,83.13530106987932,5.372596e-06
81.988,0.0,83.13490258942743,6.094691e-06
81.988,0.0,83.13446473006094,7.537747e-06
81.988,0.0,83.13404758196252,6.344693e-06
81.988,0.0,83.13363232774216,6.564253e-06
81.988,0.0,83.13318499097598,7.155148e-06
81.988,0.0,83.13278232769308,7.507377e-06
81.988,0.0,83.13238321232409,5.79693e-06
81.988,0.0,83.13192549334079,5.323847e-06
81.988,0.0,83.13153132065047,7.020179e-06
81.988,0.0,83.13111472228111,6.636896e-06
81.988,0.0,83.13070348687324,5.662587e-06
81.988,0.0,83.13027833645414,6.365895e-06
81.988,0.0,83.12986760662649,6.747505e-06
81.988,0.0,83.12946649344619,5.683949e-06
81.988,0.0,83.12904133596055,4.557005e-06
81.988,0.0,83.1286267170971,5.988055e-06
81.988,0.0,83.12819470245898,7.856797e-06
81.988,0.0,83.12779385940723,6.759976e-06
81.988,0.0,83.12738039550949,6.154107e-06
81.988,0.0,83.12695545107769,6.574963e-06
81.988,0.0,83.12654160188666,7.191353e-06
81.988,0.0,83.12612806059934,5.345195e-06
81.988,0.0,83.12571829647254,5.345137e-06
81.988,0.0,83.12527884825198,7.608993e-06
81.988,0.0,83.12487637891526,7.025679e-06
81.988,0.0,83.12443854248636,6.01729e-06
81.988,0.0,83.1240275654632,6.469272e-06
81.988,0.0,83.12361311455825,7.281662e-06
81.988,0.0,83.12319694207524,6.466187e-06
81.988,0.0,83.1227615711474,5.446826e-06
81.988,0.0,83.12235092501362,6.90257e-06
81.988,0.0,83.12192570124722,7.8546e-06
81.988,0.0,83.12151620550034,6.53477e-06
81.988,0.0,83.12110331131834,6.408314e-06
81.988,0.0,83.12068546632125,6.647839e-06
81.988,0.0,83.12024569107749,6.991977e-06
81.988,0.0,83.11984748030109,5.572336e-06
81.988,0.0,83.11944661539769,5.900511e-06
81.988,0.0,83.1190095190458,7.805356e-06
81.988,0.0,83.11858758937817,7.440001e-06
81.988,0.0,83.11816321260615,5.906259e-06
81.988,0.0,83.11776622524884,6.09312e-06
81.988,0.0,83.11731815178591,7.331808e-06
81.988,0.0,83.11692570335121,6.475457e-06
81.988,0.0,83.11649771296993,5.59348e-06
81.988,0.0,83.11607643014275,7.036913e-06
81.988,0.0,83.11566537977052,8.079252e-06
81.988,0.0,83.11525739825692,6.261849e-06
81.988,0.0,83.11481806575196,5.653172e-06
81.988,0.0,83.11442258990364,6.282222e-06
81.988,0.0,83.11398487591482,7.008188e-06
81.988,0.0,83.11356627882243,5.84696e-06
81.988,0.0,83.11314531924712,6.273956e-06
81.988,0.0,83.11270567009312,7.53002e-06
81.988,0.0,83.1123064515618,7.304872e-06
81.988,0.0,83.11190970964716,5.721027e-06
81.988,0.0,83.11147173839475,5.741953e-06
81.988,0.0,83.1110547506574,6.914837e-06
81.988,0.0,83.11064227945961,6.443603e-06
81.988,0.0,83.11023244837703,5.91042e-06
81.988,0.0,83.10979191577971,6.265414e-06
81.988,0.0,83.10938942051015,7.538489e-06
81.988,0.0,83.10898352409669,7.030831e-06
81.988,0.0,83.10856797727942,5.170557e-06
81.988,0.0,83.10814555366521,5.827649e-06
81.988,0.0,83.10770974696122,7.567782e-06
81.988,0.0,83.10731183460591,6.626797e-06
81.988,0.0,83.1069098380645,6.375878e-06
81.988,0.0,83.10647212117061,6.535047e-06
81.988,0.0,83.10605073360937,7.088471e-06
81.988,0.0,83.10564680236475,5.432346e-06
81.988,0.0,83.10520096296156,4.599962e-06
81.988,0.0,83.10480013904966,5.874288e-06
81.988,0.0,83.10439930937773,7.093418e-06
81.988,0.0,83.10396196777637,5.8695e-06
81.988,0.0,83.1035471671857,6.011178e-06
81.988,0.0,83.10313383205273,6.210452e-06
81.988,0.0,83.1026912583765,6.509799e-06
81.988,0.0,83.10229031428088,4.764763e-06
81.988,0.0,83.1018875726941,4.477159e-06
81.988,0.0,83.10144903439969,6.507515e-06
81.988,0.0,83.10102246146165,6.266724e-06
81.988,0.0,83.10062499825105,5.359019e-06
81.988,0.0,83.10017967985715,5.871363e-06
81.988,0.0,83.09977661354037,7.278228e-06
81.988,0.0,83.09937637659141,6.77463e-06
81.988,0.0,83.09897057456259,5.186899e-06
81.988,0.0,83.09852591717419,5.331894e-06
81.988,0.0,83.09811273155564,6.886869e-06
81.988,0.0,83.09770114639328,5.782305e-06
81.988,0.0,83.09725872183787,5.446826e-06
81.988,0.0,83.09686146624297,5.694397e-06
81.988,0.0,83.09646031027704,6.53317e-06
81.988,0.0,83.09602664589801,5.295093e-06
81.988,0.0,83.09560447749091,4.202011e-06
81.988,0.0,83.09518989864779,5.132228e-06
81.988,0.0,83.09475383035,6.153568e-06
81.988,0.0,83.0943391777114,4.67035e-06
81.988,0.0,83.09392262758817,4.558839e-06
81.988,0.0,83.09351161024915,5.333524e-06
81.988,0.0,83.09307811972589,6.342772e-06
81.988,0.0,83.09265237881102,4.925532e-06
81.988,0.0,83.09224620910894,4.225716e-06
81.988,0.0,83.09184878823231,3.998226e-06
81.988,0.0,83.0914105705332,4.58688e-06
81.988,0.0,83.09100032724403,4.579968e-06
81.988,0.0,83.09059075672275,4.306654e-06
81.988,0.0,83.09017386043914,5.129798e-06
81.988,0.0,83.08973690044206,7.208335e-06
81.988,0.0,83.0893386694337,6.591072e-06
81.988,0.0,83.08893873978863,6.592309e-06
81.988,0.0,83.08849902415311,6.669929e-06
81.988,0.0,83.08807785734751,8.206931e-06
81.988,0.0,83.08766576668684,6.89755e-06
81.988,0.0,83.08726102716874,6.447735e-06
81.988,0.0,83.0868229562835,6.610222e-06
81.988,0.0,83.08642554183368,7.58555e-06
81.988,0.0,83.08601518660362,6.307542e-06
81.988,0.0,83.08558726156456,5.880473e-06
81.988,0.0,83.0851427316517,7.096009e-06
81.988,0.0,83.08474966262588,8.224713e-06
81.988,0.0,83.08431043509567,6.693401e-06
81.988,0.0,83.08391493713674,6.405855e-06
81.988,0.0,83.08350603798515,6.921837e-06
81.988,0.0,83.08305970936479,7.856201e-06
81.988,0.0,83.08264648638327,6.442642e-06
81.988,0.0,83.08223600995655,6.27205e-06
81.988,0.0,83.08179718637957,7.575654e-06
81.988,0.0,83.08139456659492,8.245857e-06
81.988,0.0,83.08099024326529,6.209855e-06
81.988,0.0,83.08055106456206,5.735361e-06
81.988,0.0,83.08013739308798,6.543836e-06
81.988,0.0,83.0797263868727,7.83219e-06
81.988,0.0,83.07930113472447,6.312141e-06
81.988,0.0,83.07888724112928,6.416652e-06
81.988,0.0,83.07848261878334,7.783339e-06
81.988,0.0,83.07804851871745,8.426767e-06
81.988,0.0,83.07762373793004,6.193863e-06
81.988,0.0,83.077212995533,5.65419e-06
81.988,0.0,83.07681282914281,6.78029e-06
81.988,0.0,83.07637468876854,7.275885e-06
81.988,0.0,83.07597331924549,6.484406e-06
81.988,0.0,83.07555920487913,6.209651e-06
81.988,0.0,83.07511256832088,7.350493e-06
81.988,0.0,83.07470063508248,8.067902e-06
81.988,0.0,83.07427268239084,5.733644e-06
81.988,0.0,83.07386392145285,5.329654e-06
81.988,0.0,83.07346461570748,6.983595e-06
81.988,0.0,83.07301888980788,7.943076e-06
81.988,0.0,83.07260445638897,6.573377e-06
81.988,0.0,83.07218909775665,7.196693e-06
81.988,0.0,83.07175098186349,7.515497e-06
81.988,0.0,83.07134898018165,8.673465e-06
81.988,0.0,83.07095297601725,6.745555e-06
81.988,0.0,83.07053817046089,5.616908e-06
81.988,0.0,83.07009282008683,7.186842e-06
81.988,0.0,83.06966551552765,8.441682e-06
81.988,0.0,83.06927300123436,6.909628e-06
81.988,0.0,83.0688757477157,6.565679e-06
81.988,0.0,83.06843587259567,6.745133e-06
81.988,0.0,83.06802731875439,8.373449e-06
81.988,0.0,83.0676131911229,6.894086e-06
81.988,0.0,83.06719816453506,5.561393e-06
81.988,0.0,83.06675981290773,5.873575e-06
81.988,0.0,83.06635790678904,7.565512e-06
81.988,0.0,83.06596021360117,6.931339e-06
81.988,0.0,83.06552543807587,6.532704e-06
81.988,0.0,83.06510399125851,6.873277e-06
81.988,0.0,83.06468808829536,7.678915e-06
81.988,0.0,83.06422978071562,7.005772e-06
81.988,0.0,83.06384526662272,6.482966e-06
81.988,0.0,83.06343781667384,6.231436e-06
81.988,0.0,83.06301312126782,7.828756e-06
81.988,0.0,83.0625810081794,6.927512e-06
81.988,0.0,83.06215342628458,5.702517e-06
81.988,0.0,83.06174773640583,6.0983e-06
81.988,0.0,83.06134613180873,6.794347e-06
81.988,0.0,83.06090918197908,5.880167e-06
81.988,0.0,83.06050353815468,5.017413e-06
81.988,0.0,83.06008556196099,5.57919e-06
81.988,0.0,83.05966349886877,7.64642e-06
81.988,0.0,83.05922610154252,7.109993e-06
81.988,0.0,83.05882651089186,5.776368e-06
81.988,0.0,83.05842713227561,6.124945e-06
81.988,0.0,83.0579902914003,7.107286e-06
81.988,0.0,83.05756436153749,6.537957e-06
81.988,0.0,83.05715782194747,6.029994e-06
81.988,0.0,83.0567499970167,5.677648e-06
81.988,0.0,83.05631204659424,7.659328e-06
81.988,0.0,83.05591269264129,7.136987e-06
81.988,0.0,83.05550521113112,5.632261e-06
81.988,0.0,83.05506007622083,5.95866e-06
81.988,0.0,83.05464577999925,6.583228e-06
81.988,0.0,83.05419779623239,7.310897e-06
81.988,0.0,83.05379873591706,5.876631e-06
81.988,0.0,83.05339035969435,5.816735e-06
81.988,0.0,83.0529616618222,6.9464e-06
81.988,0.0,83.05254502574536,7.917071e-06
81.988,0.0,83.05212572957748,6.320362e-06
81.988,0.0,83.05169001092796,5.365582e-06
81.988,0.0,83.05128806701588,5.967522e-06
81.988,0.0,83.05088514618262,7.04643e-06
81.988,0.0,83.05045210671686,5.54866e-06
81.988,0.0,83.05004012177037,5.385285e-06
81.988,0.0,83.0496270513081,6.367336e-06
81.988,0.0,83.0492146573434,7.625218e-06
81.988,0.0,83.04879027667023,6.575894e-06
81.988,0.0,83.04837606172211,5.34048e-06
81.988,0.0,83.04797467031574,5.590467e-06
81.988,0.0,83.0475423788367,5.966111e-06
81.988,0.0,83.04711616725618,5.475056e-06
81.988,0.0,83.04669931876444,4.582733e-06
81.988,0.0,83.04629543422568,5.326408e-06
81.988,0.0,83.04589488771944,7.225972e-06
81.988,0.0,83.04545987841689,7.190989e-06
81.988,0.0,83.04504499992957,5.488575e-06
81.988,0.0,83.04461899374401,5.494949e-06
81.988,0.0,83.04418494741432,6.796326e-06
81.988,0.0,83.04378246139211,7.365961e-06
81.988,0.0,83.04338078908647,5.755879e-06
81.988,0.0,83.0429422580263,5.783702e-06
81.988,0.0,83.04252839864859,6.935952e-06
81.988,0.0,83.0421176552816,7.677416e-06
81.988,0.0,83.04167195894264,5.536232e-06
81.988,0.0,83.04125289113368,5.102658e-06
81.988,0.0,83.04086893401069,6.131362e-06
81.988,0.0,83.04043374335001,7.284223e-06
81.988,0.0,83.04002288977088,6.171147e-06
81.988,0.0,83.03960886787729,6.31396e-06
81.988,0.0,83.03916395611883,6.771283e-06
81.988,0.0,83.03876080748319,7.957002e-06
81.988,0.0,83.03836275624573,6.421789e-06
81.988,0.0,83.03792325826394,5.2572e-06
81.988,0.0,83.03751304433135,5.757349e-06
81.988,0.0,83.03709313262594,7.395982e-06
81.988,0.0,83.03668460348793,6.603092e-06
81.988,0.0,83.03624587444294,6.050468e-06
81.988,0.0,83.03584724117685,6.806076e-06
81.988,0.0,83.03544639885621,7.379072e-06
81.988,0.0,83.03500484063807,7.915383e-06
81.988,0.0,83.03458267684326,6.349277e-06
81.988,0.0,83.0341630525181,5.727779e-06
81.988,0.0,83.03372527078314,7.390714e-06
81.988,0.0,83.03332569027548,8.228526e-06
81.988,0.0,83.03292386181732,6.519229e-06
81.988,0.0,83.03248474533078,6.320683e-06
81.988,0.0,83.03206810581743,6.44305e-06
81.988,0.0,83.03165303689904,8.068033e-06
81.988,0.0,83.03121719928164,6.688118e-06
81.988,0.0,83.03081944785987,5.345893e-06
81.988,0.0,83.03041521722203,6.290575e-06
81.988,0.0,83.02997927456298,7.35154e-06
81.988,0.0,83.02956426308958,6.701899e-06
81.988,0.0,83.02914999326434,6.031361e-06
81.988,0.0,83.02874223232395,6.279952e-06
81.988,0.0,83.02830512552056,7.002702e-06
81.988,0.0,83.0279053332604,7.273266e-06
81.988,0.0,83.02749569153764,5.581154e-06
81.988,0.0,83.02706613314778,5.475536e-06
81.988,0.0,83.02663784947492,7.038892e-06
81.988,0.0,83.02622823021267,7.280352e-06
81.988,0.0,83.0258284013738,6.001923e-06
81.988,0.0,83.02539145477886,6.693663e-06
81.988,0.0,83.02498721558949,6.702481e-06
81.988,0.0,83.02455479398158,7.456765e-06
81.988,0.0,83.02412870887493,5.946597e-06
81.988,0.0,83.02371647449745,4.749192e-06
81.988,0.0,83.02331600073026,5.995913e-06
81.988,0.0,83.02287735334575,7.416151e-06
81.988,0.0,83.02246085058,5.625276e-06
81.988,0.0,83.02206154098593,5.209091e-06
81.988,0.0,83.02163842692137,6.010567e-06
81.988,0.0,83.02120277062595,6.640214e-06
81.988,0.0,83.0208053527269,6.024493e-06
81.988,0.0,83.02036905637179,4.795918e-06
81.988,0.0,83.01996692557123,5.47801e-06
81.988,0.0,83.0195524687831,6.785194e-06
81.988,0.0,83.01912786661622,6.85759e-06
81.988,0.0,83.01869097650895,5.596114e-06
81.988,0.0,83.01829321392542,5.895126e-06
81.988,0.0,83.01788462333884,6.109156e-06
81.988,0.0,83.01745907721836,6.572984e-06
81.988,0.0,83.01704937687491,5.336653e-06
81.988,0.0,83.01662053483197,5.752489e-06
81.988,0.0,83.01618462302818,6.438786e-06
81.988,0.0,83.01578154132228,7.100607e-06
81.988,0.0,83.0153741014238,6.741771e-06
81.988,0.0,83.0149423971356,5.738373e-06
81.988,0.0,83.01451807167646,6.05594e-06
81.988,0.0,83.01410216418489,6.556249e-06
81.988,0.0,83.01366815946696,6.134462e-06
81.988,0.0,83.01326447613432,4.882822e-06
81.988,0.0,83.01282488710488,5.611117e-06
81.988,0.0,83.01242331185463,6.208371e-06
81.988,0.0,83.01201225048749,5.87455e-06
81.988,0.0,83.01158373961509,4.372516e-06
81.988,0.0,83.0111531706085,4.326415e-06
81.988,0.0,83.01074804945603,5.712252e-06
81.988,0.0,83.01034238910621,6.475544e-06
81.988,0.0,83.00992432405073,5.782349e-06
81.988,0.0,83.00951428116812,5.636553e-06
81.988,0.0,83.00909928714312,6.396949e-06
81.988,0.0,83.00868273415459,7.699375e-06
81.988,0.0,83.00824438298106,6.784452e-06
81.988,0.0,83.00784115922966,5.641486e-06
81.988,0.0,83.00744209608008,6.08628e-06
81.988,0.0,83.00700192165915,6.723989e-06
81.988,0.0,83.00658024400855,6.831906e-06
81.988,0.0,83.00616709381426,5.854803e-06
81.988,0.0,83.00575866330512,6.524366e-06
81.988,0.0,83.00534356040845,7.028211e-06
81.988,0.0,83.00492321473115,7.119539e-06
81.988,0.0,83.00451302490238,5.505222e-06
81.988,0.0,83.00408250170919,5.789174e-06
81.988,0.0,83.00365532923544,6.730857e-06
81.988,0.0,83.00325181428451,7.107301e-06
81.988,0.0,83.00281313912102,5.83638e-06
81.988,0.0,83.00241333125052,6.811446e-06
81.988,0.0,83.00200320398906,7.135954e-06
81.988,0.0,83.00157563094182,7.16951e-06
81.988,0.0,83.00114766436018,5.770125e-06
81.988,0.0,83.00073901728622,4.906033e-06
81.988,0.0,83.00029869130813,5.726048e-06
81.988,0.0,82.99989702555078,6.66402e-06
81.988,0.0,82.99949078498837,6.183807e-06
81.988,0.0,82.99905254376226,5.322727e-06
81.988,0.0,82.9986314206852,6.32029e-06
81.988,0.0,82.99822129688171,6.612201e-06
81.988,0.0,82.99782105102064,6.673581e-06
81.988,0.0,82.9973833983928,5.029084e-06
81.988,0.0,82.99698092518523,5.121648e-06
81.988,0.0,82.9965674630279,6.201517e-06
81.988,0.0,82.99614883292831,7.078212e-06
81.988,0.0,82.9957127394752,5.744456e-06
81.988,0.0,82.99531477527904,6.384726e-06
81.988,0.0,82.99487525716103,6.864488e-06
81.988,0.0,82.99447073230685,6.705406e-06
81.988,0.0,82.99404012942426,5.865426e-06
81.988,0.0,82.99361561381227,4.680725e-06
81.988,0.0,82.99320128039382,5.455498e-06
81.988,0.0,82.99276299872757,6.439077e-06
81.988,0.0,82.99236310481822,5.891256e-06
81.988,0.0,82.99195936868352,4.735164e-06
81.988,0.0,82.99154139957018,5.615846e-06
81.988,0.0,82.99109600847,5.749374e-06
81.988,0.0,82.99068442536162,7.800219e-06
81.988,0.0,82.99028825351913,6.11812e-06
81.988,0.0,82.98984920959731,5.029302e-06
81.988,0.0,82.98944747781628,5.802634e-06
81.988,0.0,82.98903494212274,7.461873e-06
81.988,0.0,82.98862152317857,5.79773e-06
81.988,0.0,82.98817478962945,5.272348e-06
81.988,0.0,82.987766254142,6.880538e-06
81.988,0.0,82.98737114031773,6.898597e-06
81.988,0.0,82.98697257168389,6.518181e-06
81.988,0.0,82.98652615012135,4.805202e-06
81.988,0.0,82.9861135139715,5.499794e-06
81.988,0.0,82.9856987167452,6.19459e-06
81.988,0.0,82.98526284906842,6.137139e-06
81.988,0.0,82.9848618407414,4.992136e-06
81.988,0.0,82.98446314385998,6.033559e-06
81.988,0.0,82.98401701149594,6.085713e-06
81.988,0.0,82.98360283542979,6.749935e-06
81.988,0.0,82.98318639295934,5.822876e-06
81.988,0.0,82.98274940098108,5.381182e-06
81.988,0.0,82.98234989689023,6.20613e-06
81.988,0.0,82.98194955154875,7.497365e-06
81.988,0.0,82.98149179178334,6.591566e-06
81.988,0.0,82.98109343409881,5.412803e-06
81.988,0.0,82.9806790632226,6.17528e-06
81.988,0.0,82.98024511435915,6.02912e-06
81.988,0.0,82.97984428128959,5.146067e-06
81.988,0.0,82.97944630074541,3.659763e-06
81.988,0.0,82.97900307053487,4.931979e-06
81.988,0.0,82.9785895770455,7.10765e-06
81.988,0.0,82.97817174062996,7.501381e-06
81.988,0.0,82.977734854692,5.546273e-06
81.988,0.0,82.97732725093594,5.846057e-06
81.988,0.0,82.97693584768983,6.462244e-06
81.988,0.0,82.97647703962294,7.085313e-06
81.988,0.0,82.97607713113011,6.348768e-06
81.988,0.0,82.97566239222748,6.166607e-06
81.988,0.0,82.97525655493685,6.841161e-06
81.988,0.0,82.9748236618831,7.551294e-06
81.988,0.0,82.97441524698877,7.085371e-06
81.988,0.0,82.97397770686571,5.956477e-06
81.988,0.0,82.97356726302785,6.815389e-06
81.988,0.0,82.97312101942092,7.555413e-06
81.988,0.0,82.97270781496269,7.470662e-06
81.988,0.0,82.97230637928514,6.17464e-06
81.988,0.0,82.97190132723017,6.505477e-06
81.988,0.0,82.97146720408276,7.1947e-06
81.988,0.0,82.97105550625093,7.91502e-06
81.988,0.0,82.97064145466125,6.068934e-06
81.988,0.0,82.97021896009858,5.627182e-06
81.988,0.0,82.96981485655071,6.595859e-06
81.988,0.0,82.96937543337809,7.481431e-06
81.988,0.0,82.96896910131534,6.725968e-06
81.988,0.0,82.96855356833048,6.25127e-06
81.988,0.0,82.9681406813554,7.195398e-06
81.988,0.0,82.96773043333316,7.914234e-06
81.988,0.0,82.96729655676282,7.537616e-06
81.988,0.0,82.96689517882932,5.805254e-06
81.988,0.0,82.96648896929791,6.210321e-06
81.988,0.0,82.96604553045425,7.330018e-06
81.988,0.0,82.96562712676786,7.719966e-06
81.988,0.0,82.96522119361683,6.161834e-06
81.988,0.0,82.96479471590952,7.32005e-06
81.988,0.0,82.96437619069259,7.494949e-06
81.988,0.0,82.96397058495276,7.734023e-06
81.988,0.0,82.96352303354273,5.118636e-06
81.988,0.0,82.96310826656095,4.94461e-06
81.988,0.0,82.96269318571773,6.147049e-06
81.988,0.0,82.96229308883031,6.839036e-06
81.988,0.0,82.96185297127803,5.809474e-06
81.988,0.0,82.96145303183755,5.225011e-06
81.988,0.0,82.9610393302094,6.422459e-06
81.988,0.0,82.9606162802191,6.511953e-06
81.988,0.0,82.96018072155154,5.838636e-06
81.988,0.0,82.95977585957266,3.529494e-06
81.988,0.0,82.95937708606648,3.875684e-06
81.988,0.0,82.95893887735537,5.969807e-06
81.988,0.0,82.95852684390275,6.899238e-06
81.988,0.0,82.95811326527485,5.296053e-06
81.988,0.0,82.95769975419715,5.850074e-06
81.988,0.0,82.9572619969133,5.849972e-06
81.988,0.0,82.95686111798662,6.107875e-06
81.988,0.0,82.95646151082742,4.995192e-06
81.988,0.0,82.95601381825715,4.43813e-06
81.988,0.0,82.95559894296952,5.584647e-06
81.988,0.0,82.95518361615633,7.178314e-06
81.988,0.0,82.95474649461175,5.879032e-06
81.988,0.0,82.95434634218017,5.920869e-06
81.988,0.0,82.95390697981344,6.664413e-06
81.988,0.0,82.95350087328417,6.605231e-06
81.988,0.0,82.95308338842754,6.618735e-06
81.988,0.0,82.95264740180801,4.802641e-06
81.988,0.0,82.9522264395964,5.330119e-06
81.988,0.0,82.95182636076922,6.556133e-06
81.988,0.0,82.9514248919925,7.290946e-06
81.988,0.0,82.95098632342376,5.431037e-06
81.988,0.0,82.95056940376558,6.354414e-06
81.988,0.0,82.95015578210509,6.753704e-06
81.988,0.0,82.94974754789361,7.152237e-06
81.988,0.0,82.94930611980905,6.232745e-06
81.988,0.0,82.94890778510471,5.176669e-06
81.988,0.0,82.94850062604085,6.400718e-06
81.988,0.0,82.94808620212552,7.744951e-06
81.988,0.0,82.94766627727121,7.110983e-06
81.988,0.0,82.94723252234127,6.01339e-06
81.988,0.0,82.94682203293758,7.347189e-06
81.988,0.0,82.94642943675959,7.30982e-06
81.988,0.0,82.94599013095461,7.345021e-06
81.988,0.0,82.94557445330396,5.433845e-06
81.988,0.0,82.94515981508981,5.85572e-06
81.988,0.0,82.94471589259675,7.089984e-06
81.988,0.0,82.94431320479123,7.811468e-06
81.988,0.0,82.94391090816264,6.35488e-06
81.988,0.0,82.94347438130599,6.591057e-06
81.988,0.0,82.94306022647429,7.082752e-06
81.988,0.0,82.94263711078662,7.648036e-06
81.988,0.0,82.94220011280203,6.417657e-06
81.988,0.0,82.94179396765054,6.078481e-06
81.988,0.0,82.94139839475521,6.875678e-06
81.988,0.0,82.94095902894874,7.681039e-06
81.988,0.0,82.94053419137552,6.821676e-06
81.988,0.0,82.94013276428501,5.895883e-06
81.988,0.0,82.9397226455509,6.989867e-06
81.988,0.0,82.9392859013486,7.414055e-06
81.988,0.0,82.93888500187006,7.333132e-06
81.988,0.0,82.93848278399497,5.958849e-06
81.988,0.0,82.9380476324408,6.485963e-06
81.988,0.0,82.9376152265159,7.319744e-06
81.988,0.0,82.93721200269187,7.600029e-06
81.988,0.0,82.93678629520207,5.949085e-06
81.988,0.0,82.93637272824428,6.115879e-06
81.988,0.0,82.9359712859382,6.803049e-06
81.988,0.0,82.93553435656769,7.57743e-06
81.988,0.0,82.93511320606818,6.201648e-06
81.988,0.0,82.93470009056271,5.710113e-06
81.988,0.0,82.93426235690758,6.709379e-06
81.988,0.0,82.93386140539114,7.573224e-06
81.988,0.0,82.93345916001117,6.569637e-06
81.988,0.0,82.93301234072376,5.844049e-06
81.988,0.0,82.93259924926876,7.027222e-06
81.988,0.0,82.93218414122408,7.432755e-06
81.988,0.0,82.93174766223322,6.727118e-06
81.988,0.0,82.93133216477501,5.880283e-06
81.988,0.0,82.93094026577329,7.332856e-06
81.988,0.0,82.9305179461468,7.540031e-06
81.988,0.0,82.93009786342897,7.215203e-06
81.988,0.0,82.92966494431231,5.494687e-06
81.988,0.0,82.92926014380822,6.072733e-06
81.988,0.0,82.92884892304943,7.086506e-06
81.988,0.0,82.9284238974722,7.041235e-06
81.988,0.0,82.92801420749979,5.733556e-06
81.988,0.0,82.92759913559877,6.552757e-06
81.988,0.0,82.92718784956973,7.098381e-06
81.988,0.0,82.92674880865789,7.356488e-06
81.988,0.0,82.9263494855039,5.974303e-06
81.988,0.0,82.92594863935464,5.798051e-06
81.988,0.0,82.92553509223804,7.052004e-06
81.988,0.0,82.92508753099058,7.275827e-06
81.988,0.0,82.92466012753879,6.140632e-06
81.988,0.0,82.92426980548748,6.324946e-06
81.988,0.0,82.92382966564199,7.075971e-06
81.988,0.0,82.92342792180395,7.207011e-06
81.988,0.0,82.92301619050734,6.320959e-06
81.988,0.0,82.92258458668705,4.730071e-06
81.988,0.0,82.92215518723913,5.940121e-06
81.988,0.0,82.92174806300775,7.191324e-06
81.988,0.0,82.92131059131745,6.513234e-06
81.988,0.0,82.92091174968961,6.078422e-06
81.988,0.0,82.92050249341816,7.23821e-06
81.988,0.0,82.92007126630179,7.521478e-06
81.988,0.0,82.91962921465661,7.148818e-06
81.988,0.0,82.9192324361086,5.579277e-06
81.988,0.0,82.9188328164826,5.981899e-06
81.988,0.0,82.91839464185391,7.616851e-06
81.988,0.0,82.91798786446465,7.166804e-06
81.988,0.0,82.91757100361606,5.972412e-06
81.988,0.0,82.91715668674648,6.786373e-06
81.988,0.0,82.91671784625838,7.3915e-06
81.988,0.0,82.91631690604207,6.490154e-06
81.988,0.0,82.91591535132753,5.208829e-06
81.988,0.0,82.91548107035374,5.376947e-06
81.988,0.0,82.91506385873035,6.851289e-06
81.988,0.0,82.91464437804619,7.26791e-06
81.988,0.0,82.91420701141534,5.744761e-06
81.988,0.0,82.91378510652608,6.554896e-06
81.988,0.0,82.91336604464662,6.970236e-06
81.988,0.0,82.91296706644874,7.074777e-06
81.988,0.0,82.91253175584929,6.007627e-06
81.988,0.0,82.91210724171071,5.849652e-06
81.988,0.0,82.91169132238079,7.356299e-06
81.988,0.0,82.91129130513468,7.604845e-06
81.988,0.0,82.9108523234159,6.193033e-06
81.988,0.0,82.91045045373727,6.322603e-06
81.988,0.0,82.9100361116879,7.105074e-06
81.988,0.0,82.90962290074614,6.91785e-06
81.988,0.0,82.9092103708036,5.983791e-06
81.988,0.0,82.9087699855885,5.827649e-06
81.988,0.0,82.90837019779866,7.022187e-06
81.988,0.0,82.90796780765756,7.686671e-06
81.988,0.0,82.90751918014482,6.719536e-06
81.988,0.0,82.90710782544286,6.032948e-06
81.988,0.0,82.9066798699483,6.641552e-06
81.988,0.0,82.90629521535244,6.714501e-06
81.988,0.0,82.90584653410818,6.307921e-06
81.988,0.0,82.90545817083401,6.248229e-06
81.988,0.0,82.90504654385259,6.585266e-06
81.988,0.0,82.90460234909368,7.65844e-06
81.988,0.0,82.90418680673237,6.844348e-06
81.988,0.0,82.9037848251809,5.755457e-06
81.988,0.0,82.90334473134679,6.701564e-06
81.988,0.0,82.90294607034899,7.638329e-06
81.988,0.0,82.90253572323398,6.975766e-06
81.988,0.0,82.90208924574985,6.015573e-06
81.988,0.0,82.90167432773178,6.510862e-06
81.988,0.0,82.9012733938214,7.783412e-06
81.988,0.0,82.90082579514774,7.194496e-06
81.988,0.0,82.90043748828136,6.031521e-06
81.988,0.0,82.90002583962001,6.810093e-06
81.988,0.0,82.8995985867803,6.958449e-06
81.988,0.0,82.89916738472502,6.80481e-06
81.988,0.0,82.89876082771805,5.85345e-06
81.988,0.0,82.89835884466707,6.496819e-06
81.988,0.0,82.89792244123844,7.223192e-06
81.988,0.0,82.8975116470845,7.136463e-06
81.988,0.0,82.89709976789474,5.802998e-06
81.988,0.0,82.89665357145398,6.63902e-06
81.988,0.0,82.89624613715834,7.457187e-06
81.988,0.0,82.8958427836479,7.150942e-06
81.988,0.0,82.89543753335226,5.731854e-06
81.988,0.0,82.89499405994741,6.694172e-06
81.988,0.0,82.8945698302273,7.7812e-06
81.988,0.0,82.89415870830584,7.370007e-06
81.988,0.0,82.89372499352629,5.671202e-06
81.988,0.0,82.89332513002707,6.021874e-06
81.988,0.0,82.89288391587934,7.186361e-06
81.988,0.0,82.89248074682112,6.676259e-06
81.988,0.0,82.89206746063411,5.817637e-06
81.988,0.0,82.89164659577503,7.258335e-06
81.988,0.0,82.89120558200653,7.532522e-06
81.988,0.0,82.89080528786062,7.114417e-06
81.988,0.0,82.89040716351727,5.769849e-06
81.988,0.0,82.88997166929866,6.535716e-06
81.988,0.0,82.8895502152831,7.629948e-06
81.988,0.0,82.88914547363798,6.720031e-06
81.988,0.0,82.88873876975354,6.196438e-06
81.988,0.0,82.88830417867388,7.493174e-06
81.988,0.0,82.88790778689877,7.689188e-06
81.988,0.0,82.88747089307172,6.478425e-06
81.988,0.0,82.88705436611338,4.712681e-06
81.988,0.0,82.88664133335081,6.059898e-06
81.988,0.0,82.88623237818506,7.304188e-06
81.988,0.0,82.88579226419024,6.300936e-06
81.988,0.0,82.88539381994767,5.86627e-06
81.988,0.0,82.88498872371511,7.015435e-06
81.988,0.0,82.88455759912615,7.170238e-06
81.988,0.0,82.88413078881698,6.267452e-06
81.988,0.0,82.88371462028786,5.08505e-06
81.988,0.0,82.88327621485945,6.384464e-06
81.988,0.0,82.8828611326057,7.286377e-06
81.988,0.0,82.88246981471698,6.207978e-06
81.988,0.0,82.88202846592269,6.659247e-06
81.988,0.0,82.8816110399987,7.273309e-06
81.988,0.0,82.88119655721889,7.465875e-06
81.988,0.0,82.88079254650253,6.247225e-06
81.988,0.0,82.8803539285105,5.886541e-06
81.988,0.0,82.87995252701076,7.03703e-06
81.988,0.0,82.87954323187586,6.975417e-06
81.988,0.0,82.87909773601795,5.185037e-06
81.988,0.0,82.87868485640765,6.08663e-06
81.988,0.0,82.878281054623,6.805261e-06
81.988,0.0,82.87786907860911,6.794144e-06
81.988,0.0,82.87744450808479,4.685615e-06
81.988,0.0,82.87703172080278,5.063921e-06
81.988,0.0,82.87660710877805,6.807182e-06
81.988,0.0,82.87617649571015,6.689152e-06
81.988,0.0,82.87577205715569,5.56164e-06
81.988,0.0,82.87537038276416,6.788439e-06
81.988,0.0,82.87492927213933,7.33757e-06
81.988,0.0,82.87451781604948,6.998525e-06
81.988,0.0,82.87408838827474,5.277398e-06
81.988,0.0,82.87365845751242,5.415219e-06
81.988,0.0,82.87325100223727,7.339666e-06
81.988,0.0,82.87283264098477,6.673465e-06
81.988,0.0,82.8724111024027,5.228052e-06
81.988,0.0,82.87200438818338,6.003553e-06
81.988,0.0,82.87156391352383,6.633069e-06
81.988,0.0,82.87114289774772,6.176066e-06
81.988,0.0,82.87073303246362,5.028385e-06
81.988,0.0,82.87033608660164,6.490067e-06
81.988,0.0,82.8698998541165,7.89552e-06
81.988,0.0,82.86949199774872,6.77754e-06
81.988,0.0,82.86908190517678,6.033952e-06
81.988,0.0,82.86866778775601,6.741917e-06
81.988,0.0,82.86822995821852,7.107243e-06
81.988,0.0,82.86782533800586,5.997688e-06
81.988,0.0,82.86742620306013,6.118687e-06
81.988,0.0,82.86701620784012,6.89135e-06
81.988,0.0,82.86656903795172,6.988761e-06
81.988,0.0,82.86615793123335,5.637339e-06
81.988,0.0,82.86575453104086,6.023125e-06
81.988,0.0,82.86531729957622,6.754228e-06
81.988,0.0,82.86490339596354,6.458358e-06
81.988,0.0,82.86448121903523,5.422131e-06
81.988,0.0,82.86406275035932,6.207949e-06
81.988,0.0,82.86365114394043,7.032315e-06
81.988,0.0,82.86320564469023,6.537317e-06
81.988,0.0,82.86280576737373,5.655456e-06
81.988,0.0,82.86240370231098,6.229035e-06
81.988,0.0,82.86199643372291,6.510076e-06
81.988,0.0,82.86155067955139,5.734837e-06
81.988,0.0,82.86113407594232,5.967799e-06
81.988,0.0,82.86072208118641,6.571237e-06
81.988,0.0,82.86029874318784,6.641116e-06
81.988,0.0,82.85988403482193,5.425172e-06
81.988,0.0,82.85947935701114,5.692869e-06
81.988,0.0,82.85906439573377,6.656337e-06
81.988,0.0,82.85861931063229,6.170085e-06
81.988,0.0,82.85820517760801,5.659007e-06
81.988,0.0,82.85780410223238,6.680857e-06
81.988,0.0,82.85739094152346,7.132607e-06
81.988,0.0,82.85696273224015,6.171424e-06
81.988,0.0,82.85654300716978,5.290291e-06
81.988,0.0,82.85613476108483,6.194241e-06
81.988,0.0,82.85568974051174,6.584116e-06
81.988,0.0,82.85528431065514,5.494003e-06
81.988,0.0,82.85486277172176,6.471644e-06
81.988,0.0,82.8544533880601,7.070179e-06
81.988,0.0,82.85403776797632,6.65315e-06
81.988,0.0,82.85360967538196,5.46001e-06
81.988,0.0,82.85318601510345,6.215458e-06
81.988,0.0,82.85276250996328,6.822127e-06
81.988,0.0,82.85235303774685,5.670387e-06
81.988,0.0,82.8519536889587,6.217742e-06
81.988,0.0,82.85150944332833,6.878239e-06
81.988,0.0,82.85109603027654,6.49158e-06
81.988,0.0,82.85068364829696,4.863046e-06
81.988,0.0,82.85024842629119,5.134949e-06
81.988,0.0,82.84983167739192,6.585949e-06
81.988,0.0,82.84944289811777,5.823356e-06
81.988,0.0,82.84902961293005,5.521404e-06
81.988,0.0,82.84860159379761,6.488321e-06
81.988,0.0,82.84816899402018,6.628019e-06
81.988,0.0,82.84776061177492,5.272392e-06
81.988,0.0,82.84735986249919,5.196503e-06
81.988,0.0,82.84695844007786,6.54129e-06
81.988,0.0,82.84652167687288,6.562914e-06
81.988,0.0,82.84610249907405,5.475871e-06
81.988,0.0,82.84566859926143,6.267452e-06
81.988,0.0,82.8452603812484,6.667775e-06
81.988,0.0,82.84485975512187,5.615249e-06
81.988,0.0,82.84442148192745,4.869347e-06
81.988,0.0,82.84401398913826,6.265691e-06
81.988,0.0,82.8435924898097,6.431947e-06
81.988,0.0,82.84317433649372,5.44358e-06
81.988,0.0,82.84273450587266,6.286253e-06
81.988,0.0,82.84233242043783,6.771283e-06
81.988,0.0,82.84193093434887,5.983864e-06
81.988,0.0,82.84149660298904,5.180598e-06
81.988,0.0,82.84107664957516,6.478353e-06
81.988,0.0,82.84066245083856,6.835282e-06
81.988,0.0,82.84022057277032,5.553447e-06
81.988,0.0,82.83981584063336,5.842187e-06
81.988,0.0,82.83941184515673,6.589908e-06
81.988,0.0,82.8390024481459,5.927432e-06
81.988,0.0,82.83856002671885,5.289621e-06
81.988,0.0,82.83814902763335,6.507034e-06
81.988,0.0,82.83774001177072,6.796938e-06
81.988,0.0,82.83730191067835,5.644484e-06
81.988,0.0,82.83690706318343,5.727416e-06
81.988,0.0,82.83649846047331,6.661954e-06
81.988,0.0,82.83607047617822,6.105533e-06
81.988,0.0,82.835641240055,5.514114e-06
81.988,0.0,82.83523328745538,6.522096e-06
81.988,0.0,82.83479314947793,6.716713e-06
81.988,0.0,82.83439495753547,5.516049e-06
81.988,0.0,82.83395404811712,6.027956e-06
81.988,0.0,82.8335356910434,6.462637e-06
81.988,0.0,82.83312424586194,5.547365e-06
81.988,0.0,82.83268509740654,5.554379e-06
81.988,0.0,82.8322838556412,6.708564e-06
81.988,0.0,82.83188358886936,6.137256e-06
81.988,0.0,82.8314450123206,5.079681e-06
81.988,0.0,82.83103187021995,5.785318e-06
81.988,0.0,82.83061970562308,6.071466e-06
81.988,0.0,82.83020869141403,4.923102e-06
81.988,0.0,82.8297680714988,5.325259e-06
81.988,0.0,82.82937043823617,6.560673e-06
81.988,0.0,82.82896942948294,5.76477e-06
81.988,0.0,82.82855549775395,4.900867e-06
81.988,0.0,82.8281317845889,6.105896e-06
81.988,0.0,82.8276943705029,5.887268e-06
81.988,0.0,82.82729493642718,4.840185e-06
81.988,0.0,82.82689599813516,5.565467e-06
81.988,0.0,82.82646161009399,6.069458e-06
81.988,0.0,82.82604919902147,5.245121e-06
81.988,0.0,82.82563084005575,4.97904e-06
81.988,0.0,82.82519675653573,6.02963e-06
81.988,0.0,82.82479667153395,5.278911e-06
81.988,0.0,82.82435779176666,5.453068e-06
81.988,0.0,82.82395833400803,6.157134e-06
81.988,0.0,82.82351908919716,5.733964e-06
81.988,0.0,82.82309561617913,4.535192e-06
81.988,0.0,82.82266231394367,5.005844e-06
81.988,0.0,82.82224917092852,5.502501e-06
81.988,0.0,82.8218502946779,4.590867e-06
81.988,0.0,82.82144948224587,5.143942e-06
81.988,0.0,82.8210066055779,5.640148e-06
81.988,0.0,82.82058849001832,4.939488e-06
81.988,0.0,82.8201761991891,4.225411e-06
81.988,0.0,82.81977242665535,5.138936e-06
81.988,0.0,82.81933508015393,5.209557e-06
81.988,0.0,82.81893745348086,4.63624e-06
81.988,0.0,82.8185262934986,5.217167e-06
81.988,0.0,82.81809653263521,5.416587e-06
81.988,0.0,82.81766417228583,4.224756e-06
81.988,0.0,82.81725856116456,4.256217e-06
81.988,0.0,82.81686103023654,5.095178e-06
81.988,0.0,82.81642092915403,4.344736e-06
81.988,0.0,82.81600958854351,4.554124e-06
81.988,0.0,82.8155993570516,5.093563e-06
81.988,0.0,82.81515135611374,4.716436e-06
81.988,0.0,82.81474561625215,3.627691e-06
81.988,0.0,82.81431429055151,4.4318e-06
81.988,0.0,82.81391205976895,4.874499e-06
81.988,0.0,82.81348185737153,4.014073e-06
81.988,0.0,82.81306785630315,4.607326e-06
81.988,0.0,82.81264708437752,5.004084e-06
81.988,0.0,82.81220748781982,4.107322e-06
81.988,0.0,82.81180720863958,4.335277e-06
81.988,0.0,82.81140582895904,5.224705e-06
81.988,0.0,82.81099702230401,4.516172e-06
81.988,0.0,82.81056413827788,3.708672e-06
81.988,0.0,82.81013506025356,4.189933e-06
81.988,0.0,82.8097236574516,3.889145e-06
81.988,0.0,82.80932461859074,3.58629e-06
81.988,0.0,82.808885763257,4.702742e-06
81.988,0.0,82.80848175762237,4.9058e-06
81.988,0.0,82.80806762323037,4.232599e-06
81.988,0.0,82.80765475609468,4.470217e-06
81.988,0.0,82.80720970619352,4.932837e-06
81.988,0.0,82.80680090404296,4.220841e-06
81.988,0.0,82.8064109606727,4.536661e-06
81.988,0.0,82.80600183887321,4.985326e-06
81.988,0.0,82.80556802422655,3.583016e-06
81.988,0.0,82.80513943857791,4.228175e-06
81.988,0.0,82.80472970384335,4.979986e-06
81.988,0.0,82.80429201665422,4.116591e-06
81.988,0.0,82.80389192184249,4.121233e-06
81.988,0.0,82.80348759094723,5.079302e-06
81.988,0.0,82.80303877498686,4.926536e-06
81.988,0.0,82.80262338236855,4.233298e-06
81.988,0.0,82.8022125446521,4.827743e-06
81.988,0.0,82.80177376014278,5.190363e-06
81.988,0.0,82.80137342092651,4.625908e-06
81.988,0.0,82.80097071433687,4.827292e-06
81.988,0.0,82.80053717130093,5.352878e-06
81.988,0.0,82.80011557257127,4.099376e-06
81.988,0.0,82.799701528908,4.266229e-06
81.988,0.0,82.79927352033627,5.212511e-06
81.988,0.0,82.79886782950796,5.006441e-06
81.988,0.0,82.79846648753166,4.816626e-06
81.988,0.0,82.79802852935654,5.538648e-06
81.988,0.0,82.79760519191159,5.086651e-06
81.988,0.0,82.7971911922628,4.273039e-06
81.988,0.0,82.79678336397535,5.020047e-06
81.988,0.0,82.79635110091006,5.22453e-06
81.988,0.0,82.7959514840395,4.835223e-06
81.988,0.0,82.79553709854439,5.501919e-06
81.988,0.0,82.79511241111315,5.464753e-06
81.988,0.0,82.79467726774182,4.383866e-06
81.988,0.0,82.7942750732915,4.674701e-06
81.988,0.0,82.79383624079102,5.539128e-06
81.988,0.0,82.7934327177421,4.90644e-06
81.988,0.0,82.79299650169928,5.382215e-06
81.988,0.0,82.79257658719513,5.659342e-06
81.988,0.0,82.79216562780276,4.910238e-06
81.988,0.0,82.79176023001963,4.506452e-06
81.988,0.0,82.79132391996743,5.534152e-06
81.988,0.0,82.79092457462488,5.110953e-06
81.988,0.0,82.79051568196368,5.091366e-06
81.988,0.0,82.79007225270676,5.568538e-06
81.988,0.0,82.78966239118171,5.339869e-06
81.988,0.0,82.78925746873689,4.139438e-06
81.988,0.0,82.78885560145855,4.760906e-06
81.988,0.0,82.78841900136977,4.901143e-06
81.988,0.0,82.78801013707864,4.389818e-06
81.988,0.0,82.78759093163848,5.119757e-06
81.988,0.0,82.78715328392337,5.664609e-06
81.988,0.0,82.78674538847096,4.631424e-06
81.988,0.0,82.78634296405623,4.531132e-06
81.988,0.0,82.7859423621011,5.219452e-06
81.988,0.0,82.78550812304593,4.827612e-06
81.988,0.0,82.785089825283,5.134556e-06
81.988,0.0,82.78467492478897,5.976675e-06
81.988,0.0,82.78423948378972,5.59965e-06
81.988,0.0,82.78383808889653,5.180569e-06
81.988,0.0,82.78339829527125,5.932598e-06
81.988,0.0,82.78299531642686,5.664639e-06
81.988,0.0,82.7825803037821,4.9105e-06
81.988,0.0,82.78213118135535,5.607653e-06
81.988,0.0,82.78171858547981,5.834343e-06
81.988,0.0,82.78130863021764,4.902977e-06
81.988,0.0,82.78091180467648,5.096183e-06
81.988,0.0,82.78045869130531,5.147172e-06
81.988,0.0,82.78006282910876,5.012931e-06
81.988,0.0,82.77964100718835,5.18834e-06
81.988,0.0,82.77920442817062,4.52419e-06
81.988,0.0,82.7788035854616,4.105706e-06
81.988,0.0,82.77840424053052,4.533489e-06
81.988,0.0,82.77796551798407,5.298891e-06
81.988,0.0,82.77755351846648,4.80072e-06
81.988,0.0,82.77714220796688,4.837872e-06
81.988,0.0,82.77673298293666,6.065195e-06
81.988,0.0,82.77629216884785,5.902097e-06
81.988,0.0,82.77589234606717,5.281749e-06
81.988,0.0,82.77549054585126,6.053699e-06
81.988,0.0,82.77504144802114,6.183502e-06
81.988,0.0,82.77462740653057,5.583381e-06
81.988,0.0,82.77418019364008,6.337505e-06
81.988,0.0,82.77377298302012,6.554605e-06
81.988,0.0,82.77337679584069,5.49476e-06
81.988,0.0,82.77293693368128,6.102855e-06
81.988,0.0,82.7725264414137,6.768809e-06
81.988,0.0,82.7721154249569,5.963942e-06
81.988,0.0,82.77166896028609,6.092567e-06
81.988,0.0,82.77126141319488,6.942486e-06
81.988,0.0,82.77085910739252,6.199014e-06
81.988,0.0,82.77046461245145,6.109753e-06
81.988,0.0,82.77001499637376,7.065508e-06
81.988,0.0,82.7695904054007,6.770162e-06
81.988,0.0,82.76918780680863,6.000089e-06
81.988,0.0,82.76878390261359,6.975286e-06
81.988,0.0,82.76837511875776,6.881528e-06
81.988,0.0,82.76793988759768,6.009868e-06
81.988,0.0,82.7675248158901,7.059512e-06
81.988,0.0,82.76711362936614,7.200157e-06
81.988,0.0,82.766700501229,6.010901e-06
81.988,0.0,82.76626075303166,6.503353e-06
81.988,0.0,82.76586006887736,7.361479e-06
81.988,0.0,82.76545860891892,6.610222e-06
81.988,0.0,82.7650179337289,7.152295e-06
81.988,0.0,82.7645954565545,7.510127e-06
81.988,0.0,82.7641823845919,6.353337e-06
81.988,0.0,82.76377650746336,6.241797e-06
81.988,0.0,82.76332915560391,7.507246e-06
81.988,0.0,82.76294077320911,6.665301e-06
81.988,0.0,82.76248506121587,6.302958e-06
81.988,0.0,82.76208364021932,6.623784e-06
81.988,0.0,82.76166984056984,6.577029e-06
81.988,0.0,82.76126418655487,6.39919e-06
81.988,0.0,82.76082458298042,7.492956e-06
81.988,0.0,82.76042745104411,7.592083e-06
81.988,0.0,82.76001664025696,6.720889e-06
81.988,0.0,82.75958852092471,7.133858e-06
81.988,0.0,82.75915771703058,7.205323e-06
81.988,0.0,82.75875245917415,5.799448e-06
81.988,0.0,82.7583014255978,6.668444e-06
81.988,0.0,82.7579136442142,8.023737e-06
81.988,0.0,82.75750389205226,7.103969e-06
81.988,0.0,82.75707546742703,7.642433e-06
81.988,0.0,82.75664578472141,8.203002e-06
81.988,0.0,82.7562370219045,7.265538e-06
81.988,0.0,82.7558358617045,7.406357e-06
81.988,0.0,82.75539992178084,7.988216e-06
81.988,0.0,82.75499251042892,7.035094e-06
81.988,0.0,82.75456462286276,6.990434e-06
81.988,0.0,82.75413987250496,8.075003e-06
81.988,0.0,82.75368990899291,7.455208e-06
81.988,0.0,82.75329125087043,7.254974e-06
81.988,0.0,82.75289244488532,8.227915e-06
81.988,0.0,82.75243718904436,8.273462e-06
81.988,0.0,82.75204238885806,7.325521e-06
81.988,0.0,82.75162998084127,8.303105e-06
81.988,0.0,82.75118595650862,8.690622e-06
81.988,0.0,82.75078337106888,7.060662e-06
81.988,0.0,82.75038297255266,8.265692e-06
81.988,0.0,82.74998152352664,8.698538e-06
81.988,0.0,82.74954867386035,7.591341e-06
81.988,0.0,82.7491209175077,7.910057e-06
81.988,0.0,82.74871188175612,8.608054e-06
81.988,0.0,82.748312095394,8.020885e-06
81.988,0.0,82.74787187721469,7.523078e-06
81.988,0.0,82.747468029735,8.659408e-06
81.988,0.0,82.74705271895253,7.942639e-06
81.988,0.0,82.7466365535117,7.0346e-06
81.988,0.0,82.74619066037309,7.638999e-06
81.988,0.0,82.74579657274906,7.792842e-06
81.988,0.0,82.74537091251239,6.745904e-06
81.988,0.0,82.74496632309878,7.581781e-06
81.988,0.0,82.74455203935146,8.333984e-06
81.988,0.0,82.74412658269087,7.080394e-06
81.988,0.0,82.74369333739915,7.094364e-06
81.988,0.0,82.74329127765085,7.992858e-06
81.988,0.0,82.74285126990254,7.255265e-06
81.988,0.0,82.74245472445249,6.762726e-06
81.988,0.0,82.74201206072908,7.91144e-06
81.988,0.0,82.74161116375144,7.877752e-06
81.988,0.0,82.74119447919163,6.504517e-06
81.988,0.0,82.74074876954433,6.78144e-06
81.988,0.0,82.7403454196018,7.344788e-06
81.988,0.0,82.73995626927784,7.075301e-06
81.988,0.0,82.7395085888353,7.679249e-06
81.988,0.0,82.73910487497602,8.021249e-06
81.988,0.0,82.73867203679666,6.977294e-06
81.988,0.0,82.73826971345278,7.330789e-06
81.988,0.0,82.73785019711958,8.344505e-06
81.988,0.0,82.73743713447197,7.430528e-06
81.988,0.0,82.73703712231644,8.013638e-06
81.988,0.0,82.7365970186743,8.461473e-06
81.988,0.0,82.73619482146972,7.512965e-06
81.988,0.0,82.73576598565394,7.79971e-06
81.988,0.0,82.73534253921977,8.384333e-06
81.988,0.0,82.73492434707688,8.057978e-06
81.988,0.0,82.73452263523389,7.79971e-06
81.988,0.0,82.73408551894096,8.854171e-06
81.988,0.0,82.73364663065517,8.929201e-06
81.988,0.0,82.73324384165733,7.47772e-06
81.988,0.0,82.73282309699172,8.16361e-06
81.988,0.0,82.73240737130168,8.641829e-06
81.988,0.0,82.73200660033368,7.556155e-06
81.988,0.0,82.73156764997087,8.204865e-06
81.988,0.0,82.73113976066658,8.240051e-06
81.988,0.0,82.73072991052493,7.432522e-06
81.988,0.0,82.73032737722922,7.412935e-06
81.988,0.0,82.72992351067971,8.758871e-06
81.988,0.0,82.72947706386472,8.353396e-06
81.988,0.0,82.72907512456118,8.322095e-06
81.988,0.0,82.72865722564727,8.668969e-06
81.988,0.0,82.72821708450033,9.039766e-06
81.988,0.0,82.7278317315635,7.400056e-06
81.988,0.0,82.72741032537081,7.843963e-06
81.988,0.0,82.72700556673321,9.14374e-06
81.988,0.0,82.72655922391993,8.308838e-06
81.988,0.0,82.72614298991337,8.290328e-06
81.988,0.0,82.72573886413741,8.914736e-06
81.988,0.0,82.7253172782808,8.458315e-06
81.988,0.0,82.7248998993083,7.674927e-06
81.988,0.0,82.72450332798697,8.796065e-06
81.988,0.0,82.72406386533842,9.341529e-06
81.988,0.0,82.72363230029949,8.068135e-06
81.988,0.0,82.72321928630822,8.44906e-06
81.988,0.0,82.72280194408548,9.098309e-06
81.988,0.0,82.72237246059508,8.397867e-06
81.988,0.0,82.72196260667896,7.920738e-06
81.988,0.0,82.72155934123376,9.068404e-06
81.988,0.0,82.72112070756184,9.080773e-06
81.988,0.0,82.72071877761876,8.327566e-06
81.988,0.0,82.72029179147381,8.522256e-06
81.988,0.0,82.71986460285248,8.980162e-06
81.988,0.0,82.71947893174087,7.731709e-06
81.988,0.0,82.71903800122655,8.483432e-06
81.988,0.0,82.71863076290042,9.315438e-06
81.988,0.0,82.71819720330782,8.307179e-06
81.988,0.0,82.71779537904544,8.428469e-06
81.988,0.0,82.71738523966903,8.666626e-06
81.988,0.0,82.7169626630566,8.358867e-06
81.988,0.0,82.71654831356221,7.551294e-06
81.988,0.0,82.7161287598255,8.512667e-06
81.988,0.0,82.7156865016089,8.548595e-06
81.988,0.0,82.7152892291651,7.972703e-06
81.988,0.0,82.7148724920958,8.494113e-06
81.988,0.0,82.71444111923667,8.724295e-06
81.988,0.0,82.71403339516445,7.699389e-06
81.988,0.0,82.71359412054592,8.432922e-06
81.988,0.0,82.71316502791835,9.85997e-06
81.988,0.0,82.71276060464328,8.73614e-06
81.988,0.0,82.7123422618247,8.49113e-06
81.988,0.0,82.71195352180189,9.079682e-06
81.988,0.0,82.71151796425357,8.413961e-06
81.988,0.0,82.71107756880146,8.519681e-06
81.988,0.0,82.71068083485136,9.694646e-06
81.988,0.0,82.71025179477091,9.928874e-06
81.988,0.0,82.70984157505644,8.286501e-06
81.988,0.0,82.709438361954,8.810326e-06
81.988,0.0,82.70899758270727,9.179887e-06
81.988,0.0,82.70859592132267,8.535309e-06
81.988,0.0,82.70818942708344,8.76312e-06
81.988,0.0,82.7077564170366,9.578056e-06
81.988,0.0,82.70734942526335,9.330528e-06
81.988,0.0,82.70694309152077,8.040195e-06
81.988,0.0,82.70650477871331,8.539733e-06
81.988,0.0,82.70610403441098,9.419382e-06
81.988,0.0,82.70566852865737,8.604169e-06
81.988,0.0,82.70524218322068,8.788717e-06
81.988,0.0,82.70485879325378,9.812546e-06
81.988,0.0,82.70443934046958,9.461597e-06
81.988,0.0,82.70400204399957,7.63133e-06
81.988,0.0,82.70358284509454,7.250273e-06
81.988,0.0,82.70316151513944,7.430295e-06
81.988,0.0,82.70272756196066,6.427843e-06
81.988,0.0,82.7023245933673,8.290706e-06
81.988,0.0,82.70191938882432,1.025874e-05
81.988,0.0,82.70148815852293,9.282099e-06
81.988,0.0,82.70106588390387,8.14251e-06
81.988,0.0,82.70065467779003,9.326846e-06
81.988,0.0,82.70022392738437,9.30464e-06
81.988,0.0,82.69980828744431,8.509101e-06
81.988,0.0,82.69941002998287,9.806565e-06
81.988,0.0,82.6989778658151,9.927811e-06
81.988,0.0,82.69857422281775,8.245799e-06
81.988,0.0,82.6981414263229,7.803377e-06
81.988,0.0,82.69773488398845,9.351657e-06
81.988,0.0,82.69730270175799,8.811781e-06
81.988,0.0,82.69692087838683,8.162184e-06
81.988,0.0,82.69648492306113,8.806819e-06
81.988,0.0,82.69604924037786,8.430405e-06
81.988,0.0,82.69565266123988,7.15589e-06
81.988,0.0,82.69521710959644,8.018687e-06
81.988,0.0,82.69479079362563,9.862226e-06
81.988,0.0,82.69437865992468,8.540286e-06
81.988,0.0,82.69397495886338,8.552292e-06
81.988,0.0,82.69353567513356,9.258365e-06
81.988,0.0,82.69310158687516,8.836549e-06
81.988,0.0,82.69269582849701,7.715629e-06
81.988,0.0,82.69226539936426,8.762538e-06
81.988,0.0,82.69186423638301,9.913114e-06
81.988,0.0,82.69146356402081,8.736257e-06
81.988,0.0,82.69102428733098,8.745294e-06
81.988,0.0,82.6906282938572,9.33712e-06
81.988,0.0,82.69019073411309,8.69522e-06
81.988,0.0,82.68978456243065,7.371636e-06
81.988,0.0,82.6893657528621,8.687246e-06
81.988,0.0,82.68897867219997,9.994954e-06
81.988,0.0,82.6885398295899,8.519084e-06
81.988,0.0,82.68813417354835,8.222443e-06
81.988,0.0,82.68769656151431,9.224372e-06
81.988,0.0,82.68729308474904,8.76472e-06
81.988,0.0,82.68687635721791,6.826594e-06
81.988,0.0,82.68645131588649,7.816634e-06
81.988,0.0,82.6860477511168,9.933472e-06
81.988,0.0,82.68561074452339,8.146249e-06
81.988,0.0,82.68518202482363,7.854804e-06
81.988,0.0,82.68479253232557,8.683375e-06
81.988,0.0,82.68436476174674,8.529096e-06
81.988,0.0,82.68393530748905,6.78857e-06
81.988,0.0,82.68352962821837,7.76969e-06
81.988,0.0,82.683089231799,9.929718e-06
81.988,0.0,82.68268907054848,8.322095e-06
81.988,0.0,82.68225885711246,7.305018e-06
81.988,0.0,82.68184676782884,8.689414e-06
81.988,0.0,82.68144696646098,8.375238e-06
81.988,0.0,82.68100863534701,6.683389e-06
81.988,0.0,82.68061185030892,8.069881e-06
81.988,0.0,82.68017359020138,9.883282e-06
81.988,0.0,82.67974130393245,8.281553e-06
81.988,0.0,82.67933569699379,7.209994e-06
81.988,0.0,82.67894704440421,8.477786e-06
81.988,0.0,82.678506580016,8.440576e-06
81.988,0.0,82.67807738054324,7.105511e-06
81.988,0.0,82.67766485605222,8.119692e-06
81.988,0.0,82.67726493276135,9.841955e-06
81.988,0.0,82.67684956705588,8.655159e-06
81.988,0.0,82.67642395161953,7.387585e-06
81.988,0.0,82.67599636782319,8.715899e-06
81.988,0.0,82.67559480897982,8.398973e-06
81.988,0.0,82.67514857542447,7.327937e-06
81.988,0.0,82.67472066635841,8.444898e-06
81.988,0.0,82.67433852481939,9.9358e-06
81.988,0.0,82.67390868646204,8.327232e-06
81.988,0.0,82.67347275863017,7.561859e-06
81.988,0.0,82.67305940441645,8.720177e-06
81.988,0.0,82.672631686984,8.546253e-06
81.988,0.0,82.6721973906494,7.907642e-06
81.988,0.0,82.67180717646238,8.775562e-06
81.988,0.0,82.67138283511227,9.925163e-06
81.988,0.0,82.67098707662169,8.51175e-06
81.988,0.0,82.67055510236703,7.357085e-06
81.988,0.0,82.67012067612968,8.373201e-06
81.988,0.0,82.66972301668716,8.453964e-06
81.988,0.0,82.66929439867292,7.650859e-06
81.988,0.0,82.66891383951312,8.31444e-06
81.988,0.0,82.66847848993294,9.456795e-06
81.988,0.0,82.66807888422835,8.422168e-06
81.988,0.0,82.66763956938173,6.921895e-06
81.988,0.0,82.66718372011675,7.641269e-06
81.988,0.0,82.66680679861405,8.59749e-06
81.988,0.0,82.66638158071956,7.316921e-06
81.988,0.0,82.66596689225192,7.697468e-06
81.988,0.0,82.66556737687898,8.022544e-06
81.988,0.0,82.66512913949221,8.082367e-06
81.988,0.0,82.66473094691943,6.367685e-06
81.988,0.0,82.66430905578673,6.769435e-06
81.988,0.0,82.66388681706374,8.254632e-06
81.988,0.0,82.66345413508257,7.043389e-06
81.988,0.0,82.66305976037724,7.170776e-06
81.988,0.0,82.66262301682166,7.834082e-06
81.988,0.0,82.66217260347632,8.199248e-06
81.988,0.0,82.66179804568874,6.761125e-06
81.988,0.0,82.66136926658416,6.529168e-06
81.988,0.0,82.66094413079989,8.408417e-06
81.988,0.0,82.66053357628644,7.371229e-06
81.988,0.0,82.66011269687331,6.909264e-06
81.988,0.0,82.65970033861686,7.359224e-06
81.988,0.0,82.65927205178681,7.869574e-06
81.988,0.0,82.65886493449106,6.515009e-06
81.988,0.0,82.65846288641701,6.323753e-06
81.988,0.0,82.65802801619535,7.929077e-06
81.988,0.0,82.65762561745294,6.863644e-06
81.988,0.0,82.65718732600375,6.511313e-06
81.988,0.0,82.65675731773723,7.016526e-06
81.988,0.0,82.65637600459397,7.593771e-06
81.988,0.0,82.65594992102145,6.247108e-06
81.988,0.0,82.65551079076762,5.699956e-06
81.988,0.0,82.65510662949856,7.282855e-06
81.988,0.0,82.65467153326061,6.592483e-06
81.988,0.0,82.6542449637547,5.80374e-06
81.988,0.0,82.65383989655432,5.27213e-06
81.988,0.0,82.65341662401045,5.953611e-06
81.988,0.0,82.65300362652454,4.829446e-06
81.988,0.0,82.65257989802936,4.833273e-06
81.988,0.0,82.65215629498647,7.480747e-06
81.988,0.0,82.65172559662233,7.365219e-06
81.988,0.0,82.65134432199898,6.262009e-06
81.988,0.0,82.65091295271581,6.562681e-06
81.988,0.0,82.65048081043632,6.602611e-06
81.988,0.0,82.65007316348242,5.038513e-06
81.988,0.0,82.6496499901601,4.966176e-06
81.988,0.0,82.64922107365335,6.842121e-06
81.988,0.0,82.64883428204982,7.494295e-06
81.988,0.0,82.64843143186158,5.834867e-06
81.988,0.0,82.64799685717351,5.784721e-06
81.988,0.0,82.64759698681628,6.255621e-06
81.988,0.0,82.64715869706448,5.700742e-06
81.988,0.0,82.64673233564461,5.108624e-06
81.988,0.0,82.64632489440982,6.564398e-06
81.988,0.0,82.64592538300198,7.680064e-06
81.988,0.0,82.64549228209611,6.467744e-06
81.988,0.0,82.64509339571725,6.862989e-06
81.988,0.0,82.64465209441344,6.786795e-06
81.988,0.0,82.64421404648587,6.817616e-06
81.988,0.0,82.6438119403652,6.318776e-06
81.988,0.0,82.64340144775501,6.218936e-06
81.988,0.0,82.64297192216479,6.81555e-06
81.988,0.0,82.64257226465189,5.510403e-06
81.988,0.0,82.64213009350878,5.330672e-06
81.988,0.0,82.64170089580908,6.677132e-06
81.988,0.0,82.64132063723433,6.940565e-06
81.988,0.0,82.64089732772429,6.590999e-06
81.988,0.0,82.64046950110968,6.573595e-06
81.988,0.0,82.64006854859286,7.578987e-06
81.988,0.0,82.63964220453366,6.677001e-06
81.988,0.0,82.63919321585779,5.93497e-06
81.988,0.0,82.63878582111646,6.727278e-06
81.988,0.0,82.63838565060898,6.680697e-06
81.988,0.0,82.63798096204569,5.931841e-06
81.988,0.0,82.63754857624156,7.052673e-06
81.988,0.0,82.6371251200825,8.418981e-06
81.988,0.0,82.63671334053178,7.24908e-06
81.988,0.0,82.6362587906025,6.472197e-06
81.988,0.0,82.63587413148798,7.445589e-06
81.988,0.0,82.63547359875888,7.587339e-06
81.988,0.0,82.63503895123645,6.792034e-06
81.988,0.0,82.63461223571596,7.555311e-06
81.988,0.0,82.63419919108316,8.228584e-06
81.988,0.0,82.63376033482884,7.303839e-06
81.988,0.0,82.63335981115789,6.324946e-06
81.988,0.0,82.63292456330204,7.069277e-06
81.988,0.0,82.6325166495924,7.386247e-06
81.988,0.0,82.63210188574443,6.528397e-06
81.988,0.0,82.63168491173417,7.046707e-06
81.988,0.0,82.63122919671828,7.627925e-06
81.988,0.0,82.6308469548422,7.298513e-06
81.988,0.0,82.63044692829774,6.282207e-06
81.988,0.0,82.630013975905,6.932605e-06
81.988,0.0,82.62959497892273,8.035611e-06
81.988,0.0,82.6291820375898,6.209346e-06
81.988,0.0,82.62877418464986,6.201051e-06
81.988,0.0,82.62833910902415,5.934722e-06
81.988,0.0,82.62794109761306,6.440299e-06
81.988,0.0,82.62753284055366,5.36209e-06
81.988,0.0,82.6270855348065,5.298411e-06
81.988,0.0,82.62667097302482,5.377471e-06
81.988,0.0,82.62626675220865,5.292488e-06
81.988,0.0,82.62586553050224,4.773712e-06
81.988,0.0,82.62542788461668,4.735441e-06
81.988,0.0,82.62501671185224,5.485941e-06
81.988,0.0,82.62457834932609,4.55085e-06
81.988,0.0,82.62415870296812,4.325484e-06
81.988,0.0,82.62375214004385,5.916547e-06
81.988,0.0,82.62333710966227,6.207338e-06
81.988,0.0,82.6229148736742,6.029019e-06
81.988,0.0,82.62250630386177,7.777984e-06
81.988,0.0,82.62209155128055,7.657145e-06
81.988,0.0,82.6216444596982,6.599032e-06
81.988,0.0,82.62123566923606,6.712537e-06
81.988,0.0,82.6208389837028,7.631897e-06
81.988,0.0,82.62040032351919,7.570736e-06
81.988,0.0,82.61999849504257,6.955961e-06
81.988,0.0,82.61958437081566,7.948329e-06
81.988,0.0,82.61913342846414,8.03858e-06
81.988,0.0,82.61872616700744,7.078124e-06
81.988,0.0,82.61832577999478,7.580253e-06
81.988,0.0,82.61792583083684,8.471092e-06
81.988,0.0,82.6174881163446,8.28717e-06
81.988,0.0,82.6170705215589,7.676048e-06
81.988,0.0,82.61665582409391,9.103387e-06
81.988,0.0,82.61621211521918,8.940551e-06
81.988,0.0,82.61581153774986,8.497038e-06
81.988,0.0,82.6154107306864,9.679978e-06
81.988,0.0,82.61497215268078,1.036932e-05
81.988,0.0,82.61455463524729,9.73737e-06
81.988,0.0,82.61413718511889,9.471114e-06
81.988,0.0,82.61369682977877,1.029229e-05
81.988,0.0,82.61328464571575,9.582087e-06
81.988,0.0,82.61286134074793,9.083553e-06
81.988,0.0,82.61246184068406,1.049928e-05
81.988,0.0,82.61205223082963,1.051501e-05
81.988,0.0,82.61160645987518,9.544397e-06
81.988,0.0,82.61119404323217,9.347772e-06
81.988,0.0,82.61079274322135,1.039804e-05
81.988,0.0,82.61039133732261,9.959622e-06
81.988,0.0,82.60995265033057,9.277734e-06
81.988,0.0,82.6095393565624,1.082938e-05
81.988,0.0,82.60912676358085,1.053083e-05
81.988,0.0,82.60871383826031,1.004928e-05
81.988,0.0,82.60827444314522,8.618619e-06
81.988,0.0,82.60787111750467,9.538067e-06
81.988,0.0,82.60746780073005,9.533207e-06
81.988,0.0,82.60705529880993,9.151321e-06
81.988,0.0,82.60663312409653,1.040164e-05
81.988,0.0,82.60619357996573,1.043528e-05
81.988,0.0,82.60579177248194,9.704585e-06
81.988,0.0,82.60538621322473,8.847928e-06
81.988,0.0,82.60495564550736,9.540439e-06
81.988,0.0,82.60454082404934,1.027666e-05
81.988,0.0,82.60411688335152,9.437543e-06
81.988,0.0,82.60368150927096,1.066361e-05
81.988,0.0,82.60327803042797,1.056562e-05
81.988,0.0,82.60284444831024,1.022688e-05
81.988,0.0,82.6024424705071,8.99969e-06
81.988,0.0,82.60202899858693,9.892334e-06
81.988,0.0,82.60160220352525,1.02942e-05
81.988,0.0,82.60116824219497,9.318203e-06
81.988,0.0,82.60076062161298,1.06724e-05
81.988,0.0,82.60036274824843,1.059481e-05
81.988,0.0,82.59992406695724,9.362106e-06
81.988,0.0,82.59950013471483,8.546704e-06
81.988,0.0,82.59909556405502,9.511001e-06
81.988,0.0,82.59867814316733,1.022819e-05
81.988,0.0,82.59823914406549,9.223455e-06
81.988,0.0,82.5978379426715,1.006025e-05
81.988,0.0,82.59743557646205,1.035197e-05
81.988,0.0,82.5970244817476,9.232841e-06
81.988,0.0,82.5965951477474,8.9034e-06
81.988,0.0,82.596160028306,1.001274e-05
81.988,0.0,82.59575981701349,1.001424e-05
81.988,0.0,82.59531590001275,9.831536e-06
81.988,0.0,82.59492711299382,1.040807e-05
81.988,0.0,82.59447268989436,1.037137e-05
81.988,0.0,82.5940699180449,9.01577e-06
81.988,0.0,82.5936539225997,9.171286e-06
81.988,0.0,82.59321137786175,9.577881e-06
81.988,0.0,82.59280873300476,8.567251e-06
81.988,0.0,82.59240868300287,9.774318e-06
81.988,0.0,82.5919714789911,1.060228e-05
81.988,0.0,82.59155767107947,1.01217e-05
81.988,0.0,82.5911494100888,8.957941e-06
81.988,0.0,82.590700896621,9.90578e-06
81.988,0.0,82.5903024849093,1.038374e-05
81.988,0.0,82.58990324966548,9.577838e-06
81.988,0.0,82.58949785727044,1.093924e-05
81.988,0.0,82.58905246453925,1.095887e-05
81.988,0.0,82.58863962720946,8.729243e-06
81.988,0.0,82.58823436550108,8.46367e-06
81.988,0.0,82.58781379485488,1.017019e-05
81.988,0.0,82.58739682467314,1.022051e-05
81.988,0.0,82.58699074288921,9.078387e-06
81.988,0.0,82.58656754155203,1.046891e-05
81.988,0.0,82.58615603802089,1.013887e-05
81.988,0.0,82.58572030623343,9.188181e-06
81.988,0.0,82.58532052002789,9.765427e-06
81.988,0.0,82.58491335415577,1.066303e-05
81.988,0.0,82.58447870133664,9.621945e-06
81.988,0.0,82.58406441819878,9.604017e-06
81.988,0.0,82.58364280855987,1.029274e-05
81.988,0.0,82.58320750402709,9.965137e-06
81.988,0.0,82.58280746851214,9.614043e-06
81.988,0.0,82.58236930603393,1.064243e-05
81.988,0.0,82.58196799541271,1.079698e-05
81.988,0.0,82.58154797094686,9.586176e-06
81.988,0.0,82.58112884992582,1.058658e-05
81.988,0.0,82.58069522959335,1.057598e-05
81.988,0.0,82.5802999289758,9.775715e-06
81.988,0.0,82.57986141411413,1.025692e-05
81.988,0.0,82.57946346336324,1.071619e-05
81.988,0.0,82.57905041141053,1.013718e-05
81.988,0.0,82.57859605977092,9.91454e-06
81.988,0.0,82.57819430131964,1.039208e-05
81.988,0.0,82.57779204625818,1.011485e-05
81.988,0.0,82.57735135019387,9.659227e-06
81.988,0.0,82.57695063597737,1.050869e-05
81.988,0.0,82.57653879747515,1.081255e-05
81.988,0.0,82.57611606641676,9.572293e-06
81.988,0.0,82.57567884782473,1.015967e-05
81.988,0.0,82.5752745003518,1.04678e-05
81.988,0.0,82.57485980390341,9.986514e-06
81.988,0.0,82.57444101110318,1.094572e-05
81.988,0.0,82.57401638140992,1.102917e-05
81.988,0.0,82.57359802836991,1.0041e-05
81.988,0.0,82.57315129531067,9.838361e-06
81.988,0.0,82.57274404581348,1.059991e-05
81.988,0.0,82.57234123404264,9.887954e-06
81.988,0.0,82.57190388746733,1.046751e-05
81.988,0.0,82.57149908190046,1.085481e-05
81.988,0.0,82.57108774902281,1.047293e-05
81.988,0.0,82.57066893973405,9.435622e-06
81.988,0.0,82.57023097850492,1.045903e-05
81.988,0.0,82.56982114205287,1.02957e-05
81.988,0.0,82.56942860253135,9.432624e-06
81.988,0.0,82.56901666945848,1.018189e-05
81.988,0.0,82.5685902976882,1.041328e-05
81.988,0.0,82.568158785753,9.519688e-06
81.988,0.0,82.56775139411566,9.576805e-06
81.988,0.0,82.56735282032487,1.04574e-05
81.988,0.0,82.5669166925885,9.85479e-06
81.988,0.0,82.56650962681397,1.016556e-05
81.988,0.0,82.56609559591443,1.074173e-05
81.988,0.0,82.56567976868035,9.949246e-06
81.988,0.0,82.56524634426576,9.165495e-06
81.988,0.0,82.56484852589271,1.011952e-05
81.988,0.0,82.56440882660223,1.008468e-05
81.988,0.0,82.56400167034286,1.003813e-05
81.988,0.0,82.56356763177158,1.084741e-05
81.988,0.0,82.56314871498442,1.046936e-05
81.988,0.0,82.56273685095726,9.624069e-06
81.988,0.0,82.56232846363574,1.001575e-05
81.988,0.0,82.5618911625314,1.033233e-05
81.988,0.0,82.56147264051316,9.436029e-06
81.988,0.0,82.5610507852699,1.0762e-05
81.988,0.0,82.56063537112378,1.000382e-05
81.988,0.0,82.56022420794237,9.648575e-06
81.988,0.0,82.5598224255563,9.950774e-06
81.988,0.0,82.55938036264504,1.084778e-05
81.988,0.0,82.55897163223761,9.690397e-06
81.988,0.0,82.55855674882189,1.000785e-05
81.988,0.0,82.55813330990414,9.698851e-06
81.988,0.0,82.55769628717714,9.272175e-06
81.988,0.0,82.55729199268636,8.550662e-06
81.988,0.0,82.55687238208183,9.463431e-06
81.988,0.0,82.55647546241113,8.363946e-06
81.988,0.0,82.55605702361602,8.394039e-06
81.988,0.0,82.55563947474114,9.857817e-06
81.988,0.0,82.5551906764605,9.657495e-06
81.988,0.0,82.55478912185873,9.386844e-06
81.988,0.0,82.55437710362575,1.004653e-05
81.988,0.0,82.55394227234665,8.634699e-06
81.988,0.0,82.5535225719096,6.010203e-06
81.988,0.0,82.55310384421827,6.372356e-06
81.988,0.0,82.55267239133768,6.107832e-06
81.988,0.0,82.55225043016277,6.878574e-06
81.988,0.0,82.5518446712226,8.134622e-06
81.988,0.0,82.55144335305697,8.939111e-06
81.988,0.0,82.55102934500728,7.953917e-06
81.988,0.0,82.55061140510512,7.919429e-06
81.988,0.0,82.55019372618304,8.942196e-06
81.988,0.0,82.54976057338068,8.471034e-06
81.988,0.0,82.54935743866815,8.648552e-06
81.988,0.0,82.54895510201482,9.847572e-06
81.988,0.0,82.54853904583764,9.290728e-06
81.988,0.0,82.5481098718515,7.787297e-06
81.988,0.0,82.54767161941712,8.007934e-06
81.988,0.0,82.54727339753447,8.367118e-06
81.988,0.0,82.54686983391146,8.302857e-06
81.988,0.0,82.54643179740948,8.945019e-06
81.988,0.0,82.54601945036636,9.318042e-06
81.988,0.0,82.54560444669751,8.031682e-06
81.988,0.0,82.54518808174488,7.974028e-06
81.988,0.0,82.54475619025058,8.873743e-06
81.988,0.0,82.54434714498161,8.492527e-06
81.988,0.0,82.54394632201242,9.070587e-06
81.988,0.0,82.54350243656047,9.56576e-06
81.988,0.0,82.54308227676471,8.743838e-06
81.988,0.0,82.54266970620232,7.96892e-06
81.988,0.0,82.54226269419794,9.103023e-06
81.988,0.0,82.54182676571888,8.699906e-06
81.988,0.0,82.54142729996326,8.908391e-06
81.988,0.0,82.54101078532932,9.320662e-06
81.988,0.0,82.54059140397382,9.122552e-06
81.988,0.0,82.54016766111869,7.975308e-06
81.988,0.0,82.5397250875815,8.853865e-06
81.988,0.0,82.53932330376588,8.456351e-06
81.988,0.0,82.53892134093894,8.456511e-06
81.988,0.0,82.53851326758128,9.181589e-06
81.988,0.0,82.5380642643905,8.973904e-06
81.988,0.0,82.53764717790796,7.928582e-06
81.988,0.0,82.53723431613027,8.335759e-06
81.988,0.0,82.53681843193901,8.498318e-06
81.988,0.0,82.5364297700392,7.809984e-06
81.988,0.0,82.53598915253971,8.661955e-06
81.988,0.0,82.53557161994226,8.878545e-06
81.988,0.0,82.5351552800178,8.028423e-06
81.988,0.0,82.53470345033729,7.842435e-06
81.988,0.0,82.53429751701138,8.88764e-06
81.988,0.0,82.53389996694419,8.146642e-06
81.988,0.0,82.53345982907248,8.262316e-06
81.988,0.0,82.53303849536063,8.418647e-06
81.988,0.0,82.5326184640114,8.15661e-06
81.988,0.0,82.53219821964782,7.572657e-06
81.988,0.0,82.53179001899478,8.550705e-06
81.988,0.0,82.53138333572491,8.716568e-06
81.988,0.0,82.53097795898368,8.276256e-06
81.988,0.0,82.53053820387994,8.252435e-06
81.988,0.0,82.5301128403476,8.004266e-06
81.988,0.0,82.52968297548468,7.903975e-06
81.988,0.0,82.52929732756114,8.438175e-06
81.988,0.0,82.52889546933903,9.060124e-06
81.988,0.0,82.52846173034975,8.340197e-06
81.988,0.0,82.52804486801764,9.428433e-06
81.988,0.0,82.52763150285307,8.624454e-06
81.988,0.0,82.52721901971638,8.625473e-06
81.988,0.0,82.5267973907494,8.864852e-06
81.988,0.0,82.52637395365157,9.111231e-06
81.988,0.0,82.52596621800312,9.230745e-06
81.988,0.0,82.52555127822495,8.654053e-06
81.988,0.0,82.52513461310247,9.323179e-06
81.988,0.0,82.52468748735082,8.869218e-06
81.988,0.0,82.52428723288824,8.136878e-06
81.988,0.0,82.5238771457804,9.148629e-06
81.988,0.0,82.52345311105152,9.495576e-06
81.988,0.0,82.52301731086976,8.542222e-06
81.988,0.0,82.52260439401454,8.932577e-06
81.988,0.0,82.52217302486494,8.469142e-06
81.988,0.0,82.52176486389232,8.301984e-06
81.988,0.0,82.52136379971193,8.959905e-06
81.988,0.0,82.52094194404911,9.377283e-06
81.988,0.0,82.5205191331715,8.245319e-06
81.988,0.0,82.52009543547294,7.925613e-06
81.988,0.0,82.51967899559425,7.943105e-06
81.988,0.0,82.51926814155158,8.077652e-06
81.988,0.0,82.51885915133981,8.604082e-06
81.988,0.0,82.51845080296842,7.797018e-06
81.988,0.0,82.51800811978892,8.001123e-06
81.988,0.0,82.51759088626305,8.209579e-06
81.988,0.0,82.51717593655174,8.830641e-06
81.988,0.0,82.51676717552945,8.737596e-06
81.988,0.0,82.516361278359,8.843199e-06
81.988,0.0,82.51591347807842,9.111376e-06
81.988,0.0,82.51550045303121,8.908319e-06
81.988,0.0,82.51507942833727,7.61413e-06
81.988,0.0,82.51466792521224,8.460353e-06
81.988,0.0,82.51422745421465,8.467076e-06
81.988,0.0,82.5138282225634,8.363946e-06
81.988,0.0,82.51339517025625,8.762858e-06
81.988,0.0,82.51298812363822,8.854971e-06
81.988,0.0,82.51257460561746,7.539405e-06
81.988,0.0,82.51215295581675,7.65454e-06
81.988,0.0,82.51170798471955,8.466464e-06
81.988,0.0,82.51130779972578,8.440664e-06
81.988,0.0,82.51090484954717,9.412674e-06
81.988,0.0,82.510496478284,9.059018e-06
81.988,0.0,82.51004522203142,8.244257e-06
81.988,0.0,82.50963559274915,8.226547e-06
81.988,0.0,82.50922670467111,8.138901e-06
81.988,0.0,82.50881060964193,7.633484e-06
81.988,0.0,82.50841474113022,7.937881e-06
81.988,0.0,82.50800206469698,8.692718e-06
81.988,0.0,82.50757032997211,8.263771e-06
81.988,0.0,82.50714095796215,7.505674e-06
81.988,0.0,82.50672906026332,8.294417e-06
81.988,0.0,82.5063240104127,8.688803e-06
81.988,0.0,82.50591874836115,7.757364e-06
81.988,0.0,82.50550546759705,8.558112e-06
81.988,0.0,82.50505466453782,8.472911e-06
81.988,0.0,82.50463700625593,7.538067e-06
81.988,0.0,82.50422533223038,6.980787e-06
81.988,0.0,82.50378815056784,8.452567e-06
81.988,0.0,82.50338072043255,7.889597e-06
81.988,0.0,82.50297144658647,8.478484e-06
81.988,0.0,82.50255573396011,8.154821e-06
81.988,0.0,82.50213267332713,7.474373e-06
81.988,0.0,82.50169061810148,7.189854e-06
81.988,0.0,82.5012849732655,7.969167e-06
81.988,0.0,82.50088159063753,8.61616e-06
81.988,0.0,82.500476692114,8.238349e-06
81.988,0.0,82.50004125219975,8.226416e-06
81.988,0.0,82.49961498482598,8.047617e-06
81.988,0.0,82.49919906515207,8.391478e-06
81.988,0.0,82.49880147088643,8.548144e-06
81.988,0.0,82.49836161879453,8.616698e-06
81.988,0.0,82.49795859882488,7.867638e-06
81.988,0.0,82.49754401586284,8.110714e-06
81.988,0.0,82.49712835153865,7.312323e-06
81.988,0.0,82.49668655452871,7.809766e-06
81.988,0.0,82.49628324188673,8.264135e-06
81.988,0.0,82.4958722942799,7.79843e-06
81.988,0.0,82.4954367765662,7.020455e-06
81.988,0.0,82.49502365837154,7.591385e-06
81.988,0.0,82.49460811718035,6.796909e-06
81.988,0.0,82.4941622317702,5.513008e-06
81.988,0.0,82.4937560083217,2.940709e-06
81.988,0.0,82.49335899545657,4.436442e-07
81.988,0.0,82.49291759595084,5.791662e-09
91.488,0.0,83.459453125,2.781498e-05
91.488,0.0,83.459453125,2.769084e-06
91.488,0.0,83.4593979637907,3.456647e-06
91.488,0.0,83.45924783491725,3.856578e-06
91.488,0.0,83.45906761551713,4.143731e-06
91.488,0.0,83.45884009496844,4.353104e-06
91.488,0.0,83.4585629461834,3.867361e-06
91.488,0.0,83.45827088328952,2.663859e-06
91.488,0.0,83.45793236553246,2.012428e-06
91.488,0.0,83.45753138526666,8.1498e-07
91.488,0.0,83.45712816260219,8.142815e-07
91.488,0.0,83.45669111443304,9.698415e-07
91.488,0.0,83.45630132091487,9.995274e-07
91.488,0.0,83.4558704328002,9.561772e-07
91.488,0.0,83.45547834394988,1.102017e-06
91.488,0.0,83.45504232728739,1.191482e-06
91.488,0.0,83.45460876396061,1.442793e-06
91.488,0.0,83.45417235688812,1.350301e-06
91.488,0.0,83.45377446752157,1.546068e-06
91.488,0.0,83.45335347498147,1.509383e-06
91.488,0.0,83.45293940862912,1.523877e-06
91.488,0.0,83.45251804952696,1.662993e-06
91.488,0.0,83.45209237951082,1.802488e-06
91.488,0.0,83.45165537101333,1.653243e-06
91.488,0.0,83.45125337971557,1.558437e-06
91.488,0.0,83.45085874127635,1.669454e-06
91.488,0.0,83.45042424760098,1.649911e-06
91.488,0.0,83.45002085565247,1.693799e-06
91.488,0.0,83.44960775020662,1.217428e-06
91.488,0.0,83.44916605483462,1.385211e-06
91.488,0.0,83.44876846910603,1.474546e-06
91.488,0.0,83.44835505354425,1.457156e-06
91.488,0.0,83.44795918196675,1.287903e-06
91.488,0.0,83.4475009322048,1.450288e-06
91.488,0.0,83.44709685817075,1.938693e-06
91.488,0.0,83.44668090249627,1.817592e-06
91.488,0.0,83.44624487989248,2.367291e-06
91.488,0.0,83.44586032349979,3.170688e-06
91.488,0.0,83.4454346406737,4.602844e-06
91.488,0.0,83.44502521559207,4.207657e-06
91.488,0.0,83.44459911368567,3.157111e-06
91.488,0.0,83.44416180025853,3.071327e-06
91.488,0.0,83.44372881332647,4.50165e-06
91.488,0.0,83.4433447267825,5.216338e-06
91.488,0.0,83.44291577218364,4.791596e-06
91.488,0.0,83.44247796817046,4.036803e-06
91.488,0.0,83.4420889142673,3.651003e-06
91.488,0.0,83.44163450530527,5.033129e-06
91.488,0.0,83.44124823972057,5.154812e-06
91.488,0.0,83.44082730541255,4.871472e-06
91.488,0.0,83.44040013704667,4.876347e-06
91.488,0.0,83.4400010828662,5.507129e-06
91.488,0.0,83.43956469244729,6.09945e-06
91.488,0.0,83.4391510920521,5.572729e-06
91.488,0.0,83.43872829618431,4.534813e-06
91.488,0.0,83.43832462043562,2.861794e-06
91.488,0.0,83.43791771989147,1.523338e-06
91.488,0.0,83.43748284834905,1.518914e-06
91.488,0.0,83.4370815749007,1.695313e-06
91.488,0.0,83.43664517036368,1.869368e-06
91.488,0.0,83.43620449986287,2.273999e-06
91.488,0.0,83.43582000453799,2.351153e-06
91.488,0.0,83.43539126972708,2.894652e-06
91.488,0.0,83.43496300604306,3.388326e-06
91.488,0.0,83.43456682960397,4.426329e-06
91.488,0.0,83.4341208358538,4.34315e-06
91.488,0.0,83.43368768438532,4.29654e-06
91.488,0.0,83.43328494906358,4.24913e-06
91.488,0.0,83.4328738952903,4.262241e-06
91.488,0.0,83.43247280980458,4.435598e-06
91.488,0.0,83.43203212554687,4.732312e-06
91.488,0.0,83.4316251458467,4.213696e-06
91.488,0.0,83.4311933671207,4.124915e-06
91.488,0.0,83.43076952146895,4.711197e-06
91.488,0.0,83.43038180027123,4.511763e-06
91.488,0.0,83.42995212413793,3.872381e-06
91.488,0.0,83.42954691185325,3.520399e-06
91.488,0.0,83.42911399785505,4.469461e-06
91.488,0.0,83.42868371565733,5.871014e-06
91.488,0.0,83.42829164422544,5.419992e-06
91.488,0.0,83.42787779117076,4.732079e-06
91.488,0.0,83.42747921893559,3.380075e-06
91.488,0.0,83.42703930389865,4.256857e-06
91.488,0.0,83.4266438857138,5.869006e-06
91.488,0.0,83.42620100158075,5.199036e-06
91.488,0.0,83.42577772241714,4.618953e-06
91.488,0.0,83.42536536100948,3.709327e-06
91.488,0.0,83.42494574813092,4.94183e-06
91.488,0.0,83.4245271242508,6.052534e-06
91.488,0.0,83.42412417284072,5.218535e-06
91.488,0.0,83.42368513362239,4.510279e-06
91.488,0.0,83.42325903598379,3.942812e-06
91.488,0.0,83.42285040936294,4.920395e-06
91.488,0.0,83.42245114710835,5.70777e-06
91.488,0.0,83.42201514447486,4.994406e-06
91.488,0.0,83.42159343627745,4.511749e-06
91.488,0.0,83.42117186161185,4.125613e-06
91.488,0.0,83.42077372412379,4.479487e-06
91.488,0.0,83.42035879267566,4.950532e-06
91.488,0.0,83.41992729365526,4.670481e-06
91.488,0.0,83.41949613569192,4.363421e-06
91.488,0.0,83.41908665735407,3.749068e-06
91.488,0.0,83.41865820253798,3.396082e-06
91.488,0.0,83.41825866465156,3.971829e-06
91.488,0.0,83.41784312156429,4.053625e-06
91.488,0.0,83.41742359096325,3.707217e-06
91.488,0.0,83.4170190294115,3.578025e-06
91.488,0.0,83.41657978315345,3.128313e-06
91.488,0.0,83.41617713702944,3.267894e-06
91.488,0.0,83.41574890313905,2.866364e-06
91.488,0.0,83.41532313754652,3.081004e-06
91.488,0.0,83.41490513554035,2.988643e-06
91.488,0.0,83.41450453558343,2.890854e-06
91.488,0.0,83.41406501422938,3.213048e-06
91.488,0.0,83.4136229794792,2.888744e-06
91.488,0.0,83.41321479409929,2.947461e-06
91.488,0.0,83.41280901662819,3.146677e-06
91.488,0.0,83.41239254658906,2.801622e-06
91.488,0.0,83.41197475507762,3.212073e-06
91.488,0.0,83.41155671161376,3.052686e-06
91.488,0.0,83.41112113088971,3.259134e-06
91.488,0.0,83.41072548182211,3.306253e-06
91.488,0.0,83.41030256892846,2.898363e-06
91.488,0.0,83.40989149654935,2.4076e-06
91.488,0.0,83.40949046358908,2.693152e-06
91.488,0.0,83.40904921805443,2.760455e-06
91.488,0.0,83.40864597663392,2.630797e-06
91.488,0.0,83.40821597055367,1.560096e-06
91.488,0.0,83.40781853870435,1.945373e-06
91.488,0.0,83.40741068382937,1.964028e-06
91.488,0.0,83.40698351270716,2.123707e-06
91.488,0.0,83.40654508843224,2.333996e-06
91.488,0.0,83.4061345385546,2.292203e-06
91.488,0.0,83.40570733018369,2.276647e-06
91.488,0.0,83.40529267358265,1.910448e-06
91.488,0.0,83.4048966635369,1.884197e-06
91.488,0.0,83.40447253606736,2.296787e-06
91.488,0.0,83.40403351189994,2.325163e-06
91.488,0.0,83.40363099499609,2.345405e-06
91.488,0.0,83.40319119729736,2.433502e-06
91.488,0.0,83.40279404779082,2.431523e-06
91.488,0.0,83.40238274274233,3.198307e-06
91.488,0.0,83.40195131700911,3.320223e-06
91.488,0.0,83.40154924104995,3.123176e-06
91.488,0.0,83.40110858936603,2.825633e-06
91.488,0.0,83.4007045866434,2.448083e-06
91.488,0.0,83.40027765922653,3.151334e-06
91.488,0.0,83.3998676460052,2.81955e-06
91.488,0.0,83.39946574299105,2.875997e-06
91.488,0.0,83.39902475904545,3.206107e-06
91.488,0.0,83.39860628593193,2.733446e-06
91.488,0.0,83.39817759355257,3.358553e-06
91.488,0.0,83.39777237196137,3.39176e-06
91.488,0.0,83.39736165308257,3.033667e-06
91.488,0.0,83.39695893347239,3.089182e-06
91.488,0.0,83.39651748904312,2.802641e-06
91.488,0.0,83.39611740492757,3.720008e-06
91.488,0.0,83.39568269252719,4.221482e-06
91.488,0.0,83.39525210430038,3.70582e-06
91.488,0.0,83.39486907022356,3.155219e-06
91.488,0.0,83.39444389696978,3.12936e-06
91.488,0.0,83.3940029717241,3.028166e-06
91.488,0.0,83.39360254616453,3.942201e-06
91.488,0.0,83.39316607223017,4.237358e-06
91.488,0.0,83.39273764935668,3.77596e-06
91.488,0.0,83.39233188465334,2.778368e-06
91.488,0.0,83.39193123160639,2.262721e-06
91.488,0.0,83.39149370433333,2.277317e-06
91.488,0.0,83.39109060944419,1.855951e-06
91.488,0.0,83.39065555048329,2.283676e-06
91.488,0.0,83.39022173159634,2.528119e-06
91.488,0.0,83.38983826008094,2.838438e-06
91.488,0.0,83.38941021999173,3.054389e-06
91.488,0.0,83.38900936915672,3.136825e-06
91.488,0.0,83.38857909232657,3.37098e-06
91.488,0.0,83.38817861492866,4.543428e-06
91.488,0.0,83.38774567078761,4.184476e-06
91.488,0.0,83.38731830909329,4.030109e-06
91.488,0.0,83.38693421957714,4.35955e-06
91.488,0.0,83.38648673613666,4.658781e-06
91.488,0.0,83.38606629905966,4.753791e-06
91.488,0.0,83.38567824908694,4.467205e-06
91.488,0.0,83.3852451466304,3.845489e-06
91.488,0.0,83.38482265249762,3.463196e-06
91.488,0.0,83.38440324137598,3.030771e-06
91.488,0.0,83.38400082471806,3.186316e-06
91.488,0.0,83.3835658577651,3.034278e-06
91.488,0.0,83.38313548740486,3.109657e-06
91.488,0.0,83.38273288876975,2.661458e-06
91.488,0.0,83.38230810126562,2.751651e-06
91.488,0.0,83.38188864605145,3.881782e-06
91.488,0.0,83.38148804686207,3.591413e-06
91.488,0.0,83.38105117649211,3.230278e-06
91.488,0.0,83.38064942990582,2.535613e-06
91.488,0.0,83.38021556858564,3.18914e-06
91.488,0.0,83.37981096156193,4.76581e-06
91.488,0.0,83.37939733113716,4.637375e-06
91.488,0.0,83.37897560518641,3.881432e-06
91.488,0.0,83.37855773924757,2.773362e-06
91.488,0.0,83.37813860532783,2.855959e-06
91.488,0.0,83.37770054022774,4.36214e-06
91.488,0.0,83.37729966207405,4.866393e-06
91.488,0.0,83.37688748653125,4.997753e-06
91.488,0.0,83.37645662838536,4.590431e-06
91.488,0.0,83.37605594837171,4.53314e-06
91.488,0.0,83.37560730964317,5.896858e-06
91.488,0.0,83.37518710995099,6.021844e-06
91.488,0.0,83.37479914103196,5.692869e-06
91.488,0.0,83.37437629012224,5.061578e-06
91.488,0.0,83.37394135287617,4.772446e-06
91.488,0.0,83.3735114248647,5.221242e-06
91.488,0.0,83.37309690132837,5.161128e-06
91.488,0.0,83.37268411639877,4.463829e-06
91.488,0.0,83.37225123305981,3.65467e-06
91.488,0.0,83.3718439776661,3.352252e-06
91.488,0.0,83.37144403601097,2.84733e-06
91.488,0.0,83.37100801050394,3.088062e-06
91.488,0.0,83.37059068785048,3.12546e-06
91.488,0.0,83.3701776140953,3.275447e-06
91.488,0.0,83.36977523831278,3.29467e-06
91.488,0.0,83.3693351810415,2.77246e-06
91.488,0.0,83.36893572412836,3.243811e-06
91.488,0.0,83.36852884654836,3.162044e-06
91.488,0.0,83.3681023871009,2.978952e-06
91.488,0.0,83.36765577931737,2.501183e-06
91.488,0.0,83.36726446698565,1.614288e-06
91.488,0.0,83.36686506250146,1.605265e-06
91.488,0.0,83.3664258883955,1.210181e-06
91.488,0.0,83.36601585758588,1.446417e-06
91.488,0.0,83.36559591586581,1.839042e-06
91.488,0.0,83.36518805334444,1.435255e-06
91.488,0.0,83.36474964908992,1.236855e-06
91.488,0.0,83.36435278156813,1.298336e-06
91.488,0.0,83.3639121511505,1.446999e-06
91.488,0.0,83.36350391456978,1.589477e-06
91.488,0.0,83.36308970980127,1.924709e-06
91.488,0.0,83.36267241294352,2.216882e-06
91.488,0.0,83.3622362960248,2.273373e-06
91.488,0.0,83.36183941539085,3.478883e-06
91.488,0.0,83.36140046437686,4.503949e-06
91.488,0.0,83.36099571954355,3.745285e-06
91.488,0.0,83.36058422903827,2.924091e-06
91.488,0.0,83.36013980423277,2.132016e-06
91.488,0.0,83.35973262314552,2.460292e-06
91.488,0.0,83.35933274054437,2.928195e-06
91.488,0.0,83.35889318636724,2.522807e-06
91.488,0.0,83.35848818879849,2.593864e-06
91.488,0.0,83.35807431736463,2.458037e-06
91.488,0.0,83.35765350630591,3.588517e-06
91.488,0.0,83.35721484747394,4.433925e-06
91.488,0.0,83.35681524465956,3.885798e-06
91.488,0.0,83.3564135113684,2.762972e-06
91.488,0.0,83.35597333986156,2.696645e-06
91.488,0.0,83.35555676742042,3.674388e-06
91.488,0.0,83.35514193589091,4.420697e-06
91.488,0.0,83.35470177828572,4.193033e-06
91.488,0.0,83.35430187078508,3.536217e-06
91.488,0.0,83.35386390396397,3.064793e-06
91.488,0.0,83.35346729099365,3.564041e-06
91.488,0.0,83.35303351105493,4.203626e-06
91.488,0.0,83.35261082139162,4.235204e-06
91.488,0.0,83.35219789572851,3.533118e-06
91.488,0.0,83.35180045446253,2.968867e-06
91.488,0.0,83.35135584865489,2.366141e-06
91.488,0.0,83.35096233918904,2.716813e-06
91.488,0.0,83.35053986878188,2.480185e-06
91.488,0.0,83.35010082347759,2.345521e-06
91.488,0.0,83.3496833150049,2.514513e-06
91.488,0.0,83.3492746364298,2.380373e-06
91.488,0.0,83.3488673352466,2.626693e-06
91.488,0.0,83.348470171565,2.711982e-06
91.488,0.0,83.3480536400711,2.658533e-06
91.488,0.0,83.3476296304978,2.934801e-06
91.488,0.0,83.34719219158708,3.096939e-06
91.488,0.0,83.34679506206862,3.227164e-06
91.488,0.0,83.34637697619037,2.790097e-06
91.488,0.0,83.3459570495083,2.226952e-06
91.488,0.0,83.34554396945961,2.556553e-06
91.488,0.0,83.34511998010342,2.45517e-06
91.488,0.0,83.34468463168335,2.335946e-06
91.488,0.0,83.34428181542879,2.28842e-06
91.488,0.0,83.3438680519597,2.155284e-06
91.488,0.0,83.34344396214686,2.679692e-06
91.488,0.0,83.34303044924434,2.495552e-06
91.488,0.0,83.34260297087904,2.469911e-06
91.488,0.0,83.3421676500604,2.376852e-06
91.488,0.0,83.3417634016573,2.265006e-06
91.488,0.0,83.3413653873435,2.640722e-06
91.488,0.0,83.34092802288895,2.328816e-06
91.488,0.0,83.3405192790737,2.126413e-06
91.488,0.0,83.34009230279392,2.004832e-06
91.488,0.0,83.33965902923693,1.752123e-06
91.488,0.0,83.33925087634296,2.346118e-06
91.488,0.0,83.33884118816312,2.365254e-06
91.488,0.0,83.33841472743666,2.143075e-06
91.488,0.0,83.33800609974425,1.882989e-06
91.488,0.0,83.33759477902555,1.803914e-06
91.488,0.0,83.33717891885559,2.074667e-06
91.488,0.0,83.33674048822516,2.152417e-06
91.488,0.0,83.33634105314964,2.129134e-06
91.488,0.0,83.33593984526759,1.697379e-06
91.488,0.0,83.33549946605113,1.579378e-06
91.488,0.0,83.33508406517463,1.895474e-06
91.488,0.0,83.33466337260938,2.209388e-06
91.488,0.0,83.33422596363887,1.923036e-06
91.488,0.0,83.33382142068146,2.03299e-06
91.488,0.0,83.33338789899257,1.600551e-06
91.488,0.0,83.33298362290539,1.760622e-06
91.488,0.0,83.33257138151147,1.25228e-06
91.488,0.0,83.33212792817244,1.248845e-06
91.488,0.0,83.33171442494698,1.068649e-06
91.488,0.0,83.33131494432436,1.67868e-06
91.488,0.0,83.33087639301593,1.961787e-06
91.488,0.0,83.3304731995293,2.254805e-06
91.488,0.0,83.33006236985877,2.440123e-06
91.488,0.0,83.32963900540834,2.604778e-06
91.488,0.0,83.32920390480149,2.048997e-06
91.488,0.0,83.32881289680864,2.169909e-06
91.488,0.0,83.32841633527536,2.616522e-06
91.488,0.0,83.32797797090436,2.608824e-06
91.488,0.0,83.32756451787779,2.75721e-06
91.488,0.0,83.32714697427525,2.491477e-06
91.488,0.0,83.32670865285381,2.443106e-06
91.488,0.0,83.32631131996256,2.553861e-06
91.488,0.0,83.32589728915268,2.364817e-06
91.488,0.0,83.32547430058293,2.47499e-06
91.488,0.0,83.32505626117945,2.444809e-06
91.488,0.0,83.32463357405183,2.203771e-06
91.488,0.0,83.32419546179447,2.466317e-06
91.488,0.0,83.32379403236415,2.637942e-06
91.488,0.0,83.32339186206877,2.36195e-06
91.488,0.0,83.32295610170377,2.616885e-06
91.488,0.0,83.32254327560935,2.589761e-06
91.488,0.0,83.32213086237395,2.665169e-06
91.488,0.0,83.32168737592498,2.754328e-06
91.488,0.0,83.32128675951711,2.570741e-06
91.488,0.0,83.32087382802197,2.624321e-06
91.488,0.0,83.32044869467023,2.755871e-06
91.488,0.0,83.32003731297013,2.481291e-06
91.488,0.0,83.31962293108413,2.615299e-06
91.488,0.0,83.31917946941125,2.221161e-06
91.488,0.0,83.31877724387145,2.589353e-06
91.488,0.0,83.31838132774165,2.750516e-06
91.488,0.0,83.3179409499171,2.37432e-06
91.488,0.0,83.31753118304937,2.389963e-06
91.488,0.0,83.31711896244578,2.150322e-06
91.488,0.0,83.31668945658147,2.668443e-06
91.488,0.0,83.31626906229364,2.228713e-06
91.488,0.0,83.3158585843339,2.013185e-06
91.488,0.0,83.3154358182853,1.6868e-06
91.488,0.0,83.31502603942322,1.592212e-06
91.488,0.0,83.31460099692212,1.870561e-06
91.488,0.0,83.31416964982489,1.959255e-06
91.488,0.0,83.31376595798777,2.235713e-06
91.488,0.0,83.31332940468789,2.270506e-06
91.488,0.0,83.31292705489155,1.910405e-06
91.488,0.0,83.31251765491882,2.021683e-06
91.488,0.0,83.31207032586308,1.992928e-06
91.488,0.0,83.31165868355251,2.463086e-06
91.488,0.0,83.31125253888419,2.325847e-06
91.488,0.0,83.31083564126494,1.714739e-06
91.488,0.0,83.3104182195249,1.69735e-06
91.488,0.0,83.31000863171467,1.709705e-06
91.488,0.0,83.30958616341339,1.708773e-06
91.488,0.0,83.3091492608085,1.729422e-06
91.488,0.0,83.30874172887128,1.84658e-06
91.488,0.0,83.30833993819522,1.727458e-06
91.488,0.0,83.30793863485914,1.864319e-06
91.488,0.0,83.30750283476831,2.044952e-06
91.488,0.0,83.30708800919118,2.17362e-06
91.488,0.0,83.3066783502716,2.334535e-06
91.488,0.0,83.30624043379403,2.015557e-06
91.488,0.0,83.30584091431122,1.938781e-06
91.488,0.0,83.30544001761712,2.152621e-06
91.488,0.0,83.30500108845688,2.344546e-06
91.488,0.0,83.3045813989928,2.320317e-06
91.488,0.0,83.30416185946702,2.423127e-06
91.488,0.0,83.30372605727615,1.888111e-06
91.488,0.0,83.30332991141383,1.989014e-06
91.488,0.0,83.30289108622316,2.220462e-06
91.488,0.0,83.30248587982454,2.321482e-06
91.488,0.0,83.30207257216821,2.492161e-06
91.488,0.0,83.30165382461807,1.862951e-06
91.488,0.0,83.30121694776672,2.299639e-06
91.488,0.0,83.30081635622805,2.531684e-06
91.488,0.0,83.30040937384062,2.199959e-06
91.488,0.0,83.29997242598431,2.595567e-06
91.488,0.0,83.29955769791724,2.285567e-06
91.488,0.0,83.29914550089379,2.019107e-06
91.488,0.0,83.29869740261022,2.471643e-06
91.488,0.0,83.29830195573311,2.138971e-06
91.488,0.0,83.29790079125775,2.38033e-06
91.488,0.0,83.29746119201695,2.797155e-06
91.488,0.0,83.29704637535313,2.597546e-06
91.488,0.0,83.29663251315665,2.614222e-06
91.488,0.0,83.29622452632147,2.542103e-06
91.488,0.0,83.29578161810959,3.273468e-06
91.488,0.0,83.29539044212329,3.783032e-06
91.488,0.0,83.29495349296315,3.483452e-06
91.488,0.0,83.29454216548916,2.961213e-06
91.488,0.0,83.29411857011121,3.098496e-06
91.488,0.0,83.29368539992362,2.617307e-06
91.488,0.0,83.29328402417626,3.198846e-06
91.488,0.0,83.29284459624454,3.086592e-06
91.488,0.0,83.29244766473525,2.882327e-06
91.488,0.0,83.2920371286042,2.954606e-06
91.488,0.0,83.291590473553,2.512184e-06
91.488,0.0,83.29118076236573,2.846704e-06
91.488,0.0,83.29077901600998,3.680456e-06
91.488,0.0,83.29034258220747,3.627967e-06
91.488,0.0,83.28994600093982,2.969056e-06
91.488,0.0,83.28952519114895,2.345099e-06
91.488,0.0,83.28910741533505,2.121873e-06
91.488,0.0,83.28867307472733,3.171022e-06
91.488,0.0,83.28826945416274,3.55579e-06
91.488,0.0,83.28787278135489,3.253663e-06
91.488,0.0,83.28743509140304,2.495217e-06
91.488,0.0,83.28702555210755,2.630215e-06
91.488,0.0,83.28661368062409,2.982953e-06
91.488,0.0,83.28619986450755,3.625042e-06
91.488,0.0,83.28576249974921,3.444307e-06
91.488,0.0,83.28536463437476,3.030465e-06
91.488,0.0,83.2849261746809,2.985151e-06
91.488,0.0,83.2845172864176,2.360379e-06
91.488,0.0,83.28409038231055,2.784698e-06
91.488,0.0,83.28365775299076,3.578331e-06
91.488,0.0,83.28325096134374,3.797366e-06
91.488,0.0,83.28285095053059,3.342357e-06
91.488,0.0,83.2824187985639,3.326029e-06
91.488,0.0,83.28201281976786,3.246896e-06
91.488,0.0,83.28158664193063,4.401751e-06
91.488,0.0,83.28115747892629,4.105415e-06
91.488,0.0,83.28075291651186,3.867302e-06
91.488,0.0,83.2803153459577,3.272275e-06
91.488,0.0,83.27991427890771,3.193767e-06
91.488,0.0,83.27950806650907,3.622044e-06
91.488,0.0,83.27907726946002,4.462956e-06
91.488,0.0,83.2786459843541,4.194051e-06
91.488,0.0,83.27824107696007,3.743786e-06
91.488,0.0,83.27783976733768,4.214759e-06
91.488,0.0,83.27739784103626,4.333822e-06
91.488,0.0,83.2769817973247,3.6524e-06
91.488,0.0,83.27658405534277,3.539331e-06
91.488,0.0,83.27613678240552,3.286696e-06
91.488,0.0,83.27572671619849,3.477646e-06
91.488,0.0,83.27532766952989,3.693218e-06
91.488,0.0,83.27488673989349,3.327572e-06
91.488,0.0,83.27448249853673,3.185312e-06
91.488,0.0,83.27405108770797,3.394409e-06
91.488,0.0,83.27362680635912,3.033478e-06
91.488,0.0,83.2732200236019,3.727095e-06
91.488,0.0,83.27278150865591,4.336645e-06
91.488,0.0,83.27238135150566,4.005255e-06
91.488,0.0,83.27194853704906,3.679103e-06
91.488,0.0,83.27153561296545,3.160065e-06
91.488,0.0,83.2711253751626,2.996298e-06
91.488,0.0,83.27071372711019,3.277179e-06
91.488,0.0,83.27027772900455,3.096051e-06
91.488,0.0,83.26987636337185,2.613888e-06
91.488,0.0,83.26947832057708,2.873683e-06
91.488,0.0,83.26903453130737,2.802393e-06
91.488,0.0,83.26862613782184,3.043489e-06
91.488,0.0,83.26821560244689,4.108733e-06
91.488,0.0,83.26779024577091,4.250527e-06
91.488,0.0,83.26737321470262,3.820212e-06
91.488,0.0,83.26697406387291,3.509631e-06
91.488,0.0,83.2665603305341,3.230132e-06
91.488,0.0,83.26611232918017,4.531074e-06
91.488,0.0,83.2656950328968,5.338297e-06
91.488,0.0,83.26529277098096,4.859976e-06
91.488,0.0,83.26489096553878,4.178713e-06
91.488,0.0,83.26445301473564,3.980735e-06
91.488,0.0,83.2640395019545,4.313086e-06
91.488,0.0,83.26361589814191,5.839815e-06
91.488,0.0,83.2631823862802,6.192437e-06
91.488,0.0,83.26278099073888,5.274938e-06
91.488,0.0,83.26235951823695,4.462403e-06
91.488,0.0,83.26194315189814,4.106259e-06
91.488,0.0,83.26151572817386,3.387773e-06
91.488,0.0,83.26110311326936,5.257709e-06
91.488,0.0,83.26067257536015,5.743059e-06
91.488,0.0,83.26026642828192,4.818401e-06
91.488,0.0,83.25986970653304,4.456073e-06
91.488,0.0,83.25942848005157,4.391579e-06
91.488,0.0,83.25901561886934,4.645102e-06
91.488,0.0,83.25860279043654,6.470291e-06
91.488,0.0,83.25818770569903,6.626608e-06
91.488,0.0,83.25775227334141,5.640599e-06
91.488,0.0,83.25735722182492,5.261172e-06
91.488,0.0,83.25695632405017,4.89752e-06
91.488,0.0,83.25650760070717,4.560876e-06
91.488,0.0,83.2560981776691,5.299502e-06
91.488,0.0,83.25568137131405,5.476482e-06
91.488,0.0,83.25524829067531,4.629153e-06
91.488,0.0,83.25483733680619,4.695015e-06
91.488,0.0,83.25440825203113,4.838454e-06
91.488,0.0,83.25399835019897,4.195972e-06
91.488,0.0,83.25358407798728,4.523783e-06
91.488,0.0,83.25314103577072,4.602363e-06
91.488,0.0,83.25273133032456,3.589332e-06
91.488,0.0,83.25233139411147,4.037996e-06
91.488,0.0,83.25189309137082,4.548245e-06
91.488,0.0,83.25148715282252,3.613444e-06
91.488,0.0,83.25107111322599,3.764362e-06
91.488,0.0,83.25065395367092,4.540387e-06
91.488,0.0,83.25021017095979,4.77233e-06
91.488,0.0,83.24980135022244,6.408693e-06
91.488,0.0,83.24940792610224,6.860224e-06
91.488,0.0,83.24899938158124,6.103161e-06
91.488,0.0,83.24856814602151,6.153525e-06
91.488,0.0,83.24814321815596,6.436981e-06
91.488,0.0,83.24773354608946,5.653783e-06
91.488,0.0,83.24733385732378,6.449933e-06
91.488,0.0,83.24689449538837,6.820468e-06
91.488,0.0,83.24648647576089,6.048896e-06
91.488,0.0,83.2460706396742,5.562164e-06
91.488,0.0,83.24565687378794,5.655864e-06
91.488,0.0,83.24521092734993,5.19985e-06
91.488,0.0,83.24481296142915,4.360889e-06
91.488,0.0,83.24441100158228,5.504116e-06
91.488,0.0,83.24397409149003,5.19176e-06
91.488,0.0,83.2435605526065,4.041154e-06
91.488,0.0,83.24313621153713,4.07784e-06
91.488,0.0,83.24269821659549,4.319285e-06
91.488,0.0,83.24229908354924,3.427966e-06
91.488,0.0,83.24189767677944,4.48394e-06
91.488,0.0,83.24145862262812,4.646223e-06
91.488,0.0,83.24104190562542,3.819441e-06
91.488,0.0,83.24062531481509,3.656736e-06
91.488,0.0,83.2402103070442,4.087939e-06
91.488,0.0,83.23978505140522,3.447771e-06
91.488,0.0,83.2393726991139,4.791043e-06
91.488,0.0,83.23896877265427,5.696333e-06
91.488,0.0,83.23853567696928,5.051566e-06
91.488,0.0,83.23811162492072,4.70331e-06
91.488,0.0,83.23768788948496,4.745641e-06
91.488,0.0,83.23729938691775,4.394446e-06
91.488,0.0,83.23686226849793,4.278554e-06
91.488,0.0,83.23646198565073,5.869719e-06
91.488,0.0,83.23604781175443,5.504466e-06
91.488,0.0,83.23560261167691,4.598187e-06
91.488,0.0,83.23518723654053,4.724527e-06
91.488,0.0,83.23478471084648,4.859307e-06
91.488,0.0,83.23435137982658,4.081434e-06
91.488,0.0,83.23395112977653,5.767753e-06
91.488,0.0,83.23351123001468,5.893089e-06
91.488,0.0,83.23308863104015,4.892529e-06
91.488,0.0,83.23267483624936,4.607937e-06
91.488,0.0,83.23223728795473,4.876361e-06
91.488,0.0,83.23183204350433,4.002082e-06
91.488,0.0,83.23143556871293,4.278423e-06
91.488,0.0,83.23099282197688,5.006295e-06
91.488,0.0,83.23057416892372,4.662681e-06
91.488,0.0,83.23017265751737,3.517431e-06
91.488,0.0,83.22974766845651,4.210626e-06
91.488,0.0,83.22932285113257,3.813111e-06
91.488,0.0,83.2289231062002,2.999004e-06
91.488,0.0,83.22849043454842,3.971378e-06
91.488,0.0,83.2280758846691,4.500427e-06
91.488,0.0,83.22764900800783,3.563822e-06
91.488,0.0,83.22724300690756,3.128051e-06
91.488,0.0,83.22683062087332,3.924317e-06
91.488,0.0,83.22642798450657,3.753681e-06
91.488,0.0,83.22599128156844,3.087116e-06
91.488,0.0,83.22558033859667,3.856389e-06
91.488,0.0,83.22515290972689,3.995679e-06
91.488,0.0,83.22472152788546,2.908942e-06
91.488,0.0,83.224311218163,2.858811e-06
91.488,0.0,83.22388554365894,3.288704e-06
91.488,0.0,83.22348280214005,2.870249e-06
91.488,0.0,83.22306068871983,3.910391e-06
91.488,0.0,83.22264166298156,5.220572e-06
91.488,0.0,83.22223575691464,4.60232e-06
91.488,0.0,83.2217857595332,4.462345e-06
91.488,0.0,83.22138571957628,5.676251e-06
91.488,0.0,83.22096087610302,5.33236e-06
91.488,0.0,83.22055235253902,4.250804e-06
91.488,0.0,83.22013054679283,5.543916e-06
91.488,0.0,83.21968911270501,5.803653e-06
91.488,0.0,83.21928761943039,4.669098e-06
91.488,0.0,83.21888055222814,5.196722e-06
91.488,0.0,83.21846213800613,6.166432e-06
91.488,0.0,83.21805320552784,5.257418e-06
91.488,0.0,83.21762892854532,4.335074e-06
91.488,0.0,83.21720334851679,5.322916e-06
91.488,0.0,83.2168032828612,4.688802e-06
91.488,0.0,83.21639113149148,3.664958e-06
91.488,0.0,83.21595353574925,4.832065e-06
91.488,0.0,83.21552630998603,5.907685e-06
91.488,0.0,83.215117273266,4.765374e-06
91.488,0.0,83.21469770397007,4.819332e-06
91.488,0.0,83.2142848778219,5.533017e-06
91.488,0.0,83.21387166133758,4.484886e-06
91.488,0.0,83.21345906971342,4.636953e-06
91.488,0.0,83.21303007451925,6.118818e-06
91.488,0.0,83.21260917928487,5.500769e-06
91.488,0.0,83.21217748784252,4.686284e-06
91.488,0.0,83.21177746915929,5.246402e-06
91.488,0.0,83.21136404963401,5.498994e-06
91.488,0.0,83.21094182881427,4.28826e-06
91.488,0.0,83.21052891896356,5.430033e-06
91.488,0.0,83.21011422135088,6.365313e-06
91.488,0.0,83.2097020410975,5.107067e-06
91.488,0.0,83.20926299521753,4.035683e-06
91.488,0.0,83.20885427496577,4.281712e-06
91.488,0.0,83.20845879257085,4.236819e-06
91.488,0.0,83.20804701870536,3.082911e-06
91.488,0.0,83.20760082977489,4.527596e-06
91.488,0.0,83.20718803424714,4.900372e-06
91.488,0.0,83.20678460050036,3.836467e-06
91.488,0.0,83.20635698466755,3.504101e-06
91.488,0.0,83.20593283090466,4.439833e-06
91.488,0.0,83.20552902557475,3.91317e-06
91.488,0.0,83.20510431141409,3.099092e-06
91.488,0.0,83.20469296805344,4.63886e-06
91.488,0.0,83.20426446514551,5.160153e-06
91.488,0.0,83.20385293857704,4.260262e-06
91.488,0.0,83.20345177479986,4.309666e-06
91.488,0.0,83.2030115831306,4.934394e-06
91.488,0.0,83.20258761899039,4.260233e-06
91.488,0.0,83.2021599210472,4.407251e-06
91.488,0.0,83.20177043011317,6.781222e-06
91.488,0.0,83.20132975430684,6.735674e-06
91.488,0.0,83.20092566422866,5.423048e-06
91.488,0.0,83.2005142584417,5.604379e-06
91.488,0.0,83.20008556674094,6.403148e-06
91.488,0.0,83.1996523493774,5.079652e-06
91.488,0.0,83.19924443501162,4.766742e-06
91.488,0.0,83.19884218084266,6.767543e-06
91.488,0.0,83.19843786222629,6.240894e-06
91.488,0.0,83.19799760615167,5.32165e-06
91.488,0.0,83.19758288570307,5.903799e-06
91.488,0.0,83.19716951343837,6.273331e-06
91.488,0.0,83.19672750498592,5.030248e-06
91.488,0.0,83.19631410118622,5.90866e-06
91.488,0.0,83.1958975675101,6.857459e-06
91.488,0.0,83.1954849640856,6.022019e-06
91.488,0.0,83.19506879171095,4.932372e-06
91.488,0.0,83.19464816763619,6.161412e-06
91.488,0.0,83.19420814205458,6.400107e-06
91.488,0.0,83.19380890693608,5.079302e-06
91.488,0.0,83.19339771569217,4.909496e-06
91.488,0.0,83.1929665832133,6.115326e-06
91.488,0.0,83.19255228088247,5.307578e-06
91.488,0.0,83.19213713034272,4.124508e-06
91.488,0.0,83.19172734800232,5.102935e-06
91.488,0.0,83.19128720349799,4.61562e-06
91.488,0.0,83.19088365539592,3.278285e-06
91.488,0.0,83.19048017657359,3.987923e-06
91.488,0.0,83.19004828077622,5.311595e-06
91.488,0.0,83.18962080230888,4.791611e-06
91.488,0.0,83.1892044234505,4.738147e-06
91.488,0.0,83.18880971176856,6.741393e-06
91.488,0.0,83.18838580140809,6.625996e-06
91.488,0.0,83.1879707283886,5.157723e-06
91.488,0.0,83.18755887943104,5.33415e-06
91.488,0.0,83.18713749603837,6.322356e-06
91.488,0.0,83.18669905520741,5.116803e-06
91.488,0.0,83.18629700857205,4.392961e-06
91.488,0.0,83.18589866931703,6.369388e-06
91.488,0.0,83.18546106149087,6.327406e-06
91.488,0.0,83.18504438917473,5.001973e-06
91.488,0.0,83.18463188087799,5.242575e-06
91.488,0.0,83.18421918018585,6.075075e-06
91.488,0.0,83.18377911908702,5.151305e-06
91.488,0.0,83.18335756561633,4.699163e-06
91.488,0.0,83.18295406203968,6.799688e-06
91.488,0.0,83.18253727918537,6.527174e-06
91.488,0.0,83.18211872265572,5.03553e-06
91.488,0.0,83.18170302458167,4.938745e-06
91.488,0.0,83.18126122359082,5.817812e-06
91.488,0.0,83.18086684146043,4.858244e-06
91.488,0.0,83.18046766207411,4.098983e-06
91.488,0.0,83.18002392369961,6.189119e-06
91.488,0.0,83.17961012781375,6.290778e-06
91.488,0.0,83.17919371138395,4.982576e-06
91.488,0.0,83.17875763670969,4.657559e-06
91.488,0.0,83.1783585877089,5.545618e-06
91.488,0.0,83.17795817256629,4.88355e-06
91.488,0.0,83.17752382402433,4.111687e-06
91.488,0.0,83.17710201720521,5.884023e-06
91.488,0.0,83.17668707833761,6.27189e-06
91.488,0.0,83.17627452034878,5.206457e-06
91.488,0.0,83.17584319104401,5.137976e-06
91.488,0.0,83.1754417285362,5.487731e-06
91.488,0.0,83.17501105447022,5.058857e-06
91.488,0.0,83.17459102563859,4.067158e-06
91.488,0.0,83.17417560478003,5.495342e-06
91.488,0.0,83.17373602073093,6.134505e-06
91.488,0.0,83.17333504265149,4.886635e-06
91.488,0.0,83.17289543455112,4.343718e-06
91.488,0.0,83.17249281905599,5.202834e-06
91.488,0.0,83.17207970781541,4.729445e-06
91.488,0.0,83.17166023637309,3.672991e-06
91.488,0.0,83.17122203309165,3.862806e-06
91.488,0.0,83.17082500501769,3.527704e-06
91.488,0.0,83.17042042435045,3.277353e-06
91.488,0.0,83.16998790344105,2.763147e-06
91.488,0.0,83.16957530963957,3.172216e-06
91.488,0.0,83.16915951641785,3.583496e-06
91.488,0.0,83.16872183321885,2.775385e-06
91.488,0.0,83.16832176790257,3.328183e-06
91.488,0.0,83.16792101629689,4.212779e-06
91.488,0.0,83.16748541291581,3.358393e-06
91.488,0.0,83.16707005552425,3.023291e-06
91.488,0.0,83.16665752958471,4.093483e-06
91.488,0.0,83.1662485897139,4.408095e-06
91.488,0.0,83.165813936379,3.63357e-06
91.488,0.0,83.1654001082214,3.927446e-06
91.488,0.0,83.16500736628666,4.842121e-06
91.488,0.0,83.1645605421297,4.390953e-06
91.488,0.0,83.16414864185046,3.533525e-06
91.488,0.0,83.16370340717344,4.252957e-06
91.488,0.0,83.16330307252815,5.195208e-06
91.488,0.0,83.1628947523565,4.218469e-06
91.488,0.0,83.16248223422332,3.986279e-06
91.488,0.0,83.16203401655743,5.51116e-06
91.488,0.0,83.1616240691678,5.064794e-06
91.488,0.0,83.16121460272684,3.8984e-06
91.488,0.0,83.16081599776963,4.632268e-06
91.488,0.0,83.16037785411469,5.322931e-06
91.488,0.0,83.15997581289919,4.255475e-06
91.488,0.0,83.15954226148456,3.432127e-06
91.488,0.0,83.15911941621295,4.315385e-06
91.488,0.0,83.15870504655466,4.400994e-06
91.488,0.0,83.15828467605989,3.623267e-06
91.488,0.0,83.15787105638847,4.013011e-06
91.488,0.0,83.15746630284089,4.999907e-06
91.488,0.0,83.15705393928329,3.968875e-06
91.488,0.0,83.15662014200088,3.470312e-06
91.488,0.0,83.15618994480565,4.54385e-06
91.488,0.0,83.1557812046151,4.91993e-06
91.488,0.0,83.1553700116032,3.766807e-06
91.488,0.0,83.15496623575008,4.012894e-06
91.488,0.0,83.15452732213167,5.753565e-06
91.488,0.0,83.15410433529962,4.872476e-06
91.488,0.0,83.15368927050812,3.658948e-06
91.488,0.0,83.15325049197168,3.915862e-06
91.488,0.0,83.15284768405814,4.607413e-06
91.488,0.0,83.15244622072,3.763576e-06
91.488,0.0,83.15200503160644,3.069494e-06
91.488,0.0,83.15158187428442,4.878995e-06
91.488,0.0,83.15116851626098,4.924528e-06
91.488,0.0,83.15076500752933,3.581299e-06
91.488,0.0,83.15034593721565,3.199762e-06
91.488,0.0,83.14992288624748,4.532281e-06
91.488,0.0,83.14951347052549,4.094443e-06
91.488,0.0,83.14909289364805,3.139503e-06
91.488,0.0,83.14868611604138,4.201822e-06
91.488,0.0,83.14824748927926,5.409078e-06
91.488,0.0,83.14785006920094,4.137823e-06
91.488,0.0,83.14744946467594,3.010849e-06
91.488,0.0,83.14700847243233,3.516398e-06
91.488,0.0,83.14658838439432,3.970374e-06
91.488,0.0,83.1461751936675,3.167268e-06
91.488,0.0,83.14577248123358,3.86266e-06
91.488,0.0,83.1453348158961,5.580107e-06
91.488,0.0,83.14493404547576,5.05631e-06
91.488,0.0,83.1445209091065,4.152491e-06
91.488,0.0,83.14406972063935,4.928661e-06
91.488,0.0,83.14366760139848,5.689421e-06
91.488,0.0,83.14322674368489,4.319852e-06
91.488,0.0,83.14282526227139,4.062575e-06
91.488,0.0,83.1424248736136,6.014583e-06
91.488,0.0,83.14198942631405,5.759153e-06
91.488,0.0,83.14156981362028,4.269954e-06
91.488,0.0,83.14115608888955,4.120797e-06
91.488,0.0,83.14075002047505,5.393056e-06
91.488,0.0,83.14031219551342,4.438771e-06
91.488,0.0,83.13991217634187,3.647889e-06
91.488,0.0,83.13950323034403,5.815178e-06
91.488,0.0,83.13904572663154,6.340342e-06
91.488,0.0,83.13864463220136,4.750022e-06
91.488,0.0,83.13823382502129,4.199363e-06
91.488,0.0,83.13781482838759,5.841255e-06
91.488,0.0,83.13739718831975,5.370457e-06
91.488,0.0,83.13699320006992,3.949172e-06
91.488,0.0,83.13656294764051,4.076952e-06
91.488,0.0,83.13613943308683,5.645852e-06
91.488,0.0,83.13572930465052,4.930887e-06
91.488,0.0,83.13530749876634,4.000089e-06
91.488,0.0,83.13489173283656,4.599438e-06
91.488,0.0,83.13448437017398,5.440583e-06
91.488,0.0,83.13403856676466,4.393078e-06
91.488,0.0,83.1336069057081,3.606008e-06
91.488,0.0,83.13318100277145,4.808404e-06
91.488,0.0,83.13278946914261,4.872301e-06
91.488,0.0,83.13236284160513,3.633439e-06
91.488,0.0,83.13196256488564,3.461857e-06
91.488,0.0,83.1315316143561,4.515663e-06
91.488,0.0,83.13110841944018,4.029163e-06
91.488,0.0,83.13069342412969,2.959074e-06
91.488,0.0,83.13029216233556,3.200999e-06
91.488,0.0,83.12985115236633,4.00572e-06
91.488,0.0,83.12945492506806,3.007139e-06
91.488,0.0,83.12903237494382,2.509943e-06
91.488,0.0,83.12862983331057,4.140602e-06
91.488,0.0,83.12821586917597,5.026668e-06
91.488,0.0,83.12777810758,4.016969e-06
91.488,0.0,83.12738265839245,3.310342e-06
91.488,0.0,83.12697809496942,4.19018e-06
91.488,0.0,83.1265328861975,4.675428e-06
91.488,0.0,83.12611821425398,4.017726e-06
91.488,0.0,83.12570433229519,4.071117e-06
91.488,0.0,83.1252658783676,5.831869e-06
91.488,0.0,83.12486718365967,5.213136e-06
91.488,0.0,83.12446989352551,4.226356e-06
91.488,0.0,83.124008543486,4.746878e-06
91.488,0.0,83.12361010813257,5.595153e-06
91.488,0.0,83.12316451420264,4.751084e-06
91.488,0.0,83.12276467405209,4.12589e-06
91.488,0.0,83.12234984237132,5.583992e-06
91.488,0.0,83.1219308306157,5.586815e-06
91.488,0.0,83.12151883773024,4.234316e-06
91.488,0.0,83.1210923439654,3.835972e-06
91.488,0.0,83.12065944066242,5.031878e-06
91.488,0.0,83.12025370895019,4.911417e-06
91.488,0.0,83.1198521792594,3.630048e-06
91.488,0.0,83.11941331259155,4.458503e-06
91.488,0.0,83.11900553304564,6.252158e-06
91.488,0.0,83.11859349571878,5.137437e-06
91.488,0.0,83.11817557827649,4.224275e-06
91.488,0.0,83.11773552927336,4.704503e-06
91.488,0.0,83.11733422920716,5.394322e-06
91.488,0.0,83.11693441989814,4.233065e-06
91.488,0.0,83.11650064073991,3.640031e-06
91.488,0.0,83.11608140705343,5.595881e-06
91.488,0.0,83.11566876483712,5.950904e-06
91.488,0.0,83.1152288357475,4.589703e-06
91.488,0.0,83.11481342068475,4.049696e-06
91.488,0.0,83.1143987242654,4.918242e-06
91.488,0.0,83.113977518874,5.018373e-06
91.488,0.0,83.11357209954699,3.620298e-06
91.488,0.0,83.1131252869917,3.613706e-06
91.488,0.0,83.11271437405807,5.593582e-06
91.488,0.0,83.11231613419054,5.005379e-06
91.488,0.0,83.11188865193608,3.891706e-06
91.488,0.0,83.11144484032951,3.760986e-06
91.488,0.0,83.11101991722238,4.757865e-06
91.488,0.0,83.11063037141443,4.282047e-06
91.488,0.0,83.11020907351151,3.433073e-06
91.488,0.0,83.10980704190561,4.20287e-06
91.488,0.0,83.10938224121524,5.549591e-06
91.488,0.0,83.1089873660008,4.71597e-06
91.488,0.0,83.10856360617717,3.952329e-06
91.488,0.0,83.10812997276334,4.54679e-06
91.488,0.0,83.10772016994612,5.376132e-06
91.488,0.0,83.10731513646333,4.479603e-06
91.488,0.0,83.10690330510103,3.876557e-06
91.488,0.0,83.10647048841003,5.382812e-06
91.488,0.0,83.10607035303241,5.565133e-06
91.488,0.0,83.10563414940664,4.259011e-06
91.488,0.0,83.10522994676823,3.777837e-06
91.488,0.0,83.10481138714933,5.080525e-06
91.488,0.0,83.1043809600024,5.153473e-06
91.488,0.0,83.10398629520446,4.559828e-06
91.488,0.0,83.10355280126049,4.406e-06
91.488,0.0,83.10311295734304,5.80796e-06
91.488,0.0,83.10271310513845,5.206675e-06
91.488,0.0,83.1022870993901,4.137561e-06
91.488,0.0,83.10187290564485,4.298417e-06
91.488,0.0,83.10147464427996,5.728638e-06
91.488,0.0,83.10101990863457,4.966278e-06
91.488,0.0,83.10063004515712,4.141635e-06
91.488,0.0,83.10018523034903,4.829722e-06
91.488,0.0,83.09978312120315,5.645983e-06
91.488,0.0,83.09935495532011,4.721383e-06
91.488,0.0,83.09894209331242,3.725349e-06
91.488,0.0,83.09854001487156,4.717644e-06
91.488,0.0,83.09810234756503,5.382753e-06
91.488,0.0,83.09770289813072,4.528556e-06
91.488,0.0,83.0972767023551,3.61081e-06
91.488,0.0,83.09685573486692,4.407542e-06
91.488,0.0,83.09646623877931,4.894886e-06
91.488,0.0,83.09603188281919,4.158443e-06
91.488,0.0,83.09559344712096,3.347872e-06
91.488,0.0,83.09519505303696,4.051253e-06
91.488,0.0,83.0947697953347,4.533344e-06
91.488,0.0,83.09434789961294,3.055393e-06
91.488,0.0,83.09391853429324,2.607252e-06
91.488,0.0,83.09349880271218,3.261754e-06
91.488,0.0,83.09308243542166,3.568624e-06
91.488,0.0,83.09267654558337,2.831672e-06
91.488,0.0,83.0922443513213,2.228611e-06
91.488,0.0,83.09181852947172,3.192603e-06
91.488,0.0,83.0914347812714,3.542984e-06
91.488,0.0,83.09100298513421,3.450114e-06
91.488,0.0,83.09056435334271,4.163288e-06
91.488,0.0,83.09016456619449,5.082809e-06
91.488,0.0,83.08973048385776,5.515583e-06
91.488,0.0,83.08934848801725,3.993759e-06
91.488,0.0,83.08891866219035,3.627167e-06
91.488,0.0,83.08851051630229,5.232345e-06
91.488,0.0,83.08808225325173,5.634036e-06
91.488,0.0,83.08767859987027,4.253699e-06
91.488,0.0,83.08722601670627,3.520705e-06
91.488,0.0,83.08683418072229,4.587855e-06
91.488,0.0,83.08643603708146,5.105685e-06
91.488,0.0,83.08600579548461,4.084592e-06
91.488,0.0,83.08556743463419,3.399429e-06
91.488,0.0,83.08514779386032,5.175301e-06
91.488,0.0,83.08471952021657,5.298076e-06
91.488,0.0,83.08431639719231,4.022935e-06
91.488,0.0,83.08387887457762,3.451816e-06
91.488,0.0,83.08349018189612,4.822839e-06
91.488,0.0,83.08307655900403,5.317808e-06
91.488,0.0,83.08262791080918,4.254704e-06
91.488,0.0,83.08220431314315,3.908775e-06
91.488,0.0,83.08180645360963,5.762355e-06
91.488,0.0,83.08137812549538,5.571274e-06
91.488,0.0,83.08097837408822,4.264002e-06
91.488,0.0,83.08055701054151,4.191519e-06
91.488,0.0,83.08014554491926,5.40023e-06
91.488,0.0,83.07970471081376,5.115959e-06
91.488,0.0,83.07930490950383,4.168556e-06
91.488,0.0,83.0788985858913,3.682086e-06
91.488,0.0,83.07846864626757,5.654583e-06
91.488,0.0,83.07805464914182,5.712413e-06
91.488,0.0,83.07763931197695,4.00313e-06
91.488,0.0,83.07719621550555,3.766589e-06
91.488,0.0,83.07679500004346,5.051872e-06
91.488,0.0,83.07639737898388,4.653775e-06
91.488,0.0,83.07595758993362,3.782086e-06
91.488,0.0,83.07554394563535,3.877198e-06
91.488,0.0,83.07513006838556,5.296097e-06
91.488,0.0,83.07468719668091,5.046415e-06
91.488,0.0,83.07428627879365,3.765614e-06
91.488,0.0,83.07384631653383,3.441732e-06
91.488,0.0,83.07342998871364,5.300302e-06
91.488,0.0,83.0730361727373,5.196925e-06
91.488,0.0,83.07259092116338,4.019428e-06
91.488,0.0,83.07218169740378,3.763431e-06
91.488,0.0,83.07177547562213,4.603848e-06
91.488,0.0,83.07133702455289,4.863483e-06
91.488,0.0,83.07093825270393,4.111935e-06
91.488,0.0,83.07052645100546,3.599096e-06
91.488,0.0,83.07010265524237,4.054978e-06
91.488,0.0,83.06966915964942,4.362388e-06
91.488,0.0,83.06926831303535,3.468027e-06
91.488,0.0,83.06886876669887,2.724206e-06
91.488,0.0,83.06843394842018,3.609108e-06
91.488,0.0,83.06802780864467,4.533795e-06
91.488,0.0,83.06760761536071,4.048852e-06
91.488,0.0,83.06716624343437,4.096495e-06
91.488,0.0,83.06675683049605,5.532551e-06
91.488,0.0,83.06636117990585,6.040093e-06
91.488,0.0,83.06596076842301,4.928006e-06
91.488,0.0,83.06551488302057,4.151429e-06
91.488,0.0,83.0651000215539,4.77639e-06
91.488,0.0,83.06468428362203,5.544178e-06
91.488,0.0,83.06424974667019,4.47678e-06
91.488,0.0,83.06384691712596,4.260801e-06
91.488,0.0,83.06344335460886,5.687238e-06
91.488,0.0,83.06299935497269,6.217699e-06
91.488,0.0,83.06258026067019,5.025548e-06
91.488,0.0,83.06216897283764,4.126239e-06
91.488,0.0,83.06173211442143,5.056543e-06
91.488,0.0,83.0613310340017,5.910668e-06
91.488,0.0,83.06093006842545,4.763759e-06
91.488,0.0,83.06049460449036,4.263071e-06
91.488,0.0,83.06007623362416,4.920905e-06
91.488,0.0,83.05965872136287,6.598348e-06
91.488,0.0,83.05922771919579,5.931317e-06
91.488,0.0,83.05882762418102,4.653528e-06
91.488,0.0,83.05842852778885,4.973015e-06
91.488,0.0,83.05798644125389,5.857917e-06
91.488,0.0,83.05756730333967,5.209411e-06
91.488,0.0,83.05715716218276,4.007787e-06
91.488,0.0,83.05675106372945,4.671601e-06
91.488,0.0,83.05630650601864,6.42646e-06
91.488,0.0,83.05591720574894,5.735972e-06
91.488,0.0,83.0554763913271,4.60165e-06
91.488,0.0,83.05506041229165,4.54906e-06
91.488,0.0,83.05463427335492,6.050017e-06
91.488,0.0,83.05419953620516,5.292706e-06
91.488,0.0,83.05379603165805,4.221685e-06
91.488,0.0,83.05339597457953,4.324189e-06
91.488,0.0,83.05295547720529,6.260831e-06
91.488,0.0,83.05254424082872,5.745824e-06
91.488,0.0,83.05212158518839,4.302958e-06
91.488,0.0,83.051685396617,3.960216e-06
91.488,0.0,83.05127801920578,5.468071e-06
91.488,0.0,83.05088514879809,5.857553e-06
91.488,0.0,83.05048001616747,4.73563e-06
91.488,0.0,83.05003175012335,4.251197e-06
91.488,0.0,83.04960742100047,5.604132e-06
91.488,0.0,83.04921012244989,6.523871e-06
91.488,0.0,83.04878697908192,5.467169e-06
91.488,0.0,83.04837482096234,4.628426e-06
91.488,0.0,83.04797409024908,5.202237e-06
91.488,0.0,83.04754144692009,6.355214e-06
91.488,0.0,83.04712019589492,5.334718e-06
91.488,0.0,83.04670741695953,4.457441e-06
91.488,0.0,83.04628423845057,5.134978e-06
91.488,0.0,83.04587197759614,6.887101e-06
91.488,0.0,83.04546801510656,5.903188e-06
91.488,0.0,83.04503509053984,4.679634e-06
91.488,0.0,83.04461172217795,4.894493e-06
91.488,0.0,83.04419983835568,6.391929e-06
91.488,0.0,83.04376482060775,5.605412e-06
91.488,0.0,83.04336385056952,4.62163e-06
91.488,0.0,83.04296176868958,4.64388e-06
91.488,0.0,83.0425102570001,6.518938e-06
91.488,0.0,83.04210434394419,5.967755e-06
91.488,0.0,83.04169102366038,4.828034e-06
91.488,0.0,83.04125318735122,4.636458e-06
91.488,0.0,83.0408520872888,5.954003e-06
91.488,0.0,83.0404532275172,5.842987e-06
91.488,0.0,83.04001523186773,4.685222e-06
91.488,0.0,83.0395927770366,4.244503e-06
91.488,0.0,83.03918079772464,5.994923e-06
91.488,0.0,83.03874199223856,6.353264e-06
91.488,0.0,83.03833825051956,5.556431e-06
91.488,0.0,83.0379423438717,4.530943e-06
91.488,0.0,83.03753089788827,5.097711e-06
91.488,0.0,83.03708437638754,5.792477e-06
91.488,0.0,83.03666959004553,5.029113e-06
91.488,0.0,83.03626461386501,4.36198e-06
91.488,0.0,83.03582502235237,4.810005e-06
91.488,0.0,83.03542827972679,5.970054e-06
91.488,0.0,83.03499250793118,5.314796e-06
91.488,0.0,83.03457595108115,4.378933e-06
91.488,0.0,83.03415672558943,4.222151e-06
91.488,0.0,83.03372284950521,5.30215e-06
91.488,0.0,83.03332439501634,5.185895e-06
91.488,0.0,83.0329167690698,4.198722e-06
91.488,0.0,83.03248013699424,4.107584e-06
91.488,0.0,83.03206831718808,5.833776e-06
91.488,0.0,83.03164795058248,6.143368e-06
91.488,0.0,83.03120724542552,4.798727e-06
91.488,0.0,83.03080669736178,4.177185e-06
91.488,0.0,83.03040767997506,4.765563e-06
91.488,0.0,83.03000033600986,5.835827e-06
91.488,0.0,83.02956847611352,4.929636e-06
91.488,0.0,83.02913915094575,3.958819e-06
91.488,0.0,83.02873109906281,4.103058e-06
91.488,0.0,83.02831197690824,5.477952e-06
91.488,0.0,83.02790164259541,4.891277e-06
91.488,0.0,83.02749782874623,4.005909e-06
91.488,0.0,83.02706489376268,4.151851e-06
91.488,0.0,83.02663488682421,5.404247e-06
91.488,0.0,83.02622261566309,4.930131e-06
91.488,0.0,83.0258243105342,3.840425e-06
91.488,0.0,83.02538804021384,3.615161e-06
91.488,0.0,83.02498327615439,4.531335e-06
91.488,0.0,83.0245631513838,5.177004e-06
91.488,0.0,83.0241214969851,3.95524e-06
91.488,0.0,83.02371000046435,3.661407e-06
91.488,0.0,83.02330997899031,4.509551e-06
91.488,0.0,83.022875034194,5.356487e-06
91.488,0.0,83.02247177105303,4.482761e-06
91.488,0.0,83.0220379207465,3.767171e-06
91.488,0.0,83.02161487863711,4.379501e-06
91.488,0.0,83.0212015757106,5.292721e-06
91.488,0.0,83.02080060568075,4.517162e-06
91.488,0.0,83.02037091616599,3.816225e-06
91.488,0.0,83.01997015924752,4.041765e-06
91.488,0.0,83.01952408100689,5.66864e-06
91.488,0.0,83.01910721504267,5.561582e-06
91.488,0.0,83.0186940636567,4.398375e-06
91.488,0.0,83.01829038900833,4.304544e-06
91.488,0.0,83.01786410017061,5.406211e-06
91.488,0.0,83.01745177651516,5.407084e-06
91.488,0.0,83.01703826006133,4.23321e-06
91.488,0.0,83.01662433238079,3.886686e-06
91.488,0.0,83.01617565346807,4.857997e-06
91.488,0.0,83.01577234258376,5.915077e-06
91.488,0.0,83.01537323722515,5.039197e-06
91.488,0.0,83.01493258269808,3.993817e-06
91.488,0.0,83.01452354242146,3.792535e-06
91.488,0.0,83.01409536167169,4.601388e-06
91.488,0.0,83.01366194221563,4.131405e-06
91.488,0.0,83.01325860713213,3.354406e-06
91.488,0.0,83.01282032535,3.51193e-06
91.488,0.0,83.01241963318529,5.28348e-06
91.488,0.0,83.0120102506801,5.132228e-06
91.488,0.0,83.01158091267942,4.08302e-06
91.488,0.0,83.01115195807786,3.523601e-06
91.488,0.0,83.01073943830161,4.295507e-06
91.488,0.0,83.01031919127243,4.680609e-06
91.488,0.0,83.00991915080407,4.251342e-06
91.488,0.0,83.0095133150293,3.470908e-06
91.488,0.0,83.00909800415475,3.978246e-06
91.488,0.0,83.00868205961014,4.942121e-06
91.488,0.0,83.00824170778442,4.472313e-06
91.488,0.0,83.00784346584204,4.187692e-06
91.488,0.0,83.00743986664214,3.967536e-06
91.488,0.0,83.00700008168111,5.235066e-06
91.488,0.0,83.00657467546034,4.782589e-06
91.488,0.0,83.00616521201934,3.872323e-06
91.488,0.0,83.00574238764679,3.592344e-06
91.488,0.0,83.00531906009475,4.917238e-06
91.488,0.0,83.00491705005614,4.881033e-06
91.488,0.0,83.004508127133,3.677706e-06
91.488,0.0,83.00407619155692,3.172652e-06
91.488,0.0,83.00364569253792,4.183268e-06
91.488,0.0,83.00323598169246,4.401605e-06
91.488,0.0,83.00281533885297,3.726251e-06
91.488,0.0,83.00239762374287,3.130393e-06
91.488,0.0,83.00199069972537,3.206515e-06
91.488,0.0,83.00157468181227,4.410453e-06
91.488,0.0,83.00112773823113,4.003829e-06
91.488,0.0,83.0007147930001,3.117253e-06
91.488,0.0,83.00031443946813,2.560642e-06
91.488,0.0,82.99989562934942,3.178764e-06
91.488,0.0,82.99946759544231,3.030524e-06
91.488,0.0,82.99905147637091,2.669141e-06
91.488,0.0,82.99863937803683,2.359695e-06
91.488,0.0,82.99822844458322,2.924935e-06
91.488,0.0,82.99778917882107,3.170979e-06
91.488,0.0,82.99739443946339,2.367145e-06
91.488,0.0,82.9969877524739,1.900728e-06
91.488,0.0,82.99654168695452,1.767767e-06
91.488,0.0,82.99612724778493,2.43359e-06
91.488,0.0,82.99571573362373,2.29929e-06
91.488,0.0,82.99528018126922,1.550783e-06
91.488,0.0,82.99488173009804,1.301407e-06
91.488,0.0,82.99444282934999,1.900946e-06
91.488,0.0,82.99403184205774,1.906505e-06
91.488,0.0,82.99361371862521,1.630469e-06
91.488,0.0,82.99317402362348,1.004664e-06
91.488,0.0,82.99276671859322,1.160544e-06
91.488,0.0,82.99236639146073,1.008491e-06
91.488,0.0,82.99192696522603,7.399649e-07
91.488,0.0,82.99151290496805,5.727779e-07
91.488,0.0,82.99109865774375,8.426869e-07
91.488,0.0,82.99068535803352,1.848632e-06
91.488,0.0,82.99028465357021,2.17685e-06
91.488,0.0,82.98984416880177,1.616092e-06
91.488,0.0,82.9894469919579,1.940192e-06
91.488,0.0,82.9890295603609,2.232628e-06
91.488,0.0,82.98860649779871,2.227374e-06
91.488,0.0,82.98818073483127,1.639361e-06
91.488,0.0,82.98777667028325,2.398927e-06
91.488,0.0,82.98737518341639,4.401489e-06
91.488,0.0,82.98694078341632,4.27918e-06
91.488,0.0,82.98652713235535,3.728084e-06
91.488,0.0,82.98611283696117,3.553956e-06
91.488,0.0,82.98570066509733,5.038528e-06
91.488,0.0,82.985262797775,5.205846e-06
91.488,0.0,82.98486449234517,3.94677e-06
91.488,0.0,82.98442379184526,3.235764e-06
91.488,0.0,82.98401058476874,4.445974e-06
91.488,0.0,82.98359884311667,5.110327e-06
91.488,0.0,82.98318241284696,3.854599e-06
91.488,0.0,82.98274520391851,3.077555e-06
91.488,0.0,82.98234377767079,4.034926e-06
91.488,0.0,82.98190564394024,5.415495e-06
91.488,0.0,82.98149759711788,4.458969e-06
91.488,0.0,82.98108283624111,3.42181e-06
91.488,0.0,82.98066961032599,3.139721e-06
91.488,0.0,82.98022881246128,3.936293e-06
91.488,0.0,82.97982568134216,3.808324e-06
91.488,0.0,82.97942535578755,2.330155e-06
91.488,0.0,82.97898923024577,2.080415e-06
91.488,0.0,82.97857154671874,4.083151e-06
91.488,0.0,82.9781589377654,4.326968e-06
91.488,0.0,82.97773361160793,3.323017e-06
91.488,0.0,82.97731399064823,2.554225e-06
91.488,0.0,82.97691329835112,2.704037e-06
91.488,0.0,82.9765082816928,4.086512e-06
91.488,0.0,82.97607596338398,4.002854e-06
91.488,0.0,82.97564462278766,3.580877e-06
91.488,0.0,82.97523394990294,3.776542e-06
91.488,0.0,82.97481345779835,5.460301e-06
91.488,0.0,82.97439575580961,4.97789e-06
91.488,0.0,82.97398967395351,3.882757e-06
91.488,0.0,82.97354361146854,3.510373e-06
91.488,0.0,82.97312906427543,4.915419e-06
91.488,0.0,82.9727151625388,4.924048e-06
91.488,0.0,82.97227772148625,3.500638e-06
91.488,0.0,82.97187910245763,3.343521e-06
91.488,0.0,82.97147519287718,4.670568e-06
91.488,0.0,82.97104051584614,5.095513e-06
91.488,0.0,82.97061613461872,4.19945e-06
91.488,0.0,82.97020242559181,3.753172e-06
91.488,0.0,82.96979003304328,4.570597e-06
91.488,0.0,82.96936164688255,5.533002e-06
91.488,0.0,82.96894265776504,4.454909e-06
91.488,0.0,82.96854508849667,3.65873e-06
91.488,0.0,82.96813130947587,4.010712e-06
91.488,0.0,82.96771719332801,5.232228e-06
91.488,0.0,82.96727611861603,4.913731e-06
91.488,0.0,82.96687326864674,3.786001e-06
91.488,0.0,82.96646979580015,3.47232e-06
91.488,0.0,82.96605580661823,4.218498e-06
91.488,0.0,82.96563166000122,4.397007e-06
91.488,0.0,82.96519405715773,3.097855e-06
91.488,0.0,82.96479027310762,2.71546e-06
91.488,0.0,82.96437768185112,3.911089e-06
91.488,0.0,82.9639433506861,4.777583e-06
91.488,0.0,82.96353569934404,3.970548e-06
91.488,0.0,82.96310975251309,3.180685e-06
91.488,0.0,82.96270515189599,3.32226e-06
91.488,0.0,82.96226267894764,3.997629e-06
91.488,0.0,82.96185712192894,3.369511e-06
91.488,0.0,82.96146129490704,2.564251e-06
91.488,0.0,82.9610056628845,2.753543e-06
91.488,0.0,82.96060455152859,3.821522e-06
91.488,0.0,82.96018867512416,3.671463e-06
91.488,0.0,82.95975700341867,3.03665e-06
91.488,0.0,82.95934657708253,2.679371e-06
91.488,0.0,82.95894555830567,3.287787e-06
91.488,0.0,82.95850879225125,3.594905e-06
91.488,0.0,82.95810398366388,2.724148e-06
91.488,0.0,82.95767067202247,1.980545e-06
91.488,0.0,82.95726417363286,1.819091e-06
91.488,0.0,82.95684407932384,2.718254e-06
91.488,0.0,82.95642845363666,2.638713e-06
91.488,0.0,82.95601933517428,2.042842e-06
91.488,0.0,82.95559198323163,1.861481e-06
91.488,0.0,82.95515961816311,2.541783e-06
91.488,0.0,82.95475080584977,3.110938e-06
91.488,0.0,82.95432594640317,3.019333e-06
91.488,0.0,82.95391657424052,3.149966e-06
91.488,0.0,82.95350645655712,3.904366e-06
91.488,0.0,82.9530598085977,3.804467e-06
91.488,0.0,82.95264810984246,3.310357e-06
91.488,0.0,82.95223858634161,2.23692e-06
91.488,0.0,82.9517974351181,2.183122e-06
91.488,0.0,82.95139516164332,2.419722e-06
91.488,0.0,82.95098947939103,1.656619e-06
91.488,0.0,82.95057471143261,8.980569e-07
91.488,0.0,82.95015355853639,2.251516e-06
91.488,0.0,82.9497168101634,3.977737e-06
91.488,0.0,82.94931840523707,3.566733e-06
91.488,0.0,82.94891940673213,3.148045e-06
91.488,0.0,82.94848006189419,3.655645e-06
91.488,0.0,82.94806198696647,5.276117e-06
91.488,0.0,82.9476503329902,4.742498e-06
91.488,0.0,82.94724046509764,3.509427e-06
91.488,0.0,82.94680333696611,3.398425e-06
91.488,0.0,82.94640217708556,4.877133e-06
91.488,0.0,82.9459948448245,5.080903e-06
91.488,0.0,82.94556476412382,3.789653e-06
91.488,0.0,82.94513549731207,3.429552e-06
91.488,0.0,82.94472545312505,4.923946e-06
91.488,0.0,82.94430239270558,5.64834e-06
91.488,0.0,82.94388912006977,4.077694e-06
91.488,0.0,82.94348309946771,3.120513e-06
91.488,0.0,82.94304857585294,3.448891e-06
91.488,0.0,82.94262361823417,4.427769e-06
91.488,0.0,82.94221154682161,3.561348e-06
91.488,0.0,82.94180921039495,2.816771e-06
91.488,0.0,82.94137084774763,3.709793e-06
91.488,0.0,82.94096775777268,5.118971e-06
91.488,0.0,82.94055237146692,4.515081e-06
91.488,0.0,82.94012728643987,3.368768e-06
91.488,0.0,82.93969049697658,3.190973e-06
91.488,0.0,82.93928943858866,4.47288e-06
91.488,0.0,82.93889068954506,4.378322e-06
91.488,0.0,82.93845487077184,3.114706e-06
91.488,0.0,82.93803946366786,3.086083e-06
91.488,0.0,82.93762358031611,4.576141e-06
91.488,0.0,82.93719118600906,5.047623e-06
91.488,0.0,82.93677319422888,4.079586e-06
91.488,0.0,82.93637536098451,3.260502e-06
91.488,0.0,82.9359726022744,3.914494e-06
91.488,0.0,82.93552496174568,5.015449e-06
91.488,0.0,82.93510980478042,4.0226e-06
91.488,0.0,82.93469344349812,2.968707e-06
91.488,0.0,82.9342457010225,2.902918e-06
91.488,0.0,82.93385088794967,4.343703e-06
91.488,0.0,82.93342450284179,2.881599e-06
91.488,0.0,82.93301560436765,2.318426e-06
91.488,0.0,82.93258937775997,3.243258e-06
91.488,0.0,82.93215770753862,5.146925e-06
91.488,0.0,82.9317495186814,4.343907e-06
91.488,0.0,82.93134882042638,3.404231e-06
91.488,0.0,82.93091136679597,3.685593e-06
91.488,0.0,82.9305017851689,5.402573e-06
91.488,0.0,82.93008677584393,4.965594e-06
91.488,0.0,82.92967295605784,3.601235e-06
91.488,0.0,82.9292669046106,3.161695e-06
91.488,0.0,82.9288286685749,3.905006e-06
91.488,0.0,82.9284285707344,4.521367e-06
91.488,0.0,82.92802445081536,3.429479e-06
91.488,0.0,82.92757760580913,2.885354e-06
91.488,0.0,82.92716210416452,4.090703e-06
91.488,0.0,82.92675458310892,4.940783e-06
91.488,0.0,82.92635550890289,3.7032e-06
91.488,0.0,82.92591704321057,2.472923e-06
91.488,0.0,82.92550648834668,2.44868e-06
91.488,0.0,82.92509441683394,3.761248e-06
91.488,0.0,82.92464771411339,3.16964e-06
91.488,0.0,82.92423983426276,2.069006e-06
91.488,0.0,82.92384075774443,1.864202e-06
91.488,0.0,82.923402191479,2.729968e-06
91.488,0.0,82.92299525764871,2.761837e-06
91.488,0.0,82.92257967079357,2.360015e-06
91.488,0.0,82.9221335646752,2.083849e-06
91.488,0.0,82.92172173087603,2.195069e-06
91.488,0.0,82.92132332525298,2.408211e-06
91.488,0.0,82.92088355941306,1.903172e-06
91.488,0.0,82.92047933359282,1.485736e-06
91.488,0.0,82.92006467123947,2.442204e-06
91.488,0.0,82.91964895017976,2.992354e-06
91.488,0.0,82.91919919514497,2.745786e-06
91.488,0.0,82.91880056009659,2.200235e-06
91.488,0.0,82.9184029728014,2.974557e-06
91.488,0.0,82.91796612556712,3.713387e-06
91.488,0.0,82.91754918167425,2.802117e-06
91.488,0.0,82.91713514576975,2.06384e-06
91.488,0.0,82.91672527911281,2.131186e-06
91.488,0.0,82.91627310911132,2.830988e-06
91.488,0.0,82.91588823677972,2.527348e-06
91.488,0.0,82.91547725533073,2.109868e-06
91.488,0.0,82.91504956338497,2.56217e-06
91.488,0.0,82.91462515997802,3.296882e-06
91.488,0.0,82.91418032754017,2.322107e-06
91.488,0.0,82.91377827323092,1.425738e-06
91.488,0.0,82.91337811070602,1.538196e-06
91.488,0.0,82.91294064417208,2.314031e-06
91.488,0.0,82.91252883540115,2.089539e-06
91.488,0.0,82.91209435314188,1.226363e-06
91.488,0.0,82.91166944621897,1.431821e-06
91.488,0.0,82.91126453647799,2.249304e-06
91.488,0.0,82.91086498051072,2.32982e-06
91.488,0.0,82.91045077279573,1.413136e-06
91.488,0.0,82.91001778446542,1.289474e-06
91.488,0.0,82.90960527655689,1.690452e-06
91.488,0.0,82.90919474902427,1.504697e-06
91.488,0.0,82.90879077230625,8.758798e-07
91.488,0.0,82.90835293117338,1.048436e-06
91.488,0.0,82.90795146402593,1.404595e-06
91.488,0.0,82.90753800984051,1.282824e-06
91.488,0.0,82.90712271235518,1.006105e-06
91.488,0.0,82.90667493471129,7.785129e-07
91.488,0.0,82.90626632312733,8.574134e-07
91.488,0.0,82.90586713724598,5.88203e-07
91.488,0.0,82.90546460248163,8.93735e-07
91.488,0.0,82.90502610128986,2.152578e-06
91.488,0.0,82.90460463396685,2.762783e-06
91.488,0.0,82.90419248153825,3.075082e-06
91.488,0.0,82.90375139853431,3.201392e-06
91.488,0.0,82.90335015143063,4.006361e-06
91.488,0.0,82.90294906798934,5.533235e-06
91.488,0.0,82.9025015174408,4.748217e-06
91.488,0.0,82.90208969799778,3.707522e-06
91.488,0.0,82.90167229077333,4.01547e-06
91.488,0.0,82.90121389191384,5.788141e-06
91.488,0.0,82.90083156131547,5.175345e-06
91.488,0.0,82.90043007905993,3.981622e-06
91.488,0.0,82.90002076718778,3.800727e-06
91.488,0.0,82.89957373786075,4.917267e-06
91.488,0.0,82.89916028043787,4.73189e-06
91.488,0.0,82.89875347569696,3.524241e-06
91.488,0.0,82.89831373188458,3.119552e-06
91.488,0.0,82.89791722281902,4.160873e-06
91.488,0.0,82.89750800954927,4.312227e-06
91.488,0.0,82.89707878069974,3.463894e-06
91.488,0.0,82.89664866500851,2.725777e-06
91.488,0.0,82.89624055503195,3.476991e-06
91.488,0.0,82.89584377463702,3.657871e-06
91.488,0.0,82.8954028469676,2.510729e-06
91.488,0.0,82.89499449508313,2.324174e-06
91.488,0.0,82.89456160608329,4.224203e-06
91.488,0.0,82.8941307563435,4.631162e-06
91.488,0.0,82.89372535263196,3.583264e-06
91.488,0.0,82.89328810578445,2.916742e-06
91.488,0.0,82.89288898907526,3.621302e-06
91.488,0.0,82.89248341725556,4.047877e-06
91.488,0.0,82.89203830553947,3.039415e-06
91.488,0.0,82.89162473531661,2.748056e-06
91.488,0.0,82.89121475884903,4.317568e-06
91.488,0.0,82.89077449747033,4.241447e-06
91.488,0.0,82.89037228578682,3.125198e-06
91.488,0.0,82.88997113822408,2.737535e-06
91.488,0.0,82.88955214471824,3.66733e-06
91.488,0.0,82.8891055892081,3.911453e-06
91.488,0.0,82.88869925841469,2.833447e-06
91.488,0.0,82.88829852505562,2.734916e-06
91.488,0.0,82.88789681807776,3.975481e-06
91.488,0.0,82.88748665763339,4.064248e-06
91.488,0.0,82.88704213492626,3.279754e-06
91.488,0.0,82.88662735770386,3.22437e-06
91.488,0.0,82.88621361363224,3.807683e-06
91.488,0.0,82.88581335643447,3.735433e-06
91.488,0.0,82.88537516941274,2.968532e-06
91.488,0.0,82.88497134527769,2.971923e-06
91.488,0.0,82.88453206580321,3.715002e-06
91.488,0.0,82.88410903953515,3.741487e-06
91.488,0.0,82.88370060680657,3.082372e-06
91.488,0.0,82.88326337903653,2.985456e-06
91.488,0.0,82.88286577329418,3.500216e-06
91.488,0.0,82.88246226272132,3.229681e-06
91.488,0.0,82.88202420452342,2.686007e-06
91.488,0.0,82.88159963701428,2.970191e-06
91.488,0.0,82.88118690495693,4.207061e-06
91.488,0.0,82.88078345162636,3.796144e-06
91.488,0.0,82.8803341727711,3.377558e-06
91.488,0.0,82.87994612839131,4.093759e-06
91.488,0.0,82.87953103478385,4.881644e-06
91.488,0.0,82.87910314302107,3.881272e-06
91.488,0.0,82.87867090927209,3.468667e-06
91.488,0.0,82.87826458570646,4.266985e-06
91.488,0.0,82.87786490631953,4.347268e-06
91.488,0.0,82.8774246109438,2.922447e-06
91.488,0.0,82.87701421673451,2.436311e-06
91.488,0.0,82.87659943547725,3.660389e-06
91.488,0.0,82.87617913254584,4.281406e-06
91.488,0.0,82.87574425405961,3.109599e-06
91.488,0.0,82.87533643202836,2.436296e-06
91.488,0.0,82.87494489310943,2.730783e-06
91.488,0.0,82.87450616601906,2.900226e-06
91.488,0.0,82.87408412356268,2.7403e-06
91.488,0.0,82.87370772141394,3.261273e-06
91.488,0.0,82.87323979036772,4.765927e-06
91.488,0.0,82.87283810647007,4.542992e-06
91.488,0.0,82.87239804947176,3.133202e-06
91.488,0.0,82.87199186986271,2.656525e-06
91.488,0.0,82.87157690968874,2.511588e-06
91.488,0.0,82.87115741678475,2.475848e-06
91.488,0.0,82.87071873134458,2.535031e-06
91.488,0.0,82.87031890201726,3.786336e-06
91.488,0.0,82.86991981743336,5.454771e-06
91.488,0.0,82.86948022254525,4.711866e-06
91.488,0.0,82.86906373060235,3.9554e-06
91.488,0.0,82.86865009872626,4.38781e-06
91.488,0.0,82.86823928376162,4.910486e-06
91.488,0.0,82.86783843449545,4.136469e-06
91.488,0.0,82.86738544164716,3.942681e-06
91.488,0.0,82.86699399147906,5.308364e-06
91.488,0.0,82.86657988319715,5.34633e-06
91.488,0.0,82.86616151051334,4.138739e-06
91.488,0.0,82.86572690080266,3.932306e-06
91.488,0.0,82.86532606582978,4.658606e-06
91.488,0.0,82.86489075599248,4.479502e-06
91.488,0.0,82.86448533548543,3.706664e-06
91.488,0.0,82.86407081495845,3.799869e-06
91.488,0.0,82.8636485220746,5.166177e-06
91.488,0.0,82.86321016815958,4.30693e-06
91.488,0.0,82.8628094004931,3.775538e-06
91.488,0.0,82.86239936598615,4.113128e-06
91.488,0.0,82.86196616334779,4.889982e-06
91.488,0.0,82.8615511878072,4.019137e-06
91.488,0.0,82.8611358923673,3.845897e-06
91.488,0.0,82.86072600406644,5.117021e-06
91.488,0.0,82.86028818078078,5.219568e-06
91.488,0.0,82.85988841564266,4.114583e-06
91.488,0.0,82.85948220047175,3.872672e-06
91.488,0.0,82.85903586633539,4.242509e-06
91.488,0.0,82.85862151897888,3.97132e-06
91.488,0.0,82.8582087236771,3.299225e-06
91.488,0.0,82.85778361735368,3.696143e-06
91.488,0.0,82.85736993038438,5.215043e-06
91.488,0.0,82.85696606388821,4.637812e-06
91.488,0.0,82.85655200258314,3.941721e-06
91.488,0.0,82.85612950097666,4.46121e-06
91.488,0.0,82.85569061967236,5.42037e-06
91.488,0.0,82.85527636741206,4.074711e-06
91.488,0.0,82.85485204977033,3.726862e-06
91.488,0.0,82.85445063951474,5.155045e-06
91.488,0.0,82.85401155942132,4.888439e-06
91.488,0.0,82.85358899105698,3.964102e-06
91.488,0.0,82.85317401542419,4.17835e-06
91.488,0.0,82.8527704372845,5.037364e-06
91.488,0.0,82.85233350601035,3.949142e-06
91.488,0.0,82.85193195267156,3.396257e-06
91.488,0.0,82.8515189854475,4.511094e-06
91.488,0.0,82.85109479250899,5.178983e-06
91.488,0.0,82.85066448791063,3.852198e-06
91.488,0.0,82.85024386036943,4.103247e-06
91.488,0.0,82.84986087854807,5.252121e-06
91.488,0.0,82.84940904989485,4.747402e-06
91.488,0.0,82.84901506891295,3.665598e-06
91.488,0.0,82.84858515256909,4.311092e-06
91.488,0.0,82.84818876309383,5.522175e-06
91.488,0.0,82.8477515803979,4.011948e-06
91.488,0.0,82.84735404785847,3.47379e-06
91.488,0.0,82.84695142304685,4.61888e-06
91.488,0.0,82.84651343083341,4.725443e-06
91.488,0.0,82.84609470517879,3.380759e-06
91.488,0.0,82.84567925691096,3.47785e-06
91.488,0.0,82.8452233950812,4.189787e-06
91.488,0.0,82.84484080936168,3.50106e-06
91.488,0.0,82.84443593090013,2.834029e-06
91.488,0.0,82.84399491361933,3.410401e-06
91.488,0.0,82.84358064366711,4.193338e-06
91.488,0.0,82.84316350646816,3.496374e-06
91.488,0.0,82.84272546557433,3.152541e-06
91.488,0.0,82.84232627099034,3.490451e-06
91.488,0.0,82.84192623246322,3.058012e-06
91.488,0.0,82.84148671671682,2.491506e-06
91.488,0.0,82.8410676633696,3.339053e-06
91.488,0.0,82.84065443464218,3.806403e-06
91.488,0.0,82.84019387388773,2.912697e-06
91.488,0.0,82.83981188737829,3.000692e-06
91.488,0.0,82.83941032526616,3.96611e-06
91.488,0.0,82.83897026063244,3.659967e-06
91.488,0.0,82.83855246023167,3.254609e-06
91.488,0.0,82.83813375645951,3.99178e-06
91.488,0.0,82.8377302869684,4.359506e-06
91.488,0.0,82.83730666427189,3.484209e-06
91.488,0.0,82.83688884490093,3.056542e-06
91.488,0.0,82.8364830991151,3.290799e-06
91.488,0.0,82.83606903234532,3.024979e-06
91.488,0.0,82.835624727586,2.554647e-06
91.488,0.0,82.83521377188939,3.391193e-06
91.488,0.0,82.83481247864191,3.856447e-06
91.488,0.0,82.8343640741188,3.160792e-06
91.488,0.0,82.8339587417484,3.035762e-06
91.488,0.0,82.83354501144525,3.240886e-06
91.488,0.0,82.83309223802493,2.675079e-06
91.488,0.0,82.83268621387535,2.440414e-06
91.488,0.0,82.83228378331418,3.268928e-06
91.488,0.0,82.83184457062748,3.46922e-06
91.488,0.0,82.83144055269153,2.892484e-06
91.488,0.0,82.8310262839014,3.353125e-06
91.488,0.0,82.83061252010539,3.729961e-06
91.488,0.0,82.83019890272847,3.114925e-06
91.488,0.0,82.82975946961857,3.219888e-06
91.488,0.0,82.82935779273849,4.197296e-06
91.488,0.0,82.82895873076987,3.578825e-06
91.488,0.0,82.8285443160022,2.852772e-06
91.488,0.0,82.8281111707158,3.359746e-06
91.488,0.0,82.82768452725198,3.819921e-06
91.488,0.0,82.8272672941915,2.983346e-06
91.488,0.0,82.82687849905281,3.45947e-06
91.488,0.0,82.82643721462004,4.471105e-06
91.488,0.0,82.82602695368263,3.748253e-06
91.488,0.0,82.82561432718325,3.486857e-06
91.488,0.0,82.82520122317268,4.078975e-06
91.488,0.0,82.82476189054861,3.777692e-06
91.488,0.0,82.82436325538437,2.85267e-06
91.488,0.0,82.8239230976834,4.256101e-06
91.488,0.0,82.82351457344579,4.595538e-06
91.488,0.0,82.82310259964275,3.423411e-06
91.488,0.0,82.8226875477009,3.409106e-06
91.488,0.0,82.82223305500374,3.995825e-06
91.488,0.0,82.82184996638647,3.247216e-06
91.488,0.0,82.82144842588289,3.011301e-06
91.488,0.0,82.82100192493127,4.018468e-06
91.488,0.0,82.82058851393407,3.707508e-06
91.488,0.0,82.82017405508826,2.945453e-06
91.488,0.0,82.81973645823722,3.537571e-06
91.488,0.0,82.81933692954266,3.814261e-06
91.488,0.0,82.81893930970809,2.855231e-06
91.488,0.0,82.81850072941782,3.00222e-06
91.488,0.0,82.81808241733862,3.895082e-06
91.488,0.0,82.81766937650049,2.929053e-06
91.488,0.0,82.8172613597974,1.984023e-06
91.488,0.0,82.81682226365695,2.912391e-06
91.488,0.0,82.81641869979251,3.042238e-06
91.488,0.0,82.81601258909666,2.188754e-06
91.488,0.0,82.81557485562,2.668981e-06
91.488,0.0,82.81515509205832,2.972083e-06
91.488,0.0,82.81474894571245,2.161789e-06
91.488,0.0,82.8143092165696,2.378918e-06
91.488,0.0,82.81390783813796,2.860208e-06
91.488,0.0,82.81347071204827,2.169661e-06
91.488,0.0,82.81305424320814,1.828419e-06
91.488,0.0,82.81263180023663,2.520566e-06
91.488,0.0,82.8121953516451,2.000626e-06
91.488,0.0,82.81179254664264,1.909255e-06
91.488,0.0,82.81139120181942,3.083842e-06
91.488,0.0,82.81098710511384,2.877307e-06
91.488,0.0,82.81055439983638,1.947483e-06
91.488,0.0,82.81012938928147,2.296147e-06
91.488,0.0,82.80971577661475,2.56818e-06
91.488,0.0,82.80931236739174,1.884604e-06
91.488,0.0,82.80890966726461,2.192814e-06
91.488,0.0,82.80847041624597,2.845365e-06
91.488,0.0,82.80805510503158,2.224377e-06
91.488,0.0,82.80764236627357,1.70448e-06
91.488,0.0,82.80719582324573,1.774824e-06
91.488,0.0,82.80679428557518,1.207198e-06
91.488,0.0,82.80639179721484,1.368389e-06
91.488,0.0,82.8059852784352,2.433007e-06
91.488,0.0,82.8055480547017,2.318731e-06
91.488,0.0,82.80511765692226,1.440392e-06
91.488,0.0,82.80470785287267,1.849112e-06
91.488,0.0,82.8043095489259,1.879802e-06
91.488,0.0,82.80386884643274,1.178589e-06
91.488,0.0,82.80346560434164,1.68207e-06
91.488,0.0,82.80303186474633,2.328961e-06
91.488,0.0,82.80260683624493,1.681459e-06
91.488,0.0,82.8021936510651,1.496344e-06
91.488,0.0,82.80179305356661,1.922599e-06
91.488,0.0,82.80135287357538,1.259934e-06
91.488,0.0,82.80095435289745,1.15369e-06
91.488,0.0,82.80054143446938,1.88555e-06
91.488,0.0,82.80009601216742,1.730383e-06
91.488,0.0,82.79968397560698,1.075605e-06
91.488,0.0,82.79927890583,1.439839e-06
91.488,0.0,82.79887551262398,1.695153e-06
91.488,0.0,82.79843907338982,1.286127e-06
91.488,0.0,82.79802913285559,1.687557e-06
91.488,0.0,82.7976158760691,1.874389e-06
91.488,0.0,82.7971684700099,1.138833e-06
91.488,0.0,82.79676190590094,1.124034e-06
91.488,0.0,82.79635978185091,1.39029e-06
91.488,0.0,82.79595828254078,8.203642e-07
91.488,0.0,82.79551783778795,1.041015e-06
91.488,0.0,82.79509715249263,1.65333e-06
91.488,0.0,82.79467984169922,1.217079e-06
91.488,0.0,82.79423954586026,9.78398e-07
91.488,0.0,82.79384088833747,1.397682e-06
91.488,0.0,82.79340093180116,1.100561e-06
91.488,0.0,82.79299374982958,8.803472e-07
91.488,0.0,82.79258283689484,1.4377e-06
91.488,0.0,82.79216550430118,1.20452e-06
91.488,0.0,82.79172437783983,8.50021e-07
91.488,0.0,82.7913241069583,1.268316e-06
91.488,0.0,82.79092380977623,1.221386e-06
91.488,0.0,82.79048630174356,8.122443e-07
91.488,0.0,82.79007047011659,1.217762e-06
91.488,0.0,82.78965693486516,1.294786e-06
91.488,0.0,82.78924724597934,7.632043e-07
91.488,0.0,82.78882640135986,8.007628e-07
91.488,0.0,82.78841005179586,1.097505e-06
91.488,0.0,82.78799921198257,8.7425e-07
91.488,0.0,82.78758307769769,1.100852e-06
91.488,0.0,82.78715740716163,1.026492e-06
91.488,0.0,82.78672126032772,7.988128e-07
91.488,0.0,82.78630955162808,1.200664e-06
91.488,0.0,82.78592198167543,1.960259e-06
91.488,0.0,82.78549902520194,2.002082e-06
91.488,0.0,82.7850657095852,2.125438e-06
91.488,0.0,82.78465024543551,2.815606e-06
91.488,0.0,82.78424212786653,2.661371e-06
91.488,0.0,82.78380310659487,2.218832e-06
91.488,0.0,82.78340360371823,2.936606e-06
91.488,0.0,82.78299454693165,2.864836e-06
91.488,0.0,82.78256102950228,2.32544e-06
91.488,0.0,82.78213481356026,2.717032e-06
91.488,0.0,82.78172151262663,3.073394e-06
91.488,0.0,82.7813078713271,2.038942e-06
91.488,0.0,82.78088221426276,2.365035e-06
91.488,0.0,82.78047063365693,3.456807e-06
91.488,0.0,82.78006265954185,2.568981e-06
91.488,0.0,82.77963987854649,1.863838e-06
91.488,0.0,82.77920256990386,2.814617e-06
91.488,0.0,82.77880088957981,1.818436e-06
91.488,0.0,82.77839144743683,1.924069e-06
91.488,0.0,82.77796124431009,2.935994e-06
91.488,0.0,82.77754676146179,2.338522e-06
91.488,0.0,82.77713413578452,1.76928e-06
91.488,0.0,82.77672256815384,2.624234e-06
91.488,0.0,82.77627001822414,2.449393e-06
91.488,0.0,82.77588376922797,1.657827e-06
91.488,0.0,82.77547886477265,2.312663e-06
91.488,0.0,82.7750295961995,2.476663e-06
91.488,0.0,82.7746150813252,1.679568e-06
91.488,0.0,82.7741991285796,1.945416e-06
91.488,0.0,82.77376200546318,2.090092e-06
91.488,0.0,82.7733624728544,1.456254e-06
91.488,0.0,82.77292088633219,1.803477e-06
91.488,0.0,82.77251309488572,2.431494e-06
91.488,0.0,82.77209771446515,1.771055e-06
91.488,0.0,82.77168095612527,1.610228e-06
91.488,0.0,82.77122686956804,2.500354e-06
91.488,0.0,82.77084397561256,1.729073e-06
91.488,0.0,82.77044265546411,1.612832e-06
91.488,0.0,82.77000779126664,2.570509e-06
91.488,0.0,82.76958612114578,2.09581e-06
91.488,0.0,82.76916978821778,1.461027e-06
91.488,0.0,82.76876591830043,2.160057e-06
91.488,0.0,82.76833409678865,2.025699e-06
91.488,0.0,82.76793264018796,1.381413e-06
91.488,0.0,82.76752187159427,2.399509e-06
91.488,0.0,82.76709828890124,2.878965e-06
91.488,0.0,82.76669131734698,2.12148e-06
91.488,0.0,82.76625938613955,1.77027e-06
91.488,0.0,82.76584764983203,2.574379e-06
91.488,0.0,82.76544652894059,1.864988e-06
91.488,0.0,82.76500839367411,1.634617e-06
91.488,0.0,82.76461074569693,2.340937e-06
91.488,0.0,82.76417578021713,1.991197e-06
91.488,0.0,82.76374150800548,1.514389e-06
91.488,0.0,82.76333124257327,2.098357e-06
91.488,0.0,82.76293114271232,1.805092e-06
91.488,0.0,82.7625071250666,1.317152e-06
91.488,0.0,82.76208754935868,1.577297e-06
91.488,0.0,82.7616486265029,1.594162e-06
91.488,0.0,82.76124431792977,1.253749e-06
91.488,0.0,82.76081787175713,1.420965e-06
91.488,0.0,82.76040356027157,1.423876e-06
91.488,0.0,82.75999674903316,1.0074e-06
91.488,0.0,82.75958982967354,1.121691e-06
91.488,0.0,82.75914459269417,9.989162e-07
91.488,0.0,82.75874182970854,1.140914e-06
91.488,0.0,82.758316016861,1.565597e-06
91.488,0.0,82.75789905431363,1.726192e-06
91.488,0.0,82.75749977132875,1.319058e-06
91.488,0.0,82.75705459772608,1.352324e-06
91.488,0.0,82.75663631380147,1.619657e-06
91.488,0.0,82.75622577550841,1.3182e-06
91.488,0.0,82.75582438404534,1.209977e-06
91.488,0.0,82.75537675685511,1.485503e-06
91.488,0.0,82.75496189474896,1.055829e-06
91.488,0.0,82.75454504294605,1.136301e-06
91.488,0.0,82.75411833928442,1.533685e-06
91.488,0.0,82.75370471291113,1.624881e-06
91.488,0.0,82.75327793063511,1.380104e-06
91.488,0.0,82.75286639130482,2.126893e-06
91.488,0.0,82.75246224311864,2.332192e-06
91.488,0.0,82.7520449890538,1.664826e-06
91.488,0.0,82.75161533664726,2.127781e-06
91.488,0.0,82.75117896150061,2.345187e-06
91.488,0.0,82.75077418669764,1.823471e-06
91.488,0.0,82.75037665726288,2.157234e-06
91.488,0.0,82.7499712472974,2.627479e-06
91.488,0.0,82.7495261692203,1.941677e-06
91.488,0.0,82.74911755841919,1.84348e-06
91.488,0.0,82.74870457289356,2.371788e-06
91.488,0.0,82.74830251572658,1.97714e-06
91.488,0.0,82.74786188956818,1.74054e-06
91.488,0.0,82.74746283791505,2.347224e-06
91.488,0.0,82.74704900100862,2.429108e-06
91.488,0.0,82.7466271893275,1.765497e-06
91.488,0.0,82.7461886115975,2.315952e-06
91.488,0.0,82.7457853170682,2.532208e-06
91.488,0.0,82.74538354272605,1.971115e-06
91.488,0.0,82.7449461443927,2.220491e-06
91.488,0.0,82.74453431722107,2.664165e-06
91.488,0.0,82.74411036842278,2.007073e-06
91.488,0.0,82.74367923364693,1.882363e-06
91.488,0.0,82.7432748735734,2.577304e-06
91.488,0.0,82.7428365235833,2.196859e-06
91.488,0.0,82.74243386088523,2.105298e-06
91.488,0.0,82.74202332606079,2.721048e-06
91.488,0.0,82.74159749069926,2.649322e-06
91.488,0.0,82.74116141075876,2.070898e-06
91.488,0.0,82.74075254116212,2.527129e-06
91.488,0.0,82.74034972620605,2.533998e-06
91.488,0.0,82.73991393574282,1.921275e-06
91.488,0.0,82.73950481031486,2.329092e-06
91.488,0.0,82.73909325640547,2.813525e-06
91.488,0.0,82.73867529569549,2.108733e-06
91.488,0.0,82.73823531515986,2.092856e-06
91.488,0.0,82.73783448938573,2.422152e-06
91.488,0.0,82.73743199396849,1.811874e-06
91.488,0.0,82.73701929655014,1.858425e-06
91.488,0.0,82.73658994620702,2.530709e-06
91.488,0.0,82.73615873946363,2.171073e-06
91.488,0.0,82.73574989044134,1.851673e-06
91.488,0.0,82.73531981358855,2.515953e-06
91.488,0.0,82.73490981001994,2.169676e-06
91.488,0.0,82.73450054635485,1.678025e-06
91.488,0.0,82.73407132281875,2.104483e-06
91.488,0.0,82.73364086503446,2.24782e-06
91.488,0.0,82.73323240634272,1.645662e-06
91.488,0.0,82.73279301600722,1.9648e-06
91.488,0.0,82.73239461495726,2.378991e-06
91.488,0.0,82.73198985378079,1.626395e-06
91.488,0.0,82.73155556852491,1.816719e-06
91.488,0.0,82.7311287734024,2.363828e-06
91.488,0.0,82.73071599567166,1.997498e-06
91.488,0.0,82.73030813729527,1.703826e-06
91.488,0.0,82.72990181583488,2.220098e-06
91.488,0.0,82.72946145049319,2.023007e-06
91.488,0.0,82.72904775729312,1.4814e-06
91.488,0.0,82.72863426246668,1.833323e-06
91.488,0.0,82.72822656967833,2.173139e-06
91.488,0.0,82.727823154584,1.631794e-06
91.488,0.0,82.7273834031473,1.663313e-06
91.488,0.0,82.72697917436743,2.057815e-06
91.488,0.0,82.72656463972845,2.278044e-06
91.488,0.0,82.72614491115682,1.768029e-06
91.488,0.0,82.72570795867846,2.212255e-06
91.488,0.0,82.72530778574833,2.560279e-06
91.488,0.0,82.72490566729667,2.348374e-06
91.488,0.0,82.72446770198671,2.300585e-06
91.488,0.0,82.72405175274523,2.500601e-06
91.488,0.0,82.72362773796658,2.073357e-06
91.488,0.0,82.72319105842722,1.879002e-06
91.488,0.0,82.72278005494786,2.351633e-06
91.488,0.0,82.722376164139,1.945999e-06
91.488,0.0,82.72196968191373,1.651584e-06
91.488,0.0,82.72153619401118,2.187458e-06
91.488,0.0,82.72111070174054,2.305518e-06
91.488,0.0,82.72069734686004,2.008688e-06
91.488,0.0,82.72026822024546,2.092347e-06
91.488,0.0,82.71984685624508,2.215791e-06
91.488,0.0,82.71945834704849,1.837514e-06
91.488,0.0,82.71904387530711,2.191329e-06
91.488,0.0,82.7185957684603,2.563742e-06
91.488,0.0,82.71818225338696,2.313187e-06
91.488,0.0,82.71777988119308,1.965367e-06
91.488,0.0,82.71736552839023,3.198191e-06
91.488,0.0,82.71694012302052,2.738816e-06
91.488,0.0,82.7165266225015,1.863649e-06
91.488,0.0,82.71611380007322,3.011184e-06
91.488,0.0,82.71570225778594,3.313588e-06
91.488,0.0,82.71526292888046,2.139306e-06
91.488,0.0,82.71486161441001,2.437635e-06
91.488,0.0,82.71442028014341,3.25052e-06
91.488,0.0,82.71400719874389,2.181652e-06
91.488,0.0,82.71358011846185,2.241461e-06
91.488,0.0,82.71315093657316,3.253415e-06
91.488,0.0,82.7127271690671,2.721805e-06
91.488,0.0,82.71234281779705,1.95278e-06
91.488,0.0,82.71190126276925,2.778266e-06
91.488,0.0,82.71149498248136,2.812463e-06
91.488,0.0,82.7110786542173,1.749795e-06
91.488,0.0,82.71065124977059,2.69142e-06
91.488,0.0,82.71024014328486,3.423236e-06
91.488,0.0,82.70984067590153,2.470784e-06
91.488,0.0,82.70940268130583,1.99159e-06
91.488,0.0,82.70899528230373,2.957022e-06
91.488,0.0,82.70858122217325,2.571804e-06
91.488,0.0,82.7081650355627,1.85665e-06
91.488,0.0,82.70774773570781,2.766828e-06
91.488,0.0,82.70731386285976,3.269452e-06
91.488,0.0,82.70692780138238,2.483997e-06
91.488,0.0,82.70651528385041,2.14277e-06
91.488,0.0,82.70606596876449,3.001915e-06
91.488,0.0,82.70565283870735,2.515109e-06
91.488,0.0,82.70524260931762,1.813663e-06
91.488,0.0,82.70484167951028,2.587622e-06
91.488,0.0,82.7044050457952,2.947214e-06
91.488,0.0,82.70399766263306,2.025903e-06
91.488,0.0,82.70356523063825,1.627501e-06
91.488,0.0,82.70313665163502,2.274683e-06
91.488,0.0,82.70272526578218,1.659879e-06
91.488,0.0,82.70232278710914,1.40538e-06
91.488,0.0,82.70188043601898,2.340777e-06
91.488,0.0,82.70147723488525,2.913628e-06
91.488,0.0,82.70105674403999,2.09827e-06
91.488,0.0,82.70064033415622,2.157802e-06
91.488,0.0,82.7001994784721,3.001696e-06
91.488,0.0,82.69979830853504,1.977867e-06
91.488,0.0,82.69939783712887,2.043118e-06
91.488,0.0,82.69895938828768,3.04202e-06
91.488,0.0,82.69854375939002,2.9683e-06
91.488,0.0,82.69813023067643,1.959866e-06
91.488,0.0,82.69771940247365,2.879417e-06
91.488,0.0,82.6972787831992,3.338297e-06
91.488,0.0,82.69687582395939,2.168003e-06
91.488,0.0,82.6964719922574,2.05265e-06
91.488,0.0,82.69605869712973,3.103982e-06
91.488,0.0,82.69563359294202,2.820641e-06
91.488,0.0,82.69519433960272,2.067885e-06
91.488,0.0,82.6947782120749,3.212597e-06
91.488,0.0,82.69435267365165,3.45509e-06
91.488,0.0,82.6939543780473,2.352012e-06
91.488,0.0,82.69352033236765,2.772824e-06
91.488,0.0,82.69309670814108,3.378533e-06
91.488,0.0,82.69268027253167,2.325774e-06
91.488,0.0,82.69227188258314,2.288158e-06
91.488,0.0,82.69185461294995,3.400346e-06
91.488,0.0,82.6914312524351,3.230205e-06
91.488,0.0,82.69101818124884,2.416433e-06
91.488,0.0,82.69060628908372,2.794244e-06
91.488,0.0,82.69019046416699,2.94068e-06
91.488,0.0,82.68975407767962,2.279514e-06
91.488,0.0,82.68935092704038,2.438959e-06
91.488,0.0,82.6889533716028,3.446999e-06
91.488,0.0,82.68853822112187,3.064153e-06
91.488,0.0,82.6881083722934,2.545785e-06
91.488,0.0,82.68767248168383,3.002191e-06
91.488,0.0,82.68727145603921,3.221779e-06
91.488,0.0,82.68686637568949,2.495799e-06
91.488,0.0,82.68643571234355,2.462999e-06
91.488,0.0,82.68602526034486,3.278488e-06
91.488,0.0,82.68560982300235,2.92428e-06
91.488,0.0,82.68516175364286,2.25137e-06
91.488,0.0,82.6847553532252,2.622954e-06
91.488,0.0,82.6843548934399,3.147172e-06
91.488,0.0,82.68391549434781,2.269197e-06
91.488,0.0,82.68351022472262,2.331188e-06
91.488,0.0,82.68308049788945,3.642388e-06
91.488,0.0,82.6826481484529,3.010427e-06
91.488,0.0,82.68224122661198,1.992681e-06
91.488,0.0,82.68184506756721,2.365952e-06
91.488,0.0,82.68140711382095,2.843357e-06
91.488,0.0,82.68099964896896,1.949069e-06
91.488,0.0,82.68057180093605,1.978027e-06
91.488,0.0,82.68014017873628,3.030946e-06
91.488,0.0,82.67972801008207,2.808432e-06
91.488,0.0,82.67932321306554,2.129294e-06
91.488,0.0,82.67891906132556,2.463188e-06
91.488,0.0,82.67848188139975,3.452296e-06
91.488,0.0,82.67806360608121,2.115819e-06
91.488,0.0,82.67764911519255,2.1179e-06
91.488,0.0,82.67724026162138,3.646681e-06
91.488,0.0,82.67681947801915,3.501758e-06
91.488,0.0,82.67640180496556,2.570101e-06
91.488,0.0,82.6759964554396,2.881483e-06
91.488,0.0,82.67556506470045,3.764508e-06
91.488,0.0,82.67513622109415,2.464192e-06
91.488,0.0,82.67472825752483,2.475354e-06
91.488,0.0,82.67428802397883,3.796071e-06
91.488,0.0,82.67388600742291,3.535883e-06
91.488,0.0,82.67344847613447,2.539164e-06
91.488,0.0,82.6730376933125,3.09071e-06
91.488,0.0,82.67262561481576,3.83619e-06
91.488,0.0,82.67217866820504,2.342364e-06
91.488,0.0,82.67176165285254,2.445508e-06
91.488,0.0,82.67137440961912,3.998561e-06
91.488,0.0,82.6709694516519,3.669658e-06
91.488,0.0,82.67053385778264,2.788889e-06
91.488,0.0,82.67010850365506,2.950925e-06
91.488,0.0,82.66969400141168,3.675174e-06
91.488,0.0,82.66929002386274,2.750923e-06
91.488,0.0,82.66885785252127,2.301691e-06
91.488,0.0,82.66845511636318,3.750698e-06
91.488,0.0,82.66804116692438,3.502442e-06
91.488,0.0,82.66763029199537,2.724497e-06
91.488,0.0,82.66718397168185,2.556088e-06
91.488,0.0,82.66678017119862,3.587134e-06
91.488,0.0,82.66637907620041,3.188587e-06
91.488,0.0,82.66597593141277,2.259447e-06
91.488,0.0,82.66554100618256,3.068402e-06
91.488,0.0,82.66511420753677,3.161025e-06
91.488,0.0,82.66470072739588,2.602072e-06
91.488,0.0,82.66427167400573,2.255576e-06
91.488,0.0,82.66385297196634,3.533976e-06
91.488,0.0,82.66345597588641,3.187117e-06
91.488,0.0,82.66300387432904,2.275119e-06
91.488,0.0,82.66259885784513,3.025794e-06
91.488,0.0,82.66218523927098,3.758192e-06
91.488,0.0,82.6617514149397,2.876637e-06
91.488,0.0,82.66134085432078,2.290661e-06
91.488,0.0,82.66093722727855,3.335575e-06
91.488,0.0,82.66052418030425,3.480891e-06
91.488,0.0,82.66009685372133,2.414396e-06
91.488,0.0,82.65966623242812,2.892935e-06
91.488,0.0,82.65926127110227,3.273715e-06
91.488,0.0,82.6588590310402,2.526605e-06
91.488,0.0,82.6584190646976,2.220899e-06
91.488,0.0,82.65801075733488,3.405105e-06
91.488,0.0,82.65759795962607,3.110472e-06
91.488,0.0,82.65716600383001,2.173445e-06
91.488,0.0,82.65674449254429,2.260596e-06
91.488,0.0,82.65634191253974,2.747794e-06
91.488,0.0,82.65594122869743,1.997207e-06
91.488,0.0,82.65550480762585,2.005036e-06
91.488,0.0,82.65508384770737,2.942863e-06
91.488,0.0,82.65466379366998,2.711226e-06
91.488,0.0,82.65422827895657,1.922148e-06
91.488,0.0,82.65382534571992,2.251414e-06
91.488,0.0,82.65338461546108,2.640198e-06
91.488,0.0,82.65298189097811,1.930326e-06
91.488,0.0,82.6525672453751,1.686058e-06
91.488,0.0,82.6521454172829,2.129964e-06
91.488,0.0,82.65170877194558,1.932873e-06
91.488,0.0,82.65130964889994,1.384309e-06
91.488,0.0,82.65090762550166,1.305918e-06
91.488,0.0,82.6504680668532,1.867142e-06
91.488,0.0,82.65005451816099,1.46807e-06
91.488,0.0,82.64964009905499,1.298788e-06
91.488,0.0,82.64921082622817,2.035333e-06
91.488,0.0,82.64882716314487,2.330824e-06
91.488,0.0,82.64837601705861,1.935245e-06
91.488,0.0,82.6479852494511,1.545763e-06
91.488,0.0,82.64757198876698,2.170476e-06
91.488,0.0,82.64715136837481,1.980312e-06
91.488,0.0,82.64671347029763,1.387481e-06
91.488,0.0,82.64631090899782,1.767272e-06
91.488,0.0,82.64590882381981,2.639106e-06
91.488,0.0,82.6454689539839,2.462621e-06
91.488,0.0,82.6450544175097,1.872279e-06
91.488,0.0,82.64463783767101,2.380169e-06
91.488,0.0,82.64422810581001,2.660658e-06
91.488,0.0,82.64378721567705,1.852008e-06
91.488,0.0,82.64338418993488,2.113084e-06
91.488,0.0,82.64295008922029,2.632645e-06
91.488,0.0,82.64253839939923,2.414992e-06
91.488,0.0,82.64212308662897,1.829263e-06
91.488,0.0,82.64170749230968,2.301138e-06
91.488,0.0,82.64126773641814,2.675966e-06
91.488,0.0,82.64086834691767,1.737862e-06
91.488,0.0,82.64046658308801,1.970315e-06
91.488,0.0,82.64002754248442,2.655812e-06
91.488,0.0,82.63960576093818,2.416738e-06
91.488,0.0,82.63919129006936,1.973502e-06
91.488,0.0,82.63878823217182,2.293411e-06
91.488,0.0,82.63834954491973,2.649482e-06
91.488,0.0,82.637949334526,1.710243e-06
91.488,0.0,82.6375328472022,2.020781e-06
91.488,0.0,82.63710760629668,2.954068e-06
91.488,0.0,82.63667951334976,2.720684e-06
91.488,0.0,82.63627321329949,2.033543e-06
91.488,0.0,82.63587130302525,2.158253e-06
91.488,0.0,82.63543339602064,3.010035e-06
91.488,0.0,82.63502208097378,2.11953e-06
91.488,0.0,82.6345911593631,2.042871e-06
91.488,0.0,82.63415847631335,2.973684e-06
91.488,0.0,82.63375464330399,2.857676e-06
91.488,0.0,82.63334356823205,1.905733e-06
91.488,0.0,82.63292374370509,2.019427e-06
91.488,0.0,82.63251452842375,2.890156e-06
91.488,0.0,82.63208748988684,2.191053e-06
91.488,0.0,82.63165409128524,1.856752e-06
91.488,0.0,82.6312467042298,2.62988e-06
91.488,0.0,82.63082813302401,2.997287e-06
91.488,0.0,82.63039427689638,2.274232e-06
91.488,0.0,82.63000093197556,2.098634e-06
91.488,0.0,82.62958611838026,2.891189e-06
91.488,0.0,82.62917131488393,2.784975e-06
91.488,0.0,82.62873415810226,1.774271e-06
91.488,0.0,82.62833146285088,2.45728e-06
91.488,0.0,82.62793260750566,3.015666e-06
91.488,0.0,82.62752038036611,2.395172e-06
91.488,0.0,82.62707408238487,1.865876e-06
91.488,0.0,82.62666012938696,2.689543e-06
91.488,0.0,82.62625136750881,2.885921e-06
91.488,0.0,82.62585114590713,2.070563e-06
91.488,0.0,82.6254145136072,1.95454e-06
91.488,0.0,82.62500495191954,2.558008e-06
91.488,0.0,82.62457434893841,2.423971e-06
91.488,0.0,82.62414429770473,1.676832e-06
91.488,0.0,82.62373485282205,2.317451e-06
91.488,0.0,82.62331376985681,2.805216e-06
91.488,0.0,82.62289814026543,2.039902e-06
91.488,0.0,82.62247795634734,1.805092e-06
91.488,0.0,82.62205941594837,2.691479e-06
91.488,0.0,82.62163419443803,2.541943e-06
91.488,0.0,82.62122608354065,1.884851e-06
91.488,0.0,82.62082546198491,2.463683e-06
91.488,0.0,82.62038726049053,3.057969e-06
91.488,0.0,82.6199816171619,2.457804e-06
91.488,0.0,82.61956408246051,1.905384e-06
91.488,0.0,82.61912252283774,2.725224e-06
91.488,0.0,82.6187081030106,2.539746e-06
91.488,0.0,82.61829497295594,1.714943e-06
91.488,0.0,82.61790515157469,2.870132e-06
91.488,0.0,82.61746562525532,4.116562e-06
91.488,0.0,82.61705143587761,3.975234e-06
91.488,0.0,82.61663591580498,4.653004e-06
91.488,0.0,82.61622794118564,6.141723e-06
91.488,0.0,82.61578984062018,5.90214e-06
91.488,0.0,82.61538863862977,6.144677e-06
91.488,0.0,82.6149822974944,7.521274e-06
91.488,0.0,82.61453540062467,7.088776e-06
91.488,0.0,82.61410604461464,6.513481e-06
91.488,0.0,82.61367660926616,7.773895e-06
91.488,0.0,82.61325762429925,7.974464e-06
91.488,0.0,82.61287386603276,6.818169e-06
91.488,0.0,82.61243529669304,7.734023e-06
91.488,0.0,82.61202453111456,9.203708e-06
91.488,0.0,82.61160998750951,7.686845e-06
91.488,0.0,82.61116277963406,6.98051e-06
91.488,0.0,82.61075555171486,8.004514e-06
91.488,0.0,82.61035244717425,7.832103e-06
91.488,0.0,82.60995037014231,6.976101e-06
91.488,0.0,82.6095121505886,7.825467e-06
91.488,0.0,82.60908819899429,8.890871e-06
91.488,0.0,82.6086808925213,7.886018e-06
91.488,0.0,82.60827547477693,6.740243e-06
91.488,0.0,82.60787367824402,7.584182e-06
91.488,0.0,82.60743134100905,8.06438e-06
91.488,0.0,82.6070212291457,6.761213e-06
91.488,0.0,82.60660873532372,7.203111e-06
91.488,0.0,82.60619399681443,9.269716e-06
91.488,0.0,82.60575338533707,8.334115e-06
91.488,0.0,82.60535737754928,6.850736e-06
91.488,0.0,82.6049556936844,7.513969e-06
91.488,0.0,82.60451477720842,8.528921e-06
91.488,0.0,82.60409185896977,7.284587e-06
91.488,0.0,82.60367594307232,7.474984e-06
91.488,0.0,82.6032355190077,9.390817e-06
91.488,0.0,82.60283131646635,8.35635e-06
91.488,0.0,82.60243090130939,7.146795e-06
91.488,0.0,82.60199346253758,8.114934e-06
91.488,0.0,82.60156657273643,8.541989e-06
91.488,0.0,82.60116116313625,7.058014e-06
91.488,0.0,82.60075517558361,7.733848e-06
91.488,0.0,82.60031549495757,9.156764e-06
91.488,0.0,82.59991228893514,8.04133e-06
91.488,0.0,82.59950477283552,7.182447e-06
91.488,0.0,82.59907380843404,8.242525e-06
91.488,0.0,82.59864386090604,7.988216e-06
91.488,0.0,82.59823730017183,7.132287e-06
91.488,0.0,82.59783689032679,8.030984e-06
91.488,0.0,82.59739927747323,8.8136e-06
91.488,0.0,82.59699269790289,7.268594e-06
91.488,0.0,82.59657786967787,7.425508e-06
91.488,0.0,82.59615921607595,8.941977e-06
91.488,0.0,82.59572306591744,8.177507e-06
91.488,0.0,82.59531493284918,7.646144e-06
91.488,0.0,82.59488620308491,8.825446e-06
91.488,0.0,82.59448208079019,8.633651e-06
91.488,0.0,82.59404761492077,7.617346e-06
91.488,0.0,82.59362167215815,8.064511e-06
91.488,0.0,82.59321066318745,8.203191e-06
91.488,0.0,82.59280957506097,6.320173e-06
91.488,0.0,82.59237037549377,4.260713e-06
91.488,0.0,82.59196619205217,4.566886e-06
91.488,0.0,82.59155277191296,4.791349e-06
91.488,0.0,82.59110750161784,4.5911e-06
91.488,0.0,82.59069251809161,6.147049e-06
91.488,0.0,82.59026177412848,7.072318e-06
91.488,0.0,82.5898720978858,6.112561e-06
91.488,0.0,82.58946815146726,6.607559e-06
91.488,0.0,82.58905236496457,7.222523e-06
91.488,0.0,82.58862602532605,6.716247e-06
91.488,0.0,82.58818961245318,6.855946e-06
91.488,0.0,82.58778633597123,8.41725e-06
91.488,0.0,82.58738263003916,8.713585e-06
91.488,0.0,82.5869756981157,7.3884e-06
91.488,0.0,82.58655109204567,7.714334e-06
91.488,0.0,82.5861154493581,8.330331e-06
91.488,0.0,82.58570174460611,6.879985e-06
91.488,0.0,82.58530393358453,7.311988e-06
91.488,0.0,82.58486535074879,9.223178e-06
91.488,0.0,82.58446358476425,8.312156e-06
91.488,0.0,82.58402958868622,7.365248e-06
91.488,0.0,82.5836045116918,8.454139e-06
91.488,0.0,82.58319002643093,8.068877e-06
91.488,0.0,82.58278351454912,7.22376e-06
91.488,0.0,82.58235273681059,8.197763e-06
91.488,0.0,82.58195268712922,8.913295e-06
91.488,0.0,82.58151478642273,7.152164e-06
91.488,0.0,82.58109450805547,7.438386e-06
91.488,0.0,82.58068153162829,7.704948e-06
91.488,0.0,82.5802777567881,6.788003e-06
91.488,0.0,82.57983784381496,7.330367e-06
91.488,0.0,82.579437061304,8.441944e-06
91.488,0.0,82.57902562944538,7.919938e-06
91.488,0.0,82.57859756069034,7.372611e-06
91.488,0.0,82.57816362337456,8.096133e-06
91.488,0.0,82.57775982857311,8.259027e-06
91.488,0.0,82.57736165180685,7.539958e-06
91.488,0.0,82.5769245176417,8.789546e-06
91.488,0.0,82.57650006465741,9.502241e-06
91.488,0.0,82.57610129880288,7.833703e-06
91.488,0.0,82.57568651742346,7.944473e-06
91.488,0.0,82.57524633789768,8.452436e-06
91.488,0.0,82.57484874116906,7.793133e-06
91.488,0.0,82.5744107890473,8.347386e-06
91.488,0.0,82.57400438797683,1.022019e-05
91.488,0.0,82.57357402330311,9.680283e-06
91.488,0.0,82.57314572998915,8.748364e-06
91.488,0.0,82.57273636303637,9.250871e-06
91.488,0.0,82.57231147610328,8.873962e-06
91.488,0.0,82.57189465984307,7.909082e-06
91.488,0.0,82.57149015774841,9.42839e-06
91.488,0.0,82.5710596458374,9.23677e-06
91.488,0.0,82.57063397595137,7.983108e-06
91.488,0.0,82.57022060217372,8.32777e-06
91.488,0.0,82.5698180810562,8.964184e-06
91.488,0.0,82.56941842048188,7.943192e-06
91.488,0.0,82.56898123404378,8.348419e-06
91.488,0.0,82.56856342102465,9.270021e-06
91.488,0.0,82.56815063757082,7.926734e-06
91.488,0.0,82.56774286576552,7.804745e-06
91.488,0.0,82.56730140579836,9.008334e-06
91.488,0.0,82.56689818716367,8.557414e-06
91.488,0.0,82.56649150588147,8.007628e-06
91.488,0.0,82.56607090460763,8.915536e-06
91.488,0.0,82.56564569760096,8.951567e-06
91.488,0.0,82.56522247097693,7.779629e-06
91.488,0.0,82.56482338961904,8.671414e-06
91.488,0.0,82.56438358063292,8.721618e-06
91.488,0.0,82.56397865962806,7.737603e-06
91.488,0.0,82.56356476744381,8.488481e-06
91.488,0.0,82.56311729887909,8.978241e-06
91.488,0.0,82.56270101805517,7.809358e-06
91.488,0.0,82.56230326953991,8.293864e-06
91.488,0.0,82.56186437333234,9.039868e-06
91.488,0.0,82.56146229613915,7.954921e-06
91.488,0.0,82.56104765132397,7.421622e-06
91.488,0.0,82.56062407560295,8.346862e-06
91.488,0.0,82.5601878892981,7.890092e-06
91.488,0.0,82.55978117952397,8.02835e-06
91.488,0.0,82.55937868716137,9.512427e-06
91.488,0.0,82.55895333078325,8.531555e-06
91.488,0.0,82.55853037362519,7.768438e-06
91.488,0.0,82.55812501113445,8.412622e-06
91.488,0.0,82.55771375603666,8.155068e-06
91.488,0.0,82.55727961706317,7.470662e-06
91.488,0.0,82.5568795428739,8.716888e-06
91.488,0.0,82.55644218216175,8.813819e-06
91.488,0.0,82.55602962923253,7.195194e-06
91.488,0.0,82.55560632315192,7.760944e-06
91.488,0.0,82.55519873354666,7.986149e-06
91.488,0.0,82.55475755305201,6.383256e-06
91.488,0.0,82.55435072604934,7.426308e-06
91.488,0.0,82.55392229035132,8.300558e-06
91.488,0.0,82.55351067805391,7.15116e-06
91.488,0.0,82.55309941388022,7.307099e-06
91.488,0.0,82.55265179599438,8.192612e-06
91.488,0.0,82.55224280560762,7.558949e-06
91.488,0.0,82.55184469009738,7.79744e-06
91.488,0.0,82.55140792452045,9.110721e-06
91.488,0.0,82.55099965088719,7.20653e-06
91.488,0.0,82.55058326864865,6.357455e-06
91.488,0.0,82.550169936835,7.715018e-06
91.488,0.0,82.54976291529468,8.290604e-06
91.488,0.0,82.5493228455089,7.343042e-06
91.488,0.0,82.54892184125568,8.608782e-06
91.488,0.0,82.54851304576124,8.87207e-06
91.488,0.0,82.54810116179989,7.394527e-06
91.488,0.0,82.5476540087553,7.712893e-06
91.488,0.0,82.54724707013962,8.941759e-06
91.488,0.0,82.54684873527484,7.782393e-06
91.488,0.0,82.54644607062359,8.445772e-06
91.488,0.0,82.54600277133834,9.664102e-06
91.488,0.0,82.54558918012859,8.360395e-06
91.488,0.0,82.54517027270424,7.852781e-06
91.488,0.0,82.54473360748545,8.333111e-06
91.488,0.0,82.54432922604259,7.333409e-06
91.488,0.0,82.5439004535585,7.25656e-06
91.488,0.0,82.54347917054253,9.412237e-06
91.488,0.0,82.54308001749392,8.676972e-06
91.488,0.0,82.54264573041893,8.006886e-06
91.488,0.0,82.54222482103972,8.929957e-06
91.488,0.0,82.5418239794693,8.724019e-06
91.488,0.0,82.54141925502259,7.889263e-06
91.488,0.0,82.5409797930983,9.324751e-06
91.488,0.0,82.54056598790449,8.912917e-06
91.488,0.0,82.54015075870991,8.008414e-06
91.488,0.0,82.53968849087269,8.899384e-06
91.488,0.0,82.5392897853339,9.053256e-06
91.488,0.0,82.53890285656045,7.972296e-06
91.488,0.0,82.5384950413554,8.80436e-06
91.488,0.0,82.53804723802001,9.273601e-06
91.488,0.0,82.53763299061183,7.905255e-06
91.488,0.0,82.53722480022141,8.306495e-06
91.488,0.0,82.53679395391615,9.561583e-06
91.488,0.0,82.53638509518194,8.385148e-06
91.488,0.0,82.53598076788022,8.294955e-06
91.488,0.0,82.53556660916402,9.382304e-06
91.488,0.0,82.53512090772345,8.454241e-06
91.488,0.0,82.53470739432304,8.017043e-06
91.488,0.0,82.5342641071904,9.395226e-06
91.488,0.0,82.53386561837966,8.352785e-06
91.488,0.0,82.53344463458028,7.821611e-06
91.488,0.0,82.53302350712256,8.667164e-06
91.488,0.0,82.53260028296604,8.2076e-06
91.488,0.0,82.53218902733877,7.140639e-06
91.488,0.0,82.53178696871846,7.979936e-06
91.488,0.0,82.53134749212013,8.382878e-06
91.488,0.0,82.53094747110411,6.60005e-06
91.488,0.0,82.53053204602183,6.23551e-06
91.488,0.0,82.53010707668489,7.011477e-06
91.488,0.0,82.5296717160091,5.74041e-06
91.488,0.0,82.52926730223459,5.056136e-06
91.488,0.0,82.52886840198161,5.872585e-06
91.488,0.0,82.52846580306864,5.163718e-06
91.488,0.0,82.5280246214211,3.867797e-06
91.488,0.0,82.52759936410307,4.739792e-06
91.488,0.0,82.5271864433421,4.785965e-06
91.488,0.0,82.52678071013398,3.340989e-06
91.488,0.0,82.52637793260759,4.154805e-06
91.488,0.0,82.52593612728325,4.876769e-06
91.488,0.0,82.52552603956663,3.921858e-06
91.488,0.0,82.52511108428011,3.397057e-06
91.488,0.0,82.52469387238563,4.360438e-06
91.488,0.0,82.52425296931719,3.673544e-06
91.488,0.0,82.52385208129502,4.035028e-06
91.488,0.0,82.5234501788656,5.286463e-06
91.488,0.0,82.52300452179325,4.580565e-06
91.488,0.0,82.52259096711433,3.868146e-06
91.488,0.0,82.52217617981819,4.920337e-06
91.488,0.0,82.52173827501716,4.314337e-06
91.488,0.0,82.52132678932061,3.368128e-06
91.488,0.0,82.52092060701601,4.262038e-06
91.488,0.0,82.5204964559579,4.555812e-06
91.488,0.0,82.52007834616765,3.621826e-06
91.488,0.0,82.51966386158446,3.81541e-06
91.488,0.0,82.51925787290885,4.315909e-06
91.488,0.0,82.51881774663165,3.144582e-06
91.488,0.0,82.51841657193798,4.484915e-06
91.488,0.0,82.51800722302369,4.485133e-06
91.488,0.0,82.51757579519244,3.812384e-06
91.488,0.0,82.51714630543985,4.721296e-06
91.488,0.0,82.51673777158604,5.782815e-06
91.488,0.0,82.51633556171215,4.588728e-06
91.488,0.0,82.51589922690677,6.656701e-06
91.488,0.0,82.5154790326275,7.626979e-06
91.488,0.0,82.51507963733384,6.231101e-06
91.488,0.0,82.51463308718752,6.415881e-06
91.488,0.0,82.51422103964065,7.459457e-06
91.488,0.0,82.51379617051573,6.433242e-06
91.488,0.0,82.51338286968978,7.359078e-06
91.488,0.0,82.5129792087144,8.984745e-06
91.488,0.0,82.51254431933182,7.617986e-06
91.488,0.0,82.51211824664847,7.066847e-06
91.488,0.0,82.51170170204509,8.62249e-06
91.488,0.0,82.511300551789,7.053182e-06
91.488,0.0,82.51089704613298,6.70951e-06
91.488,0.0,82.51044416020191,8.144649e-06
91.488,0.0,82.51004347101924,7.84469e-06
91.488,0.0,82.50963024823265,6.564835e-06
91.488,0.0,82.50921702025677,7.570547e-06
91.488,0.0,82.50881557180367,7.953495e-06
91.488,0.0,82.50837889221474,6.470393e-06
91.488,0.0,82.50797394430974,6.913775e-06
91.488,0.0,82.50756078468442,7.997616e-06
91.488,0.0,82.50714063360438,7.107432e-06
91.488,0.0,82.50670192781337,6.994916e-06
91.488,0.0,82.50630302909481,7.951166e-06
91.488,0.0,82.50589908744176,7.675844e-06
91.488,0.0,82.50546671247515,7.103677e-06
91.488,0.0,82.50505319843609,8.408577e-06
91.488,0.0,82.50461669123783,7.886934e-06
91.488,0.0,82.50419218357679,6.903341e-06
91.488,0.0,82.5037861976316,8.388481e-06
91.488,0.0,82.50338336313575,8.352145e-06
91.488,0.0,82.50294369298474,6.876289e-06
91.488,0.0,82.50253034123601,7.640527e-06
91.488,0.0,82.50211702137302,7.83916e-06
91.488,0.0,82.50170213471188,6.290109e-06
91.488,0.0,82.50126728765088,7.486757e-06
91.488,0.0,82.50086699796123,7.692754e-06
91.488,0.0,82.5004643824108,5.398731e-06
91.488,0.0,82.50001924971973,5.912152e-06
91.488,0.0,82.49960609975076,5.472131e-06
91.488,0.0,82.49919391508396,4.846748e-06
91.488,0.0,82.49875659182567,6.385759e-06
91.488,0.0,82.49835769543097,7.863651e-06
91.488,0.0,82.497955758944,5.961498e-06
91.488,0.0,82.4975197575291,5.785521e-06
91.488,0.0,82.49709720446846,7.149007e-06
91.488,0.0,82.49668136284998,6.079586e-06
91.488,0.0,82.49627384849155,6.001341e-06
91.488,0.0,82.49583160570421,7.614915e-06
91.488,0.0,82.4954312832919,6.89739e-06
91.488,0.0,82.49502095085498,6.100207e-06
91.488,0.0,82.49459124562723,6.851944e-06
91.488,0.0,82.49415784041416,6.238057e-06
91.488,0.0,82.49375095316951,4.851259e-06
91.488,0.0,82.49331227105849,3.50122e-06
91.488,0.0,82.4929144464328,2.399029e-07
100.988,0.0,83.459453125,2.779935e-05
100.988,0.0,83.459453125,2.585643e-06
100.988,0.0,83.45939334922043,3.310764e-06
100.988,0.0,83.45924466863534,3.977999e-06
100.988,0.0,83.45905927489251,4.480244e-06
100.988,0.0,83.458838579267,4.822286e-06
100.988,0.0,83.45858405115519,4.757821e-06
100.988,0.0,83.45827866026887,4.050831e-06
100.988,0.0,83.45791640305228,2.414599e-06
100.988,0.0,83.45754217067585,8.282077e-07
100.988,0.0,83.45712182647026,7.164781e-07
100.988,0.0,83.45671488017565,8.400239e-07
100.988,0.0,83.45629055899248,1.086839e-06
100.988,0.0,83.45588231329407,1.266177e-06
100.988,0.0,83.45545702819787,1.296517e-06
100.988,0.0,83.45502602309115,1.272027e-06
100.988,0.0,83.45459814367612,1.072054e-06
100.988,0.0,83.4541723960851,1.306282e-06
100.988,0.0,83.45377693707013,1.282941e-06
100.988,0.0,83.45334440691403,1.579261e-06
100.988,0.0,83.45291420085188,1.793916e-06
100.988,0.0,83.45253588594898,2.239613e-06
100.988,0.0,83.45209953616224,2.118264e-06
100.988,0.0,83.4516674521445,2.503395e-06
100.988,0.0,83.45127740303725,2.2811e-06
100.988,0.0,83.45085744905498,2.621906e-06
100.988,0.0,83.45043446798259,1.79201e-06
100.988,0.0,83.45000427674557,1.867171e-06
100.988,0.0,83.44959619616961,2.155022e-06
100.988,0.0,83.44918003500905,2.53311e-06
100.988,0.0,83.44878177661184,1.710971e-06
100.988,0.0,83.44835677101922,1.224558e-06
100.988,0.0,83.44795359486241,1.310531e-06
100.988,0.0,83.44753297421884,1.693115e-06
100.988,0.0,83.44710606817195,1.423658e-06
100.988,0.0,83.44667419578947,1.308174e-06
100.988,0.0,83.44627620526097,1.197739e-06
100.988,0.0,83.44586987832314,1.67398e-06
100.988,0.0,83.44545104640453,2.785149e-06
100.988,0.0,83.4450169029227,2.956644e-06
100.988,0.0,83.44458357081348,2.033456e-06
100.988,0.0,83.44419037474371,2.184606e-06
100.988,0.0,83.44375123710752,3.234163e-06
100.988,0.0,83.44334021863635,4.142232e-06
100.988,0.0,83.44291589464098,2.911955e-06
100.988,0.0,83.44248988517609,2.627625e-06
100.988,0.0,83.4420926503466,4.056434e-06
100.988,0.0,83.44165689921464,6.33196e-06
100.988,0.0,83.4412338836807,5.927752e-06
100.988,0.0,83.44083356331224,4.956091e-06
100.988,0.0,83.44044171691843,5.681126e-06
100.988,0.0,83.43999066944676,6.285671e-06
100.988,0.0,83.43958266543025,7.06318e-06
100.988,0.0,83.43914065814717,6.274815e-06
100.988,0.0,83.43874300380841,6.281174e-06
100.988,0.0,83.43831792400738,6.598391e-06
100.988,0.0,83.437894258802,6.424743e-06
100.988,0.0,83.43750373904861,6.345013e-06
100.988,0.0,83.43706892962419,5.215945e-06
100.988,0.0,83.4366351558439,5.035909e-06
100.988,0.0,83.43623631422089,4.792295e-06
100.988,0.0,83.43580960358085,4.612768e-06
100.988,0.0,83.43539859454174,4.516638e-06
100.988,0.0,83.43497316793814,4.187023e-06
100.988,0.0,83.43455143876555,5.434456e-06
100.988,0.0,83.43412980942783,4.962669e-06
100.988,0.0,83.43370493051275,5.498965e-06
100.988,0.0,83.43328379017161,5.600086e-06
100.988,0.0,83.4328919050506,6.552786e-06
100.988,0.0,83.43247021024034,6.826813e-06
100.988,0.0,83.43204759235617,5.774418e-06
100.988,0.0,83.43162622694848,6.294518e-06
100.988,0.0,83.43120032315582,6.375747e-06
100.988,0.0,83.43077152394372,7.319235e-06
100.988,0.0,83.43038298174167,7.042341e-06
100.988,0.0,83.4299414613009,5.839946e-06
100.988,0.0,83.42953407155264,6.031463e-06
100.988,0.0,83.42912231278284,6.401213e-06
100.988,0.0,83.42868579611704,7.558207e-06
100.988,0.0,83.4282909425195,6.336661e-06
100.988,0.0,83.42787304953549,5.207825e-06
100.988,0.0,83.42744946670965,4.850284e-06
100.988,0.0,83.42705123164886,5.669513e-06
100.988,0.0,83.4266163631212,7.754439e-06
100.988,0.0,83.42621809997365,6.82415e-06
100.988,0.0,83.42579603300611,5.170019e-06
100.988,0.0,83.425369377495,5.757902e-06
100.988,0.0,83.42494807632991,6.846531e-06
100.988,0.0,83.42452607930886,7.905008e-06
100.988,0.0,83.42410853108751,6.521106e-06
100.988,0.0,83.42368303858098,5.660797e-06
100.988,0.0,83.4232649563802,5.911497e-06
100.988,0.0,83.42286310603347,6.787741e-06
100.988,0.0,83.42244922085533,7.74498e-06
100.988,0.0,83.42202019327985,6.186907e-06
100.988,0.0,83.42160359254413,5.808673e-06
100.988,0.0,83.42118978550488,6.135029e-06
100.988,0.0,83.42076701503498,6.680348e-06
100.988,0.0,83.42034392046227,7.691808e-06
100.988,0.0,83.41991958889199,6.475588e-06
100.988,0.0,83.41952793998053,6.357921e-06
100.988,0.0,83.41909759223806,6.508562e-06
100.988,0.0,83.41866870776998,7.046037e-06
100.988,0.0,83.41825043529086,7.307433e-06
100.988,0.0,83.41783194621934,6.029702e-06
100.988,0.0,83.41744425465549,6.632181e-06
100.988,0.0,83.41701601999864,6.327216e-06
100.988,0.0,83.41660149384988,6.601345e-06
100.988,0.0,83.4161593663246,6.517585e-06
100.988,0.0,83.4157539136394,5.507231e-06
100.988,0.0,83.41533319840114,5.780617e-06
100.988,0.0,83.41490920765531,5.153008e-06
100.988,0.0,83.41448747398063,4.692192e-06
100.988,0.0,83.4140698918862,5.444337e-06
100.988,0.0,83.41364711611567,4.575981e-06
100.988,0.0,83.41322721422897,5.391892e-06
100.988,0.0,83.41280339402451,5.222944e-06
100.988,0.0,83.41241265462598,4.86002e-06
100.988,0.0,83.4119945141642,5.865164e-06
100.988,0.0,83.41156063442138,5.071692e-06
100.988,0.0,83.41114150726601,6.107934e-06
100.988,0.0,83.41073212275532,6.114409e-06
100.988,0.0,83.41031967546719,5.072274e-06
100.988,0.0,83.40990122168367,5.802096e-06
100.988,0.0,83.40947549824037,5.466907e-06
100.988,0.0,83.40906945709544,5.935886e-06
100.988,0.0,83.40863140658455,4.892048e-06
100.988,0.0,83.40823596872852,4.53915e-06
100.988,0.0,83.40780825225904,5.183392e-06
100.988,0.0,83.40739797097025,5.577327e-06
100.988,0.0,83.40697278689117,6.689923e-06
100.988,0.0,83.40655266352628,7.191979e-06
100.988,0.0,83.4061335246899,4.918897e-06
100.988,0.0,83.40571321546861,4.26911e-06
100.988,0.0,83.40529151675898,4.412141e-06
100.988,0.0,83.40489990701249,6.051414e-06
100.988,0.0,83.40447303670175,7.006165e-06
100.988,0.0,83.40404470293568,5.013717e-06
100.988,0.0,83.40362262386827,4.187983e-06
100.988,0.0,83.40320389839069,4.349335e-06
100.988,0.0,83.40278232559777,5.82858e-06
100.988,0.0,83.40236136965386,6.702423e-06
100.988,0.0,83.40197244710568,5.113441e-06
100.988,0.0,83.40154458311711,4.353671e-06
100.988,0.0,83.40110818036393,4.650195e-06
100.988,0.0,83.40070727797787,5.20132e-06
100.988,0.0,83.4002843313758,6.920105e-06
100.988,0.0,83.39986620470597,5.560665e-06
100.988,0.0,83.3994446909647,4.384885e-06
100.988,0.0,83.39904683062841,4.613845e-06
100.988,0.0,83.39860783512621,4.426809e-06
100.988,0.0,83.39818604615729,5.706272e-06
100.988,0.0,83.39776660977837,4.695845e-06
100.988,0.0,83.39736768171647,3.37603e-06
100.988,0.0,83.39696138137641,3.783716e-06
100.988,0.0,83.39652947340497,3.763911e-06
100.988,0.0,83.39611864991895,5.376438e-06
100.988,0.0,83.39566932555863,5.270544e-06
100.988,0.0,83.39524891925957,4.93163e-06
100.988,0.0,83.39484079739697,6.097252e-06
100.988,0.0,83.3944436956564,4.960209e-06
100.988,0.0,83.39400749106471,5.015652e-06
100.988,0.0,83.39358680286608,4.554138e-06
100.988,0.0,83.39314393087838,3.430556e-06
100.988,0.0,83.39274687510463,4.005633e-06
100.988,0.0,83.39232190263544,4.025787e-06
100.988,0.0,83.39190884393383,4.525456e-06
100.988,0.0,83.39148954735658,5.640017e-06
100.988,0.0,83.39107404063587,4.672183e-06
100.988,0.0,83.39065212204761,5.838199e-06
100.988,0.0,83.39023337257653,6.003451e-06
100.988,0.0,83.3898279590105,5.029535e-06
100.988,0.0,83.38943366903348,5.680326e-06
100.988,0.0,83.38901095929563,5.00794e-06
100.988,0.0,83.38858029369456,5.419701e-06
100.988,0.0,83.3881400108025,6.089191e-06
100.988,0.0,83.3877604176901,4.593734e-06
100.988,0.0,83.387338765417,4.962465e-06
100.988,0.0,83.38691057474644,4.428206e-06
100.988,0.0,83.38647033264593,4.566857e-06
100.988,0.0,83.3860854524436,5.79108e-06
100.988,0.0,83.38565146685349,4.018395e-06
100.988,0.0,83.38525636300109,3.490772e-06
100.988,0.0,83.38483027514239,3.260444e-06
100.988,0.0,83.38440694862209,3.5751e-06
100.988,0.0,83.38398102977928,4.209127e-06
100.988,0.0,83.3835668188761,3.315989e-06
100.988,0.0,83.38314572666604,2.688379e-06
100.988,0.0,83.38272658270267,2.686516e-06
100.988,0.0,83.38230692377898,3.175563e-06
100.988,0.0,83.38188176862482,4.137153e-06
100.988,0.0,83.38146582296429,3.212233e-06
100.988,0.0,83.38106400761093,2.582135e-06
100.988,0.0,83.38063107190058,2.380053e-06
100.988,0.0,83.38020291082015,2.632747e-06
100.988,0.0,83.37980357840307,3.850757e-06
100.988,0.0,83.37937715936611,3.567766e-06
100.988,0.0,83.37897608081458,2.417422e-06
100.988,0.0,83.37855338658501,2.203436e-06
100.988,0.0,83.37814304247583,1.703083e-06
100.988,0.0,83.37771562631676,2.087647e-06
100.988,0.0,83.37728624989364,2.187488e-06
100.988,0.0,83.37689154608529,1.843655e-06
100.988,0.0,83.37647343158206,1.61663e-06
100.988,0.0,83.37604775126911,1.61762e-06
100.988,0.0,83.37561749833561,1.852357e-06
100.988,0.0,83.37518552748949,1.992346e-06
100.988,0.0,83.37479577860144,2.560773e-06
100.988,0.0,83.37436812878178,2.662797e-06
100.988,0.0,83.37394527565367,2.257599e-06
100.988,0.0,83.37352289310638,2.310728e-06
100.988,0.0,83.37310115000088,2.366869e-06
100.988,0.0,83.37267881012502,2.425499e-06
100.988,0.0,83.37225783864352,2.915607e-06
100.988,0.0,83.37185077479792,2.833811e-06
100.988,0.0,83.37144095457651,3.305453e-06
100.988,0.0,83.37101979226297,3.504974e-06
100.988,0.0,83.37059741834123,3.103763e-06
100.988,0.0,83.37017613074305,3.859212e-06
100.988,0.0,83.36975777848315,3.717505e-06
100.988,0.0,83.36935991436448,3.692636e-06
100.988,0.0,83.36894879446535,4.07148e-06
100.988,0.0,83.36852732667315,3.382826e-06
100.988,0.0,83.36810946767135,4.000147e-06
100.988,0.0,83.36769251938131,3.788155e-06
100.988,0.0,83.36726279547982,3.045992e-06
100.988,0.0,83.36686592445402,3.513691e-06
100.988,0.0,83.36644000018954,3.243433e-06
100.988,0.0,83.36600946137051,4.153248e-06
100.988,0.0,83.36559570963118,3.8812e-06
100.988,0.0,83.3651798485594,3.105859e-06
100.988,0.0,83.36475128722404,3.551671e-06
100.988,0.0,83.36432974971811,3.295907e-06
100.988,0.0,83.36395034078419,4.766465e-06
100.988,0.0,83.36350843760547,4.799425e-06
100.988,0.0,83.36307391756519,3.853449e-06
100.988,0.0,83.36267517528637,3.636058e-06
100.988,0.0,83.36224986345722,3.522073e-06
100.988,0.0,83.36182478109998,4.881047e-06
100.988,0.0,83.36140485654,4.457834e-06
100.988,0.0,83.3609997135552,3.036519e-06
100.988,0.0,83.3605971361243,3.061155e-06
100.988,0.0,83.36016182483915,3.05596e-06
100.988,0.0,83.35972680850304,4.415007e-06
100.988,0.0,83.35932461235524,3.857145e-06
100.988,0.0,83.35892477012071,2.815344e-06
100.988,0.0,83.35849487495122,2.91242e-06
100.988,0.0,83.35808707593479,3.213107e-06
100.988,0.0,83.35765374539592,4.578935e-06
100.988,0.0,83.35721749355007,4.377594e-06
100.988,0.0,83.35683280010367,3.547902e-06
100.988,0.0,83.3564036477279,4.100293e-06
100.988,0.0,83.35600089483441,3.882102e-06
100.988,0.0,83.35556789676589,4.989852e-06
100.988,0.0,83.3551288512814,4.765971e-06
100.988,0.0,83.35473050573515,3.758905e-06
100.988,0.0,83.35431363934057,4.068715e-06
100.988,0.0,83.35388793375321,3.807218e-06
100.988,0.0,83.35346042140752,4.266927e-06
100.988,0.0,83.35305685201666,3.898283e-06
100.988,0.0,83.3526142596571,2.262255e-06
100.988,0.0,83.35221450184996,2.066212e-06
100.988,0.0,83.3517902829133,2.264991e-06
100.988,0.0,83.35137866101839,2.355766e-06
100.988,0.0,83.35098116639789,2.947898e-06
100.988,0.0,83.3505450117721,2.647852e-06
100.988,0.0,83.3501183936185,3.037858e-06
100.988,0.0,83.34970462848709,3.37731e-06
100.988,0.0,83.34926369096888,3.46663e-06
100.988,0.0,83.34890303650891,4.467875e-06
100.988,0.0,83.34847423285689,3.899215e-06
100.988,0.0,83.3480543523712,4.400164e-06
100.988,0.0,83.34762910245679,4.080153e-06
100.988,0.0,83.34719410949673,3.643159e-06
100.988,0.0,83.34679029788776,3.929963e-06
100.988,0.0,83.34636476500452,3.394147e-06
100.988,0.0,83.34596179302805,3.575653e-06
100.988,0.0,83.34553626992259,3.347086e-06
100.988,0.0,83.34513329799314,3.298192e-06
100.988,0.0,83.34469930186953,3.653331e-06
100.988,0.0,83.34427471873119,3.619789e-06
100.988,0.0,83.34386442523089,4.289075e-06
100.988,0.0,83.34346476224454,4.014626e-06
100.988,0.0,83.34302676462906,2.905232e-06
100.988,0.0,83.34259438483946,2.809422e-06
100.988,0.0,83.34219859194889,2.276676e-06
100.988,0.0,83.34176852827696,2.469838e-06
100.988,0.0,83.34136045692036,2.795787e-06
100.988,0.0,83.34095866908063,2.110624e-06
100.988,0.0,83.34051908522292,2.104454e-06
100.988,0.0,83.34010198175874,1.891793e-06
100.988,0.0,83.33966591355922,1.806751e-06
100.988,0.0,83.33925103847344,1.713721e-06
100.988,0.0,83.33886183314084,1.331558e-06
100.988,0.0,83.33844867118279,1.215274e-06
100.988,0.0,83.33801445923923,1.629334e-06
100.988,0.0,83.33758831670517,1.673077e-06
100.988,0.0,83.33717849989748,2.206507e-06
100.988,0.0,83.3367427997551,1.976834e-06
100.988,0.0,83.33636657023946,1.750435e-06
100.988,0.0,83.33593928983504,1.887325e-06
100.988,0.0,83.33550802510851,2.873348e-06
100.988,0.0,83.33507885953439,3.423091e-06
100.988,0.0,83.33465451143277,3.048699e-06
100.988,0.0,83.33425221814979,3.052381e-06
100.988,0.0,83.33383324573876,3.252382e-06
100.988,0.0,83.33340688600035,3.847847e-06
100.988,0.0,83.33299124857267,4.540037e-06
100.988,0.0,83.3325551306102,3.58258e-06
100.988,0.0,83.33213168308768,3.211127e-06
100.988,0.0,83.33172851652316,3.374371e-06
100.988,0.0,83.33130430938097,3.447989e-06
100.988,0.0,83.33090845158772,4.594083e-06
100.988,0.0,83.33048335994339,3.934052e-06
100.988,0.0,83.33005634629632,3.635359e-06
100.988,0.0,83.32963357985125,4.237474e-06
100.988,0.0,83.32923429055539,4.062851e-06
100.988,0.0,83.32881526623822,4.903632e-06
100.988,0.0,83.3284004746677,4.70673e-06
100.988,0.0,83.3280095581937,4.020709e-06
100.988,0.0,83.32758446578363,4.394111e-06
100.988,0.0,83.32714914584035,3.458292e-06
100.988,0.0,83.32670289381208,2.998713e-06
100.988,0.0,83.32631636656224,2.981775e-06
100.988,0.0,83.32588322828033,3.078589e-06
100.988,0.0,83.3254940981393,3.656052e-06
100.988,0.0,83.32505395362232,3.609501e-06
100.988,0.0,83.32465695945169,3.277775e-06
100.988,0.0,83.32421607932505,3.363835e-06
100.988,0.0,83.3238062460447,3.087058e-06
100.988,0.0,83.32337964521525,3.651818e-06
100.988,0.0,83.32296354243906,3.566121e-06
100.988,0.0,83.32254812304535,2.756322e-06
100.988,0.0,83.32211259439778,2.58084e-06
100.988,0.0,83.32171107424533,1.883425e-06
100.988,0.0,83.32128144837658,1.326858e-06
100.988,0.0,83.32088704082773,1.522189e-06
100.988,0.0,83.32048519158339,1.47034e-06
100.988,0.0,83.32004424919458,1.495791e-06
100.988,0.0,83.3196145778282,1.775305e-06
100.988,0.0,83.31922322264558,1.959314e-06
100.988,0.0,83.31878286695564,2.564135e-06
100.988,0.0,83.31835689839396,2.436835e-06
100.988,0.0,83.31794841306785,2.518937e-06
100.988,0.0,83.31753575595918,2.700966e-06
100.988,0.0,83.31712932096194,2.941044e-06
100.988,0.0,83.31668918708202,3.866575e-06
100.988,0.0,83.31628127685654,3.285299e-06
100.988,0.0,83.31587819415125,2.724802e-06
100.988,0.0,83.31545798275249,2.995846e-06
100.988,0.0,83.31502993775676,3.046865e-06
100.988,0.0,83.31459121515628,4.481626e-06
100.988,0.0,83.31416266296415,3.75665e-06
100.988,0.0,83.31376297202792,3.079913e-06
100.988,0.0,83.31332770871302,3.165318e-06
100.988,0.0,83.31293213822387,2.94004e-06
100.988,0.0,83.31251086869479,3.919515e-06
100.988,0.0,83.31208008157344,3.466295e-06
100.988,0.0,83.31165449597438,2.909044e-06
100.988,0.0,83.31125201775022,2.997534e-06
100.988,0.0,83.31082549020726,2.864806e-06
100.988,0.0,83.3104191598789,4.0179e-06
100.988,0.0,83.31001977284407,4.032569e-06
100.988,0.0,83.30958743735658,2.914036e-06
100.988,0.0,83.30915810481976,2.891495e-06
100.988,0.0,83.30876586176727,2.974586e-06
100.988,0.0,83.30834052514523,2.87962e-06
100.988,0.0,83.30793030257118,3.429246e-06
100.988,0.0,83.30750531697007,3.11897e-06
100.988,0.0,83.30709862003913,3.06491e-06
100.988,0.0,83.30666422396949,2.993285e-06
100.988,0.0,83.30623125470285,2.922388e-06
100.988,0.0,83.30585330097128,3.746914e-06
100.988,0.0,83.30542086153471,3.410343e-06
100.988,0.0,83.30501916123539,2.934044e-06
100.988,0.0,83.30459713574146,3.071924e-06
100.988,0.0,83.30415721587897,2.779896e-06
100.988,0.0,83.3037305800106,2.879271e-06
100.988,0.0,83.30332393231596,3.122826e-06
100.988,0.0,83.3029155600987,2.782763e-06
100.988,0.0,83.30248395101344,3.046531e-06
100.988,0.0,83.30208458351704,2.99378e-06
100.988,0.0,83.30165211657113,2.625471e-06
100.988,0.0,83.30121913745417,2.965869e-06
100.988,0.0,83.3007934375181,2.588335e-06
100.988,0.0,83.30039703344647,2.834611e-06
100.988,0.0,83.299982741555,3.369161e-06
100.988,0.0,83.29956435391935,2.891145e-06
100.988,0.0,83.29912842332395,2.7317e-06
100.988,0.0,83.29872970788068,2.875604e-06
100.988,0.0,83.2983079061229,2.801302e-06
100.988,0.0,83.29789161226293,4.020432e-06
100.988,0.0,83.297481149666,4.493573e-06
100.988,0.0,83.2970614286505,4.04747e-06
100.988,0.0,83.29663499640404,3.154666e-06
100.988,0.0,83.29620292849077,2.859335e-06
100.988,0.0,83.29579824581778,3.569832e-06
100.988,0.0,83.2953980093497,3.733701e-06
100.988,0.0,83.29496414701434,3.165813e-06
100.988,0.0,83.29453267437965,3.039881e-06
100.988,0.0,83.29409847631716,2.988061e-06
100.988,0.0,83.29368522237127,3.184774e-06
100.988,0.0,83.29328085307783,4.136222e-06
100.988,0.0,83.29286960110707,3.91902e-06
100.988,0.0,83.2924440154722,3.211608e-06
100.988,0.0,83.2920189460024,2.696164e-06
100.988,0.0,83.29160194613806,2.656219e-06
100.988,0.0,83.29117233881259,3.841575e-06
100.988,0.0,83.29077943950149,4.368077e-06
100.988,0.0,83.2903501689037,3.52136e-06
100.988,0.0,83.28996219438984,2.857269e-06
100.988,0.0,83.28953098991315,2.427812e-06
100.988,0.0,83.28911239723853,2.708548e-06
100.988,0.0,83.28870743244832,3.421243e-06
100.988,0.0,83.28827992818161,2.828645e-06
100.988,0.0,83.28785876612832,2.405781e-06
100.988,0.0,83.28743879771173,2.145724e-06
100.988,0.0,83.28703730441154,1.531313e-06
100.988,0.0,83.28660329973147,1.771768e-06
100.988,0.0,83.2861860070603,2.296554e-06
100.988,0.0,83.28578347329675,2.348752e-06
100.988,0.0,83.28535183944665,2.450455e-06
100.988,0.0,83.28495378927053,3.200184e-06
100.988,0.0,83.28451695640372,3.087029e-06
100.988,0.0,83.2840953998305,5.215988e-06
100.988,0.0,83.28367834573993,5.322858e-06
100.988,0.0,83.2832383104579,4.434361e-06
100.988,0.0,83.28286463698579,4.238362e-06
100.988,0.0,83.28243879807209,3.93868e-06
100.988,0.0,83.28199145376756,4.784e-06
100.988,0.0,83.28158759126521,6.478018e-06
100.988,0.0,83.2811775650576,5.224807e-06
100.988,0.0,83.28075648156666,4.850241e-06
100.988,0.0,83.28033073002288,5.816488e-06
100.988,0.0,83.2799172811694,5.35186e-06
100.988,0.0,83.27951728563244,5.227936e-06
100.988,0.0,83.2790759415948,5.534836e-06
100.988,0.0,83.27867373934302,4.700778e-06
100.988,0.0,83.27823551263629,5.238617e-06
100.988,0.0,83.27783399436132,5.991373e-06
100.988,0.0,83.27742886793737,4.500092e-06
100.988,0.0,83.27699374907212,5.372916e-06
100.988,0.0,83.27659180993368,5.790775e-06
100.988,0.0,83.27614827351799,5.232039e-06
100.988,0.0,83.27575376487285,6.718023e-06
100.988,0.0,83.27533047801367,6.707851e-06
100.988,0.0,83.27490936889231,5.216745e-06
100.988,0.0,83.27447660422372,5.722948e-06
100.988,0.0,83.27407734867316,5.509966e-06
100.988,0.0,83.27363878808804,5.7742e-06
100.988,0.0,83.27320006540477,6.893519e-06
100.988,0.0,83.27278994662943,5.835856e-06
100.988,0.0,83.27236821146981,5.364636e-06
100.988,0.0,83.27198464098223,6.121962e-06
100.988,0.0,83.27155046954223,5.090435e-06
100.988,0.0,83.27112450197265,5.915543e-06
100.988,0.0,83.27071751585085,6.915201e-06
100.988,0.0,83.27028998063028,5.377806e-06
100.988,0.0,83.26987847708224,5.652342e-06
100.988,0.0,83.26948037888769,6.168601e-06
100.988,0.0,83.2690532727549,5.421287e-06
100.988,0.0,83.26861988122606,7.219714e-06
100.988,0.0,83.26820399150454,7.588853e-06
100.988,0.0,83.26781501472396,5.606227e-06
100.988,0.0,83.26737335561648,5.826616e-06
100.988,0.0,83.26696282285197,6.252521e-06
100.988,0.0,83.26656772213899,5.626236e-06
100.988,0.0,83.26613257963785,7.090901e-06
100.988,0.0,83.26569363986417,6.755261e-06
100.988,0.0,83.26529967519973,5.204609e-06
100.988,0.0,83.2648853845968,5.657042e-06
100.988,0.0,83.26445575721276,6.312519e-06
100.988,0.0,83.26405329296455,5.801703e-06
100.988,0.0,83.26362125860021,7.969997e-06
100.988,0.0,83.26316889629733,7.246461e-06
100.988,0.0,83.26279621482342,5.636626e-06
100.988,0.0,83.26237952292392,6.246773e-06
100.988,0.0,83.26196171572178,6.87952e-06
100.988,0.0,83.26151488893798,6.075803e-06
100.988,0.0,83.26112004181823,8.083909e-06
100.988,0.0,83.2606840387041,7.767856e-06
100.988,0.0,83.2602820880939,6.233546e-06
100.988,0.0,83.25986590844079,6.812363e-06
100.988,0.0,83.25943953041678,7.598268e-06
100.988,0.0,83.25904023469275,6.408503e-06
100.988,0.0,83.25860229267977,8.139948e-06
100.988,0.0,83.25816864379091,7.643597e-06
100.988,0.0,83.25777344557959,6.339542e-06
100.988,0.0,83.25734376047235,7.028691e-06
100.988,0.0,83.25695537842351,7.562892e-06
100.988,0.0,83.2565115463799,6.36217e-06
100.988,0.0,83.25611522647222,8.210671e-06
100.988,0.0,83.2556749927014,7.8007e-06
100.988,0.0,83.25524241492097,6.561182e-06
100.988,0.0,83.2548599148642,7.525407e-06
100.988,0.0,83.25442433064772,8.029456e-06
100.988,0.0,83.25400754045405,6.529459e-06
100.988,0.0,83.25356803383715,8.160481e-06
100.988,0.0,83.25316658609073,7.699928e-06
100.988,0.0,83.25273209210275,6.653281e-06
100.988,0.0,83.25232759379135,7.894356e-06
100.988,0.0,83.25191612744977,8.120376e-06
100.988,0.0,83.25148146717399,6.470014e-06
100.988,0.0,83.2510808120937,7.61493e-06
100.988,0.0,83.25064866755855,7.704541e-06
100.988,0.0,83.25019929392754,6.571339e-06
100.988,0.0,83.24981426572955,7.787719e-06
100.988,0.0,83.24940448905608,8.257135e-06
100.988,0.0,83.24900869457254,6.597373e-06
100.988,0.0,83.24859430870768,7.478477e-06
100.988,0.0,83.24815752989625,7.905051e-06
100.988,0.0,83.24772069410011,6.647111e-06
100.988,0.0,83.2473373224666,7.75329e-06
100.988,0.0,83.24691158288509,8.361516e-06
100.988,0.0,83.24650567483721,6.806993e-06
100.988,0.0,83.2460689563216,6.812814e-06
100.988,0.0,83.24563905617612,7.778523e-06
100.988,0.0,83.24524906710256,6.555347e-06
100.988,0.0,83.24480886183505,7.265757e-06
100.988,0.0,83.24439866652895,8.445393e-06
100.988,0.0,83.24398319843655,7.198221e-06
100.988,0.0,83.24354478295787,6.473041e-06
100.988,0.0,83.2431367943501,7.47382e-06
100.988,0.0,83.24269927205377,6.845847e-06
100.988,0.0,83.24231218533899,6.595277e-06
100.988,0.0,83.24188552591991,7.882176e-06
100.988,0.0,83.24146220717085,7.519906e-06
100.988,0.0,83.24105325803772,6.193281e-06
100.988,0.0,83.24064048281465,6.871182e-06
100.988,0.0,83.24020852242043,7.079856e-06
100.988,0.0,83.23982166834281,5.9288e-06
100.988,0.0,83.23939414785455,6.998744e-06
100.988,0.0,83.23896564189023,7.669543e-06
100.988,0.0,83.23855640287358,5.817492e-06
100.988,0.0,83.23813012754665,5.145164e-06
100.988,0.0,83.23769280768082,6.019502e-06
100.988,0.0,83.23730594944335,4.869784e-06
100.988,0.0,83.23686452411953,5.14352e-06
100.988,0.0,83.23644861511998,6.142393e-06
100.988,0.0,83.23604712541919,4.976813e-06
100.988,0.0,83.23561296224565,3.767404e-06
100.988,0.0,83.23518288895814,3.721114e-06
100.988,0.0,83.23476613613872,3.412264e-06
100.988,0.0,83.2343569210983,2.381348e-06
100.988,0.0,83.23393478516427,2.925895e-06
100.988,0.0,83.23350837879545,4.056215e-06
100.988,0.0,83.23309789140718,4.985486e-06
100.988,0.0,83.23269281756644,5.841968e-06
100.988,0.0,83.23227399507496,6.692891e-06
100.988,0.0,83.23184661072621,5.305104e-06
100.988,0.0,83.23140719654879,6.500835e-06
100.988,0.0,83.23102012142338,7.690862e-06
100.988,0.0,83.23058335072918,5.978509e-06
100.988,0.0,83.23019062882362,5.445676e-06
100.988,0.0,83.22974638288593,6.972608e-06
100.988,0.0,83.22934564085702,6.788192e-06
100.988,0.0,83.228927996747,5.712849e-06
100.988,0.0,83.22851164981593,7.457347e-06
100.988,0.0,83.22809384944708,7.449358e-06
100.988,0.0,83.22766582533521,5.820504e-06
100.988,0.0,83.22726148686851,6.43621e-06
100.988,0.0,83.22684505440182,7.511961e-06
100.988,0.0,83.22643246935742,5.863592e-06
100.988,0.0,83.22603457825522,6.204151e-06
100.988,0.0,83.22559925142382,7.545721e-06
100.988,0.0,83.22516194235358,6.417802e-06
100.988,0.0,83.22474040268602,5.779249e-06
100.988,0.0,83.22436353556053,7.224167e-06
100.988,0.0,83.22393870142294,7.716095e-06
100.988,0.0,83.2235022881049,6.027389e-06
100.988,0.0,83.22307803265004,7.257593e-06
100.988,0.0,83.22265417224608,7.720155e-06
100.988,0.0,83.22222478617897,5.881622e-06
100.988,0.0,83.22184908917312,6.569942e-06
100.988,0.0,83.22142519312744,7.892493e-06
100.988,0.0,83.22098975938303,6.781949e-06
100.988,0.0,83.220572823362,5.704613e-06
100.988,0.0,83.22015312168651,6.95941e-06
100.988,0.0,83.21971404959575,6.607661e-06
100.988,0.0,83.21933166373307,5.270937e-06
100.988,0.0,83.21889325081634,6.700357e-06
100.988,0.0,83.218482730579,7.444949e-06
100.988,0.0,83.21807346402744,6.059112e-06
100.988,0.0,83.21763789126065,5.624534e-06
100.988,0.0,83.21720474002805,6.464601e-06
100.988,0.0,83.21682939934418,5.220078e-06
100.988,0.0,83.21641229574882,4.627349e-06
100.988,0.0,83.21598125248916,6.124668e-06
100.988,0.0,83.21554772470581,6.79295e-06
100.988,0.0,83.21514706078838,5.071008e-06
100.988,0.0,83.21471494984172,5.680267e-06
100.988,0.0,83.21429179010836,6.750182e-06
100.988,0.0,83.2138710616852,5.232258e-06
100.988,0.0,83.2134530919097,6.085567e-06
100.988,0.0,83.21302563211293,7.463736e-06
100.988,0.0,83.21261244127847,6.076109e-06
100.988,0.0,83.2121863344507,5.239621e-06
100.988,0.0,83.21178520165842,6.630566e-06
100.988,0.0,83.21137296450294,6.638045e-06
100.988,0.0,83.21094953135146,5.279551e-06
100.988,0.0,83.21054656390743,6.95468e-06
100.988,0.0,83.21010465592344,8.173258e-06
100.988,0.0,83.209682158127,6.112066e-06
100.988,0.0,83.2092917262659,5.346257e-06
100.988,0.0,83.2088796080265,6.818795e-06
100.988,0.0,83.2084778626174,6.486676e-06
100.988,0.0,83.20804554891401,5.640919e-06
100.988,0.0,83.20761030790575,7.831579e-06
100.988,0.0,83.20720561320998,7.617491e-06
100.988,0.0,83.20677299133239,5.676586e-06
100.988,0.0,83.20639392826615,5.741007e-06
100.988,0.0,83.20595468461859,7.014183e-06
100.988,0.0,83.20553192056443,6.050715e-06
100.988,0.0,83.20511211196083,5.529408e-06
100.988,0.0,83.20469707245869,7.703275e-06
100.988,0.0,83.20426253217408,7.064562e-06
100.988,0.0,83.20385987299231,5.135851e-06
100.988,0.0,83.20343310118514,5.573311e-06
100.988,0.0,83.2030319672199,6.830713e-06
100.988,0.0,83.2025884705229,5.743379e-06
100.988,0.0,83.2021920252447,5.339942e-06
100.988,0.0,83.20177360547962,7.275332e-06
100.988,0.0,83.20134986551732,6.339629e-06
100.988,0.0,83.20091625422116,4.797723e-06
100.988,0.0,83.200494989892,5.481328e-06
100.988,0.0,83.20009007215359,6.572955e-06
100.988,0.0,83.19966461047244,5.514128e-06
100.988,0.0,83.19923527756265,4.887421e-06
100.988,0.0,83.19885646442182,6.17851e-06
100.988,0.0,83.19844064208466,5.332171e-06
100.988,0.0,83.19800418026153,4.029353e-06
100.988,0.0,83.19760185023488,4.893678e-06
100.988,0.0,83.19716504100785,5.451642e-06
100.988,0.0,83.19672718999911,4.066969e-06
100.988,0.0,83.19634257799243,3.830137e-06
100.988,0.0,83.19593678897824,5.54396e-06
100.988,0.0,83.19550552127113,5.035268e-06
100.988,0.0,83.19506733336188,5.532624e-06
100.988,0.0,83.19466659485398,7.107752e-06
100.988,0.0,83.1942454865974,7.750758e-06
100.988,0.0,83.19382449438757,6.180184e-06
100.988,0.0,83.19339194457366,6.92597e-06
100.988,0.0,83.19298103872963,8.189643e-06
100.988,0.0,83.19255481566343,6.671209e-06
100.988,0.0,83.19212317262992,6.454051e-06
100.988,0.0,83.19172206789747,8.423143e-06
100.988,0.0,83.19131210477896,8.262417e-06
100.988,0.0,83.19088937788874,6.516653e-06
100.988,0.0,83.1904889848055,7.226568e-06
100.988,0.0,83.19004874676847,8.406423e-06
100.988,0.0,83.18964201559449,6.695293e-06
100.988,0.0,83.18921008790646,6.718939e-06
100.988,0.0,83.18881722591789,8.52329e-06
100.988,0.0,83.18838822425671,8.496558e-06
100.988,0.0,83.18797339728852,6.466114e-06
100.988,0.0,83.18757543931885,7.256109e-06
100.988,0.0,83.18714443587092,8.200659e-06
100.988,0.0,83.18671649169781,6.833739e-06
100.988,0.0,83.18631449164602,6.760733e-06
100.988,0.0,83.18590476890958,8.693183e-06
100.988,0.0,83.18548002513639,8.322648e-06
100.988,0.0,83.18505711343576,6.464004e-06
100.988,0.0,83.18463210895013,7.564682e-06
100.988,0.0,83.18422455158908,8.219256e-06
100.988,0.0,83.18379760145709,6.611357e-06
100.988,0.0,83.18337865933309,6.96347e-06
100.988,0.0,83.18294884552782,8.823525e-06
100.988,0.0,83.18254777690647,8.262738e-06
100.988,0.0,83.18211846339018,6.263101e-06
100.988,0.0,83.18171650289405,7.423208e-06
100.988,0.0,83.18129735694534,8.595307e-06
100.988,0.0,83.18087372869998,6.816903e-06
100.988,0.0,83.18045254181104,7.073497e-06
100.988,0.0,83.18002611530828,9.098047e-06
100.988,0.0,83.17962016600343,8.513001e-06
100.988,0.0,83.17918600026415,6.358503e-06
100.988,0.0,83.17878862195252,6.814342e-06
100.988,0.0,83.178358187357,8.216171e-06
100.988,0.0,83.17795370121969,6.837261e-06
100.988,0.0,83.17752315569892,6.530419e-06
100.988,0.0,83.17710574996241,8.703122e-06
100.988,0.0,83.17668571051425,8.48253e-06
100.988,0.0,83.17626974892929,6.333939e-06
100.988,0.0,83.17585278196525,6.575719e-06
100.988,0.0,83.1754659856195,8.273841e-06
100.988,0.0,83.17502673047143,6.873524e-06
100.988,0.0,83.1745853794374,5.913156e-06
100.988,0.0,83.17418442675186,8.40264e-06
100.988,0.0,83.17374830270444,8.309085e-06
100.988,0.0,83.1733217815668,5.714857e-06
100.988,0.0,83.17293376708488,6.258197e-06
100.988,0.0,83.1725123773037,7.811061e-06
100.988,0.0,83.17207062890637,6.475791e-06
100.988,0.0,83.17167165469985,4.95401e-06
100.988,0.0,83.17124091985868,7.047463e-06
100.988,0.0,83.17083433961393,7.234732e-06
100.988,0.0,83.17042821920295,5.151334e-06
100.988,0.0,83.16999108108823,4.998394e-06
100.988,0.0,83.16959592361805,6.619259e-06
100.988,0.0,83.16914805357995,6.610033e-06
100.988,0.0,83.16873158670143,4.836795e-06
100.988,0.0,83.16833625791304,5.718379e-06
100.988,0.0,83.16792172541136,6.544025e-06
100.988,0.0,83.16749092991792,5.087975e-06
100.988,0.0,83.1670791678229,4.087095e-06
100.988,0.0,83.16665495362018,4.78838e-06
100.988,0.0,83.16625348982599,4.693458e-06
100.988,0.0,83.16583439867553,2.917659e-06
100.988,0.0,83.16540895573533,3.328445e-06
100.988,0.0,83.16500143379227,5.227514e-06
100.988,0.0,83.16457301527045,4.766931e-06
100.988,0.0,83.16412699046299,4.32189e-06
100.988,0.0,83.1637071615841,6.33845e-06
100.988,0.0,83.16330997870162,7.490307e-06
100.988,0.0,83.162877165994,5.444061e-06
100.988,0.0,83.16246730293882,5.212816e-06
100.988,0.0,83.16206374639904,7.185226e-06
100.988,0.0,83.16162218735833,6.436283e-06
100.988,0.0,83.16122101932704,4.944755e-06
100.988,0.0,83.16079065652438,6.18893e-06
100.988,0.0,83.16039803438524,7.098046e-06
100.988,0.0,83.15996280878318,5.704729e-06
100.988,0.0,83.15955201747335,4.416375e-06
100.988,0.0,83.15912786967534,6.237547e-06
100.988,0.0,83.15871333930025,5.865761e-06
100.988,0.0,83.15828232664694,3.557929e-06
100.988,0.0,83.15790029669657,4.31134e-06
100.988,0.0,83.15746964791934,5.677226e-06
100.988,0.0,83.15702628035753,4.364294e-06
100.988,0.0,83.15662443857848,2.534216e-06
100.988,0.0,83.15623061213357,2.468791e-06
100.988,0.0,83.15580465048791,2.965899e-06
100.988,0.0,83.15537107697226,3.768248e-06
100.988,0.0,83.1549740319201,5.452734e-06
100.988,0.0,83.15453628346944,7.30576e-06
100.988,0.0,83.15410032731177,6.714559e-06
100.988,0.0,83.15369441755382,4.848975e-06
100.988,0.0,83.15326986061287,5.827547e-06
100.988,0.0,83.15284784521576,6.799732e-06
100.988,0.0,83.15245299743553,5.017122e-06
100.988,0.0,83.15201087745295,4.990245e-06
100.988,0.0,83.15160435508096,7.105235e-06
100.988,0.0,83.15116344645811,7.095863e-06
100.988,0.0,83.15076822444732,5.145557e-06
100.988,0.0,83.1503360923147,5.101261e-06
100.988,0.0,83.1499344979869,6.605129e-06
100.988,0.0,83.14952303431396,5.725626e-06
100.988,0.0,83.14910377292311,4.503279e-06
100.988,0.0,83.14868951143077,6.036542e-06
100.988,0.0,83.14826364267842,7.153314e-06
100.988,0.0,83.14786009926495,5.496986e-06
100.988,0.0,83.14744133998256,4.240123e-06
100.988,0.0,83.14704285534893,5.370603e-06
100.988,0.0,83.14660369231643,4.931149e-06
100.988,0.0,83.14619391419646,3.226058e-06
100.988,0.0,83.1457646179814,4.722577e-06
100.988,0.0,83.14533983153879,6.836446e-06
100.988,0.0,83.14494918123118,5.871421e-06
100.988,0.0,83.14450718802958,4.273388e-06
100.988,0.0,83.14408563059455,4.971604e-06
100.988,0.0,83.14366157856843,6.428643e-06
100.988,0.0,83.14321049139501,5.06689e-06
100.988,0.0,83.14282561470608,4.563015e-06
100.988,0.0,83.14242036556071,6.863862e-06
100.988,0.0,83.14199799276683,6.813731e-06
100.988,0.0,83.14157340174253,4.771515e-06
100.988,0.0,83.14115100001833,4.855843e-06
100.988,0.0,83.14072519686816,6.35309e-06
100.988,0.0,83.14033480841343,5.565744e-06
100.988,0.0,83.13990519382352,3.863664e-06
100.988,0.0,83.1394785153643,5.827809e-06
100.988,0.0,83.13907122909463,5.972295e-06
100.988,0.0,83.13865935839887,4.603411e-06
100.988,0.0,83.13822949663371,4.686051e-06
100.988,0.0,83.13781785996792,6.684262e-06
100.988,0.0,83.13740766107468,6.835544e-06
100.988,0.0,83.13698594408797,5.111244e-06
100.988,0.0,83.1365650423495,5.655165e-06
100.988,0.0,83.13615263949302,7.627503e-06
100.988,0.0,83.1357166689306,5.922338e-06
100.988,0.0,83.13530054158248,4.575806e-06
100.988,0.0,83.13488954722865,6.090529e-06
100.988,0.0,83.13444275059317,7.361581e-06
100.988,0.0,83.13404721164433,5.994778e-06
100.988,0.0,83.13361687088205,5.258771e-06
100.988,0.0,83.13321027247511,7.193274e-06
100.988,0.0,83.13278478717643,6.905801e-06
100.988,0.0,83.13236739121922,4.733462e-06
100.988,0.0,83.13193709115968,5.452457e-06
100.988,0.0,83.13153714457982,7.041905e-06
100.988,0.0,83.13110565002415,6.307382e-06
100.988,0.0,83.13069696831599,4.528076e-06
100.988,0.0,83.13026015624651,5.328766e-06
100.988,0.0,83.12987329459665,6.346847e-06
100.988,0.0,83.12942751712569,4.695219e-06
100.988,0.0,83.12903852451726,4.000671e-06
100.988,0.0,83.1286268531784,5.447393e-06
100.988,0.0,83.128200139841,6.883551e-06
100.988,0.0,83.1277630496957,4.932052e-06
100.988,0.0,83.12738587011093,4.576112e-06
100.988,0.0,83.12695723306412,6.411778e-06
100.988,0.0,83.12654824267658,6.510032e-06
100.988,0.0,83.12611126511754,4.518239e-06
100.988,0.0,83.12570380136646,5.166788e-06
100.988,0.0,83.12528236806529,6.883594e-06
100.988,0.0,83.12487850232934,6.027505e-06
100.988,0.0,83.12444808933341,4.148911e-06
100.988,0.0,83.1240390905721,4.657661e-06
100.988,0.0,83.12359516186649,5.792885e-06
100.988,0.0,83.12318719641607,4.718779e-06
100.988,0.0,83.12276211762229,4.142028e-06
100.988,0.0,83.12235977081248,6.133851e-06
100.988,0.0,83.12193054988192,6.325979e-06
100.988,0.0,83.12152705946272,4.587942e-06
100.988,0.0,83.12109023962343,4.277026e-06
100.988,0.0,83.12068320929804,5.825292e-06
100.988,0.0,83.12025518553291,5.406226e-06
100.988,0.0,83.1198446507112,3.993104e-06
100.988,0.0,83.11943480008256,4.922462e-06
100.988,0.0,83.11900607907972,6.688977e-06
100.988,0.0,83.11859335426631,5.360285e-06
100.988,0.0,83.11818367197934,3.717985e-06
100.988,0.0,83.11775472478595,4.19133e-06
100.988,0.0,83.11732854088206,5.515656e-06
100.988,0.0,83.11693627016744,4.363086e-06
100.988,0.0,83.11650458765469,3.414694e-06
100.988,0.0,83.11609178192415,4.998932e-06
100.988,0.0,83.11563971987208,5.038033e-06
100.988,0.0,83.11525130256359,3.527515e-06
100.988,0.0,83.11481132617499,3.169334e-06
100.988,0.0,83.1144279799715,4.61693e-06
100.988,0.0,83.11400028412737,4.98585e-06
100.988,0.0,83.11356281825076,3.752255e-06
100.988,0.0,83.11315417146504,4.298068e-06
100.988,0.0,83.11273095832,6.111004e-06
100.988,0.0,83.11230940205176,5.993992e-06
100.988,0.0,83.11188307792291,4.449408e-06
100.988,0.0,83.111485754501,5.163849e-06
100.988,0.0,83.11106502883942,6.668794e-06
100.988,0.0,83.1106386002336,6.006478e-06
100.988,0.0,83.11021076756586,4.50309e-06
100.988,0.0,83.10982006313921,6.11553e-06
100.988,0.0,83.10939395467476,7.301103e-06
100.988,0.0,83.108992064755,5.882262e-06
100.988,0.0,83.1085685832344,4.556947e-06
100.988,0.0,83.10814047650614,5.677517e-06
100.988,0.0,83.10769537402211,6.964183e-06
100.988,0.0,83.1073199684439,5.810594e-06
100.988,0.0,83.10689008336242,4.64567e-06
100.988,0.0,83.1064902257067,6.685936e-06
100.988,0.0,83.10605781790215,7.438415e-06
100.988,0.0,83.1056479548255,5.476366e-06
100.988,0.0,83.10521631186192,4.762551e-06
100.988,0.0,83.10479872548673,5.959882e-06
100.988,0.0,83.1043934199344,6.450486e-06
100.988,0.0,83.10395972987132,5.010254e-06
100.988,0.0,83.10354576584275,4.869435e-06
100.988,0.0,83.10313040076478,6.713279e-06
100.988,0.0,83.10269659271043,6.559421e-06
100.988,0.0,83.10228677959766,4.78595e-06
100.988,0.0,83.10188072691746,5.411144e-06
100.988,0.0,83.10146311860063,6.904462e-06
100.988,0.0,83.1010410231694,6.690098e-06
100.988,0.0,83.1006211983784,4.974121e-06
100.988,0.0,83.10018157715275,5.887545e-06
100.988,0.0,83.09978867600387,7.38792e-06
100.988,0.0,83.09935521676057,6.066752e-06
100.988,0.0,83.09895806520645,4.831265e-06
100.988,0.0,83.09852350273651,6.078888e-06
100.988,0.0,83.09811293066099,6.99058e-06
100.988,0.0,83.09767647164179,6.291244e-06
100.988,0.0,83.09728508522285,4.897156e-06
100.988,0.0,83.09685406574678,6.484741e-06
100.988,0.0,83.09646208272933,7.311712e-06
100.988,0.0,83.09601904659588,5.72401e-06
100.988,0.0,83.09561392859203,4.959642e-06
100.988,0.0,83.09517468736763,6.649148e-06
100.988,0.0,83.09474683277813,6.87009e-06
100.988,0.0,83.09434570844452,5.311231e-06
100.988,0.0,83.09391577352565,4.652407e-06
100.988,0.0,83.09351653651827,6.19299e-06
100.988,0.0,83.09307798671013,6.827773e-06
100.988,0.0,83.09267020974306,5.005379e-06
100.988,0.0,83.09224105614366,4.842252e-06
100.988,0.0,83.09182829774961,6.48477e-06
100.988,0.0,83.09141434104981,6.813847e-06
100.988,0.0,83.09101181460866,5.512469e-06
100.988,0.0,83.09056980711676,4.472618e-06
100.988,0.0,83.09015804868876,6.028698e-06
100.988,0.0,83.08972883916535,6.947172e-06
100.988,0.0,83.08933261524027,5.267022e-06
100.988,0.0,83.08891538913133,5.016729e-06
100.988,0.0,83.08849803766644,6.940623e-06
100.988,0.0,83.08809031124744,7.266237e-06
100.988,0.0,83.08765070303802,5.699127e-06
100.988,0.0,83.0872501075797,4.634872e-06
100.988,0.0,83.08682516786266,6.207032e-06
100.988,0.0,83.08643465313925,7.11692e-06
100.988,0.0,83.08600352258048,5.228605e-06
100.988,0.0,83.08557401540457,4.925649e-06
100.988,0.0,83.08515505499979,6.906688e-06
100.988,0.0,83.08472556265806,7.149487e-06
100.988,0.0,83.08431493403337,5.552414e-06
100.988,0.0,83.0838899037064,4.82476e-06
100.988,0.0,83.08349027247374,6.591596e-06
100.988,0.0,83.083061225524,6.889095e-06
100.988,0.0,83.0826487990701,5.068534e-06
100.988,0.0,83.08222077253907,4.964357e-06
100.988,0.0,83.08180781048476,7.221082e-06
100.988,0.0,83.08140187592298,6.920352e-06
100.988,0.0,83.08097285464693,5.30004e-06
100.988,0.0,83.08055424428368,4.848363e-06
100.988,0.0,83.0801322334133,6.704431e-06
100.988,0.0,83.07972973246544,7.065959e-06
100.988,0.0,83.07930049165833,5.07386e-06
100.988,0.0,83.07890366876501,5.204362e-06
100.988,0.0,83.07847735973503,7.44022e-06
100.988,0.0,83.07804779906728,6.997885e-06
100.988,0.0,83.07762895161613,5.098802e-06
100.988,0.0,83.07722299927201,4.887828e-06
100.988,0.0,83.07679823034589,6.27464e-06
100.988,0.0,83.07637079546528,6.957882e-06
100.988,0.0,83.0759783979691,5.206966e-06
100.988,0.0,83.07555064059044,5.00551e-06
100.988,0.0,83.0751184979711,7.134528e-06
100.988,0.0,83.07469596600782,7.024704e-06
100.988,0.0,83.07427377559509,4.745089e-06
100.988,0.0,83.07386762751678,4.686313e-06
100.988,0.0,83.0734385354044,6.224684e-06
100.988,0.0,83.07303348467708,6.791175e-06
100.988,0.0,83.07259556893207,4.974718e-06
100.988,0.0,83.07218404933226,4.618385e-06
100.988,0.0,83.0717537428478,6.686139e-06
100.988,0.0,83.07136200620631,7.188471e-06
100.988,0.0,83.07091723315469,4.76696e-06
100.988,0.0,83.07051107420847,4.357949e-06
100.988,0.0,83.07009629040373,5.851296e-06
100.988,0.0,83.06969133252265,7.17651e-06
100.988,0.0,83.06925453265096,5.676746e-06
100.988,0.0,83.06885547767534,4.450791e-06
100.988,0.0,83.06843004423186,6.651593e-06
100.988,0.0,83.06802492856194,7.866445e-06
100.988,0.0,83.06760644387128,5.683105e-06
100.988,0.0,83.0671823841186,4.508576e-06
100.988,0.0,83.06676339058812,6.204064e-06
100.988,0.0,83.06636232307893,7.391543e-06
100.988,0.0,83.06593400746536,6.397167e-06
100.988,0.0,83.06553212570158,4.82981e-06
100.988,0.0,83.06509537523557,5.982904e-06
100.988,0.0,83.06468466880847,7.45937e-06
100.988,0.0,83.06425330255728,6.045608e-06
100.988,0.0,83.0638283222417,4.591348e-06
100.988,0.0,83.063434177806,6.257076e-06
100.988,0.0,83.06298676926161,7.673181e-06
100.988,0.0,83.06257313635678,6.577204e-06
100.988,0.0,83.06215837137809,5.097027e-06
100.988,0.0,83.06172935646914,6.489397e-06
100.988,0.0,83.06132407437268,7.703537e-06
100.988,0.0,83.06090456073449,6.147151e-06
100.988,0.0,83.06051240570005,4.642017e-06
100.988,0.0,83.06006826935614,5.848036e-06
100.988,0.0,83.05966513791738,7.395196e-06
100.988,0.0,83.05923654063132,7.030903e-06
100.988,0.0,83.05881524123305,5.219626e-06
100.988,0.0,83.05841554139641,5.810114e-06
100.988,0.0,83.05797180207573,7.855633e-06
100.988,0.0,83.05757978469231,6.721879e-06
100.988,0.0,83.05713923073603,5.228547e-06
100.988,0.0,83.05673751200078,6.071205e-06
100.988,0.0,83.05632093925037,8.245159e-06
100.988,0.0,83.05591483407888,8.120478e-06
100.988,0.0,83.05548525934653,6.180853e-06
100.988,0.0,83.05505904087153,5.778507e-06
100.988,0.0,83.05464027944089,7.444774e-06
100.988,0.0,83.05419848607013,7.414317e-06
100.988,0.0,83.05380765218854,5.377442e-06
100.988,0.0,83.05339063552378,5.533599e-06
100.988,0.0,83.05295971863512,8.000337e-06
100.988,0.0,83.05255218492924,8.05383e-06
100.988,0.0,83.05211379226662,6.043541e-06
100.988,0.0,83.05170963179455,5.395545e-06
100.988,0.0,83.0512827669517,6.935312e-06
100.988,0.0,83.05088273845269,7.811235e-06
100.988,0.0,83.05046132666425,6.229646e-06
100.988,0.0,83.05004611207156,5.271213e-06
100.988,0.0,83.04962005760513,6.990333e-06
100.988,0.0,83.04919394119943,8.413946e-06
100.988,0.0,83.04880641121326,7.102033e-06
100.988,0.0,83.04837849277283,5.451948e-06
100.988,0.0,83.0479530626405,6.300761e-06
100.988,0.0,83.04754493473428,7.912837e-06
100.988,0.0,83.04712505283257,7.043956e-06
100.988,0.0,83.04669624617283,5.523281e-06
100.988,0.0,83.04630143145309,6.008311e-06
100.988,0.0,83.04586416444106,8.277857e-06
100.988,0.0,83.04547770650436,7.757291e-06
100.988,0.0,83.04504152306501,5.590889e-06
100.988,0.0,83.04462294542104,5.519905e-06
100.988,0.0,83.0441948847061,7.487106e-06
100.988,0.0,83.04376416969488,7.430906e-06
100.988,0.0,83.04336019815264,5.36759e-06
100.988,0.0,83.04294103176032,5.131529e-06
100.988,0.0,83.0425337655853,7.390438e-06
100.988,0.0,83.04209323503578,7.873095e-06
100.988,0.0,83.0416837471966,5.713431e-06
100.988,0.0,83.0412637998456,5.080976e-06
100.988,0.0,83.04086827707204,6.776856e-06
100.988,0.0,83.04045426355603,7.776922e-06
100.988,0.0,83.04001007879062,6.278206e-06
100.988,0.0,83.03958995454815,4.72246e-06
100.988,0.0,83.03917329059774,6.291521e-06
100.988,0.0,83.03875282878616,7.526134e-06
100.988,0.0,83.03835534629148,6.318369e-06
100.988,0.0,83.03792902054039,4.655842e-06
100.988,0.0,83.03750783940681,5.435373e-06
100.988,0.0,83.03709617224608,7.153823e-06
100.988,0.0,83.03666071079718,7.118157e-06
100.988,0.0,83.03627407092148,5.282986e-06
100.988,0.0,83.03584478546105,5.344715e-06
100.988,0.0,83.03541462047058,7.606504e-06
100.988,0.0,83.03499220249884,6.747097e-06
100.988,0.0,83.03457901194675,4.759029e-06
100.988,0.0,83.03416386356615,5.133785e-06
100.988,0.0,83.03372886167156,7.362876e-06
100.988,0.0,83.0333164155297,7.522816e-06
100.988,0.0,83.03290530290676,5.907743e-06
100.988,0.0,83.03247328378518,4.736925e-06
100.988,0.0,83.03206774925286,7.005743e-06
100.988,0.0,83.03165249424107,7.373426e-06
100.988,0.0,83.03120343629607,6.162358e-06
100.988,0.0,83.03079474978873,4.863541e-06
100.988,0.0,83.0304013799921,5.98155e-06
100.988,0.0,83.02997189114356,7.54348e-06
100.988,0.0,83.029565456591,7.23335e-06
100.988,0.0,83.0291538741928,5.440947e-06
100.988,0.0,83.02871929309389,5.524431e-06
100.988,0.0,83.02831751244995,8.11764e-06
100.988,0.0,83.02788802447886,7.256371e-06
100.988,0.0,83.02747578152173,5.109949e-06
100.988,0.0,83.02707559053584,5.553244e-06
100.988,0.0,83.02665171810426,7.450726e-06
100.988,0.0,83.0262143182655,7.480718e-06
100.988,0.0,83.0258121935015,5.459762e-06
100.988,0.0,83.02541276444471,4.652102e-06
100.988,0.0,83.0249743915051,6.744755e-06
100.988,0.0,83.02456652578441,7.402981e-06
100.988,0.0,83.02412158018439,5.08831e-06
100.988,0.0,83.02371582553607,4.194633e-06
100.988,0.0,83.02328380115065,6.0905e-06
100.988,0.0,83.0228870545636,7.724928e-06
100.988,0.0,83.0224323519431,6.383634e-06
100.988,0.0,83.02203642732914,4.938309e-06
100.988,0.0,83.02162184976233,5.441179e-06
100.988,0.0,83.021211705493,7.60681e-06
100.988,0.0,83.02077145905815,6.393588e-06
100.988,0.0,83.02037267937493,4.52844e-06
100.988,0.0,83.01997108185783,5.100577e-06
100.988,0.0,83.0195331884441,7.088063e-06
100.988,0.0,83.01911283406727,6.922986e-06
100.988,0.0,83.01870046305913,5.268637e-06
100.988,0.0,83.01825291964514,4.079207e-06
100.988,0.0,83.0178690807344,5.584545e-06
100.988,0.0,83.0174718301241,6.892689e-06
100.988,0.0,83.01702354361838,5.609967e-06
100.988,0.0,83.01660864737674,4.595277e-06
100.988,0.0,83.01619462652218,6.874223e-06
100.988,0.0,83.0157863865815,8.114715e-06
100.988,0.0,83.01535314600987,6.950067e-06
100.988,0.0,83.01495181743134,5.30039e-06
100.988,0.0,83.01451541589029,5.662994e-06
100.988,0.0,83.01409279477471,7.41292e-06
100.988,0.0,83.0136732191668,6.811752e-06
100.988,0.0,83.01321647686997,5.005495e-06
100.988,0.0,83.01283518338248,5.76122e-06
100.988,0.0,83.01243423111755,8.105577e-06
100.988,0.0,83.01199549909434,7.858005e-06
100.988,0.0,83.0115608393744,5.926384e-06
100.988,0.0,83.01114671282421,4.80123e-06
100.988,0.0,83.01071987095273,6.489325e-06
100.988,0.0,83.01032786576309,7.453913e-06
100.988,0.0,83.00990689647203,6.052258e-06
100.988,0.0,83.00950065089408,4.679445e-06
100.988,0.0,83.0090779308714,6.281029e-06
100.988,0.0,83.00867000115448,8.093615e-06
100.988,0.0,83.00822095809625,6.607632e-06
100.988,0.0,83.00782999144748,5.113048e-06
100.988,0.0,83.00741885754998,5.368507e-06
100.988,0.0,83.00701046730038,6.90548e-06
100.988,0.0,83.00657179599037,7.003764e-06
100.988,0.0,83.0061644239355,5.372698e-06
100.988,0.0,83.00575687273445,5.101785e-06
100.988,0.0,83.00533762208379,7.175928e-06
100.988,0.0,83.00491280478049,7.082926e-06
100.988,0.0,83.00450154318432,5.58357e-06
100.988,0.0,83.00407589655778,4.472196e-06
100.988,0.0,83.00364643962048,5.543377e-06
100.988,0.0,83.0032413033268,6.532369e-06
100.988,0.0,83.00280060970316,6.333212e-06
100.988,0.0,83.00240153386709,5.054186e-06
100.988,0.0,83.00199435749508,6.625676e-06
100.988,0.0,83.00156312608897,8.187548e-06
100.988,0.0,83.0011359017628,6.406568e-06
100.988,0.0,83.00072380573337,4.824149e-06
100.988,0.0,83.00032669961823,5.388036e-06
100.988,0.0,82.99988807577236,7.34342e-06
100.988,0.0,82.99948206331815,6.964154e-06
100.988,0.0,82.99906812379851,5.463808e-06
100.988,0.0,82.9986475741951,4.979855e-06
100.988,0.0,82.99820806736317,7.452778e-06
100.988,0.0,82.99780440298939,7.648763e-06
100.988,0.0,82.99740793235556,5.562862e-06
100.988,0.0,82.99696667012698,5.143185e-06
100.988,0.0,82.99655347321809,6.76031e-06
100.988,0.0,82.99614126711249,8.007308e-06
100.988,0.0,82.99569708516663,6.94413e-06
100.988,0.0,82.99530010159579,5.123351e-06
100.988,0.0,82.99489530615136,5.945927e-06
100.988,0.0,82.99446603434575,7.763199e-06
100.988,0.0,82.9940280635454,6.765767e-06
100.988,0.0,82.99359571053546,4.970367e-06
100.988,0.0,82.9931948003031,5.637165e-06
100.988,0.0,82.99276810049211,7.649098e-06
100.988,0.0,82.99236665400909,7.621449e-06
100.988,0.0,82.99195804065387,5.875467e-06
100.988,0.0,82.99153931447678,4.869347e-06
100.988,0.0,82.99109110135537,6.676812e-06
100.988,0.0,82.99068230254287,7.110226e-06
100.988,0.0,82.99027783044117,5.486771e-06
100.988,0.0,82.98984188567671,4.435045e-06
100.988,0.0,82.9894402629314,6.068323e-06
100.988,0.0,82.98902694427862,7.883544e-06
100.988,0.0,82.98861661377363,7.210518e-06
100.988,0.0,82.9881797893702,5.483453e-06
100.988,0.0,82.98777102843427,5.409573e-06
100.988,0.0,82.98737018425378,7.743191e-06
100.988,0.0,82.98694066848942,7.328243e-06
100.988,0.0,82.98651965625068,5.321141e-06
100.988,0.0,82.98609770496842,4.894682e-06
100.988,0.0,82.98565679526094,7.516646e-06
100.988,0.0,82.98527262604533,7.713796e-06
100.988,0.0,82.9848474692419,6.070695e-06
100.988,0.0,82.98442230892498,5.195499e-06
100.988,0.0,82.98399738067846,6.703878e-06
100.988,0.0,82.98357334365313,7.582436e-06
100.988,0.0,82.98315550723589,6.174276e-06
100.988,0.0,82.98274734405376,4.942733e-06
100.988,0.0,82.98233498074902,6.125323e-06
100.988,0.0,82.98191446095534,7.81531e-06
100.988,0.0,82.9814910423237,7.215713e-06
100.988,0.0,82.98109696876932,5.746639e-06
100.988,0.0,82.98066367297099,5.01638e-06
100.988,0.0,82.98023347223614,7.279014e-06
100.988,0.0,82.97983094950983,6.992923e-06
100.988,0.0,82.97942915271881,5.024922e-06
100.988,0.0,82.97898938144964,4.298112e-06
100.988,0.0,82.97856917311395,7.263021e-06
100.988,0.0,82.97816580941148,7.532857e-06
100.988,0.0,82.97775896075025,5.989961e-06
100.988,0.0,82.97732257264204,5.169131e-06
100.988,0.0,82.97692338057615,6.217932e-06
100.988,0.0,82.97649202021378,7.69482e-06
100.988,0.0,82.97607244615743,6.440343e-06
100.988,0.0,82.9756544927646,4.96101e-06
100.988,0.0,82.97525163538123,6.154936e-06
100.988,0.0,82.97481221435423,7.746436e-06
100.988,0.0,82.97440284638215,7.10653e-06
100.988,0.0,82.97397482380849,5.493348e-06
100.988,0.0,82.97355620214434,5.167967e-06
100.988,0.0,82.97314150442556,6.801813e-06
100.988,0.0,82.97269981430846,6.982242e-06
100.988,0.0,82.97230769932129,5.064503e-06
100.988,0.0,82.97188344936535,4.095462e-06
100.988,0.0,82.97147785644785,5.664304e-06
100.988,0.0,82.97104188065846,6.307004e-06
100.988,0.0,82.97061680349816,5.325739e-06
100.988,0.0,82.97020347485115,4.270914e-06
100.988,0.0,82.9698007179502,4.599409e-06
100.988,0.0,82.96940010304792,5.870213e-06
100.988,0.0,82.96896850798275,4.875008e-06
100.988,0.0,82.96854627962809,3.354566e-06
100.988,0.0,82.96813983900206,3.377354e-06
100.988,0.0,82.96769380907449,5.515467e-06
100.988,0.0,82.96729099653855,5.514754e-06
100.988,0.0,82.96689256171864,3.826732e-06
100.988,0.0,82.96648607823776,2.937115e-06
100.988,0.0,82.9660416512861,3.487599e-06
100.988,0.0,82.96562790970928,3.91285e-06
100.988,0.0,82.96521383018009,2.528308e-06
100.988,0.0,82.96477916818928,1.860972e-06
100.988,0.0,82.96437788433751,3.674184e-06
100.988,0.0,82.9639741252261,6.09229e-06
100.988,0.0,82.96352737904944,5.648239e-06
100.988,0.0,82.96311745885112,4.163958e-06
100.988,0.0,82.96270205928965,4.580594e-06
100.988,0.0,82.96226132800912,6.521179e-06
100.988,0.0,82.96186291935274,6.099566e-06
100.988,0.0,82.96146056957438,4.516216e-06
100.988,0.0,82.96102417660667,4.807414e-06
100.988,0.0,82.96060064943063,7.217139e-06
100.988,0.0,82.96018835592064,6.857008e-06
100.988,0.0,82.9597833432193,5.179507e-06
100.988,0.0,82.95934322806623,4.802336e-06
100.988,0.0,82.95894221845816,6.447066e-06
100.988,0.0,82.95852795164129,7.22133e-06
100.988,0.0,82.95809426879275,5.959722e-06
100.988,0.0,82.95766676256811,4.699483e-06
100.988,0.0,82.95726402357958,5.915193e-06
100.988,0.0,82.95686442685299,6.884831e-06
100.988,0.0,82.95642436845854,5.567475e-06
100.988,0.0,82.95601687100309,4.191854e-06
100.988,0.0,82.95560400010773,5.009759e-06
100.988,0.0,82.95515735451504,6.798873e-06
100.988,0.0,82.95474994640996,6.844522e-06
100.988,0.0,82.95433129115095,5.218768e-06
100.988,0.0,82.95390977950477,4.77572e-06
100.988,0.0,82.95350174731996,6.330243e-06
100.988,0.0,82.95307089673713,6.309099e-06
100.988,0.0,82.95263875439659,4.726287e-06
100.988,0.0,82.95222615934705,3.986803e-06
100.988,0.0,82.9518279703682,5.589129e-06
100.988,0.0,82.95138846437361,6.567236e-06
100.988,0.0,82.95098158973236,5.351802e-06
100.988,0.0,82.95056675778756,3.704568e-06
100.988,0.0,82.95015158009821,4.47825e-06
100.988,0.0,82.94972115557943,6.127273e-06
100.988,0.0,82.94932082679856,5.142021e-06
100.988,0.0,82.94892302947787,3.932422e-06
100.988,0.0,82.94848382911256,4.808608e-06
100.988,0.0,82.948059904828,6.629954e-06
100.988,0.0,82.94765531590247,6.792339e-06
100.988,0.0,82.94724462738122,4.448841e-06
100.988,0.0,82.94680611621297,3.860041e-06
100.988,0.0,82.94640343029914,5.470138e-06
100.988,0.0,82.94599406475588,5.39016e-06
100.988,0.0,82.94558039893256,3.62593e-06
100.988,0.0,82.94512719068652,3.213412e-06
100.988,0.0,82.94471606139771,5.544716e-06
100.988,0.0,82.9443162998693,6.719056e-06
100.988,0.0,82.94387176018671,5.251379e-06
100.988,0.0,82.9434755452617,3.586814e-06
100.988,0.0,82.9430530538631,4.384492e-06
100.988,0.0,82.94263844482836,5.542985e-06
100.988,0.0,82.94220015227788,4.178713e-06
100.988,0.0,82.94179961821713,3.375579e-06
100.988,0.0,82.9413966986452,4.811911e-06
100.988,0.0,82.94095998156473,6.33164e-06
100.988,0.0,82.9405438078356,5.66282e-06
100.988,0.0,82.94012785654766,3.948619e-06
100.988,0.0,82.93971470508477,3.551977e-06
100.988,0.0,82.93927893400581,5.285707e-06
100.988,0.0,82.93887677245958,5.276932e-06
100.988,0.0,82.93847177498861,3.54847e-06
100.988,0.0,82.9380327572517,3.115973e-06
100.988,0.0,82.93761340510028,4.672998e-06
100.988,0.0,82.9371984589708,5.300666e-06
100.988,0.0,82.93677288824364,4.597619e-06
100.988,0.0,82.93635638137535,3.712441e-06
100.988,0.0,82.93597492061437,4.424292e-06
100.988,0.0,82.93553766907229,4.957692e-06
100.988,0.0,82.9351189788511,3.824927e-06
100.988,0.0,82.93468374878385,2.386179e-06
100.988,0.0,82.93425958328663,3.045512e-06
100.988,0.0,82.9338486254642,3.49441e-06
100.988,0.0,82.93342100546339,2.15981e-06
100.988,0.0,82.93299854476157,1.306049e-06
100.988,0.0,82.93259394576484,1.900116e-06
100.988,0.0,82.93216305708489,3.970563e-06
100.988,0.0,82.93175731948581,3.886089e-06
100.988,0.0,82.93133524070089,3.241686e-06
100.988,0.0,82.93093803817692,4.560832e-06
100.988,0.0,82.93050216700931,6.767848e-06
100.988,0.0,82.93008205592047,6.649439e-06
100.988,0.0,82.92967209628594,4.792382e-06
100.988,0.0,82.92926643643402,4.336529e-06
100.988,0.0,82.92884349159313,6.17659e-06
100.988,0.0,82.92842378306342,6.79362e-06
100.988,0.0,82.92799862033623,5.15861e-06
100.988,0.0,82.92759408114948,4.132875e-06
100.988,0.0,82.92716427398982,5.825001e-06
100.988,0.0,82.92672675265416,5.740556e-06
100.988,0.0,82.92635027647816,4.061978e-06
100.988,0.0,82.92595583431603,4.0382e-06
100.988,0.0,82.92550676678393,5.547918e-06
100.988,0.0,82.92509266025344,7.170544e-06
100.988,0.0,82.9246755457022,5.917813e-06
100.988,0.0,82.92424162007322,3.89888e-06
100.988,0.0,82.92383373501666,5.050286e-06
100.988,0.0,82.92339781224553,7.1205e-06
100.988,0.0,82.92297287005067,5.937589e-06
100.988,0.0,82.92256684136296,4.408896e-06
100.988,0.0,82.9221353255636,4.913614e-06
100.988,0.0,82.92169689866735,6.876086e-06
100.988,0.0,82.92131543819691,6.61076e-06
100.988,0.0,82.92089395705837,4.622314e-06
100.988,0.0,82.92045961437078,4.648027e-06
100.988,0.0,82.9200500165747,6.794246e-06
100.988,0.0,82.91963404997377,6.478644e-06
100.988,0.0,82.91920721825646,4.578687e-06
100.988,0.0,82.91880705187256,4.546484e-06
100.988,0.0,82.91837863254958,6.327173e-06
100.988,0.0,82.91796886571467,6.386195e-06
100.988,0.0,82.91754552321261,4.623347e-06
100.988,0.0,82.91712788147355,4.288944e-06
100.988,0.0,82.91672044132275,6.630187e-06
100.988,0.0,82.91630606688554,7.0307e-06
100.988,0.0,82.91587644177886,4.845468e-06
100.988,0.0,82.91545400013999,3.960275e-06
100.988,0.0,82.9150449566564,5.246242e-06
100.988,0.0,82.91460344450041,6.914139e-06
100.988,0.0,82.9141721083666,5.925773e-06
100.988,0.0,82.9137793698193,4.580652e-06
100.988,0.0,82.91333319981197,6.224334e-06
100.988,0.0,82.91292165162983,7.10928e-06
100.988,0.0,82.91251550410358,5.35298e-06
100.988,0.0,82.91210648604385,4.280897e-06
100.988,0.0,82.91167474219418,6.050439e-06
100.988,0.0,82.91127173710028,7.89568e-06
100.988,0.0,82.9108463183421,6.461676e-06
100.988,0.0,82.9104180810548,5.098875e-06
100.988,0.0,82.91001847264519,6.698348e-06
100.988,0.0,82.90961931563986,7.966752e-06
100.988,0.0,82.90917683567332,5.664551e-06
100.988,0.0,82.90879180109685,4.493661e-06
100.988,0.0,82.90836755283048,6.257076e-06
100.988,0.0,82.90796622553843,8.058152e-06
100.988,0.0,82.90752910409702,6.5575e-06
100.988,0.0,82.9071104444306,4.892019e-06
100.988,0.0,82.90670291701385,5.86643e-06
100.988,0.0,82.9062993136266,7.613504e-06
100.988,0.0,82.90585820367042,5.981667e-06
100.988,0.0,82.90545268988363,4.406e-06
100.988,0.0,82.90503281860188,5.779133e-06
100.988,0.0,82.90460856254806,7.799797e-06
100.988,0.0,82.90419231875337,6.519418e-06
100.988,0.0,82.90375085798111,4.752263e-06
100.988,0.0,82.90335928900649,5.50269e-06
100.988,0.0,82.90291687522277,7.807059e-06
100.988,0.0,82.9025219764361,6.572445e-06
100.988,0.0,82.90209509482678,4.590649e-06
100.988,0.0,82.90166426104254,5.718481e-06
100.988,0.0,82.90126170923729,8.009607e-06
100.988,0.0,82.90084913408057,7.385635e-06
100.988,0.0,82.90042658323158,5.280439e-06
100.988,0.0,82.89998716340176,5.224429e-06
100.988,0.0,82.8995754482847,7.501862e-06
100.988,0.0,82.89916474161427,7.176466e-06
100.988,0.0,82.89873325964236,4.766465e-06
100.988,0.0,82.89834664810118,5.189126e-06
100.988,0.0,82.89791472899805,7.848794e-06
100.988,0.0,82.89750359782022,7.540599e-06
100.988,0.0,82.8970812329878,5.348906e-06
100.988,0.0,82.89666359809173,4.816946e-06
100.988,0.0,82.89626548702638,6.977978e-06
100.988,0.0,82.89581868450597,6.628979e-06
100.988,0.0,82.89541873332857,4.566828e-06
100.988,0.0,82.89500804868882,5.277077e-06
100.988,0.0,82.89457611073715,7.760609e-06
100.988,0.0,82.89414377602394,7.703609e-06
100.988,0.0,82.89372019652912,5.402355e-06
100.988,0.0,82.89330273470149,5.033071e-06
100.988,0.0,82.89287267289541,7.252893e-06
100.988,0.0,82.89248874684395,6.960719e-06
100.988,0.0,82.89205734039346,4.647314e-06
100.988,0.0,82.89163031311014,5.316702e-06
100.988,0.0,82.89119779304188,7.739596e-06
100.988,0.0,82.89078253511745,6.922448e-06
100.988,0.0,82.89038100600273,4.602043e-06
100.988,0.0,82.889965229767,5.139314e-06
100.988,0.0,82.88955661553274,7.331182e-06
100.988,0.0,82.88913019473823,6.879651e-06
100.988,0.0,82.88869016363496,4.390371e-06
100.988,0.0,82.88831403169402,5.185502e-06
100.988,0.0,82.88788976361714,7.136652e-06
100.988,0.0,82.8874811148294,4.970832e-06
100.988,0.0,82.88705512531956,3.254027e-06
100.988,0.0,82.88662328484897,4.774745e-06
100.988,0.0,82.88621082926754,7.118826e-06
100.988,0.0,82.88580939600034,5.555703e-06
100.988,0.0,82.88540283630306,3.387147e-06
100.988,0.0,82.88496222103643,4.991394e-06
100.988,0.0,82.88454541927938,7.389142e-06
100.988,0.0,82.88412919292439,5.201713e-06
100.988,0.0,82.88371539565108,3.460504e-06
100.988,0.0,82.88327596700191,4.935209e-06
100.988,0.0,82.8828767578324,6.735558e-06
100.988,0.0,82.88247058497674,5.277907e-06
100.988,0.0,82.88203525341291,3.973895e-06
100.988,0.0,82.88160954708798,5.43434e-06
100.988,0.0,82.88119450959523,6.071845e-06
100.988,0.0,82.88078118770589,4.164423e-06
100.988,0.0,82.88035697915134,3.728841e-06
100.988,0.0,82.87995639378319,5.196838e-06
100.988,0.0,82.87954092346027,6.441303e-06
100.988,0.0,82.87911334504246,5.229434e-06
100.988,0.0,82.87867691227144,4.06515e-06
100.988,0.0,82.87827509086807,5.709531e-06
100.988,0.0,82.87787414820251,6.140384e-06
100.988,0.0,82.87743538053145,4.601607e-06
100.988,0.0,82.87702208711279,4.311398e-06
100.988,0.0,82.87660618495038,5.796741e-06
100.988,0.0,82.87618887978064,6.716946e-06
100.988,0.0,82.87578843152261,4.895061e-06
100.988,0.0,82.87534922462184,4.129397e-06
100.988,0.0,82.87494577956947,6.1428e-06
100.988,0.0,82.8745062486772,5.907277e-06
100.988,0.0,82.87408737848676,4.335729e-06
100.988,0.0,82.87367247909482,4.630463e-06
100.988,0.0,82.87323153527001,6.389426e-06
100.988,0.0,82.87283062193183,6.770322e-06
100.988,0.0,82.87240312330371,4.788672e-06
100.988,0.0,82.87199402671409,4.787827e-06
100.988,0.0,82.87156775681802,6.139511e-06
100.988,0.0,82.87115172861716,5.376351e-06
100.988,0.0,82.8707322719446,3.885711e-06
100.988,0.0,82.87034512797077,5.008507e-06
100.988,0.0,82.8698919364948,6.344359e-06
100.988,0.0,82.86950048614102,5.660884e-06
100.988,0.0,82.86908570986634,4.225862e-06
100.988,0.0,82.86866845919123,5.447233e-06
100.988,0.0,82.86822791644478,6.588496e-06
100.988,0.0,82.86782548447935,4.738569e-06
100.988,0.0,82.86742673216808,4.362417e-06
100.988,0.0,82.86701403794208,6.288508e-06
100.988,0.0,82.86656399740534,6.285059e-06
100.988,0.0,82.86617071384326,4.539426e-06
100.988,0.0,82.86575903891023,4.502552e-06
100.988,0.0,82.86531617491565,6.2779e-06
100.988,0.0,82.86489920226597,5.955691e-06
100.988,0.0,82.86450861247032,4.042638e-06
100.988,0.0,82.86407256913098,5.138514e-06
100.988,0.0,82.86363940495413,6.471862e-06
100.988,0.0,82.86323353164506,5.41388e-06
100.988,0.0,82.86279645360497,3.896217e-06
100.988,0.0,82.8623978726421,5.127469e-06
100.988,0.0,82.86199296902898,6.382616e-06
100.988,0.0,82.86155888512683,4.6239e-06
100.988,0.0,82.86112906642967,3.990266e-06
100.988,0.0,82.86071859582597,5.602662e-06
100.988,0.0,82.86031748280034,6.152841e-06
100.988,0.0,82.85987341919561,4.778427e-06
100.988,0.0,82.85945770986906,4.377565e-06
100.988,0.0,82.85905187566632,6.169867e-06
100.988,0.0,82.858625081327,5.925045e-06
100.988,0.0,82.85821332122164,3.759575e-06
100.988,0.0,82.85781071974225,4.737405e-06
100.988,0.0,82.85737300885212,6.018832e-06
100.988,0.0,82.85696222791734,4.87428e-06
100.988,0.0,82.85655938650825,3.911409e-06
100.988,0.0,82.85613900471739,4.936548e-06
100.988,0.0,82.8556999943137,6.468996e-06
100.988,0.0,82.85529615913137,4.581438e-06
100.988,0.0,82.85488543953188,3.827634e-06
100.988,0.0,82.85445302591258,5.374837e-06
100.988,0.0,82.85404038359617,5.37184e-06
100.988,0.0,82.85361326654119,3.892928e-06
100.988,0.0,82.85317788269431,4.008296e-06
100.988,0.0,82.85277690596706,5.809998e-06
100.988,0.0,82.85233839531715,4.8777e-06
100.988,0.0,82.85192792929031,3.433932e-06
100.988,0.0,82.85152841765978,4.40648e-06
100.988,0.0,82.85110206561578,4.565256e-06
100.988,0.0,82.85066937262108,3.485169e-06
100.988,0.0,82.8502645521499,3.487832e-06
100.988,0.0,82.84986659645105,5.351103e-06
100.988,0.0,82.84942421791327,5.057154e-06
100.988,0.0,82.84901456081289,3.435547e-06
100.988,0.0,82.84860353247123,4.296322e-06
100.988,0.0,82.84818936127687,5.368769e-06
100.988,0.0,82.84778646596197,4.344955e-06
100.988,0.0,82.84734915698358,3.758556e-06
100.988,0.0,82.8469495030601,4.929243e-06
100.988,0.0,82.84653311271354,5.378301e-06
100.988,0.0,82.8461012506912,4.042013e-06
100.988,0.0,82.8456769735783,4.802307e-06
100.988,0.0,82.84527126951879,6.272559e-06
100.988,0.0,82.84486368120496,4.820686e-06
100.988,0.0,82.84443738132016,4.128582e-06
100.988,0.0,82.84402427476117,5.751906e-06
100.988,0.0,82.84357813229589,5.693466e-06
100.988,0.0,82.8431631929035,3.611422e-06
100.988,0.0,82.84276036441229,3.703681e-06
100.988,0.0,82.8423278734654,4.993373e-06
100.988,0.0,82.84193007447274,4.002286e-06
100.988,0.0,82.84149243169418,3.398643e-06
100.988,0.0,82.8410735803249,4.784408e-06
100.988,0.0,82.84066464182872,5.460795e-06
100.988,0.0,82.84022353236601,3.802663e-06
100.988,0.0,82.83980939581079,3.705572e-06
100.988,0.0,82.83941723838598,5.179274e-06
100.988,0.0,82.8390094068457,4.193469e-06
100.988,0.0,82.83856285206214,3.244015e-06
100.988,0.0,82.83814857309856,4.513684e-06
100.988,0.0,82.83772496261479,4.558897e-06
100.988,0.0,82.83731106979103,2.702582e-06
100.988,0.0,82.83691660441383,2.385146e-06
100.988,0.0,82.83650414472707,3.370573e-06
100.988,0.0,82.83607186849972,2.489076e-06
100.988,0.0,82.83564183356789,2.169822e-06
100.988,0.0,82.83521151746638,3.128458e-06
100.988,0.0,82.83480319775965,3.398352e-06
100.988,0.0,82.83440338678983,2.46329e-06
100.988,0.0,82.83396765230401,2.836881e-06
100.988,0.0,82.83354274764302,4.095797e-06
100.988,0.0,82.83312966055618,2.738321e-06
100.988,0.0,82.83269995676552,2.83448e-06
100.988,0.0,82.83228149597265,4.438058e-06
100.988,0.0,82.8318560986527,3.932015e-06
100.988,0.0,82.83146464880097,2.375469e-06
100.988,0.0,82.83103994317321,3.154986e-06
100.988,0.0,82.83061823035747,4.108995e-06
100.988,0.0,82.83020698389073,2.390152e-06
100.988,0.0,82.82976233787856,2.679531e-06
100.988,0.0,82.82937758681355,4.098372e-06
100.988,0.0,82.82897824384187,3.42718e-06
100.988,0.0,82.82854336128436,2.195375e-06
100.988,0.0,82.82810534234638,3.30458e-06
100.988,0.0,82.8277036150549,3.688678e-06
100.988,0.0,82.82730538957132,2.415967e-06
100.988,0.0,82.82686703573606,3.179768e-06
100.988,0.0,82.82646419550541,3.772249e-06
100.988,0.0,82.82604007540534,2.966146e-06
100.988,0.0,82.8256349738927,2.705405e-06
100.988,0.0,82.82518537783072,4.447633e-06
100.988,0.0,82.82478389028195,3.591776e-06
100.988,0.0,82.82436963253545,2.78317e-06
100.988,0.0,82.82393043402728,4.606947e-06
100.988,0.0,82.82351845320342,4.632107e-06
100.988,0.0,82.82311648779081,3.08553e-06
100.988,0.0,82.82269507851196,3.50723e-06
100.988,0.0,82.82224221865029,4.415866e-06
100.988,0.0,82.8218574756565,3.228139e-06
100.988,0.0,82.82141847886888,3.150402e-06
100.988,0.0,82.82102594139111,5.115959e-06
100.988,0.0,82.82058912318931,4.337402e-06
100.988,0.0,82.82015339288043,3.361929e-06
100.988,0.0,82.81974766227678,4.619491e-06
100.988,0.0,82.81934318640045,4.641261e-06
100.988,0.0,82.81895080334156,3.133318e-06
100.988,0.0,82.8185146483189,3.737034e-06
100.988,0.0,82.81809177319221,5.050693e-06
100.988,0.0,82.81768028617722,3.720546e-06
100.988,0.0,82.81724268797501,3.305249e-06
100.988,0.0,82.81684434813732,4.581729e-06
100.988,0.0,82.81644520356276,3.821464e-06
100.988,0.0,82.81600655603782,2.939792e-06
100.988,0.0,82.81558617667218,4.083384e-06
100.988,0.0,82.81517169178925,4.223795e-06
100.988,0.0,82.8147252605581,3.15778e-06
100.988,0.0,82.81432872144501,3.967594e-06
100.988,0.0,82.81389216043559,4.283138e-06
100.988,0.0,82.81348892997326,3.145193e-06
100.988,0.0,82.81307281674171,3.849025e-06
100.988,0.0,82.81262933511545,4.497721e-06
100.988,0.0,82.81222229771059,3.45314e-06
100.988,0.0,82.81181719778758,3.308844e-06
100.988,0.0,82.81139254186515,4.615504e-06
100.988,0.0,82.81096842211126,3.600711e-06
100.988,0.0,82.8105696185741,2.87591e-06
100.988,0.0,82.81014373187352,3.805864e-06
100.988,0.0,82.80970632211667,3.529174e-06
100.988,0.0,82.8093125114548,2.715911e-06
100.988,0.0,82.80890660398369,3.731155e-06
100.988,0.0,82.80848184134487,4.128e-06
100.988,0.0,82.80806734470073,2.914821e-06
100.988,0.0,82.80765217003366,2.962639e-06
100.988,0.0,82.80720765966878,3.702764e-06
100.988,0.0,82.80680597915372,2.589877e-06
100.988,0.0,82.80640685463797,2.500776e-06
100.988,0.0,82.80599786932446,3.368972e-06
100.988,0.0,82.80556654228909,2.748886e-06
100.988,0.0,82.80513601720011,2.503846e-06
100.988,0.0,82.80472356916745,3.567518e-06
100.988,0.0,82.80429935891961,3.236404e-06
100.988,0.0,82.80387226311584,2.442059e-06
100.988,0.0,82.80347924256135,3.646768e-06
100.988,0.0,82.80304429087607,3.754874e-06
100.988,0.0,82.80263160337664,2.784189e-06
100.988,0.0,82.80218889734408,3.291832e-06
100.988,0.0,82.80178582618635,3.706271e-06
100.988,0.0,82.80137303232753,2.736837e-06
100.988,0.0,82.80096351213007,2.932633e-06
100.988,0.0,82.80055182556833,3.876426e-06
100.988,0.0,82.80013079374721,2.851404e-06
100.988,0.0,82.79969019252883,2.512592e-06
100.988,0.0,82.79929671411584,3.489462e-06
100.988,0.0,82.79886153269268,3.024659e-06
100.988,0.0,82.7984615473488,2.722794e-06
100.988,0.0,82.79804382780742,4.150701e-06
100.988,0.0,82.79761800551806,3.648689e-06
100.988,0.0,82.79718865178542,2.800298e-06
100.988,0.0,82.79678735288677,3.54067e-06
100.988,0.0,82.79637376691505,3.560373e-06
100.988,0.0,82.7959455782932,2.340545e-06
100.988,0.0,82.79553750890877,3.318608e-06
100.988,0.0,82.79511192474045,3.750494e-06
100.988,0.0,82.79467735111747,2.636254e-06
100.988,0.0,82.7942733079398,2.911213e-06
100.988,0.0,82.79384088632877,3.399793e-06
100.988,0.0,82.793445754711,2.336761e-06
100.988,0.0,82.79300072679916,2.707413e-06
100.988,0.0,82.7925871630566,3.583802e-06
100.988,0.0,82.79214679478886,2.570901e-06
100.988,0.0,82.79174156975239,2.291825e-06
100.988,0.0,82.7913457003825,3.619527e-06
100.988,0.0,82.79090718544957,3.03713e-06
100.988,0.0,82.79050197088554,2.252797e-06
100.988,0.0,82.79009163201489,3.245295e-06
100.988,0.0,82.78965084245577,3.135181e-06
100.988,0.0,82.78925315400389,2.282759e-06
100.988,0.0,82.78882462657269,2.990797e-06
100.988,0.0,82.78843079525899,3.476598e-06
100.988,0.0,82.78801917094923,2.353059e-06
100.988,0.0,82.78757361909398,3.122637e-06
100.988,0.0,82.78715849702145,4.085043e-06
100.988,0.0,82.7867534247265,2.827685e-06
100.988,0.0,82.7863366797322,2.969638e-06
100.988,0.0,82.78590680892576,4.162473e-06
100.988,0.0,82.78550617645655,2.826273e-06
100.988,0.0,82.78509148209633,2.689136e-06
100.988,0.0,82.78467458821697,4.075147e-06
100.988,0.0,82.78423984677507,3.094872e-06
100.988,0.0,82.78382091673517,2.43519e-06
100.988,0.0,82.78340043839528,3.39598e-06
100.988,0.0,82.78298901822212,3.257825e-06
100.988,0.0,82.78256766877747,2.526736e-06
100.988,0.0,82.78213440572355,3.705863e-06
100.988,0.0,82.78171390012041,4.02196e-06
100.988,0.0,82.78129690168646,2.691799e-06
100.988,0.0,82.78089915098549,3.759633e-06
100.988,0.0,82.78050656940647,4.715272e-06
100.988,0.0,82.78006265521121,3.301015e-06
100.988,0.0,82.77964091664381,3.385358e-06
100.988,0.0,82.77920403000061,4.379326e-06
100.988,0.0,82.7788132399304,3.406632e-06
100.988,0.0,82.77837292084835,3.354042e-06
100.988,0.0,82.77798160467286,4.934394e-06
100.988,0.0,82.77756864372094,3.932611e-06
100.988,0.0,82.77714180477622,3.11379e-06
100.988,0.0,82.7767021376209,4.224377e-06
100.988,0.0,82.77630580275063,3.986352e-06
100.988,0.0,82.77589331108724,3.26708e-06
100.988,0.0,82.77547921704868,4.889982e-06
100.988,0.0,82.77504799053499,4.33992e-06
100.988,0.0,82.77461330518997,3.541267e-06
100.988,0.0,82.7741875465569,4.66223e-06
100.988,0.0,82.77375300080223,4.72962e-06
100.988,0.0,82.77334793609401,3.586465e-06
100.988,0.0,82.77294507409479,4.459027e-06
100.988,0.0,82.77251152967604,4.962654e-06
100.988,0.0,82.77209829910458,3.60253e-06
100.988,0.0,82.77167608169101,4.082132e-06
100.988,0.0,82.77125350144631,5.007387e-06
100.988,0.0,82.77083137147336,3.50739e-06
100.988,0.0,82.77045102480896,3.801455e-06
100.988,0.0,82.7700178540347,5.109192e-06
100.988,0.0,82.76959838004069,3.861947e-06
100.988,0.0,82.76918338874452,3.443492e-06
100.988,0.0,82.76874456649278,4.493399e-06
100.988,0.0,82.76834432110937,3.794645e-06
100.988,0.0,82.76792534727346,3.0191e-06
100.988,0.0,82.76751654937216,4.233196e-06
100.988,0.0,82.7670821115414,4.079353e-06
100.988,0.0,82.76667159926188,3.221852e-06
100.988,0.0,82.7662588990044,3.432826e-06
100.988,0.0,82.76585314792474,4.107409e-06
100.988,0.0,82.76543469606828,3.023626e-06
100.988,0.0,82.76503035222156,3.312802e-06
100.988,0.0,82.76459283681163,3.912763e-06
100.988,0.0,82.76416408003386,2.779721e-06
100.988,0.0,82.76375581903551,2.547677e-06
100.988,0.0,82.76333499647039,3.548455e-06
100.988,0.0,82.76291772250633,2.891713e-06
100.988,0.0,82.76251638740447,2.352914e-06
100.988,0.0,82.76208214169895,3.432244e-06
100.988,0.0,82.76166585998953,2.917615e-06
100.988,0.0,82.76122786984772,1.939537e-06
100.988,0.0,82.76082228585744,2.921661e-06
100.988,0.0,82.76042885469283,2.74468e-06
100.988,0.0,82.75999427346885,1.879918e-06
100.988,0.0,82.75957008313738,2.637389e-06
100.988,0.0,82.75914894656628,2.596295e-06
100.988,0.0,82.75873298396924,1.605571e-06
100.988,0.0,82.75832941168893,1.774548e-06
100.988,0.0,82.75790533690305,2.252709e-06
100.988,0.0,82.75749856918722,1.889144e-06
100.988,0.0,82.75707505679769,2.054992e-06
100.988,0.0,82.75664991575182,2.948174e-06
100.988,0.0,82.75622483962175,2.179251e-06
100.988,0.0,82.75581018596806,2.365196e-06
100.988,0.0,82.75541715140679,3.804758e-06
100.988,0.0,82.75496236564706,2.56559e-06
100.988,0.0,82.7545457024419,2.248431e-06
100.988,0.0,82.75412085583446,3.586421e-06
100.988,0.0,82.75371667193515,2.897068e-06
100.988,0.0,82.753287093,2.411136e-06
100.988,0.0,82.75289230987032,3.92372e-06
100.988,0.0,82.75244883305217,3.296911e-06
100.988,0.0,82.7520502634247,2.349087e-06
100.988,0.0,82.75163216320973,3.585534e-06
100.988,0.0,82.75119450500598,3.809153e-06
100.988,0.0,82.7507874263355,2.533881e-06
100.988,0.0,82.75037064242082,3.863926e-06
100.988,0.0,82.74996266280803,4.878195e-06
100.988,0.0,82.74953841615134,3.324763e-06
100.988,0.0,82.7491370013306,3.539448e-06
100.988,0.0,82.74871856745862,4.652567e-06
100.988,0.0,82.74828661652826,3.274254e-06
100.988,0.0,82.7478719036354,3.302674e-06
100.988,0.0,82.74744698490622,4.653222e-06
100.988,0.0,82.7470385303037,3.766443e-06
100.988,0.0,82.74661565124642,3.167064e-06
100.988,0.0,82.74621400734004,4.362897e-06
100.988,0.0,82.74577911813827,4.501984e-06
100.988,0.0,82.7453736677613,3.263092e-06
100.988,0.0,82.74496143601154,4.426809e-06
100.988,0.0,82.74455382312969,5.192953e-06
100.988,0.0,82.7441002763938,3.722627e-06
100.988,0.0,82.74367897783594,3.891982e-06
100.988,0.0,82.7432678687158,5.119553e-06
100.988,0.0,82.74285582045695,3.82126e-06
100.988,0.0,82.74243455933903,3.493784e-06
100.988,0.0,82.74202622635664,5.412425e-06
100.988,0.0,82.7416033542749,4.519097e-06
100.988,0.0,82.74119821218305,3.547306e-06
100.988,0.0,82.7407795697983,4.439338e-06
100.988,0.0,82.7403523014294,4.668589e-06
100.988,0.0,82.73993100024582,3.196692e-06
100.988,0.0,82.73952900238476,4.552814e-06
100.988,0.0,82.73909907793676,5.37702e-06
100.988,0.0,82.73867290040951,3.94875e-06
100.988,0.0,82.73827361021146,3.910958e-06
100.988,0.0,82.73784104247483,5.227659e-06
100.988,0.0,82.73743005306022,4.029629e-06
100.988,0.0,82.73701393779017,4.2873e-06
100.988,0.0,82.73658596151756,6.000555e-06
100.988,0.0,82.73618056517725,4.520494e-06
100.988,0.0,82.73574906835717,3.535373e-06
100.988,0.0,82.73535490270253,4.629153e-06
100.988,0.0,82.73492735823736,4.309972e-06
100.988,0.0,82.73449249439236,3.005771e-06
100.988,0.0,82.73406836203313,4.271715e-06
100.988,0.0,82.73366742169583,4.042682e-06
100.988,0.0,82.73323475988666,2.871413e-06
100.988,0.0,82.73281165017995,3.53108e-06
100.988,0.0,82.7324186329315,4.864254e-06
100.988,0.0,82.73197948456274,3.522422e-06
100.988,0.0,82.73155915248597,3.610607e-06
100.988,0.0,82.73114442294843,5.28786e-06
100.988,0.0,82.73073389373685,4.26294e-06
100.988,0.0,82.73029872251864,3.844834e-06
100.988,0.0,82.72989704703028,5.623384e-06
100.988,0.0,82.72949250083163,5.29617e-06
100.988,0.0,82.72907883716272,3.71442e-06
100.988,0.0,82.7286573153591,5.053109e-06
100.988,0.0,82.72819843295697,5.760259e-06
100.988,0.0,82.72780988480423,4.046931e-06
100.988,0.0,82.72740151631278,4.358779e-06
100.988,0.0,82.72700973926126,6.415008e-06
100.988,0.0,82.72656211938582,5.026435e-06
100.988,0.0,82.72614704725092,3.978101e-06
100.988,0.0,82.7257430975212,5.661437e-06
100.988,0.0,82.72530174628912,5.631984e-06
100.988,0.0,82.72489601850911,3.702371e-06
100.988,0.0,82.72449316600154,4.734931e-06
100.988,0.0,82.72406801285474,6.273956e-06
100.988,0.0,82.72362343080253,4.254005e-06
100.988,0.0,82.72322236326568,3.70128e-06
100.988,0.0,82.72278307798187,5.184003e-06
100.988,0.0,82.72238526549064,4.422152e-06
100.988,0.0,82.72195783174945,3.284877e-06
100.988,0.0,82.72154521595937,4.549191e-06
100.988,0.0,82.72111017757267,4.655099e-06
100.988,0.0,82.72069697621028,2.963163e-06
100.988,0.0,82.72029692417898,3.226305e-06
100.988,0.0,82.71986705187214,4.224217e-06
100.988,0.0,82.71946462009235,2.988556e-06
100.988,0.0,82.71905062942612,2.994784e-06
100.988,0.0,82.71863489754676,4.266651e-06
100.988,0.0,82.71820744066504,2.88742e-06
100.988,0.0,82.7177947444409,2.249784e-06
100.988,0.0,82.71736091187282,4.311849e-06
100.988,0.0,82.71697677982004,3.959969e-06
100.988,0.0,82.71653609424781,2.986737e-06
100.988,0.0,82.71613293805015,4.954709e-06
100.988,0.0,82.71569724678974,5.638867e-06
100.988,0.0,82.71527044433219,3.973109e-06
100.988,0.0,82.71486513324166,4.460235e-06
100.988,0.0,82.71444793390043,5.220485e-06
100.988,0.0,82.71400982729442,3.64233e-06
100.988,0.0,82.71358714736247,3.896654e-06
100.988,0.0,82.71315656749006,6.211485e-06
100.988,0.0,82.71275428414245,5.212758e-06
100.988,0.0,82.71231915909087,3.875219e-06
100.988,0.0,82.71192565079764,4.718037e-06
100.988,0.0,82.71151629530002,4.799324e-06
100.988,0.0,82.71108952269716,3.078239e-06
100.988,0.0,82.71065599848511,4.623464e-06
100.988,0.0,82.71023962677491,6.179747e-06
100.988,0.0,82.70984348156101,4.668589e-06
100.988,0.0,82.70942255440062,4.178073e-06
100.988,0.0,82.70898713270408,5.474241e-06
100.988,0.0,82.70858207918776,4.659742e-06
100.988,0.0,82.70817042759087,3.529247e-06
100.988,0.0,82.70777190693723,5.194466e-06
100.988,0.0,82.70734549323379,5.540787e-06
100.988,0.0,82.70692471331351,3.915789e-06
100.988,0.0,82.70652443839383,3.687659e-06
100.988,0.0,82.70608627759816,5.258233e-06
100.988,0.0,82.70566289691462,4.974019e-06
100.988,0.0,82.70525056159865,3.872628e-06
100.988,0.0,82.70483802595825,5.870112e-06
100.988,0.0,82.70442984203184,6.123562e-06
100.988,0.0,82.70400031838214,4.599526e-06
100.988,0.0,82.70359732526936,4.694142e-06
100.988,0.0,82.70315982369821,6.569418e-06
100.988,0.0,82.70272501461035,5.220165e-06
100.988,0.0,82.70234120247743,4.321104e-06
100.988,0.0,82.70191097978456,6.499729e-06
100.988,0.0,82.70148630956523,6.150876e-06
100.988,0.0,82.70107739018208,4.552378e-06
100.988,0.0,82.70063455152679,4.990827e-06
100.988,0.0,82.70022348208609,6.583097e-06
100.988,0.0,82.69980276630301,4.540372e-06
100.988,0.0,82.69938481907803,4.777845e-06
100.988,0.0,82.6989766394059,6.484916e-06
100.988,0.0,82.69854629242798,5.475187e-06
100.988,0.0,82.69813110983395,4.155227e-06
100.988,0.0,82.69773209989866,5.212627e-06
100.988,0.0,82.69730060570807,5.683178e-06
100.988,0.0,82.69689636617265,4.11419e-06
100.988,0.0,82.69649224022335,4.422036e-06
100.988,0.0,82.69604638671926,6.265866e-06
100.988,0.0,82.69563630095533,5.447626e-06
100.988,0.0,82.69520232348967,4.716407e-06
100.988,0.0,82.69479985533033,6.971284e-06
100.988,0.0,82.69436877654485,6.959221e-06
100.988,0.0,82.69395002175403,4.713263e-06
100.988,0.0,82.69353026379521,5.624417e-06
100.988,0.0,82.69312066562497,6.70657e-06
100.988,0.0,82.69268498487423,4.66287e-06
100.988,0.0,82.69226893682406,5.194015e-06
100.988,0.0,82.6918673396005,7.313443e-06
100.988,0.0,82.69144202702829,6.058443e-06
100.988,0.0,82.6910283438688,4.622765e-06
100.988,0.0,82.69060122635268,6.364848e-06
100.988,0.0,82.6901799357285,6.479298e-06
100.988,0.0,82.68978365678936,4.661866e-06
100.988,0.0,82.68934534482497,5.664639e-06
100.988,0.0,82.68894581563057,7.948009e-06
100.988,0.0,82.68853967534363,6.366128e-06
100.988,0.0,82.68811668053749,4.954898e-06
100.988,0.0,82.6876814658464,6.504721e-06
100.988,0.0,82.6872706285165,7.095892e-06
100.988,0.0,82.68684210119181,5.426933e-06
100.988,0.0,82.68644055666839,5.951122e-06
100.988,0.0,82.68603134785258,8.147981e-06
100.988,0.0,82.6855951907463,7.222188e-06
100.988,0.0,82.68519608175447,5.175549e-06
100.988,0.0,82.68477999144895,5.903945e-06
100.988,0.0,82.68434329691189,6.755407e-06
100.988,0.0,82.68394612158588,4.846021e-06
100.988,0.0,82.68351673219136,4.280315e-06
100.988,0.0,82.68309322580639,5.633628e-06
100.988,0.0,82.68267446670934,5.470007e-06
100.988,0.0,82.68225215096248,4.066373e-06
100.988,0.0,82.6818247368544,5.157577e-06
100.988,0.0,82.68142908038566,6.672126e-06
100.988,0.0,82.68101877577179,4.919581e-06
100.988,0.0,82.68056145549352,4.818692e-06
100.988,0.0,82.68016508311118,7.093608e-06
100.988,0.0,82.6797575658618,6.74701e-06
100.988,0.0,82.67931183660997,5.033944e-06
100.988,0.0,82.67891535020556,6.241447e-06
100.988,0.0,82.67850733831288,7.565744e-06
100.988,0.0,82.67807836502378,5.210924e-06
100.988,0.0,82.67765109480807,5.698545e-06
100.988,0.0,82.67724883724826,7.907249e-06
100.988,0.0,82.67683459288712,6.459391e-06
100.988,0.0,82.67640585782544,4.88064e-06
100.988,0.0,82.67600599138466,5.714857e-06
100.988,0.0,82.67557510243611,7.272552e-06
100.988,0.0,82.67515155482778,5.26823e-06
100.988,0.0,82.67477547350941,5.53306e-06
100.988,0.0,82.67446165554387,7.940762e-06
100.988,0.0,82.6738828921241,7.027746e-06
100.988,0.0,82.67347167080243,5.226902e-06
100.988,0.0,82.67304130575545,5.568159e-06
100.988,0.0,82.6726169985579,7.388619e-06
100.988,0.0,82.6722148993418,4.991205e-06
100.988,0.0,82.67178672385124,5.711321e-06
100.988,0.0,82.6713791897626,8.036761e-06
100.988,0.0,82.67095085821983,6.570554e-06
100.988,0.0,82.67054175669303,5.092166e-06
100.988,0.0,82.67012315386052,6.085407e-06
100.988,0.0,82.66970492418353,7.61445e-06
100.988,0.0,82.66930264925057,6.077811e-06
100.988,0.0,82.66887436894376,5.527254e-06
100.988,0.0,82.66848078573774,8.071278e-06
100.988,0.0,82.66805956840417,7.587747e-06
100.988,0.0,82.66763960995804,5.65243e-06
100.988,0.0,82.66720990773199,5.85783e-06
100.988,0.0,82.66680261795084,7.430834e-06
100.988,0.0,82.66639594635053,6.584538e-06
100.988,0.0,82.66597203468855,5.127469e-06
100.988,0.0,82.66554710852489,7.088282e-06
100.988,0.0,82.66512308757245,7.530762e-06
100.988,0.0,82.66469408816063,5.332811e-06
100.988,0.0,82.66429680815499,5.158887e-06
100.988,0.0,82.66386638117378,6.952745e-06
100.988,0.0,82.66344396103773,6.245493e-06
100.988,0.0,82.66303339418218,4.758447e-06
100.988,0.0,82.66260548051127,6.729038e-06
100.988,0.0,82.66218903310217,7.672556e-06
100.988,0.0,82.66176928971032,5.894035e-06
100.988,0.0,82.66137188362158,5.573107e-06
100.988,0.0,82.66093377458023,7.614362e-06
100.988,0.0,82.66052817571196,7.269045e-06
100.988,0.0,82.660108180861,5.314156e-06
100.988,0.0,82.65965706236223,6.474205e-06
100.988,0.0,82.65926139164735,7.615177e-06
100.988,0.0,82.65886717325708,5.698123e-06
100.988,0.0,82.65844657700893,4.835252e-06
100.988,0.0,82.6580446034863,7.021095e-06
100.988,0.0,82.65760435022487,6.621864e-06
100.988,0.0,82.65718785108818,4.564237e-06
100.988,0.0,82.6567428946215,5.345792e-06
100.988,0.0,82.65636113921572,6.66322e-06
100.988,0.0,82.65591262340561,4.521062e-06
100.988,0.0,82.65555864977583,4.697635e-06
100.988,0.0,82.65509668318019,6.712158e-06
100.988,0.0,82.65465646038932,6.769798e-06
100.988,0.0,82.6542455633143,4.946502e-06
100.988,0.0,82.65383152368153,6.388727e-06
100.988,0.0,82.65340971424011,8.2974e-06
100.988,0.0,82.6529903059843,6.281101e-06
100.988,0.0,82.65257782709709,6.028233e-06
100.988,0.0,82.65216184343797,8.571064e-06
100.988,0.0,82.65172113802801,9.086696e-06
100.988,0.0,82.65132555595112,6.468341e-06
100.988,0.0,82.65091243042927,6.650705e-06
100.988,0.0,82.65049959856128,8.80305e-06
100.988,0.0,82.65006075236626,6.916627e-06
100.988,0.0,82.64963358064726,6.399874e-06
100.988,0.0,82.64923716414548,8.315372e-06
100.988,0.0,82.64880421420536,9.72503e-06
100.988,0.0,82.6483968869845,7.198163e-06
100.988,0.0,82.64799275731629,6.86702e-06
100.988,0.0,82.6475569391456,8.95928e-06
100.988,0.0,82.64712904862908,8.7597e-06
100.988,0.0,82.64672171967776,6.516231e-06
100.988,0.0,82.64628987629915,8.258736e-06
100.988,0.0,82.6459102336395,1.004098e-05
100.988,0.0,82.64548995383757,7.905168e-06
100.988,0.0,82.64508086503866,6.298869e-06
100.988,0.0,82.64464161201748,8.074814e-06
100.988,0.0,82.64421232465972,9.251613e-06
100.988,0.0,82.64379951413532,6.860006e-06
100.988,0.0,82.64341352321141,7.88235e-06
100.988,0.0,82.64297312344479,9.727199e-06
100.988,0.0,82.64255077796437,8.244999e-06
100.988,0.0,82.64213021639965,6.73061e-06
100.988,0.0,82.64170006911098,8.705392e-06
100.988,0.0,82.64127942627823,9.594922e-06
100.988,0.0,82.64086513719346,7.005874e-06
100.988,0.0,82.64046388963234,7.873678e-06
100.988,0.0,82.6400321490327,9.968906e-06
100.988,0.0,82.63962313269153,8.445713e-06
100.988,0.0,82.63917586626025,7.377297e-06
100.988,0.0,82.63887177491978,8.801479e-06
100.988,0.0,82.63835281618252,9.964031e-06
100.988,0.0,82.63796129727334,7.410548e-06
100.988,0.0,82.63751846102504,8.199466e-06
100.988,0.0,82.6371092409913,1.07216e-05
100.988,0.0,82.63669956581967,8.743853e-06
100.988,0.0,82.63625001657238,6.929899e-06
100.988,0.0,82.63586615280745,8.36188e-06
100.988,0.0,82.63542772873441,9.635463e-06
100.988,0.0,82.63502477136302,7.036244e-06
100.988,0.0,82.63459623373228,8.012605e-06
100.988,0.0,82.63415838609636,1.041593e-05
100.988,0.0,82.63372986694736,8.417526e-06
100.988,0.0,82.63332460248438,7.192197e-06
100.988,0.0,82.63289943292239,8.763542e-06
100.988,0.0,82.63251240848776,1.038586e-05
100.988,0.0,82.63206355786288,7.532042e-06
100.988,0.0,82.63164943009771,7.580806e-06
100.988,0.0,82.63122451684193,1.018126e-05
100.988,0.0,82.63082371487292,9.299503e-06
100.988,0.0,82.63042609320158,7.257069e-06
100.988,0.0,82.62997913011912,8.68745e-06
100.988,0.0,82.6295679771544,1.048025e-05
100.988,0.0,82.62915871273393,9.020092e-06
100.988,0.0,82.6287541249024,7.04336e-06
100.988,0.0,82.62832893564828,9.477299e-06
100.988,0.0,82.62792633976969,9.898024e-06
100.988,0.0,82.62749923760856,7.542141e-06
100.988,0.0,82.62707845504305,7.588504e-06
100.988,0.0,82.62665377457397,9.763884e-06
100.988,0.0,82.62622884935406,9.618991e-06
100.988,0.0,82.62584045481755,7.257433e-06
100.988,0.0,82.62542901843156,8.920295e-06
100.988,0.0,82.62500409970707,1.057598e-05
100.988,0.0,82.62459984239435,8.32112e-06
100.988,0.0,82.62414157094437,7.854804e-06
100.988,0.0,82.62375409212119,9.936222e-06
100.988,0.0,82.62330442723243,9.694253e-06
100.988,0.0,82.62290475512798,7.048642e-06
100.988,0.0,82.6224795909133,7.620896e-06
100.988,0.0,82.62205837513635,1.018403e-05
100.988,0.0,82.62162925840286,8.06828e-06
100.988,0.0,82.62120383800337,7.289753e-06
100.988,0.0,82.62080417430268,9.561976e-06
100.988,0.0,82.62037900296755,9.91211e-06
100.988,0.0,82.61997650083124,7.065566e-06
100.988,0.0,82.61954475256148,6.73515e-06
100.988,0.0,82.6191393667116,8.200543e-06
100.988,0.0,82.61870521378384,6.215967e-06
100.988,0.0,82.61830504247769,6.222763e-06
100.988,0.0,82.61790008594413,8.04619e-06
100.988,0.0,82.61745521698957,8.648669e-06
100.988,0.0,82.61704578616259,6.563016e-06
100.988,0.0,82.6166367601158,6.996386e-06
100.988,0.0,82.61620545285881,8.667717e-06
100.988,0.0,82.61578054812999,7.051931e-06
100.988,0.0,82.61538062749354,5.790847e-06
100.988,0.0,82.6149554681021,7.519018e-06
100.988,0.0,82.61454484447344,6.565519e-06
100.988,0.0,82.6140987444639,5.715861e-06
100.988,0.0,82.61369630896593,6.088449e-06
100.988,0.0,82.6132711408293,7.570794e-06
100.988,0.0,82.61285603290786,6.010552e-06
100.988,0.0,82.61244092345784,6.323098e-06
100.988,0.0,82.61202145503978,9.206386e-06
100.988,0.0,82.61158474344239,9.506592e-06
100.988,0.0,82.61117405986133,7.169379e-06
100.988,0.0,82.6107736545479,8.014686e-06
100.988,0.0,82.61035983158118,9.765819e-06
100.988,0.0,82.60993718934098,7.414696e-06
100.988,0.0,82.60952524655576,7.095165e-06
100.988,0.0,82.60909986353028,9.907584e-06
100.988,0.0,82.60870591702526,1.009005e-05
100.988,0.0,82.60829018659555,7.516384e-06
100.988,0.0,82.60787304179392,7.936105e-06
100.988,0.0,82.6074390277982,9.650146e-06
100.988,0.0,82.60703390051523,8.108313e-06
100.988,0.0,82.60661739477081,7.388197e-06
100.988,0.0,82.60619310286796,1.012496e-05
100.988,0.0,82.60577130698644,1.013887e-05
100.988,0.0,82.6053578695701,7.45678e-06
100.988,0.0,82.60494541829297,7.470284e-06
100.988,0.0,82.60453584017588,9.442476e-06
100.988,0.0,82.60408676215363,8.159201e-06
100.988,0.0,82.60367015639802,7.020455e-06
100.988,0.0,82.60325614073659,9.756666e-06
100.988,0.0,82.60284572397215,9.835479e-06
100.988,0.0,82.6024567266083,7.50777e-06
100.988,0.0,82.60202059522713,7.923867e-06
100.988,0.0,82.60159614429591,1.002694e-05
100.988,0.0,82.60118082635292,7.895578e-06
100.988,0.0,82.60075352047087,7.288429e-06
100.988,0.0,82.60035250309221,9.670766e-06
100.988,0.0,82.59993271731932,8.748757e-06
100.988,0.0,82.5995111085309,6.948583e-06
100.988,0.0,82.59907631182399,8.268049e-06
100.988,0.0,82.59865324454806,9.020514e-06
100.988,0.0,82.59825269070267,6.837945e-06
100.988,0.0,82.59784961928186,6.407325e-06
100.988,0.0,82.59743820600093,8.447387e-06
100.988,0.0,82.59700713165526,7.429015e-06
100.988,0.0,82.59659087074604,6.171002e-06
100.988,0.0,82.59615494853912,7.412396e-06
100.988,0.0,82.59573605899367,7.990631e-06
100.988,0.0,82.59531896455309,5.761482e-06
100.988,0.0,82.59492244288101,6.577815e-06
100.988,0.0,82.59449576021609,7.720111e-06
100.988,0.0,82.59406709070166,5.782844e-06
100.988,0.0,82.59364545394807,5.519614e-06
100.988,0.0,82.593205848162,7.693627e-06
100.988,0.0,82.59281458804338,6.976275e-06
100.988,0.0,82.59238527527499,5.116628e-06
100.988,0.0,82.59198753339714,6.17349e-06
100.988,0.0,82.59154794534265,7.029666e-06
100.988,0.0,82.59113367359647,5.140784e-06
100.988,0.0,82.5907074478239,4.902846e-06
100.988,0.0,82.59028961522021,5.901107e-06
100.988,0.0,82.58988873443792,5.166628e-06
100.988,0.0,82.58961662153847,3.511785e-06
100.988,0.0,82.58945931469694,5.273803e-06
100.988,0.0,82.58886992464214,5.692869e-06
100.988,0.0,82.58844551955973,4.015266e-06
100.988,0.0,82.58802725724537,4.337737e-06
100.988,0.0,82.58763352891572,5.024209e-06
100.988,0.0,82.58722665761078,3.758279e-06
100.988,0.0,82.58679754417724,3.763911e-06
100.988,0.0,82.58637391567342,5.732727e-06
100.988,0.0,82.58598038991931,5.609327e-06
100.988,0.0,82.58554574239027,4.459449e-06
100.988,0.0,82.58514432189216,6.487811e-06
100.988,0.0,82.58471416195012,7.425813e-06
100.988,0.0,82.58430171210179,5.602109e-06
100.988,0.0,82.58387803707244,6.54599e-06
100.988,0.0,82.58342217285264,8.088769e-06
100.988,0.0,82.58302809974074,6.156013e-06
100.988,0.0,82.58262785577114,6.806687e-06
100.988,0.0,82.58219977602411,8.481977e-06
100.988,0.0,82.58177318032968,6.882678e-06
100.988,0.0,82.58135157624969,5.610753e-06
100.988,0.0,82.58094960170288,7.512092e-06
100.988,0.0,82.58051534611775,6.969538e-06
100.988,0.0,82.58012111163161,6.06227e-06
100.988,0.0,82.5796934960522,8.132774e-06
100.988,0.0,82.5792899712526,8.438612e-06
100.988,0.0,82.5788481388518,5.940135e-06
100.988,0.0,82.57844766012613,6.471804e-06
100.988,0.0,82.5780141793531,7.61704e-06
100.988,0.0,82.57760974245173,5.639609e-06
100.988,0.0,82.5771949605286,6.688482e-06
100.988,0.0,82.57678554266063,8.478848e-06
100.988,0.0,82.57633768433755,6.808739e-06
100.988,0.0,82.57593193111042,5.52139e-06
100.988,0.0,82.57548798704764,7.501905e-06
100.988,0.0,82.57510207665256,6.241229e-06
100.988,0.0,82.5746932098191,5.841284e-06
100.988,0.0,82.57425889178849,8.077812e-06
100.988,0.0,82.57382834254246,7.781273e-06
100.988,0.0,82.57340365267486,6.095681e-06
100.988,0.0,82.57299993353485,7.261275e-06
100.988,0.0,82.5725562372177,7.60438e-06
100.988,0.0,82.57213618159888,6.518443e-06
100.988,0.0,82.57174932954817,7.894108e-06
100.988,0.0,82.57132860443039,8.424933e-06
100.988,0.0,82.57089343969942,6.607879e-06
100.988,0.0,82.57048928805527,6.654067e-06
100.988,0.0,82.5700686226603,8.063405e-06
100.988,0.0,82.56967235014976,6.892238e-06
100.988,0.0,82.5692351577764,6.901231e-06
100.988,0.0,82.56881787864559,7.812487e-06
100.988,0.0,82.56841874089547,7.04579e-06
100.988,0.0,82.56799050559266,6.357513e-06
100.988,0.0,82.56757001710373,7.292008e-06
100.988,0.0,82.56715932855164,7.711875e-06
100.988,0.0,82.56674741599913,6.028844e-06
100.988,0.0,82.56632591672654,7.383322e-06
100.988,0.0,82.56590467842814,8.002258e-06
100.988,0.0,82.56547502314973,6.331466e-06
100.988,0.0,82.5650806651104,6.943344e-06
100.988,0.0,82.56465158324131,8.132483e-06
100.988,0.0,82.56423256059742,6.310351e-06
100.988,0.0,82.56379899707137,6.526636e-06
100.988,0.0,82.56337566601172,7.672221e-06
100.988,0.0,82.5629566837647,6.643008e-06
100.988,0.0,82.56255396030525,6.376635e-06
100.988,0.0,82.56211839143337,7.811017e-06
100.988,0.0,82.56173605600058,7.331852e-06
100.988,0.0,82.56129956859488,6.274e-06
100.988,0.0,82.56087888716195,8.184303e-06
100.988,0.0,82.56045098419726,7.078706e-06
100.988,0.0,82.56005005273329,6.775314e-06
100.988,0.0,82.55963178917692,7.869181e-06
100.988,0.0,82.55922231886711,8.264149e-06
100.988,0.0,82.55879825145198,6.326256e-06
100.988,0.0,82.55838225609457,7.237351e-06
100.988,0.0,82.55795348453282,7.299212e-06
100.988,0.0,82.55754669796534,6.097951e-06
100.988,0.0,82.55714055100134,7.093739e-06
100.988,0.0,82.55670731632833,7.6859e-06
100.988,0.0,82.55629397858006,5.392285e-06
100.988,0.0,82.55586595905882,6.156566e-06
100.988,0.0,82.55543849524665,7.197959e-06
100.988,0.0,82.55500535961524,5.327005e-06
100.988,0.0,82.55462022070444,6.399569e-06
100.988,0.0,82.55418765955875,7.768132e-06
100.988,0.0,82.55376144615678,6.369562e-06
100.988,0.0,82.55334794460413,5.771159e-06
100.988,0.0,82.55290978996378,7.075723e-06
100.988,0.0,82.55249133740648,6.090224e-06
100.988,0.0,82.55209488627273,5.546157e-06
100.988,0.0,82.5516687153441,7.246708e-06
100.988,0.0,82.55126577010087,6.90142e-06
100.988,0.0,82.550837012706,5.320675e-06
100.988,0.0,82.55042358459133,6.467701e-06
100.988,0.0,82.54999021610885,7.027076e-06
100.988,0.0,82.54959902099954,5.201786e-06
100.988,0.0,82.54917206517202,6.304836e-06
100.988,0.0,82.54877764373366,7.329974e-06
100.988,0.0,82.54832878823875,5.579277e-06
100.988,0.0,82.54793435579967,4.563059e-06
100.988,0.0,82.5475034229129,6.259943e-06
100.988,0.0,82.54710236326686,4.727946e-06
100.988,0.0,82.54670562509126,4.194168e-06
100.988,0.0,82.5462639635416,5.785128e-06
100.988,0.0,82.54584713718339,4.996269e-06
100.988,0.0,82.54542483302792,3.285386e-06
100.988,0.0,82.54498648884746,4.179557e-06
100.988,0.0,82.54458768093082,3.46273e-06
100.988,0.0,82.54417170780097,2.794724e-06
100.988,0.0,82.54374258786005,4.951551e-06
100.988,0.0,82.54333438066024,5.778667e-06
100.988,0.0,82.54290516802737,4.693677e-06
100.988,0.0,82.54247266843574,5.90671e-06
100.988,0.0,82.54207913402381,6.878836e-06
100.988,0.0,82.54164600019895,5.165057e-06
100.988,0.0,82.54123078605647,6.778035e-06
100.988,0.0,82.54083007813068,6.538525e-06
100.988,0.0,82.5404034627387,4.927031e-06
100.988,0.0,82.53995777671857,5.946626e-06
100.988,0.0,82.53958124094594,7.456416e-06
100.988,0.0,82.53913159471068,5.568538e-06
100.988,0.0,82.53874231169672,6.448478e-06
100.988,0.0,82.53831589001194,7.713097e-06
100.988,0.0,82.53789632150881,6.075905e-06
100.988,0.0,82.53746528382518,5.769863e-06
100.988,0.0,82.5371012553098,7.556082e-06
100.988,0.0,82.53666399449857,6.230199e-06
100.988,0.0,82.53622650106429,5.352776e-06
100.988,0.0,82.53580598125589,7.009425e-06
100.988,0.0,82.53538963298071,6.316128e-06
100.988,0.0,82.534966082399,5.100621e-06
100.988,0.0,82.53454729977858,6.476286e-06
100.988,0.0,82.53413303119923,6.536487e-06
100.988,0.0,82.5336842377077,4.697155e-06
100.988,0.0,82.53329807647927,5.893875e-06
100.988,0.0,82.53285462218199,6.113318e-06
100.988,0.0,82.53242062943418,4.991671e-06
100.988,0.0,82.53201567848531,5.88673e-06
100.988,0.0,82.53161690852906,6.950897e-06
100.988,0.0,82.53119044520655,5.107853e-06
100.988,0.0,82.53079406103546,4.679925e-06
100.988,0.0,82.53035870348518,6.094022e-06
100.988,0.0,82.529922196447,4.628251e-06
100.988,0.0,82.52952211740855,4.188725e-06
100.988,0.0,82.52910920970089,6.002781e-06
100.988,0.0,82.52872363330145,6.103975e-06
100.988,0.0,82.52828558541987,4.435424e-06
100.988,0.0,82.52786429064629,5.198322e-06
100.988,0.0,82.52744734206976,5.369569e-06
100.988,0.0,82.52710855883839,4.106798e-06
100.988,0.0,82.52661170815283,5.48792e-06
100.988,0.0,82.52622123311838,6.45862e-06
100.988,0.0,82.52579154942605,4.861373e-06
100.988,0.0,82.52536739042095,4.559959e-06
100.988,0.0,82.52494243061919,5.797512e-06
100.988,0.0,82.52452126851726,4.512054e-06
100.988,0.0,82.52411407925982,4.577887e-06
100.988,0.0,82.52370988889008,5.524154e-06
100.988,0.0,82.52326597137909,4.046204e-06
100.988,0.0,82.52284318663995,2.897548e-06
100.988,0.0,82.52241671683738,3.968933e-06
100.988,0.0,82.52200280028005,2.899396e-06
100.988,0.0,82.52158680571344,2.355038e-06
100.988,0.0,82.52116970393358,3.220252e-06
100.988,0.0,82.52076165371523,3.051042e-06
100.988,0.0,82.52034024788968,2.307657e-06
100.988,0.0,82.5199215463401,2.911343e-06
100.988,0.0,82.5194932805316,3.192705e-06
100.988,0.0,82.51910243682,2.287023e-06
100.988,0.0,82.5186798385941,3.123117e-06
100.988,0.0,82.51825613183567,3.379071e-06
100.988,0.0,82.51784749736348,2.08689e-06
100.988,0.0,82.51741321595628,1.935288e-06
100.988,0.0,82.51696585188276,2.91405e-06
100.988,0.0,82.51659050494719,2.193978e-06
100.988,0.0,82.51616306464626,2.60277e-06
100.988,0.0,82.51573723748945,3.11817e-06
100.988,0.0,82.5153188849607,2.566754e-06
100.988,0.0,82.51491392299648,2.401881e-06
100.988,0.0,82.51444889230112,3.378664e-06
100.988,0.0,82.51406055661569,2.417102e-06
100.988,0.0,82.51364604611476,2.478191e-06
100.988,0.0,82.51322163808425,3.348774e-06
100.988,0.0,82.51282262438328,3.131834e-06
100.988,0.0,82.51238827134375,2.450761e-06
100.988,0.0,82.51196718978008,4.163609e-06
100.988,0.0,82.51155508340545,5.129885e-06
100.988,0.0,82.51114338622595,3.981913e-06
100.988,0.0,82.51071154293547,5.232519e-06
100.988,0.0,82.51031075524415,6.119633e-06
100.988,0.0,82.50987413064735,4.790374e-06
100.988,0.0,82.5094658180804,6.126997e-06
100.988,0.0,82.50904842459073,8.183168e-06
100.988,0.0,82.50864840812265,6.625545e-06
100.988,0.0,82.5082378895136,6.530085e-06
100.988,0.0,82.50780715188536,7.97963e-06
100.988,0.0,82.50737084441036,7.209383e-06
100.988,0.0,82.5069479136972,6.586284e-06
100.988,0.0,82.50655204025,8.31933e-06
100.988,0.0,82.50613153418041,7.571158e-06
100.988,0.0,82.50572168905775,6.22918e-06
100.988,0.0,82.50531539167888,7.926908e-06
100.988,0.0,82.50487306688323,7.580107e-06
100.988,0.0,82.50447121204796,6.485352e-06
100.988,0.0,82.50403931776603,7.871e-06
100.988,0.0,82.5036332911873,8.39062e-06
100.988,0.0,82.50322635362205,6.87073e-06
100.988,0.0,82.50278975783772,7.428462e-06
100.988,0.0,82.50236987911305,7.454175e-06
100.988,0.0,82.50195402534406,5.993308e-06
100.988,0.0,82.50151784849724,7.449489e-06
100.988,0.0,82.50113275808526,8.173214e-06
100.988,0.0,82.5007068972272,6.99544e-06
100.988,0.0,82.50026928166953,7.160808e-06
100.988,0.0,82.49986309357746,8.24008e-06
100.988,0.0,82.49942253144474,6.702408e-06
100.988,0.0,82.49902348013075,7.666531e-06
100.988,0.0,82.49859086572584,8.520452e-06
100.988,0.0,82.4982144579976,6.381859e-06
100.988,0.0,82.4977727929626,6.544622e-06
100.988,0.0,82.49735501392995,7.843206e-06
100.988,0.0,82.49692525569978,6.647635e-06
100.988,0.0,82.4965248293393,7.105496e-06
100.988,0.0,82.49609198472099,8.536517e-06
100.988,0.0,82.49569663413506,7.293478e-06
100.988,0.0,82.49525431985626,6.20028e-06
100.988,0.0,82.49483710104379,6.878807e-06
100.988,0.0,82.49440028028336,4.367233e-06
100.988,0.0,82.49401140789047,2.810819e-06
100.988,0.0,82.49357662536384,1.935347e-06
100.988,0.0,82.49318113277673,1.411929e-06
110.488,0.0,83.459453125,2.615848e-05
110.488,0.0,83.459453125,6.265327e-07
110.488,0.0,83.45940077864745,1.521796e-06
110.488,0.0,83.459253392763,2.302404e-06
110.488,0.0,83.45907154939383,2.930363e-06
110.488,0.0,83.45884407217744,3.417197e-06
110.488,0.0,83.45857771771556,3.532172e-06
110.488,0.0,83.45828198931846,3.322901e-06
110.488,0.0,83.45793062738059,3.007954e-06
110.488,0.0,83.45755925762874,1.071618e-06
110.488,0.0,83.45712006689752,7.497729e-07
110.488,0.0,83.4566896768514,1.021166e-06
110.488,0.0,83.4562656840722,1.088745e-06
110.488,0.0,83.45588363292063,9.464129e-07
110.488,0.0,83.45546383665443,1.004228e-06
110.488,0.0,83.45501857767925,1.104432e-06
110.488,0.0,83.45460072766073,1.279739e-06
110.488,0.0,83.45415560262268,1.362205e-06
110.488,0.0,83.45376714116745,1.044536e-06
110.488,0.0,83.45335335354585,9.361975e-07
110.488,0.0,83.45293528484332,1.164415e-06
110.488,0.0,83.45250821258824,1.358829e-06
110.488,0.0,83.45209247971825,1.202192e-06
110.488,0.0,83.45166084031129,1.159424e-06
110.488,0.0,83.45125671885482,1.175882e-06
110.488,0.0,83.45085666179888,1.363092e-06
110.488,0.0,83.45042586551433,1.082095e-06
110.488,0.0,83.4499986903208,1.023465e-06
110.488,0.0,83.44958613118838,1.002321e-06
110.488,0.0,83.44916674436386,1.308741e-06
110.488,0.0,83.44877464841345,1.431763e-06
110.488,0.0,83.44834902780143,1.193854e-06
110.488,0.0,83.44795461881728,1.067645e-06
110.488,0.0,83.4475146252992,1.115637e-06
110.488,0.0,83.44709678927704,1.3151e-06
110.488,0.0,83.44667058384393,1.306544e-06
110.488,0.0,83.44627710393463,1.031862e-06
110.488,0.0,83.44584858146071,9.976357e-07
110.488,0.0,83.44545635695323,1.708089e-06
110.488,0.0,83.44501669282474,2.593864e-06
110.488,0.0,83.44459311075703,3.125388e-06
110.488,0.0,83.44416573758765,3.793699e-06
110.488,0.0,83.44376430395347,4.779286e-06
110.488,0.0,83.44332808763377,5.72337e-06
110.488,0.0,83.44292980139163,4.719128e-06
110.488,0.0,83.44249818796352,4.557922e-06
110.488,0.0,83.4420711439049,5.134192e-06
110.488,0.0,83.44164667474445,5.674403e-06
110.488,0.0,83.44123069902793,5.762951e-06
110.488,0.0,83.44082946526969,4.882371e-06
110.488,0.0,83.44039752772538,5.493494e-06
110.488,0.0,83.4399938253975,5.391805e-06
110.488,0.0,83.4395721213253,5.662077e-06
110.488,0.0,83.4391698705164,5.148788e-06
110.488,0.0,83.43873453770071,5.504364e-06
110.488,0.0,83.43832357798944,6.236631e-06
110.488,0.0,83.43792124653041,5.781374e-06
110.488,0.0,83.43747967779343,5.627473e-06
110.488,0.0,83.43706144865169,4.832691e-06
110.488,0.0,83.43663239688249,5.811307e-06
110.488,0.0,83.43621132350495,6.272749e-06
110.488,0.0,83.43583486011867,5.663227e-06
110.488,0.0,83.43541742494467,5.761613e-06
110.488,0.0,83.43499831436296,5.306822e-06
110.488,0.0,83.43456296718013,6.321148e-06
110.488,0.0,83.43413617301789,5.993221e-06
110.488,0.0,83.43371130048033,5.857306e-06
110.488,0.0,83.43329872908909,5.338195e-06
110.488,0.0,83.43288415979004,5.773632e-06
110.488,0.0,83.43246707496624,6.473652e-06
110.488,0.0,83.43204874869997,5.482449e-06
110.488,0.0,83.4316114722305,5.536043e-06
110.488,0.0,83.4311667525283,4.899193e-06
110.488,0.0,83.43077265444431,5.697031e-06
110.488,0.0,83.43037103183391,6.057191e-06
110.488,0.0,83.4299542862276,4.975329e-06
110.488,0.0,83.42954169240176,4.959802e-06
110.488,0.0,83.42912541141617,4.090034e-06
110.488,0.0,83.42868308074564,4.675516e-06
110.488,0.0,83.4282899914414,4.155139e-06
110.488,0.0,83.42785617621846,3.004316e-06
110.488,0.0,83.42745560338669,4.368587e-06
110.488,0.0,83.42704590183159,4.906295e-06
110.488,0.0,83.42662193439382,5.717957e-06
110.488,0.0,83.42620920019618,5.637688e-06
110.488,0.0,83.42578395597725,5.06932e-06
110.488,0.0,83.42536034715896,5.287671e-06
110.488,0.0,83.4249650887156,5.288282e-06
110.488,0.0,83.4245255869974,6.381611e-06
110.488,0.0,83.42410693105842,5.893657e-06
110.488,0.0,83.42367774769146,5.782698e-06
110.488,0.0,83.42328991473717,5.788737e-06
110.488,0.0,83.42286144363229,5.713693e-06
110.488,0.0,83.42244638979757,6.685761e-06
110.488,0.0,83.42202890600782,5.724156e-06
110.488,0.0,83.42158788472128,6.001967e-06
110.488,0.0,83.42116602814833,6.093062e-06
110.488,0.0,83.42075507335615,5.32424e-06
110.488,0.0,83.42033892183126,6.283022e-06
110.488,0.0,83.41990546503656,5.443464e-06
110.488,0.0,83.41952467414146,6.099144e-06
110.488,0.0,83.41908610427525,6.787363e-06
110.488,0.0,83.41867602864522,6.288654e-06
110.488,0.0,83.41824628920331,6.808375e-06
110.488,0.0,83.4178505474348,5.724432e-06
110.488,0.0,83.41741762966396,6.269707e-06
110.488,0.0,83.41701429987305,6.8355e-06
110.488,0.0,83.41658925282259,6.026108e-06
110.488,0.0,83.4161643811202,6.57879e-06
110.488,0.0,83.4157379463365,5.465394e-06
110.488,0.0,83.4153308618755,6.354181e-06
110.488,0.0,83.41490835152334,6.945891e-06
110.488,0.0,83.4144983425732,6.250266e-06
110.488,0.0,83.41406960059861,6.739399e-06
110.488,0.0,83.4136306752591,5.603433e-06
110.488,0.0,83.41321047984785,6.457631e-06
110.488,0.0,83.41280496051684,7.038616e-06
110.488,0.0,83.41240862574217,6.130082e-06
110.488,0.0,83.41198295962498,6.298957e-06
110.488,0.0,83.41156020718336,5.139635e-06
110.488,0.0,83.4111447596976,6.074624e-06
110.488,0.0,83.41071378450994,7.162234e-06
110.488,0.0,83.41032278790964,5.907772e-06
110.488,0.0,83.40989419988512,5.922528e-06
110.488,0.0,83.40944655855144,4.644331e-06
110.488,0.0,83.40905836934763,4.965652e-06
110.488,0.0,83.40862675221759,5.859343e-06
110.488,0.0,83.4082135971151,4.519461e-06
110.488,0.0,83.40781568106968,4.776666e-06
110.488,0.0,83.40740670509778,4.73058e-06
110.488,0.0,83.40697630325073,5.43987e-06
110.488,0.0,83.40655482368723,5.966824e-06
110.488,0.0,83.40614087857811,4.249683e-06
110.488,0.0,83.40570542726816,4.193033e-06
110.488,0.0,83.40530749704395,4.927002e-06
110.488,0.0,83.40488972298911,5.22277e-06
110.488,0.0,83.40448932485772,5.789334e-06
110.488,0.0,83.40405241433294,4.379297e-06
110.488,0.0,83.40363566869095,3.903449e-06
110.488,0.0,83.40320877491081,3.771667e-06
110.488,0.0,83.40278271438231,3.789581e-06
110.488,0.0,83.40238879316483,4.37774e-06
110.488,0.0,83.40195617810224,3.515233e-06
110.488,0.0,83.40154912131538,3.185967e-06
110.488,0.0,83.40110842093529,4.011075e-06
110.488,0.0,83.4007018144259,3.688809e-06
110.488,0.0,83.4002878499294,3.932044e-06
110.488,0.0,83.39987692905133,3.772118e-06
110.488,0.0,83.3994524007812,3.353067e-06
110.488,0.0,83.39904038066048,3.9679e-06
110.488,0.0,83.39861447583993,3.644062e-06
110.488,0.0,83.39817988389967,3.600624e-06
110.488,0.0,83.39775423154265,3.449139e-06
110.488,0.0,83.3973498723522,2.849963e-06
110.488,0.0,83.39692532522677,3.497436e-06
110.488,0.0,83.39651269883493,4.162051e-06
110.488,0.0,83.39610312101966,4.712681e-06
110.488,0.0,83.39568710198685,4.847141e-06
110.488,0.0,83.39526476436788,4.468064e-06
110.488,0.0,83.39482833074597,5.676193e-06
110.488,0.0,83.3944390045058,6.000511e-06
110.488,0.0,83.39398821303375,4.908346e-06
110.488,0.0,83.3935717990208,4.693502e-06
110.488,0.0,83.39316458076443,4.131973e-06
110.488,0.0,83.39275395506247,5.134207e-06
110.488,0.0,83.39232703291388,5.788141e-06
110.488,0.0,83.39190509172967,5.02351e-06
110.488,0.0,83.39150064016232,5.528898e-06
110.488,0.0,83.39106893398657,4.980771e-06
110.488,0.0,83.39064761326627,5.714508e-06
110.488,0.0,83.39023602783615,6.509377e-06
110.488,0.0,83.38984455262164,5.60857e-06
110.488,0.0,83.38940749145942,5.313457e-06
110.488,0.0,83.38899929694082,4.409623e-06
110.488,0.0,83.38857602771003,4.963775e-06
110.488,0.0,83.38817037097992,6.125716e-06
110.488,0.0,83.38773851806731,5.235474e-06
110.488,0.0,83.3873382763586,4.421119e-06
110.488,0.0,83.38690606926673,3.776149e-06
110.488,0.0,83.3864972866744,4.056274e-06
110.488,0.0,83.38608546156239,5.204667e-06
110.488,0.0,83.38566834242879,4.566929e-06
110.488,0.0,83.38523361588116,4.254733e-06
110.488,0.0,83.38483783733054,3.971989e-06
110.488,0.0,83.38440278838475,3.374065e-06
110.488,0.0,83.38400124430841,4.874397e-06
110.488,0.0,83.38356012876754,4.661197e-06
110.488,0.0,83.38315463074059,3.615642e-06
110.488,0.0,83.38272225320829,3.554247e-06
110.488,0.0,83.38231927350648,3.855821e-06
110.488,0.0,83.38188381076924,4.891277e-06
110.488,0.0,83.3814791237178,4.493239e-06
110.488,0.0,83.3810652603798,3.643479e-06
110.488,0.0,83.38064129699812,3.84936e-06
110.488,0.0,83.38019628722847,4.250687e-06
110.488,0.0,83.3798119019974,5.22568e-06
110.488,0.0,83.37939227609836,4.660862e-06
110.488,0.0,83.37897274258717,4.040121e-06
110.488,0.0,83.37856106453668,4.377231e-06
110.488,0.0,83.37814339267092,4.593967e-06
110.488,0.0,83.37770428850526,5.210473e-06
110.488,0.0,83.37730582243306,5.134541e-06
110.488,0.0,83.37689958083178,4.289468e-06
110.488,0.0,83.37646757486318,4.509726e-06
110.488,0.0,83.37605620206872,4.523798e-06
110.488,0.0,83.37563287012225,4.735353e-06
110.488,0.0,83.37520276703145,4.924965e-06
110.488,0.0,83.37476803736853,3.979978e-06
110.488,0.0,83.37435415831818,4.683854e-06
110.488,0.0,83.37393913781762,4.752903e-06
110.488,0.0,83.37354160552412,4.293935e-06
110.488,0.0,83.37310870853483,4.56367e-06
110.488,0.0,83.37267514069592,4.202957e-06
110.488,0.0,83.37226514678599,5.417969e-06
110.488,0.0,83.37185533630725,6.16441e-06
110.488,0.0,83.37144680292859,5.437847e-06
110.488,0.0,83.37100999356886,4.870933e-06
110.488,0.0,83.37059501600149,4.483882e-06
110.488,0.0,83.37016069756034,5.613518e-06
110.488,0.0,83.36976983341836,5.859503e-06
110.488,0.0,83.36936212072843,5.24761e-06
110.488,0.0,83.36896755284815,5.359805e-06
110.488,0.0,83.36850419341064,4.506466e-06
110.488,0.0,83.36811111739999,5.282694e-06
110.488,0.0,83.36769683863271,5.868933e-06
110.488,0.0,83.3672575388182,5.143957e-06
110.488,0.0,83.36684131781735,5.253736e-06
110.488,0.0,83.36645839232389,4.195172e-06
110.488,0.0,83.36603655890428,5.235575e-06
110.488,0.0,83.36560910347289,6.291753e-06
110.488,0.0,83.36517166847877,5.315334e-06
110.488,0.0,83.36475152705763,5.02434e-06
110.488,0.0,83.36434118167256,4.174057e-06
110.488,0.0,83.36391767425934,4.907255e-06
110.488,0.0,83.36351365070188,4.929621e-06
110.488,0.0,83.36310330652039,3.860478e-06
110.488,0.0,83.3626507731882,3.574576e-06
110.488,0.0,83.36221656221916,3.1526e-06
110.488,0.0,83.36181233999949,4.236907e-06
110.488,0.0,83.36141866544598,4.40859e-06
110.488,0.0,83.3610086062387,3.159075e-06
110.488,0.0,83.36057085205039,3.184032e-06
110.488,0.0,83.36016185429915,2.916e-06
110.488,0.0,83.3597378775514,3.866036e-06
110.488,0.0,83.35934142560139,4.721383e-06
110.488,0.0,83.35892594677655,3.351699e-06
110.488,0.0,83.3585055048844,3.439345e-06
110.488,0.0,83.35806448474851,3.442445e-06
110.488,0.0,83.35768126790764,4.043482e-06
110.488,0.0,83.35741227614105,4.576286e-06
110.488,0.0,83.35683387087374,3.278707e-06
110.488,0.0,83.35640305041598,3.724097e-06
110.488,0.0,83.35598033768363,3.566078e-06
110.488,0.0,83.35554872521851,3.084759e-06
110.488,0.0,83.35512415957544,3.621695e-06
110.488,0.0,83.3547088089445,3.228211e-06
110.488,0.0,83.354283306237,3.448382e-06
110.488,0.0,83.35385863700037,3.568799e-06
110.488,0.0,83.35345796074121,3.410081e-06
110.488,0.0,83.35302622232831,3.607347e-06
110.488,0.0,83.35260861733364,2.932531e-06
110.488,0.0,83.3521853869572,3.297173e-06
110.488,0.0,83.35178320070759,3.604713e-06
110.488,0.0,83.3513579313001,3.185516e-06
110.488,0.0,83.350957306505,2.965462e-06
110.488,0.0,83.35053260131407,2.174682e-06
110.488,0.0,83.35009369258506,2.147033e-06
110.488,0.0,83.34968279043078,1.909284e-06
110.488,0.0,83.34926868836494,2.067027e-06
110.488,0.0,83.3488756663406,1.76394e-06
110.488,0.0,83.34844882152576,1.50234e-06
110.488,0.0,83.34801501242032,1.933775e-06
110.488,0.0,83.34761517491246,2.310102e-06
110.488,0.0,83.34718806417699,2.247354e-06
110.488,0.0,83.3467926705791,2.335277e-06
110.488,0.0,83.34637245392332,2.038651e-06
110.488,0.0,83.345974721548,2.962523e-06
110.488,0.0,83.34553796631243,3.507652e-06
110.488,0.0,83.34512303392418,3.207999e-06
110.488,0.0,83.34468436996349,3.661655e-06
110.488,0.0,83.34426889244665,3.160487e-06
110.488,0.0,83.34383809347126,3.971247e-06
110.488,0.0,83.3434564616224,4.884831e-06
110.488,0.0,83.34299825444478,3.808818e-06
110.488,0.0,83.34260076090705,3.349749e-06
110.488,0.0,83.3421675548556,2.564979e-06
110.488,0.0,83.34175508754802,3.123743e-06
110.488,0.0,83.34134028717511,4.589223e-06
110.488,0.0,83.34093833374864,3.420675e-06
110.488,0.0,83.34049089558285,3.160269e-06
110.488,0.0,83.34007822310608,2.954868e-06
110.488,0.0,83.33966548122055,3.615263e-06
110.488,0.0,83.3392407733257,4.713263e-06
110.488,0.0,83.33881574410657,3.507012e-06
110.488,0.0,83.33841602094029,3.241948e-06
110.488,0.0,83.33801018441447,2.726432e-06
110.488,0.0,83.33757813490718,3.423032e-06
110.488,0.0,83.33716622242034,4.891495e-06
110.488,0.0,83.33673187540666,3.888694e-06
110.488,0.0,83.33633118877353,3.390393e-06
110.488,0.0,83.33592533523877,3.343215e-06
110.488,0.0,83.33549505423909,3.681474e-06
110.488,0.0,83.3350719752283,4.683869e-06
110.488,0.0,83.33463418065901,3.86496e-06
110.488,0.0,83.3342400759434,3.396912e-06
110.488,0.0,83.33382301676006,3.145658e-06
110.488,0.0,83.33339754612865,3.210283e-06
110.488,0.0,83.33296285293842,4.182977e-06
110.488,0.0,83.33253885867256,3.418172e-06
110.488,0.0,83.33212682362068,2.978559e-06
110.488,0.0,83.33171233655389,3.127992e-06
110.488,0.0,83.3312930166035,3.060341e-06
110.488,0.0,83.33088708255244,3.698326e-06
110.488,0.0,83.33048432978627,3.534878e-06
110.488,0.0,83.33004226190572,2.85446e-06
110.488,0.0,83.32964255751753,3.303969e-06
110.488,0.0,83.329204408279,3.417852e-06
110.488,0.0,83.32881045678916,3.499546e-06
110.488,0.0,83.32838160767737,3.103996e-06
110.488,0.0,83.3279720863014,2.398971e-06
110.488,0.0,83.3275566991009,2.766436e-06
110.488,0.0,83.3271301916351,2.417582e-06
110.488,0.0,83.32672391355607,2.289569e-06
110.488,0.0,83.32629324406301,2.310844e-06
110.488,0.0,83.32588246633071,1.877983e-06
110.488,0.0,83.32546362327597,2.864559e-06
110.488,0.0,83.3250404206608,2.642002e-06
110.488,0.0,83.32462271997377,2.485176e-06
110.488,0.0,83.3241909936819,2.729081e-06
110.488,0.0,83.3237716154406,2.169574e-06
110.488,0.0,83.32337406478868,2.786343e-06
110.488,0.0,83.32293997417808,3.015448e-06
110.488,0.0,83.3225398743172,2.612476e-06
110.488,0.0,83.32209810537431,2.527915e-06
110.488,0.0,83.32167512015931,1.687105e-06
110.488,0.0,83.32126753874097,2.187793e-06
110.488,0.0,83.32084256830808,2.802e-06
110.488,0.0,83.32045823525483,2.271205e-06
110.488,0.0,83.3200208304182,2.470697e-06
110.488,0.0,83.3196095808065,2.277593e-06
110.488,0.0,83.31918604045404,2.688685e-06
110.488,0.0,83.31877601753122,3.391484e-06
110.488,0.0,83.3183476632575,2.836285e-06
110.488,0.0,83.31792279107061,2.489527e-06
110.488,0.0,83.31751652064646,1.996334e-06
110.488,0.0,83.31709761833932,2.178858e-06
110.488,0.0,83.31667526808627,3.470908e-06
110.488,0.0,83.31627263732743,3.141628e-06
110.488,0.0,83.31583596921138,2.539513e-06
110.488,0.0,83.31544682287581,2.17522e-06
110.488,0.0,83.31501616574704,1.806446e-06
110.488,0.0,83.31458415247509,2.839472e-06
110.488,0.0,83.31416553261288,3.032634e-06
110.488,0.0,83.3137408047202,2.313522e-06
110.488,0.0,83.31331650976631,2.328845e-06
110.488,0.0,83.31289188481686,2.117347e-06
110.488,0.0,83.31248833721754,3.460518e-06
110.488,0.0,83.3120567607633,3.703462e-06
110.488,0.0,83.31163176907141,2.375178e-06
110.488,0.0,83.31122449318754,2.41393e-06
110.488,0.0,83.31082450390926,2.280489e-06
110.488,0.0,83.31039935814482,2.615678e-06
110.488,0.0,83.30999520059106,3.16088e-06
110.488,0.0,83.30956428008776,2.337765e-06
110.488,0.0,83.30913072754731,2.288885e-06
110.488,0.0,83.30872366140821,2.543544e-06
110.488,0.0,83.30832330059124,2.504908e-06
110.488,0.0,83.30792277042265,3.096866e-06
110.488,0.0,83.30748943020896,3.065157e-06
110.488,0.0,83.3070763573135,2.680797e-06
110.488,0.0,83.30664441098864,3.080029e-06
110.488,0.0,83.30623866965774,3.078967e-06
110.488,0.0,83.30581643515553,3.265857e-06
110.488,0.0,83.30541626801647,3.524445e-06
110.488,0.0,83.30499104316284,2.936897e-06
110.488,0.0,83.30455562842901,3.363632e-06
110.488,0.0,83.30414019841965,3.725014e-06
110.488,0.0,83.30369934266373,3.281733e-06
110.488,0.0,83.30330700964397,3.330497e-06
110.488,0.0,83.302906352828,2.732661e-06
110.488,0.0,83.30244885998741,2.800356e-06
110.488,0.0,83.30204379531591,3.161578e-06
110.488,0.0,83.30163737844005,2.772154e-06
110.488,0.0,83.3012223715643,2.925561e-06
110.488,0.0,83.30080112382203,2.436573e-06
110.488,0.0,83.30039243217239,2.515604e-06
110.488,0.0,83.29997078041528,3.367852e-06
110.488,0.0,83.2995477515507,3.138703e-06
110.488,0.0,83.29912546872781,2.88774e-06
110.488,0.0,83.29869645257965,2.840359e-06
110.488,0.0,83.2983052404755,2.35175e-06
110.488,0.0,83.29787565668164,3.510679e-06
110.488,0.0,83.29747047555676,3.972484e-06
110.488,0.0,83.29705894797755,3.064604e-06
110.488,0.0,83.29663016324663,2.654851e-06
110.488,0.0,83.29618851810015,2.090004e-06
110.488,0.0,83.29578843267025,3.064109e-06
110.488,0.0,83.29537167347246,4.330723e-06
110.488,0.0,83.29494383917955,3.44828e-06
110.488,0.0,83.29452598030856,2.957444e-06
110.488,0.0,83.29410944738649,3.006528e-06
110.488,0.0,83.29367081351549,3.101959e-06
110.488,0.0,83.2932671102378,4.429428e-06
110.488,0.0,83.29283992614307,4.257221e-06
110.488,0.0,83.29245447682223,3.342546e-06
110.488,0.0,83.29200388079269,3.08016e-06
110.488,0.0,83.29159445027229,2.555476e-06
110.488,0.0,83.29118274989588,3.777692e-06
110.488,0.0,83.2907614637882,4.152913e-06
110.488,0.0,83.29034368365852,3.572641e-06
110.488,0.0,83.2899416552041,2.883113e-06
110.488,0.0,83.28952795884227,2.509871e-06
110.488,0.0,83.28909457821403,2.709465e-06
110.488,0.0,83.28865903601663,3.882495e-06
110.488,0.0,83.288268751646,3.689725e-06
110.488,0.0,83.28785240732508,2.429297e-06
110.488,0.0,83.28744649593092,2.595654e-06
110.488,0.0,83.28701467693763,2.850575e-06
110.488,0.0,83.28659527084275,3.956011e-06
110.488,0.0,83.28615590511178,5.126814e-06
110.488,0.0,83.28574756190518,3.576293e-06
110.488,0.0,83.28535928578688,2.652872e-06
110.488,0.0,83.28493400703776,3.452602e-06
110.488,0.0,83.28450655642379,3.82014e-06
110.488,0.0,83.28407955477589,3.548659e-06
110.488,0.0,83.28367487145903,4.089059e-06
110.488,0.0,83.28323457236897,2.948276e-06
110.488,0.0,83.28282338813918,2.94311e-06
110.488,0.0,83.28241054892842,3.038032e-06
110.488,0.0,83.28200668715066,3.983587e-06
110.488,0.0,83.28155274206902,5.029229e-06
110.488,0.0,83.28114369866267,4.969581e-06
110.488,0.0,83.28073763130408,4.044079e-06
110.488,0.0,83.28030908830758,5.200127e-06
110.488,0.0,83.27990531050814,5.666763e-06
110.488,0.0,83.27948053598526,5.014823e-06
110.488,0.0,83.27906566040713,5.396359e-06
110.488,0.0,83.27865308908481,4.89653e-06
110.488,0.0,83.27822525450036,4.696078e-06
110.488,0.0,83.27780877156815,5.610913e-06
110.488,0.0,83.27739837805227,5.39847e-06
110.488,0.0,83.27699411317292,4.779504e-06
110.488,0.0,83.27654827066246,4.905305e-06
110.488,0.0,83.27612333283464,3.909066e-06
110.488,0.0,83.2757217277598,4.85417e-06
110.488,0.0,83.27530937078681,5.848415e-06
110.488,0.0,83.27487357486704,5.302674e-06
110.488,0.0,83.27447159803891,4.95289e-06
110.488,0.0,83.27403946810769,4.983085e-06
110.488,0.0,83.2737897330379,4.466405e-06
110.488,0.0,83.27318642528986,6.127317e-06
110.488,0.0,83.27278491851223,6.519753e-06
110.488,0.0,83.2723602299859,5.472059e-06
110.488,0.0,83.27195949828659,5.253605e-06
110.488,0.0,83.2715164830506,4.823727e-06
110.488,0.0,83.27112322427958,5.022172e-06
110.488,0.0,83.27069870852232,6.368457e-06
110.488,0.0,83.27027070929647,6.077025e-06
110.488,0.0,83.2698710955471,4.944653e-06
110.488,0.0,83.2694782251017,5.256137e-06
110.488,0.0,83.26903060824445,4.680041e-06
110.488,0.0,83.26866009890888,4.970949e-06
110.488,0.0,83.26819369067319,6.127491e-06
110.488,0.0,83.26778473491795,5.369511e-06
110.488,0.0,83.26737864600052,5.064867e-06
110.488,0.0,83.26695490125874,5.590773e-06
110.488,0.0,83.26655667369542,5.019814e-06
110.488,0.0,83.26612079887856,5.917958e-06
110.488,0.0,83.26571729648273,6.752365e-06
110.488,0.0,83.26529836653555,5.501948e-06
110.488,0.0,83.26488363732923,5.330119e-06
110.488,0.0,83.2644510145426,5.991635e-06
110.488,0.0,83.26402376755078,5.948226e-06
110.488,0.0,83.26361846157829,6.12541e-06
110.488,0.0,83.26319192498958,6.423084e-06
110.488,0.0,83.26276885005534,5.236623e-06
110.488,0.0,83.26235899769391,5.359369e-06
110.488,0.0,83.26194347500812,6.035974e-06
110.488,0.0,83.26153225208989,5.711481e-06
110.488,0.0,83.26110349581242,5.774476e-06
110.488,0.0,83.26069806287042,6.034112e-06
110.488,0.0,83.26025073028461,5.059177e-06
110.488,0.0,83.25984738773273,5.006092e-06
110.488,0.0,83.25944219705339,5.653594e-06
110.488,0.0,83.25901365776772,5.307913e-06
110.488,0.0,83.25859483100595,5.404872e-06
110.488,0.0,83.2581619228826,5.984461e-06
110.488,0.0,83.25775104765657,4.714486e-06
110.488,0.0,83.25732994123499,5.077673e-06
110.488,0.0,83.25692515567904,5.738548e-06
110.488,0.0,83.25650007537527,5.663664e-06
110.488,0.0,83.2560866651363,5.110327e-06
110.488,0.0,83.25567579510452,5.982845e-06
110.488,0.0,83.25521999172057,5.00615e-06
110.488,0.0,83.25480801775558,5.321257e-06
110.488,0.0,83.25440195007135,6.424234e-06
110.488,0.0,83.25400144100729,6.728253e-06
110.488,0.0,83.25357665956177,5.903654e-06
110.488,0.0,83.25314193248566,5.771275e-06
110.488,0.0,83.25271815139537,5.821785e-06
110.488,0.0,83.2523013470293,6.233022e-06
110.488,0.0,83.25189381927191,6.944101e-06
110.488,0.0,83.25147348759057,7.132432e-06
110.488,0.0,83.25105636398736,6.560411e-06
110.488,0.0,83.25063122778417,6.698043e-06
110.488,0.0,83.25019263778951,5.376016e-06
110.488,0.0,83.24979902290777,5.726601e-06
110.488,0.0,83.24938142819576,7.143346e-06
110.488,0.0,83.24898852272729,6.845905e-06
110.488,0.0,83.24857004798405,6.047791e-06
110.488,0.0,83.24814770400654,6.543967e-06
110.488,0.0,83.24774006882265,5.564885e-06
110.488,0.0,83.24730744450362,5.760303e-06
110.488,0.0,83.24688198095106,7.168564e-06
110.488,0.0,83.24647206868312,7.238254e-06
110.488,0.0,83.24607456596402,6.369228e-06
110.488,0.0,83.24563618422596,6.424394e-06
110.488,0.0,83.24520235069018,5.749534e-06
110.488,0.0,83.24480774280481,5.439535e-06
110.488,0.0,83.24436155365056,6.895643e-06
110.488,0.0,83.24397893943161,7.051669e-06
110.488,0.0,83.24352973280727,6.314935e-06
110.488,0.0,83.24313000765933,6.029833e-06
110.488,0.0,83.24270990084628,6.583825e-06
110.488,0.0,83.24229029581475,5.409864e-06
110.488,0.0,83.24187635359088,6.351314e-06
110.488,0.0,83.24145863276466,7.255396e-06
110.488,0.0,83.24103328622776,6.584611e-06
110.488,0.0,83.24060191367974,5.570997e-06
110.488,0.0,83.24019286469617,6.466304e-06
110.488,0.0,83.23977406184677,5.723952e-06
110.488,0.0,83.2393755728115,5.777823e-06
110.488,0.0,83.23895892254525,6.840302e-06
110.488,0.0,83.23853929228504,6.300092e-06
110.488,0.0,83.23812519489272,5.085458e-06
110.488,0.0,83.23770792180147,5.676106e-06
110.488,0.0,83.23728133114298,5.501061e-06
110.488,0.0,83.23688189758758,4.979287e-06
110.488,0.0,83.23643988875027,6.147631e-06
110.488,0.0,83.23603297320638,6.120245e-06
110.488,0.0,83.23561048719931,4.860776e-06
110.488,0.0,83.23518705091904,5.401453e-06
110.488,0.0,83.23475638881088,6.097631e-06
110.488,0.0,83.23435703172264,5.761991e-06
110.488,0.0,83.23392610677755,5.951049e-06
110.488,0.0,83.23350015965093,6.575399e-06
110.488,0.0,83.23308994144764,5.264039e-06
110.488,0.0,83.23265782465293,5.192647e-06
110.488,0.0,83.23222862340548,6.638787e-06
110.488,0.0,83.23182832192785,6.714865e-06
110.488,0.0,83.23143809433529,5.937196e-06
110.488,0.0,83.23099370817982,6.712144e-06
110.488,0.0,83.23058473156657,6.043818e-06
110.488,0.0,83.23016480835904,4.963891e-06
110.488,0.0,83.22975875700162,6.080169e-06
110.488,0.0,83.22934471575121,6.951101e-06
110.488,0.0,83.22892129255305,6.509406e-06
110.488,0.0,83.22849439608618,5.913185e-06
110.488,0.0,83.22808564908557,6.492366e-06
110.488,0.0,83.2276684812949,5.470167e-06
110.488,0.0,83.22723154264061,5.127935e-06
110.488,0.0,83.22683232866046,6.340502e-06
110.488,0.0,83.22643320352505,6.892165e-06
110.488,0.0,83.22600649632375,6.369024e-06
110.488,0.0,83.22557586419522,6.325397e-06
110.488,0.0,83.2251474483006,6.266171e-06
110.488,0.0,83.22476132418328,5.077192e-06
110.488,0.0,83.22434266898964,5.915281e-06
110.488,0.0,83.22391198201034,6.849077e-06
110.488,0.0,83.22348899643707,7.006893e-06
110.488,0.0,83.22307267431242,6.070259e-06
110.488,0.0,83.2226349666043,6.470131e-06
110.488,0.0,83.22221429219701,5.962895e-06
110.488,0.0,83.22181546735285,5.332156e-06
110.488,0.0,83.22143233316017,6.754068e-06
110.488,0.0,83.22099655968904,7.32184e-06
110.488,0.0,83.22056450339058,6.9901e-06
110.488,0.0,83.2201378136295,6.14571e-06
110.488,0.0,83.21973002872272,6.748407e-06
110.488,0.0,83.21927988494048,5.736729e-06
110.488,0.0,83.21887975299339,5.559908e-06
110.488,0.0,83.21845481763565,7.126451e-06
110.488,0.0,83.21803776880655,7.729221e-06
110.488,0.0,83.21763635400758,6.910093e-06
110.488,0.0,83.21720496803728,5.712383e-06
110.488,0.0,83.21677982035885,5.260517e-06
110.488,0.0,83.21638003504506,4.350528e-06
110.488,0.0,83.21598310780338,4.524773e-06
110.488,0.0,83.21554820285891,4.727073e-06
110.488,0.0,83.21511708600156,5.007416e-06
110.488,0.0,83.21471810960445,4.820962e-06
110.488,0.0,83.21427747192371,5.266003e-06
110.488,0.0,83.21386408353374,4.87591e-06
110.488,0.0,83.2134526547303,5.079404e-06
110.488,0.0,83.21302681902075,6.191651e-06
110.488,0.0,83.21259773474529,6.38928e-06
110.488,0.0,83.2122034778142,5.515249e-06
110.488,0.0,83.21176173003107,5.61343e-06
110.488,0.0,83.21134863592614,6.271657e-06
110.488,0.0,83.21094100192215,5.293972e-06
110.488,0.0,83.2105095597612,5.515729e-06
110.488,0.0,83.21009256786142,6.95046e-06
110.488,0.0,83.20968153921805,7.137598e-06
110.488,0.0,83.2092563813418,6.222152e-06
110.488,0.0,83.20884016580952,6.189628e-06
110.488,0.0,83.20844049315232,6.803995e-06
110.488,0.0,83.20801557561958,6.483795e-06
110.488,0.0,83.20760111049692,6.498565e-06
110.488,0.0,83.20717449779443,7.384209e-06
110.488,0.0,83.20677177830812,6.752947e-06
110.488,0.0,83.20634709040793,5.799913e-06
110.488,0.0,83.20593518819737,7.170253e-06
110.488,0.0,83.20550976779788,7.484748e-06
110.488,0.0,83.20508485190268,6.871574e-06
110.488,0.0,83.20466363513917,6.82821e-06
110.488,0.0,83.20423801017768,7.336625e-06
110.488,0.0,83.20383459572079,6.244241e-06
110.488,0.0,83.20340943571983,5.697118e-06
110.488,0.0,83.20300438882428,6.967894e-06
110.488,0.0,83.20257143001342,7.75636e-06
110.488,0.0,83.20214066580375,7.313254e-06
110.488,0.0,83.20173475513755,6.821778e-06
110.488,0.0,83.20131314170828,7.267343e-06
110.488,0.0,83.20089575457203,6.531554e-06
110.488,0.0,83.2004919700336,6.117683e-06
110.488,0.0,83.20007117214685,7.453753e-06
110.488,0.0,83.19965119519289,7.882656e-06
110.488,0.0,83.19922280042407,7.200841e-06
110.488,0.0,83.19882091848467,6.694114e-06
110.488,0.0,83.19841689957812,6.969101e-06
110.488,0.0,83.19797033409195,5.535345e-06
110.488,0.0,83.1975592991023,5.931128e-06
110.488,0.0,83.19715005531599,7.598865e-06
110.488,0.0,83.19672143805198,8.074203e-06
110.488,0.0,83.19630062594038,7.357303e-06
110.488,0.0,83.19588755551528,7.413735e-06
110.488,0.0,83.19548478344832,6.908551e-06
110.488,0.0,83.19505336550277,5.903988e-06
110.488,0.0,83.19463846005752,6.603063e-06
110.488,0.0,83.19418854073113,8.421077e-06
110.488,0.0,83.19376362873666,8.741816e-06
110.488,0.0,83.19338622449992,7.663912e-06
110.488,0.0,83.19294550734264,7.680792e-06
110.488,0.0,83.19254751665044,7.500654e-06
110.488,0.0,83.19211770387618,6.333998e-06
110.488,0.0,83.19171067707629,7.057053e-06
110.488,0.0,83.19128897263968,8.376883e-06
110.488,0.0,83.19086657328721,8.45734e-06
110.488,0.0,83.19045039066344,7.552124e-06
110.488,0.0,83.19002823635282,7.591705e-06
110.488,0.0,83.18963198371011,7.636409e-06
110.488,0.0,83.1891802768914,6.587637e-06
110.488,0.0,83.1888097871015,7.144976e-06
110.488,0.0,83.18838476863941,8.372837e-06
110.488,0.0,83.18795050918126,8.197778e-06
110.488,0.0,83.18756265031583,7.36941e-06
110.488,0.0,83.18712407028974,7.920375e-06
110.488,0.0,83.18670549142624,7.677969e-06
110.488,0.0,83.18630467649014,6.586284e-06
110.488,0.0,83.18589788991973,7.468829e-06
110.488,0.0,83.18547604239207,8.437724e-06
110.488,0.0,83.18505560523528,8.431671e-06
110.488,0.0,83.18462325402395,7.350711e-06
110.488,0.0,83.18419815312195,7.901035e-06
110.488,0.0,83.18379001320682,7.634007e-06
110.488,0.0,83.18335617657827,6.888731e-06
110.488,0.0,83.18293905292789,7.400173e-06
110.488,0.0,83.18253564755675,8.653762e-06
110.488,0.0,83.18212563010846,8.399977e-06
110.488,0.0,83.18167581153862,7.391864e-06
110.488,0.0,83.1812669581061,8.280025e-06
110.488,0.0,83.18087758638313,8.186878e-06
110.488,0.0,83.18045937264257,7.574738e-06
110.488,0.0,83.18004733327297,7.656854e-06
110.488,0.0,83.17960035236837,8.461473e-06
110.488,0.0,83.17917366628798,8.032992e-06
110.488,0.0,83.17877264467302,6.851318e-06
110.488,0.0,83.17834064452245,7.56167e-06
110.488,0.0,83.17793308168909,7.793482e-06
110.488,0.0,83.17751609194863,7.498471e-06
110.488,0.0,83.17710041156974,7.223192e-06
110.488,0.0,83.17668424427892,8.41725e-06
110.488,0.0,83.1762492899786,7.942566e-06
110.488,0.0,83.1758581641942,7.005627e-06
110.488,0.0,83.17543565491043,7.833791e-06
110.488,0.0,83.17500627852802,8.370829e-06
110.488,0.0,83.17459325717095,8.304691e-06
110.488,0.0,83.17414946087884,7.476003e-06
110.488,0.0,83.17373530887484,8.200965e-06
110.488,0.0,83.17331655438329,7.383118e-06
110.488,0.0,83.1729283498614,6.572198e-06
110.488,0.0,83.17250378910607,7.836017e-06
110.488,0.0,83.17206004316273,8.118746e-06
110.488,0.0,83.17166718045354,8.327566e-06
110.488,0.0,83.17123145151535,7.459981e-06
110.488,0.0,83.1708134365097,8.073082e-06
110.488,0.0,83.1704014251325,7.129711e-06
110.488,0.0,83.16997962436747,6.197995e-06
110.488,0.0,83.16956140520205,7.640876e-06
110.488,0.0,83.16913626312783,8.316536e-06
110.488,0.0,83.168723653057,8.428979e-06
110.488,0.0,83.16830577444426,7.491268e-06
110.488,0.0,83.16790160017045,7.842129e-06
110.488,0.0,83.16748554991352,7.168652e-06
110.488,0.0,83.16706544075056,6.017159e-06
110.488,0.0,83.16667507532644,6.911141e-06
110.488,0.0,83.16651182558893,8.229472e-06
110.488,0.0,83.16580529144913,8.792151e-06
110.488,0.0,83.16539978271044,7.690003e-06
110.488,0.0,83.16497776133122,7.351962e-06
110.488,0.0,83.16454600245285,7.497278e-06
110.488,0.0,83.16413011552604,6.33311e-06
110.488,0.0,83.1637277391597,6.75887e-06
110.488,0.0,83.16328004748104,8.182411e-06
110.488,0.0,83.16289649356662,8.52943e-06
110.488,0.0,83.1624653101694,8.104558e-06
110.488,0.0,83.16202797160257,7.341543e-06
110.488,0.0,83.16161777078935,7.764873e-06
110.488,0.0,83.16118818202489,6.248752e-06
110.488,0.0,83.1607854194276,6.491187e-06
110.488,0.0,83.16037281556133,8.087678e-06
110.488,0.0,83.15995567616542,8.226358e-06
110.488,0.0,83.15952415880653,7.803872e-06
110.488,0.0,83.15913229226479,6.746821e-06
110.488,0.0,83.15869716214625,7.337119e-06
110.488,0.0,83.1582899336197,6.000613e-06
110.488,0.0,83.15787131450486,5.116715e-06
110.488,0.0,83.15746793343425,5.706795e-06
110.488,0.0,83.15704807577761,6.008733e-06
110.488,0.0,83.15661759924006,6.324612e-06
110.488,0.0,83.15618764969477,5.736234e-06
110.488,0.0,83.15576763398651,6.360133e-06
110.488,0.0,83.1553398063666,6.047412e-06
110.488,0.0,83.15496702141918,5.91547e-06
110.488,0.0,83.15452974339453,6.695307e-06
110.488,0.0,83.15408664319699,7.154391e-06
110.488,0.0,83.15367611504975,6.332732e-06
110.488,0.0,83.15325233682249,5.780079e-06
110.488,0.0,83.15283990600078,6.860762e-06
110.488,0.0,83.15244204681564,6.786882e-06
110.488,0.0,83.15199509696038,6.227856e-06
110.488,0.0,83.15157766191747,6.494287e-06
110.488,0.0,83.15115402843129,7.216717e-06
110.488,0.0,83.15071486850802,7.136987e-06
110.488,0.0,83.15034462705319,6.152288e-06
110.488,0.0,83.14991995751632,6.113507e-06
110.488,0.0,83.14949595437518,6.338902e-06
110.488,0.0,83.14908631093654,6.056347e-06
110.488,0.0,83.14867612252148,5.915383e-06
110.488,0.0,83.14826489404393,6.40392e-06
110.488,0.0,83.14784018227506,7.108247e-06
110.488,0.0,83.14745026260975,6.170725e-06
110.488,0.0,83.1470151967776,6.176924e-06
110.488,0.0,83.14658635033621,7.037132e-06
110.488,0.0,83.14617219195758,7.145238e-06
110.488,0.0,83.1457390457772,6.829447e-06
110.488,0.0,83.14533713501133,6.953924e-06
110.488,0.0,83.14491319195575,7.263312e-06
110.488,0.0,83.14450990116171,6.493588e-06
110.488,0.0,83.14408031484626,6.008151e-06
110.488,0.0,83.14365789238602,6.684568e-06
110.488,0.0,83.14321997974518,7.201743e-06
110.488,0.0,83.14281740286312,7.343842e-06
110.488,0.0,83.1423984819889,6.48915e-06
110.488,0.0,83.14199020964311,7.28626e-06
110.488,0.0,83.14156236647655,6.526781e-06
110.488,0.0,83.14114710384914,5.366281e-06
110.488,0.0,83.14072214800217,6.274509e-06
110.488,0.0,83.14028950889664,6.737668e-06
110.488,0.0,83.14010435761175,6.505798e-06
110.488,0.0,83.13998618700607,5.686379e-06
110.488,0.0,83.13954913982724,5.459675e-06
110.488,0.0,83.13914616307426,4.707923e-06
110.488,0.0,83.13871464547395,3.964655e-06
110.488,0.0,83.13829016107874,5.00727e-06
110.488,0.0,83.13788906753217,5.664886e-06
110.488,0.0,83.13746401998554,5.595793e-06
110.488,0.0,83.13705063416644,5.037597e-06
110.488,0.0,83.13664387170549,4.894289e-06
110.488,0.0,83.13620953199029,4.507965e-06
110.488,0.0,83.13577986534852,3.31772e-06
110.488,0.0,83.13539673419193,3.715642e-06
110.488,0.0,83.13497526778255,5.375288e-06
110.488,0.0,83.13454061431506,5.732261e-06
110.488,0.0,83.13412409564582,5.628055e-06
110.488,0.0,83.13368404087528,4.543108e-06
110.488,0.0,83.13327003335445,5.131587e-06
110.488,0.0,83.13285985343323,4.548681e-06
110.488,0.0,83.13243719985213,3.996058e-06
110.488,0.0,83.13202613300152,5.354537e-06
110.488,0.0,83.13160818360075,5.918366e-06
110.488,0.0,83.13119428816096,6.299582e-06
110.488,0.0,83.13076042708526,5.575144e-06
110.488,0.0,83.13036354067965,5.533482e-06
110.488,0.0,83.12994999087334,5.271737e-06
110.488,0.0,83.12954253022305,4.337955e-06
110.488,0.0,83.12911714171045,4.751812e-06
110.488,0.0,83.12869734413975,5.577182e-06
110.488,0.0,83.12827415278313,5.595837e-06
110.488,0.0,83.12787385909448,5.583512e-06
110.488,0.0,83.12755526100705,4.712681e-06
110.488,0.0,83.12704179457656,4.29817e-06
110.488,0.0,83.12660839424632,3.68552e-06
110.488,0.0,83.12617969965515,4.040994e-06
110.488,0.0,83.1257720223665,4.683126e-06
110.488,0.0,83.12533475837834,4.26358e-06
110.488,0.0,83.12494568819795,4.371948e-06
110.488,0.0,83.12449653058114,4.680085e-06
110.488,0.0,83.12408126007372,5.332782e-06
110.488,0.0,83.12367840918388,5.185924e-06
110.488,0.0,83.1232456860902,4.386107e-06
110.488,0.0,83.12285830383598,4.764006e-06
110.488,0.0,83.12242451499485,5.456663e-06
110.488,0.0,83.12200375054964,5.137932e-06
110.488,0.0,83.1215806121888,4.547634e-06
110.488,0.0,83.12115324872724,4.504691e-06
110.488,0.0,83.12073202997867,5.043679e-06
110.488,0.0,83.12033362829747,4.278889e-06
110.488,0.0,83.11991338475418,4.483591e-06
110.488,0.0,83.11951365518938,5.368376e-06
110.488,0.0,83.11908001267773,5.507245e-06
110.488,0.0,83.1186497806494,5.048088e-06
110.488,0.0,83.11823887262774,4.739763e-06
110.488,0.0,83.1178252593219,5.46535e-06
110.488,0.0,83.11741967243705,5.267022e-06
110.488,0.0,83.11697925776639,4.929607e-06
110.488,0.0,83.11658859421762,5.154521e-06
110.488,0.0,83.11615951526957,5.795897e-06
110.488,0.0,83.11574947172399,5.148788e-06
110.488,0.0,83.11531235824708,4.873349e-06
110.488,0.0,83.11488166142365,4.825357e-06
110.488,0.0,83.11447233550103,5.661437e-06
110.488,0.0,83.11403197337678,5.601207e-06
110.488,0.0,83.11360884821944,4.664776e-06
110.488,0.0,83.11319950667978,5.115013e-06
110.488,0.0,83.11278222868016,5.608425e-06
110.488,0.0,83.1123785330072,5.022914e-06
110.488,0.0,83.11197752898808,4.215122e-06
110.488,0.0,83.11153981896086,5.334034e-06
110.488,0.0,83.11113747859422,5.590904e-06
110.488,0.0,83.11070021863527,5.655311e-06
110.488,0.0,83.11031692786345,5.463473e-06
110.488,0.0,83.10987954933874,5.775117e-06
110.488,0.0,83.10947622422908,5.37881e-06
110.488,0.0,83.10905540712285,4.592715e-06
110.488,0.0,83.1086447340181,4.495829e-06
110.488,0.0,83.1082023180548,5.905124e-06
110.488,0.0,83.10780500873508,6.164672e-06
110.488,0.0,83.10738632548284,6.249771e-06
110.488,0.0,83.10698506278044,5.533744e-06
110.488,0.0,83.10654958095407,5.581882e-06
110.488,0.0,83.10613815821038,4.947229e-06
110.488,0.0,83.10570899031264,4.244983e-06
110.488,0.0,83.10531264044124,4.928006e-06
110.488,0.0,83.10487401200143,5.656868e-06
110.488,0.0,83.10446567638878,5.665817e-06
110.488,0.0,83.10403462027317,5.575595e-06
110.488,0.0,83.10361387088342,5.111389e-06
110.488,0.0,83.10320540266736,5.287977e-06
110.488,0.0,83.10276705534288,4.428206e-06
110.488,0.0,83.10236869673489,4.142086e-06
110.488,0.0,83.1019516157031,5.355701e-06
110.488,0.0,83.10152191834545,5.578884e-06
110.488,0.0,83.10110529536011,6.137809e-06
110.488,0.0,83.1006939360346,5.749534e-06
110.488,0.0,83.10028447014953,5.809983e-06
110.488,0.0,83.09986879135604,5.818089e-06
110.488,0.0,83.0994354312622,4.792339e-06
110.488,0.0,83.09901871012126,4.478628e-06
110.488,0.0,83.09861855566753,5.702139e-06
110.488,0.0,83.09819489569921,5.837239e-06
110.488,0.0,83.0977564124152,6.247894e-06
110.488,0.0,83.09735965446828,5.242415e-06
110.488,0.0,83.09694138614715,5.709677e-06
110.488,0.0,83.09652873752097,5.260459e-06
110.488,0.0,83.09610168481709,4.558038e-06
110.488,0.0,83.09567079069117,5.02335e-06
110.488,0.0,83.09526986566235,5.947135e-06
110.488,0.0,83.09483624027966,5.602793e-06
110.488,0.0,83.09441923266644,5.413429e-06
110.488,0.0,83.09399701391426,4.870381e-06
110.488,0.0,83.09357764733763,5.454407e-06
110.488,0.0,83.0931481147689,4.684043e-06
110.488,0.0,83.09274027618041,3.875917e-06
110.488,0.0,83.09232673100043,4.920599e-06
110.488,0.0,83.09190566845591,5.609414e-06
110.488,0.0,83.09148500793737,5.373979e-06
110.488,0.0,83.0910722143391,5.083901e-06
110.488,0.0,83.09064070713086,4.959657e-06
110.488,0.0,83.09022050248599,5.969137e-06
110.488,0.0,83.08981899531433,5.309266e-06
110.488,0.0,83.08942848120766,4.681948e-06
110.488,0.0,83.08900286617903,5.034453e-06
110.488,0.0,83.0885918165705,5.861541e-06
110.488,0.0,83.08817706774082,5.481648e-06
110.488,0.0,83.08772885496695,5.364243e-06
110.488,0.0,83.0873153649912,4.89685e-06
110.488,0.0,83.08690433970463,5.823182e-06
110.488,0.0,83.08650202462397,5.442998e-06
110.488,0.0,83.08605324247667,5.088223e-06
110.488,0.0,83.08564667282941,5.404494e-06
110.488,0.0,83.08524111764203,5.921407e-06
110.488,0.0,83.0847911986558,5.430833e-06
110.488,0.0,83.0843915283413,4.912785e-06
110.488,0.0,83.08396661978135,4.723828e-06
110.488,0.0,83.08353364600467,5.669412e-06
110.488,0.0,83.08312485404595,5.070149e-06
110.488,0.0,83.08271735783113,4.564703e-06
110.488,0.0,83.08230207010911,5.020134e-06
110.488,0.0,83.0818672635642,5.305934e-06
110.488,0.0,83.08146634116892,4.845526e-06
110.488,0.0,83.08103472000967,4.127462e-06
110.488,0.0,83.08062506063534,4.688074e-06
110.488,0.0,83.08019311747385,5.466994e-06
110.488,0.0,83.07977504660285,5.135546e-06
110.488,0.0,83.07936703080095,4.761838e-06
110.488,0.0,83.07896604085036,5.295034e-06
110.488,0.0,83.07853386007828,5.341833e-06
110.488,0.0,83.07811726705104,4.693313e-06
110.488,0.0,83.07769311036265,4.120768e-06
110.488,0.0,83.07727457873378,4.820351e-06
110.488,0.0,83.07686776590137,5.62561e-06
110.488,0.0,83.0764665123991,5.512265e-06
110.488,0.0,83.0760174312195,5.37587e-06
110.488,0.0,83.07560256785658,5.51765e-06
110.488,0.0,83.07517082507002,5.793365e-06
110.488,0.0,83.0747522072041,4.969319e-06
110.488,0.0,83.07433772496381,4.12848e-06
110.488,0.0,83.07390715924433,5.074748e-06
110.488,0.0,83.07350535733629,6.121976e-06
110.488,0.0,83.07308920709904,6.072369e-06
110.488,0.0,83.07267649069858,6.128379e-06
110.488,0.0,83.0722334679187,5.798574e-06
110.488,0.0,83.07182391780839,6.014743e-06
110.488,0.0,83.07142109723105,5.136026e-06
110.488,0.0,83.07100050516814,4.32205e-06
110.488,0.0,83.07058880363748,4.962756e-06
110.488,0.0,83.07016181408515,6.28519e-06
110.488,0.0,83.06974601055933,6.217408e-06
110.488,0.0,83.06934749606096,6.200586e-06
110.488,0.0,83.06891559628217,5.379901e-06
110.488,0.0,83.06850130505148,5.790789e-06
110.488,0.0,83.06808837489258,5.000038e-06
110.488,0.0,83.06766898641371,3.342546e-06
110.488,0.0,83.06725461125033,2.749046e-06
110.488,0.0,83.06684985009794,3.90716e-06
110.488,0.0,83.06641857960959,4.476969e-06
110.488,0.0,83.06599392659568,5.239985e-06
110.488,0.0,83.06557933750751,4.961374e-06
110.488,0.0,83.06515166643149,5.440103e-06
110.488,0.0,83.06473829151538,5.260197e-06
110.488,0.0,83.06433121234463,4.577974e-06
110.488,0.0,83.06389894628228,4.647736e-06
110.488,0.0,83.0634887416551,5.906564e-06
110.488,0.0,83.06305917053287,5.887792e-06
110.488,0.0,83.06263559150773,5.911963e-06
110.488,0.0,83.06221079710717,5.248759e-06
110.488,0.0,83.06182026823768,5.626731e-06
110.488,0.0,83.06139813846558,5.25135e-06
110.488,0.0,83.06097862282817,4.386966e-06
110.488,0.0,83.06055265922348,4.728921e-06
110.488,0.0,83.0601408084227,5.732829e-06
110.488,0.0,83.05972809750861,6.066679e-06
110.488,0.0,83.05932077889811,5.954542e-06
110.488,0.0,83.05888949044585,5.16366e-06
110.488,0.0,83.05846790639599,5.353184e-06
110.488,0.0,83.05806700237223,5.404218e-06
110.488,0.0,83.05763529209611,4.642527e-06
110.488,0.0,83.05723468146581,4.752437e-06
110.488,0.0,83.05677990325333,5.644761e-06
110.488,0.0,83.05637734239492,5.742957e-06
110.488,0.0,83.05597142586494,5.890906e-06
110.488,0.0,83.05554324472011,5.04803e-06
110.488,0.0,83.0551107560796,4.989284e-06
110.488,0.0,83.05467800926556,5.240276e-06
110.488,0.0,83.05427307750824,4.973015e-06
110.488,0.0,83.05387663066261,4.498084e-06
110.488,0.0,83.05343835781618,5.281196e-06
110.488,0.0,83.05301023391408,5.483089e-06
110.488,0.0,83.05259933900066,5.585724e-06
110.488,0.0,83.0521917786518,5.423353e-06
110.488,0.0,83.0517698215244,5.214111e-06
110.488,0.0,83.05135900269453,5.929935e-06
110.488,0.0,83.05095533905096,5.689581e-06
110.488,0.0,83.05050614888256,5.297945e-06
110.488,0.0,83.05009710660987,5.419584e-06
110.488,0.0,83.04967010550052,5.900671e-06
110.488,0.0,83.04926625871192,5.783048e-06
110.488,0.0,83.04886060652345,5.510796e-06
110.488,0.0,83.04845312351188,4.638627e-06
110.488,0.0,83.04802405555176,4.91699e-06
110.488,0.0,83.04759234314204,4.981819e-06
110.488,0.0,83.0471714504672,4.62016e-06
110.488,0.0,83.04676936338156,4.979636e-06
110.488,0.0,83.0463823759042,5.546142e-06
110.488,0.0,83.04594975241523,5.381022e-06
110.488,0.0,83.0455372690317,5.253765e-06
110.488,0.0,83.04509020362615,4.647387e-06
110.488,0.0,83.04466244020699,5.111899e-06
110.488,0.0,83.04425684281456,5.346534e-06
110.488,0.0,83.0438482409416,5.147478e-06
110.488,0.0,83.04343541679914,5.031936e-06
110.488,0.0,83.0430274391912,5.628404e-06
110.488,0.0,83.04258943903147,5.521928e-06
110.488,0.0,83.04214697723347,5.22747e-06
110.488,0.0,83.04173804062285,4.701054e-06
110.488,0.0,83.04133535488776,4.854082e-06
110.488,0.0,83.04093430566674,5.713795e-06
110.488,0.0,83.04050503883585,5.469366e-06
110.488,0.0,83.04008937105688,5.387934e-06
110.488,0.0,83.03967028303457,4.910267e-06
110.488,0.0,83.03922599757922,5.234833e-06
110.488,0.0,83.03881450633841,5.089139e-06
110.488,0.0,83.03839766628589,4.765287e-06
110.488,0.0,83.03799450274394,4.177986e-06
110.488,0.0,83.03758205040835,5.204158e-06
110.488,0.0,83.03714746708641,5.365553e-06
110.488,0.0,83.03674197107354,5.96403e-06
110.488,0.0,83.0363326544425,5.344962e-06
110.488,0.0,83.03589326211163,5.085487e-06
110.488,0.0,83.03548853957831,5.199487e-06
110.488,0.0,83.03505817638693,4.767906e-06
110.488,0.0,83.03463988288405,4.09795e-06
110.488,0.0,83.0342268414384,4.793037e-06
110.488,0.0,83.03377950918794,5.47801e-06
110.488,0.0,83.03337080783986,5.597161e-06
110.488,0.0,83.03295878052344,5.563241e-06
110.488,0.0,83.03254099479534,4.744186e-06
110.488,0.0,83.03213498135948,5.146721e-06
110.488,0.0,83.03170514123497,4.952555e-06
110.488,0.0,83.03129484145714,4.365735e-06
110.488,0.0,83.03088210201399,4.129484e-06
110.488,0.0,83.03046646225758,5.236812e-06
110.488,0.0,83.03003679591346,5.536873e-06
110.488,0.0,83.02961858224553,6.303613e-06
110.488,0.0,83.02919831538772,5.904454e-06
110.488,0.0,83.0287773748195,5.39505e-06
110.488,0.0,83.02836825090998,5.498398e-06
110.488,0.0,83.02795827853053,4.933128e-06
110.488,0.0,83.02754560193297,4.628673e-06
110.488,0.0,83.02712877572516,5.020469e-06
110.488,0.0,83.02671257889176,5.817696e-06
110.488,0.0,83.0263010377097,6.111164e-06
110.488,0.0,83.02586160400486,6.177463e-06
110.488,0.0,83.02544631919568,5.267546e-06
110.488,0.0,83.02502854168485,5.499736e-06
110.488,0.0,83.02461533660109,5.2549e-06
110.488,0.0,83.02418539576419,4.330475e-06
110.488,0.0,83.02378712708911,4.026922e-06
110.488,0.0,83.02333816414007,4.605958e-06
110.488,0.0,83.0229368411465,5.200258e-06
110.488,0.0,83.02252217534203,5.850103e-06
110.488,0.0,83.02211461123322,5.428563e-06
110.488,0.0,83.02169107996485,5.350419e-06
110.488,0.0,83.02127539668014,5.628797e-06
110.488,0.0,83.0208620389655,5.055539e-06
110.488,0.0,83.02046171480961,4.63349e-06
110.488,0.0,83.02001016189425,5.360052e-06
110.488,0.0,83.01958683989169,5.876529e-06
110.488,0.0,83.01915927958946,6.144954e-06
110.488,0.0,83.01875479265048,5.728085e-06
110.488,0.0,83.01833501385704,5.053022e-06
110.488,0.0,83.01794194246644,5.716196e-06
110.488,0.0,83.01752299981581,5.681926e-06
110.488,0.0,83.01710543026762,5.390335e-06
110.488,0.0,83.01667681541147,5.417838e-06
110.488,0.0,83.01627288490923,6.013113e-06
110.488,0.0,83.01582173840187,5.996393e-06
110.488,0.0,83.01541771116086,6.175833e-06
110.488,0.0,83.01500417722765,5.637718e-06
110.488,0.0,83.01458097908056,5.891648e-06
110.488,0.0,83.01415665764846,6.111091e-06
110.488,0.0,83.01370298614268,5.981172e-06
110.488,0.0,83.01330600892295,5.218651e-06
110.488,0.0,83.0129038712801,5.595735e-06
110.488,0.0,83.01249116585463,6.232833e-06
110.488,0.0,83.01206592553733,5.91288e-06
110.488,0.0,83.01165707609847,5.167647e-06
110.488,0.0,83.01122766354142,4.381072e-06
110.488,0.0,83.01082249056547,4.608228e-06
110.488,0.0,83.01039841117048,4.597707e-06
110.488,0.0,83.00996929770396,4.380272e-06
110.488,0.0,83.00955499134983,4.696209e-06
110.488,0.0,83.00913140473831,5.429276e-06
110.488,0.0,83.00872651495273,5.163063e-06
110.488,0.0,83.00830575153009,4.909511e-06
110.488,0.0,83.00790252341065,4.636488e-06
110.488,0.0,83.00748790901571,5.23866e-06
110.488,0.0,83.00706533653927,5.676353e-06
110.488,0.0,83.00665433900659,5.539885e-06
110.488,0.0,83.0062309087464,4.90676e-06
110.488,0.0,83.00582238942474,5.214592e-06
110.488,0.0,83.00542450187392,5.476832e-06
110.488,0.0,83.00495877333809,5.448441e-06
110.488,0.0,83.00455702193243,5.235896e-06
110.488,0.0,83.0041278489384,5.244336e-06
110.488,0.0,83.00370508640046,6.216593e-06
110.488,0.0,83.00329780510606,6.218921e-06
110.488,0.0,83.0028891685526,6.108108e-06
110.488,0.0,83.00244710266834,5.908019e-06
110.488,0.0,83.0020462426263,6.088871e-06
110.488,0.0,83.00160597977344,5.869966e-06
110.488,0.0,83.00119683516156,5.426613e-06
110.488,0.0,83.000788994813,5.062786e-06
110.488,0.0,83.00039424150484,5.986221e-06
110.488,0.0,82.99995554739485,6.275397e-06
110.488,0.0,82.9995268529239,6.482849e-06
110.488,0.0,82.99909868561535,5.959722e-06
110.488,0.0,82.99869419474625,5.108785e-06
110.488,0.0,82.99828559961382,5.766968e-06
110.488,0.0,82.99786057967866,5.674709e-06
110.488,0.0,82.99745388378163,5.093083e-06
110.488,0.0,82.99704544942684,5.366615e-06
110.488,0.0,82.9966172248629,6.473812e-06
110.488,0.0,82.9962060784084,6.459028e-06
110.488,0.0,82.9957722864906,6.626651e-06
110.488,0.0,82.99535843735038,6.01224e-06
110.488,0.0,82.9949481708285,5.845199e-06
110.488,0.0,82.99450550905753,5.854905e-06
110.488,0.0,82.99409835232348,5.274371e-06
110.488,0.0,82.9936515257857,4.976944e-06
110.488,0.0,82.99324297155925,5.901733e-06
110.488,0.0,82.99283319590967,6.327318e-06
110.488,0.0,82.99242993472559,6.329297e-06
110.488,0.0,82.99200284382505,6.141345e-06
110.488,0.0,82.9915907905011,5.084221e-06
110.488,0.0,82.99117915687233,5.303766e-06
110.488,0.0,82.99076433076098,5.129928e-06
110.488,0.0,82.99035395864843,4.689122e-06
110.488,0.0,82.98990837124668,4.491332e-06
110.488,0.0,82.98949934463995,5.518988e-06
110.488,0.0,82.9890705441501,5.836977e-06
110.488,0.0,82.98865487272504,5.954862e-06
110.488,0.0,82.98824347307051,5.337861e-06
110.488,0.0,82.98783611995796,4.618079e-06
110.488,0.0,82.98743139303515,5.375434e-06
110.488,0.0,82.98701352874853,5.065318e-06
110.488,0.0,82.98659682877522,4.149988e-06
110.488,0.0,82.98616247833914,4.273374e-06
110.488,0.0,82.98575004519915,5.573413e-06
110.488,0.0,82.98535768974689,5.577167e-06
110.488,0.0,82.9849066771725,5.618829e-06
110.488,0.0,82.98449306379001,5.307025e-06
110.488,0.0,82.98408439028957,5.655937e-06
110.488,0.0,82.98364742304622,5.652226e-06
110.488,0.0,82.98325162075241,4.940404e-06
110.488,0.0,82.98282246362956,4.652247e-06
110.488,0.0,82.98237959759767,4.972811e-06
110.488,0.0,82.98198436967888,5.431517e-06
110.488,0.0,82.98155514670594,5.730297e-06
110.488,0.0,82.98114944723797,4.898131e-06
110.488,0.0,82.9807200754201,3.791458e-06
110.488,0.0,82.98033149680865,4.821995e-06
110.488,0.0,82.97987140413862,4.903821e-06
110.488,0.0,82.97946996091794,3.995257e-06
110.488,0.0,82.97906077519046,3.494453e-06
110.488,0.0,82.97862780924687,4.28241e-06
110.488,0.0,82.97820804292482,4.745845e-06
110.488,0.0,82.97780802679034,4.778238e-06
110.488,0.0,82.97740071067659,4.365691e-06
110.488,0.0,82.97697735015524,5.161521e-06
110.488,0.0,82.97656342950427,5.817055e-06
110.488,0.0,82.97612596328959,5.147347e-06
110.488,0.0,82.97568993608837,5.050955e-06
110.488,0.0,82.97528522625696,5.904178e-06
110.488,0.0,82.9748839800277,6.017348e-06
110.488,0.0,82.97445640674799,5.823691e-06
110.488,0.0,82.97402491931614,5.315349e-06
110.488,0.0,82.97360415463673,5.409413e-06
110.488,0.0,82.97317016352066,6.207789e-06
110.488,0.0,82.97276127388086,5.540627e-06
110.488,0.0,82.972352189202,4.602101e-06
110.488,0.0,82.97194147020743,4.788744e-06
110.488,0.0,82.97153372632617,5.807276e-06
110.488,0.0,82.97112110874646,5.800161e-06
110.488,0.0,82.97068520627914,5.176553e-06
110.488,0.0,82.97028226974625,4.508518e-06
110.488,0.0,82.96988031460495,5.047419e-06
110.488,0.0,82.96946112876714,5.520735e-06
110.488,0.0,82.96905081592621,4.766101e-06
110.488,0.0,82.96860903156502,3.73341e-06
110.488,0.0,82.9681853095237,3.646186e-06
110.488,0.0,82.96778384580949,4.486486e-06
110.488,0.0,82.9673734502873,4.43311e-06
110.488,0.0,82.96694014593442,3.952126e-06
110.488,0.0,82.96653207308802,4.422618e-06
110.488,0.0,82.96610911126957,6.014481e-06
110.488,0.0,82.96569016136189,5.800757e-06
110.488,0.0,82.96526473979858,5.67986e-06
110.488,0.0,82.96486482075389,5.218477e-06
110.488,0.0,82.96443966347478,5.664202e-06
110.488,0.0,82.96401474139577,5.610083e-06
110.488,0.0,82.96360012496781,5.339505e-06
110.488,0.0,82.96317372251734,4.685338e-06
110.488,0.0,82.96279963753628,5.682086e-06
110.488,0.0,82.96233650729835,6.103495e-06
110.488,0.0,82.96191163210688,5.950307e-06
110.488,0.0,82.96150778382206,5.575479e-06
110.488,0.0,82.96109357331524,5.265407e-06
110.488,0.0,82.96066163044118,5.80812e-06
110.488,0.0,82.96022367654236,5.136972e-06
110.488,0.0,82.95984551060103,4.370435e-06
110.488,0.0,82.95941088858469,4.566464e-06
110.488,0.0,82.95900570068719,6.002781e-06
110.488,0.0,82.95858604359145,5.562732e-06
110.488,0.0,82.95814729970087,5.425347e-06
110.488,0.0,82.95775115986567,5.275782e-06
110.488,0.0,82.95733691165107,5.752649e-06
110.488,0.0,82.9568986148012,5.491063e-06
110.488,0.0,82.9564945518908,4.69682e-06
110.488,0.0,82.95608553383109,3.912632e-06
110.488,0.0,82.95567060972583,5.13914e-06
110.488,0.0,82.9552218919048,5.66784e-06
110.488,0.0,82.9548151115878,5.400652e-06
110.488,0.0,82.95438054784618,5.235575e-06
110.488,0.0,82.95396908402758,4.877831e-06
110.488,0.0,82.95355587857034,5.721784e-06
110.488,0.0,82.95314404371474,5.453825e-06
110.488,0.0,82.95269300026166,4.123489e-06
110.488,0.0,82.95228279463826,3.964466e-06
110.488,0.0,82.9518787680095,5.533162e-06
110.488,0.0,82.95147442840829,5.61378e-06
110.488,0.0,82.95105821053632,4.847694e-06
110.488,0.0,82.95062855237653,3.925408e-06
110.488,0.0,82.9502024848516,3.024688e-06
110.488,0.0,82.94978368956802,4.052534e-06
110.488,0.0,82.94937426144843,3.17597e-06
110.488,0.0,82.94896831183661,2.731758e-06
110.488,0.0,82.94855031958163,4.430127e-06
110.488,0.0,82.94813033772249,5.528636e-06
110.488,0.0,82.94772366421293,4.855363e-06
110.488,0.0,82.94730689159708,4.242014e-06
110.488,0.0,82.94686612540566,4.048037e-06
110.488,0.0,82.9464620682099,5.183771e-06
110.488,0.0,82.94604564577189,4.925561e-06
110.488,0.0,82.94563118047277,3.332054e-06
110.488,0.0,82.94522062063427,3.197682e-06
110.488,0.0,82.94477147434371,4.763366e-06
110.488,0.0,82.94437200513676,4.777874e-06
110.488,0.0,82.94396816087698,3.568377e-06
110.488,0.0,82.94353570504013,2.780042e-06
110.488,0.0,82.94311825673348,2.979461e-06
110.488,0.0,82.9426863614639,3.699781e-06
110.488,0.0,82.94228426707635,2.682034e-06
110.488,0.0,82.94186704404136,2.667366e-06
110.488,0.0,82.94145353755324,4.113841e-06
110.488,0.0,82.9410351067036,4.879301e-06
110.488,0.0,82.9406165804259,4.240224e-06
110.488,0.0,82.94018468600574,3.592751e-06
110.488,0.0,82.93974828549737,4.09795e-06
110.488,0.0,82.9393545837452,4.85091e-06
110.488,0.0,82.93894394507663,4.056667e-06
110.488,0.0,82.93852062318521,3.248919e-06
110.488,0.0,82.93810272130477,4.327667e-06
110.488,0.0,82.93767137642983,5.765236e-06
110.488,0.0,82.93729568174928,5.448208e-06
110.488,0.0,82.93686119360943,4.56626e-06
110.488,0.0,82.93643625815409,4.478483e-06
110.488,0.0,82.93602126218693,5.746464e-06
110.488,0.0,82.9355859701638,5.425478e-06
110.488,0.0,82.93516074564172,4.075671e-06
110.488,0.0,82.93475824266125,3.921552e-06
110.488,0.0,82.934315534387,5.752794e-06
110.488,0.0,82.93390085837164,5.675887e-06
110.488,0.0,82.93349596194423,4.706104e-06
110.488,0.0,82.93308039963675,4.149406e-06
110.488,0.0,82.9326620374121,5.009773e-06
110.488,0.0,82.93221369714651,5.629205e-06
110.488,0.0,82.93180753353563,4.331261e-06
110.488,0.0,82.93141343633431,3.939713e-06
110.488,0.0,82.93099965791535,4.84701e-06
110.488,0.0,82.93058077050766,6.105765e-06
110.488,0.0,82.93016306563237,5.620794e-06
110.488,0.0,82.92971571919304,4.721544e-06
110.488,0.0,82.92931449725386,4.835849e-06
110.488,0.0,82.92893722128409,6.074653e-06
110.488,0.0,82.92848889926049,5.483394e-06
110.488,0.0,82.9280709966104,4.563146e-06
110.488,0.0,82.92765924447414,4.871763e-06
110.488,0.0,82.92724056241994,6.069007e-06
110.488,0.0,82.92684085613163,5.705486e-06
110.488,0.0,82.9263980953924,4.963134e-06
110.488,0.0,82.92599223294424,4.744361e-06
110.488,0.0,82.9255650768705,6.318223e-06
110.488,0.0,82.9251446019131,6.14427e-06
110.488,0.0,82.92472868994639,4.774163e-06
110.488,0.0,82.92430725636956,5.083217e-06
110.488,0.0,82.92389356448447,6.124785e-06
110.488,0.0,82.92348483388608,5.249589e-06
110.488,0.0,82.92306644459656,4.008005e-06
110.488,0.0,82.92262242655498,3.428504e-06
110.488,0.0,82.92221951886856,5.083712e-06
110.488,0.0,82.9218037132622,5.93123e-06
110.488,0.0,82.9213701684326,5.04448e-06
110.488,0.0,82.92095604403374,4.989604e-06
110.488,0.0,82.92054372836218,5.740469e-06
110.488,0.0,82.9201262672912,6.144561e-06
110.488,0.0,82.91969407203958,5.172784e-06
110.488,0.0,82.91929322517319,4.16144e-06
110.488,0.0,82.91885863001687,5.268535e-06
110.488,0.0,82.9184656467152,6.530492e-06
110.488,0.0,82.9180383920471,5.708047e-06
110.488,0.0,82.9176293711541,5.260779e-06
110.488,0.0,82.91721143584806,4.810427e-06
110.488,0.0,82.91678640730802,5.571768e-06
110.488,0.0,82.91636123197158,4.866932e-06
110.488,0.0,82.91596057071689,4.070418e-06
110.488,0.0,82.91553641843413,4.642876e-06
110.488,0.0,82.91509732652833,6.257556e-06
110.488,0.0,82.91468630661669,5.937778e-06
110.488,0.0,82.9142688540331,5.876267e-06
110.488,0.0,82.91383855421722,5.759852e-06
110.488,0.0,82.91342509241937,6.330316e-06
110.488,0.0,82.91301817136582,5.995593e-06
110.488,0.0,82.91259950801968,4.501373e-06
110.488,0.0,82.91217458724911,4.796748e-06
110.488,0.0,82.91173983739913,6.391594e-06
110.488,0.0,82.9113384350909,6.425384e-06
110.488,0.0,82.91093850619797,5.751761e-06
110.488,0.0,82.91049225697778,5.351118e-06
110.488,0.0,82.91008842677886,5.551177e-06
110.488,0.0,82.90966689390434,5.478127e-06
110.488,0.0,82.90924226608865,4.223053e-06
110.488,0.0,82.9088518073481,4.892878e-06
110.488,0.0,82.9084471594916,6.385177e-06
110.488,0.0,82.90800292583226,5.995826e-06
110.488,0.0,82.90759087471318,5.096124e-06
110.488,0.0,82.90716895825551,4.718153e-06
110.488,0.0,82.9067610769068,5.532944e-06
110.488,0.0,82.90633156102997,5.474489e-06
110.488,0.0,82.90594194801639,4.237576e-06
110.488,0.0,82.90552979810687,4.871734e-06
110.488,0.0,82.90507382712669,6.288901e-06
110.488,0.0,82.9046638026887,6.290196e-06
110.488,0.0,82.90424069575603,5.397887e-06
110.488,0.0,82.90382018048707,4.869114e-06
110.488,0.0,82.90341518557788,5.365524e-06
110.488,0.0,82.90299084520402,5.489783e-06
110.488,0.0,82.90257934953826,4.502639e-06
110.488,0.0,82.90216340590229,4.604517e-06
110.488,0.0,82.90173720615441,5.882801e-06
110.488,0.0,82.90129649694727,6.191884e-06
110.488,0.0,82.90089741675514,6.033646e-06
110.488,0.0,82.90048222436941,5.313355e-06
110.488,0.0,82.90006290602174,5.528622e-06
110.488,0.0,82.89964777009125,5.71103e-06
110.488,0.0,82.89922847223153,4.890433e-06
110.488,0.0,82.8988254509587,4.502523e-06
110.488,0.0,82.89839640149827,5.558381e-06
110.488,0.0,82.8979937685208,6.006303e-06
110.488,0.0,82.89755660535408,5.408336e-06
110.488,0.0,82.89715561549514,4.951711e-06
110.488,0.0,82.89671043563996,5.412207e-06
110.488,0.0,82.89632245544495,5.771013e-06
110.488,0.0,82.89588841457821,5.167865e-06
110.488,0.0,82.89547424471814,4.583868e-06
110.488,0.0,82.89503847175028,5.428665e-06
110.488,0.0,82.8946090943852,5.63926e-06
110.488,0.0,82.89419434233592,5.142865e-06
110.488,0.0,82.89377289630855,4.503163e-06
110.488,0.0,82.89336878644234,5.388036e-06
110.488,0.0,82.89294033923579,5.884533e-06
110.488,0.0,82.89253439913442,5.463255e-06
110.488,0.0,82.89211655188123,5.340873e-06
110.488,0.0,82.89169229447984,5.77532e-06
110.488,0.0,82.89128922993022,5.868962e-06
110.488,0.0,82.89084016882695,5.073103e-06
110.488,0.0,82.89043590118848,4.350513e-06
110.488,0.0,82.89002991497344,5.446826e-06
110.488,0.0,82.88961415316247,5.759517e-06
110.488,0.0,82.8891934681821,5.272377e-06
110.488,0.0,82.88878177954201,5.080743e-06
110.488,0.0,82.88837507442011,5.376642e-06
110.488,0.0,82.88793647737921,5.292895e-06
110.488,0.0,82.88752119494629,4.222253e-06
110.488,0.0,82.88710266370686,4.201065e-06
110.488,0.0,82.88668056818945,5.624242e-06
110.488,0.0,82.88627778877819,5.525348e-06
110.488,0.0,82.88587278997976,4.551432e-06
110.488,0.0,82.88546191340383,4.054091e-06
110.488,0.0,82.88501728571454,4.47013e-06
110.488,0.0,82.8845930912886,3.935565e-06
110.488,0.0,82.88417269162154,3.116555e-06
110.488,0.0,82.88375607479584,3.838839e-06
110.488,0.0,82.88335609806359,4.873698e-06
110.488,0.0,82.88294533427413,4.51917e-06
110.488,0.0,82.88250893383868,4.174464e-06
110.488,0.0,82.8820932604401,4.323592e-06
110.488,0.0,82.88166764741695,4.471804e-06
110.488,0.0,82.88124741376662,2.861081e-06
110.488,0.0,82.88084938074155,2.268134e-06
110.488,0.0,82.88042648792491,2.83675e-06
110.488,0.0,82.88002181997354,3.33981e-06
110.488,0.0,82.87956637357404,3.772526e-06
110.488,0.0,82.87916317774636,3.519075e-06
110.488,0.0,82.8787379443712,4.423768e-06
110.488,0.0,82.87832728331524,4.445465e-06
110.488,0.0,82.87792608174105,3.558729e-06
110.488,0.0,82.87750604743786,2.658955e-06
110.488,0.0,82.87707976350696,4.187357e-06
110.488,0.0,82.87665280723587,5.602866e-06
110.488,0.0,82.87623653875228,5.069203e-06
110.488,0.0,82.8758199405155,4.142174e-06
110.488,0.0,82.87541646962649,4.763788e-06
110.488,0.0,82.87499578334446,5.357739e-06
110.488,0.0,82.87456025130977,4.354326e-06
110.488,0.0,82.87413144949035,4.680143e-06
110.488,0.0,82.87371291544987,6.441114e-06
110.488,0.0,82.87331277587603,6.823582e-06
110.488,0.0,82.87288060754956,5.878625e-06
110.488,0.0,82.87246182643047,4.818794e-06
110.488,0.0,82.8720525927556,5.764974e-06
110.488,0.0,82.87164332918154,5.287089e-06
110.488,0.0,82.87121347799508,3.730122e-06
110.488,0.0,82.87078118784757,4.731308e-06
110.488,0.0,82.87037835997766,5.671391e-06
110.488,0.0,82.86998003165922,5.220325e-06
110.488,0.0,82.8695657397808,4.178073e-06
110.488,0.0,82.86914115465682,4.539019e-06
110.488,0.0,82.86873478743613,5.692869e-06
110.488,0.0,82.86827854610614,5.178401e-06
110.488,0.0,82.86787558158933,4.222587e-06
110.488,0.0,82.86748240833299,5.580398e-06
110.488,0.0,82.8670478201507,6.322807e-06
110.488,0.0,82.86662117943003,5.639813e-06
110.488,0.0,82.86621045586136,4.884379e-06
110.488,0.0,82.86579286893796,6.159695e-06
110.488,0.0,82.86538696116294,6.099013e-06
110.488,0.0,82.86497295647825,4.817703e-06
110.488,0.0,82.86454867213929,5.729758e-06
110.488,0.0,82.86412933944789,6.997027e-06
110.488,0.0,82.86369417327904,6.560425e-06
110.488,0.0,82.86328595239117,5.246198e-06
110.488,0.0,82.8628630758477,5.619338e-06
110.488,0.0,82.86247353144087,6.534712e-06
110.488,0.0,82.8620258875137,5.697191e-06
110.488,0.0,82.86160690508645,4.780406e-06
110.488,0.0,82.86118525439818,6.346658e-06
110.488,0.0,82.86076939006534,6.888527e-06
110.488,0.0,82.86036459921786,6.048067e-06
110.488,0.0,82.8599614738169,5.146794e-06
110.488,0.0,82.85954091216551,6.456234e-06
110.488,0.0,82.85909140848138,6.316564e-06
110.488,0.0,82.85868833701576,5.085181e-06
110.488,0.0,82.85827949238102,5.641457e-06
110.488,0.0,82.85785847086852,6.348608e-06
110.488,0.0,82.8574454037247,6.294111e-06
110.488,0.0,82.85704144366512,4.816568e-06
110.488,0.0,82.8566028628856,5.335562e-06
110.488,0.0,82.85617547356155,6.027534e-06
110.488,0.0,82.85575978614055,5.522539e-06
110.488,0.0,82.85534850563755,4.627494e-06
110.488,0.0,82.85492814762361,5.633177e-06
110.488,0.0,82.85449684429169,5.59476e-06
110.488,0.0,82.85408000002315,4.284477e-06
110.488,0.0,82.8536697984384,4.061963e-06
110.488,0.0,82.85324929922842,5.485679e-06
110.488,0.0,82.85280862488773,4.765243e-06
110.488,0.0,82.85240212912917,3.640336e-06
110.488,0.0,82.85199083801155,3.533816e-06
110.488,0.0,82.85156303850401,3.351975e-06
110.488,0.0,82.85115614337074,2.888337e-06
110.488,0.0,82.85073390588225,3.294059e-06
110.488,0.0,82.85033125541851,5.341732e-06
110.488,0.0,82.8499015746025,5.463502e-06
110.488,0.0,82.84947737888102,4.730056e-06
110.488,0.0,82.84907185781742,5.310721e-06
110.488,0.0,82.84865408983615,6.201051e-06
110.488,0.0,82.84822649215951,5.628463e-06
110.488,0.0,82.84782401179902,4.463669e-06
110.488,0.0,82.84742385051895,6.080125e-06
110.488,0.0,82.84698824758563,6.25955e-06
110.488,0.0,82.84657458736478,5.225374e-06
110.488,0.0,82.84614239288074,5.147172e-06
110.488,0.0,82.84573640995443,6.301489e-06
110.488,0.0,82.84531174106162,5.744732e-06
110.488,0.0,82.84490723020664,4.423491e-06
110.488,0.0,82.8444838344289,5.867521e-06
110.488,0.0,82.84406414086465,6.319751e-06
110.488,0.0,82.84365057863253,5.70032e-06
110.488,0.0,82.8432006502504,5.276044e-06
110.488,0.0,82.84280023962226,5.890412e-06
110.488,0.0,82.84239445163476,5.182301e-06
110.488,0.0,82.84199272145004,4.615009e-06
110.488,0.0,82.84153715410325,6.347822e-06
110.488,0.0,82.841126784073,6.319256e-06
110.488,0.0,82.84072436507523,5.84482e-06
110.488,0.0,82.84029346305924,5.349764e-06
110.488,0.0,82.83988686159967,6.446833e-06
110.488,0.0,82.8394700470852,5.899507e-06
110.488,0.0,82.83904922065052,5.054884e-06
110.488,0.0,82.83862395984553,6.560658e-06
110.488,0.0,82.83819475952724,6.61287e-06
110.488,0.0,82.83776842454358,5.940208e-06
110.488,0.0,82.83737262670918,5.242808e-06
110.488,0.0,82.83696257121905,6.30971e-06
110.488,0.0,82.836551105847,6.142087e-06
110.488,0.0,82.83612745534798,5.226655e-06
110.488,0.0,82.83568062610884,6.638147e-06
110.488,0.0,82.83527477113381,6.498871e-06
110.488,0.0,82.83485541901695,5.967609e-06
110.488,0.0,82.83444315092578,5.673428e-06
110.488,0.0,82.83400665788163,6.258691e-06
110.488,0.0,82.83359915472612,5.263937e-06
110.488,0.0,82.83317991142142,5.488691e-06
110.488,0.0,82.83275852932123,6.742572e-06
110.488,0.0,82.832348466494,6.013812e-06
110.488,0.0,82.83191546092823,5.654321e-06
110.488,0.0,82.83150315912981,6.202143e-06
110.488,0.0,82.83107866012551,6.096496e-06
110.488,0.0,82.83065460657954,5.272319e-06
110.488,0.0,82.83025028482204,5.486581e-06
110.488,0.0,82.82984221004929,6.503426e-06
110.488,0.0,82.82943466536445,5.923081e-06
110.488,0.0,82.82901951335685,5.209833e-06
110.488,0.0,82.82859523323833,6.221177e-06
110.488,0.0,82.82818102335051,5.999827e-06
110.488,0.0,82.82776966717906,5.2791e-06
110.488,0.0,82.82735397096617,5.9249e-06
110.488,0.0,82.82691940396673,6.333488e-06
110.488,0.0,82.8265161309171,5.552254e-06
110.488,0.0,82.82610101432883,5.103459e-06
110.488,0.0,82.8256651050984,6.163478e-06
110.488,0.0,82.82525916786834,5.924841e-06
110.488,0.0,82.82484393605539,5.465161e-06
110.488,0.0,82.82441102870345,6.107599e-06
110.488,0.0,82.8240004544563,6.001865e-06
110.488,0.0,82.82356761372755,5.255162e-06
110.488,0.0,82.82315439752769,5.748472e-06
110.488,0.0,82.82272281095497,6.174523e-06
110.488,0.0,82.82232400090474,5.592054e-06
110.488,0.0,82.8219217266337,5.662558e-06
110.488,0.0,82.82149438595016,6.037648e-06
110.488,0.0,82.8210737759411,5.255701e-06
110.488,0.0,82.8206346974785,4.323723e-06
110.488,0.0,82.82022799190105,5.427763e-06
110.488,0.0,82.8198146919067,5.729918e-06
110.488,0.0,82.81939474068486,5.398251e-06
110.488,0.0,82.81897801435821,5.416863e-06
110.488,0.0,82.81856878833854,5.863141e-06
110.488,0.0,82.81813996614319,4.970061e-06
110.488,0.0,82.81773598490732,4.792761e-06
110.488,0.0,82.81732837195314,5.870272e-06
110.488,0.0,82.81688925401242,5.612397e-06
110.488,0.0,82.81646189434258,5.165915e-06
110.488,0.0,82.81605988592132,5.035821e-06
110.488,0.0,82.81563703933989,4.77623e-06
110.488,0.0,82.81521825781863,4.532063e-06
110.488,0.0,82.81479061434356,5.317823e-06
110.488,0.0,82.81436622422586,5.440321e-06
110.488,0.0,82.81395641467405,5.05177e-06
110.488,0.0,82.81353790099513,5.053706e-06
110.488,0.0,82.81312706698107,5.279275e-06
110.488,0.0,82.81271053909796,4.694492e-06
110.488,0.0,82.81226231829038,4.92252e-06
110.488,0.0,82.8118562448871,5.392256e-06
110.488,0.0,82.81143832421648,5.075082e-06
110.488,0.0,82.81103269586757,4.522444e-06
110.488,0.0,82.81061809879579,5.060938e-06
110.488,0.0,82.81018347320655,5.108115e-06
110.488,0.0,82.80978459516005,4.68787e-06
110.488,0.0,82.80936665332116,5.405149e-06
110.488,0.0,82.80897376215988,5.400318e-06
110.488,0.0,82.80854329847169,4.736401e-06
110.488,0.0,82.80811728384705,4.824236e-06
110.488,0.0,82.80768420820463,5.277456e-06
110.488,0.0,82.80727741025268,4.657413e-06
110.488,0.0,82.80686522317117,4.794798e-06
110.488,0.0,82.80645731253215,5.320355e-06
110.488,0.0,82.80604177164398,4.638103e-06
110.488,0.0,82.80562222262759,4.285568e-06
110.488,0.0,82.80519111572913,4.922942e-06
110.488,0.0,82.8047861831601,4.599904e-06
110.488,0.0,82.80433680087873,4.211659e-06
110.488,0.0,82.80394247874402,5.158901e-06
110.488,0.0,82.80351845899102,4.961723e-06
110.488,0.0,82.80310873081818,4.342306e-06
110.488,0.0,82.80267516532304,4.505055e-06
110.488,0.0,82.80227160053836,4.741567e-06
110.488,0.0,82.80181867774506,4.152302e-06
110.488,0.0,82.80142615953143,4.363537e-06
110.488,0.0,82.80100123859178,4.8277e-06
110.488,0.0,82.80058715937133,4.107991e-06
110.488,0.0,82.80016585571339,3.800102e-06
110.488,0.0,82.79975876219926,4.646383e-06
110.488,0.0,82.79934181913032,4.167014e-06
110.488,0.0,82.79894323875648,3.966052e-06
110.488,0.0,82.79848268951203,4.640024e-06
110.488,0.0,82.79809601586936,3.992784e-06
110.488,0.0,82.79766114176245,3.32405e-06
110.488,0.0,82.79725127242986,4.290327e-06
110.488,0.0,82.79683825179026,4.300848e-06
110.488,0.0,82.79643670702477,3.85489e-06
110.488,0.0,82.79598359307006,4.177666e-06
110.488,0.0,82.79556159916076,4.140937e-06
110.488,0.0,82.79514837492863,3.429392e-06
110.488,0.0,82.7947246358199,4.067566e-06
110.488,0.0,82.79431254520608,4.536356e-06
110.488,0.0,82.79387452564627,3.901165e-06
110.488,0.0,82.79347313488621,4.008631e-06
110.488,0.0,82.79305452671792,4.395566e-06
110.488,0.0,82.79263564109556,3.685273e-06
110.488,0.0,82.79222553155499,3.692185e-06
110.488,0.0,82.79181325949338,4.595669e-06
110.488,0.0,82.79137142992548,4.206144e-06
110.488,0.0,82.79095093798674,4.058864e-06
110.488,0.0,82.7905506583729,4.568617e-06
110.488,0.0,82.79012465403697,4.058369e-06
110.488,0.0,82.78971691457046,3.561436e-06
110.488,0.0,82.78930022067019,4.639645e-06
110.488,0.0,82.7888886229342,4.593574e-06
110.488,0.0,82.78848233669902,3.86039e-06
110.488,0.0,82.78805769733563,4.188347e-06
110.488,0.0,82.78764877617066,4.740796e-06
110.488,0.0,82.78723286764917,3.736568e-06
110.488,0.0,82.78681426562642,4.046989e-06
110.488,0.0,82.78638038960321,4.839778e-06
110.488,0.0,82.7859687085554,4.18433e-06
110.488,0.0,82.78554289502524,3.994326e-06
110.488,0.0,82.78513286387094,4.779315e-06
110.488,0.0,82.78471242561531,4.157715e-06
110.488,0.0,82.78429825187169,3.773705e-06
110.488,0.0,82.78386882008205,4.929243e-06
110.488,0.0,82.78345391153019,4.625967e-06
110.488,0.0,82.78304347085438,3.882029e-06
110.488,0.0,82.78261941068439,4.383066e-06
110.488,0.0,82.78219419734843,4.559712e-06
110.488,0.0,82.78179733691142,2.98908e-06
110.488,0.0,82.78137998935014,3.72756e-06
110.488,0.0,82.78094522501817,4.591799e-06
110.488,0.0,82.78051405230948,4.159694e-06
110.488,0.0,82.78010083035251,3.897265e-06
110.488,0.0,82.77969457938255,4.61431e-06
110.488,0.0,82.7792802634526,4.127665e-06
110.488,0.0,82.77886606401636,4.348985e-06
110.488,0.0,82.77845267828205,5.206311e-06
110.488,0.0,82.7780425821795,4.759175e-06
110.488,0.0,82.7776169783992,4.167669e-06
110.488,0.0,82.77716117627035,4.89394e-06
110.488,0.0,82.77674664079,4.639965e-06
110.488,0.0,82.77634875906796,4.169648e-06
110.488,0.0,82.7759459519958,5.332564e-06
110.488,0.0,82.77552751848332,5.379101e-06
110.488,0.0,82.77510436285752,4.518981e-06
110.488,0.0,82.77465589512697,5.020498e-06
110.488,0.0,82.77422804541597,5.324298e-06
110.488,0.0,82.77383761649409,4.372603e-06
110.488,0.0,82.77342177691871,4.792804e-06
110.488,0.0,82.77300436998435,5.367445e-06
110.488,0.0,82.77256266880201,4.789385e-06
110.488,0.0,82.77214673463064,4.632529e-06
110.488,0.0,82.77172550023745,5.690759e-06
110.488,0.0,82.77132534536216,4.897636e-06
110.488,0.0,82.77091786395094,4.954622e-06
110.488,0.0,82.7705045123323,5.26612e-06
110.488,0.0,82.77009440202599,4.452857e-06
110.488,0.0,82.76966509133244,4.200294e-06
110.488,0.0,82.76924753282493,5.705268e-06
110.488,0.0,82.76881713097539,5.657814e-06
110.488,0.0,82.76840442820325,5.297916e-06
110.488,0.0,82.76799862049347,6.152957e-06
110.488,0.0,82.7675760727926,6.14443e-06
110.488,0.0,82.76714955739281,4.974281e-06
110.488,0.0,82.76673927981861,5.781039e-06
110.488,0.0,82.76633749722068,6.5762e-06
110.488,0.0,82.76592315067165,5.760507e-06
110.488,0.0,82.76549724761564,6.01662e-06
110.488,0.0,82.76506237062158,6.512593e-06
110.488,0.0,82.76465666306835,5.4025e-06
110.488,0.0,82.76424487430387,5.376351e-06
110.488,0.0,82.76379343659234,6.738701e-06
110.488,0.0,82.76339224993565,6.005968e-06
110.488,0.0,82.76298462559257,5.68312e-06
110.488,0.0,82.76255097242182,6.511749e-06
110.488,0.0,82.76213682354316,6.174625e-06
110.488,0.0,82.76172531354592,5.124879e-06
110.488,0.0,82.76130684970762,6.539703e-06
110.488,0.0,82.76090709922416,6.697242e-06
110.488,0.0,82.76045539268439,5.950686e-06
110.488,0.0,82.76003766569025,6.256989e-06
110.488,0.0,82.7596215515772,6.233793e-06
110.488,0.0,82.7592073048919,4.730435e-06
110.488,0.0,82.75880442425883,5.466645e-06
110.488,0.0,82.75838965613158,6.439499e-06
110.488,0.0,82.75795242905343,5.308495e-06
110.488,0.0,82.7575377800979,4.597794e-06
110.488,0.0,82.75711165790027,5.000722e-06
110.488,0.0,82.75670350520858,4.46639e-06
110.488,0.0,82.7562889071158,5.573398e-06
110.488,0.0,82.75588048518267,6.828093e-06
110.488,0.0,82.75544724826688,6.361341e-06
110.488,0.0,82.75503499749456,5.82698e-06
110.488,0.0,82.7545989523329,6.584451e-06
110.488,0.0,82.75418752441229,6.131726e-06
110.488,0.0,82.75377844109356,5.682858e-06
110.488,0.0,82.7533645712654,6.995659e-06
110.488,0.0,82.75291807443622,6.788323e-06
110.488,0.0,82.75250313084665,5.834532e-06
110.488,0.0,82.75210048655052,6.647664e-06
110.488,0.0,82.75167237162238,6.779592e-06
110.488,0.0,82.75124902614911,5.667403e-06
110.488,0.0,82.75084418174252,6.722621e-06
110.488,0.0,82.75043727844255,7.142196e-06
110.488,0.0,82.7500072611261,6.41268e-06
110.488,0.0,82.74959842089613,6.231785e-06
110.488,0.0,82.74916900676433,7.340132e-06
110.488,0.0,82.748756427444,6.332048e-06
110.488,0.0,82.7483563195741,6.053771e-06
110.488,0.0,82.74795488589088,7.60016e-06
110.488,0.0,82.74752787758457,6.457602e-06
110.488,0.0,82.74711499534027,5.83331e-06
110.488,0.0,82.74668163747704,7.159339e-06
110.488,0.0,82.74624656959129,7.459093e-06
110.488,0.0,82.74584242747669,6.208735e-06
110.488,0.0,82.74542523808839,6.769929e-06
110.488,0.0,82.74502069119657,7.428884e-06
110.488,0.0,82.74458714344327,6.201561e-06
110.488,0.0,82.74415823299731,6.112532e-06
110.488,0.0,82.74371820079051,7.469134e-06
110.488,0.0,82.74331667093517,6.601389e-06
110.488,0.0,82.74290572667773,6.299e-06
110.488,0.0,82.74248465039145,7.564682e-06
110.488,0.0,82.7420752690756,7.025592e-06
110.488,0.0,82.74164269244258,5.937953e-06
110.488,0.0,82.74123783063213,7.41049e-06
110.488,0.0,82.74083230502845,7.413342e-06
110.488,0.0,82.74042546107741,6.971386e-06
110.488,0.0,82.73998601080446,7.319934e-06
110.488,0.0,82.739561872536,7.57935e-06
110.488,0.0,82.7391359431237,6.373913e-06
110.488,0.0,82.73872543669188,6.897215e-06
110.488,0.0,82.73831490345204,7.878552e-06
110.488,0.0,82.73790901385702,7.254945e-06
110.488,0.0,82.7374888442139,7.13169e-06
110.488,0.0,82.73707982644028,7.588969e-06
110.488,0.0,82.73665740778816,6.587914e-06
110.488,0.0,82.73623327109391,6.319329e-06
110.488,0.0,82.7357875901887,8.183764e-06
110.488,0.0,82.73538878910178,7.489798e-06
110.488,0.0,82.73497847095055,7.290757e-06
110.488,0.0,82.73455776469774,7.970753e-06
110.488,0.0,82.73411982589029,7.070325e-06
110.488,0.0,82.73367727962145,5.992217e-06
110.488,0.0,82.73327221386752,7.441093e-06
110.488,0.0,82.73286383788377,8.225048e-06
110.488,0.0,82.7324500406181,7.587951e-06
110.488,0.0,82.73204240388385,7.644412e-06
110.488,0.0,82.73162287449674,7.959228e-06
110.488,0.0,82.73119118840245,6.843344e-06
110.488,0.0,82.73079465717116,6.75887e-06
110.488,0.0,82.73038766805671,8.215968e-06
110.488,0.0,82.7299757854609,7.684255e-06
110.488,0.0,82.72954457755301,7.731229e-06
110.488,0.0,82.72912438737156,7.874478e-06
110.488,0.0,82.72871589527293,7.757146e-06
110.488,0.0,82.72828097259782,6.351649e-06
110.488,0.0,82.7278668753185,6.962291e-06
110.488,0.0,82.72744472157588,8.326824e-06
110.488,0.0,82.72703292217619,7.465365e-06
110.488,0.0,82.72661324850573,7.087801e-06
110.488,0.0,82.72620361352682,7.770839e-06
110.488,0.0,82.72579665869955,7.296985e-06
110.488,0.0,82.72538580347465,6.402959e-06
110.488,0.0,82.72493115741328,7.521754e-06
110.488,0.0,82.72452457940688,7.687122e-06
110.488,0.0,82.72410045142891,6.278759e-06
110.488,0.0,82.72369285183393,6.574905e-06
110.488,0.0,82.7232848572826,7.731258e-06
110.488,0.0,82.72286847216778,7.450333e-06
110.488,0.0,82.72241655119127,7.022769e-06
110.488,0.0,82.72200509512443,8.532559e-06
110.488,0.0,82.72159433347564,8.486779e-06
110.488,0.0,82.72118099425926,7.557523e-06
110.488,0.0,82.72076830862866,7.737894e-06
110.488,0.0,82.72034986043035,8.320465e-06
110.488,0.0,82.71992041713118,6.959002e-06
110.488,0.0,82.71950438405659,7.404655e-06
110.488,0.0,82.71908751278113,8.304603e-06
110.488,0.0,82.71866508938265,7.644587e-06
110.488,0.0,82.71824874716438,7.518116e-06
110.488,0.0,82.71784355291292,8.332747e-06
110.488,0.0,82.71743581774598,7.832015e-06
110.488,0.0,82.71702652442713,6.898437e-06
110.488,0.0,82.71661207340685,8.324248e-06
110.488,0.0,82.71618173038385,8.365183e-06
110.488,0.0,82.71575317167957,7.473791e-06
110.488,0.0,82.7153317733006,7.511961e-06
110.488,0.0,82.71490085627299,7.103226e-06
110.488,0.0,82.71448556124699,6.397851e-06
110.488,0.0,82.71406282934122,6.458271e-06
110.488,0.0,82.71364147733327,7.809344e-06
110.488,0.0,82.71322959650442,7.838069e-06
110.488,0.0,82.71282322647745,7.278679e-06
110.488,0.0,82.71239040448845,7.454801e-06
110.488,0.0,82.7119788128234,6.428396e-06
110.488,0.0,82.71156132718063,6.146598e-06
110.488,0.0,82.7111363659103,6.56581e-06
110.488,0.0,82.71073130453831,8.265401e-06
110.488,0.0,82.71032104802603,8.125047e-06
110.488,0.0,82.70989075486862,7.633396e-06
110.488,0.0,82.70946477310751,8.755829e-06
110.488,0.0,82.70906755590921,8.116273e-06
110.488,0.0,82.70866396665426,8.231451e-06
110.488,0.0,82.7082207065816,8.466348e-06
110.488,0.0,82.7077973347996,8.32793e-06
110.488,0.0,82.70739801653092,7.305789e-06
110.488,0.0,82.70697362290214,7.448951e-06
110.488,0.0,82.7065657605565,8.534116e-06
110.488,0.0,82.7061392897967,8.339135e-06
110.488,0.0,82.70573171486099,8.846328e-06
110.488,0.0,82.7053186323266,8.679213e-06
110.488,0.0,82.70486733556902,8.480289e-06
110.488,0.0,82.70445556565922,7.505558e-06
110.488,0.0,82.70404557751085,7.951283e-06
110.488,0.0,82.70363740936779,9.307521e-06
110.488,0.0,82.70321933870622,9.135649e-06
110.488,0.0,82.70279119513584,8.90407e-06
110.488,0.0,82.70236052701325,9.020092e-06
110.488,0.0,82.70195773718082,9.021373e-06
110.488,0.0,82.70153810308636,7.660405e-06
110.488,0.0,82.70111393538669,8.846735e-06
110.488,0.0,82.70069887553932,9.384399e-06
110.488,0.0,82.70029157596144,9.371215e-06
110.488,0.0,82.69988311052136,8.808594e-06
110.488,0.0,82.69944527551112,9.371492e-06
110.488,0.0,82.69902983523477,8.728297e-06
110.488,0.0,82.69860677830357,7.721173e-06
110.488,0.0,82.69818577820848,9.086842e-06
110.488,0.0,82.6977667155,9.499418e-06
110.488,0.0,82.69735943804788,8.953037e-06
110.488,0.0,82.69695214914124,8.552728e-06
110.488,0.0,82.69654419011,7.616749e-06
110.488,0.0,82.69610437710452,6.529706e-06
110.488,0.0,82.69567976866823,6.699644e-06
110.488,0.0,82.69525939443085,9.096562e-06
110.488,0.0,82.69484740049766,8.669158e-06
110.488,0.0,82.69443435672116,8.53707e-06
110.488,0.0,82.69400856598216,8.203788e-06
110.488,0.0,82.69356911178298,8.402902e-06
110.488,0.0,82.69315883591861,7.817769e-06
110.488,0.0,82.69273476334294,8.099611e-06
110.488,0.0,82.69233101456888,9.464886e-06
110.488,0.0,82.69192790513921,9.047755e-06
110.488,0.0,82.69149976221928,8.320843e-06
110.488,0.0,82.69106620628071,8.775707e-06
110.488,0.0,82.69065062575952,8.941788e-06
110.488,0.0,82.69023636880647,8.427989e-06
110.488,0.0,82.68983435192753,8.512914e-06
110.488,0.0,82.68942978863656,9.204072e-06
110.488,0.0,82.68900301521408,8.641815e-06
110.488,0.0,82.68859805981668,8.286748e-06
110.488,0.0,82.68816956310417,8.350995e-06
110.488,0.0,82.68776470477907,9.02242e-06
110.488,0.0,82.687336143594,7.489798e-06
110.488,0.0,82.68691576442401,7.998286e-06
110.488,0.0,82.68651248755073,9.41279e-06
110.488,0.0,82.68609248353116,9.185096e-06
110.488,0.0,82.68566396371943,9.203548e-06
110.488,0.0,82.68525216369164,8.608913e-06
110.488,0.0,82.68481120893425,9.485753e-06
110.488,0.0,82.68441331645839,8.542294e-06
110.488,0.0,82.68399752083349,8.65398e-06
110.488,0.0,82.68357902527997,9.764059e-06
110.488,0.0,82.6831525506012,9.159514e-06
110.488,0.0,82.68272662358562,8.778676e-06
110.488,0.0,82.68230104260614,8.010233e-06
110.488,0.0,82.6818828983129,8.91868e-06
110.488,0.0,82.6814700200776,8.463641e-06
110.488,0.0,82.6810498349219,8.498944e-06
110.488,0.0,82.68064170856356,9.449475e-06
110.488,0.0,82.68023055704104,9.065334e-06
110.488,0.0,82.67981475074494,8.151444e-06
110.488,0.0,82.67936540992285,8.686489e-06
110.488,0.0,82.67895974614635,9.316456e-06
110.488,0.0,82.67854992026177,9.205003e-06
110.488,0.0,82.67813467404069,8.753035e-06
110.488,0.0,82.67769757020227,9.412528e-06
110.488,0.0,82.67729601192718,8.845091e-06
110.488,0.0,82.67689550163577,7.706869e-06
110.488,0.0,82.67647556813183,8.425239e-06
110.488,0.0,82.67605604950306,9.246534e-06
110.488,0.0,82.67563038801558,9.187861e-06
110.488,0.0,82.67519415565846,8.791365e-06
110.488,0.0,82.67478520349101,9.315496e-06
110.488,0.0,82.67436027517607,8.347895e-06
110.488,0.0,82.6739682068317,7.419789e-06
110.488,0.0,82.6735193269157,8.343661e-06
110.488,0.0,82.67309002383116,9.341107e-06
110.488,0.0,82.6726702367196,1.016365e-05
110.488,0.0,82.67227185733118,9.540381e-06
110.488,0.0,82.67185246451159,9.565818e-06
110.488,0.0,82.67143383920707,9.451833e-06
110.488,0.0,82.67102631191707,7.85997e-06
110.488,0.0,82.67061207955415,8.367657e-06
110.488,0.0,82.67019949914645,9.646523e-06
110.488,0.0,82.66978844598216,9.898213e-06
110.488,0.0,82.6693761688507,9.139039e-06
110.488,0.0,82.66895454524833,8.900097e-06
110.488,0.0,82.66852599706918,9.304582e-06
110.488,0.0,82.66809226737507,7.900395e-06
110.488,0.0,82.66767442759624,7.981042e-06
110.488,0.0,82.66726665849862,9.443058e-06
110.488,0.0,82.6668600076661,9.874377e-06
110.488,0.0,82.6664478158762,9.65358e-06
110.488,0.0,82.66602477313879,8.914198e-06
110.488,0.0,82.66560019265088,8.981588e-06
110.488,0.0,82.66519407304067,7.731229e-06
110.488,0.0,82.66473596499466,8.014889e-06
110.488,0.0,82.6643329430366,9.553551e-06
110.488,0.0,82.66392964069681,9.274067e-06
110.488,0.0,82.66352321534707,9.501367e-06
110.488,0.0,82.66308578382503,8.592368e-06
110.488,0.0,82.6626658802998,8.618372e-06
110.488,0.0,82.66226247623699,8.04977e-06
110.488,0.0,82.66182471429137,8.051371e-06
110.488,0.0,82.66141239295655,9.396754e-06
110.488,0.0,82.66100662121954,8.962728e-06
110.488,0.0,82.66057512553238,9.125011e-06
110.488,0.0,82.66016609253587,8.486517e-06
110.488,0.0,82.65971450621531,9.327792e-06
110.488,0.0,82.65932443614182,8.515388e-06
110.488,0.0,82.65891182313878,8.706716e-06
110.488,0.0,82.65848405399052,9.716838e-06
110.488,0.0,82.65807091093663,9.194002e-06
110.488,0.0,82.65764051943106,9.404408e-06
110.488,0.0,82.6572335554832,8.47748e-06
110.488,0.0,82.6568200849915,9.625917e-06
110.488,0.0,82.65640872294847,8.465737e-06
110.488,0.0,82.65599236025517,8.238829e-06
110.488,0.0,82.65556458326473,9.440948e-06
110.488,0.0,82.6551668580638,8.813222e-06
110.488,0.0,82.65471845819653,8.324379e-06
110.488,0.0,82.65430216749408,7.378738e-06
110.488,0.0,82.65388559214334,8.822404e-06
110.488,0.0,82.6534661182575,8.395946e-06
110.488,0.0,82.65303415387187,8.131028e-06
110.488,0.0,82.65262515514657,9.702708e-06
110.488,0.0,82.65221716019762,9.947034e-06
110.488,0.0,82.65178327833054,1.00257e-05
110.488,0.0,82.65136733253576,8.64199e-06
110.488,0.0,82.65096589080052,9.609474e-06
110.488,0.0,82.65053359753529,8.966104e-06
110.488,0.0,82.65012116879556,8.409232e-06
110.488,0.0,82.64971506627987,9.597643e-06
110.488,0.0,82.64929954326117,9.988711e-06
110.488,0.0,82.64890336713117,9.551368e-06
110.488,0.0,82.64847440138811,8.852396e-06
110.488,0.0,82.64806192520264,9.333264e-06
110.488,0.0,82.64763584093768,9.314041e-06
110.488,0.0,82.64722838952707,9.033567e-06
110.488,0.0,82.64680657962376,9.211537e-06
110.488,0.0,82.64639925357196,1.014244e-05
110.488,0.0,82.64597859926184,9.521755e-06
110.488,0.0,82.6455505227318,8.900548e-06
110.488,0.0,82.64513414375057,8.732968e-06
110.488,0.0,82.64470006439535,9.394615e-06
110.488,0.0,82.64429439988288,9.609546e-06
110.488,0.0,82.64387074254579,8.975738e-06
110.488,0.0,82.64347082916397,9.618918e-06
110.488,0.0,82.64302362857164,8.693911e-06
110.488,0.0,82.64260863848135,7.771014e-06
110.488,0.0,82.64218662496614,8.468618e-06
110.488,0.0,82.64178493888984,9.189767e-06
110.488,0.0,82.64136224602612,9.860683e-06
110.488,0.0,82.64095350397568,9.105512e-06
110.488,0.0,82.6405252175521,9.789714e-06
110.488,0.0,82.64010785160653,9.561452e-06
110.488,0.0,82.63969021185588,8.619565e-06
110.488,0.0,82.63926706744132,8.787625e-06
110.488,0.0,82.638853097504,9.684969e-06
110.488,0.0,82.63842881873963,9.842333e-06
110.488,0.0,82.63802505358795,8.740215e-06
110.488,0.0,82.6375969731229,9.328127e-06
110.488,0.0,82.63716751338347,8.810777e-06
110.488,0.0,82.6367661613408,7.50467e-06
110.488,0.0,82.63634955381065,7.433177e-06
110.488,0.0,82.63591488554745,8.456584e-06
110.488,0.0,82.6355084646871,9.273906e-06
110.488,0.0,82.63510495525624,7.889728e-06
110.488,0.0,82.63466475685587,8.341201e-06
110.488,0.0,82.63423612015397,8.284158e-06
110.488,0.0,82.63383097566799,7.464041e-06
110.488,0.0,82.63340713902696,8.531468e-06
110.488,0.0,82.63298575506388,9.13252e-06
110.488,0.0,82.63257786597588,9.481882e-06
110.488,0.0,82.63215507881822,8.529663e-06
110.488,0.0,82.63171423273252,8.729548e-06
110.488,0.0,82.63131201072044,8.716612e-06
110.488,0.0,82.63089503732365,7.427312e-06
110.488,0.0,82.63050030709493,7.986702e-06
110.488,0.0,82.63007416150538,9.114869e-06
110.488,0.0,82.62966833541905,8.573566e-06
110.488,0.0,82.62924200020237,8.559524e-06
110.488,0.0,82.62882916525585,7.872848e-06
110.488,0.0,82.62842106148183,8.371702e-06
110.488,0.0,82.62797539106532,6.85468e-06
110.488,0.0,82.62756063011764,6.696064e-06
110.488,0.0,82.62717085850458,8.359915e-06
110.488,0.0,82.62673901317918,8.044546e-06
110.488,0.0,82.62632287096035,7.977054e-06
110.488,0.0,82.62592362387676,6.878981e-06
110.488,0.0,82.62548765118511,8.082279e-06
110.488,0.0,82.62508616231787,7.139912e-06
110.488,0.0,82.62466054791007,6.450762e-06
110.488,0.0,82.62423433288872,7.574592e-06
110.488,0.0,82.62380959724,7.012975e-06
110.488,0.0,82.62338070837355,6.470655e-06
110.488,0.0,82.62296212646227,5.24499e-06
110.488,0.0,82.62253810781941,5.480091e-06
110.488,0.0,82.62212137730769,5.450274e-06
110.488,0.0,82.62171327455673,5.621463e-06
110.488,0.0,82.62128979510956,7.567476e-06
110.488,0.0,82.62089099243941,8.433344e-06
110.488,0.0,82.62044669640227,8.557996e-06
110.488,0.0,82.62004700080547,7.816896e-06
110.488,0.0,82.61963784731485,8.755669e-06
110.488,0.0,82.61918653144029,7.283219e-06
110.488,0.0,82.61879453080815,6.454124e-06
110.488,0.0,82.61837508367057,8.226722e-06
110.488,0.0,82.61796362045031,8.766146e-06
110.488,0.0,82.61755927923805,8.494375e-06
110.488,0.0,82.61711923938937,7.927549e-06
110.488,0.0,82.61669355472695,8.534116e-06
110.488,0.0,82.61630036411579,8.234463e-06
110.488,0.0,82.61590389475549,7.574141e-06
110.488,0.0,82.61545654778841,8.451665e-06
110.488,0.0,82.6150282789218,8.729025e-06
110.488,0.0,82.61460558929969,8.492876e-06
110.488,0.0,82.61418294478686,7.623385e-06
110.488,0.0,82.61376188768438,8.003379e-06
110.488,0.0,82.6133308331262,8.073825e-06
110.488,0.0,82.61290591586484,7.966242e-06
110.488,0.0,82.61250095677836,8.499919e-06
110.488,0.0,82.61208104380654,8.405783e-06
110.488,0.0,82.61165996920978,7.940776e-06
110.488,0.0,82.61124562445544,7.470197e-06
110.488,0.0,82.61084147269982,8.301184e-06
110.488,0.0,82.61041950253794,8.025265e-06
110.488,0.0,82.61000176769355,7.607232e-06
110.488,0.0,82.60960083444567,7.330425e-06
110.488,0.0,82.60917499409896,7.82244e-06
110.488,0.0,82.60874402872459,7.145776e-06
110.488,0.0,82.6083401069216,6.511575e-06
110.488,0.0,82.6079452941398,7.797091e-06
110.488,0.0,82.6075234458959,8.13909e-06
110.488,0.0,82.60709039729842,8.177944e-06
110.488,0.0,82.60666771216302,7.880488e-06
110.488,0.0,82.60626168513366,8.486226e-06
110.488,0.0,82.60585979068426,7.663664e-06
110.488,0.0,82.60542133862462,6.850591e-06
110.488,0.0,82.60500068695127,7.865136e-06
110.488,0.0,82.60457567643522,8.608156e-06
110.488,0.0,82.60417631737882,8.385643e-06
110.488,0.0,82.60374385888494,7.534938e-06
110.488,0.0,82.60334274986647,8.524803e-06
110.488,0.0,82.60289805540768,8.200455e-06
110.488,0.0,82.6024957863511,7.846742e-06
110.488,0.0,82.60207225475216,8.948875e-06
110.488,0.0,82.60164087556711,9.384981e-06
110.488,0.0,82.60120824588307,8.663148e-06
110.488,0.0,82.60081416070997,8.039802e-06
110.488,0.0,82.60041497675023,7.986775e-06
110.488,0.0,82.599978030731,7.201859e-06
110.488,0.0,82.59956488426351,7.417329e-06
110.488,0.0,82.59913346197891,8.354531e-06
110.488,0.0,82.59871865303481,8.579213e-06
110.488,0.0,82.59830866243597,8.000381e-06
110.488,0.0,82.5979050096779,8.013769e-06
110.488,0.0,82.59749747770505,7.887022e-06
110.488,0.0,82.5970607564582,7.534531e-06
110.488,0.0,82.5966215633018,7.894036e-06
110.488,0.0,82.59620958450542,8.513161e-06
110.488,0.0,82.59580556975195,8.959629e-06
110.488,0.0,82.59537795715725,7.378185e-06
110.488,0.0,82.59496375174706,8.064962e-06
110.488,0.0,82.59453459259305,7.887546e-06
110.488,0.0,82.59411102922363,7.443465e-06
110.488,0.0,82.59369468066005,8.360308e-06
110.488,0.0,82.59328037515029,8.230112e-06
110.488,0.0,82.5928708801355,8.566261e-06
110.488,0.0,82.59242445918576,7.495604e-06
110.488,0.0,82.59203054726363,8.218994e-06
110.488,0.0,82.59161784933477,7.798066e-06
110.488,0.0,82.59120513939102,7.637544e-06
110.488,0.0,82.59077058166697,8.618037e-06
110.488,0.0,82.59037379588227,8.824092e-06
110.488,0.0,82.58992661206106,8.763847e-06
110.488,0.0,82.58952473406325,7.451454e-06
110.488,0.0,82.58912101541502,8.181727e-06
110.488,0.0,82.58868521809731,7.81336e-06
110.488,0.0,82.58826030492489,7.859111e-06
110.488,0.0,82.58786846095359,8.252653e-06
110.488,0.0,82.58745904162865,8.463292e-06
110.488,0.0,82.58702805834666,8.033923e-06
110.488,0.0,82.58661881768816,7.604656e-06
110.488,0.0,82.58621046704339,7.641676e-06
110.488,0.0,82.58576055148677,7.482085e-06
110.488,0.0,82.5853608826385,8.33589e-06
