Y_dimension(mm),Button,True_depth(m),meas
115.556,0.0,0.9309296875000002,3.27381e-09
115.556,0.0,0.9306796875000001,3.2628e-09
115.556,0.0,0.9304296875000001,3.53797e-09
115.556,0.0,0.9301796875000001,4.04493e-09
115.556,0.0,0.9299296875000002,4.463835e-09
115.556,0.0,0.9296796875000001,5.25133e-09
115.556,0.0,0.9294296875000001,5.73044e-09
115.556,0.0,0.9291796875000001,6.1491750000000005e-09
115.556,0.0,0.9289296875000002,6.738506666666667e-09
115.556,0.0,0.9286796875000001,7.61632e-09
115.556,0.0,0.9284296875000001,8.113465e-09
115.556,0.0,0.9281796875000001,9.017535e-09
115.556,0.0,0.9279296875000002,1.0146785e-08
115.556,0.0,0.9276796875000001,1.05109e-08
115.556,0.0,0.9274296875000001,1.0729e-08
115.556,0.0,0.9271796875000001,1.0389035e-08
115.556,0.0,0.9269296875000002,1.01388e-08
115.556,0.0,0.9266796875000001,1.08196e-08
115.556,0.0,0.9264296875000001,1.1730450000000001e-08
115.556,0.0,0.9261796875000001,1.21095e-08
115.556,0.0,0.9259296875000002,1.265235e-08
115.556,0.0,0.9256796875000001,1.33144e-08
115.556,0.0,0.9254296875000001,1.3908e-08
115.556,0.0,0.9251796875000001,1.464325e-08
115.556,0.0,0.9249296875000002,1.51238e-08
115.556,0.0,0.9246796875000001,1.5750099999999998e-08
115.556,0.0,0.9244296875000001,1.60453e-08
115.556,0.0,0.9241796875000001,1.6253650000000002e-08
115.556,0.0,0.9239296875000002,1.67692e-08
115.556,0.0,0.9236796875000001,1.71085e-08
115.556,0.0,0.9234296875000001,1.75517e-08
115.556,0.0,0.9231796875000001,1.819015e-08
115.556,0.0,0.9229296875000002,1.882595e-08
115.556,0.0,0.9226796875000001,1.94434e-08
115.556,0.0,0.9224296875000001,1.96901e-08
115.556,0.0,0.9221796875000001,2.01422e-08
115.556,0.0,0.9219296875000002,2.0990133333333336e-08
115.556,0.0,0.9216796875000001,2.14897e-08
115.556,0.0,0.9214296875000001,2.187285e-08
115.556,0.0,0.9211796875000001,2.21806e-08
115.556,0.0,0.9209296875000001,2.25564e-08
115.556,0.0,0.9206796875000001,2.29516e-08
115.556,0.0,0.9204296875000001,2.318945e-08
115.556,0.0,0.9201796875000001,2.32957e-08
115.556,0.0,0.9199296875000001,2.347415e-08
115.556,0.0,0.9196796875000001,2.36801e-08
115.556,0.0,0.9194296875000001,2.376105e-08
115.556,0.0,0.9191796875000001,2.38709e-08
115.556,0.0,0.9189296875000001,2.397915e-08
115.556,0.0,0.9186796875000001,2.41833e-08
115.556,0.0,0.9184296875000001,2.409315e-08
115.556,0.0,0.9181796875000001,2.41097e-08
115.556,0.0,0.9179296875000001,2.38803e-08
115.556,0.0,0.9176796875000001,2.39573e-08
115.556,0.0,0.9174296875000001,2.38568e-08
115.556,0.0,0.9171796875000001,2.391085e-08
115.556,0.0,0.9169296875000001,2.40504e-08
115.556,0.0,0.9166796875000001,2.42809e-08
115.556,0.0,0.9164296875000001,2.4588250000000002e-08
115.556,0.0,0.9161796875000001,2.4753e-08
115.556,0.0,0.9159296875000001,2.50007e-08
115.556,0.0,0.9156796875000001,2.49911e-08
115.556,0.0,0.9154296875000001,2.481525e-08
115.556,0.0,0.9151796875000001,2.49403e-08
115.556,0.0,0.9149296875000001,2.49183e-08
115.556,0.0,0.9146796875000001,2.49867e-08
115.556,0.0,0.9144296875000001,2.48907e-08
115.556,0.0,0.9141796875000001,2.485035e-08
115.556,0.0,0.9139296875000001,2.48791e-08
115.556,0.0,0.9136796875000001,2.49442e-08
115.556,0.0,0.9134296875000001,2.495645e-08
115.556,0.0,0.9131796875000001,2.496815e-08
115.556,0.0,0.9129296875000001,2.48724e-08
115.556,0.0,0.9126796875000001,2.487615e-08
115.556,0.0,0.9124296875000001,2.494155e-08
115.556,0.0,0.9121796875000001,2.488145e-08
115.556,0.0,0.9119296875000001,2.48488e-08
115.556,0.0,0.9116796875000002,2.48751e-08
115.556,0.0,0.9114296875000001,2.49262e-08
115.556,0.0,0.9111796875000001,2.476135e-08
115.556,0.0,0.9109296875000001,2.4789700000000006e-08
115.556,0.0,0.9106796875000002,2.46282e-08
115.556,0.0,0.9104296875000001,2.45487e-08
115.556,0.0,0.9101796875000001,2.4643e-08
115.556,0.0,0.9099296875000001,2.45772e-08
115.556,0.0,0.9096796875000002,2.45265e-08
115.556,0.0,0.9094296875000001,2.435485e-08
115.556,0.0,0.9091796875000001,2.428865e-08
115.556,0.0,0.9089296875000001,2.407165e-08
115.556,0.0,0.9086796875000002,2.40654e-08
115.556,0.0,0.9084296875000001,2.394895e-08
115.556,0.0,0.9081796875000001,2.40652e-08
115.556,0.0,0.9079296875000001,2.39789e-08
115.556,0.0,0.9076796875000002,2.38421e-08
115.556,0.0,0.9074296875000001,2.380525e-08
115.556,0.0,0.9071796875000001,2.373085e-08
115.556,0.0,0.9069296875000001,2.37429e-08
115.556,0.0,0.9066796875000002,2.3724e-08
115.556,0.0,0.9064296875000001,2.377133333333333e-08
115.556,0.0,0.9061796875000001,2.35625e-08
115.556,0.0,0.9059296875000001,2.35197e-08
115.556,0.0,0.9056796875000002,2.35144e-08
115.556,0.0,0.9054296875000001,2.34797e-08
115.556,0.0,0.9051796875000001,2.34498e-08
115.556,0.0,0.9049296875000001,2.33427e-08
115.556,0.0,0.9046796875000002,2.3452350000000003e-08
115.556,0.0,0.9044296875000001,2.3339500000000002e-08
115.556,0.0,0.9041796875000001,2.332235e-08
115.556,0.0,0.9039296875000001,2.316995e-08
115.556,0.0,0.9036796875000002,2.314855e-08
115.556,0.0,0.9034296875000001,2.2972e-08
115.556,0.0,0.9031796875000001,2.293195e-08
115.556,0.0,0.9029296875000001,2.28924e-08
115.556,0.0,0.9026796875000002,2.279165e-08
115.556,0.0,0.9024296875000001,2.283235e-08
115.556,0.0,0.9021796875000001,2.2739350000000002e-08
115.556,0.0,0.9019296875000001,2.267415e-08
115.556,0.0,0.9016796875000002,2.264765e-08
115.556,0.0,0.9014296875000001,2.264725e-08
115.556,0.0,0.9011796875000001,2.2554e-08
115.556,0.0,0.9009296875000001,2.24008e-08
115.556,0.0,0.9006796875000002,2.24277e-08
115.556,0.0,0.9004296875000001,2.24654e-08
115.556,0.0,0.9001796875000001,2.234185e-08
115.556,0.0,0.8999296875000001,2.23578e-08
115.556,0.0,0.8996796875000002,2.2300400000000003e-08
115.556,0.0,0.8994296875000001,2.213715e-08
115.556,0.0,0.8991796875000001,2.21373e-08
115.556,0.0,0.8989296875000001,2.20755e-08
115.556,0.0,0.8986796875000002,2.1973e-08
115.556,0.0,0.8984296875000001,2.1977e-08
115.556,0.0,0.8981796875000001,2.19799e-08
115.556,0.0,0.8979296875000001,2.18107e-08
115.556,0.0,0.8976796875000002,2.18005e-08
115.556,0.0,0.8974296875000001,2.179785e-08
115.556,0.0,0.8971796875000001,2.166845e-08
115.556,0.0,0.8969296875000001,2.16345e-08
115.556,0.0,0.8966796875000002,2.17176e-08
115.556,0.0,0.8964296875000001,2.161725e-08
115.556,0.0,0.8961796875000001,2.16331e-08
115.556,0.0,0.8959296875000001,2.16083e-08
115.556,0.0,0.8956796875000002,2.142195e-08
115.556,0.0,0.8954296875000001,2.15687e-08
115.556,0.0,0.8951796875000001,2.15143e-08
115.556,0.0,0.8949296875000001,2.14925e-08
115.556,0.0,0.8946796875000002,2.16262e-08
115.556,0.0,0.8944296875000001,2.14301e-08
115.556,0.0,0.8941796875000001,2.14892e-08
115.556,0.0,0.8939296875000001,2.1394300000000006e-08
115.556,0.0,0.8936796875000002,2.128985e-08
115.556,0.0,0.8934296875000001,2.12198e-08
115.556,0.0,0.8931796875000001,2.12875e-08
115.556,0.0,0.8929296875000001,2.12091e-08
115.556,0.0,0.8926796875000002,2.11139e-08
115.556,0.0,0.8924296875000001,2.10468e-08
115.556,0.0,0.8921796875000001,2.09496e-08
115.556,0.0,0.8919296875000001,2.08405e-08
115.556,0.0,0.8916796875000002,2.086085e-08
115.556,0.0,0.8914296875000001,2.08851e-08
115.556,0.0,0.8911796875000001,2.08205e-08
115.556,0.0,0.8909296875000001,2.084583333333333e-08
115.556,0.0,0.8906796875000002,2.06767e-08
115.556,0.0,0.8904296875000001,2.0598e-08
115.556,0.0,0.8901796875000001,2.07412e-08
115.556,0.0,0.8899296875000001,2.058445e-08
115.556,0.0,0.8896796875000001,2.04273e-08
115.556,0.0,0.8894296875000001,2.0420400000000002e-08
115.556,0.0,0.8891796875000001,2.03088e-08
115.556,0.0,0.8889296875000001,2.02926e-08
115.556,0.0,0.8886796875000001,2.023445e-08
115.556,0.0,0.8884296875000001,2.017593333333333e-08
115.556,0.0,0.8881796875000001,2.02538e-08
115.556,0.0,0.8879296875000001,2.017205e-08
115.556,0.0,0.8876796875000001,2.016265e-08
115.556,0.0,0.8874296875000001,2.011145e-08
115.556,0.0,0.8871796875000001,2.0136e-08
115.556,0.0,0.8869296875000001,2.01729e-08
115.556,0.0,0.8866796875000001,2.006925e-08
115.556,0.0,0.8864296875000001,2.006e-08
115.556,0.0,0.8861796875000001,2.00086e-08
115.556,0.0,0.8859296875000001,1.99326e-08
115.556,0.0,0.8856796875000001,1.989245e-08
115.556,0.0,0.8854296875000001,1.993035e-08
115.556,0.0,0.8851796875000001,1.97419e-08
115.556,0.0,0.8849296875000001,1.98096e-08
115.556,0.0,0.8846796875000001,1.97011e-08
115.556,0.0,0.8844296875000001,1.956845e-08
115.556,0.0,0.8841796875000001,1.95738e-08
115.556,0.0,0.8839296875000001,1.9587066666666668e-08
115.556,0.0,0.8836796875000001,1.948545e-08
115.556,0.0,0.8834296875000001,1.94994e-08
115.556,0.0,0.8831796875000001,1.94556e-08
115.556,0.0,0.8829296875000001,1.95351e-08
115.556,0.0,0.8826796875000001,1.943815e-08
115.556,0.0,0.8824296875000001,1.94762e-08
115.556,0.0,0.8821796875000001,1.9378e-08
115.556,0.0,0.8819296875000001,1.93616e-08
115.556,0.0,0.8816796875000001,1.94171e-08
115.556,0.0,0.8814296875000001,1.928935e-08
115.556,0.0,0.8811796875000001,1.93213e-08
115.556,0.0,0.8809296875000001,1.91849e-08
115.556,0.0,0.8806796875000001,1.920105e-08
115.556,0.0,0.8804296875000002,1.90815e-08
115.556,0.0,0.8801796875000001,1.90642e-08
115.556,0.0,0.8799296875000001,1.892135e-08
115.556,0.0,0.8796796875000001,1.895625e-08
115.556,0.0,0.8794296875000002,1.89624e-08
115.556,0.0,0.8791796875000001,1.88768e-08
115.556,0.0,0.8789296875000001,1.875295e-08
115.556,0.0,0.8786796875000001,1.879785e-08
115.556,0.0,0.8784296875000002,1.88449e-08
115.556,0.0,0.8781796875000001,1.88146e-08
115.556,0.0,0.8779296875000001,1.878175e-08
115.556,0.0,0.8776796875000001,1.863545e-08
115.556,0.0,0.8774296875000002,1.86614e-08
115.556,0.0,0.8771796875000001,1.86848e-08
115.556,0.0,0.8769296875000001,1.8597366666666663e-08
115.556,0.0,0.8766796875000001,1.86431e-08
115.556,0.0,0.8764296875000002,1.85819e-08
115.556,0.0,0.8761796875000001,1.85634e-08
115.556,0.0,0.8759296875000001,1.8541e-08
115.556,0.0,0.8756796875000001,1.84789e-08
115.556,0.0,0.8754296875000002,1.83999e-08
115.556,0.0,0.8751796875000001,1.845815e-08
115.556,0.0,0.8749296875000001,1.836545e-08
115.556,0.0,0.8746796875000001,1.82396e-08
115.556,0.0,0.8744296875000002,1.821465e-08
115.556,0.0,0.8741796875000001,1.8109e-08
115.556,0.0,0.8739296875000001,1.817685e-08
115.556,0.0,0.8736796875000001,1.8278e-08
115.556,0.0,0.8734296875000002,1.82321e-08
115.556,0.0,0.8731796875000001,1.81658e-08
115.556,0.0,0.8729296875000001,1.824595e-08
115.556,0.0,0.8726796875000001,1.82057e-08
115.556,0.0,0.8724296875000002,1.822115e-08
115.556,0.0,0.8721796875000001,1.82282e-08
115.556,0.0,0.8719296875000001,1.8223700000000002e-08
115.556,0.0,0.8716796875000001,1.819795e-08
115.556,0.0,0.8714296875000002,1.81407e-08
115.556,0.0,0.8711796875000001,1.819305e-08
115.556,0.0,0.8709296875000001,1.823585e-08
115.556,0.0,0.8706796875000001,1.814035e-08
115.556,0.0,0.8704296875000002,1.8126300000000006e-08
115.556,0.0,0.8701796875000001,1.80923e-08
115.556,0.0,0.8699296875000001,1.800495e-08
115.556,0.0,0.8696796875000001,1.798365e-08
115.556,0.0,0.8694296875000002,1.78423e-08
115.556,0.0,0.8691796875000001,1.7786200000000002e-08
115.556,0.0,0.8689296875000001,1.7947500000000002e-08
115.556,0.0,0.8686796875000001,1.791195e-08
115.556,0.0,0.8684296875000002,1.7891599999999997e-08
115.556,0.0,0.8681796875000001,1.79087e-08
115.556,0.0,0.8679296875000001,1.79312e-08
115.556,0.0,0.8676796875000001,1.78667e-08
115.556,0.0,0.8674296875000002,1.77831e-08
115.556,0.0,0.8671796875000001,1.7869e-08
115.556,0.0,0.8669296875000001,1.7849749999999997e-08
115.556,0.0,0.8666796875000001,1.7817e-08
115.556,0.0,0.8664296875000002,1.76751e-08
115.556,0.0,0.8661796875000001,1.777465e-08
115.556,0.0,0.8659296875000001,1.771145e-08
115.556,0.0,0.8656796875000001,1.76613e-08
115.556,0.0,0.8654296875000002,1.75575e-08
115.556,0.0,0.8651796875000001,1.75722e-08
115.556,0.0,0.8649296875000001,1.7578e-08
115.556,0.0,0.8646796875000001,1.746595e-08
115.556,0.0,0.8644296875000002,1.74158e-08
115.556,0.0,0.8641796875000001,1.737625e-08
115.556,0.0,0.8639296875000001,1.73958e-08
115.556,0.0,0.8636796875000001,1.7336100000000006e-08
115.556,0.0,0.8634296875000002,1.732345e-08
115.556,0.0,0.8631796875000001,1.731655e-08
115.556,0.0,0.8629296875000001,1.70984e-08
115.556,0.0,0.8626796875000001,1.715915e-08
115.556,0.0,0.8624296875000002,1.70619e-08
115.556,0.0,0.8621796875000001,1.70591e-08
115.556,0.0,0.8619296875000001,1.70466e-08
115.556,0.0,0.8616796875000001,1.694945e-08
115.556,0.0,0.8614296875000002,1.702245e-08
115.556,0.0,0.8611796875000001,1.70459e-08
115.556,0.0,0.8609296875000001,1.7117150000000002e-08
115.556,0.0,0.8606796875000001,1.7091e-08
115.556,0.0,0.8604296875000002,1.70599e-08
115.556,0.0,0.8601796875000001,1.7157e-08
115.556,0.0,0.8599296875000001,1.71691e-08
115.556,0.0,0.8596796875000001,1.71624e-08
115.556,0.0,0.8594296875000002,1.73696e-08
115.556,0.0,0.8591796875000001,1.7104800000000002e-08
115.556,0.0,0.8589296875000001,1.7096566666666666e-08
115.556,0.0,0.8586796875000001,1.7045e-08
115.556,0.0,0.8584296875000001,1.71752e-08
115.556,0.0,0.8581796875000001,1.705705e-08
115.556,0.0,0.8579296875000001,1.71361e-08
115.556,0.0,0.8576796875000001,1.69807e-08
115.556,0.0,0.8574296875000001,1.712415e-08
115.556,0.0,0.8571796875000001,1.712725e-08
115.556,0.0,0.8569296875000001,1.720945e-08
115.556,0.0,0.8566796875000001,1.706845e-08
115.556,0.0,0.8564296875000001,1.70821e-08
115.556,0.0,0.8561796875000001,1.694285e-08
115.556,0.0,0.8559296875000001,1.70993e-08
115.556,0.0,0.8556796875000001,1.70918e-08
115.556,0.0,0.8554296875000001,1.704e-08
115.556,0.0,0.8551796875000001,1.70828e-08
115.556,0.0,0.8549296875000001,1.697985e-08
115.556,0.0,0.8546796875000001,1.700965e-08
115.556,0.0,0.8544296875000001,1.709905e-08
115.556,0.0,0.8541796875000001,1.711065e-08
115.556,0.0,0.8539296875000001,1.7099650000000002e-08
115.556,0.0,0.8536796875000001,1.70285e-08
115.556,0.0,0.8534296875000001,1.71329e-08
115.556,0.0,0.8531796875000001,1.702735e-08
115.556,0.0,0.8529296875000001,1.707005e-08
115.556,0.0,0.8526796875000001,1.69299e-08
115.556,0.0,0.8524296875000001,1.70129e-08
115.556,0.0,0.8521796875000001,1.700135e-08
115.556,0.0,0.8519296875000001,1.7067e-08
115.556,0.0,0.8516796875000001,1.67686e-08
115.556,0.0,0.8514296875000001,1.692285e-08
115.556,0.0,0.8511796875000001,1.6893700000000006e-08
115.556,0.0,0.8509296875000001,1.688315e-08
115.556,0.0,0.8506796875000001,1.67082e-08
115.556,0.0,0.8504296875000001,1.6758700000000002e-08
115.556,0.0,0.8501796875000001,1.68342e-08
115.556,0.0,0.8499296875000001,1.6784933333333332e-08
115.556,0.0,0.8496796875000001,1.65883e-08
115.556,0.0,0.8494296875000001,1.6774299999999998e-08
115.556,0.0,0.8491796875000002,1.674375e-08
115.556,0.0,0.8489296875000001,1.675715e-08
115.556,0.0,0.8486796875000001,1.67267e-08
115.556,0.0,0.8484296875000001,1.67518e-08
115.556,0.0,0.8481796875000002,1.67473e-08
115.556,0.0,0.8479296875000001,1.6769000000000003e-08
115.556,0.0,0.8476796875000001,1.6665950000000002e-08
115.556,0.0,0.8474296875000001,1.674415e-08
115.556,0.0,0.8471796875000002,1.6656449999999998e-08
115.556,0.0,0.8469296875000001,1.673585e-08
115.556,0.0,0.8466796875000001,1.66327e-08
115.556,0.0,0.8464296875000001,1.6699600000000002e-08
115.556,0.0,0.8461796875000002,1.6690050000000002e-08
115.556,0.0,0.8459296875000001,1.671585e-08
115.556,0.0,0.8456796875000001,1.66663e-08
115.556,0.0,0.8454296875000001,1.664915e-08
115.556,0.0,0.8451796875000002,1.65998e-08
115.556,0.0,0.8449296875000001,1.6645650000000003e-08
115.556,0.0,0.8446796875000001,1.66598e-08
115.556,0.0,0.8444296875000001,1.671155e-08
115.556,0.0,0.8441796875000002,1.65446e-08
115.556,0.0,0.8439296875000001,1.6533900000000002e-08
115.556,0.0,0.8436796875000001,1.65597e-08
115.556,0.0,0.8434296875000001,1.6652866666666665e-08
115.556,0.0,0.8431796875000002,1.65603e-08
115.556,0.0,0.8429296875000001,1.65726e-08
115.556,0.0,0.8426796875000001,1.654415e-08
115.556,0.0,0.8424296875000001,1.646385e-08
115.556,0.0,0.8421796875000002,1.652555e-08
115.556,0.0,0.8419296875000001,1.6530399999999998e-08
115.556,0.0,0.8416796875000001,1.65843e-08
115.556,0.0,0.8414296875000001,1.6466950000000002e-08
115.556,0.0,0.8411796875000002,1.65116e-08
115.556,0.0,0.8409296875000001,1.66552e-08
115.556,0.0,0.8406796875000001,1.65653e-08
115.556,0.0,0.8404296875000001,1.65461e-08
115.556,0.0,0.8401796875000002,1.660425e-08
115.556,0.0,0.8399296875000001,1.6633e-08
115.556,0.0,0.8396796875000001,1.65702e-08
115.556,0.0,0.8394296875000001,1.6540799999999998e-08
115.556,0.0,0.8391796875000002,1.6505049999999997e-08
115.556,0.0,0.8389296875000001,1.645815e-08
115.556,0.0,0.8386796875000001,1.65865e-08
115.556,0.0,0.8384296875000001,1.6502950000000003e-08
115.556,0.0,0.8381796875000002,1.642995e-08
115.556,0.0,0.8379296875000001,1.62856e-08
115.556,0.0,0.8376796875000001,1.6402249999999997e-08
115.556,0.0,0.8374296875000001,1.63103e-08
115.556,0.0,0.8371796875000002,1.63271e-08
115.556,0.0,0.8369296875000001,1.6301e-08
115.556,0.0,0.8366796875000001,1.63323e-08
115.556,0.0,0.8364296875000001,1.6340966666666664e-08
115.556,0.0,0.8361796875000002,1.6445050000000002e-08
115.556,0.0,0.8359296875000001,1.64654e-08
115.556,0.0,0.8356796875000001,1.65443e-08
115.556,0.0,0.8354296875000001,1.650785e-08
115.556,0.0,0.8351796875000002,1.648265e-08
115.556,0.0,0.8349296875000001,1.65599e-08
115.556,0.0,0.8346796875000001,1.6692299999999998e-08
115.556,0.0,0.8344296875000001,1.65054e-08
115.556,0.0,0.8341796875000002,1.649445e-08
115.556,0.0,0.8339296875000001,1.6498e-08
115.556,0.0,0.8336796875000001,1.6500149999999997e-08
115.556,0.0,0.8334296875000001,1.643095e-08
115.556,0.0,0.8331796875000002,1.645275e-08
115.556,0.0,0.8329296875000001,1.62738e-08
115.556,0.0,0.8326796875000001,1.62925e-08
115.556,0.0,0.8324296875000001,1.637065e-08
115.556,0.0,0.8321796875000002,1.63204e-08
115.556,0.0,0.8319296875000001,1.61748e-08
115.556,0.0,0.8316796875000001,1.62551e-08
115.556,0.0,0.8314296875000001,1.6297950000000002e-08
115.556,0.0,0.8311796875000002,1.633855e-08
115.556,0.0,0.8309296875000001,1.62083e-08
115.556,0.0,0.8306796875000001,1.6309749999999998e-08
115.556,0.0,0.8304296875000001,1.63471e-08
115.556,0.0,0.8301796875000002,1.616205e-08
115.556,0.0,0.8299296875000001,1.6206650000000002e-08
115.556,0.0,0.8296796875000001,1.62878e-08
115.556,0.0,0.8294296875000001,1.61289e-08
115.556,0.0,0.8291796875000002,1.62943e-08
115.556,0.0,0.8289296875000001,1.61611e-08
115.556,0.0,0.8286796875000001,1.61658e-08
115.556,0.0,0.8284296875000001,1.612085e-08
115.556,0.0,0.8281796875000002,1.61014e-08
115.556,0.0,0.8279296875000001,1.614725e-08
115.556,0.0,0.8276796875000001,1.618735e-08
115.556,0.0,0.8274296875000001,1.610485e-08
115.556,0.0,0.8271796875000001,1.60747e-08
115.556,0.0,0.8269296875000001,1.60304e-08
115.556,0.0,0.8266796875000001,1.6233999999999998e-08
115.556,0.0,0.8264296875000001,1.6176550000000002e-08
115.556,0.0,0.8261796875000001,1.61698e-08
115.556,0.0,0.8259296875000001,1.62527e-08
115.556,0.0,0.8256796875000001,1.617775e-08
115.556,0.0,0.8254296875000001,1.62174e-08
115.556,0.0,0.8251796875000001,1.6186e-08
115.556,0.0,0.8249296875000001,1.618665e-08
115.556,0.0,0.8246796875000001,1.6192700000000002e-08
115.556,0.0,0.8244296875000001,1.61125e-08
115.556,0.0,0.8241796875000001,1.62447e-08
115.556,0.0,0.8239296875000001,1.60022e-08
115.556,0.0,0.8236796875000001,1.6167e-08
115.556,0.0,0.8234296875000001,1.62488e-08
115.556,0.0,0.8231796875000001,1.61882e-08
115.556,0.0,0.8229296875000001,1.623385e-08
115.556,0.0,0.8226796875000001,1.6344e-08
115.556,0.0,0.8224296875000001,1.63022e-08
115.556,0.0,0.8221796875000001,1.60482e-08
115.556,0.0,0.8219296875000001,1.6205450000000003e-08
115.556,0.0,0.8216796875000001,1.62558e-08
115.556,0.0,0.8214296875000001,1.6267350000000002e-08
115.556,0.0,0.8211796875000001,1.62083e-08
115.556,0.0,0.8209296875000001,1.615075e-08
115.556,0.0,0.8206796875000001,1.611315e-08
115.556,0.0,0.8204296875000001,1.615295e-08
115.556,0.0,0.8201796875000001,1.59565e-08
115.556,0.0,0.8199296875000001,1.61436e-08
115.556,0.0,0.8196796875000001,1.61475e-08
115.556,0.0,0.8194296875000001,1.62169e-08
115.556,0.0,0.8191796875000001,1.62034e-08
115.556,0.0,0.8189296875000001,1.617405e-08
115.556,0.0,0.8186796875000001,1.619606666666667e-08
115.556,0.0,0.8184296875000001,1.620575e-08
115.556,0.0,0.8181796875000001,1.6156e-08
115.556,0.0,0.8179296875000002,1.599165e-08
115.556,0.0,0.8176796875000001,1.61857e-08
115.556,0.0,0.8174296875000001,1.611395e-08
115.556,0.0,0.8171796875000001,1.61906e-08
115.556,0.0,0.8169296875000002,1.627835e-08
115.556,0.0,0.8166796875000001,1.60147e-08
115.556,0.0,0.8164296875000001,1.597155e-08
115.556,0.0,0.8161796875000001,1.61462e-08
115.556,0.0,0.8159296875000002,1.6093700000000002e-08
115.556,0.0,0.8156796875000001,1.60427e-08
115.556,0.0,0.8154296875000001,1.60753e-08
115.556,0.0,0.8151796875000001,1.61152e-08
115.556,0.0,0.8149296875000002,1.60741e-08
115.556,0.0,0.8146796875000001,1.61505e-08
115.556,0.0,0.8144296875000001,1.6115250000000003e-08
115.556,0.0,0.8141796875000001,1.61781e-08
115.556,0.0,0.8139296875000002,1.60241e-08
115.556,0.0,0.8136796875000001,1.61244e-08
115.556,0.0,0.8134296875000001,1.615115e-08
115.556,0.0,0.8131796875000001,1.62641e-08
115.556,0.0,0.8129296875000002,1.61966e-08
115.556,0.0,0.8126796875000001,1.60287e-08
115.556,0.0,0.8124296875000001,1.62296e-08
115.556,0.0,0.8121796875000001,1.6168e-08
115.556,0.0,0.8119296875000002,1.6153800000000003e-08
115.556,0.0,0.8116796875000001,1.6165033333333336e-08
115.556,0.0,0.8114296875000001,1.620325e-08
115.556,0.0,0.8111796875000001,1.6151e-08
115.556,0.0,0.8109296875000002,1.610515e-08
115.556,0.0,0.8106796875000001,1.612495e-08
115.556,0.0,0.8104296875000001,1.6138250000000002e-08
115.556,0.0,0.8101796875000001,1.61738e-08
115.556,0.0,0.8099296875000002,1.626265e-08
115.556,0.0,0.8096796875000001,1.61873e-08
115.556,0.0,0.8094296875000001,1.6214066666666668e-08
115.556,0.0,0.8091796875000001,1.6231e-08
115.556,0.0,0.8089296875000002,1.62026e-08
115.556,0.0,0.8086796875000001,1.6220149999999997e-08
115.556,0.0,0.8084296875000001,1.618335e-08
115.556,0.0,0.8081796875000001,1.63146e-08
115.556,0.0,0.8079296875000002,1.62759e-08
115.556,0.0,0.8076796875000001,1.620285e-08
115.556,0.0,0.8074296875000001,1.602805e-08
115.556,0.0,0.8071796875000001,1.6221100000000002e-08
115.556,0.0,0.8069296875000002,1.617575e-08
115.556,0.0,0.8066796875000001,1.6242900000000003e-08
115.556,0.0,0.8064296875000001,1.606215e-08
115.556,0.0,0.8061796875000001,1.62145e-08
115.556,0.0,0.8059296875000002,1.6232399999999998e-08
115.556,0.0,0.8056796875000001,1.6290250000000006e-08
115.556,0.0,0.8054296875000001,1.636265e-08
115.556,0.0,0.8051796875000001,1.62655e-08
115.556,0.0,0.8049296875000002,1.62181e-08
115.556,0.0,0.8046796875000001,1.6208250000000002e-08
115.556,0.0,0.8044296875000001,1.62826e-08
115.556,0.0,0.8041796875000001,1.6281e-08
115.556,0.0,0.8039296875000002,1.629755e-08
115.556,0.0,0.8036796875000001,1.61726e-08
115.556,0.0,0.8034296875000001,1.628595e-08
115.556,0.0,0.8031796875000001,1.6299e-08
115.556,0.0,0.8029296875000002,1.625425e-08
115.556,0.0,0.8026796875000001,1.6219433333333333e-08
115.556,0.0,0.8024296875000001,1.6148e-08
115.556,0.0,0.8021796875000001,1.612485e-08
115.556,0.0,0.8019296875000002,1.614415e-08
115.556,0.0,0.8016796875000001,1.63112e-08
115.556,0.0,0.8014296875000001,1.61446e-08
115.556,0.0,0.8011796875000001,1.629765e-08
115.556,0.0,0.8009296875000002,1.6285e-08
115.556,0.0,0.8006796875000001,1.626085e-08
115.556,0.0,0.8004296875000001,1.63306e-08
115.556,0.0,0.8001796875000001,1.64505e-08
115.556,0.0,0.7999296875000002,1.639065e-08
115.556,0.0,0.7996796875000001,1.640955e-08
115.556,0.0,0.7994296875000001,1.64098e-08
115.556,0.0,0.7991796875000001,1.64148e-08
115.556,0.0,0.7989296875000002,1.6453049999999998e-08
115.556,0.0,0.7986796875000001,1.64297e-08
115.556,0.0,0.7984296875000001,1.6452650000000003e-08
115.556,0.0,0.7981796875000001,1.651785e-08
115.556,0.0,0.7979296875000002,1.644565e-08
115.556,0.0,0.7976796875000001,1.6544699999999997e-08
115.556,0.0,0.7974296875000001,1.65774e-08
115.556,0.0,0.7971796875000001,1.65478e-08
115.556,0.0,0.7969296875000002,1.659055e-08
115.556,0.0,0.7966796875000001,1.664735e-08
115.556,0.0,0.7964296875000001,1.68011e-08
115.556,0.0,0.7961796875000001,1.65832e-08
115.556,0.0,0.7959296875000001,1.6658350000000002e-08
115.556,0.0,0.7956796875000001,1.66989e-08
115.556,0.0,0.7954296875000001,1.65705e-08
115.556,0.0,0.7951796875000001,1.6673e-08
115.556,0.0,0.7949296875000001,1.66038e-08
115.556,0.0,0.7946796875000001,1.6602599999999998e-08
115.556,0.0,0.7944296875000001,1.66842e-08
115.556,0.0,0.7941796875000001,1.658335e-08
115.556,0.0,0.7939296875000001,1.665655e-08
115.556,0.0,0.7936796875000001,1.6535250000000002e-08
115.556,0.0,0.7934296875000001,1.667535e-08
115.556,0.0,0.7931796875000001,1.6727e-08
115.556,0.0,0.7929296875000001,1.652245e-08
115.556,0.0,0.7926796875000001,1.63517e-08
115.556,0.0,0.7924296875000001,1.64832e-08
115.556,0.0,0.7921796875000001,1.638315e-08
115.556,0.0,0.7919296875000001,1.6361149999999998e-08
115.556,0.0,0.7916796875000001,1.63074e-08
115.556,0.0,0.7914296875000001,1.62927e-08
115.556,0.0,0.7911796875000001,1.61023e-08
115.556,0.0,0.7909296875000001,1.6191850000000002e-08
115.556,0.0,0.7906796875000001,1.5985199999999998e-08
115.556,0.0,0.7904296875000001,1.60406e-08
115.556,0.0,0.7901796875000001,1.6185250000000006e-08
115.556,0.0,0.7899296875000001,1.61539e-08
115.556,0.0,0.7896796875000001,1.60047e-08
115.556,0.0,0.7894296875000001,1.5991299999999997e-08
115.556,0.0,0.7891796875000001,1.6044799999999998e-08
115.556,0.0,0.7889296875000001,1.617065e-08
115.556,0.0,0.7886796875000001,1.58342e-08
115.556,0.0,0.7884296875000001,1.58724e-08
115.556,0.0,0.7881796875000001,1.601825e-08
115.556,0.0,0.7879296875000001,1.6049650000000002e-08
115.556,0.0,0.7876796875000001,1.596805e-08
115.556,0.0,0.7874296875000001,1.59944e-08
115.556,0.0,0.7871796875000001,1.60966e-08
115.556,0.0,0.7869296875000001,1.5952233333333333e-08
115.556,0.0,0.7866796875000002,1.59463e-08
115.556,0.0,0.7864296875000001,1.609085e-08
115.556,0.0,0.7861796875000001,1.604395e-08
115.556,0.0,0.7859296875000001,1.60381e-08
115.556,0.0,0.7856796875000002,1.58811e-08
115.556,0.0,0.7854296875000001,1.61206e-08
115.556,0.0,0.7851796875000001,1.5965249999999998e-08
115.556,0.0,0.7849296875000001,1.60354e-08
115.556,0.0,0.7846796875000002,1.6072199999999998e-08
115.556,0.0,0.7844296875000001,1.6018450000000003e-08
115.556,0.0,0.7841796875000001,1.59669e-08
115.556,0.0,0.7839296875000001,1.5842499999999998e-08
115.556,0.0,0.7836796875000002,1.60265e-08
115.556,0.0,0.7834296875000001,1.599195e-08
115.556,0.0,0.7831796875000001,1.6047200000000002e-08
115.556,0.0,0.7829296875000001,1.597325e-08
115.556,0.0,0.7826796875000002,1.5972300000000002e-08
115.556,0.0,0.7824296875000001,1.605085e-08
115.556,0.0,0.7821796875000001,1.596825e-08
115.556,0.0,0.7819296875000001,1.59563e-08
115.556,0.0,0.7816796875000002,1.6172e-08
115.556,0.0,0.7814296875000001,1.5850050000000002e-08
115.556,0.0,0.7811796875000001,1.5871249999999997e-08
115.556,0.0,0.7809296875000001,1.60252e-08
115.556,0.0,0.7806796875000002,1.5968e-08
115.556,0.0,0.7804296875000001,1.5893666666666667e-08
115.556,0.0,0.7801796875000001,1.587925e-08
115.556,0.0,0.7799296875000001,1.603755e-08
115.556,0.0,0.7796796875000002,1.58328e-08
115.556,0.0,0.7794296875000001,1.59529e-08
115.556,0.0,0.7791796875000001,1.599285e-08
115.556,0.0,0.7789296875000001,1.587995e-08
115.556,0.0,0.7786796875000002,1.60125e-08
115.556,0.0,0.7784296875000001,1.5924950000000006e-08
115.556,0.0,0.7781796875000001,1.605215e-08
115.556,0.0,0.7779296875000001,1.6097366666666667e-08
115.556,0.0,0.7776796875000002,1.58505e-08
115.556,0.0,0.7774296875000001,1.5797050000000002e-08
115.556,0.0,0.7771796875000001,1.588005e-08
115.556,0.0,0.7769296875000001,1.592075e-08
115.556,0.0,0.7766796875000002,1.56794e-08
115.556,0.0,0.7764296875000001,1.58495e-08
115.556,0.0,0.7761796875000001,1.5835600000000002e-08
115.556,0.0,0.7759296875000001,1.575795e-08
115.556,0.0,0.7756796875000002,1.57876e-08
115.556,0.0,0.7754296875000001,1.574045e-08
115.556,0.0,0.7751796875000001,1.581185e-08
115.556,0.0,0.7749296875000001,1.5794600000000002e-08
115.556,0.0,0.7746796875000002,1.57427e-08
115.556,0.0,0.7744296875000001,1.5739900000000002e-08
115.556,0.0,0.7741796875000001,1.5751199999999997e-08
115.556,0.0,0.7739296875000001,1.582765e-08
115.556,0.0,0.7736796875000002,1.58167e-08
115.556,0.0,0.7734296875000001,1.5722e-08
115.556,0.0,0.7731796875000001,1.582935e-08
115.556,0.0,0.7729296875000001,1.5857933333333333e-08
115.556,0.0,0.7726796875000002,1.57247e-08
115.556,0.0,0.7724296875000001,1.586545e-08
115.556,0.0,0.7721796875000001,1.57553e-08
115.556,0.0,0.7719296875000001,1.588e-08
115.556,0.0,0.7716796875000002,1.57628e-08
115.556,0.0,0.7714296875000001,1.595255e-08
115.556,0.0,0.7711796875000001,1.58311e-08
115.556,0.0,0.7709296875000001,1.5721966666666664e-08
115.556,0.0,0.7706796875000002,1.58184e-08
115.556,0.0,0.7704296875000001,1.567715e-08
115.556,0.0,0.7701796875000001,1.568355e-08
115.556,0.0,0.7699296875000001,1.578035e-08
115.556,0.0,0.7696796875000002,1.56287e-08
115.556,0.0,0.7694296875000001,1.5800600000000002e-08
115.556,0.0,0.7691796875000001,1.57369e-08
115.556,0.0,0.7689296875000001,1.573535e-08
115.556,0.0,0.7686796875000002,1.575435e-08
115.556,0.0,0.7684296875000001,1.582205e-08
115.556,0.0,0.7681796875000001,1.58639e-08
115.556,0.0,0.7679296875000001,1.5873349999999998e-08
115.556,0.0,0.7676796875000002,1.59384e-08
115.556,0.0,0.7674296875000001,1.59009e-08
115.556,0.0,0.7671796875000001,1.59397e-08
115.556,0.0,0.7669296875000001,1.5833e-08
115.556,0.0,0.7666796875000002,1.6005350000000002e-08
115.556,0.0,0.7664296875000001,1.5891949999999998e-08
115.556,0.0,0.7661796875000001,1.582335e-08
115.556,0.0,0.7659296875000001,1.5848e-08
115.556,0.0,0.7656796875000002,1.58215e-08
115.556,0.0,0.7654296875000001,1.578565e-08
115.556,0.0,0.7651796875000001,1.587915e-08
115.556,0.0,0.7649296875000001,1.564605e-08
115.556,0.0,0.7646796875000001,1.56406e-08
115.556,0.0,0.7644296875000001,1.5593949999999998e-08
115.556,0.0,0.7641796875000001,1.56766e-08
115.556,0.0,0.7639296875000001,1.571725e-08
115.556,0.0,0.7636796875000001,1.5712000000000002e-08
115.556,0.0,0.7634296875000001,1.57302e-08
115.556,0.0,0.7631796875000001,1.5778450000000002e-08
115.556,0.0,0.7629296875000001,1.57308e-08
115.556,0.0,0.7626796875000001,1.577865e-08
115.556,0.0,0.7624296875000001,1.5794500000000003e-08
115.556,0.0,0.7621796875000001,1.58487e-08
115.556,0.0,0.7619296875000001,1.597215e-08
115.556,0.0,0.7616796875000001,1.6010899999999998e-08
115.556,0.0,0.7614296875000001,1.585575e-08
115.556,0.0,0.7611796875000001,1.596245e-08
115.556,0.0,0.7609296875000001,1.59647e-08
115.556,0.0,0.7606796875000001,1.600985e-08
115.556,0.0,0.7604296875000001,1.60044e-08
115.556,0.0,0.7601796875000001,1.5915150000000002e-08
115.556,0.0,0.7599296875000001,1.60786e-08
115.556,0.0,0.7596796875000001,1.611505e-08
115.556,0.0,0.7594296875000001,1.589975e-08
115.556,0.0,0.7591796875000001,1.5972349999999998e-08
115.556,0.0,0.7589296875000001,1.58671e-08
115.556,0.0,0.7586796875000001,1.585755e-08
115.556,0.0,0.7584296875000001,1.577435e-08
115.556,0.0,0.7581796875000001,1.5740400000000002e-08
115.556,0.0,0.7579296875000001,1.586885e-08
115.556,0.0,0.7576796875000001,1.58112e-08
115.556,0.0,0.7574296875000001,1.56756e-08
115.556,0.0,0.7571796875000001,1.583285e-08
115.556,0.0,0.7569296875000001,1.58189e-08
115.556,0.0,0.7566796875000001,1.583585e-08
115.556,0.0,0.7564296875000001,1.578275e-08
115.556,0.0,0.7561796875000001,1.5843800000000002e-08
115.556,0.0,0.7559296875000001,1.58476e-08
115.556,0.0,0.7556796875000001,1.580565e-08
115.556,0.0,0.7554296875000002,1.594345e-08
115.556,0.0,0.7551796875000001,1.600865e-08
115.556,0.0,0.7549296875000001,1.590725e-08
115.556,0.0,0.7546796875000001,1.60049e-08
115.556,0.0,0.7544296875000002,1.5838800000000003e-08
115.556,0.0,0.7541796875000001,1.5845150000000002e-08
115.556,0.0,0.7539296875000001,1.5914e-08
115.556,0.0,0.7536796875000001,1.59038e-08
115.556,0.0,0.7534296875000002,1.579075e-08
115.556,0.0,0.7531796875000001,1.5936200000000002e-08
115.556,0.0,0.7529296875000001,1.5943e-08
115.556,0.0,0.7526796875000001,1.587755e-08
115.556,0.0,0.7524296875000002,1.5957000000000002e-08
115.556,0.0,0.7521796875000001,1.607805e-08
115.556,0.0,0.7519296875000001,1.6018e-08
115.556,0.0,0.7516796875000001,1.598805e-08
115.556,0.0,0.7514296875000002,1.60267e-08
115.556,0.0,0.7511796875000001,1.59751e-08
115.556,0.0,0.7509296875000001,1.59099e-08
115.556,0.0,0.7506796875000001,1.61423e-08
115.556,0.0,0.7504296875000002,1.6008900000000002e-08
115.556,0.0,0.7501796875000001,1.601505e-08
115.556,0.0,0.7499296875000001,1.58871e-08
115.556,0.0,0.7496796875000001,1.5918249999999998e-08
115.556,0.0,0.7494296875000002,1.59995e-08
115.556,0.0,0.7491796875000001,1.598825e-08
115.556,0.0,0.7489296875000001,1.5953e-08
115.556,0.0,0.7486796875000001,1.5913599999999998e-08
115.556,0.0,0.7484296875000002,1.59853e-08
115.556,0.0,0.7481796875000001,1.5919e-08
115.556,0.0,0.7479296875000001,1.5967699999999998e-08
115.556,0.0,0.7476796875000001,1.60733e-08
115.556,0.0,0.7474296875000002,1.59366e-08
115.556,0.0,0.7471796875000001,1.59975e-08
115.556,0.0,0.7469296875000001,1.56957e-08
115.556,0.0,0.7466796875000001,1.594205e-08
115.556,0.0,0.7464296875000002,1.61366e-08
115.556,0.0,0.7461796875000001,1.605805e-08
115.556,0.0,0.7459296875000001,1.6015500000000002e-08
115.556,0.0,0.7456796875000001,1.594585e-08
115.556,0.0,0.7454296875000002,1.607125e-08
115.556,0.0,0.7451796875000001,1.61515e-08
115.556,0.0,0.7449296875000001,1.5867e-08
115.556,0.0,0.7446796875000001,1.5980750000000002e-08
115.556,0.0,0.7444296875000002,1.59855e-08
115.556,0.0,0.7441796875000001,1.60085e-08
115.556,0.0,0.7439296875000001,1.59845e-08
115.556,0.0,0.7436796875000001,1.6059e-08
115.556,0.0,0.7434296875000002,1.5949449999999997e-08
115.556,0.0,0.7431796875000001,1.58383e-08
115.556,0.0,0.7429296875000001,1.5995599999999998e-08
115.556,0.0,0.7426796875000001,1.591615e-08
115.556,0.0,0.7424296875000002,1.5858250000000002e-08
115.556,0.0,0.7421796875000001,1.6050150000000003e-08
115.556,0.0,0.7419296875000001,1.591345e-08
115.556,0.0,0.7416796875000001,1.589795e-08
115.556,0.0,0.7414296875000002,1.59004e-08
115.556,0.0,0.7411796875000001,1.59651e-08
115.556,0.0,0.7409296875000001,1.594235e-08
115.556,0.0,0.7406796875000001,1.586135e-08
115.556,0.0,0.7404296875000002,1.60023e-08
115.556,0.0,0.7401796875000001,1.59325e-08
115.556,0.0,0.7399296875000001,1.591445e-08
115.556,0.0,0.7396796875000001,1.5982799999999997e-08
115.556,0.0,0.7394296875000002,1.610625e-08
115.556,0.0,0.7391796875000001,1.59564e-08
115.556,0.0,0.7389296875000001,1.6049150000000002e-08
115.556,0.0,0.7386796875000001,1.60763e-08
115.556,0.0,0.7384296875000002,1.597765e-08
115.556,0.0,0.7381796875000001,1.60702e-08
115.556,0.0,0.7379296875000001,1.60983e-08
115.556,0.0,0.7376796875000001,1.6086e-08
115.556,0.0,0.7374296875000002,1.6031949999999998e-08
115.556,0.0,0.7371796875000001,1.60055e-08
115.556,0.0,0.7369296875000001,1.6126250000000002e-08
115.556,0.0,0.7366796875000001,1.60447e-08
115.556,0.0,0.7364296875000002,1.6042699999999997e-08
115.556,0.0,0.7361796875000001,1.60802e-08
115.556,0.0,0.7359296875000001,1.6112949999999997e-08
115.556,0.0,0.7356796875000001,1.6089099999999998e-08
115.556,0.0,0.7354296875000002,1.5951000000000002e-08
115.556,0.0,0.7351796875000001,1.59637e-08
115.556,0.0,0.7349296875000001,1.5963966666666667e-08
115.556,0.0,0.7346796875000001,1.60701e-08
115.556,0.0,0.7344296875000002,1.600225e-08
115.556,0.0,0.7341796875000001,1.61146e-08
115.556,0.0,0.7339296875000001,1.5981899999999998e-08
115.556,0.0,0.7336796875000001,1.6034e-08
115.556,0.0,0.7334296875000001,1.60935e-08
115.556,0.0,0.7331796875000001,1.6035e-08
115.556,0.0,0.7329296875000001,1.604955e-08
115.556,0.0,0.7326796875000001,1.6017766666666668e-08
115.556,0.0,0.7324296875000001,1.604595e-08
115.556,0.0,0.7321796875000001,1.578e-08
115.556,0.0,0.7319296875000001,1.6108400000000003e-08
115.556,0.0,0.7316796875000001,1.605925e-08
115.556,0.0,0.7314296875000001,1.597985e-08
115.556,0.0,0.7311796875000001,1.60089e-08
115.556,0.0,0.7309296875000001,1.59763e-08
115.556,0.0,0.7306796875000001,1.601915e-08
115.556,0.0,0.7304296875000001,1.59906e-08
115.556,0.0,0.7301796875000001,1.59517e-08
115.556,0.0,0.7299296875000001,1.6102400000000003e-08
115.556,0.0,0.7296796875000001,1.600585e-08
115.556,0.0,0.7294296875000001,1.599745e-08
115.556,0.0,0.7291796875000001,1.5939e-08
115.556,0.0,0.7289296875000001,1.58912e-08
115.556,0.0,0.7286796875000001,1.60017e-08
115.556,0.0,0.7284296875000001,1.602435e-08
115.556,0.0,0.7281796875000001,1.618675e-08
115.556,0.0,0.7279296875000001,1.610325e-08
115.556,0.0,0.7276796875000001,1.605175e-08
115.556,0.0,0.7274296875000001,1.6128e-08
115.556,0.0,0.7271796875000001,1.6164e-08
115.556,0.0,0.7269296875000001,1.61776e-08
115.556,0.0,0.7266796875000001,1.619915e-08
115.556,0.0,0.7264296875000001,1.6183699999999998e-08
115.556,0.0,0.7261796875000001,1.618075e-08
115.556,0.0,0.7259296875000001,1.6075499999999997e-08
115.556,0.0,0.7256796875000001,1.6093700000000002e-08
115.556,0.0,0.7254296875000001,1.61353e-08
115.556,0.0,0.7251796875000001,1.606765e-08
115.556,0.0,0.7249296875000001,1.60561e-08
115.556,0.0,0.7246796875000001,1.60447e-08
115.556,0.0,0.7244296875000001,1.61095e-08
115.556,0.0,0.7241796875000002,1.607685e-08
115.556,0.0,0.7239296875000001,1.6101866666666666e-08
115.556,0.0,0.7236796875000001,1.5966099999999998e-08
115.556,0.0,0.7234296875000001,1.59952e-08
115.556,0.0,0.7231796875000002,1.612485e-08
115.556,0.0,0.7229296875000001,1.5957000000000002e-08
115.556,0.0,0.7226796875000001,1.613545e-08
115.556,0.0,0.7224296875000001,1.5985e-08
115.556,0.0,0.7221796875000002,1.60299e-08
115.556,0.0,0.7219296875000001,1.61471e-08
115.556,0.0,0.7216796875000001,1.612535e-08
115.556,0.0,0.7214296875000001,1.61678e-08
115.556,0.0,0.7211796875000002,1.613315e-08
115.556,0.0,0.7209296875000001,1.6097299999999998e-08
115.556,0.0,0.7206796875000001,1.598045e-08
115.556,0.0,0.7204296875000001,1.59914e-08
115.556,0.0,0.7201796875000002,1.611705e-08
115.556,0.0,0.7199296875000001,1.618595e-08
115.556,0.0,0.7196796875000001,1.61648e-08
115.556,0.0,0.7194296875000001,1.6135550000000002e-08
115.556,0.0,0.7191796875000002,1.613755e-08
115.556,0.0,0.7189296875000001,1.62418e-08
115.556,0.0,0.7186796875000001,1.632515e-08
115.556,0.0,0.7184296875000001,1.62796e-08
115.556,0.0,0.7181796875000002,1.621105e-08
115.556,0.0,0.7179296875000001,1.62733e-08
115.556,0.0,0.7176796875000001,1.6374700000000003e-08
115.556,0.0,0.7174296875000001,1.62487e-08
115.556,0.0,0.7171796875000002,1.61822e-08
115.556,0.0,0.7169296875000001,1.6301666666666667e-08
115.556,0.0,0.7166796875000001,1.630605e-08
115.556,0.0,0.7164296875000001,1.61437e-08
115.556,0.0,0.7161796875000002,1.615945e-08
115.556,0.0,0.7159296875000001,1.61502e-08
115.556,0.0,0.7156796875000001,1.62654e-08
115.556,0.0,0.7154296875000001,1.6486e-08
115.556,0.0,0.7151796875000002,1.634205e-08
115.556,0.0,0.7149296875000001,1.62076e-08
115.556,0.0,0.7146796875000001,1.63255e-08
115.556,0.0,0.7144296875000001,1.636965e-08
115.556,0.0,0.7141796875000002,1.6356499999999998e-08
115.556,0.0,0.7139296875000001,1.6291950000000002e-08
115.556,0.0,0.7136796875000001,1.6228800000000002e-08
115.556,0.0,0.7134296875000001,1.63301e-08
115.556,0.0,0.7131796875000002,1.6240849999999998e-08
115.556,0.0,0.7129296875000001,1.62781e-08
115.556,0.0,0.7126796875000001,1.60283e-08
115.556,0.0,0.7124296875000001,1.6004399999999997e-08
115.556,0.0,0.7121796875000002,1.6014449999999998e-08
115.556,0.0,0.7119296875000001,1.60534e-08
115.556,0.0,0.7116796875000001,1.60653e-08
115.556,0.0,0.7114296875000001,1.59715e-08
115.556,0.0,0.7111796875000002,1.596565e-08
115.556,0.0,0.7109296875000001,1.60545e-08
115.556,0.0,0.7106796875000001,1.59529e-08
115.556,0.0,0.7104296875000001,1.5957000000000002e-08
115.556,0.0,0.7101796875000002,1.600425e-08
115.556,0.0,0.7099296875000001,1.600165e-08
115.556,0.0,0.7096796875000001,1.58925e-08
115.556,0.0,0.7094296875000001,1.594815e-08
115.556,0.0,0.7091796875000002,1.61207e-08
115.556,0.0,0.7089296875000001,1.616225e-08
115.556,0.0,0.7086796875000001,1.60616e-08
115.556,0.0,0.7084296875000001,1.6097e-08
115.556,0.0,0.7081796875000002,1.615435e-08
115.556,0.0,0.7079296875000001,1.6042533333333332e-08
115.556,0.0,0.7076796875000001,1.61465e-08
115.556,0.0,0.7074296875000001,1.619395e-08
115.556,0.0,0.7071796875000002,1.619645e-08
115.556,0.0,0.7069296875000001,1.5996650000000002e-08
115.556,0.0,0.7066796875000001,1.60447e-08
115.556,0.0,0.7064296875000001,1.62186e-08
115.556,0.0,0.7061796875000002,1.6221749999999998e-08
115.556,0.0,0.7059296875000001,1.625195e-08
115.556,0.0,0.7056796875000001,1.619105e-08
115.556,0.0,0.7054296875000001,1.6270900000000002e-08
115.556,0.0,0.7051796875000002,1.615315e-08
115.556,0.0,0.7049296875000001,1.6360850000000002e-08
115.556,0.0,0.7046796875000001,1.63425e-08
115.556,0.0,0.7044296875000001,1.6279850000000003e-08
115.556,0.0,0.7041796875000002,1.63785e-08
115.556,0.0,0.7039296875000001,1.64034e-08
115.556,0.0,0.7036796875000001,1.64482e-08
115.556,0.0,0.7034296875000001,1.64576e-08
115.556,0.0,0.7031796875000002,1.65053e-08
115.556,0.0,0.7029296875000001,1.6412250000000002e-08
115.556,0.0,0.7026796875000001,1.65896e-08
115.556,0.0,0.7024296875000001,1.6353799999999998e-08
115.556,0.0,0.7021796875000001,1.63577e-08
115.556,0.0,0.7019296875000001,1.6299050000000002e-08
115.556,0.0,0.7016796875000001,1.63882e-08
115.556,0.0,0.7014296875000001,1.6321333333333334e-08
115.556,0.0,0.7011796875000001,1.617285e-08
115.556,0.0,0.7009296875000001,1.63094e-08
115.556,0.0,0.7006796875000001,1.65274e-08
115.556,0.0,0.7004296875000001,1.6359750000000002e-08
115.556,0.0,0.7001796875000001,1.64423e-08
115.556,0.0,0.6999296875000001,1.6146849999999997e-08
115.556,0.0,0.6996796875000001,1.62219e-08
115.556,0.0,0.6994296875000001,1.63723e-08
115.556,0.0,0.6991796875000001,1.616085e-08
115.556,0.0,0.6989296875000001,1.62882e-08
115.556,0.0,0.6986796875000001,1.63999e-08
115.556,0.0,0.6984296875000001,1.627545e-08
115.556,0.0,0.6981796875000001,1.63984e-08
115.556,0.0,0.6979296875000001,1.62826e-08
115.556,0.0,0.6976796875000001,1.62709e-08
115.556,0.0,0.6974296875000001,1.627305e-08
115.556,0.0,0.6971796875000001,1.61721e-08
115.556,0.0,0.6969296875000001,1.61593e-08
115.556,0.0,0.6966796875000001,1.60969e-08
115.556,0.0,0.6964296875000001,1.6116e-08
115.556,0.0,0.6961796875000001,1.611185e-08
115.556,0.0,0.6959296875000001,1.6271400000000002e-08
115.556,0.0,0.6956796875000001,1.64169e-08
115.556,0.0,0.6954296875000001,1.6302350000000002e-08
115.556,0.0,0.6951796875000001,1.619885e-08
115.556,0.0,0.6949296875000001,1.66559e-08
115.556,0.0,0.6946796875000001,1.64185e-08
115.556,0.0,0.6944296875000001,1.62296e-08
115.556,0.0,0.6941796875000001,1.6414700000000002e-08
115.556,0.0,0.6939296875000001,1.62598e-08
115.556,0.0,0.6936796875000001,1.63395e-08
115.556,0.0,0.6934296875000001,1.6271150000000002e-08
115.556,0.0,0.6931796875000001,1.627235e-08
115.556,0.0,0.6929296875000002,1.62767e-08
115.556,0.0,0.6926796875000001,1.64756e-08
115.556,0.0,0.6924296875000001,1.6299800000000003e-08
115.556,0.0,0.6921796875000001,1.615655e-08
115.556,0.0,0.6919296875000002,1.62132e-08
115.556,0.0,0.6916796875000001,1.63025e-08
115.556,0.0,0.6914296875000001,1.6167049999999998e-08
115.556,0.0,0.6911796875000001,1.621605e-08
115.556,0.0,0.6909296875000002,1.6442899999999998e-08
115.556,0.0,0.6906796875000001,1.65973e-08
115.556,0.0,0.6904296875000001,1.62943e-08
115.556,0.0,0.6901796875000001,1.629145e-08
115.556,0.0,0.6899296875000002,1.63489e-08
115.556,0.0,0.6896796875000001,1.641215e-08
115.556,0.0,0.6894296875000001,1.62657e-08
115.556,0.0,0.6891796875000001,1.6376400000000002e-08
115.556,0.0,0.6889296875000002,1.63491e-08
115.556,0.0,0.6886796875000001,1.626225e-08
115.556,0.0,0.6884296875000001,1.64279e-08
115.556,0.0,0.6881796875000001,1.640065e-08
115.556,0.0,0.6879296875000002,1.671145e-08
115.556,0.0,0.6876796875000001,1.6228200000000002e-08
115.556,0.0,0.6874296875000001,1.6474050000000002e-08
115.556,0.0,0.6871796875000001,1.630115e-08
115.556,0.0,0.6869296875000002,1.63106e-08
115.556,0.0,0.6866796875000001,1.64269e-08
115.556,0.0,0.6864296875000001,1.635285e-08
115.556,0.0,0.6861796875000001,1.643335e-08
115.556,0.0,0.6859296875000002,1.62628e-08
115.556,0.0,0.6856796875000001,1.6248933333333333e-08
115.556,0.0,0.6854296875000001,1.62634e-08
115.556,0.0,0.6851796875000001,1.61578e-08
115.556,0.0,0.6849296875000002,1.61611e-08
115.556,0.0,0.6846796875000001,1.624555e-08
115.556,0.0,0.6844296875000001,1.6210499999999998e-08
115.556,0.0,0.6841796875000001,1.618785e-08
115.556,0.0,0.6839296875000002,1.6014e-08
115.556,0.0,0.6836796875000001,1.6117249999999998e-08
115.556,0.0,0.6834296875000001,1.6176e-08
115.556,0.0,0.6831796875000001,1.617805e-08
115.556,0.0,0.6829296875000002,1.61698e-08
115.556,0.0,0.6826796875000001,1.600805e-08
115.556,0.0,0.6824296875000001,1.6137e-08
115.556,0.0,0.6821796875000001,1.599975e-08
115.556,0.0,0.6819296875000002,1.62098e-08
115.556,0.0,0.6816796875000001,1.61401e-08
115.556,0.0,0.6814296875000001,1.621415e-08
115.556,0.0,0.6811796875000001,1.609415e-08
115.556,0.0,0.6809296875000002,1.605965e-08
115.556,0.0,0.6806796875000001,1.6154400000000002e-08
115.556,0.0,0.6804296875000001,1.611495e-08
115.556,0.0,0.6801796875000001,1.61933e-08
115.556,0.0,0.6799296875000002,1.59835e-08
115.556,0.0,0.6796796875000001,1.6113400000000002e-08
115.556,0.0,0.6794296875000001,1.612305e-08
115.556,0.0,0.6791796875000001,1.6153300000000002e-08
115.556,0.0,0.6789296875000002,1.612475e-08
115.556,0.0,0.6786796875000001,1.634105e-08
115.556,0.0,0.6784296875000001,1.5979400000000002e-08
115.556,0.0,0.6781796875000001,1.563475e-08
115.556,0.0,0.6779296875000002,1.59261e-08
115.556,0.0,0.6776796875000001,1.613145e-08
115.556,0.0,0.6774296875000001,1.61676e-08
115.556,0.0,0.6771796875000001,1.6013050000000002e-08
115.556,0.0,0.6769296875000002,1.60261e-08
115.556,0.0,0.6766796875000001,1.6117599999999997e-08
115.556,0.0,0.6764296875000001,1.5983099999999997e-08
115.556,0.0,0.6761796875000001,1.60515e-08
115.556,0.0,0.6759296875000002,1.5899649999999998e-08
115.556,0.0,0.6756796875000001,1.61111e-08
115.556,0.0,0.6754296875000001,1.609965e-08
115.556,0.0,0.6751796875000001,1.606245e-08
115.556,0.0,0.6749296875000002,1.62035e-08
115.556,0.0,0.6746796875000001,1.600655e-08
115.556,0.0,0.6744296875000001,1.613075e-08
115.556,0.0,0.6741796875000001,1.61753e-08
115.556,0.0,0.6739296875000002,1.593285e-08
115.556,0.0,0.6736796875000001,1.6128749999999998e-08
115.556,0.0,0.6734296875000001,1.59859e-08
115.556,0.0,0.6731796875000001,1.612625e-08
115.556,0.0,0.6729296875000002,1.6301e-08
115.556,0.0,0.6726796875000001,1.6015049999999998e-08
115.556,0.0,0.6724296875000001,1.5951299999999998e-08
115.556,0.0,0.6721796875000001,1.59661e-08
115.556,0.0,0.6719296875000002,1.594655e-08
115.556,0.0,0.6716796875000001,1.617725e-08
115.556,0.0,0.6714296875000001,1.608825e-08
115.556,0.0,0.6711796875000001,1.61593e-08
115.556,0.0,0.6709296875000001,1.605885e-08
115.556,0.0,0.6706796875000001,1.59232e-08
115.556,0.0,0.6704296875000001,1.592425e-08
115.556,0.0,0.6701796875000001,1.58384e-08
115.556,0.0,0.6699296875000001,1.62349e-08
115.556,0.0,0.6696796875000001,1.60512e-08
115.556,0.0,0.6694296875000001,1.58316e-08
115.556,0.0,0.6691796875000001,1.59163e-08
115.556,0.0,0.6689296875000001,1.59244e-08
115.556,0.0,0.6686796875000001,1.584015e-08
115.556,0.0,0.6684296875000001,1.57812e-08
115.556,0.0,0.6681796875000001,1.58879e-08
115.556,0.0,0.6679296875000001,1.5915966666666665e-08
115.556,0.0,0.6676796875000001,1.5909199999999998e-08
115.556,0.0,0.6674296875000001,1.579865e-08
115.556,0.0,0.6671796875000001,1.58651e-08
115.556,0.0,0.6669296875000001,1.585085e-08
115.556,0.0,0.6666796875000001,1.584155e-08
115.556,0.0,0.6664296875000001,1.5898799999999998e-08
115.556,0.0,0.6661796875000001,1.59504e-08
115.556,0.0,0.6659296875000001,1.5901950000000003e-08
115.556,0.0,0.6656796875000001,1.59949e-08
115.556,0.0,0.6654296875000001,1.59309e-08
115.556,0.0,0.6651796875000001,1.58712e-08
115.556,0.0,0.6649296875000001,1.5837800000000002e-08
115.556,0.0,0.6646796875000001,1.5955e-08
115.556,0.0,0.6644296875000001,1.60322e-08
115.556,0.0,0.6641796875000001,1.59357e-08
115.556,0.0,0.6639296875000001,1.5978e-08
115.556,0.0,0.6636796875000001,1.58779e-08
115.556,0.0,0.6634296875000001,1.60382e-08
115.556,0.0,0.6631796875000001,1.5990900000000002e-08
115.556,0.0,0.6629296875000001,1.5995849999999998e-08
115.556,0.0,0.6626796875000001,1.602145e-08
115.556,0.0,0.6624296875000001,1.598065e-08
115.556,0.0,0.6621796875000001,1.60235e-08
115.556,0.0,0.6619296875000001,1.599745e-08
115.556,0.0,0.6616796875000002,1.5884599999999998e-08
115.556,0.0,0.6614296875000001,1.594645e-08
115.556,0.0,0.6611796875000001,1.57057e-08
115.556,0.0,0.6609296875000001,1.599195e-08
115.556,0.0,0.6606796875000002,1.59234e-08
115.556,0.0,0.6604296875000001,1.588935e-08
115.556,0.0,0.6601796875000001,1.62532e-08
115.556,0.0,0.6599296875000001,1.5812649999999998e-08
115.556,0.0,0.6596796875000002,1.5784499999999998e-08
115.556,0.0,0.6594296875000001,1.5771649999999998e-08
115.556,0.0,0.6591796875000001,1.58414e-08
115.556,0.0,0.6589296875000001,1.594475e-08
115.556,0.0,0.6586796875000002,1.5745199999999997e-08
115.556,0.0,0.6584296875000001,1.58094e-08
115.556,0.0,0.6581796875000001,1.578585e-08
115.556,0.0,0.6579296875000001,1.5754149999999998e-08
115.556,0.0,0.6576796875000002,1.57793e-08
115.556,0.0,0.6574296875000001,1.57699e-08
115.556,0.0,0.6571796875000001,1.5902e-08
115.556,0.0,0.6569296875000001,1.5501e-08
115.556,0.0,0.6566796875000002,1.576245e-08
115.556,0.0,0.6564296875000001,1.591895e-08
115.556,0.0,0.6561796875000001,1.564005e-08
115.556,0.0,0.6559296875000001,1.57435e-08
115.556,0.0,0.6556796875000002,1.5667950000000002e-08
115.556,0.0,0.6554296875000001,1.571615e-08
115.556,0.0,0.6551796875000001,1.56989e-08
115.556,0.0,0.6549296875000001,1.5564949999999998e-08
115.556,0.0,0.6546796875000002,1.58539e-08
115.556,0.0,0.6544296875000001,1.57065e-08
115.556,0.0,0.6541796875000001,1.56953e-08
115.556,0.0,0.6539296875000001,1.559405e-08
115.556,0.0,0.6536796875000002,1.5638166666666665e-08
115.556,0.0,0.6534296875000001,1.55387e-08
115.556,0.0,0.6531796875000001,1.568395e-08
115.556,0.0,0.6529296875000001,1.560745e-08
115.556,0.0,0.6526796875000002,1.569645e-08
115.556,0.0,0.6524296875000001,1.576345e-08
115.556,0.0,0.6521796875000001,1.58181e-08
115.556,0.0,0.6519296875000001,1.557455e-08
115.556,0.0,0.6516796875000002,1.55626e-08
115.556,0.0,0.6514296875000001,1.55879e-08
115.556,0.0,0.6511796875000001,1.561345e-08
115.556,0.0,0.6509296875000001,1.5600199999999998e-08
115.556,0.0,0.6506796875000002,1.53721e-08
115.556,0.0,0.6504296875000001,1.57043e-08
115.556,0.0,0.6501796875000001,1.527595e-08
115.556,0.0,0.6499296875000001,1.55188e-08
115.556,0.0,0.6496796875000002,1.5525000000000002e-08
115.556,0.0,0.6494296875000001,1.5567850000000003e-08
115.556,0.0,0.6491796875000001,1.557355e-08
115.556,0.0,0.6489296875000001,1.54928e-08
115.556,0.0,0.6486796875000002,1.564075e-08
115.556,0.0,0.6484296875000001,1.51686e-08
115.556,0.0,0.6481796875000001,1.53026e-08
115.556,0.0,0.6479296875000001,1.54496e-08
115.556,0.0,0.6476796875000002,1.5484250000000002e-08
115.556,0.0,0.6474296875000001,1.553915e-08
115.556,0.0,0.6471796875000001,1.5567100000000002e-08
115.556,0.0,0.6469296875000001,1.55725e-08
115.556,0.0,0.6466796875000002,1.5399249999999998e-08
115.556,0.0,0.6464296875000001,1.55414e-08
115.556,0.0,0.6461796875000001,1.546495e-08
115.556,0.0,0.6459296875000001,1.5459650000000002e-08
115.556,0.0,0.6456796875000002,1.54886e-08
115.556,0.0,0.6454296875000001,1.52895e-08
115.556,0.0,0.6451796875000001,1.552155e-08
115.556,0.0,0.6449296875000001,1.5356233333333332e-08
115.556,0.0,0.6446796875000002,1.538445e-08
115.556,0.0,0.6444296875000001,1.54857e-08
115.556,0.0,0.6441796875000001,1.5268899999999997e-08
115.556,0.0,0.6439296875000001,1.5183599999999997e-08
115.556,0.0,0.6436796875000002,1.5549000000000002e-08
115.556,0.0,0.6434296875000001,1.53345e-08
115.556,0.0,0.6431796875000001,1.554615e-08
115.556,0.0,0.6429296875000001,1.5491649999999998e-08
115.556,0.0,0.6426796875000002,1.543825e-08
115.556,0.0,0.6424296875000001,1.54704e-08
115.556,0.0,0.6421796875000001,1.5487349999999997e-08
115.556,0.0,0.6419296875000001,1.54675e-08
115.556,0.0,0.6416796875000002,1.5254349999999998e-08
115.556,0.0,0.6414296875000001,1.51321e-08
115.556,0.0,0.6411796875000001,1.532415e-08
115.556,0.0,0.6409296875000001,1.556625e-08
115.556,0.0,0.6406796875000002,1.52999e-08
115.556,0.0,0.6404296875000001,1.5286500000000006e-08
115.556,0.0,0.6401796875000001,1.5190050000000002e-08
115.556,0.0,0.6399296875000001,1.511035e-08
115.556,0.0,0.6396796875000001,1.511175e-08
115.556,0.0,0.6394296875000001,1.52273e-08
115.556,0.0,0.6391796875000001,1.519645e-08
115.556,0.0,0.6389296875000001,1.5081299999999998e-08
115.556,0.0,0.6386796875000001,1.495985e-08
115.556,0.0,0.6384296875000001,1.5129000000000003e-08
115.556,0.0,0.6381796875000001,1.5054499999999998e-08
115.556,0.0,0.6379296875000001,1.508945e-08
115.556,0.0,0.6376796875000001,1.487885e-08
115.556,0.0,0.6374296875000001,1.50011e-08
115.556,0.0,0.6371796875000001,1.49953e-08
115.556,0.0,0.6369296875000001,1.5034799999999998e-08
115.556,0.0,0.6366796875000001,1.5044599999999998e-08
115.556,0.0,0.6364296875000001,1.51245e-08
115.556,0.0,0.6361796875000001,1.498675e-08
115.556,0.0,0.6359296875000001,1.505175e-08
115.556,0.0,0.6356796875000001,1.483645e-08
115.556,0.0,0.6354296875000001,1.48753e-08
115.556,0.0,0.6351796875000001,1.508025e-08
115.556,0.0,0.6349296875000001,1.5108300000000002e-08
115.556,0.0,0.6346796875000001,1.515835e-08
115.556,0.0,0.6344296875000001,1.50525e-08
115.556,0.0,0.6341796875000001,1.51133e-08
115.556,0.0,0.6339296875000001,1.51317e-08
115.556,0.0,0.6336796875000001,1.508785e-08
115.556,0.0,0.6334296875000001,1.517985e-08
115.556,0.0,0.6331796875000001,1.503565e-08
115.556,0.0,0.6329296875000001,1.509625e-08
115.556,0.0,0.6326796875000001,1.5014e-08
115.556,0.0,0.6324296875000001,1.516915e-08
115.556,0.0,0.6321796875000001,1.51156e-08
115.556,0.0,0.6319296875000001,1.502065e-08
115.556,0.0,0.6316796875000001,1.5183700000000002e-08
115.556,0.0,0.6314296875000001,1.5179900000000002e-08
115.556,0.0,0.6311796875000001,1.509305e-08
115.556,0.0,0.6309296875000001,1.509935e-08
115.556,0.0,0.6306796875000001,1.47279e-08
115.556,0.0,0.6304296875000002,1.54572e-08
115.556,0.0,0.6301796875000001,1.511335e-08
115.556,0.0,0.6299296875000001,1.499105e-08
115.556,0.0,0.6296796875000001,1.52646e-08
115.556,0.0,0.6294296875000002,1.507063333333333e-08
115.556,0.0,0.6291796875000001,1.49472e-08
115.556,0.0,0.6289296875000001,1.5001499999999997e-08
115.556,0.0,0.6286796875000001,1.47014e-08
115.556,0.0,0.6284296875000002,1.5148599999999997e-08
115.556,0.0,0.6281796875000001,1.50718e-08
115.556,0.0,0.6279296875000001,1.48351e-08
115.556,0.0,0.6276796875000001,1.53197e-08
115.556,0.0,0.6274296875000002,1.5037499999999998e-08
115.556,0.0,0.6271796875000001,1.546055e-08
115.556,0.0,0.6269296875000001,1.5165833333333334e-08
115.556,0.0,0.6266796875000001,1.49646e-08
115.556,0.0,0.6264296875000002,1.503025e-08
115.556,0.0,0.6261796875000001,1.4977899999999998e-08
115.556,0.0,0.6259296875000001,1.518955e-08
115.556,0.0,0.6256796875000001,1.5122e-08
115.556,0.0,0.6254296875000002,1.5153350000000002e-08
115.556,0.0,0.6251796875000001,1.515245e-08
115.556,0.0,0.6249296875000001,1.5190550000000002e-08
115.556,0.0,0.6246796875000001,1.5055200000000002e-08
115.556,0.0,0.6244296875000002,1.512295e-08
115.556,0.0,0.6241796875000001,1.534865e-08
115.556,0.0,0.6239296875000001,1.5045449999999998e-08
115.556,0.0,0.6236796875000001,1.52918e-08
115.556,0.0,0.6234296875000002,1.5191400000000002e-08
115.556,0.0,0.6231796875000001,1.514805e-08
115.556,0.0,0.6229296875000001,1.517695e-08
115.556,0.0,0.6226796875000001,1.514255e-08
115.556,0.0,0.6224296875000002,1.519455e-08
115.556,0.0,0.6221796875000001,1.517025e-08
115.556,0.0,0.6219296875000001,1.523495e-08
115.556,0.0,0.6216796875000001,1.5096e-08
115.556,0.0,0.6214296875000002,1.5258749999999998e-08
115.556,0.0,0.6211796875000001,1.51878e-08
115.556,0.0,0.6209296875000001,1.5225e-08
115.556,0.0,0.6206796875000001,1.5257e-08
115.556,0.0,0.6204296875000002,1.524975e-08
115.556,0.0,0.6201796875000001,1.5171100000000003e-08
115.556,0.0,0.6199296875000001,1.525873333333333e-08
115.556,0.0,0.6196796875000001,1.53612e-08
115.556,0.0,0.6194296875000002,1.53052e-08
115.556,0.0,0.6191796875000001,1.52028e-08
115.556,0.0,0.6189296875000001,1.529595e-08
115.556,0.0,0.6186796875000001,1.52388e-08
115.556,0.0,0.6184296875000002,1.529165e-08
115.556,0.0,0.6181796875000001,1.534235e-08
115.556,0.0,0.6179296875000001,1.534865e-08
115.556,0.0,0.6176796875000001,1.53671e-08
115.556,0.0,0.6174296875000002,1.5316749999999997e-08
115.556,0.0,0.6171796875000001,1.528515e-08
115.556,0.0,0.6169296875000001,1.5289349999999998e-08
115.556,0.0,0.6166796875000001,1.53799e-08
115.556,0.0,0.6164296875000002,1.527505e-08
115.556,0.0,0.6161796875000001,1.5314e-08
115.556,0.0,0.6159296875000001,1.5138e-08
115.556,0.0,0.6156796875000001,1.50308e-08
115.556,0.0,0.6154296875000002,1.5251233333333336e-08
115.556,0.0,0.6151796875000001,1.5199350000000002e-08
115.556,0.0,0.6149296875000001,1.51895e-08
115.556,0.0,0.6146796875000001,1.52533e-08
115.556,0.0,0.6144296875000002,1.52127e-08
115.556,0.0,0.6141796875000001,1.5214449999999998e-08
115.556,0.0,0.6139296875000001,1.53901e-08
115.556,0.0,0.6136796875000001,1.52358e-08
115.556,0.0,0.6134296875000002,1.53498e-08
115.556,0.0,0.6131796875000001,1.52551e-08
115.556,0.0,0.6129296875000001,1.5261699999999998e-08
115.556,0.0,0.6126796875000001,1.537225e-08
115.556,0.0,0.6124296875000002,1.5345649999999998e-08
115.556,0.0,0.6121796875000001,1.5357149999999998e-08
115.556,0.0,0.6119296875000001,1.5311e-08
115.556,0.0,0.6116796875000001,1.535505e-08
115.556,0.0,0.6114296875000002,1.533345e-08
115.556,0.0,0.6111796875000001,1.526325e-08
115.556,0.0,0.6109296875000001,1.53294e-08
115.556,0.0,0.6106796875000001,1.523015e-08
115.556,0.0,0.6104296875000002,1.538015e-08
115.556,0.0,0.6101796875000001,1.529585e-08
115.556,0.0,0.6099296875000001,1.51516e-08
115.556,0.0,0.6096796875000001,1.527945e-08
115.556,0.0,0.6094296875000002,1.532265e-08
115.556,0.0,0.6091796875000001,1.524025e-08
115.556,0.0,0.6089296875000001,1.522255e-08
115.556,0.0,0.6086796875000001,1.52753e-08
115.556,0.0,0.6084296875000001,1.519925e-08
115.556,0.0,0.6081796875000001,1.534605e-08
115.556,0.0,0.6079296875000001,1.53314e-08
115.556,0.0,0.6076796875000001,1.5290699999999998e-08
115.556,0.0,0.6074296875000001,1.52485e-08
115.556,0.0,0.6071796875000001,1.53354e-08
115.556,0.0,0.6069296875000001,1.5253700000000002e-08
115.556,0.0,0.6066796875000001,1.52793e-08
115.556,0.0,0.6064296875000001,1.52688e-08
115.556,0.0,0.6061796875000001,1.5364450000000002e-08
115.556,0.0,0.6059296875000001,1.54067e-08
115.556,0.0,0.6056796875000001,1.526325e-08
115.556,0.0,0.6054296875000001,1.5331400000000002e-08
115.556,0.0,0.6051796875000001,1.5318849999999998e-08
115.556,0.0,0.6049296875000001,1.52625e-08
115.556,0.0,0.6046796875000001,1.530235e-08
115.556,0.0,0.6044296875000001,1.5300200000000002e-08
115.556,0.0,0.6041796875000001,1.5274733333333336e-08
115.556,0.0,0.6039296875000001,1.52139e-08
115.556,0.0,0.6036796875000001,1.527385e-08
115.556,0.0,0.6034296875000001,1.532825e-08
115.556,0.0,0.6031796875000001,1.53416e-08
115.556,0.0,0.6029296875000001,1.5499e-08
115.556,0.0,0.6026796875000001,1.525395e-08
115.556,0.0,0.6024296875000001,1.5186150000000003e-08
115.556,0.0,0.6021796875000001,1.53047e-08
115.556,0.0,0.6019296875000001,1.52679e-08
115.556,0.0,0.6016796875000001,1.531215e-08
115.556,0.0,0.6014296875000001,1.529805e-08
115.556,0.0,0.6011796875000001,1.5302650000000002e-08
115.556,0.0,0.6009296875000001,1.5271e-08
115.556,0.0,0.6006796875000001,1.53316e-08
115.556,0.0,0.6004296875000001,1.53433e-08
115.556,0.0,0.6001796875000001,1.53077e-08
115.556,0.0,0.5999296875000001,1.53958e-08
115.556,0.0,0.5996796875000001,1.5448150000000002e-08
115.556,0.0,0.5994296875000001,1.543255e-08
115.556,0.0,0.5991796875000002,1.541545e-08
115.556,0.0,0.5989296875000001,1.52763e-08
115.556,0.0,0.5986796875000001,1.544475e-08
115.556,0.0,0.5984296875000001,1.5455750000000006e-08
115.556,0.0,0.5981796875000002,1.53093e-08
115.556,0.0,0.5979296875000001,1.53787e-08
115.556,0.0,0.5976796875000001,1.5444000000000006e-08
115.556,0.0,0.5974296875000001,1.54497e-08
115.556,0.0,0.5971796875000002,1.55056e-08
115.556,0.0,0.5969296875000001,1.53304e-08
115.556,0.0,0.5966796875000001,1.5333899999999998e-08
115.556,0.0,0.5964296875000001,1.54042e-08
115.556,0.0,0.5961796875000002,1.545075e-08
115.556,0.0,0.5959296875000001,1.53851e-08
115.556,0.0,0.5956796875000001,1.531205e-08
115.556,0.0,0.5954296875000001,1.5371e-08
115.556,0.0,0.5951796875000002,1.5456100000000002e-08
115.556,0.0,0.5949296875000001,1.5515e-08
115.556,0.0,0.5946796875000001,1.540475e-08
115.556,0.0,0.5944296875000001,1.54532e-08
115.556,0.0,0.5941796875000002,1.54116e-08
115.556,0.0,0.5939296875000001,1.546885e-08
115.556,0.0,0.5936796875000001,1.5527450000000002e-08
115.556,0.0,0.5934296875000001,1.5562249999999998e-08
115.556,0.0,0.5931796875000002,1.56063e-08
115.556,0.0,0.5929296875000001,1.5347800000000002e-08
115.556,0.0,0.5926796875000001,1.54437e-08
115.556,0.0,0.5924296875000001,1.5478549999999998e-08
115.556,0.0,0.5921796875000002,1.54724e-08
115.556,0.0,0.5919296875000001,1.538075e-08
115.556,0.0,0.5916796875000001,1.53295e-08
115.556,0.0,0.5914296875000001,1.549695e-08
115.556,0.0,0.5911796875000002,1.548175e-08
115.556,0.0,0.5909296875000001,1.545585e-08
115.556,0.0,0.5906796875000001,1.54591e-08
115.556,0.0,0.5904296875000001,1.540265e-08
115.556,0.0,0.5901796875000002,1.55444e-08
115.556,0.0,0.5899296875000001,1.553195e-08
115.556,0.0,0.5896796875000001,1.55097e-08
115.556,0.0,0.5894296875000001,1.544125e-08
115.556,0.0,0.5891796875000002,1.54289e-08
115.556,0.0,0.5889296875000001,1.5512266666666667e-08
115.556,0.0,0.5886796875000001,1.539435e-08
115.556,0.0,0.5884296875000001,1.5454199999999998e-08
115.556,0.0,0.5881796875000002,1.54819e-08
115.556,0.0,0.5879296875000001,1.54957e-08
115.556,0.0,0.5876796875000001,1.54831e-08
115.556,0.0,0.5874296875000001,1.5478899999999997e-08
115.556,0.0,0.5871796875000002,1.55149e-08
115.556,0.0,0.5869296875000001,1.555135e-08
115.556,0.0,0.5866796875000001,1.545915e-08
115.556,0.0,0.5864296875000001,1.543075e-08
115.556,0.0,0.5861796875000002,1.54887e-08
115.556,0.0,0.5859296875000001,1.545705e-08
115.556,0.0,0.5856796875000001,1.551455e-08
115.556,0.0,0.5854296875000001,1.540315e-08
115.556,0.0,0.5851796875000002,1.53933e-08
115.556,0.0,0.5849296875000001,1.5415600000000002e-08
115.556,0.0,0.5846796875000001,1.545655e-08
115.556,0.0,0.5844296875000001,1.553e-08
115.556,0.0,0.5841796875000002,1.5454e-08
115.556,0.0,0.5839296875000001,1.552115e-08
115.556,0.0,0.5836796875000001,1.55136e-08
115.556,0.0,0.5834296875000001,1.556415e-08
115.556,0.0,0.5831796875000002,1.55589e-08
115.556,0.0,0.5829296875000001,1.55861e-08
115.556,0.0,0.5826796875000001,1.558325e-08
115.556,0.0,0.5824296875000001,1.559225e-08
115.556,0.0,0.5821796875000002,1.54765e-08
115.556,0.0,0.5819296875000001,1.5482833333333332e-08
115.556,0.0,0.5816796875000001,1.54715e-08
115.556,0.0,0.5814296875000001,1.55566e-08
115.556,0.0,0.5811796875000002,1.55382e-08
115.556,0.0,0.5809296875000001,1.55063e-08
115.556,0.0,0.5806796875000001,1.54276e-08
115.556,0.0,0.5804296875000001,1.536335e-08
115.556,0.0,0.5801796875000002,1.53161e-08
115.556,0.0,0.5799296875000001,1.5416e-08
115.556,0.0,0.5796796875000001,1.539625e-08
115.556,0.0,0.5794296875000001,1.53794e-08
115.556,0.0,0.5791796875000002,1.536075e-08
115.556,0.0,0.5789296875000001,1.542485e-08
115.556,0.0,0.5786796875000001,1.54616e-08
115.556,0.0,0.5784296875000001,1.5334350000000006e-08
115.556,0.0,0.5781796875000002,1.5345e-08
115.556,0.0,0.5779296875000001,1.53222e-08
115.556,0.0,0.5776796875000001,1.530755e-08
115.556,0.0,0.5774296875000001,1.535345e-08
115.556,0.0,0.5771796875000001,1.528015e-08
115.556,0.0,0.5769296875000001,1.538045e-08
115.556,0.0,0.5766796875000001,1.530225e-08
115.556,0.0,0.5764296875000001,1.53834e-08
115.556,0.0,0.5761796875000001,1.52659e-08
115.556,0.0,0.5759296875000001,1.524315e-08
115.556,0.0,0.5756796875000001,1.52469e-08
115.556,0.0,0.5754296875000001,1.525155e-08
115.556,0.0,0.5751796875000001,1.54662e-08
115.556,0.0,0.5749296875000001,1.52844e-08
115.556,0.0,0.5746796875000001,1.5239433333333333e-08
115.556,0.0,0.5744296875000001,1.52658e-08
115.556,0.0,0.5741796875000001,1.52654e-08
115.556,0.0,0.5739296875000001,1.5276100000000003e-08
115.556,0.0,0.5736796875000001,1.5297500000000002e-08
115.556,0.0,0.5734296875000001,1.52062e-08
115.556,0.0,0.5731796875000001,1.5248849999999998e-08
115.556,0.0,0.5729296875000001,1.5235249999999997e-08
115.556,0.0,0.5726796875000001,1.5240233333333333e-08
115.556,0.0,0.5724296875000001,1.5272e-08
115.556,0.0,0.5721796875000001,1.520355e-08
115.556,0.0,0.5719296875000001,1.522905e-08
115.556,0.0,0.5716796875000001,1.524325e-08
115.556,0.0,0.5714296875000001,1.52025e-08
115.556,0.0,0.5711796875000001,1.5236849999999998e-08
115.556,0.0,0.5709296875000001,1.532695e-08
115.556,0.0,0.5706796875000001,1.525305e-08
115.556,0.0,0.5704296875000001,1.53363e-08
115.556,0.0,0.5701796875000001,1.5307449999999997e-08
115.556,0.0,0.5699296875000001,1.5348900000000002e-08
115.556,0.0,0.5696796875000001,1.52354e-08
115.556,0.0,0.5694296875000001,1.53358e-08
115.556,0.0,0.5691796875000001,1.53995e-08
115.556,0.0,0.5689296875000001,1.5345600000000002e-08
115.556,0.0,0.5686796875000001,1.533505e-08
115.556,0.0,0.5684296875000001,1.526485e-08
115.556,0.0,0.5681796875000001,1.5359550000000002e-08
115.556,0.0,0.5679296875000002,1.53718e-08
115.556,0.0,0.5676796875000001,1.5249699999999998e-08
115.556,0.0,0.5674296875000001,1.52661e-08
115.556,0.0,0.5671796875000001,1.517295e-08
115.556,0.0,0.5669296875000002,1.514815e-08
115.556,0.0,0.5666796875000001,1.50766e-08
115.556,0.0,0.5664296875000001,1.49741e-08
115.556,0.0,0.5661796875000001,1.5066499999999998e-08
115.556,0.0,0.5659296875000002,1.50682e-08
115.556,0.0,0.5656796875000001,1.50761e-08
115.556,0.0,0.5654296875000001,1.50077e-08
115.556,0.0,0.5651796875000001,1.5030600000000002e-08
115.556,0.0,0.5649296875000002,1.504705e-08
115.556,0.0,0.5646796875000001,1.49984e-08
115.556,0.0,0.5644296875000001,1.50168e-08
115.556,0.0,0.5641796875000001,1.504855e-08
115.556,0.0,0.5639296875000002,1.504885e-08
115.556,0.0,0.5636796875000001,1.5023466666666666e-08
115.556,0.0,0.5634296875000001,1.50552e-08
115.556,0.0,0.5631796875000001,1.51962e-08
115.556,0.0,0.5629296875000002,1.525445e-08
115.556,0.0,0.5626796875000001,1.51481e-08
115.556,0.0,0.5624296875000001,1.51433e-08
115.556,0.0,0.5621796875000001,1.5198250000000002e-08
115.556,0.0,0.5619296875000002,1.5140049999999998e-08
115.556,0.0,0.5616796875000001,1.505295e-08
115.556,0.0,0.5614296875000001,1.51384e-08
115.556,0.0,0.5611796875000001,1.506375e-08
115.556,0.0,0.5609296875000002,1.5066950000000002e-08
115.556,0.0,0.5606796875000001,1.500655e-08
115.556,0.0,0.5604296875000001,1.50278e-08
115.556,0.0,0.5601796875000001,1.5073550000000002e-08
115.556,0.0,0.5599296875000002,1.503455e-08
115.556,0.0,0.5596796875000001,1.505535e-08
115.556,0.0,0.5594296875000001,1.5060450000000002e-08
115.556,0.0,0.5591796875000001,1.505235e-08
115.556,0.0,0.5589296875000002,1.5118950000000002e-08
115.556,0.0,0.5586796875000001,1.5142e-08
115.556,0.0,0.5584296875000001,1.5080199999999998e-08
115.556,0.0,0.5581796875000001,1.5132e-08
115.556,0.0,0.5579296875000002,1.5149800000000002e-08
115.556,0.0,0.5576796875000001,1.513475e-08
115.556,0.0,0.5574296875000001,1.51454e-08
115.556,0.0,0.5571796875000001,1.525595e-08
115.556,0.0,0.5569296875000002,1.5156400000000002e-08
115.556,0.0,0.5566796875000001,1.523935e-08
115.556,0.0,0.5564296875000001,1.5256750000000002e-08
115.556,0.0,0.5561796875000001,1.526405e-08
115.556,0.0,0.5559296875000002,1.514455e-08
115.556,0.0,0.5556796875000001,1.51646e-08
115.556,0.0,0.5554296875000001,1.52534e-08
115.556,0.0,0.5551796875000001,1.52385e-08
115.556,0.0,0.5549296875000002,1.52225e-08
115.556,0.0,0.5546796875000001,1.5187999999999997e-08
115.556,0.0,0.5544296875000001,1.52119e-08
115.556,0.0,0.5541796875000001,1.519075e-08
115.556,0.0,0.5539296875000002,1.512505e-08
115.556,0.0,0.5536796875000001,1.51703e-08
115.556,0.0,0.5534296875000001,1.52234e-08
115.556,0.0,0.5531796875000001,1.524045e-08
115.556,0.0,0.5529296875000002,1.516125e-08
115.556,0.0,0.5526796875000001,1.52459e-08
115.556,0.0,0.5524296875000001,1.523485e-08
115.556,0.0,0.5521796875000001,1.516565e-08
115.556,0.0,0.5519296875000002,1.523185e-08
115.556,0.0,0.5516796875000001,1.51819e-08
115.556,0.0,0.5514296875000001,1.51805e-08
115.556,0.0,0.5511796875000001,1.5212249999999998e-08
115.556,0.0,0.5509296875000002,1.515135e-08
115.556,0.0,0.5506796875000001,1.518085e-08
115.556,0.0,0.5504296875000001,1.511035e-08
115.556,0.0,0.5501796875000001,1.51289e-08
115.556,0.0,0.5499296875000002,1.507865e-08
115.556,0.0,0.5496796875000001,1.49547e-08
115.556,0.0,0.5494296875000001,1.499265e-08
115.556,0.0,0.5491796875000001,1.50511e-08
115.556,0.0,0.5489296875000002,1.4971500000000003e-08
115.556,0.0,0.5486796875000001,1.50201e-08
115.556,0.0,0.5484296875000001,1.490505e-08
115.556,0.0,0.5481796875000001,1.4993133333333332e-08
115.556,0.0,0.5479296875000002,1.49773e-08
115.556,0.0,0.5476796875000001,1.50629e-08
115.556,0.0,0.5474296875000001,1.49762e-08
115.556,0.0,0.5471796875000001,1.501895e-08
115.556,0.0,0.5469296875000002,1.49446e-08
115.556,0.0,0.5466796875000001,1.49272e-08
115.556,0.0,0.5464296875000001,1.490235e-08
115.556,0.0,0.5461796875000001,1.489735e-08
115.556,0.0,0.5459296875000001,1.500175e-08
115.556,0.0,0.5456796875000001,1.496325e-08
115.556,0.0,0.5454296875000001,1.492585e-08
115.556,0.0,0.5451796875000001,1.50232e-08
115.556,0.0,0.5449296875000001,1.51084e-08
115.556,0.0,0.5446796875000001,1.49437e-08
115.556,0.0,0.5444296875000001,1.504615e-08
115.556,0.0,0.5441796875000001,1.50888e-08
115.556,0.0,0.5439296875000001,1.5160599999999997e-08
115.556,0.0,0.5436796875000001,1.51045e-08
115.556,0.0,0.5434296875000001,1.513085e-08
115.556,0.0,0.5431796875000001,1.507455e-08
115.556,0.0,0.5429296875000001,1.51254e-08
115.556,0.0,0.5426796875000001,1.52255e-08
115.556,0.0,0.5424296875000001,1.5127449999999998e-08
115.556,0.0,0.5421796875000001,1.509625e-08
115.556,0.0,0.5419296875000001,1.5107450000000002e-08
115.556,0.0,0.5416796875000001,1.50002e-08
115.556,0.0,0.5414296875000001,1.5080833333333333e-08
115.556,0.0,0.5411796875000001,1.520175e-08
115.556,0.0,0.5409296875000001,1.51994e-08
115.556,0.0,0.5406796875000001,1.515905e-08
115.556,0.0,0.5404296875000001,1.522715e-08
115.556,0.0,0.5401796875000001,1.5259249999999998e-08
115.556,0.0,0.5399296875000001,1.52482e-08
115.556,0.0,0.5396796875000001,1.52703e-08
115.556,0.0,0.5394296875000001,1.53584e-08
115.556,0.0,0.5391796875000001,1.53493e-08
115.556,0.0,0.5389296875000001,1.5255449999999998e-08
115.556,0.0,0.5386796875000001,1.54323e-08
115.556,0.0,0.5384296875000001,1.53378e-08
115.556,0.0,0.5381796875000001,1.543525e-08
115.556,0.0,0.5379296875000001,1.53388e-08
115.556,0.0,0.5376796875000001,1.544885e-08
115.556,0.0,0.5374296875000001,1.53721e-08
115.556,0.0,0.5371796875000001,1.535475e-08
115.556,0.0,0.5369296875000001,1.528595e-08
115.556,0.0,0.5366796875000002,1.52455e-08
115.556,0.0,0.5364296875000001,1.5310149999999998e-08
115.556,0.0,0.5361796875000001,1.5311e-08
115.556,0.0,0.5359296875000001,1.52792e-08
115.556,0.0,0.5356796875000002,1.52305e-08
115.556,0.0,0.5354296875000001,1.52321e-08
115.556,0.0,0.5351796875000001,1.531355e-08
115.556,0.0,0.5349296875000001,1.53816e-08
115.556,0.0,0.5346796875000002,1.529445e-08
115.556,0.0,0.5344296875000001,1.53918e-08
115.556,0.0,0.5341796875000001,1.5362850000000002e-08
115.556,0.0,0.5339296875000001,1.54086e-08
115.556,0.0,0.5336796875000002,1.537605e-08
115.556,0.0,0.5334296875000001,1.5468100000000002e-08
115.556,0.0,0.5331796875000001,1.5381249999999998e-08
115.556,0.0,0.5329296875000001,1.54442e-08
115.556,0.0,0.5326796875000002,1.538455e-08
115.556,0.0,0.5324296875000001,1.538715e-08
115.556,0.0,0.5321796875000001,1.539425e-08
115.556,0.0,0.5319296875000001,1.537875e-08
115.556,0.0,0.5316796875000002,1.53727e-08
115.556,0.0,0.5314296875000001,1.54547e-08
115.556,0.0,0.5311796875000001,1.541825e-08
115.556,0.0,0.5309296875000001,1.55017e-08
115.556,0.0,0.5306796875000002,1.5325449999999998e-08
115.556,0.0,0.5304296875000001,1.5426750000000003e-08
115.556,0.0,0.5301796875000001,1.5355e-08
115.556,0.0,0.5299296875000001,1.54416e-08
115.556,0.0,0.5296796875000002,1.540615e-08
115.556,0.0,0.5294296875000001,1.54492e-08
115.556,0.0,0.5291796875000001,1.54197e-08
115.556,0.0,0.5289296875000001,1.53932e-08
115.556,0.0,0.5286796875000002,1.54713e-08
115.556,0.0,0.5284296875000001,1.536495e-08
115.556,0.0,0.5281796875000001,1.547095e-08
115.556,0.0,0.5279296875000001,1.55708e-08
115.556,0.0,0.5276796875000002,1.55074e-08
115.556,0.0,0.5274296875000001,1.5519299999999998e-08
115.556,0.0,0.5271796875000001,1.548555e-08
115.556,0.0,0.5269296875000001,1.55279e-08
115.556,0.0,0.5266796875000002,1.557145e-08
115.556,0.0,0.5264296875000001,1.561665e-08
115.556,0.0,0.5261796875000001,1.559005e-08
115.556,0.0,0.5259296875000001,1.55782e-08
115.556,0.0,0.5256796875000002,1.55736e-08
115.556,0.0,0.5254296875000001,1.5608566666666666e-08
115.556,0.0,0.5251796875000001,1.567175e-08
115.556,0.0,0.5249296875000001,1.56845e-08
115.556,0.0,0.5246796875000002,1.55902e-08
115.556,0.0,0.5244296875000001,1.560355e-08
115.556,0.0,0.5241796875000001,1.568725e-08
115.556,0.0,0.5239296875000001,1.57079e-08
115.556,0.0,0.5236796875000002,1.57378e-08
115.556,0.0,0.5234296875000001,1.568785e-08
115.556,0.0,0.5231796875000001,1.56137e-08
115.556,0.0,0.5229296875000001,1.5527100000000003e-08
115.556,0.0,0.5226796875000002,1.562995e-08
115.556,0.0,0.5224296875000001,1.554875e-08
115.556,0.0,0.5221796875000001,1.56005e-08
115.556,0.0,0.5219296875000001,1.56304e-08
115.556,0.0,0.5216796875000002,1.565115e-08
115.556,0.0,0.5214296875000001,1.564745e-08
115.556,0.0,0.5211796875000001,1.55996e-08
115.556,0.0,0.5209296875000001,1.55337e-08
115.556,0.0,0.5206796875000002,1.563175e-08
115.556,0.0,0.5204296875000001,1.55798e-08
115.556,0.0,0.5201796875000001,1.54823e-08
115.556,0.0,0.5199296875000001,1.56131e-08
115.556,0.0,0.5196796875000002,1.563595e-08
115.556,0.0,0.5194296875000001,1.558585e-08
115.556,0.0,0.5191796875000001,1.554185e-08
115.556,0.0,0.5189296875000001,1.568195e-08
115.556,0.0,0.5186796875000002,1.5614100000000002e-08
115.556,0.0,0.5184296875000001,1.558585e-08
115.556,0.0,0.5181796875000001,1.55893e-08
115.556,0.0,0.5179296875000001,1.55768e-08
115.556,0.0,0.5176796875000002,1.550025e-08
115.556,0.0,0.5174296875000001,1.5639849999999998e-08
115.556,0.0,0.5171796875000001,1.54996e-08
115.556,0.0,0.5169296875000001,1.5565e-08
115.556,0.0,0.5166796875000002,1.55916e-08
115.556,0.0,0.5164296875000001,1.5536e-08
115.556,0.0,0.5161796875000001,1.556695e-08
115.556,0.0,0.5159296875000001,1.5630549999999998e-08
115.556,0.0,0.5156796875000002,1.570965e-08
115.556,0.0,0.5154296875000001,1.559315e-08
115.556,0.0,0.5151796875000001,1.56023e-08
115.556,0.0,0.5149296875000001,1.565995e-08
115.556,0.0,0.5146796875000001,1.565995e-08
115.556,0.0,0.5144296875000001,1.56709e-08
115.556,0.0,0.5141796875000001,1.566815e-08
115.556,0.0,0.5139296875000001,1.564755e-08
115.556,0.0,0.5136796875000001,1.56958e-08
115.556,0.0,0.5134296875000001,1.5682750000000002e-08
115.556,0.0,0.5131796875000001,1.57698e-08
115.556,0.0,0.5129296875000001,1.5724250000000003e-08
115.556,0.0,0.5126796875000001,1.56499e-08
115.556,0.0,0.5124296875000001,1.56322e-08
115.556,0.0,0.5121796875000001,1.567365e-08
115.556,0.0,0.5119296875000001,1.56984e-08
115.556,0.0,0.5116796875000001,1.5683899999999998e-08
115.556,0.0,0.5114296875000001,1.56862e-08
115.556,0.0,0.5111796875000001,1.55904e-08
115.556,0.0,0.5109296875000001,1.5673950000000006e-08
115.556,0.0,0.5106796875000001,1.56636e-08
115.556,0.0,0.5104296875000001,1.575935e-08
115.556,0.0,0.5101796875000001,1.58642e-08
115.556,0.0,0.5099296875000001,1.5699366666666666e-08
115.556,0.0,0.5096796875000001,1.578595e-08
115.556,0.0,0.5094296875000001,1.57567e-08
115.556,0.0,0.5091796875000001,1.57467e-08
115.556,0.0,0.5089296875000001,1.56922e-08
115.556,0.0,0.5086796875000001,1.577865e-08
115.556,0.0,0.5084296875000001,1.5696249999999997e-08
115.556,0.0,0.5081796875000001,1.57167e-08
115.556,0.0,0.5079296875000001,1.579875e-08
115.556,0.0,0.5076796875000001,1.583105e-08
115.556,0.0,0.5074296875000001,1.5779866666666665e-08
115.556,0.0,0.5071796875000001,1.57487e-08
115.556,0.0,0.5069296875000001,1.577945e-08
115.556,0.0,0.5066796875000001,1.5703949999999997e-08
115.556,0.0,0.5064296875000001,1.56765e-08
115.556,0.0,0.5061796875000001,1.58062e-08
115.556,0.0,0.5059296875000001,1.56643e-08
115.556,0.0,0.5056796875000001,1.563215e-08
115.556,0.0,0.5054296875000002,1.570215e-08
115.556,0.0,0.5051796875000001,1.5601899999999998e-08
115.556,0.0,0.5049296875000001,1.56648e-08
115.556,0.0,0.5046796875000001,1.55714e-08
115.556,0.0,0.5044296875000002,1.564615e-08
115.556,0.0,0.5041796875000001,1.55861e-08
115.556,0.0,0.5039296875000001,1.5646199999999998e-08
115.556,0.0,0.5036796875000001,1.5559549999999997e-08
115.556,0.0,0.5034296875000002,1.55937e-08
115.556,0.0,0.5031796875000001,1.56635e-08
115.556,0.0,0.5029296875000001,1.5632733333333332e-08
115.556,0.0,0.5026796875000001,1.5688799999999998e-08
115.556,0.0,0.5024296875000002,1.57419e-08
115.556,0.0,0.5021796875000001,1.57001e-08
115.556,0.0,0.5019296875000001,1.562245e-08
115.556,0.0,0.5016796875000001,1.55725e-08
115.556,0.0,0.5014296875000002,1.56705e-08
115.556,0.0,0.5011796875000001,1.56843e-08
115.556,0.0,0.5009296875000001,1.5640949999999998e-08
115.556,0.0,0.5006796875000001,1.557055e-08
115.556,0.0,0.5004296875000002,1.56275e-08
115.556,0.0,0.5001796875000001,1.561245e-08
115.556,0.0,0.4999296875000001,1.56497e-08
115.556,0.0,0.49967968750000014,1.56815e-08
115.556,0.0,0.4994296875000001,1.5807e-08
115.556,0.0,0.49917968750000014,1.57422e-08
115.556,0.0,0.4989296875000001,1.56733e-08
115.556,0.0,0.49867968750000014,1.568975e-08
115.556,0.0,0.4984296875000001,1.5686300000000002e-08
115.556,0.0,0.49817968750000013,1.57764e-08
115.556,0.0,0.4979296875000001,1.57721e-08
115.556,0.0,0.49767968750000013,1.57465e-08
115.556,0.0,0.4974296875000001,1.58503e-08
115.556,0.0,0.49717968750000013,1.5784499999999998e-08
115.556,0.0,0.4969296875000001,1.575365e-08
115.556,0.0,0.49667968750000013,1.583915e-08
115.556,0.0,0.4964296875000001,1.5876600000000002e-08
115.556,0.0,0.49617968750000013,1.578305e-08
115.556,0.0,0.4959296875000001,1.57932e-08
115.556,0.0,0.49567968750000013,1.58184e-08
115.556,0.0,0.4954296875000001,1.58289e-08
115.556,0.0,0.49517968750000013,1.57712e-08
115.556,0.0,0.4949296875000001,1.57256e-08
115.556,0.0,0.49467968750000013,1.57051e-08
115.556,0.0,0.4944296875000001,1.57457e-08
115.556,0.0,0.49417968750000013,1.580585e-08
115.556,0.0,0.4939296875000001,1.58603e-08
115.556,0.0,0.49367968750000013,1.5818866666666672e-08
115.556,0.0,0.4934296875000001,1.59089e-08
115.556,0.0,0.49317968750000013,1.585415e-08
115.556,0.0,0.4929296875000001,1.5804e-08
115.556,0.0,0.49267968750000013,1.589e-08
115.556,0.0,0.4924296875000001,1.59482e-08
115.556,0.0,0.49217968750000013,1.590545e-08
115.556,0.0,0.4919296875000001,1.588905e-08
115.556,0.0,0.49167968750000013,1.59273e-08
115.556,0.0,0.4914296875000001,1.5973e-08
115.556,0.0,0.49117968750000013,1.601855e-08
115.556,0.0,0.4909296875000001,1.59872e-08
115.556,0.0,0.49067968750000013,1.59168e-08
115.556,0.0,0.4904296875000001,1.58883e-08
115.556,0.0,0.4901796875000001,1.579225e-08
115.556,0.0,0.4899296875000001,1.58391e-08
115.556,0.0,0.4896796875000001,1.5825499999999998e-08
115.556,0.0,0.4894296875000001,1.5667950000000002e-08
115.556,0.0,0.4891796875000001,1.561565e-08
115.556,0.0,0.4889296875000001,1.5635150000000002e-08
115.556,0.0,0.4886796875000001,1.5649999999999998e-08
115.556,0.0,0.4884296875000001,1.57097e-08
115.556,0.0,0.4881796875000001,1.5721099999999998e-08
115.556,0.0,0.4879296875000001,1.55801e-08
115.556,0.0,0.4876796875000001,1.57471e-08
115.556,0.0,0.4874296875000001,1.5671049999999998e-08
115.556,0.0,0.4871796875000001,1.58451e-08
115.556,0.0,0.4869296875000001,1.57892e-08
115.556,0.0,0.4866796875000001,1.5807249999999998e-08
115.556,0.0,0.4864296875000001,1.59705e-08
115.556,0.0,0.4861796875000001,1.5856650000000002e-08
115.556,0.0,0.4859296875000001,1.59888e-08
115.556,0.0,0.4856796875000001,1.593055e-08
115.556,0.0,0.4854296875000001,1.59953e-08
115.556,0.0,0.4851796875000001,1.594915e-08
115.556,0.0,0.4849296875000001,1.595875e-08
115.556,0.0,0.4846796875000001,1.595405e-08
115.556,0.0,0.4844296875000001,1.5993e-08
115.556,0.0,0.4841796875000001,1.61143e-08
115.556,0.0,0.4839296875000001,1.59557e-08
115.556,0.0,0.4836796875000001,1.601505e-08
115.556,0.0,0.4834296875000001,1.59922e-08
115.556,0.0,0.4831796875000001,1.59529e-08
115.556,0.0,0.4829296875000001,1.5981e-08
115.556,0.0,0.4826796875000001,1.60255e-08
115.556,0.0,0.4824296875000001,1.59742e-08
115.556,0.0,0.4821796875000001,1.60863e-08
115.556,0.0,0.4819296875000001,1.598525e-08
115.556,0.0,0.4816796875000001,1.5976e-08
115.556,0.0,0.4814296875000001,1.598085e-08
115.556,0.0,0.4811796875000001,1.59803e-08
115.556,0.0,0.4809296875000001,1.6063100000000002e-08
115.556,0.0,0.4806796875000001,1.59295e-08
115.556,0.0,0.4804296875000001,1.59917e-08
115.556,0.0,0.4801796875000001,1.59635e-08
115.556,0.0,0.4799296875000001,1.596665e-08
115.556,0.0,0.4796796875000001,1.60823e-08
115.556,0.0,0.4794296875000001,1.5942e-08
115.556,0.0,0.4791796875000001,1.600125e-08
115.556,0.0,0.4789296875000001,1.59203e-08
115.556,0.0,0.4786796875000001,1.59521e-08
115.556,0.0,0.4784296875000001,1.5908e-08
115.556,0.0,0.4781796875000001,1.595875e-08
115.556,0.0,0.4779296875000001,1.594185e-08
115.556,0.0,0.4776796875000001,1.60821e-08
115.556,0.0,0.4774296875000001,1.5968500000000002e-08
115.556,0.0,0.4771796875000001,1.5956e-08
115.556,0.0,0.4769296875000001,1.6027000000000002e-08
115.556,0.0,0.4766796875000001,1.60408e-08
115.556,0.0,0.4764296875000001,1.5905600000000002e-08
115.556,0.0,0.4761796875000001,1.59692e-08
115.556,0.0,0.4759296875000001,1.596445e-08
115.556,0.0,0.4756796875000001,1.596395e-08
115.556,0.0,0.4754296875000001,1.5864149999999997e-08
115.556,0.0,0.4751796875000001,1.59894e-08
115.556,0.0,0.4749296875000001,1.5971249999999998e-08
115.556,0.0,0.4746796875000001,1.59666e-08
115.556,0.0,0.47442968750000014,1.590535e-08
115.556,0.0,0.4741796875000001,1.591755e-08
115.556,0.0,0.47392968750000014,1.5810199999999998e-08
115.556,0.0,0.4736796875000001,1.58603e-08
115.556,0.0,0.47342968750000014,1.58663e-08
115.556,0.0,0.4731796875000001,1.5918249999999998e-08
115.556,0.0,0.47292968750000014,1.5829850000000002e-08
115.556,0.0,0.4726796875000001,1.58762e-08
115.556,0.0,0.47242968750000014,1.584425e-08
115.556,0.0,0.4721796875000001,1.59345e-08
115.556,0.0,0.47192968750000014,1.590575e-08
115.556,0.0,0.4716796875000001,1.57925e-08
115.556,0.0,0.47142968750000014,1.5846166666666666e-08
115.556,0.0,0.4711796875000001,1.589e-08
115.556,0.0,0.47092968750000014,1.586805e-08
115.556,0.0,0.4706796875000001,1.5871e-08
115.556,0.0,0.47042968750000014,1.59455e-08
115.556,0.0,0.4701796875000001,1.5900100000000002e-08
115.556,0.0,0.46992968750000014,1.58723e-08
115.556,0.0,0.4696796875000001,1.58672e-08
115.556,0.0,0.46942968750000014,1.5873099999999998e-08
115.556,0.0,0.4691796875000001,1.59133e-08
115.556,0.0,0.46892968750000014,1.58339e-08
115.556,0.0,0.4686796875000001,1.58122e-08
115.556,0.0,0.46842968750000014,1.57252e-08
115.556,0.0,0.4681796875000001,1.5765e-08
115.556,0.0,0.46792968750000014,1.574785e-08
115.556,0.0,0.4676796875000001,1.57048e-08
115.556,0.0,0.46742968750000014,1.58643e-08
115.556,0.0,0.4671796875000001,1.583445e-08
115.556,0.0,0.46692968750000013,1.58134e-08
115.556,0.0,0.4666796875000001,1.5766950000000002e-08
115.556,0.0,0.46642968750000013,1.57968e-08
115.556,0.0,0.4661796875000001,1.57929e-08
115.556,0.0,0.46592968750000013,1.5844699999999998e-08
115.556,0.0,0.4656796875000001,1.59545e-08
115.556,0.0,0.46542968750000013,1.598045e-08
115.556,0.0,0.4651796875000001,1.5871249999999997e-08
115.556,0.0,0.46492968750000013,1.59069e-08
115.556,0.0,0.4646796875000001,1.5885900000000002e-08
115.556,0.0,0.46442968750000013,1.58845e-08
115.556,0.0,0.4641796875000001,1.58162e-08
115.556,0.0,0.46392968750000013,1.59001e-08
115.556,0.0,0.4636796875000001,1.581975e-08
115.556,0.0,0.46342968750000013,1.58049e-08
115.556,0.0,0.4631796875000001,1.58527e-08
115.556,0.0,0.46292968750000013,1.58194e-08
115.556,0.0,0.4626796875000001,1.58443e-08
115.556,0.0,0.46242968750000013,1.5898099999999997e-08
115.556,0.0,0.4621796875000001,1.583435e-08
115.556,0.0,0.46192968750000013,1.57498e-08
115.556,0.0,0.4616796875000001,1.569115e-08
115.556,0.0,0.46142968750000013,1.5748999999999998e-08
115.556,0.0,0.4611796875000001,1.579885e-08
115.556,0.0,0.46092968750000013,1.56411e-08
115.556,0.0,0.4606796875000001,1.566095e-08
115.556,0.0,0.46042968750000013,1.567915e-08
115.556,0.0,0.4601796875000001,1.56148e-08
115.556,0.0,0.45992968750000013,1.56406e-08
115.556,0.0,0.4596796875000001,1.555155e-08
115.556,0.0,0.45942968750000013,1.569285e-08
115.556,0.0,0.4591796875000001,1.569495e-08
115.556,0.0,0.4589296875000001,1.57949e-08
115.556,0.0,0.4586796875000001,1.5759899999999998e-08
115.556,0.0,0.4584296875000001,1.568705e-08
115.556,0.0,0.4581796875000001,1.564895e-08
115.556,0.0,0.4579296875000001,1.57116e-08
115.556,0.0,0.4576796875000001,1.573885e-08
115.556,0.0,0.4574296875000001,1.5727800000000003e-08
115.556,0.0,0.4571796875000001,1.561465e-08
115.556,0.0,0.4569296875000001,1.55871e-08
115.556,0.0,0.4566796875000001,1.570075e-08
115.556,0.0,0.4564296875000001,1.5627200000000002e-08
115.556,0.0,0.4561796875000001,1.5690950000000002e-08
115.556,0.0,0.4559296875000001,1.55436e-08
115.556,0.0,0.4556796875000001,1.556985e-08
115.556,0.0,0.4554296875000001,1.5661533333333334e-08
115.556,0.0,0.4551796875000001,1.5618e-08
115.556,0.0,0.4549296875000001,1.56035e-08
115.556,0.0,0.4546796875000001,1.5643999999999998e-08
115.556,0.0,0.4544296875000001,1.55842e-08
115.556,0.0,0.4541796875000001,1.55996e-08
115.556,0.0,0.4539296875000001,1.56205e-08
115.556,0.0,0.4536796875000001,1.56925e-08
115.556,0.0,0.4534296875000001,1.563125e-08
115.556,0.0,0.4531796875000001,1.56517e-08
115.556,0.0,0.4529296875000001,1.551405e-08
115.556,0.0,0.4526796875000001,1.5544999999999998e-08
115.556,0.0,0.4524296875000001,1.559655e-08
115.556,0.0,0.4521796875000001,1.562395e-08
115.556,0.0,0.4519296875000001,1.56809e-08
115.556,0.0,0.4516796875000001,1.5638200000000002e-08
115.556,0.0,0.4514296875000001,1.568125e-08
115.556,0.0,0.4511796875000001,1.556415e-08
115.556,0.0,0.4509296875000001,1.568725e-08
115.556,0.0,0.4506796875000001,1.5624250000000002e-08
115.556,0.0,0.4504296875000001,1.554905e-08
115.556,0.0,0.4501796875000001,1.556535e-08
115.556,0.0,0.4499296875000001,1.55786e-08
115.556,0.0,0.4496796875000001,1.553155e-08
115.556,0.0,0.4494296875000001,1.551145e-08
115.556,0.0,0.4491796875000001,1.550575e-08
115.556,0.0,0.4489296875000001,1.56486e-08
115.556,0.0,0.4486796875000001,1.56789e-08
115.556,0.0,0.4484296875000001,1.56394e-08
115.556,0.0,0.4481796875000001,1.56525e-08
115.556,0.0,0.4479296875000001,1.56053e-08
115.556,0.0,0.4476796875000001,1.558075e-08
115.556,0.0,0.4474296875000001,1.5672850000000006e-08
115.556,0.0,0.4471796875000001,1.565615e-08
115.556,0.0,0.4469296875000001,1.565385e-08
115.556,0.0,0.4466796875000001,1.55965e-08
115.556,0.0,0.4464296875000001,1.56786e-08
115.556,0.0,0.4461796875000001,1.58094e-08
115.556,0.0,0.4459296875000001,1.56668e-08
115.556,0.0,0.4456796875000001,1.56328e-08
115.556,0.0,0.4454296875000001,1.562115e-08
115.556,0.0,0.4451796875000001,1.56164e-08
115.556,0.0,0.4449296875000001,1.55251e-08
115.556,0.0,0.4446796875000001,1.559435e-08
115.556,0.0,0.4444296875000001,1.552865e-08
115.556,0.0,0.4441796875000001,1.5476349999999998e-08
115.556,0.0,0.4439296875000001,1.5553e-08
115.556,0.0,0.4436796875000001,1.557035e-08
115.556,0.0,0.4434296875000001,1.5553199999999998e-08
115.556,0.0,0.44317968750000014,1.55439e-08
115.556,0.0,0.4429296875000001,1.56477e-08
115.556,0.0,0.44267968750000014,1.546435e-08
115.556,0.0,0.4424296875000001,1.554465e-08
115.556,0.0,0.44217968750000014,1.5575e-08
115.556,0.0,0.4419296875000001,1.554745e-08
115.556,0.0,0.44167968750000014,1.5440599999999997e-08
115.556,0.0,0.4414296875000001,1.556645e-08
115.556,0.0,0.44117968750000014,1.53856e-08
115.556,0.0,0.4409296875000001,1.5461399999999997e-08
115.556,0.0,0.44067968750000014,1.5541400000000002e-08
115.556,0.0,0.4404296875000001,1.549315e-08
115.556,0.0,0.44017968750000014,1.5444399999999998e-08
115.556,0.0,0.4399296875000001,1.5442150000000002e-08
115.556,0.0,0.43967968750000014,1.542805e-08
115.556,0.0,0.4394296875000001,1.547905e-08
115.556,0.0,0.43917968750000014,1.55338e-08
115.556,0.0,0.4389296875000001,1.54321e-08
115.556,0.0,0.43867968750000014,1.560195e-08
115.556,0.0,0.4384296875000001,1.542045e-08
115.556,0.0,0.43817968750000014,1.5396e-08
115.556,0.0,0.4379296875000001,1.54445e-08
115.556,0.0,0.43767968750000014,1.5436733333333334e-08
115.556,0.0,0.4374296875000001,1.54173e-08
115.556,0.0,0.43717968750000014,1.54311e-08
115.556,0.0,0.4369296875000001,1.541375e-08
115.556,0.0,0.43667968750000014,1.546435e-08
115.556,0.0,0.4364296875000001,1.5388349999999998e-08
115.556,0.0,0.43617968750000014,1.5494e-08
115.556,0.0,0.4359296875000001,1.54138e-08
115.556,0.0,0.43567968750000013,1.53967e-08
115.556,0.0,0.4354296875000001,1.5435300000000002e-08
115.556,0.0,0.43517968750000013,1.55203e-08
115.556,0.0,0.4349296875000001,1.5416350000000003e-08
115.556,0.0,0.43467968750000013,1.54235e-08
115.556,0.0,0.4344296875000001,1.54206e-08
115.556,0.0,0.43417968750000013,1.54176e-08
115.556,0.0,0.4339296875000001,1.549665e-08
115.556,0.0,0.43367968750000013,1.5453300000000002e-08
115.556,0.0,0.4334296875000001,1.5485649999999998e-08
115.556,0.0,0.43317968750000013,1.54327e-08
115.556,0.0,0.4329296875000001,1.5476333333333335e-08
115.556,0.0,0.43267968750000013,1.550805e-08
115.556,0.0,0.4324296875000001,1.5500650000000002e-08
115.556,0.0,0.43217968750000013,1.54615e-08
115.556,0.0,0.4319296875000001,1.536755e-08
115.556,0.0,0.43167968750000013,1.53821e-08
115.556,0.0,0.4314296875000001,1.5430650000000002e-08
115.556,0.0,0.43117968750000013,1.54636e-08
115.556,0.0,0.4309296875000001,1.546936666666667e-08
115.556,0.0,0.43067968750000013,1.5407549999999997e-08
115.556,0.0,0.4304296875000001,1.5436300000000003e-08
115.556,0.0,0.43017968750000013,1.55511e-08
115.556,0.0,0.4299296875000001,1.54551e-08
115.556,0.0,0.42967968750000013,1.5518400000000002e-08
115.556,0.0,0.4294296875000001,1.5583799999999998e-08
115.556,0.0,0.42917968750000013,1.54829e-08
115.556,0.0,0.4289296875000001,1.55158e-08
115.556,0.0,0.42867968750000013,1.5557066666666667e-08
115.556,0.0,0.4284296875000001,1.55653e-08
115.556,0.0,0.42817968750000013,1.563765e-08
115.556,0.0,0.4279296875000001,1.561955e-08
115.556,0.0,0.4276796875000001,1.564765e-08
115.556,0.0,0.4274296875000001,1.554675e-08
115.556,0.0,0.4271796875000001,1.56298e-08
115.556,0.0,0.4269296875000001,1.557685e-08
115.556,0.0,0.4266796875000001,1.559725e-08
115.556,0.0,0.4264296875000001,1.5587099999999998e-08
115.556,0.0,0.4261796875000001,1.56085e-08
115.556,0.0,0.4259296875000001,1.55584e-08
115.556,0.0,0.4256796875000001,1.55311e-08
115.556,0.0,0.4254296875000001,1.56542e-08
115.556,0.0,0.4251796875000001,1.559335e-08
115.556,0.0,0.4249296875000001,1.56055e-08
115.556,0.0,0.4246796875000001,1.557735e-08
115.556,0.0,0.4244296875000001,1.55748e-08
115.556,0.0,0.4241796875000001,1.55375e-08
115.556,0.0,0.4239296875000001,1.5580500000000002e-08
115.556,0.0,0.4236796875000001,1.562875e-08
115.556,0.0,0.4234296875000001,1.55877e-08
115.556,0.0,0.4231796875000001,1.55617e-08
115.556,0.0,0.4229296875000001,1.55108e-08
115.556,0.0,0.4226796875000001,1.5601000000000002e-08
115.556,0.0,0.4224296875000001,1.54737e-08
115.556,0.0,0.4221796875000001,1.549745e-08
115.556,0.0,0.4219296875000001,1.54865e-08
115.556,0.0,0.4216796875000001,1.5501e-08
115.556,0.0,0.4214296875000001,1.55097e-08
115.556,0.0,0.4211796875000001,1.560025e-08
115.556,0.0,0.4209296875000001,1.5469249999999998e-08
115.556,0.0,0.4206796875000001,1.55725e-08
115.556,0.0,0.4204296875000001,1.55406e-08
115.556,0.0,0.4201796875000001,1.56007e-08
115.556,0.0,0.4199296875000001,1.5490750000000006e-08
115.556,0.0,0.4196796875000001,1.54727e-08
115.556,0.0,0.4194296875000001,1.54967e-08
115.556,0.0,0.4191796875000001,1.552835e-08
115.556,0.0,0.4189296875000001,1.559655e-08
115.556,0.0,0.4186796875000001,1.5490899999999997e-08
115.556,0.0,0.4184296875000001,1.56028e-08
115.556,0.0,0.4181796875000001,1.565725e-08
115.556,0.0,0.4179296875000001,1.550145e-08
115.556,0.0,0.4176796875000001,1.544655e-08
115.556,0.0,0.4174296875000001,1.54169e-08
115.556,0.0,0.4171796875000001,1.53319e-08
115.556,0.0,0.4169296875000001,1.54195e-08
115.556,0.0,0.4166796875000001,1.53665e-08
115.556,0.0,0.4164296875000001,1.54511e-08
115.556,0.0,0.4161796875000001,1.5381350000000003e-08
115.556,0.0,0.4159296875000001,1.53819e-08
115.556,0.0,0.4156796875000001,1.54014e-08
115.556,0.0,0.4154296875000001,1.52709e-08
115.556,0.0,0.4151796875000001,1.53944e-08
115.556,0.0,0.4149296875000001,1.540045e-08
115.556,0.0,0.4146796875000001,1.5445300000000003e-08
115.556,0.0,0.4144296875000001,1.55355e-08
115.556,0.0,0.4141796875000001,1.53898e-08
115.556,0.0,0.4139296875000001,1.54241e-08
115.556,0.0,0.4136796875000001,1.5497100000000002e-08
115.556,0.0,0.4134296875000001,1.54142e-08
115.556,0.0,0.4131796875000001,1.54705e-08
115.556,0.0,0.4129296875000001,1.53856e-08
115.556,0.0,0.4126796875000001,1.54173e-08
115.556,0.0,0.4124296875000001,1.538725e-08
115.556,0.0,0.4121796875000001,1.5364249999999998e-08
115.556,0.0,0.41192968750000014,1.54076e-08
115.556,0.0,0.4116796875000001,1.54148e-08
115.556,0.0,0.41142968750000014,1.54541e-08
115.556,0.0,0.4111796875000001,1.548145e-08
115.556,0.0,0.41092968750000014,1.53463e-08
115.556,0.0,0.4106796875000001,1.53369e-08
115.556,0.0,0.41042968750000014,1.53546e-08
115.556,0.0,0.4101796875000001,1.5390549999999997e-08
115.556,0.0,0.40992968750000014,1.537535e-08
115.556,0.0,0.4096796875000001,1.5441349999999998e-08
115.556,0.0,0.40942968750000014,1.54575e-08
115.556,0.0,0.4091796875000001,1.535765e-08
115.556,0.0,0.40892968750000014,1.54762e-08
115.556,0.0,0.4086796875000001,1.5419150000000002e-08
115.556,0.0,0.40842968750000014,1.545255e-08
115.556,0.0,0.4081796875000001,1.55118e-08
115.556,0.0,0.40792968750000014,1.547065e-08
115.556,0.0,0.4076796875000001,1.5485e-08
115.556,0.0,0.40742968750000014,1.53709e-08
115.556,0.0,0.4071796875000001,1.5439149999999998e-08
115.556,0.0,0.40692968750000014,1.531875e-08
115.556,0.0,0.4066796875000001,1.543525e-08
115.556,0.0,0.40642968750000014,1.55125e-08
115.556,0.0,0.4061796875000001,1.54128e-08
115.556,0.0,0.40592968750000014,1.542905e-08
115.556,0.0,0.4056796875000001,1.52984e-08
115.556,0.0,0.40542968750000014,1.537055e-08
115.556,0.0,0.4051796875000001,1.532315e-08
115.556,0.0,0.40492968750000014,1.53787e-08
115.556,0.0,0.4046796875000001,1.52743e-08
115.556,0.0,0.40442968750000013,1.54289e-08
115.556,0.0,0.4041796875000001,1.534335e-08
115.556,0.0,0.40392968750000013,1.5369e-08
115.556,0.0,0.4036796875000001,1.53424e-08
115.556,0.0,0.40342968750000013,1.5368600000000002e-08
115.556,0.0,0.4031796875000001,1.54832e-08
115.556,0.0,0.40292968750000013,1.53819e-08
115.556,0.0,0.4026796875000001,1.53389e-08
115.556,0.0,0.40242968750000013,1.52837e-08
115.556,0.0,0.4021796875000001,1.53578e-08
115.556,0.0,0.40192968750000013,1.53747e-08
115.556,0.0,0.4016796875000001,1.528535e-08
115.556,0.0,0.40142968750000013,1.533775e-08
115.556,0.0,0.4011796875000001,1.540285e-08
115.556,0.0,0.40092968750000013,1.54599e-08
115.556,0.0,0.4006796875000001,1.52986e-08
115.556,0.0,0.40042968750000013,1.538785e-08
115.556,0.0,0.4001796875000001,1.5414299999999998e-08
115.556,0.0,0.39992968750000013,1.534135e-08
115.556,0.0,0.3996796875000001,1.535285e-08
115.556,0.0,0.39942968750000013,1.53117e-08
115.556,0.0,0.3991796875000001,1.5304899999999998e-08
115.556,0.0,0.39892968750000013,1.53475e-08
115.556,0.0,0.3986796875000001,1.53451e-08
115.556,0.0,0.39842968750000013,1.537875e-08
115.556,0.0,0.3981796875000001,1.53626e-08
115.556,0.0,0.39792968750000013,1.5362e-08
115.556,0.0,0.3976796875000001,1.52902e-08
115.556,0.0,0.39742968750000013,1.529435e-08
115.556,0.0,0.3971796875000001,1.529465e-08
115.556,0.0,0.39692968750000013,1.53978e-08
115.556,0.0,0.3966796875000001,1.541045e-08
115.556,0.0,0.3964296875000001,1.534125e-08
115.556,0.0,0.3961796875000001,1.52795e-08
115.556,0.0,0.3959296875000001,1.54064e-08
115.556,0.0,0.3956796875000001,1.52926e-08
115.556,0.0,0.3954296875000001,1.5376099999999997e-08
115.556,0.0,0.3951796875000001,1.53335e-08
115.556,0.0,0.3949296875000001,1.5344899999999997e-08
115.556,0.0,0.3946796875000001,1.5400550000000002e-08
115.556,0.0,0.3944296875000001,1.531165e-08
115.556,0.0,0.3941796875000001,1.5442e-08
115.556,0.0,0.3939296875000001,1.53012e-08
115.556,0.0,0.3936796875000001,1.52754e-08
115.556,0.0,0.3934296875000001,1.5388800000000002e-08
115.556,0.0,0.3931796875000001,1.53193e-08
115.556,0.0,0.3929296875000001,1.5306800000000002e-08
115.556,0.0,0.3926796875000001,1.53446e-08
115.556,0.0,0.3924296875000001,1.52878e-08
115.556,0.0,0.3921796875000001,1.540405e-08
115.556,0.0,0.3919296875000001,1.537495e-08
115.556,0.0,0.3916796875000001,1.5388e-08
115.556,0.0,0.3914296875000001,1.533535e-08
115.556,0.0,0.3911796875000001,1.542445e-08
115.556,0.0,0.3909296875000001,1.543365e-08
115.556,0.0,0.3906796875000001,1.54479e-08
115.556,0.0,0.3904296875000001,1.5361150000000006e-08
115.556,0.0,0.3901796875000001,1.5376849999999998e-08
115.556,0.0,0.3899296875000001,1.53113e-08
115.556,0.0,0.3896796875000001,1.528755e-08
115.556,0.0,0.3894296875000001,1.537545e-08
115.556,0.0,0.3891796875000001,1.537735e-08
115.556,0.0,0.3889296875000001,1.536875e-08
115.556,0.0,0.3886796875000001,1.52898e-08
115.556,0.0,0.3884296875000001,1.5217350000000002e-08
115.556,0.0,0.3881796875000001,1.5184e-08
115.556,0.0,0.3879296875000001,1.52576e-08
115.556,0.0,0.3876796875000001,1.5133400000000002e-08
115.556,0.0,0.3874296875000001,1.5135149999999998e-08
115.556,0.0,0.3871796875000001,1.523285e-08
115.556,0.0,0.3869296875000001,1.50698e-08
115.556,0.0,0.3866796875000001,1.51288e-08
115.556,0.0,0.3864296875000001,1.50961e-08
115.556,0.0,0.3861796875000001,1.517095e-08
115.556,0.0,0.3859296875000001,1.51412e-08
115.556,0.0,0.3856796875000001,1.510215e-08
115.556,0.0,0.3854296875000001,1.513945e-08
115.556,0.0,0.3851796875000001,1.50582e-08
115.556,0.0,0.3849296875000001,1.53245e-08
115.556,0.0,0.3846796875000001,1.5066700000000002e-08
115.556,0.0,0.3844296875000001,1.519275e-08
115.556,0.0,0.3841796875000001,1.5128299999999998e-08
115.556,0.0,0.3839296875000001,1.49694e-08
115.556,0.0,0.3836796875000001,1.51323e-08
115.556,0.0,0.3834296875000001,1.50812e-08
115.556,0.0,0.3831796875000001,1.504695e-08
115.556,0.0,0.3829296875000001,1.52061e-08
115.556,0.0,0.3826796875000001,1.502065e-08
115.556,0.0,0.3824296875000001,1.5050449999999997e-08
115.556,0.0,0.3821796875000001,1.5074949999999998e-08
115.556,0.0,0.3819296875000001,1.52363e-08
115.556,0.0,0.3816796875000001,1.5264e-08
115.556,0.0,0.3814296875000001,1.5107200000000002e-08
115.556,0.0,0.3811796875000001,1.5198250000000002e-08
115.556,0.0,0.3809296875000001,1.516255e-08
115.556,0.0,0.38067968750000014,1.516795e-08
115.556,0.0,0.3804296875000001,1.5200950000000002e-08
115.556,0.0,0.38017968750000014,1.515415e-08
115.556,0.0,0.3799296875000001,1.51937e-08
115.556,0.0,0.37967968750000014,1.51313e-08
115.556,0.0,0.3794296875000001,1.521475e-08
115.556,0.0,0.37917968750000014,1.5116500000000002e-08
115.556,0.0,0.3789296875000001,1.515695e-08
115.556,0.0,0.37867968750000014,1.522745e-08
115.556,0.0,0.3784296875000001,1.5076850000000002e-08
115.556,0.0,0.37817968750000014,1.534045e-08
115.556,0.0,0.3779296875000001,1.50812e-08
115.556,0.0,0.37767968750000014,1.52077e-08
115.556,0.0,0.3774296875000001,1.505725e-08
115.556,0.0,0.37717968750000014,1.51441e-08
115.556,0.0,0.3769296875000001,1.52175e-08
115.556,0.0,0.37667968750000014,1.5146466666666666e-08
115.556,0.0,0.3764296875000001,1.529585e-08
115.556,0.0,0.37617968750000014,1.53265e-08
115.556,0.0,0.3759296875000001,1.52821e-08
115.556,0.0,0.37567968750000014,1.53211e-08
115.556,0.0,0.3754296875000001,1.52253e-08
115.556,0.0,0.37517968750000014,1.53299e-08
115.556,0.0,0.3749296875000001,1.54459e-08
115.556,0.0,0.37467968750000014,1.5346749999999998e-08
115.556,0.0,0.3744296875000001,1.523305e-08
115.556,0.0,0.37417968750000014,1.5234350000000002e-08
115.556,0.0,0.3739296875000001,1.547565e-08
115.556,0.0,0.37367968750000014,1.54163e-08
115.556,0.0,0.3734296875000001,1.554405e-08
115.556,0.0,0.37317968750000013,1.549215e-08
115.556,0.0,0.3729296875000001,1.53905e-08
115.556,0.0,0.37267968750000013,1.5382349999999997e-08
115.556,0.0,0.3724296875000001,1.55118e-08
115.556,0.0,0.37217968750000013,1.53322e-08
115.556,0.0,0.3719296875000001,1.55559e-08
115.556,0.0,0.37167968750000013,1.5298899999999998e-08
115.556,0.0,0.3714296875000001,1.537605e-08
115.556,0.0,0.37117968750000013,1.542105e-08
115.556,0.0,0.3709296875000001,1.54171e-08
115.556,0.0,0.37067968750000013,1.54219e-08
115.556,0.0,0.3704296875000001,1.5605449999999998e-08
115.556,0.0,0.37017968750000013,1.55382e-08
115.556,0.0,0.3699296875000001,1.5582449999999998e-08
115.556,0.0,0.36967968750000013,1.556435e-08
115.556,0.0,0.3694296875000001,1.545005e-08
115.556,0.0,0.36917968750000013,1.54099e-08
115.556,0.0,0.3689296875000001,1.5261900000000002e-08
115.556,0.0,0.36867968750000013,1.547045e-08
115.556,0.0,0.3684296875000001,1.5286399999999997e-08
115.556,0.0,0.36817968750000013,1.53692e-08
115.556,0.0,0.3679296875000001,1.54102e-08
115.556,0.0,0.36767968750000013,1.535395e-08
115.556,0.0,0.3674296875000001,1.547895e-08
115.556,0.0,0.36717968750000013,1.53381e-08
115.556,0.0,0.3669296875000001,1.542985e-08
115.556,0.0,0.36667968750000013,1.53406e-08
115.556,0.0,0.3664296875000001,1.5399249999999998e-08
115.556,0.0,0.36617968750000013,1.53062e-08
115.556,0.0,0.3659296875000001,1.5316850000000006e-08
115.556,0.0,0.36567968750000013,1.55394e-08
115.556,0.0,0.3654296875000001,1.53675e-08
115.556,0.0,0.3651796875000001,1.55896e-08
115.556,0.0,0.3649296875000001,1.5493949999999997e-08
115.556,0.0,0.3646796875000001,1.54515e-08
115.556,0.0,0.3644296875000001,1.53623e-08
115.556,0.0,0.3641796875000001,1.5555e-08
115.556,0.0,0.3639296875000001,1.541655e-08
115.556,0.0,0.3636796875000001,1.52948e-08
115.556,0.0,0.3634296875000001,1.53617e-08
115.556,0.0,0.3631796875000001,1.522855e-08
115.556,0.0,0.3629296875000001,1.5374649999999998e-08
115.556,0.0,0.3626796875000001,1.5526600000000002e-08
115.556,0.0,0.3624296875000001,1.54273e-08
115.556,0.0,0.3621796875000001,1.51856e-08
115.556,0.0,0.3619296875000001,1.540065e-08
115.556,0.0,0.3616796875000001,1.5327049999999998e-08
115.556,0.0,0.3614296875000001,1.53644e-08
115.556,0.0,0.3611796875000001,1.5283849999999998e-08
115.556,0.0,0.3609296875000001,1.5348e-08
115.556,0.0,0.3606796875000001,1.53891e-08
115.556,0.0,0.3604296875000001,1.541485e-08
115.556,0.0,0.3601796875000001,1.52432e-08
115.556,0.0,0.3599296875000001,1.5284e-08
115.556,0.0,0.3596796875000001,1.5301050000000002e-08
115.556,0.0,0.3594296875000001,1.533745e-08
115.556,0.0,0.3591796875000001,1.55693e-08
115.556,0.0,0.3589296875000001,1.53448e-08
115.556,0.0,0.3586796875000001,1.54396e-08
115.556,0.0,0.3584296875000001,1.5364e-08
115.556,0.0,0.3581796875000001,1.50335e-08
115.556,0.0,0.3579296875000001,1.52602e-08
115.556,0.0,0.3576796875000001,1.545135e-08
115.556,0.0,0.3574296875000001,1.5203799999999997e-08
115.556,0.0,0.3571796875000001,1.52698e-08
115.556,0.0,0.3569296875000001,1.549155e-08
115.556,0.0,0.3566796875000001,1.5268e-08
115.556,0.0,0.3564296875000001,1.534395e-08
115.556,0.0,0.3561796875000001,1.5441449999999997e-08
115.556,0.0,0.3559296875000001,1.541905e-08
115.556,0.0,0.3556796875000001,1.53371e-08
115.556,0.0,0.3554296875000001,1.5456e-08
115.556,0.0,0.3551796875000001,1.53488e-08
115.556,0.0,0.3549296875000001,1.5441050000000002e-08
115.556,0.0,0.3546796875000001,1.54518e-08
115.556,0.0,0.3544296875000001,1.5381499999999998e-08
115.556,0.0,0.3541796875000001,1.57384e-08
115.556,0.0,0.3539296875000001,1.53769e-08
115.556,0.0,0.3536796875000001,1.5647799999999998e-08
115.556,0.0,0.3534296875000001,1.53562e-08
115.556,0.0,0.3531796875000001,1.54688e-08
115.556,0.0,0.3529296875000001,1.54477e-08
115.556,0.0,0.3526796875000001,1.54174e-08
115.556,0.0,0.3524296875000001,1.53201e-08
115.556,0.0,0.3521796875000001,1.54582e-08
115.556,0.0,0.3519296875000001,1.5368466666666667e-08
115.556,0.0,0.3516796875000001,1.546105e-08
115.556,0.0,0.3514296875000001,1.56876e-08
115.556,0.0,0.3511796875000001,1.537185e-08
115.556,0.0,0.3509296875000001,1.52775e-08
115.556,0.0,0.3506796875000001,1.5468100000000002e-08
115.556,0.0,0.3504296875000001,1.56764e-08
115.556,0.0,0.3501796875000001,1.54118e-08
115.556,0.0,0.3499296875000001,1.543985e-08
115.556,0.0,0.3496796875000001,1.5421866666666672e-08
115.556,0.0,0.34942968750000014,1.51723e-08
115.556,0.0,0.3491796875000001,1.5269850000000002e-08
115.556,0.0,0.34892968750000014,1.546735e-08
115.556,0.0,0.3486796875000001,1.5317249999999998e-08
115.556,0.0,0.34842968750000014,1.5429e-08
115.556,0.0,0.3481796875000001,1.53225e-08
115.556,0.0,0.34792968750000014,1.52936e-08
115.556,0.0,0.3476796875000001,1.54979e-08
115.556,0.0,0.34742968750000014,1.539335e-08
115.556,0.0,0.3471796875000001,1.55686e-08
115.556,0.0,0.34692968750000014,1.5397850000000002e-08
115.556,0.0,0.3466796875000001,1.5614249999999997e-08
115.556,0.0,0.34642968750000014,1.52769e-08
115.556,0.0,0.3461796875000001,1.53291e-08
115.556,0.0,0.34592968750000014,1.53951e-08
115.556,0.0,0.3456796875000001,1.55793e-08
115.556,0.0,0.34542968750000014,1.5521749999999998e-08
115.556,0.0,0.3451796875000001,1.548875e-08
115.556,0.0,0.34492968750000014,1.545115e-08
115.556,0.0,0.3446796875000001,1.560645e-08
115.556,0.0,0.34442968750000014,1.53768e-08
115.556,0.0,0.3441796875000001,1.5413400000000002e-08
115.556,0.0,0.34392968750000014,1.5351749999999997e-08
115.556,0.0,0.3436796875000001,1.537675e-08
115.556,0.0,0.34342968750000014,1.53124e-08
115.556,0.0,0.3431796875000001,1.5486499999999998e-08
115.556,0.0,0.34292968750000014,1.5257133333333334e-08
115.556,0.0,0.3426796875000001,1.52834e-08
115.556,0.0,0.34242968750000014,1.51129e-08
115.556,0.0,0.3421796875000001,1.517045e-08
115.556,0.0,0.34192968750000013,1.55093e-08
115.556,0.0,0.3416796875000001,1.526815e-08
115.556,0.0,0.34142968750000013,1.53996e-08
115.556,0.0,0.3411796875000001,1.532325e-08
115.556,0.0,0.34092968750000013,1.543745e-08
115.556,0.0,0.3406796875000001,1.5375100000000002e-08
115.556,0.0,0.34042968750000013,1.542375e-08
115.556,0.0,0.3401796875000001,1.54214e-08
115.556,0.0,0.33992968750000013,1.550435e-08
115.556,0.0,0.3396796875000001,1.542705e-08
115.556,0.0,0.33942968750000013,1.57799e-08
115.556,0.0,0.3391796875000001,1.527415e-08
115.556,0.0,0.33892968750000013,1.54765e-08
115.556,0.0,0.3386796875000001,1.551225e-08
115.556,0.0,0.33842968750000013,1.54265e-08
115.556,0.0,0.3381796875000001,1.53986e-08
115.556,0.0,0.33792968750000013,1.5340249999999997e-08
115.556,0.0,0.3376796875000001,1.552135e-08
115.556,0.0,0.33742968750000013,1.53639e-08
115.556,0.0,0.3371796875000001,1.53129e-08
115.556,0.0,0.33692968750000013,1.5397899999999998e-08
115.556,0.0,0.3366796875000001,1.5607850000000002e-08
115.556,0.0,0.33642968750000013,1.555e-08
115.556,0.0,0.3361796875000001,1.541485e-08
115.556,0.0,0.33592968750000013,1.54585e-08
115.556,0.0,0.3356796875000001,1.5423966666666667e-08
115.556,0.0,0.33542968750000013,1.55407e-08
115.556,0.0,0.3351796875000001,1.56328e-08
115.556,0.0,0.33492968750000013,1.5667700000000002e-08
115.556,0.0,0.3346796875000001,1.533395e-08
115.556,0.0,0.33442968750000013,1.54679e-08
115.556,0.0,0.3341796875000001,1.5463450000000002e-08
115.556,0.0,0.3339296875000001,1.5454799999999998e-08
115.556,0.0,0.3336796875000001,1.557455e-08
115.556,0.0,0.3334296875000001,1.5404149999999998e-08
115.556,0.0,0.3331796875000001,1.55085e-08
115.556,0.0,0.3329296875000001,1.541715e-08
115.556,0.0,0.3326796875000001,1.538625e-08
115.556,0.0,0.3324296875000001,1.53772e-08
115.556,0.0,0.3321796875000001,1.5630500000000002e-08
115.556,0.0,0.3319296875000001,1.533735e-08
115.556,0.0,0.3316796875000001,1.5387499999999998e-08
115.556,0.0,0.3314296875000001,1.56216e-08
115.556,0.0,0.3311796875000001,1.51192e-08
115.556,0.0,0.3309296875000001,1.540445e-08
115.556,0.0,0.3306796875000001,1.54153e-08
115.556,0.0,0.3304296875000001,1.556345e-08
115.556,0.0,0.3301796875000001,1.56003e-08
115.556,0.0,0.3299296875000001,1.55668e-08
115.556,0.0,0.3296796875000001,1.55029e-08
115.556,0.0,0.3294296875000001,1.554345e-08
115.556,0.0,0.3291796875000001,1.54509e-08
115.556,0.0,0.3289296875000001,1.560305e-08
115.556,0.0,0.3286796875000001,1.56755e-08
115.556,0.0,0.3284296875000001,1.53807e-08
115.556,0.0,0.3281796875000001,1.54872e-08
115.556,0.0,0.3279296875000001,1.5364950000000003e-08
115.556,0.0,0.3276796875000001,1.56375e-08
115.556,0.0,0.3274296875000001,1.5633849999999998e-08
115.556,0.0,0.3271796875000001,1.546495e-08
115.556,0.0,0.3269296875000001,1.54791e-08
115.556,0.0,0.3266796875000001,1.57331e-08
115.556,0.0,0.3264296875000001,1.55695e-08
115.556,0.0,0.3261796875000001,1.555155e-08
115.556,0.0,0.3259296875000001,1.565305e-08
115.556,0.0,0.3256796875000001,1.54001e-08
115.556,0.0,0.3254296875000001,1.546435e-08
115.556,0.0,0.3251796875000001,1.5419150000000002e-08
115.556,0.0,0.3249296875000001,1.5349400000000002e-08
115.556,0.0,0.3246796875000001,1.5311249999999998e-08
115.556,0.0,0.3244296875000001,1.561275e-08
115.556,0.0,0.3241796875000001,1.55489e-08
115.556,0.0,0.3239296875000001,1.507205e-08
115.556,0.0,0.3236796875000001,1.5628e-08
115.556,0.0,0.3234296875000001,1.528505e-08
115.556,0.0,0.3231796875000001,1.5395900000000002e-08
115.556,0.0,0.3229296875000001,1.539985e-08
115.556,0.0,0.3226796875000001,1.55495e-08
115.556,0.0,0.3224296875000001,1.542265e-08
115.556,0.0,0.3221796875000001,1.549525e-08
115.556,0.0,0.3219296875000001,1.5375499999999998e-08
115.556,0.0,0.3216796875000001,1.56749e-08
115.556,0.0,0.3214296875000001,1.549555e-08
115.556,0.0,0.3211796875000001,1.5573100000000002e-08
115.556,0.0,0.3209296875000001,1.5564e-08
115.556,0.0,0.3206796875000001,1.5518199999999998e-08
115.556,0.0,0.3204296875000001,1.55298e-08
115.556,0.0,0.3201796875000001,1.585895e-08
115.556,0.0,0.3199296875000001,1.520065e-08
115.556,0.0,0.3196796875000001,1.55034e-08
115.556,0.0,0.3194296875000001,1.5469499999999998e-08
115.556,0.0,0.3191796875000001,1.558585e-08
115.556,0.0,0.3189296875000001,1.56063e-08
115.556,0.0,0.3186796875000001,1.58865e-08
115.556,0.0,0.3184296875000001,1.5669949999999998e-08
115.556,0.0,0.31817968750000014,1.5534849999999998e-08
115.556,0.0,0.3179296875000001,1.5693166666666668e-08
115.556,0.0,0.31767968750000014,1.54629e-08
115.556,0.0,0.3174296875000001,1.57272e-08
115.556,0.0,0.31717968750000014,1.573515e-08
115.556,0.0,0.3169296875000001,1.565545e-08
115.556,0.0,0.31667968750000014,1.55577e-08
115.556,0.0,0.3164296875000001,1.55758e-08
115.556,0.0,0.31617968750000014,1.56629e-08
115.556,0.0,0.3159296875000001,1.55351e-08
115.556,0.0,0.31567968750000014,1.55433e-08
115.556,0.0,0.3154296875000001,1.5559400000000002e-08
115.556,0.0,0.31517968750000014,1.55443e-08
115.556,0.0,0.3149296875000001,1.56476e-08
115.556,0.0,0.31467968750000014,1.55558e-08
115.556,0.0,0.3144296875000001,1.5286e-08
115.556,0.0,0.31417968750000014,1.555605e-08
115.556,0.0,0.3139296875000001,1.55972e-08
115.556,0.0,0.31367968750000014,1.55439e-08
115.556,0.0,0.3134296875000001,1.5528399999999997e-08
115.556,0.0,0.31317968750000014,1.55266e-08
115.556,0.0,0.3129296875000001,1.57118e-08
115.556,0.0,0.31267968750000014,1.5580249999999998e-08
115.556,0.0,0.3124296875000001,1.562165e-08
115.556,0.0,0.31217968750000014,1.58522e-08
115.556,0.0,0.3119296875000001,1.5217350000000002e-08
115.556,0.0,0.31167968750000014,1.55736e-08
115.556,0.0,0.3114296875000001,1.551775e-08
115.556,0.0,0.31117968750000014,1.572735e-08
115.556,0.0,0.3109296875000001,1.5769650000000006e-08
115.556,0.0,0.31067968750000013,1.5679200000000002e-08
115.556,0.0,0.3104296875000001,1.56499e-08
115.556,0.0,0.31017968750000013,1.5769650000000006e-08
115.556,0.0,0.3099296875000001,1.56413e-08
115.556,0.0,0.30967968750000013,1.5746e-08
115.556,0.0,0.3094296875000001,1.59472e-08
115.556,0.0,0.30917968750000013,1.5831249999999998e-08
115.556,0.0,0.3089296875000001,1.5730899999999998e-08
115.556,0.0,0.30867968750000013,1.605e-08
115.556,0.0,0.3084296875000001,1.5758750000000002e-08
115.556,0.0,0.30817968750000013,1.591865e-08
115.556,0.0,0.3079296875000001,1.60539e-08
115.556,0.0,0.30767968750000013,1.563305e-08
115.556,0.0,0.3074296875000001,1.575005e-08
115.556,0.0,0.30717968750000013,1.60214e-08
115.556,0.0,0.3069296875000001,1.58625e-08
115.556,0.0,0.30667968750000013,1.5873099999999998e-08
115.556,0.0,0.3064296875000001,1.580855e-08
115.556,0.0,0.30617968750000013,1.5958999999999998e-08
115.556,0.0,0.3059296875000001,1.58388e-08
115.556,0.0,0.30567968750000013,1.597045e-08
115.556,0.0,0.3054296875000001,1.5889200000000002e-08
115.556,0.0,0.30517968750000013,1.5906749999999998e-08
115.556,0.0,0.3049296875000001,1.59281e-08
115.556,0.0,0.30467968750000013,1.6232999999999997e-08
115.556,0.0,0.3044296875000001,1.607215e-08
115.556,0.0,0.30417968750000013,1.5886e-08
115.556,0.0,0.3039296875000001,1.60512e-08
115.556,0.0,0.30367968750000013,1.59428e-08
115.556,0.0,0.3034296875000001,1.58275e-08
115.556,0.0,0.30317968750000013,1.6031650000000002e-08
115.556,0.0,0.3029296875000001,1.60301e-08
115.556,0.0,0.3026796875000001,1.601365e-08
115.556,0.0,0.3024296875000001,1.5954866666666668e-08
115.556,0.0,0.3021796875000001,1.60426e-08
115.556,0.0,0.3019296875000001,1.57746e-08
115.556,0.0,0.3016796875000001,1.617865e-08
115.556,0.0,0.3014296875000001,1.61962e-08
115.556,0.0,0.3011796875000001,1.5924249999999998e-08
115.556,0.0,0.3009296875000001,1.59585e-08
115.556,0.0,0.3006796875000001,1.60954e-08
115.556,0.0,0.3004296875000001,1.605215e-08
115.556,0.0,0.3001796875000001,1.6024849999999998e-08
115.556,0.0,0.2999296875000001,1.5986500000000002e-08
115.556,0.0,0.2996796875000001,1.60606e-08
115.556,0.0,0.2994296875000001,1.60564e-08
115.556,0.0,0.2991796875000001,1.606385e-08
115.556,0.0,0.2989296875000001,1.60936e-08
115.556,0.0,0.2986796875000001,1.6116249999999997e-08
115.556,0.0,0.2984296875000001,1.605925e-08
115.556,0.0,0.2981796875000001,1.614255e-08
115.556,0.0,0.2979296875000001,1.6202299999999998e-08
115.556,0.0,0.2976796875000001,1.614205e-08
115.556,0.0,0.2974296875000001,1.6256149999999998e-08
115.556,0.0,0.2971796875000001,1.6191399999999998e-08
115.556,0.0,0.2969296875000001,1.6038e-08
115.556,0.0,0.2966796875000001,1.609825e-08
115.556,0.0,0.2964296875000001,1.6194449999999997e-08
115.556,0.0,0.2961796875000001,1.6260400000000003e-08
115.556,0.0,0.2959296875000001,1.61092e-08
115.556,0.0,0.2956796875000001,1.62169e-08
115.556,0.0,0.2954296875000001,1.618905e-08
115.556,0.0,0.2951796875000001,1.602855e-08
115.556,0.0,0.2949296875000001,1.61042e-08
115.556,0.0,0.2946796875000001,1.611085e-08
115.556,0.0,0.2944296875000001,1.615355e-08
115.556,0.0,0.2941796875000001,1.604555e-08
115.556,0.0,0.2939296875000001,1.63117e-08
115.556,0.0,0.2936796875000001,1.622655e-08
115.556,0.0,0.2934296875000001,1.6211300000000002e-08
115.556,0.0,0.2931796875000001,1.5978e-08
115.556,0.0,0.2929296875000001,1.62427e-08
115.556,0.0,0.2926796875000001,1.6238649999999998e-08
115.556,0.0,0.2924296875000001,1.621655e-08
115.556,0.0,0.2921796875000001,1.60113e-08
115.556,0.0,0.2919296875000001,1.60296e-08
115.556,0.0,0.2916796875000001,1.63856e-08
115.556,0.0,0.2914296875000001,1.61847e-08
115.556,0.0,0.2911796875000001,1.630645e-08
115.556,0.0,0.2909296875000001,1.635985e-08
115.556,0.0,0.2906796875000001,1.64837e-08
115.556,0.0,0.2904296875000001,1.63067e-08
115.556,0.0,0.2901796875000001,1.61653e-08
115.556,0.0,0.2899296875000001,1.62168e-08
115.556,0.0,0.2896796875000001,1.632345e-08
115.556,0.0,0.2894296875000001,1.646315e-08
115.556,0.0,0.2891796875000001,1.64288e-08
115.556,0.0,0.2889296875000001,1.6483149999999998e-08
115.556,0.0,0.2886796875000001,1.654405e-08
115.556,0.0,0.2884296875000001,1.652955e-08
115.556,0.0,0.2881796875000001,1.62348e-08
115.556,0.0,0.2879296875000001,1.6540799999999998e-08
115.556,0.0,0.2876796875000001,1.644035e-08
115.556,0.0,0.2874296875000001,1.6513999999999998e-08
115.556,0.0,0.2871796875000001,1.65767e-08
115.556,0.0,0.28692968750000014,1.649765e-08
115.556,0.0,0.2866796875000001,1.6684099999999998e-08
115.556,0.0,0.28642968750000014,1.6507950000000002e-08
115.556,0.0,0.2861796875000001,1.6532e-08
115.556,0.0,0.28592968750000014,1.64696e-08
115.556,0.0,0.2856796875000001,1.645045e-08
115.556,0.0,0.28542968750000014,1.6660849999999998e-08
115.556,0.0,0.2851796875000001,1.68375e-08
115.556,0.0,0.28492968750000014,1.64561e-08
115.556,0.0,0.2846796875000001,1.6863999999999998e-08
115.556,0.0,0.28442968750000014,1.652115e-08
115.556,0.0,0.2841796875000001,1.663775e-08
115.556,0.0,0.28392968750000014,1.6708050000000002e-08
115.556,0.0,0.2836796875000001,1.69133e-08
115.556,0.0,0.28342968750000014,1.6784699999999998e-08
115.556,0.0,0.2831796875000001,1.64514e-08
115.556,0.0,0.28292968750000014,1.6605850000000002e-08
115.556,0.0,0.2826796875000001,1.6457300000000003e-08
115.556,0.0,0.28242968750000014,1.653485e-08
115.556,0.0,0.2821796875000001,1.690675e-08
115.556,0.0,0.28192968750000014,1.656515e-08
115.556,0.0,0.2816796875000001,1.665765e-08
115.556,0.0,0.28142968750000014,1.65688e-08
115.556,0.0,0.2811796875000001,1.66459e-08
115.556,0.0,0.28092968750000014,1.66681e-08
115.556,0.0,0.2806796875000001,1.661505e-08
115.556,0.0,0.28042968750000014,1.678235e-08
115.556,0.0,0.2801796875000001,1.70172e-08
115.556,0.0,0.27992968750000014,1.6691933333333332e-08
115.556,0.0,0.2796796875000001,1.67423e-08
115.556,0.0,0.27942968750000013,1.68309e-08
115.556,0.0,0.2791796875000001,1.66712e-08
115.556,0.0,0.27892968750000013,1.6782700000000002e-08
115.556,0.0,0.2786796875000001,1.6860400000000002e-08
115.556,0.0,0.27842968750000013,1.69308e-08
115.556,0.0,0.2781796875000001,1.67568e-08
115.556,0.0,0.27792968750000013,1.68628e-08
115.556,0.0,0.2776796875000001,1.6906550000000006e-08
115.556,0.0,0.27742968750000013,1.69863e-08
115.556,0.0,0.2771796875000001,1.69112e-08
115.556,0.0,0.27692968750000013,1.68531e-08
115.556,0.0,0.2766796875000001,1.68907e-08
115.556,0.0,0.27642968750000013,1.69188e-08
115.556,0.0,0.2761796875000001,1.68537e-08
115.556,0.0,0.27592968750000013,1.6678800000000002e-08
115.556,0.0,0.2756796875000001,1.690465e-08
115.556,0.0,0.27542968750000013,1.689885e-08
115.556,0.0,0.2751796875000001,1.7240150000000002e-08
115.556,0.0,0.27492968750000013,1.701285e-08
115.556,0.0,0.2746796875000001,1.741995e-08
115.556,0.0,0.27442968750000013,1.72208e-08
115.556,0.0,0.2741796875000001,1.695935e-08
115.556,0.0,0.27392968750000013,1.68337e-08
115.556,0.0,0.2736796875000001,1.71824e-08
115.556,0.0,0.27342968750000013,1.6987e-08
115.556,0.0,0.2731796875000001,1.71338e-08
115.556,0.0,0.27292968750000013,1.7195850000000002e-08
115.556,0.0,0.2726796875000001,1.724e-08
115.556,0.0,0.27242968750000013,1.72944e-08
115.556,0.0,0.2721796875000001,1.735945e-08
115.556,0.0,0.27192968750000013,1.73388e-08
115.556,0.0,0.2716796875000001,1.7212000000000002e-08
115.556,0.0,0.2714296875000001,1.73276e-08
115.556,0.0,0.2711796875000001,1.73734e-08
115.556,0.0,0.2709296875000001,1.732643333333333e-08
115.556,0.0,0.2706796875000001,1.741595e-08
115.556,0.0,0.2704296875000001,1.72879e-08
115.556,0.0,0.2701796875000001,1.7125749999999997e-08
115.556,0.0,0.2699296875000001,1.7299e-08
115.556,0.0,0.2696796875000001,1.721635e-08
115.556,0.0,0.2694296875000001,1.74117e-08
115.556,0.0,0.2691796875000001,1.734055e-08
115.556,0.0,0.2689296875000001,1.7335649999999998e-08
115.556,0.0,0.2686796875000001,1.7438766666666664e-08
115.556,0.0,0.2684296875000001,1.73841e-08
115.556,0.0,0.2681796875000001,1.737845e-08
115.556,0.0,0.2679296875000001,1.746785e-08
115.556,0.0,0.2676796875000001,1.75876e-08
115.556,0.0,0.2674296875000001,1.74659e-08
115.556,0.0,0.2671796875000001,1.764105e-08
115.556,0.0,0.2669296875000001,1.750515e-08
115.556,0.0,0.2666796875000001,1.745e-08
115.556,0.0,0.2664296875000001,1.7615600000000002e-08
115.556,0.0,0.2661796875000001,1.772715e-08
115.556,0.0,0.2659296875000001,1.76489e-08
115.556,0.0,0.2656796875000001,1.7558249999999998e-08
115.556,0.0,0.2654296875000001,1.77223e-08
115.556,0.0,0.2651796875000001,1.7879200000000002e-08
115.556,0.0,0.2649296875000001,1.7794150000000002e-08
115.556,0.0,0.2646796875000001,1.781505e-08
115.556,0.0,0.2644296875000001,1.78339e-08
115.556,0.0,0.2641796875000001,1.7832e-08
115.556,0.0,0.2639296875000001,1.78944e-08
115.556,0.0,0.2636796875000001,1.7929500000000002e-08
115.556,0.0,0.2634296875000001,1.81081e-08
115.556,0.0,0.2631796875000001,1.7901600000000002e-08
115.556,0.0,0.2629296875000001,1.79002e-08
115.556,0.0,0.2626796875000001,1.79095e-08
115.556,0.0,0.2624296875000001,1.77157e-08
115.556,0.0,0.2621796875000001,1.793965e-08
115.556,0.0,0.2619296875000001,1.7869e-08
115.556,0.0,0.2616796875000001,1.7819250000000006e-08
115.556,0.0,0.2614296875000001,1.79468e-08
115.556,0.0,0.2611796875000001,1.77281e-08
115.556,0.0,0.2609296875000001,1.7811699999999998e-08
115.556,0.0,0.2606796875000001,1.784e-08
115.556,0.0,0.2604296875000001,1.78022e-08
115.556,0.0,0.2601796875000001,1.793365e-08
115.556,0.0,0.2599296875000001,1.7976150000000003e-08
115.556,0.0,0.2596796875000001,1.7999299999999998e-08
115.556,0.0,0.2594296875000001,1.790195e-08
115.556,0.0,0.2591796875000001,1.77322e-08
115.556,0.0,0.2589296875000001,1.786655e-08
115.556,0.0,0.2586796875000001,1.793605e-08
115.556,0.0,0.2584296875000001,1.77572e-08
115.556,0.0,0.2581796875000001,1.77597e-08
115.556,0.0,0.2579296875000001,1.7788799999999997e-08
115.556,0.0,0.2576796875000001,1.78331e-08
115.556,0.0,0.2574296875000001,1.77298e-08
115.556,0.0,0.2571796875000001,1.78911e-08
115.556,0.0,0.2569296875000001,1.7767999999999997e-08
115.556,0.0,0.2566796875000001,1.76358e-08
115.556,0.0,0.2564296875000001,1.77257e-08
115.556,0.0,0.2561796875000001,1.76738e-08
115.556,0.0,0.2559296875000001,1.769575e-08
115.556,0.0,0.25567968750000014,1.78158e-08
115.556,0.0,0.2554296875000001,1.77895e-08
115.556,0.0,0.25517968750000014,1.7748150000000003e-08
115.556,0.0,0.2549296875000001,1.778385e-08
115.556,0.0,0.25467968750000014,1.7798099999999997e-08
115.556,0.0,0.2544296875000001,1.7831e-08
115.556,0.0,0.25417968750000014,1.77085e-08
115.556,0.0,0.2539296875000001,1.775745e-08
115.556,0.0,0.25367968750000014,1.77606e-08
115.556,0.0,0.2534296875000001,1.768615e-08
115.556,0.0,0.25317968750000014,1.769265e-08
115.556,0.0,0.2529296875000001,1.777295e-08
115.556,0.0,0.25267968750000014,1.783605e-08
115.556,0.0,0.2524296875000001,1.783425e-08
115.556,0.0,0.25217968750000014,1.78259e-08
115.556,0.0,0.2519296875000001,1.77783e-08
115.556,0.0,0.25167968750000014,1.77745e-08
115.556,0.0,0.2514296875000001,1.7540700000000002e-08
115.556,0.0,0.25117968750000014,1.78404e-08
115.556,0.0,0.2509296875000001,1.783465e-08
115.556,0.0,0.25067968750000014,1.776435e-08
115.556,0.0,0.2504296875000001,1.7861350000000006e-08
115.556,0.0,0.25017968750000014,1.7803100000000003e-08
115.556,0.0,0.2499296875000001,1.7887050000000003e-08
115.556,0.0,0.2496796875000001,1.79041e-08
115.556,0.0,0.2494296875000001,1.7835199999999998e-08
115.556,0.0,0.2491796875000001,1.772485e-08
115.556,0.0,0.2489296875000001,1.7756e-08
115.556,0.0,0.2486796875000001,1.78594e-08
115.556,0.0,0.2484296875000001,1.78017e-08
115.556,0.0,0.2481796875000001,1.7731000000000002e-08
115.556,0.0,0.2479296875000001,1.78602e-08
115.556,0.0,0.2476796875000001,1.80297e-08
115.556,0.0,0.2474296875000001,1.77585e-08
115.556,0.0,0.2471796875000001,1.78718e-08
115.556,0.0,0.2469296875000001,1.8044900000000002e-08
115.556,0.0,0.2466796875000001,1.80164e-08
115.556,0.0,0.2464296875000001,1.78441e-08
115.556,0.0,0.2461796875000001,1.7909e-08
115.556,0.0,0.2459296875000001,1.803445e-08
115.556,0.0,0.2456796875000001,1.816225e-08
115.556,0.0,0.2454296875000001,1.82207e-08
115.556,0.0,0.2451796875000001,1.802695e-08
115.556,0.0,0.2449296875000001,1.799255e-08
115.556,0.0,0.2446796875000001,1.81458e-08
115.556,0.0,0.2444296875000001,1.7988649999999997e-08
115.556,0.0,0.2441796875000001,1.80007e-08
115.556,0.0,0.2439296875000001,1.80406e-08
115.556,0.0,0.2436796875000001,1.8012649999999998e-08
115.556,0.0,0.2434296875000001,1.811505e-08
115.556,0.0,0.2431796875000001,1.81521e-08
115.556,0.0,0.2429296875000001,1.8008849999999998e-08
115.556,0.0,0.2426796875000001,1.79529e-08
115.556,0.0,0.2424296875000001,1.810215e-08
115.556,0.0,0.2421796875000001,1.796775e-08
115.556,0.0,0.2419296875000001,1.802115e-08
115.556,0.0,0.2416796875000001,1.7975199999999998e-08
115.556,0.0,0.2414296875000001,1.8117e-08
115.556,0.0,0.2411796875000001,1.800075e-08
115.556,0.0,0.2409296875000001,1.805935e-08
115.556,0.0,0.2406796875000001,1.81192e-08
115.556,0.0,0.2404296875000001,1.812355e-08
115.556,0.0,0.24017968750000013,1.8141950000000002e-08
115.556,0.0,0.23992968750000013,1.823635e-08
115.556,0.0,0.23967968750000013,1.80543e-08
115.556,0.0,0.23942968750000013,1.8125766666666666e-08
115.556,0.0,0.23917968750000013,1.81501e-08
115.556,0.0,0.23892968750000013,1.80521e-08
115.556,0.0,0.23867968750000013,1.822795e-08
115.556,0.0,0.23842968750000013,1.82055e-08
115.556,0.0,0.23817968750000013,1.80903e-08
115.556,0.0,0.23792968750000013,1.81928e-08
115.556,0.0,0.23767968750000013,1.81677e-08
115.556,0.0,0.23742968750000013,1.8328700000000002e-08
115.556,0.0,0.23717968750000012,1.8234e-08
115.556,0.0,0.23692968750000012,1.82282e-08
115.556,0.0,0.23667968750000012,1.821965e-08
115.556,0.0,0.23642968750000012,1.834685e-08
115.556,0.0,0.23617968750000012,1.83158e-08
115.556,0.0,0.23592968750000012,1.83659e-08
115.556,0.0,0.23567968750000012,1.838515e-08
115.556,0.0,0.23542968750000012,1.825475e-08
115.556,0.0,0.23517968750000012,1.8399e-08
115.556,0.0,0.23492968750000012,1.84224e-08
115.556,0.0,0.23467968750000012,1.81517e-08
115.556,0.0,0.23442968750000012,1.83684e-08
115.556,0.0,0.23417968750000012,1.83099e-08
115.556,0.0,0.23392968750000012,1.83201e-08
115.556,0.0,0.23367968750000012,1.823375e-08
115.556,0.0,0.23342968750000012,1.843975e-08
115.556,0.0,0.23317968750000012,1.836535e-08
115.556,0.0,0.23292968750000012,1.83626e-08
115.556,0.0,0.23267968750000012,1.84096e-08
115.556,0.0,0.23242968750000012,1.8352466666666672e-08
115.556,0.0,0.23217968750000012,1.824845e-08
115.556,0.0,0.23192968750000012,1.84107e-08
115.556,0.0,0.23167968750000012,1.837565e-08
115.556,0.0,0.23142968750000012,1.83185e-08
115.556,0.0,0.23117968750000012,1.842335e-08
115.556,0.0,0.23092968750000012,1.85635e-08
115.556,0.0,0.23067968750000012,1.8426600000000002e-08
115.556,0.0,0.23042968750000012,1.8480266666666667e-08
115.556,0.0,0.23017968750000012,1.852985e-08
115.556,0.0,0.22992968750000012,1.8456e-08
115.556,0.0,0.22967968750000012,1.866375e-08
115.556,0.0,0.22942968750000012,1.8581900000000002e-08
115.556,0.0,0.22917968750000012,1.864515e-08
115.556,0.0,0.22892968750000012,1.8641e-08
115.556,0.0,0.22867968750000012,1.87196e-08
115.556,0.0,0.22842968750000012,1.880865e-08
115.556,0.0,0.22817968750000012,1.876505e-08
115.556,0.0,0.22792968750000012,1.864545e-08
115.556,0.0,0.22767968750000012,1.86472e-08
115.556,0.0,0.22742968750000012,1.87501e-08
115.556,0.0,0.22717968750000012,1.868145e-08
115.556,0.0,0.22692968750000012,1.87223e-08
115.556,0.0,0.22667968750000012,1.87707e-08
115.556,0.0,0.22642968750000012,1.885055e-08
115.556,0.0,0.22617968750000012,1.88492e-08
115.556,0.0,0.22592968750000011,1.87819e-08
115.556,0.0,0.22567968750000011,1.88327e-08
115.556,0.0,0.22542968750000011,1.8755e-08
115.556,0.0,0.22517968750000011,1.87316e-08
115.556,0.0,0.22492968750000011,1.89097e-08
115.556,0.0,0.2246796875000001,1.89196e-08
115.556,0.0,0.2244296875000001,1.8821e-08
115.556,0.0,0.2241796875000001,1.88552e-08
115.556,0.0,0.2239296875000001,1.88844e-08
115.556,0.0,0.2236796875000001,1.89574e-08
115.556,0.0,0.2234296875000001,1.8810133333333336e-08
115.556,0.0,0.2231796875000001,1.880855e-08
115.556,0.0,0.2229296875000001,1.88451e-08
115.556,0.0,0.2226796875000001,1.87953e-08
115.556,0.0,0.2224296875000001,1.87843e-08
115.556,0.0,0.2221796875000001,1.880105e-08
115.556,0.0,0.2219296875000001,1.91041e-08
115.556,0.0,0.2216796875000001,1.8942e-08
115.556,0.0,0.2214296875000001,1.885595e-08
115.556,0.0,0.2211796875000001,1.8953e-08
115.556,0.0,0.2209296875000001,1.885055e-08
115.556,0.0,0.2206796875000001,1.88267e-08
115.556,0.0,0.2204296875000001,1.87552e-08
115.556,0.0,0.2201796875000001,1.882535e-08
115.556,0.0,0.2199296875000001,1.8973e-08
115.556,0.0,0.2196796875000001,1.8833650000000003e-08
115.556,0.0,0.2194296875000001,1.887925e-08
115.556,0.0,0.2191796875000001,1.88812e-08
115.556,0.0,0.2189296875000001,1.889735e-08
115.556,0.0,0.2186796875000001,1.890545e-08
115.556,0.0,0.2184296875000001,1.876875e-08
115.556,0.0,0.2181796875000001,1.88527e-08
115.556,0.0,0.2179296875000001,1.870325e-08
115.556,0.0,0.2176796875000001,1.87905e-08
115.556,0.0,0.2174296875000001,1.88242e-08
115.556,0.0,0.2171796875000001,1.87736e-08
115.556,0.0,0.2169296875000001,1.88636e-08
115.556,0.0,0.2166796875000001,1.882505e-08
115.556,0.0,0.2164296875000001,1.877913333333333e-08
115.556,0.0,0.2161796875000001,1.89502e-08
115.556,0.0,0.2159296875000001,1.86981e-08
115.556,0.0,0.2156796875000001,1.868815e-08
115.556,0.0,0.2154296875000001,1.84943e-08
115.556,0.0,0.2151796875000001,1.87062e-08
115.556,0.0,0.2149296875000001,1.8676e-08
115.556,0.0,0.2146796875000001,1.85976e-08
115.556,0.0,0.2144296875000001,1.85713e-08
115.556,0.0,0.2141796875000001,1.85267e-08
115.556,0.0,0.2139296875000001,1.851365e-08
115.556,0.0,0.2136796875000001,1.841665e-08
115.556,0.0,0.2134296875000001,1.86872e-08
115.556,0.0,0.2131796875000001,1.84479e-08
115.556,0.0,0.2129296875000001,1.8578000000000006e-08
115.556,0.0,0.2126796875000001,1.84725e-08
115.556,0.0,0.2124296875000001,1.8565150000000006e-08
115.556,0.0,0.2121796875000001,1.841995e-08
115.556,0.0,0.2119296875000001,1.847005e-08
115.556,0.0,0.2116796875000001,1.84186e-08
115.556,0.0,0.2114296875000001,1.859995e-08
115.556,0.0,0.2111796875000001,1.83609e-08
115.556,0.0,0.2109296875000001,1.85556e-08
115.556,0.0,0.2106796875000001,1.857665e-08
115.556,0.0,0.2104296875000001,1.846655e-08
115.556,0.0,0.2101796875000001,1.835925e-08
115.556,0.0,0.2099296875000001,1.8488050000000006e-08
115.556,0.0,0.2096796875000001,1.848615e-08
115.556,0.0,0.2094296875000001,1.849735e-08
115.556,0.0,0.2091796875000001,1.83647e-08
115.556,0.0,0.20892968750000013,1.860035e-08
115.556,0.0,0.20867968750000013,1.8541150000000002e-08
115.556,0.0,0.20842968750000013,1.8423200000000003e-08
115.556,0.0,0.20817968750000013,1.84701e-08
115.556,0.0,0.20792968750000013,1.8468e-08
115.556,0.0,0.20767968750000013,1.8517650000000002e-08
115.556,0.0,0.20742968750000013,1.83892e-08
115.556,0.0,0.20717968750000013,1.84746e-08
115.556,0.0,0.20692968750000013,1.84115e-08
115.556,0.0,0.20667968750000013,1.83467e-08
115.556,0.0,0.20642968750000013,1.836845e-08
115.556,0.0,0.20617968750000013,1.83482e-08
115.556,0.0,0.20592968750000012,1.832785e-08
115.556,0.0,0.20567968750000012,1.839915e-08
115.556,0.0,0.20542968750000012,1.83838e-08
115.556,0.0,0.20517968750000012,1.854735e-08
115.556,0.0,0.20492968750000012,1.82384e-08
115.556,0.0,0.20467968750000012,1.832035e-08
115.556,0.0,0.20442968750000012,1.844085e-08
115.556,0.0,0.20417968750000012,1.83531e-08
115.556,0.0,0.20392968750000012,1.823635e-08
115.556,0.0,0.20367968750000012,1.83091e-08
115.556,0.0,0.20342968750000012,1.8388050000000002e-08
115.556,0.0,0.20317968750000012,1.824995e-08
115.556,0.0,0.20292968750000012,1.827e-08
115.556,0.0,0.20267968750000012,1.83127e-08
115.556,0.0,0.20242968750000012,1.83467e-08
115.556,0.0,0.20217968750000012,1.83367e-08
115.556,0.0,0.20192968750000012,1.833575e-08
115.556,0.0,0.20167968750000012,1.839995e-08
115.556,0.0,0.20142968750000012,1.83183e-08
115.556,0.0,0.20117968750000012,1.82441e-08
115.556,0.0,0.20092968750000012,1.8219166666666667e-08
115.556,0.0,0.20067968750000012,1.836735e-08
115.556,0.0,0.20042968750000012,1.82024e-08
115.556,0.0,0.20017968750000012,1.84024e-08
115.556,0.0,0.19992968750000012,1.83218e-08
115.556,0.0,0.19967968750000012,1.82214e-08
115.556,0.0,0.19942968750000012,1.8374100000000002e-08
115.556,0.0,0.19917968750000012,1.82114e-08
115.556,0.0,0.19892968750000012,1.814185e-08
115.556,0.0,0.19867968750000012,1.80998e-08
115.556,0.0,0.19842968750000012,1.81666e-08
115.556,0.0,0.19817968750000012,1.81092e-08
115.556,0.0,0.19792968750000012,1.820655e-08
115.556,0.0,0.19767968750000012,1.80228e-08
115.556,0.0,0.19742968750000012,1.81718e-08
115.556,0.0,0.19717968750000012,1.80712e-08
115.556,0.0,0.19692968750000012,1.8191e-08
115.556,0.0,0.19667968750000012,1.80969e-08
115.556,0.0,0.19642968750000012,1.804875e-08
115.556,0.0,0.19617968750000012,1.81273e-08
115.556,0.0,0.19592968750000012,1.810745e-08
115.556,0.0,0.19567968750000012,1.820745e-08
115.556,0.0,0.19542968750000012,1.83315e-08
115.556,0.0,0.19517968750000012,1.820025e-08
115.556,0.0,0.19492968750000012,1.8209e-08
115.556,0.0,0.19467968750000011,1.813055e-08
115.556,0.0,0.19442968750000011,1.82133e-08
115.556,0.0,0.19417968750000011,1.813535e-08
115.556,0.0,0.19392968750000011,1.8142666666666663e-08
115.556,0.0,0.19367968750000011,1.819435e-08
115.556,0.0,0.1934296875000001,1.81379e-08
115.556,0.0,0.1931796875000001,1.80827e-08
115.556,0.0,0.1929296875000001,1.80054e-08
115.556,0.0,0.1926796875000001,1.816115e-08
115.556,0.0,0.1924296875000001,1.81902e-08
115.556,0.0,0.1921796875000001,1.80699e-08
115.556,0.0,0.1919296875000001,1.8132766666666667e-08
115.556,0.0,0.1916796875000001,1.818055e-08
115.556,0.0,0.1914296875000001,1.83138e-08
115.556,0.0,0.1911796875000001,1.80856e-08
115.556,0.0,0.1909296875000001,1.815245e-08
115.556,0.0,0.1906796875000001,1.82061e-08
115.556,0.0,0.1904296875000001,1.82913e-08
115.556,0.0,0.1901796875000001,1.82085e-08
115.556,0.0,0.1899296875000001,1.816365e-08
115.556,0.0,0.1896796875000001,1.8208066666666672e-08
115.556,0.0,0.1894296875000001,1.80795e-08
115.556,0.0,0.1891796875000001,1.795755e-08
115.556,0.0,0.1889296875000001,1.81918e-08
115.556,0.0,0.1886796875000001,1.821345e-08
115.556,0.0,0.1884296875000001,1.81636e-08
115.556,0.0,0.1881796875000001,1.80953e-08
115.556,0.0,0.1879296875000001,1.80528e-08
115.556,0.0,0.1876796875000001,1.812705e-08
115.556,0.0,0.1874296875000001,1.817215e-08
115.556,0.0,0.1871796875000001,1.817655e-08
115.556,0.0,0.1869296875000001,1.80687e-08
115.556,0.0,0.1866796875000001,1.82011e-08
115.556,0.0,0.1864296875000001,1.82094e-08
115.556,0.0,0.1861796875000001,1.80879e-08
115.556,0.0,0.1859296875000001,1.8273e-08
115.556,0.0,0.1856796875000001,1.81614e-08
115.556,0.0,0.1854296875000001,1.8157000000000002e-08
115.556,0.0,0.1851796875000001,1.81749e-08
115.556,0.0,0.1849296875000001,1.81263e-08
115.556,0.0,0.1846796875000001,1.813785e-08
115.556,0.0,0.1844296875000001,1.80687e-08
115.556,0.0,0.1841796875000001,1.801355e-08
115.556,0.0,0.1839296875000001,1.807675e-08
115.556,0.0,0.1836796875000001,1.813075e-08
115.556,0.0,0.1834296875000001,1.79541e-08
115.556,0.0,0.1831796875000001,1.801225e-08
115.556,0.0,0.1829296875000001,1.79943e-08
115.556,0.0,0.1826796875000001,1.79689e-08
115.556,0.0,0.1824296875000001,1.79357e-08
115.556,0.0,0.1821796875000001,1.814e-08
115.556,0.0,0.1819296875000001,1.81855e-08
115.556,0.0,0.1816796875000001,1.811185e-08
115.556,0.0,0.1814296875000001,1.78054e-08
115.556,0.0,0.1811796875000001,1.79301e-08
115.556,0.0,0.1809296875000001,1.80629e-08
115.556,0.0,0.1806796875000001,1.802365e-08
115.556,0.0,0.1804296875000001,1.803345e-08
115.556,0.0,0.1801796875000001,1.80521e-08
115.556,0.0,0.1799296875000001,1.8040250000000002e-08
115.556,0.0,0.1796796875000001,1.7936e-08
115.556,0.0,0.1794296875000001,1.7909800000000002e-08
115.556,0.0,0.1791796875000001,1.8018100000000002e-08
115.556,0.0,0.1789296875000001,1.816335e-08
115.556,0.0,0.1786796875000001,1.800055e-08
115.556,0.0,0.1784296875000001,1.80158e-08
115.556,0.0,0.1781796875000001,1.804695e-08
115.556,0.0,0.1779296875000001,1.81169e-08
115.556,0.0,0.17767968750000013,1.79598e-08
115.556,0.0,0.17742968750000013,1.799075e-08
115.556,0.0,0.17717968750000013,1.8129100000000002e-08
115.556,0.0,0.17692968750000013,1.811635e-08
115.556,0.0,0.17667968750000013,1.81082e-08
115.556,0.0,0.17642968750000013,1.80869e-08
115.556,0.0,0.17617968750000013,1.80073e-08
115.556,0.0,0.17592968750000013,1.80725e-08
115.556,0.0,0.17567968750000013,1.80486e-08
115.556,0.0,0.17542968750000013,1.8146600000000002e-08
115.556,0.0,0.17517968750000013,1.803365e-08
115.556,0.0,0.17492968750000013,1.808225e-08
115.556,0.0,0.17467968750000012,1.80452e-08
115.556,0.0,0.17442968750000012,1.8327e-08
115.556,0.0,0.17417968750000012,1.832175e-08
115.556,0.0,0.17392968750000012,1.823905e-08
115.556,0.0,0.17367968750000012,1.82468e-08
115.556,0.0,0.17342968750000012,1.819455e-08
115.556,0.0,0.17317968750000012,1.830415e-08
115.556,0.0,0.17292968750000012,1.8268000000000002e-08
115.556,0.0,0.17267968750000012,1.82876e-08
115.556,0.0,0.17242968750000012,1.84032e-08
115.556,0.0,0.17217968750000012,1.824045e-08
115.556,0.0,0.17192968750000012,1.82453e-08
115.556,0.0,0.17167968750000012,1.830685e-08
115.556,0.0,0.17142968750000012,1.83479e-08
115.556,0.0,0.17117968750000012,1.82283e-08
115.556,0.0,0.17092968750000012,1.830695e-08
115.556,0.0,0.17067968750000012,1.83225e-08
115.556,0.0,0.17042968750000012,1.836415e-08
115.556,0.0,0.17017968750000012,1.826815e-08
115.556,0.0,0.16992968750000012,1.835475e-08
115.556,0.0,0.16967968750000012,1.84868e-08
115.556,0.0,0.16942968750000012,1.82757e-08
115.556,0.0,0.16917968750000012,1.838135e-08
115.556,0.0,0.16892968750000012,1.826595e-08
115.556,0.0,0.16867968750000012,1.84018e-08
115.556,0.0,0.16842968750000012,1.839355e-08
115.556,0.0,0.16817968750000012,1.835175e-08
115.556,0.0,0.16792968750000012,1.835515e-08
115.556,0.0,0.16767968750000012,1.83762e-08
115.556,0.0,0.16742968750000012,1.83555e-08
115.556,0.0,0.16717968750000012,1.83657e-08
115.556,0.0,0.16692968750000012,1.825775e-08
115.556,0.0,0.16667968750000012,1.81628e-08
115.556,0.0,0.16642968750000012,1.83513e-08
115.556,0.0,0.16617968750000012,1.83408e-08
115.556,0.0,0.16592968750000012,1.83333e-08
115.556,0.0,0.16567968750000012,1.84195e-08
115.556,0.0,0.16542968750000012,1.82729e-08
115.556,0.0,0.16517968750000012,1.827645e-08
115.556,0.0,0.16492968750000012,1.81858e-08
115.556,0.0,0.16467968750000012,1.84371e-08
115.556,0.0,0.16442968750000012,1.831435e-08
115.556,0.0,0.16417968750000012,1.835955e-08
115.556,0.0,0.16392968750000012,1.818975e-08
115.556,0.0,0.16367968750000012,1.82537e-08
115.556,0.0,0.16342968750000011,1.81343e-08
115.556,0.0,0.16317968750000011,1.8353e-08
115.556,0.0,0.16292968750000011,1.830715e-08
115.556,0.0,0.16267968750000011,1.823815e-08
115.556,0.0,0.16242968750000011,1.81727e-08
115.556,0.0,0.1621796875000001,1.82416e-08
115.556,0.0,0.1619296875000001,1.82019e-08
115.556,0.0,0.1616796875000001,1.82403e-08
115.556,0.0,0.1614296875000001,1.838615e-08
115.556,0.0,0.1611796875000001,1.82448e-08
115.556,0.0,0.1609296875000001,1.81894e-08
115.556,0.0,0.1606796875000001,1.81722e-08
115.556,0.0,0.1604296875000001,1.8144833333333333e-08
115.556,0.0,0.1601796875000001,1.8209e-08
115.556,0.0,0.1599296875000001,1.8229e-08
115.556,0.0,0.1596796875000001,1.81863e-08
115.556,0.0,0.1594296875000001,1.821895e-08
115.556,0.0,0.1591796875000001,1.815725e-08
115.556,0.0,0.1589296875000001,1.82237e-08
115.556,0.0,0.1586796875000001,1.814175e-08
115.556,0.0,0.1584296875000001,1.82113e-08
115.556,0.0,0.1581796875000001,1.82479e-08
115.556,0.0,0.1579296875000001,1.82053e-08
115.556,0.0,0.1576796875000001,1.8222350000000002e-08
115.556,0.0,0.1574296875000001,1.8217700000000002e-08
115.556,0.0,0.1571796875000001,1.816355e-08
115.556,0.0,0.1569296875000001,1.83349e-08
115.556,0.0,0.1566796875000001,1.82884e-08
115.556,0.0,0.1564296875000001,1.82078e-08
115.556,0.0,0.1561796875000001,1.82778e-08
115.556,0.0,0.1559296875000001,1.8271e-08
115.556,0.0,0.1556796875000001,1.82917e-08
115.556,0.0,0.1554296875000001,1.830815e-08
115.556,0.0,0.1551796875000001,1.82662e-08
115.556,0.0,0.1549296875000001,1.83518e-08
115.556,0.0,0.1546796875000001,1.823445e-08
115.556,0.0,0.1544296875000001,1.824025e-08
115.556,0.0,0.1541796875000001,1.83434e-08
115.556,0.0,0.1539296875000001,1.83931e-08
115.556,0.0,0.1536796875000001,1.825935e-08
115.556,0.0,0.1534296875000001,1.83237e-08
115.556,0.0,0.1531796875000001,1.826375e-08
115.556,0.0,0.1529296875000001,1.83687e-08
115.556,0.0,0.1526796875000001,1.8362600000000002e-08
115.556,0.0,0.1524296875000001,1.843775e-08
115.556,0.0,0.1521796875000001,1.848845e-08
115.556,0.0,0.1519296875000001,1.85388e-08
115.556,0.0,0.1516796875000001,1.84723e-08
115.556,0.0,0.1514296875000001,1.853023333333333e-08
115.556,0.0,0.1511796875000001,1.84838e-08
115.556,0.0,0.1509296875000001,1.85622e-08
115.556,0.0,0.1506796875000001,1.848635e-08
115.556,0.0,0.1504296875000001,1.852595e-08
115.556,0.0,0.1501796875000001,1.8586e-08
115.556,0.0,0.1499296875000001,1.83418e-08
115.556,0.0,0.1496796875000001,1.852055e-08
115.556,0.0,0.1494296875000001,1.855115e-08
115.556,0.0,0.1491796875000001,1.849395e-08
115.556,0.0,0.1489296875000001,1.84074e-08
115.556,0.0,0.1486796875000001,1.85109e-08
115.556,0.0,0.1484296875000001,1.85327e-08
115.556,0.0,0.1481796875000001,1.85792e-08
115.556,0.0,0.1479296875000001,1.84013e-08
115.556,0.0,0.1476796875000001,1.856635e-08
115.556,0.0,0.1474296875000001,1.8619e-08
115.556,0.0,0.1471796875000001,1.85538e-08
115.556,0.0,0.1469296875000001,1.87116e-08
115.556,0.0,0.1466796875000001,1.866855e-08
115.556,0.0,0.14642968750000013,1.87135e-08
115.556,0.0,0.14617968750000013,1.870745e-08
115.556,0.0,0.14592968750000013,1.87577e-08
115.556,0.0,0.14567968750000013,1.875455e-08
115.556,0.0,0.14542968750000013,1.88495e-08
115.556,0.0,0.14517968750000013,1.879585e-08
115.556,0.0,0.14492968750000013,1.87861e-08
115.556,0.0,0.14467968750000013,1.8813333333333334e-08
115.556,0.0,0.14442968750000013,1.89125e-08
115.556,0.0,0.14417968750000013,1.8938e-08
115.556,0.0,0.14392968750000013,1.897695e-08
115.556,0.0,0.14367968750000013,1.9010350000000002e-08
115.556,0.0,0.14342968750000012,1.9027250000000006e-08
115.556,0.0,0.14317968750000012,1.90913e-08
115.556,0.0,0.14292968750000012,1.91195e-08
115.556,0.0,0.14267968750000012,1.914745e-08
115.556,0.0,0.14242968750000012,1.90689e-08
115.556,0.0,0.14217968750000012,1.911155e-08
115.556,0.0,0.14192968750000012,1.92051e-08
115.556,0.0,0.14167968750000012,1.9268e-08
115.556,0.0,0.14142968750000012,1.9279600000000003e-08
115.556,0.0,0.14117968750000012,1.92533e-08
115.556,0.0,0.14092968750000012,1.928945e-08
115.556,0.0,0.14067968750000012,1.93252e-08
115.556,0.0,0.14042968750000012,1.936435e-08
115.556,0.0,0.14017968750000012,1.939295e-08
115.556,0.0,0.13992968750000012,1.945365e-08
115.556,0.0,0.13967968750000012,1.942755e-08
115.556,0.0,0.13942968750000012,1.94947e-08
115.556,0.0,0.13917968750000012,1.95317e-08
115.556,0.0,0.13892968750000012,1.95591e-08
115.556,0.0,0.13867968750000012,1.95381e-08
115.556,0.0,0.13842968750000012,1.9517e-08
115.556,0.0,0.13817968750000012,1.961065e-08
115.556,0.0,0.13792968750000012,1.965215e-08
115.556,0.0,0.13767968750000012,1.97481e-08
115.556,0.0,0.13742968750000012,1.963685e-08
115.556,0.0,0.13717968750000012,1.9807e-08
115.556,0.0,0.13692968750000012,1.984745e-08
115.556,0.0,0.13667968750000012,1.985205e-08
115.556,0.0,0.13642968750000012,1.99328e-08
115.556,0.0,0.13617968750000012,1.99879e-08
115.556,0.0,0.13592968750000012,1.99345e-08
115.556,0.0,0.13567968750000012,2.010715e-08
115.556,0.0,0.13542968750000012,1.98638e-08
115.556,0.0,0.13517968750000012,2.00907e-08
115.556,0.0,0.13492968750000012,1.99542e-08
115.556,0.0,0.13467968750000012,2.00319e-08
115.556,0.0,0.13442968750000012,1.99901e-08
115.556,0.0,0.13417968750000012,1.99468e-08
115.556,0.0,0.13392968750000012,1.991045e-08
115.556,0.0,0.13367968750000012,2.00586e-08
115.556,0.0,0.13342968750000012,1.99585e-08
115.556,0.0,0.13317968750000012,1.9953300000000003e-08
115.556,0.0,0.13292968750000012,2.00146e-08
115.556,0.0,0.13267968750000012,2.011395e-08
115.556,0.0,0.13242968750000012,2.024615e-08
115.556,0.0,0.13217968750000011,2.00367e-08
115.556,0.0,0.13192968750000011,2.02471e-08
115.556,0.0,0.13167968750000011,2.020145e-08
115.556,0.0,0.13142968750000011,2.01363e-08
115.556,0.0,0.13117968750000011,2.0367650000000002e-08
115.556,0.0,0.1309296875000001,2.022365e-08
115.556,0.0,0.1306796875000001,2.024935e-08
115.556,0.0,0.1304296875000001,2.02466e-08
115.556,0.0,0.1301796875000001,2.04129e-08
115.556,0.0,0.1299296875000001,2.034235e-08
115.556,0.0,0.1296796875000001,2.027805e-08
115.556,0.0,0.1294296875000001,2.019715e-08
115.556,0.0,0.1291796875000001,2.02428e-08
115.556,0.0,0.1289296875000001,2.0207e-08
115.556,0.0,0.1286796875000001,2.03007e-08
115.556,0.0,0.1284296875000001,2.024065e-08
115.556,0.0,0.1281796875000001,2.02275e-08
115.556,0.0,0.1279296875000001,2.0172e-08
115.556,0.0,0.1276796875000001,2.012925e-08
115.556,0.0,0.1274296875000001,2.013795e-08
115.556,0.0,0.1271796875000001,2.03616e-08
115.556,0.0,0.1269296875000001,2.022165e-08
115.556,0.0,0.1266796875000001,2.038995e-08
115.556,0.0,0.1264296875000001,2.03382e-08
115.556,0.0,0.1261796875000001,2.02748e-08
115.556,0.0,0.1259296875000001,2.03438e-08
115.556,0.0,0.1256796875000001,2.031175e-08
115.556,0.0,0.1254296875000001,2.03812e-08
115.556,0.0,0.1251796875000001,2.01534e-08
115.556,0.0,0.12492968750000011,2.0163400000000002e-08
115.556,0.0,0.12467968750000011,2.042585e-08
115.556,0.0,0.12442968750000011,2.04949e-08
115.556,0.0,0.12417968750000011,2.02494e-08
115.556,0.0,0.12392968750000011,2.03691e-08
115.556,0.0,0.12367968750000011,2.025695e-08
115.556,0.0,0.12342968750000011,2.0229e-08
115.556,0.0,0.1231796875000001,2.03676e-08
115.556,0.0,0.12292968750000012,2.03645e-08
115.556,0.0,0.12267968750000012,2.037145e-08
115.556,0.0,0.12242968750000012,2.0249800000000002e-08
115.556,0.0,0.12217968750000012,2.02526e-08
115.556,0.0,0.12192968750000012,2.040175e-08
115.556,0.0,0.12167968750000012,2.03914e-08
115.556,0.0,0.12142968750000012,2.02577e-08
115.556,0.0,0.12117968750000012,2.0335e-08
115.556,0.0,0.12092968750000012,2.031705e-08
115.556,0.0,0.12067968750000012,2.031395e-08
115.556,0.0,0.12042968750000012,2.02528e-08
115.556,0.0,0.12017968750000012,2.0244e-08
115.556,0.0,0.11992968750000012,2.030253333333333e-08
115.556,0.0,0.11967968750000012,2.02538e-08
115.556,0.0,0.11942968750000012,2.0271e-08
115.556,0.0,0.11917968750000012,2.03174e-08
115.556,0.0,0.11892968750000012,2.02955e-08
115.556,0.0,0.11867968750000012,2.03902e-08
115.556,0.0,0.11842968750000012,2.0467e-08
115.556,0.0,0.11817968750000012,2.030855e-08
115.556,0.0,0.11792968750000012,2.03383e-08
115.556,0.0,0.11767968750000012,2.043815e-08
115.556,0.0,0.11742968750000012,2.03553e-08
115.556,0.0,0.11717968750000012,2.040955e-08
115.556,0.0,0.11692968750000012,2.038325e-08
115.556,0.0,0.11667968750000011,2.0384e-08
115.556,0.0,0.11642968750000011,2.02833e-08
115.556,0.0,0.11617968750000011,2.04321e-08
115.556,0.0,0.11592968750000011,2.0317500000000003e-08
115.556,0.0,0.11567968750000011,2.03715e-08
115.556,0.0,0.11542968750000011,2.034825e-08
115.556,0.0,0.11517968750000011,2.0481100000000002e-08
115.556,0.0,0.11492968750000011,2.05979e-08
115.556,0.0,0.11467968750000011,2.050995e-08
115.556,0.0,0.11442968750000011,2.03553e-08
115.556,0.0,0.11417968750000011,2.03261e-08
115.556,0.0,0.11392968750000011,2.054385e-08
115.556,0.0,0.11367968750000011,2.060955e-08
115.556,0.0,0.11342968750000011,2.06226e-08
115.556,0.0,0.11317968750000011,2.06765e-08
115.556,0.0,0.11292968750000011,2.0619e-08
115.556,0.0,0.11267968750000011,2.0674533333333334e-08
115.556,0.0,0.11242968750000011,2.08875e-08
115.556,0.0,0.11217968750000011,2.08713e-08
115.556,0.0,0.11192968750000011,2.0739e-08
115.556,0.0,0.11167968750000011,2.079865e-08
115.556,0.0,0.11142968750000011,2.08682e-08
115.556,0.0,0.11117968750000011,2.08356e-08
115.556,0.0,0.11092968750000011,2.091035e-08
115.556,0.0,0.11067968750000011,2.08033e-08
115.556,0.0,0.11042968750000011,2.07764e-08
115.556,0.0,0.11017968750000011,2.08204e-08
115.556,0.0,0.10992968750000011,2.08034e-08
115.556,0.0,0.10967968750000011,2.08265e-08
115.556,0.0,0.10942968750000011,2.10549e-08
115.556,0.0,0.10917968750000011,2.0780700000000003e-08
115.556,0.0,0.10892968750000011,2.082125e-08
115.556,0.0,0.10867968750000011,2.08459e-08
115.556,0.0,0.10842968750000011,2.084495e-08
115.556,0.0,0.10817968750000011,2.09554e-08
115.556,0.0,0.10792968750000011,2.08314e-08
115.556,0.0,0.1076796875000001,2.0819e-08
115.556,0.0,0.10742968750000012,2.09761e-08
115.556,0.0,0.10717968750000012,2.087955e-08
115.556,0.0,0.10692968750000012,2.083265e-08
115.556,0.0,0.10667968750000012,2.087385e-08
115.556,0.0,0.10642968750000012,2.072065e-08
115.556,0.0,0.10617968750000012,2.07949e-08
115.556,0.0,0.10592968750000012,2.082155e-08
115.556,0.0,0.10567968750000012,2.0768e-08
115.556,0.0,0.10542968750000012,2.09404e-08
115.556,0.0,0.10517968750000012,2.089815e-08
115.556,0.0,0.10492968750000012,2.09537e-08
115.556,0.0,0.10467968750000012,2.083205e-08
115.556,0.0,0.10442968750000012,2.09209e-08
115.556,0.0,0.10417968750000012,2.092115e-08
115.556,0.0,0.10392968750000012,2.092205e-08
115.556,0.0,0.10367968750000012,2.0954950000000002e-08
115.556,0.0,0.10342968750000012,2.09378e-08
115.556,0.0,0.10317968750000012,2.090795e-08
115.556,0.0,0.10292968750000012,2.09343e-08
115.556,0.0,0.10267968750000012,2.09343e-08
115.556,0.0,0.10242968750000012,2.108395e-08
115.556,0.0,0.10217968750000012,2.09062e-08
115.556,0.0,0.10192968750000012,2.0829900000000003e-08
115.556,0.0,0.10167968750000012,2.10908e-08
115.556,0.0,0.10142968750000012,2.097915e-08
115.556,0.0,0.10117968750000012,2.07703e-08
115.556,0.0,0.10092968750000011,2.0905400000000006e-08
115.556,0.0,0.10067968750000011,2.09052e-08
115.556,0.0,0.10042968750000011,2.09214e-08
115.556,0.0,0.10017968750000011,2.0958250000000002e-08
115.556,0.0,0.09992968750000011,2.07737e-08
115.556,0.0,0.09967968750000011,2.09642e-08
115.556,0.0,0.09942968750000011,2.078375e-08
115.556,0.0,0.09917968750000011,2.107665e-08
115.556,0.0,0.09892968750000011,2.082635e-08
115.556,0.0,0.09867968750000011,2.07352e-08
115.556,0.0,0.09842968750000011,2.0832e-08
115.556,0.0,0.09817968750000011,2.077145e-08
115.556,0.0,0.09792968750000011,2.08208e-08
115.556,0.0,0.09767968750000011,2.094495e-08
115.556,0.0,0.09742968750000011,2.091315e-08
115.556,0.0,0.09717968750000011,2.0873e-08
115.556,0.0,0.09692968750000011,2.090045e-08
115.556,0.0,0.09667968750000011,2.09874e-08
115.556,0.0,0.09642968750000011,2.115105e-08
115.556,0.0,0.09617968750000011,2.1012100000000002e-08
115.556,0.0,0.09592968750000011,2.077945e-08
115.556,0.0,0.09567968750000011,2.08851e-08
115.556,0.0,0.09542968750000011,2.08927e-08
115.556,0.0,0.09517968750000011,2.09127e-08
115.556,0.0,0.09492968750000011,2.091985e-08
115.556,0.0,0.09467968750000011,2.082035e-08
115.556,0.0,0.09442968750000011,2.103605e-08
115.556,0.0,0.09417968750000011,2.089465e-08
115.556,0.0,0.09392968750000011,2.095155e-08
115.556,0.0,0.09367968750000011,2.09031e-08
115.556,0.0,0.09342968750000011,2.093545e-08
115.556,0.0,0.09317968750000011,2.097425e-08
115.556,0.0,0.09292968750000011,2.0887150000000002e-08
115.556,0.0,0.09267968750000011,2.10589e-08
115.556,0.0,0.09242968750000011,2.097165e-08
115.556,0.0,0.09217968750000011,2.083765e-08
115.556,0.0,0.0919296875000001,2.100875e-08
115.556,0.0,0.09167968750000012,2.09358e-08
115.556,0.0,0.09142968750000012,2.09494e-08
115.556,0.0,0.09117968750000012,2.094185e-08
115.556,0.0,0.09092968750000012,2.098685e-08
115.556,0.0,0.09067968750000012,2.095745e-08
115.556,0.0,0.09042968750000012,2.105615e-08
115.556,0.0,0.09017968750000012,2.067885e-08
115.556,0.0,0.08992968750000012,2.08606e-08
115.556,0.0,0.08967968750000012,2.09548e-08
115.556,0.0,0.08942968750000012,2.094095e-08
115.556,0.0,0.08917968750000012,2.092885e-08
115.556,0.0,0.08892968750000012,2.090555e-08
115.556,0.0,0.08867968750000012,2.07535e-08
115.556,0.0,0.08842968750000012,2.07628e-08
115.556,0.0,0.08817968750000012,2.094305e-08
115.556,0.0,0.08792968750000012,2.0758e-08
115.556,0.0,0.08767968750000012,2.096005e-08
115.556,0.0,0.08742968750000012,2.07887e-08
115.556,0.0,0.08717968750000012,2.086915e-08
115.556,0.0,0.08692968750000012,2.104025e-08
115.556,0.0,0.08667968750000012,2.08304e-08
115.556,0.0,0.08642968750000012,2.09827e-08
115.556,0.0,0.08617968750000012,2.09655e-08
115.556,0.0,0.08592968750000012,2.08477e-08
115.556,0.0,0.08567968750000012,2.09615e-08
115.556,0.0,0.08542968750000011,2.076175e-08
115.556,0.0,0.08517968750000011,2.08262e-08
115.556,0.0,0.08492968750000011,2.09429e-08
115.556,0.0,0.08467968750000011,2.07968e-08
115.556,0.0,0.08442968750000011,2.082545e-08
115.556,0.0,0.08417968750000011,2.094245e-08
115.556,0.0,0.08392968750000011,2.0965000000000003e-08
115.556,0.0,0.08367968750000011,2.0836850000000002e-08
115.556,0.0,0.08342968750000011,2.08073e-08
115.556,0.0,0.08317968750000011,2.075765e-08
115.556,0.0,0.08292968750000011,2.1013e-08
115.556,0.0,0.08267968750000011,2.083105e-08
115.556,0.0,0.08242968750000011,2.083115e-08
115.556,0.0,0.08217968750000011,2.07428e-08
115.556,0.0,0.08192968750000011,2.06427e-08
115.556,0.0,0.08167968750000011,2.0875366666666666e-08
115.556,0.0,0.08142968750000011,2.096925e-08
115.556,0.0,0.08117968750000011,2.097035e-08
115.556,0.0,0.08092968750000011,2.10251e-08
115.556,0.0,0.08067968750000011,2.103295e-08
115.556,0.0,0.08042968750000011,2.098185e-08
115.556,0.0,0.08017968750000011,2.121095e-08
115.556,0.0,0.07992968750000011,2.11557e-08
115.556,0.0,0.07967968750000011,2.1007450000000002e-08
115.556,0.0,0.07942968750000011,2.1058766666666663e-08
115.556,0.0,0.07917968750000011,2.09506e-08
115.556,0.0,0.07892968750000011,2.09424e-08
115.556,0.0,0.07867968750000011,2.10437e-08
115.556,0.0,0.07842968750000011,2.08691e-08
115.556,0.0,0.07817968750000011,2.0853150000000003e-08
115.556,0.0,0.07792968750000011,2.10495e-08
115.556,0.0,0.07767968750000011,2.09373e-08
115.556,0.0,0.07742968750000011,2.12261e-08
115.556,0.0,0.07717968750000011,2.101515e-08
115.556,0.0,0.07692968750000011,2.07675e-08
115.556,0.0,0.07667968750000011,2.0583650000000002e-08
115.556,0.0,0.0764296875000001,2.09206e-08
115.556,0.0,0.07617968750000012,2.1046000000000002e-08
115.556,0.0,0.07592968750000012,2.10044e-08
115.556,0.0,0.07567968750000012,2.117245e-08
115.556,0.0,0.07542968750000012,2.056475e-08
115.556,0.0,0.07517968750000012,2.08498e-08
115.556,0.0,0.07492968750000012,2.10827e-08
115.556,0.0,0.07467968750000012,2.10679e-08
115.556,0.0,0.07442968750000012,2.09992e-08
115.556,0.0,0.07417968750000012,2.11058e-08
115.556,0.0,0.07392968750000012,2.10815e-08
115.556,0.0,0.07367968750000012,2.103205e-08
115.556,0.0,0.07342968750000012,2.12283e-08
115.556,0.0,0.07317968750000012,2.086875e-08
115.556,0.0,0.07292968750000012,2.11728e-08
115.556,0.0,0.07267968750000012,2.09574e-08
115.556,0.0,0.07242968750000012,2.10491e-08
115.556,0.0,0.07217968750000012,2.0898733333333334e-08
115.556,0.0,0.07192968750000012,2.11166e-08
115.556,0.0,0.07167968750000012,2.087515e-08
115.556,0.0,0.07142968750000012,2.1079300000000006e-08
115.556,0.0,0.07117968750000012,2.112725e-08
115.556,0.0,0.07092968750000012,2.12256e-08
115.556,0.0,0.07067968750000012,2.12317e-08
115.556,0.0,0.07042968750000012,2.113285e-08
115.556,0.0,0.07017968750000012,2.11086e-08
115.556,0.0,0.06992968750000012,2.111765e-08
115.556,0.0,0.06967968750000011,2.11859e-08
115.556,0.0,0.06942968750000011,2.10466e-08
115.556,0.0,0.06917968750000011,2.118655e-08
115.556,0.0,0.06892968750000011,2.10881e-08
115.556,0.0,0.06867968750000011,2.09866e-08
115.556,0.0,0.06842968750000011,2.128965e-08
115.556,0.0,0.06817968750000011,2.11981e-08
115.556,0.0,0.06792968750000011,2.1197150000000006e-08
115.556,0.0,0.06767968750000011,2.121705e-08
115.556,0.0,0.06742968750000011,2.140435e-08
115.556,0.0,0.06717968750000011,2.13294e-08
115.556,0.0,0.06692968750000011,2.131715e-08
115.556,0.0,0.06667968750000011,2.11776e-08
115.556,0.0,0.06642968750000011,2.12494e-08
115.556,0.0,0.06617968750000011,2.147795e-08
115.556,0.0,0.06592968750000011,2.11007e-08
115.556,0.0,0.06567968750000011,2.13164e-08
115.556,0.0,0.06542968750000011,2.12777e-08
115.556,0.0,0.06517968750000011,2.12265e-08
115.556,0.0,0.06492968750000011,2.11676e-08
115.556,0.0,0.06467968750000011,2.131615e-08
115.556,0.0,0.06442968750000011,2.13164e-08
115.556,0.0,0.06417968750000011,2.13564e-08
115.556,0.0,0.06392968750000011,2.131195e-08
115.556,0.0,0.06367968750000011,2.138995e-08
115.556,0.0,0.06342968750000011,2.13449e-08
115.556,0.0,0.06317968750000011,2.14915e-08
115.556,0.0,0.06292968750000011,2.12363e-08
115.556,0.0,0.06267968750000011,2.131615e-08
115.556,0.0,0.062429687500000115,2.135595e-08
115.556,0.0,0.062179687500000115,2.12774e-08
115.556,0.0,0.061929687500000115,2.103765e-08
115.556,0.0,0.061679687500000115,2.130635e-08
115.556,0.0,0.061429687500000114,2.12181e-08
115.556,0.0,0.061179687500000114,2.12878e-08
115.556,0.0,0.060929687500000114,2.12974e-08
115.556,0.0,0.060679687500000114,2.091685e-08
115.556,0.0,0.060429687500000114,2.15708e-08
115.556,0.0,0.06017968750000011,2.10165e-08
115.556,0.0,0.05992968750000011,2.139915e-08
115.556,0.0,0.05967968750000011,2.14141e-08
115.556,0.0,0.05942968750000011,2.134405e-08
115.556,0.0,0.05917968750000011,2.13682e-08
115.556,0.0,0.05892968750000011,2.121625e-08
115.556,0.0,0.05867968750000011,2.133145e-08
115.556,0.0,0.05842968750000011,2.14931e-08
115.556,0.0,0.05817968750000011,2.13162e-08
115.556,0.0,0.05792968750000011,2.14012e-08
115.556,0.0,0.05767968750000011,2.125435e-08
115.556,0.0,0.05742968750000011,2.159165e-08
115.556,0.0,0.05717968750000011,2.15442e-08
115.556,0.0,0.05692968750000011,2.14505e-08
115.556,0.0,0.05667968750000012,2.1467e-08
115.556,0.0,0.05642968750000012,2.139886666666667e-08
115.556,0.0,0.05617968750000012,2.14173e-08
115.556,0.0,0.055929687500000116,2.161475e-08
115.556,0.0,0.055679687500000116,2.12976e-08
115.556,0.0,0.055429687500000116,2.14841e-08
115.556,0.0,0.055179687500000116,2.14173e-08
115.556,0.0,0.054929687500000116,2.142985e-08
115.556,0.0,0.054679687500000115,2.149625e-08
115.556,0.0,0.054429687500000115,2.16024e-08
115.556,0.0,0.054179687500000115,2.165015e-08
115.556,0.0,0.053929687500000115,2.15456e-08
115.556,0.0,0.053679687500000114,2.176905e-08
115.556,0.0,0.053429687500000114,2.17609e-08
115.556,0.0,0.053179687500000114,2.18087e-08
115.556,0.0,0.052929687500000114,2.168965e-08
115.556,0.0,0.052679687500000114,2.152555e-08
115.556,0.0,0.05242968750000011,2.198165e-08
115.556,0.0,0.05217968750000011,2.1393200000000006e-08
115.556,0.0,0.05192968750000011,2.16321e-08
115.556,0.0,0.05167968750000011,2.17973e-08
115.556,0.0,0.05142968750000011,2.18023e-08
115.556,0.0,0.05117968750000011,2.2102e-08
115.556,0.0,0.05092968750000011,2.1877700000000003e-08
115.556,0.0,0.05067968750000011,2.189925e-08
115.556,0.0,0.05042968750000011,2.20109e-08
115.556,0.0,0.05017968750000011,2.198815e-08
115.556,0.0,0.04992968750000011,2.21036e-08
115.556,0.0,0.04967968750000011,2.202855e-08
115.556,0.0,0.04942968750000011,2.20514e-08
115.556,0.0,0.04917968750000011,2.22384e-08
115.556,0.0,0.04892968750000011,2.212115e-08
115.556,0.0,0.04867968750000012,2.220615e-08
115.556,0.0,0.04842968750000012,2.212665e-08
115.556,0.0,0.048179687500000117,2.21845e-08
115.556,0.0,0.047929687500000116,2.2209033333333333e-08
115.556,0.0,0.047679687500000116,2.213565e-08
115.556,0.0,0.047429687500000116,2.22143e-08
115.556,0.0,0.047179687500000116,2.215655e-08
115.556,0.0,0.046929687500000115,2.2203e-08
115.556,0.0,0.046679687500000115,2.217995e-08
115.556,0.0,0.046429687500000115,2.22071e-08
115.556,0.0,0.046179687500000115,2.219355e-08
115.556,0.0,0.045929687500000115,2.24189e-08
115.556,0.0,0.045679687500000114,2.20698e-08
115.556,0.0,0.045429687500000114,2.2426800000000002e-08
115.556,0.0,0.045179687500000114,2.251365e-08
115.556,0.0,0.044929687500000114,2.2376e-08
115.556,0.0,0.04467968750000011,2.22526e-08
115.556,0.0,0.04442968750000011,2.22816e-08
115.556,0.0,0.04417968750000011,2.245195e-08
115.556,0.0,0.04392968750000011,2.241475e-08
115.556,0.0,0.04367968750000011,2.24351e-08
115.556,0.0,0.04342968750000011,2.2267350000000006e-08
115.556,0.0,0.04317968750000011,2.21747e-08
115.556,0.0,0.04292968750000011,2.236395e-08
115.556,0.0,0.04267968750000011,2.230135e-08
115.556,0.0,0.04242968750000011,2.23303e-08
115.556,0.0,0.04217968750000011,2.24586e-08
115.556,0.0,0.04192968750000011,2.24299e-08
115.556,0.0,0.04167968750000011,2.245235e-08
115.556,0.0,0.04142968750000011,2.24741e-08
115.556,0.0,0.04117968750000011,2.24931e-08
115.556,0.0,0.04092968750000012,2.23978e-08
115.556,0.0,0.04067968750000012,2.245905e-08
115.556,0.0,0.04042968750000012,2.24862e-08
115.556,0.0,0.040179687500000116,2.25618e-08
115.556,0.0,0.039929687500000116,2.25063e-08
115.556,0.0,0.039679687500000116,2.242875e-08
115.556,0.0,0.039429687500000116,2.24504e-08
115.556,0.0,0.039179687500000115,2.234465e-08
115.556,0.0,0.038929687500000115,2.247555e-08
115.556,0.0,0.038679687500000115,2.2535100000000002e-08
115.556,0.0,0.038429687500000115,2.24695e-08
115.556,0.0,0.038179687500000115,2.258205e-08
115.556,0.0,0.037929687500000114,2.26422e-08
115.556,0.0,0.037679687500000114,2.26524e-08
115.556,0.0,0.037429687500000114,2.24008e-08
115.556,0.0,0.037179687500000114,2.25192e-08
115.556,0.0,0.03692968750000011,2.2527e-08
115.556,0.0,0.03667968750000011,2.256685e-08
115.556,0.0,0.03642968750000011,2.2668250000000002e-08
115.556,0.0,0.03617968750000011,2.2508200000000003e-08
115.556,0.0,0.03592968750000011,2.2529e-08
115.556,0.0,0.03567968750000011,2.244645e-08
115.556,0.0,0.03542968750000011,2.25057e-08
115.556,0.0,0.03517968750000011,2.248715e-08
115.556,0.0,0.03492968750000011,2.242825e-08
115.556,0.0,0.03467968750000011,2.24863e-08
115.556,0.0,0.03442968750000011,2.23896e-08
115.556,0.0,0.03417968750000011,2.236425e-08
115.556,0.0,0.03392968750000011,2.230163333333333e-08
115.556,0.0,0.03367968750000011,2.238375e-08
115.556,0.0,0.03342968750000011,2.24101e-08
115.556,0.0,0.03317968750000012,2.24083e-08
115.556,0.0,0.03292968750000012,2.235415e-08
115.556,0.0,0.03267968750000012,2.240655e-08
115.556,0.0,0.032429687500000116,2.22411e-08
115.556,0.0,0.032179687500000116,2.23585e-08
115.556,0.0,0.031929687500000116,2.236965e-08
115.556,0.0,0.031679687500000116,2.23434e-08
115.556,0.0,0.031429687500000116,2.2175e-08
115.556,0.0,0.031179687500000115,2.250315e-08
115.556,0.0,0.030929687500000115,2.231315e-08
115.556,0.0,0.030679687500000115,2.221005e-08
115.556,0.0,0.030429687500000115,2.20935e-08
115.556,0.0,0.030179687500000114,2.211985e-08
115.556,0.0,0.029929687500000114,2.237005e-08
115.556,0.0,0.029679687500000114,2.23179e-08
115.556,0.0,0.029429687500000114,2.234645e-08
115.556,0.0,0.029179687500000114,2.217385e-08
115.556,0.0,0.028929687500000113,2.217965e-08
115.556,0.0,0.028679687500000113,2.22141e-08
115.556,0.0,0.028429687500000113,2.23368e-08
115.556,0.0,0.028179687500000113,2.226885e-08
115.556,0.0,0.027929687500000112,2.218775e-08
115.556,0.0,0.027679687500000112,2.2246e-08
115.556,0.0,0.027429687500000112,2.22501e-08
115.556,0.0,0.027179687500000115,2.22281e-08
115.556,0.0,0.026929687500000115,2.2277150000000003e-08
115.556,0.0,0.026679687500000115,2.22375e-08
115.556,0.0,0.026429687500000115,2.22036e-08
115.556,0.0,0.026179687500000114,2.2030800000000003e-08
115.556,0.0,0.025929687500000114,2.217345e-08
115.556,0.0,0.025679687500000114,2.21042e-08
115.556,0.0,0.025429687500000114,2.2090766666666672e-08
115.556,0.0,0.025179687500000113,2.215355e-08
115.556,0.0,0.024929687500000113,2.20942e-08
115.556,0.0,0.024679687500000113,2.23533e-08
115.556,0.0,0.024429687500000113,2.201565e-08
115.556,0.0,0.024179687500000113,2.202675e-08
115.556,0.0,0.023929687500000112,2.2089e-08
115.556,0.0,0.023679687500000112,2.21039e-08
115.556,0.0,0.023429687500000115,2.21176e-08
115.556,0.0,0.023179687500000115,2.21753e-08
115.556,0.0,0.022929687500000115,2.2165766666666664e-08
115.556,0.0,0.022679687500000115,2.20776e-08
115.556,0.0,0.022429687500000114,2.211075e-08
115.556,0.0,0.022179687500000114,2.21077e-08
115.556,0.0,0.021929687500000114,2.1934000000000003e-08
115.556,0.0,0.021679687500000114,2.20073e-08
115.556,0.0,0.021429687500000114,2.204445e-08
115.556,0.0,0.021179687500000113,2.209355e-08
115.556,0.0,0.020929687500000113,2.18509e-08
115.556,0.0,0.020679687500000113,2.2005100000000003e-08
115.556,0.0,0.020429687500000113,2.19677e-08
115.556,0.0,0.020179687500000112,2.1896e-08
115.556,0.0,0.019929687500000112,2.19103e-08
115.556,0.0,0.019679687500000112,2.20265e-08
115.556,0.0,0.019429687500000115,2.193225e-08
115.556,0.0,0.019179687500000115,2.199305e-08
115.556,0.0,0.018929687500000115,2.1902300000000003e-08
115.556,0.0,0.018679687500000115,2.19083e-08
115.556,0.0,0.018429687500000114,2.19064e-08
115.556,0.0,0.018179687500000114,2.18899e-08
115.556,0.0,0.017929687500000114,2.180075e-08
115.556,0.0,0.017679687500000114,2.18454e-08
115.556,0.0,0.017429687500000113,2.17812e-08
115.556,0.0,0.017179687500000113,2.176695e-08
115.556,0.0,0.016929687500000113,2.204625e-08
115.556,0.0,0.016679687500000113,2.18338e-08
115.556,0.0,0.016429687500000113,2.17378e-08
115.556,0.0,0.016179687500000112,2.169465e-08
115.556,0.0,0.015929687500000112,2.170385e-08
115.556,0.0,0.015679687500000115,2.18673e-08
115.556,0.0,0.015429687500000113,2.185455e-08
115.556,0.0,0.015179687500000113,2.16627e-08
115.556,0.0,0.014929687500000113,2.17632e-08
115.556,0.0,0.014679687500000115,2.18464e-08
115.556,0.0,0.014429687500000114,2.17165e-08
115.556,0.0,0.014179687500000114,2.185735e-08
115.556,0.0,0.013929687500000114,2.18525e-08
115.556,0.0,0.013679687500000114,2.17269e-08
115.556,0.0,0.013429687500000113,2.189195e-08
115.556,0.0,0.013179687500000113,2.16608e-08
115.556,0.0,0.012929687500000113,2.179755e-08
115.556,0.0,0.012679687500000114,2.18767e-08
115.556,0.0,0.012429687500000114,2.17216e-08
115.556,0.0,0.012179687500000114,2.191135e-08
115.556,0.0,0.011929687500000114,2.18433e-08
115.556,0.0,0.011679687500000114,2.183195e-08
115.556,0.0,0.011429687500000113,2.18504e-08
115.556,0.0,0.011179687500000113,2.18196e-08
115.556,0.0,0.010929687500000113,2.17687e-08
115.556,0.0,0.010679687500000114,2.17406e-08
115.556,0.0,0.010429687500000114,2.168275e-08
115.556,0.0,0.010179687500000114,2.1572e-08
115.556,0.0,0.009929687500000114,2.17098e-08
115.556,0.0,0.009679687500000114,2.17368e-08
115.556,0.0,0.009429687500000113,2.1831566666666672e-08
115.556,0.0,0.009179687500000113,2.180495e-08
115.556,0.0,0.008929687500000113,2.17575e-08
115.556,0.0,0.008679687500000114,2.18543e-08
115.556,0.0,0.008429687500000114,2.181395e-08
115.556,0.0,0.008179687500000114,2.191315e-08
115.556,0.0,0.007929687500000114,2.16453e-08
115.556,0.0,0.0076796875000001135,2.17954e-08
115.556,0.0,0.007429687500000113,2.1875533333333333e-08
115.556,0.0,0.007179687500000114,2.18931e-08
115.556,0.0,0.006929687500000114,2.18346e-08
115.556,0.0,0.0066796875000001135,2.169855e-08
115.556,0.0,0.006429687500000113,2.17149e-08
115.556,0.0,0.006179687500000114,2.16873e-08
115.556,0.0,0.005929687500000114,2.18446e-08
115.556,0.0,0.0056796875000001135,2.163835e-08
115.556,0.0,0.005429687500000114,2.172215e-08
115.556,0.0,0.005179687500000114,2.15609e-08
115.556,0.0,0.004929687500000114,2.1725200000000002e-08
115.556,0.0,0.0046796875000001134,2.15605e-08
115.556,0.0,0.004429687500000114,2.16765e-08
115.556,0.0,0.004179687500000114,2.170775e-08
115.556,0.0,0.003929687500000114,2.16681e-08
115.556,0.0,0.003679687500000114,2.17236e-08
115.556,0.0,0.0034296875000001136,2.15996e-08
115.556,0.0,0.003179687500000114,2.16786e-08
115.556,0.0,0.0029296875000001136,2.16375e-08
115.556,0.0,0.002679687500000114,2.17e-08
115.556,0.0,0.0024296875000001136,2.16443e-08
115.556,0.0,0.002179687500000114,2.177505e-08
115.556,0.0,0.0019296875000001136,2.16728e-08
115.556,0.0,0.0016796875000001136,2.17632e-08
115.556,0.0,0.0014296875000001136,2.177485e-08
115.556,0.0,0.0011796875000001136,2.17366e-08
115.556,0.0,0.0009296875000001137,2.17033e-08
115.556,0.0,0.0006796875000001137,2.163665e-08
115.556,0.0,0.0004296875000001137,2.1616066666666666e-08
115.556,0.0,0.00017968750000011368,2.173605e-08
115.556,0.0,-7.031249999988632e-05,2.16087e-08
115.556,0.0,-0.00032031249999988633,2.187655e-08
115.556,0.0,-0.0005703124999998863,2.16943e-08
115.556,0.0,-0.0008203124999998863,2.16739e-08
115.556,0.0,-0.0010703124999998862,2.16391e-08
115.556,0.0,-0.0013203124999998862,2.17011e-08
115.556,0.0,-0.0015703124999998863,2.16827e-08
115.556,0.0,-0.0018203124999998863,2.177995e-08
115.556,0.0,-0.0020703124999998865,2.1818e-08
115.556,0.0,-0.0023203124999998863,2.1755550000000002e-08
115.556,0.0,-0.0025703124999998865,2.17649e-08
115.556,0.0,-0.0028203124999998863,2.193495e-08
115.556,0.0,-0.0030703124999998865,2.18865e-08
115.556,0.0,-0.0033203124999998863,2.187325e-08
115.556,0.0,-0.0035703124999998865,2.190035e-08
115.556,0.0,-0.0038203124999998863,2.19075e-08
115.556,0.0,-0.0040703124999998865,2.20162e-08
115.556,0.0,-0.004320312499999887,2.1963900000000002e-08
115.556,0.0,-0.004570312499999886,2.203285e-08
115.556,0.0,-0.004820312499999886,2.200245e-08
115.556,0.0,-0.0050703124999998865,2.19556e-08
115.556,0.0,-0.005320312499999886,2.197315e-08
115.556,0.0,-0.005570312499999886,2.2043e-08
115.556,0.0,-0.005820312499999886,2.1963250000000003e-08
115.556,0.0,-0.0060703124999998866,2.20541e-08
115.556,0.0,-0.006320312499999886,2.189095e-08
115.556,0.0,-0.006570312499999886,2.202226666666667e-08
115.556,0.0,-0.006820312499999886,2.20853e-08
115.556,0.0,-0.007070312499999887,2.194975e-08
115.556,0.0,-0.007320312499999886,2.208355e-08
115.556,0.0,-0.007570312499999886,2.19927e-08
115.556,0.0,-0.007820312499999886,2.201265e-08
115.556,0.0,-0.008070312499999887,2.21368e-08
115.556,0.0,-0.008320312499999887,2.206e-08
115.556,0.0,-0.008570312499999887,2.2084750000000002e-08
115.556,0.0,-0.008820312499999886,2.2078750000000002e-08
115.556,0.0,-0.009070312499999886,2.21796e-08
115.556,0.0,-0.009320312499999886,2.21691e-08
115.556,0.0,-0.009570312499999886,2.21761e-08
115.556,0.0,-0.009820312499999886,2.20715e-08
115.556,0.0,-0.010070312499999887,2.22404e-08
115.556,0.0,-0.010320312499999887,2.23139e-08
115.556,0.0,-0.010570312499999887,2.218545e-08
115.556,0.0,-0.010820312499999886,2.236325e-08
115.556,0.0,-0.011070312499999886,2.230035e-08
115.556,0.0,-0.011320312499999886,2.229935e-08
115.556,0.0,-0.011570312499999886,2.24135e-08
115.556,0.0,-0.011820312499999886,2.25024e-08
115.556,0.0,-0.012070312499999887,2.231755e-08
115.556,0.0,-0.012320312499999887,2.235105e-08
115.556,0.0,-0.012570312499999887,2.226665e-08
115.556,0.0,-0.012820312499999886,2.231515e-08
115.556,0.0,-0.013070312499999886,2.234325e-08
115.556,0.0,-0.013320312499999886,2.231955e-08
115.556,0.0,-0.013570312499999886,2.235625e-08
115.556,0.0,-0.013820312499999887,2.23348e-08
115.556,0.0,-0.014070312499999887,2.24329e-08
115.556,0.0,-0.014320312499999887,2.245695e-08
115.556,0.0,-0.014570312499999887,2.236e-08
115.556,0.0,-0.014820312499999886,2.24574e-08
115.556,0.0,-0.015070312499999886,2.25709e-08
115.556,0.0,-0.015320312499999886,2.24411e-08
115.556,0.0,-0.015570312499999886,2.2489e-08
115.556,0.0,-0.015820312499999885,2.26313e-08
115.556,0.0,-0.016070312499999885,2.25933e-08
115.556,0.0,-0.016320312499999885,2.25489e-08
115.556,0.0,-0.016570312499999885,2.261255e-08
115.556,0.0,-0.016820312499999886,2.2582e-08
115.556,0.0,-0.017070312499999886,2.266985e-08
115.556,0.0,-0.017320312499999886,2.26199e-08
115.556,0.0,-0.017570312499999886,2.271525e-08
115.556,0.0,-0.017820312499999887,2.270585e-08
115.556,0.0,-0.018070312499999887,2.282425e-08
115.556,0.0,-0.018320312499999887,2.265655e-08
115.556,0.0,-0.018570312499999887,2.274995e-08
115.556,0.0,-0.018820312499999887,2.27769e-08
115.556,0.0,-0.019070312499999888,2.27005e-08
115.556,0.0,-0.019320312499999888,2.27761e-08
115.556,0.0,-0.019570312499999885,2.284165e-08
115.556,0.0,-0.019820312499999885,2.27665e-08
115.556,0.0,-0.020070312499999885,2.280585e-08
115.556,0.0,-0.020320312499999885,2.27885e-08
115.556,0.0,-0.020570312499999886,2.28957e-08
115.556,0.0,-0.020820312499999886,2.29404e-08
115.556,0.0,-0.021070312499999886,2.290165e-08
115.556,0.0,-0.021320312499999886,2.298175e-08
115.556,0.0,-0.021570312499999886,2.28596e-08
115.556,0.0,-0.021820312499999887,2.30035e-08
115.556,0.0,-0.022070312499999887,2.292773333333333e-08
115.556,0.0,-0.022320312499999887,2.3006e-08
115.556,0.0,-0.022570312499999887,2.30946e-08
115.556,0.0,-0.022820312499999888,2.31982e-08
115.556,0.0,-0.023070312499999888,2.31071e-08
115.556,0.0,-0.023320312499999888,2.312845e-08
115.556,0.0,-0.023570312499999885,2.315685e-08
115.556,0.0,-0.023820312499999885,2.31481e-08
115.556,0.0,-0.024070312499999885,2.3314800000000003e-08
115.556,0.0,-0.024320312499999885,2.33301e-08
115.556,0.0,-0.024570312499999886,2.326275e-08
115.556,0.0,-0.024820312499999886,2.329465e-08
115.556,0.0,-0.025070312499999886,2.33777e-08
115.556,0.0,-0.025320312499999886,2.33321e-08
115.556,0.0,-0.025570312499999887,2.33654e-08
115.556,0.0,-0.025820312499999887,2.33546e-08
115.556,0.0,-0.026070312499999887,2.3334600000000002e-08
115.556,0.0,-0.026320312499999887,2.34036e-08
115.556,0.0,-0.026570312499999887,2.344145e-08
115.556,0.0,-0.026820312499999888,2.34744e-08
115.556,0.0,-0.027070312499999888,2.340695e-08
115.556,0.0,-0.027320312499999885,2.34286e-08
115.556,0.0,-0.027570312499999885,2.34149e-08
115.556,0.0,-0.027820312499999885,2.349975e-08
115.556,0.0,-0.028070312499999885,2.342215e-08
115.556,0.0,-0.028320312499999886,2.34577e-08
115.556,0.0,-0.028570312499999886,2.351255e-08
115.556,0.0,-0.028820312499999886,2.35437e-08
115.556,0.0,-0.029070312499999886,2.346465e-08
115.556,0.0,-0.029320312499999886,2.342975e-08
115.556,0.0,-0.029570312499999887,2.33133e-08
115.556,0.0,-0.029820312499999887,2.33442e-08
115.556,0.0,-0.030070312499999887,2.33808e-08
115.556,0.0,-0.030320312499999887,2.33348e-08
115.556,0.0,-0.030570312499999888,2.33309e-08
115.556,0.0,-0.030820312499999888,2.33675e-08
115.556,0.0,-0.031070312499999888,2.34782e-08
115.556,0.0,-0.031320312499999885,2.348555e-08
115.556,0.0,-0.031570312499999885,2.34052e-08
115.556,0.0,-0.031820312499999885,2.354955e-08
115.556,0.0,-0.032070312499999885,2.35108e-08
115.556,0.0,-0.032320312499999886,2.351405e-08
115.556,0.0,-0.032570312499999886,2.34718e-08
115.556,0.0,-0.032820312499999886,2.34919e-08
115.556,0.0,-0.033070312499999886,2.351985e-08
115.556,0.0,-0.033320312499999886,2.365905e-08
115.556,0.0,-0.03357031249999989,2.35819e-08
115.556,0.0,-0.03382031249999989,2.361145e-08
115.556,0.0,-0.03407031249999989,2.365255e-08
115.556,0.0,-0.03432031249999989,2.36302e-08
115.556,0.0,-0.03457031249999989,2.36824e-08
115.556,0.0,-0.03482031249999989,2.358035e-08
115.556,0.0,-0.03507031249999989,2.358115e-08
115.556,0.0,-0.03532031249999989,2.36611e-08
115.556,0.0,-0.03557031249999989,2.364535e-08
115.556,0.0,-0.03582031249999989,2.35822e-08
115.556,0.0,-0.03607031249999989,2.356215e-08
115.556,0.0,-0.03632031249999989,2.36363e-08
115.556,0.0,-0.03657031249999989,2.36553e-08
115.556,0.0,-0.03682031249999989,2.35983e-08
115.556,0.0,-0.03707031249999988,2.3612e-08
115.556,0.0,-0.03732031249999988,2.368655e-08
115.556,0.0,-0.03757031249999988,2.35464e-08
115.556,0.0,-0.037820312499999884,2.36154e-08
115.556,0.0,-0.038070312499999884,2.3639200000000002e-08
115.556,0.0,-0.038320312499999884,2.3625e-08
115.556,0.0,-0.038570312499999884,2.35411e-08
115.556,0.0,-0.038820312499999884,2.37101e-08
115.556,0.0,-0.039070312499999885,2.3694e-08
115.556,0.0,-0.039320312499999885,2.361255e-08
115.556,0.0,-0.039570312499999885,2.37232e-08
115.556,0.0,-0.039820312499999885,2.371255e-08
115.556,0.0,-0.040070312499999886,2.363895e-08
115.556,0.0,-0.040320312499999886,2.3643e-08
115.556,0.0,-0.040570312499999886,2.37141e-08
115.556,0.0,-0.040820312499999886,2.37335e-08
115.556,0.0,-0.041070312499999886,2.37168e-08
115.556,0.0,-0.04132031249999989,2.377545e-08
115.556,0.0,-0.04157031249999989,2.37389e-08
115.556,0.0,-0.04182031249999989,2.365935e-08
115.556,0.0,-0.04207031249999989,2.375925e-08
115.556,0.0,-0.04232031249999989,2.36901e-08
115.556,0.0,-0.04257031249999989,2.372955e-08
115.556,0.0,-0.04282031249999989,2.365495e-08
115.556,0.0,-0.04307031249999989,2.364965e-08
115.556,0.0,-0.04332031249999989,2.365235e-08
115.556,0.0,-0.04357031249999989,2.36596e-08
115.556,0.0,-0.04382031249999989,2.37429e-08
115.556,0.0,-0.04407031249999989,2.371505e-08
115.556,0.0,-0.04432031249999989,2.37007e-08
115.556,0.0,-0.04457031249999989,2.37471e-08
115.556,0.0,-0.04482031249999989,2.371795e-08
115.556,0.0,-0.04507031249999988,2.3751733333333333e-08
115.556,0.0,-0.04532031249999988,2.36194e-08
115.556,0.0,-0.045570312499999883,2.37647e-08
115.556,0.0,-0.045820312499999884,2.377045e-08
115.556,0.0,-0.046070312499999884,2.3795850000000002e-08
115.556,0.0,-0.046320312499999884,2.3868300000000002e-08
115.556,0.0,-0.046570312499999884,2.37994e-08
115.556,0.0,-0.046820312499999885,2.38314e-08
115.556,0.0,-0.047070312499999885,2.370815e-08
115.556,0.0,-0.047320312499999885,2.392225e-08
115.556,0.0,-0.047570312499999885,2.37177e-08
115.556,0.0,-0.047820312499999885,2.364635e-08
115.556,0.0,-0.048070312499999886,2.36671e-08
115.556,0.0,-0.048320312499999886,2.35348e-08
115.556,0.0,-0.048570312499999886,2.36178e-08
115.556,0.0,-0.048820312499999886,2.366155e-08
115.556,0.0,-0.04907031249999989,2.3675e-08
115.556,0.0,-0.04932031249999989,2.37529e-08
115.556,0.0,-0.04957031249999989,2.36491e-08
115.556,0.0,-0.04982031249999989,2.38351e-08
115.556,0.0,-0.05007031249999989,2.39242e-08
115.556,0.0,-0.05032031249999989,2.38256e-08
115.556,0.0,-0.05057031249999989,2.38381e-08
115.556,0.0,-0.05082031249999989,2.391305e-08
115.556,0.0,-0.05107031249999989,2.39101e-08
115.556,0.0,-0.05132031249999989,2.391185e-08
115.556,0.0,-0.05157031249999989,2.393e-08
115.556,0.0,-0.05182031249999989,2.38997e-08
115.556,0.0,-0.05207031249999989,2.383465e-08
115.556,0.0,-0.05232031249999989,2.37886e-08
115.556,0.0,-0.05257031249999989,2.379435e-08
115.556,0.0,-0.05282031249999988,2.385225e-08
115.556,0.0,-0.05307031249999988,2.38497e-08
115.556,0.0,-0.05332031249999988,2.3864750000000002e-08
115.556,0.0,-0.053570312499999884,2.38196e-08
115.556,0.0,-0.053820312499999884,2.3819100000000002e-08
115.556,0.0,-0.054070312499999884,2.3703700000000002e-08
115.556,0.0,-0.054320312499999884,2.37025e-08
115.556,0.0,-0.054570312499999885,2.366895e-08
115.556,0.0,-0.054820312499999885,2.350455e-08
115.556,0.0,-0.055070312499999885,2.36057e-08
115.556,0.0,-0.055320312499999885,2.35335e-08
115.556,0.0,-0.055570312499999885,2.34433e-08
115.556,0.0,-0.055820312499999886,2.34073e-08
115.556,0.0,-0.056070312499999886,2.345165e-08
115.556,0.0,-0.056320312499999886,2.34284e-08
115.556,0.0,-0.056570312499999886,2.33995e-08
115.556,0.0,-0.05682031249999989,2.342355e-08
115.556,0.0,-0.05707031249999989,2.35878e-08
115.556,0.0,-0.05732031249999989,2.34286e-08
115.556,0.0,-0.05757031249999989,2.36384e-08
115.556,0.0,-0.05782031249999989,2.35397e-08
115.556,0.0,-0.05807031249999989,2.360175e-08
115.556,0.0,-0.05832031249999989,2.36945e-08
115.556,0.0,-0.05857031249999989,2.356665e-08
115.556,0.0,-0.05882031249999989,2.335425e-08
115.556,0.0,-0.05907031249999989,2.345865e-08
115.556,0.0,-0.05932031249999989,2.32844e-08
115.556,0.0,-0.05957031249999989,2.342425e-08
115.556,0.0,-0.05982031249999989,2.33717e-08
115.556,0.0,-0.06007031249999989,2.337345e-08
115.556,0.0,-0.06032031249999989,2.3441e-08
115.556,0.0,-0.06057031249999988,2.34967e-08
115.556,0.0,-0.06082031249999988,2.35893e-08
115.556,0.0,-0.06107031249999988,2.375045e-08
115.556,0.0,-0.061320312499999884,2.37552e-08
115.556,0.0,-0.061570312499999884,2.389305e-08
115.556,0.0,-0.061820312499999884,2.404835e-08
115.556,0.0,-0.062070312499999884,2.424295e-08
115.556,0.0,-0.062320312499999884,2.42299e-08
115.556,0.0,-0.06257031249999989,2.4305466666666666e-08
115.556,0.0,-0.06282031249999989,2.44098e-08
115.556,0.0,-0.06307031249999989,2.446245e-08
115.556,0.0,-0.06332031249999989,2.443835e-08
115.556,0.0,-0.06357031249999989,2.44221e-08
115.556,0.0,-0.06382031249999989,2.45129e-08
115.556,0.0,-0.06407031249999989,2.443925e-08
115.556,0.0,-0.0643203124999999,2.4355e-08
115.556,0.0,-0.06457031249999988,2.443905e-08
115.556,0.0,-0.06482031249999988,2.44056e-08
115.556,0.0,-0.06507031249999988,2.4482150000000002e-08
115.556,0.0,-0.06532031249999988,2.44113e-08
115.556,0.0,-0.06557031249999988,2.448405e-08
115.556,0.0,-0.06582031249999988,2.439725e-08
115.556,0.0,-0.06607031249999988,2.45323e-08
115.556,0.0,-0.06632031249999988,2.446595e-08
115.556,0.0,-0.06657031249999988,2.44764e-08
115.556,0.0,-0.06682031249999988,2.44739e-08
115.556,0.0,-0.06707031249999988,2.45145e-08
115.556,0.0,-0.06732031249999988,2.45363e-08
115.556,0.0,-0.06757031249999988,2.45165e-08
115.556,0.0,-0.06782031249999988,2.44593e-08
115.556,0.0,-0.06807031249999988,2.45307e-08
115.556,0.0,-0.06832031249999988,2.44827e-08
115.556,0.0,-0.06857031249999988,2.451525e-08
115.556,0.0,-0.06882031249999988,2.443445e-08
115.556,0.0,-0.06907031249999988,2.45814e-08
115.556,0.0,-0.06932031249999988,2.453313333333333e-08
115.556,0.0,-0.06957031249999988,2.4547500000000002e-08
115.556,0.0,-0.06982031249999988,2.450525e-08
115.556,0.0,-0.07007031249999988,2.45726e-08
115.556,0.0,-0.07032031249999988,2.4527550000000002e-08
115.556,0.0,-0.07057031249999988,2.46108e-08
115.556,0.0,-0.07082031249999989,2.45982e-08
115.556,0.0,-0.07107031249999989,2.48172e-08
115.556,0.0,-0.07132031249999989,2.46996e-08
115.556,0.0,-0.07157031249999989,2.4805366666666668e-08
115.556,0.0,-0.07182031249999989,2.478155e-08
115.556,0.0,-0.07207031249999989,2.47675e-08
115.556,0.0,-0.07232031249999989,2.48697e-08
115.556,0.0,-0.07257031249999989,2.48463e-08
115.556,0.0,-0.07282031249999989,2.49218e-08
115.556,0.0,-0.07307031249999989,2.49051e-08
115.556,0.0,-0.07332031249999989,2.489055e-08
115.556,0.0,-0.07357031249999989,2.491165e-08
115.556,0.0,-0.07382031249999989,2.486335e-08
115.556,0.0,-0.07407031249999989,2.48618e-08
115.556,0.0,-0.07432031249999989,2.493335e-08
115.556,0.0,-0.07457031249999989,2.487995e-08
115.556,0.0,-0.07482031249999989,2.49027e-08
115.556,0.0,-0.07507031249999989,2.4921e-08
115.556,0.0,-0.07532031249999989,2.50028e-08
115.556,0.0,-0.07557031249999989,2.4983550000000006e-08
115.556,0.0,-0.07582031249999989,2.505045e-08
115.556,0.0,-0.07607031249999989,2.5043500000000002e-08
115.556,0.0,-0.07632031249999989,2.51105e-08
115.556,0.0,-0.07657031249999989,2.518775e-08
115.556,0.0,-0.07682031249999989,2.5218e-08
115.556,0.0,-0.07707031249999989,2.52666e-08
115.556,0.0,-0.07732031249999989,2.5292e-08
115.556,0.0,-0.07757031249999989,2.536895e-08
115.556,0.0,-0.07782031249999989,2.54307e-08
115.556,0.0,-0.07807031249999989,2.54575e-08
115.556,0.0,-0.07832031249999989,2.560425e-08
115.556,0.0,-0.07857031249999989,2.5648666666666668e-08
115.556,0.0,-0.07882031249999989,2.572715e-08
115.556,0.0,-0.07907031249999989,2.57639e-08
115.556,0.0,-0.07932031249999989,2.582125e-08
115.556,0.0,-0.07957031249999989,2.5989000000000002e-08
115.556,0.0,-0.0798203124999999,2.610725e-08
115.556,0.0,-0.08007031249999988,2.61445e-08
115.556,0.0,-0.08032031249999988,2.626855e-08
115.556,0.0,-0.08057031249999988,2.621515e-08
115.556,0.0,-0.08082031249999988,2.6197900000000002e-08
115.556,0.0,-0.08107031249999988,2.62069e-08
115.556,0.0,-0.08132031249999988,2.61069e-08
115.556,0.0,-0.08157031249999988,2.6257250000000002e-08
115.556,0.0,-0.08182031249999988,2.631445e-08
115.556,0.0,-0.08207031249999988,2.63665e-08
115.556,0.0,-0.08232031249999988,2.63645e-08
115.556,0.0,-0.08257031249999988,2.649215e-08
115.556,0.0,-0.08282031249999988,2.65163e-08
115.556,0.0,-0.08307031249999988,2.65987e-08
115.556,0.0,-0.08332031249999988,2.66256e-08
115.556,0.0,-0.08357031249999988,2.67943e-08
115.556,0.0,-0.08382031249999988,2.67685e-08
115.556,0.0,-0.08407031249999988,2.693075e-08
115.556,0.0,-0.08432031249999988,2.69623e-08
115.556,0.0,-0.08457031249999988,2.708685e-08
115.556,0.0,-0.08482031249999988,2.703675e-08
115.556,0.0,-0.08507031249999988,2.70226e-08
115.556,0.0,-0.08532031249999988,2.7003e-08
115.556,0.0,-0.08557031249999988,2.7068733333333336e-08
115.556,0.0,-0.08582031249999988,2.70965e-08
115.556,0.0,-0.08607031249999988,2.6921650000000002e-08
115.556,0.0,-0.08632031249999988,2.69116e-08
115.556,0.0,-0.08657031249999989,2.689735e-08
115.556,0.0,-0.08682031249999989,2.69847e-08
115.556,0.0,-0.08707031249999989,2.68776e-08
115.556,0.0,-0.08732031249999989,2.703235e-08
115.556,0.0,-0.08757031249999989,2.71523e-08
115.556,0.0,-0.08782031249999989,2.72158e-08
115.556,0.0,-0.08807031249999989,2.746105e-08
115.556,0.0,-0.08832031249999989,2.751105e-08
115.556,0.0,-0.08857031249999989,2.76122e-08
115.556,0.0,-0.08882031249999989,2.76657e-08
115.556,0.0,-0.08907031249999989,2.7768e-08
115.556,0.0,-0.08932031249999989,2.793715e-08
115.556,0.0,-0.08957031249999989,2.78739e-08
115.556,0.0,-0.08982031249999989,2.786865e-08
115.556,0.0,-0.09007031249999989,2.786395e-08
115.556,0.0,-0.09032031249999989,2.798775e-08
115.556,0.0,-0.09057031249999989,2.7905e-08
115.556,0.0,-0.09082031249999989,2.79842e-08
115.556,0.0,-0.09107031249999989,2.80995e-08
115.556,0.0,-0.09132031249999989,2.81915e-08
115.556,0.0,-0.09157031249999989,2.827745e-08
115.556,0.0,-0.09182031249999989,2.847285e-08
115.556,0.0,-0.09207031249999989,2.861715e-08
115.556,0.0,-0.09232031249999989,2.8762e-08
115.556,0.0,-0.09257031249999989,2.89134e-08
115.556,0.0,-0.09282031249999989,2.89609e-08
115.556,0.0,-0.09307031249999989,2.92185e-08
115.556,0.0,-0.09332031249999989,2.935745e-08
115.556,0.0,-0.09357031249999989,2.952335e-08
115.556,0.0,-0.09382031249999989,2.96049e-08
115.556,0.0,-0.09407031249999989,2.96606e-08
115.556,0.0,-0.09432031249999989,2.9748266666666673e-08
115.556,0.0,-0.09457031249999989,2.981345e-08
115.556,0.0,-0.09482031249999989,3.00272e-08
115.556,0.0,-0.09507031249999989,3.004005e-08
115.556,0.0,-0.09532031249999989,3.01051e-08
115.556,0.0,-0.0955703124999999,3.0286600000000003e-08
115.556,0.0,-0.09582031249999988,3.03145e-08
115.556,0.0,-0.09607031249999988,3.029885e-08
115.556,0.0,-0.09632031249999988,3.0366400000000004e-08
115.556,0.0,-0.09657031249999988,3.036795e-08
115.556,0.0,-0.09682031249999988,3.032e-08
115.556,0.0,-0.09707031249999988,3.024025e-08
115.556,0.0,-0.09732031249999988,3.022655e-08
115.556,0.0,-0.09757031249999988,3.010285e-08
115.556,0.0,-0.09782031249999988,2.99944e-08
115.556,0.0,-0.09807031249999988,2.99276e-08
115.556,0.0,-0.09832031249999988,2.9878549999999995e-08
115.556,0.0,-0.09857031249999988,2.974895e-08
115.556,0.0,-0.09882031249999988,2.95489e-08
115.556,0.0,-0.09907031249999988,2.93958e-08
115.556,0.0,-0.09932031249999988,2.9327000000000002e-08
115.556,0.0,-0.09957031249999988,2.904115e-08
115.556,0.0,-0.09982031249999988,2.88902e-08
115.556,0.0,-0.10007031249999988,2.8695050000000006e-08
115.556,0.0,-0.10032031249999988,2.84536e-08
115.556,0.0,-0.10057031249999988,2.8219600000000002e-08
115.556,0.0,-0.10082031249999988,2.792005e-08
115.556,0.0,-0.10107031249999988,2.755895e-08
115.556,0.0,-0.10132031249999988,2.72108e-08
115.556,0.0,-0.10157031249999988,2.69837e-08
115.556,0.0,-0.10182031249999988,2.64338e-08
115.556,0.0,-0.10207031249999989,2.6034e-08
115.556,0.0,-0.10232031249999989,2.5437e-08
115.556,0.0,-0.10257031249999989,2.4766e-08
115.556,0.0,-0.10282031249999989,2.42046e-08
115.556,0.0,-0.10307031249999989,2.36831e-08
115.556,0.0,-0.10332031249999989,2.29656e-08
115.556,0.0,-0.10357031249999989,2.21281e-08
115.556,0.0,-0.10382031249999989,2.122125e-08
125.056,0.0,0.9309296875000002,2.69519e-09
125.056,0.0,0.9306796875000001,2.8095866666666667e-09
125.056,0.0,0.9304296875000001,2.824095e-09
125.056,0.0,0.9301796875000001,2.908265e-09
125.056,0.0,0.9299296875000002,2.991695e-09
125.056,0.0,0.9296796875000001,2.978825e-09
125.056,0.0,0.9294296875000001,3.13979e-09
125.056,0.0,0.9291796875000001,3.059225e-09
125.056,0.0,0.9289296875000002,3.210323333333333e-09
125.056,0.0,0.9286796875000001,3.4751e-09
125.056,0.0,0.9284296875000001,3.28679e-09
125.056,0.0,0.9281796875000001,3.3005e-09
125.056,0.0,0.9279296875000002,3.144775e-09
125.056,0.0,0.9276796875000001,3.45471e-09
125.056,0.0,0.9274296875000001,3.41794e-09
125.056,0.0,0.9271796875000001,3.45211e-09
125.056,0.0,0.9269296875000002,3.63903e-09
125.056,0.0,0.9266796875000001,4.133625e-09
125.056,0.0,0.9264296875000001,5.35362e-09
125.056,0.0,0.9261796875000001,6.22452e-09
125.056,0.0,0.9259296875000002,6.956125e-09
125.056,0.0,0.9256796875000001,7.31562e-09
125.056,0.0,0.9254296875000001,7.56267e-09
125.056,0.0,0.9251796875000001,7.983305e-09
125.056,0.0,0.9249296875000002,8.718905e-09
125.056,0.0,0.9246796875000001,9.04984e-09
125.056,0.0,0.9244296875000001,9.047295e-09
125.056,0.0,0.9241796875000001,9.381915e-09
125.056,0.0,0.9239296875000002,9.637485e-09
125.056,0.0,0.9236796875000001,1.044605e-08
125.056,0.0,0.9234296875000001,1.12531e-08
125.056,0.0,0.9231796875000001,1.17609e-08
125.056,0.0,0.9229296875000002,1.252255e-08
125.056,0.0,0.9226796875000001,1.34168e-08
125.056,0.0,0.9224296875000001,1.40182e-08
125.056,0.0,0.9221796875000001,1.45662e-08
125.056,0.0,0.9219296875000002,1.5375166666666668e-08
125.056,0.0,0.9216796875000001,1.61123e-08
125.056,0.0,0.9214296875000001,1.67403e-08
125.056,0.0,0.9211796875000001,1.741865e-08
125.056,0.0,0.9209296875000001,1.790795e-08
125.056,0.0,0.9206796875000001,1.877515e-08
125.056,0.0,0.9204296875000001,1.95086e-08
125.056,0.0,0.9201796875000001,1.97097e-08
125.056,0.0,0.9199296875000001,2.024655e-08
125.056,0.0,0.9196796875000001,2.07779e-08
125.056,0.0,0.9194296875000001,2.12192e-08
125.056,0.0,0.9191796875000001,2.159225e-08
125.056,0.0,0.9189296875000001,2.19834e-08
125.056,0.0,0.9186796875000001,2.22619e-08
125.056,0.0,0.9184296875000001,2.276445e-08
125.056,0.0,0.9181796875000001,2.30542e-08
125.056,0.0,0.9179296875000001,2.31887e-08
125.056,0.0,0.9176796875000001,2.349355e-08
125.056,0.0,0.9174296875000001,2.369385e-08
125.056,0.0,0.9171796875000001,2.371855e-08
125.056,0.0,0.9169296875000001,2.381155e-08
125.056,0.0,0.9166796875000001,2.37168e-08
125.056,0.0,0.9164296875000001,2.37006e-08
125.056,0.0,0.9161796875000001,2.37555e-08
125.056,0.0,0.9159296875000001,2.378665e-08
125.056,0.0,0.9156796875000001,2.38557e-08
125.056,0.0,0.9154296875000001,2.377915e-08
125.056,0.0,0.9151796875000001,2.37233e-08
125.056,0.0,0.9149296875000001,2.3593866666666664e-08
125.056,0.0,0.9146796875000001,2.34564e-08
125.056,0.0,0.9144296875000001,2.34993e-08
125.056,0.0,0.9141796875000001,2.35442e-08
125.056,0.0,0.9139296875000001,2.36049e-08
125.056,0.0,0.9136796875000001,2.38472e-08
125.056,0.0,0.9134296875000001,2.412215e-08
125.056,0.0,0.9131796875000001,2.420715e-08
125.056,0.0,0.9129296875000001,2.42652e-08
125.056,0.0,0.9126796875000001,2.438305e-08
125.056,0.0,0.9124296875000001,2.4432850000000003e-08
125.056,0.0,0.9121796875000001,2.44926e-08
125.056,0.0,0.9119296875000001,2.451625e-08
125.056,0.0,0.9116796875000002,2.45066e-08
125.056,0.0,0.9114296875000001,2.4512250000000002e-08
125.056,0.0,0.9111796875000001,2.45547e-08
125.056,0.0,0.9109296875000001,2.445445e-08
125.056,0.0,0.9106796875000002,2.4355850000000002e-08
125.056,0.0,0.9104296875000001,2.439435e-08
125.056,0.0,0.9101796875000001,2.434605e-08
125.056,0.0,0.9099296875000001,2.432165e-08
125.056,0.0,0.9096796875000002,2.40817e-08
125.056,0.0,0.9094296875000001,2.412425e-08
125.056,0.0,0.9091796875000001,2.3963e-08
125.056,0.0,0.9089296875000001,2.38774e-08
125.056,0.0,0.9086796875000002,2.37686e-08
125.056,0.0,0.9084296875000001,2.37727e-08
125.056,0.0,0.9081796875000001,2.3646300000000002e-08
125.056,0.0,0.9079296875000001,2.358935e-08
125.056,0.0,0.9076796875000002,2.35762e-08
125.056,0.0,0.9074296875000001,2.345705e-08
125.056,0.0,0.9071796875000001,2.34694e-08
125.056,0.0,0.9069296875000001,2.34715e-08
125.056,0.0,0.9066796875000002,2.3501e-08
125.056,0.0,0.9064296875000001,2.339425e-08
125.056,0.0,0.9061796875000001,2.341493333333333e-08
125.056,0.0,0.9059296875000001,2.332225e-08
125.056,0.0,0.9056796875000002,2.31184e-08
125.056,0.0,0.9054296875000001,2.33137e-08
125.056,0.0,0.9051796875000001,2.321585e-08
125.056,0.0,0.9049296875000001,2.32313e-08
125.056,0.0,0.9046796875000002,2.3233e-08
125.056,0.0,0.9044296875000001,2.30969e-08
125.056,0.0,0.9041796875000001,2.309935e-08
125.056,0.0,0.9039296875000001,2.3019250000000003e-08
125.056,0.0,0.9036796875000002,2.29924e-08
125.056,0.0,0.9034296875000001,2.28787e-08
125.056,0.0,0.9031796875000001,2.2835300000000002e-08
125.056,0.0,0.9029296875000001,2.2838e-08
125.056,0.0,0.9026796875000002,2.26305e-08
125.056,0.0,0.9024296875000001,2.269915e-08
125.056,0.0,0.9021796875000001,2.26603e-08
125.056,0.0,0.9019296875000001,2.272885e-08
125.056,0.0,0.9016796875000002,2.25095e-08
125.056,0.0,0.9014296875000001,2.26396e-08
125.056,0.0,0.9011796875000001,2.254935e-08
125.056,0.0,0.9009296875000001,2.25338e-08
125.056,0.0,0.9006796875000002,2.25314e-08
125.056,0.0,0.9004296875000001,2.24784e-08
125.056,0.0,0.9001796875000001,2.24672e-08
125.056,0.0,0.8999296875000001,2.23803e-08
125.056,0.0,0.8996796875000002,2.231925e-08
125.056,0.0,0.8994296875000001,2.23192e-08
125.056,0.0,0.8991796875000001,2.231525e-08
125.056,0.0,0.8989296875000001,2.2332e-08
125.056,0.0,0.8986796875000002,2.21382e-08
125.056,0.0,0.8984296875000001,2.21537e-08
125.056,0.0,0.8981796875000001,2.227195e-08
125.056,0.0,0.8979296875000001,2.21022e-08
125.056,0.0,0.8976796875000002,2.197585e-08
125.056,0.0,0.8974296875000001,2.201015e-08
125.056,0.0,0.8971796875000001,2.19848e-08
125.056,0.0,0.8969296875000001,2.18175e-08
125.056,0.0,0.8966796875000002,2.187075e-08
125.056,0.0,0.8964296875000001,2.17239e-08
125.056,0.0,0.8961796875000001,2.180555e-08
125.056,0.0,0.8959296875000001,2.17638e-08
125.056,0.0,0.8956796875000002,2.17155e-08
125.056,0.0,0.8954296875000001,2.156945e-08
125.056,0.0,0.8951796875000001,2.165115e-08
125.056,0.0,0.8949296875000001,2.16912e-08
125.056,0.0,0.8946796875000002,2.154265e-08
125.056,0.0,0.8944296875000001,2.1549e-08
125.056,0.0,0.8941796875000001,2.155725e-08
125.056,0.0,0.8939296875000001,2.14903e-08
125.056,0.0,0.8936796875000002,2.1378e-08
125.056,0.0,0.8934296875000001,2.14666e-08
125.056,0.0,0.8931796875000001,2.148065e-08
125.056,0.0,0.8929296875000001,2.13349e-08
125.056,0.0,0.8926796875000002,2.1231e-08
125.056,0.0,0.8924296875000001,2.119225e-08
125.056,0.0,0.8921796875000001,2.10106e-08
125.056,0.0,0.8919296875000001,2.10956e-08
125.056,0.0,0.8916796875000002,2.094465e-08
125.056,0.0,0.8914296875000001,2.0975750000000002e-08
125.056,0.0,0.8911796875000001,2.087655e-08
125.056,0.0,0.8909296875000001,2.08678e-08
125.056,0.0,0.8906796875000002,2.084073333333333e-08
125.056,0.0,0.8904296875000001,2.083545e-08
125.056,0.0,0.8901796875000001,2.082845e-08
125.056,0.0,0.8899296875000001,2.07585e-08
125.056,0.0,0.8896796875000001,2.075565e-08
125.056,0.0,0.8894296875000001,2.07025e-08
125.056,0.0,0.8891796875000001,2.063395e-08
125.056,0.0,0.8889296875000001,2.05796e-08
125.056,0.0,0.8886796875000001,2.04952e-08
125.056,0.0,0.8884296875000001,2.0528166666666665e-08
125.056,0.0,0.8881796875000001,2.04526e-08
125.056,0.0,0.8879296875000001,2.04398e-08
125.056,0.0,0.8876796875000001,2.037435e-08
125.056,0.0,0.8874296875000001,2.0402650000000002e-08
125.056,0.0,0.8871796875000001,2.02767e-08
125.056,0.0,0.8869296875000001,2.03286e-08
125.056,0.0,0.8866796875000001,2.024655e-08
125.056,0.0,0.8864296875000001,2.02305e-08
125.056,0.0,0.8861796875000001,2.031075e-08
125.056,0.0,0.8859296875000001,2.007395e-08
125.056,0.0,0.8856796875000001,2.0111650000000006e-08
125.056,0.0,0.8854296875000001,2.00554e-08
125.056,0.0,0.8851796875000001,1.997595e-08
125.056,0.0,0.8849296875000001,1.99884e-08
125.056,0.0,0.8846796875000001,1.983125e-08
125.056,0.0,0.8844296875000001,1.9929900000000002e-08
125.056,0.0,0.8841796875000001,1.9752e-08
125.056,0.0,0.8839296875000001,1.974585e-08
125.056,0.0,0.8836796875000001,1.979245e-08
125.056,0.0,0.8834296875000001,1.972605e-08
125.056,0.0,0.8831796875000001,1.968e-08
125.056,0.0,0.8829296875000001,1.965125e-08
125.056,0.0,0.8826796875000001,1.95578e-08
125.056,0.0,0.8824296875000001,1.95718e-08
125.056,0.0,0.8821796875000001,1.95577e-08
125.056,0.0,0.8819296875000001,1.95691e-08
125.056,0.0,0.8816796875000001,1.95522e-08
125.056,0.0,0.8814296875000001,1.958245e-08
125.056,0.0,0.8811796875000001,1.95095e-08
125.056,0.0,0.8809296875000001,1.935785e-08
125.056,0.0,0.8806796875000001,1.933845e-08
125.056,0.0,0.8804296875000002,1.93216e-08
125.056,0.0,0.8801796875000001,1.92876e-08
125.056,0.0,0.8799296875000001,1.921625e-08
125.056,0.0,0.8796796875000001,1.91331e-08
125.056,0.0,0.8794296875000002,1.92183e-08
125.056,0.0,0.8791796875000001,1.911285e-08
125.056,0.0,0.8789296875000001,1.9095400000000002e-08
125.056,0.0,0.8786796875000001,1.90868e-08
125.056,0.0,0.8784296875000002,1.906225e-08
125.056,0.0,0.8781796875000001,1.91268e-08
125.056,0.0,0.8779296875000001,1.90764e-08
125.056,0.0,0.8776796875000001,1.90448e-08
125.056,0.0,0.8774296875000002,1.9029e-08
125.056,0.0,0.8771796875000001,1.89348e-08
125.056,0.0,0.8769296875000001,1.890125e-08
125.056,0.0,0.8766796875000001,1.89421e-08
125.056,0.0,0.8764296875000002,1.89099e-08
125.056,0.0,0.8761796875000001,1.87658e-08
125.056,0.0,0.8759296875000001,1.872405e-08
125.056,0.0,0.8756796875000001,1.87249e-08
125.056,0.0,0.8754296875000002,1.877985e-08
125.056,0.0,0.8751796875000001,1.85748e-08
125.056,0.0,0.8749296875000001,1.855395e-08
125.056,0.0,0.8746796875000001,1.852545e-08
125.056,0.0,0.8744296875000002,1.854633333333333e-08
125.056,0.0,0.8741796875000001,1.84845e-08
125.056,0.0,0.8739296875000001,1.84373e-08
125.056,0.0,0.8736796875000001,1.836905e-08
125.056,0.0,0.8734296875000002,1.838405e-08
125.056,0.0,0.8731796875000001,1.84196e-08
125.056,0.0,0.8729296875000001,1.84633e-08
125.056,0.0,0.8726796875000001,1.84903e-08
125.056,0.0,0.8724296875000002,1.8522e-08
125.056,0.0,0.8721796875000001,1.848735e-08
125.056,0.0,0.8719296875000001,1.839425e-08
125.056,0.0,0.8716796875000001,1.84435e-08
125.056,0.0,0.8714296875000002,1.839525e-08
125.056,0.0,0.8711796875000001,1.83445e-08
125.056,0.0,0.8709296875000001,1.83199e-08
125.056,0.0,0.8706796875000001,1.83284e-08
125.056,0.0,0.8704296875000002,1.813075e-08
125.056,0.0,0.8701796875000001,1.811115e-08
125.056,0.0,0.8699296875000001,1.81251e-08
125.056,0.0,0.8696796875000001,1.802075e-08
125.056,0.0,0.8694296875000002,1.810775e-08
125.056,0.0,0.8691796875000001,1.80085e-08
125.056,0.0,0.8689296875000001,1.80665e-08
125.056,0.0,0.8686796875000001,1.8034466666666666e-08
125.056,0.0,0.8684296875000002,1.8034e-08
125.056,0.0,0.8681796875000001,1.80172e-08
125.056,0.0,0.8679296875000001,1.7982250000000002e-08
125.056,0.0,0.8676796875000001,1.796e-08
125.056,0.0,0.8674296875000002,1.803795e-08
125.056,0.0,0.8671796875000001,1.79924e-08
125.056,0.0,0.8669296875000001,1.79365e-08
125.056,0.0,0.8666796875000001,1.790235e-08
125.056,0.0,0.8664296875000002,1.779735e-08
125.056,0.0,0.8661796875000001,1.780755e-08
125.056,0.0,0.8659296875000001,1.775755e-08
125.056,0.0,0.8656796875000001,1.765345e-08
125.056,0.0,0.8654296875000002,1.7662399999999998e-08
125.056,0.0,0.8651796875000001,1.75079e-08
125.056,0.0,0.8649296875000001,1.7528499999999997e-08
125.056,0.0,0.8646796875000001,1.7548300000000002e-08
125.056,0.0,0.8644296875000002,1.7483e-08
125.056,0.0,0.8641796875000001,1.7397e-08
125.056,0.0,0.8639296875000001,1.745375e-08
125.056,0.0,0.8636796875000001,1.73604e-08
125.056,0.0,0.8634296875000002,1.753e-08
125.056,0.0,0.8631796875000001,1.733005e-08
125.056,0.0,0.8629296875000001,1.731795e-08
125.056,0.0,0.8626796875000001,1.729665e-08
125.056,0.0,0.8624296875000002,1.7314450000000003e-08
125.056,0.0,0.8621796875000001,1.72954e-08
125.056,0.0,0.8619296875000001,1.7205166666666672e-08
125.056,0.0,0.8616796875000001,1.715915e-08
125.056,0.0,0.8614296875000002,1.71825e-08
125.056,0.0,0.8611796875000001,1.723795e-08
125.056,0.0,0.8609296875000001,1.729295e-08
125.056,0.0,0.8606796875000001,1.731025e-08
125.056,0.0,0.8604296875000002,1.70548e-08
125.056,0.0,0.8601796875000001,1.727705e-08
125.056,0.0,0.8599296875000001,1.73298e-08
125.056,0.0,0.8596796875000001,1.72997e-08
125.056,0.0,0.8594296875000002,1.72053e-08
125.056,0.0,0.8591796875000001,1.7317000000000002e-08
125.056,0.0,0.8589296875000001,1.7344449999999998e-08
125.056,0.0,0.8586796875000001,1.73783e-08
125.056,0.0,0.8584296875000001,1.72785e-08
125.056,0.0,0.8581796875000001,1.726945e-08
125.056,0.0,0.8579296875000001,1.7323149999999997e-08
125.056,0.0,0.8576796875000001,1.7282000000000002e-08
125.056,0.0,0.8574296875000001,1.7236e-08
125.056,0.0,0.8571796875000001,1.73155e-08
125.056,0.0,0.8569296875000001,1.729585e-08
125.056,0.0,0.8566796875000001,1.725945e-08
125.056,0.0,0.8564296875000001,1.7284e-08
125.056,0.0,0.8561796875000001,1.7158400000000002e-08
125.056,0.0,0.8559296875000001,1.729965e-08
125.056,0.0,0.8556796875000001,1.72041e-08
125.056,0.0,0.8554296875000001,1.72175e-08
125.056,0.0,0.8551796875000001,1.7306149999999998e-08
125.056,0.0,0.8549296875000001,1.72195e-08
125.056,0.0,0.8546796875000001,1.725115e-08
125.056,0.0,0.8544296875000001,1.71868e-08
125.056,0.0,0.8541796875000001,1.7261099999999997e-08
125.056,0.0,0.8539296875000001,1.7257199999999998e-08
125.056,0.0,0.8536796875000001,1.72815e-08
125.056,0.0,0.8534296875000001,1.73887e-08
125.056,0.0,0.8531796875000001,1.725345e-08
125.056,0.0,0.8529296875000001,1.737595e-08
125.056,0.0,0.8526796875000001,1.7258699999999996e-08
125.056,0.0,0.8524296875000001,1.72001e-08
125.056,0.0,0.8521796875000001,1.73603e-08
125.056,0.0,0.8519296875000001,1.73023e-08
125.056,0.0,0.8516796875000001,1.73639e-08
125.056,0.0,0.8514296875000001,1.73324e-08
125.056,0.0,0.8511796875000001,1.73592e-08
125.056,0.0,0.8509296875000001,1.71353e-08
125.056,0.0,0.8506796875000001,1.71814e-08
125.056,0.0,0.8504296875000001,1.72088e-08
125.056,0.0,0.8501796875000001,1.710225e-08
125.056,0.0,0.8499296875000001,1.7128300000000006e-08
125.056,0.0,0.8496796875000001,1.717695e-08
125.056,0.0,0.8494296875000001,1.69463e-08
125.056,0.0,0.8491796875000002,1.705685e-08
125.056,0.0,0.8489296875000001,1.68807e-08
125.056,0.0,0.8486796875000001,1.70187e-08
125.056,0.0,0.8484296875000001,1.70053e-08
125.056,0.0,0.8481796875000002,1.708585e-08
125.056,0.0,0.8479296875000001,1.70858e-08
125.056,0.0,0.8476796875000001,1.688775e-08
125.056,0.0,0.8474296875000001,1.70362e-08
125.056,0.0,0.8471796875000002,1.700985e-08
125.056,0.0,0.8469296875000001,1.7053e-08
125.056,0.0,0.8466796875000001,1.7044950000000002e-08
125.056,0.0,0.8464296875000001,1.691175e-08
125.056,0.0,0.8461796875000002,1.7006799999999997e-08
125.056,0.0,0.8459296875000001,1.6965449999999998e-08
125.056,0.0,0.8456796875000001,1.69207e-08
125.056,0.0,0.8454296875000001,1.690165e-08
125.056,0.0,0.8451796875000002,1.68736e-08
125.056,0.0,0.8449296875000001,1.6804649999999998e-08
125.056,0.0,0.8446796875000001,1.682095e-08
125.056,0.0,0.8444296875000001,1.68617e-08
125.056,0.0,0.8441796875000002,1.6783e-08
125.056,0.0,0.8439296875000001,1.68468e-08
125.056,0.0,0.8436796875000001,1.6691e-08
125.056,0.0,0.8434296875000001,1.6758350000000006e-08
125.056,0.0,0.8431796875000002,1.680895e-08
125.056,0.0,0.8429296875000001,1.6807099999999998e-08
125.056,0.0,0.8426796875000001,1.66993e-08
125.056,0.0,0.8424296875000001,1.67024e-08
125.056,0.0,0.8421796875000002,1.676725e-08
125.056,0.0,0.8419296875000001,1.671665e-08
125.056,0.0,0.8416796875000001,1.678185e-08
125.056,0.0,0.8414296875000001,1.680175e-08
125.056,0.0,0.8411796875000002,1.6686799999999998e-08
125.056,0.0,0.8409296875000001,1.674305e-08
125.056,0.0,0.8406796875000001,1.68389e-08
125.056,0.0,0.8404296875000001,1.674265e-08
125.056,0.0,0.8401796875000002,1.6775749999999997e-08
125.056,0.0,0.8399296875000001,1.674995e-08
125.056,0.0,0.8396796875000001,1.684725e-08
125.056,0.0,0.8394296875000001,1.6631599999999998e-08
125.056,0.0,0.8391796875000002,1.66974e-08
125.056,0.0,0.8389296875000001,1.6798899999999998e-08
125.056,0.0,0.8386796875000001,1.66531e-08
125.056,0.0,0.8384296875000001,1.6664e-08
125.056,0.0,0.8381796875000002,1.65526e-08
125.056,0.0,0.8379296875000001,1.6416300000000006e-08
125.056,0.0,0.8376796875000001,1.63807e-08
125.056,0.0,0.8374296875000001,1.644075e-08
125.056,0.0,0.8371796875000002,1.641855e-08
125.056,0.0,0.8369296875000001,1.6358933333333332e-08
125.056,0.0,0.8366796875000001,1.66951e-08
125.056,0.0,0.8364296875000001,1.645275e-08
125.056,0.0,0.8361796875000002,1.640375e-08
125.056,0.0,0.8359296875000001,1.6604e-08
125.056,0.0,0.8356796875000001,1.65654e-08
125.056,0.0,0.8354296875000001,1.6567e-08
125.056,0.0,0.8351796875000002,1.64635e-08
125.056,0.0,0.8349296875000001,1.6515e-08
125.056,0.0,0.8346796875000001,1.6609e-08
125.056,0.0,0.8344296875000001,1.65648e-08
125.056,0.0,0.8341796875000002,1.65816e-08
125.056,0.0,0.8339296875000001,1.65055e-08
125.056,0.0,0.8336796875000001,1.64012e-08
125.056,0.0,0.8334296875000001,1.6332100000000002e-08
125.056,0.0,0.8331796875000002,1.6322349999999998e-08
125.056,0.0,0.8329296875000001,1.61072e-08
125.056,0.0,0.8326796875000001,1.63938e-08
125.056,0.0,0.8324296875000001,1.619695e-08
125.056,0.0,0.8321796875000002,1.62717e-08
125.056,0.0,0.8319296875000001,1.6328949999999997e-08
125.056,0.0,0.8316796875000001,1.62023e-08
125.056,0.0,0.8314296875000001,1.60333e-08
125.056,0.0,0.8311796875000002,1.621335e-08
125.056,0.0,0.8309296875000001,1.62416e-08
125.056,0.0,0.8306796875000001,1.6266150000000003e-08
125.056,0.0,0.8304296875000001,1.618275e-08
125.056,0.0,0.8301796875000002,1.621855e-08
125.056,0.0,0.8299296875000001,1.6311699999999998e-08
125.056,0.0,0.8296796875000001,1.61302e-08
125.056,0.0,0.8294296875000001,1.62994e-08
125.056,0.0,0.8291796875000002,1.627965e-08
125.056,0.0,0.8289296875000001,1.6206e-08
125.056,0.0,0.8286796875000001,1.62881e-08
125.056,0.0,0.8284296875000001,1.609185e-08
125.056,0.0,0.8281796875000002,1.6197966666666668e-08
125.056,0.0,0.8279296875000001,1.62906e-08
125.056,0.0,0.8276796875000001,1.6363300000000002e-08
125.056,0.0,0.8274296875000001,1.63348e-08
125.056,0.0,0.8271796875000001,1.6324e-08
125.056,0.0,0.8269296875000001,1.6308649999999998e-08
125.056,0.0,0.8266796875000001,1.61958e-08
125.056,0.0,0.8264296875000001,1.62875e-08
125.056,0.0,0.8261796875000001,1.622265e-08
125.056,0.0,0.8259296875000001,1.63498e-08
125.056,0.0,0.8256796875000001,1.62119e-08
125.056,0.0,0.8254296875000001,1.6282650000000002e-08
125.056,0.0,0.8251796875000001,1.63092e-08
125.056,0.0,0.8249296875000001,1.62395e-08
125.056,0.0,0.8246796875000001,1.627765e-08
125.056,0.0,0.8244296875000001,1.62486e-08
125.056,0.0,0.8241796875000001,1.63187e-08
125.056,0.0,0.8239296875000001,1.6219299999999998e-08
125.056,0.0,0.8236796875000001,1.634455e-08
125.056,0.0,0.8234296875000001,1.621145e-08
125.056,0.0,0.8231796875000001,1.6239450000000002e-08
125.056,0.0,0.8229296875000001,1.62239e-08
125.056,0.0,0.8226796875000001,1.63079e-08
125.056,0.0,0.8224296875000001,1.6239700000000002e-08
125.056,0.0,0.8221796875000001,1.6286849999999997e-08
125.056,0.0,0.8219296875000001,1.62992e-08
125.056,0.0,0.8216796875000001,1.62236e-08
125.056,0.0,0.8214296875000001,1.6264e-08
125.056,0.0,0.8211796875000001,1.616475e-08
125.056,0.0,0.8209296875000001,1.61139e-08
125.056,0.0,0.8206796875000001,1.60679e-08
125.056,0.0,0.8204296875000001,1.604065e-08
125.056,0.0,0.8201796875000001,1.6112050000000002e-08
125.056,0.0,0.8199296875000001,1.60765e-08
125.056,0.0,0.8196796875000001,1.5969750000000003e-08
125.056,0.0,0.8194296875000001,1.6109850000000002e-08
125.056,0.0,0.8191796875000001,1.60145e-08
125.056,0.0,0.8189296875000001,1.6186749999999998e-08
125.056,0.0,0.8186796875000001,1.62021e-08
125.056,0.0,0.8184296875000001,1.61122e-08
125.056,0.0,0.8181796875000001,1.611465e-08
125.056,0.0,0.8179296875000002,1.61718e-08
125.056,0.0,0.8176796875000001,1.605005e-08
125.056,0.0,0.8174296875000001,1.59937e-08
125.056,0.0,0.8171796875000001,1.604225e-08
125.056,0.0,0.8169296875000002,1.600315e-08
125.056,0.0,0.8166796875000001,1.6096549999999997e-08
125.056,0.0,0.8164296875000001,1.60561e-08
125.056,0.0,0.8161796875000001,1.60494e-08
125.056,0.0,0.8159296875000002,1.61314e-08
125.056,0.0,0.8156796875000001,1.6049400000000002e-08
125.056,0.0,0.8154296875000001,1.6077800000000006e-08
125.056,0.0,0.8151796875000001,1.608755e-08
125.056,0.0,0.8149296875000002,1.61191e-08
125.056,0.0,0.8146796875000001,1.61707e-08
125.056,0.0,0.8144296875000001,1.6188066666666668e-08
125.056,0.0,0.8141796875000001,1.61205e-08
125.056,0.0,0.8139296875000002,1.63206e-08
125.056,0.0,0.8136796875000001,1.634135e-08
125.056,0.0,0.8134296875000001,1.6177949999999998e-08
125.056,0.0,0.8131796875000001,1.6281800000000002e-08
125.056,0.0,0.8129296875000002,1.61113e-08
125.056,0.0,0.8126796875000001,1.630055e-08
125.056,0.0,0.8124296875000001,1.6298800000000002e-08
125.056,0.0,0.8121796875000001,1.63123e-08
125.056,0.0,0.8119296875000002,1.61617e-08
125.056,0.0,0.8116796875000001,1.6206650000000002e-08
125.056,0.0,0.8114296875000001,1.615065e-08
125.056,0.0,0.8111796875000001,1.6249399999999997e-08
125.056,0.0,0.8109296875000002,1.62595e-08
125.056,0.0,0.8106796875000001,1.622675e-08
125.056,0.0,0.8104296875000001,1.62405e-08
125.056,0.0,0.8101796875000001,1.6249649999999998e-08
125.056,0.0,0.8099296875000002,1.628075e-08
125.056,0.0,0.8096796875000001,1.63299e-08
125.056,0.0,0.8094296875000001,1.63344e-08
125.056,0.0,0.8091796875000001,1.62817e-08
125.056,0.0,0.8089296875000002,1.63046e-08
125.056,0.0,0.8086796875000001,1.613525e-08
125.056,0.0,0.8084296875000001,1.6069149999999998e-08
125.056,0.0,0.8081796875000001,1.62766e-08
125.056,0.0,0.8079296875000002,1.618135e-08
125.056,0.0,0.8076796875000001,1.61851e-08
125.056,0.0,0.8074296875000001,1.616635e-08
125.056,0.0,0.8071796875000001,1.59825e-08
125.056,0.0,0.8069296875000002,1.604955e-08
125.056,0.0,0.8066796875000001,1.60826e-08
125.056,0.0,0.8064296875000001,1.61401e-08
125.056,0.0,0.8061796875000001,1.61457e-08
125.056,0.0,0.8059296875000002,1.61651e-08
125.056,0.0,0.8056796875000001,1.6258e-08
125.056,0.0,0.8054296875000001,1.61607e-08
125.056,0.0,0.8051796875000001,1.63592e-08
125.056,0.0,0.8049296875000002,1.623135e-08
125.056,0.0,0.8046796875000001,1.6173299999999998e-08
125.056,0.0,0.8044296875000001,1.62496e-08
125.056,0.0,0.8041796875000001,1.63597e-08
125.056,0.0,0.8039296875000002,1.623755e-08
125.056,0.0,0.8036796875000001,1.62435e-08
125.056,0.0,0.8034296875000001,1.62279e-08
125.056,0.0,0.8031796875000001,1.61486e-08
125.056,0.0,0.8029296875000002,1.603805e-08
125.056,0.0,0.8026796875000001,1.6090150000000002e-08
125.056,0.0,0.8024296875000001,1.616015e-08
125.056,0.0,0.8021796875000001,1.59847e-08
125.056,0.0,0.8019296875000002,1.6320100000000002e-08
125.056,0.0,0.8016796875000001,1.613845e-08
125.056,0.0,0.8014296875000001,1.61122e-08
125.056,0.0,0.8011796875000001,1.6126750000000002e-08
125.056,0.0,0.8009296875000002,1.61029e-08
125.056,0.0,0.8006796875000001,1.61725e-08
125.056,0.0,0.8004296875000001,1.61664e-08
125.056,0.0,0.8001796875000001,1.62607e-08
125.056,0.0,0.7999296875000002,1.6183400000000002e-08
125.056,0.0,0.7996796875000001,1.622955e-08
125.056,0.0,0.7994296875000001,1.624645e-08
125.056,0.0,0.7991796875000001,1.6151e-08
125.056,0.0,0.7989296875000002,1.6242533333333334e-08
125.056,0.0,0.7986796875000001,1.6068399999999997e-08
125.056,0.0,0.7984296875000001,1.62899e-08
125.056,0.0,0.7981796875000001,1.62388e-08
125.056,0.0,0.7979296875000002,1.6116499999999997e-08
125.056,0.0,0.7976796875000001,1.6162399999999998e-08
125.056,0.0,0.7974296875000001,1.6197999999999997e-08
125.056,0.0,0.7971796875000001,1.62446e-08
125.056,0.0,0.7969296875000002,1.6184799999999998e-08
125.056,0.0,0.7966796875000001,1.631975e-08
125.056,0.0,0.7964296875000001,1.63209e-08
125.056,0.0,0.7961796875000001,1.637035e-08
125.056,0.0,0.7959296875000001,1.63373e-08
125.056,0.0,0.7956796875000001,1.636565e-08
125.056,0.0,0.7954296875000001,1.6334050000000002e-08
125.056,0.0,0.7951796875000001,1.62942e-08
125.056,0.0,0.7949296875000001,1.6534799999999998e-08
125.056,0.0,0.7946796875000001,1.63286e-08
125.056,0.0,0.7944296875000001,1.640415e-08
125.056,0.0,0.7941796875000001,1.643035e-08
125.056,0.0,0.7939296875000001,1.640355e-08
125.056,0.0,0.7936796875000001,1.638515e-08
125.056,0.0,0.7934296875000001,1.6346650000000002e-08
125.056,0.0,0.7931796875000001,1.61586e-08
125.056,0.0,0.7929296875000001,1.6324549999999998e-08
125.056,0.0,0.7926796875000001,1.633325e-08
125.056,0.0,0.7924296875000001,1.624265e-08
125.056,0.0,0.7921796875000001,1.63328e-08
125.056,0.0,0.7919296875000001,1.619743333333333e-08
125.056,0.0,0.7916796875000001,1.623585e-08
125.056,0.0,0.7914296875000001,1.617885e-08
125.056,0.0,0.7911796875000001,1.6124e-08
125.056,0.0,0.7909296875000001,1.619355e-08
125.056,0.0,0.7906796875000001,1.612715e-08
125.056,0.0,0.7904296875000001,1.606565e-08
125.056,0.0,0.7901796875000001,1.61784e-08
125.056,0.0,0.7899296875000001,1.6139e-08
125.056,0.0,0.7896796875000001,1.625135e-08
125.056,0.0,0.7894296875000001,1.61432e-08
125.056,0.0,0.7891796875000001,1.610035e-08
125.056,0.0,0.7889296875000001,1.6189900000000006e-08
125.056,0.0,0.7886796875000001,1.61226e-08
125.056,0.0,0.7884296875000001,1.616385e-08
125.056,0.0,0.7881796875000001,1.6107e-08
125.056,0.0,0.7879296875000001,1.609425e-08
125.056,0.0,0.7876796875000001,1.6148400000000002e-08
125.056,0.0,0.7874296875000001,1.614505e-08
125.056,0.0,0.7871796875000001,1.602605e-08
125.056,0.0,0.7869296875000001,1.60656e-08
125.056,0.0,0.7866796875000002,1.6105200000000002e-08
125.056,0.0,0.7864296875000001,1.61838e-08
125.056,0.0,0.7861796875000001,1.60811e-08
125.056,0.0,0.7859296875000001,1.611505e-08
125.056,0.0,0.7856796875000002,1.61503e-08
125.056,0.0,0.7854296875000001,1.60335e-08
125.056,0.0,0.7851796875000001,1.6135599999999998e-08
125.056,0.0,0.7849296875000001,1.614015e-08
125.056,0.0,0.7846796875000002,1.61741e-08
125.056,0.0,0.7844296875000001,1.60675e-08
125.056,0.0,0.7841796875000001,1.604425e-08
125.056,0.0,0.7839296875000001,1.608885e-08
125.056,0.0,0.7836796875000002,1.60493e-08
125.056,0.0,0.7834296875000001,1.59451e-08
125.056,0.0,0.7831796875000001,1.604445e-08
125.056,0.0,0.7829296875000001,1.58721e-08
125.056,0.0,0.7826796875000002,1.5853350000000002e-08
125.056,0.0,0.7824296875000001,1.6028e-08
125.056,0.0,0.7821796875000001,1.6018849999999998e-08
125.056,0.0,0.7819296875000001,1.5967650000000002e-08
125.056,0.0,0.7816796875000002,1.60391e-08
125.056,0.0,0.7814296875000001,1.60668e-08
125.056,0.0,0.7811796875000001,1.60825e-08
125.056,0.0,0.7809296875000001,1.5997033333333334e-08
125.056,0.0,0.7806796875000002,1.6087999999999998e-08
125.056,0.0,0.7804296875000001,1.60595e-08
125.056,0.0,0.7801796875000001,1.6085750000000002e-08
125.056,0.0,0.7799296875000001,1.603765e-08
125.056,0.0,0.7796796875000002,1.60496e-08
125.056,0.0,0.7794296875000001,1.63989e-08
125.056,0.0,0.7791796875000001,1.601805e-08
125.056,0.0,0.7789296875000001,1.59632e-08
125.056,0.0,0.7786796875000002,1.604065e-08
125.056,0.0,0.7784296875000001,1.60792e-08
125.056,0.0,0.7781796875000001,1.59798e-08
125.056,0.0,0.7779296875000001,1.60732e-08
125.056,0.0,0.7776796875000002,1.615455e-08
125.056,0.0,0.7774296875000001,1.59946e-08
125.056,0.0,0.7771796875000001,1.59429e-08
125.056,0.0,0.7769296875000001,1.606875e-08
125.056,0.0,0.7766796875000002,1.5973699999999998e-08
125.056,0.0,0.7764296875000001,1.60883e-08
125.056,0.0,0.7761796875000001,1.60393e-08
125.056,0.0,0.7759296875000001,1.5957933333333334e-08
125.056,0.0,0.7756796875000002,1.5905600000000002e-08
125.056,0.0,0.7754296875000001,1.59149e-08
125.056,0.0,0.7751796875000001,1.5917350000000002e-08
125.056,0.0,0.7749296875000001,1.593775e-08
125.056,0.0,0.7746796875000002,1.593065e-08
125.056,0.0,0.7744296875000001,1.60552e-08
125.056,0.0,0.7741796875000001,1.5888100000000002e-08
125.056,0.0,0.7739296875000001,1.59489e-08
125.056,0.0,0.7736796875000002,1.6032333333333333e-08
125.056,0.0,0.7734296875000001,1.60978e-08
125.056,0.0,0.7731796875000001,1.60336e-08
125.056,0.0,0.7729296875000001,1.596555e-08
125.056,0.0,0.7726796875000002,1.610715e-08
125.056,0.0,0.7724296875000001,1.61232e-08
125.056,0.0,0.7721796875000001,1.61198e-08
125.056,0.0,0.7719296875000001,1.60251e-08
125.056,0.0,0.7716796875000002,1.6049900000000003e-08
125.056,0.0,0.7714296875000001,1.6176300000000002e-08
125.056,0.0,0.7711796875000001,1.614225e-08
125.056,0.0,0.7709296875000001,1.597335e-08
125.056,0.0,0.7706796875000002,1.58641e-08
125.056,0.0,0.7704296875000001,1.58282e-08
125.056,0.0,0.7701796875000001,1.587345e-08
125.056,0.0,0.7699296875000001,1.6008699999999998e-08
125.056,0.0,0.7696796875000002,1.58739e-08
125.056,0.0,0.7694296875000001,1.59053e-08
125.056,0.0,0.7691796875000001,1.59824e-08
125.056,0.0,0.7689296875000001,1.59326e-08
125.056,0.0,0.7686796875000002,1.59525e-08
125.056,0.0,0.7684296875000001,1.6065849999999998e-08
125.056,0.0,0.7681796875000001,1.602175e-08
125.056,0.0,0.7679296875000001,1.60555e-08
125.056,0.0,0.7676796875000002,1.615675e-08
125.056,0.0,0.7674296875000001,1.621805e-08
125.056,0.0,0.7671796875000001,1.624745e-08
125.056,0.0,0.7669296875000001,1.6161500000000002e-08
125.056,0.0,0.7666796875000002,1.62852e-08
125.056,0.0,0.7664296875000001,1.616915e-08
125.056,0.0,0.7661796875000001,1.61732e-08
125.056,0.0,0.7659296875000001,1.618895e-08
125.056,0.0,0.7656796875000002,1.60727e-08
125.056,0.0,0.7654296875000001,1.61367e-08
125.056,0.0,0.7651796875000001,1.61447e-08
125.056,0.0,0.7649296875000001,1.6136666666666665e-08
125.056,0.0,0.7646796875000001,1.57316e-08
125.056,0.0,0.7644296875000001,1.6083050000000002e-08
125.056,0.0,0.7641796875000001,1.6115899999999998e-08
125.056,0.0,0.7639296875000001,1.6024099999999997e-08
125.056,0.0,0.7636796875000001,1.61456e-08
125.056,0.0,0.7634296875000001,1.604105e-08
125.056,0.0,0.7631796875000001,1.597465e-08
125.056,0.0,0.7629296875000001,1.5997e-08
125.056,0.0,0.7626796875000001,1.606505e-08
125.056,0.0,0.7624296875000001,1.6171699999999998e-08
125.056,0.0,0.7621796875000001,1.627605e-08
125.056,0.0,0.7619296875000001,1.618235e-08
125.056,0.0,0.7616796875000001,1.61971e-08
125.056,0.0,0.7614296875000001,1.619225e-08
125.056,0.0,0.7611796875000001,1.617295e-08
125.056,0.0,0.7609296875000001,1.62252e-08
125.056,0.0,0.7606796875000001,1.612495e-08
125.056,0.0,0.7604296875000001,1.619945e-08
125.056,0.0,0.7601796875000001,1.612035e-08
125.056,0.0,0.7599296875000001,1.606705e-08
125.056,0.0,0.7596796875000001,1.59693e-08
125.056,0.0,0.7594296875000001,1.62678e-08
125.056,0.0,0.7591796875000001,1.599185e-08
125.056,0.0,0.7589296875000001,1.59949e-08
125.056,0.0,0.7586796875000001,1.61548e-08
125.056,0.0,0.7584296875000001,1.6055266666666667e-08
125.056,0.0,0.7581796875000001,1.5959499999999998e-08
125.056,0.0,0.7579296875000001,1.60036e-08
125.056,0.0,0.7576796875000001,1.6228e-08
125.056,0.0,0.7574296875000001,1.59937e-08
125.056,0.0,0.7571796875000001,1.59761e-08
125.056,0.0,0.7569296875000001,1.6020299999999997e-08
125.056,0.0,0.7566796875000001,1.60151e-08
125.056,0.0,0.7564296875000001,1.585505e-08
125.056,0.0,0.7561796875000001,1.5996050000000002e-08
125.056,0.0,0.7559296875000001,1.600725e-08
125.056,0.0,0.7556796875000001,1.594585e-08
125.056,0.0,0.7554296875000002,1.608165e-08
125.056,0.0,0.7551796875000001,1.594905e-08
125.056,0.0,0.7549296875000001,1.593585e-08
125.056,0.0,0.7546796875000001,1.5957e-08
125.056,0.0,0.7544296875000002,1.594065e-08
125.056,0.0,0.7541796875000001,1.600935e-08
125.056,0.0,0.7539296875000001,1.6028850000000006e-08
125.056,0.0,0.7536796875000001,1.6054699999999998e-08
125.056,0.0,0.7534296875000002,1.592055e-08
125.056,0.0,0.7531796875000001,1.613885e-08
125.056,0.0,0.7529296875000001,1.600665e-08
125.056,0.0,0.7526796875000001,1.58805e-08
125.056,0.0,0.7524296875000002,1.6084799999999997e-08
125.056,0.0,0.7521796875000001,1.5987350000000002e-08
125.056,0.0,0.7519296875000001,1.59563e-08
125.056,0.0,0.7516796875000001,1.6128700000000002e-08
125.056,0.0,0.7514296875000002,1.615855e-08
125.056,0.0,0.7511796875000001,1.603405e-08
125.056,0.0,0.7509296875000001,1.60509e-08
125.056,0.0,0.7506796875000001,1.6112050000000002e-08
125.056,0.0,0.7504296875000002,1.592905e-08
125.056,0.0,0.7501796875000001,1.615425e-08
125.056,0.0,0.7499296875000001,1.60593e-08
125.056,0.0,0.7496796875000001,1.60304e-08
125.056,0.0,0.7494296875000002,1.5990600000000002e-08
125.056,0.0,0.7491796875000001,1.6148400000000002e-08
125.056,0.0,0.7489296875000001,1.60299e-08
125.056,0.0,0.7486796875000001,1.6188050000000002e-08
125.056,0.0,0.7484296875000002,1.6036550000000002e-08
125.056,0.0,0.7481796875000001,1.598925e-08
125.056,0.0,0.7479296875000001,1.59764e-08
125.056,0.0,0.7476796875000001,1.613905e-08
125.056,0.0,0.7474296875000002,1.605815e-08
125.056,0.0,0.7471796875000001,1.605485e-08
125.056,0.0,0.7469296875000001,1.59842e-08
125.056,0.0,0.7466796875000001,1.607075e-08
125.056,0.0,0.7464296875000002,1.607975e-08
125.056,0.0,0.7461796875000001,1.6115000000000002e-08
125.056,0.0,0.7459296875000001,1.61834e-08
125.056,0.0,0.7456796875000001,1.610865e-08
125.056,0.0,0.7454296875000002,1.59046e-08
125.056,0.0,0.7451796875000001,1.60243e-08
125.056,0.0,0.7449296875000001,1.607295e-08
125.056,0.0,0.7446796875000001,1.60468e-08
125.056,0.0,0.7444296875000002,1.60805e-08
125.056,0.0,0.7441796875000001,1.604135e-08
125.056,0.0,0.7439296875000001,1.61188e-08
125.056,0.0,0.7436796875000001,1.6107949999999998e-08
125.056,0.0,0.7434296875000002,1.604185e-08
125.056,0.0,0.7431796875000001,1.609205e-08
125.056,0.0,0.7429296875000001,1.6018e-08
125.056,0.0,0.7426796875000001,1.6100333333333338e-08
125.056,0.0,0.7424296875000002,1.60703e-08
125.056,0.0,0.7421796875000001,1.610395e-08
125.056,0.0,0.7419296875000001,1.60367e-08
125.056,0.0,0.7416796875000001,1.60276e-08
125.056,0.0,0.7414296875000002,1.6106e-08
125.056,0.0,0.7411796875000001,1.5987350000000002e-08
125.056,0.0,0.7409296875000001,1.61596e-08
125.056,0.0,0.7406796875000001,1.611665e-08
125.056,0.0,0.7404296875000002,1.6171199999999997e-08
125.056,0.0,0.7401796875000001,1.615135e-08
125.056,0.0,0.7399296875000001,1.60293e-08
125.056,0.0,0.7396796875000001,1.608935e-08
125.056,0.0,0.7394296875000002,1.607665e-08
125.056,0.0,0.7391796875000001,1.609195e-08
125.056,0.0,0.7389296875000001,1.61078e-08
125.056,0.0,0.7386796875000001,1.6121850000000002e-08
125.056,0.0,0.7384296875000002,1.597775e-08
125.056,0.0,0.7381796875000001,1.61633e-08
125.056,0.0,0.7379296875000001,1.6075100000000002e-08
125.056,0.0,0.7376796875000001,1.607775e-08
125.056,0.0,0.7374296875000002,1.610555e-08
125.056,0.0,0.7371796875000001,1.604445e-08
125.056,0.0,0.7369296875000001,1.61905e-08
125.056,0.0,0.7366796875000001,1.608685e-08
125.056,0.0,0.7364296875000002,1.618045e-08
125.056,0.0,0.7361796875000001,1.6099749999999998e-08
125.056,0.0,0.7359296875000001,1.61213e-08
125.056,0.0,0.7356796875000001,1.609755e-08
125.056,0.0,0.7354296875000002,1.60728e-08
125.056,0.0,0.7351796875000001,1.60464e-08
125.056,0.0,0.7349296875000001,1.60788e-08
125.056,0.0,0.7346796875000001,1.60672e-08
125.056,0.0,0.7344296875000002,1.6146249999999998e-08
125.056,0.0,0.7341796875000001,1.60792e-08
125.056,0.0,0.7339296875000001,1.6145e-08
125.056,0.0,0.7336796875000001,1.603615e-08
125.056,0.0,0.7334296875000001,1.60533e-08
125.056,0.0,0.7331796875000001,1.603975e-08
125.056,0.0,0.7329296875000001,1.617475e-08
125.056,0.0,0.7326796875000001,1.621995e-08
125.056,0.0,0.7324296875000001,1.61951e-08
125.056,0.0,0.7321796875000001,1.608435e-08
125.056,0.0,0.7319296875000001,1.61511e-08
125.056,0.0,0.7316796875000001,1.614275e-08
125.056,0.0,0.7314296875000001,1.6032900000000003e-08
125.056,0.0,0.7311796875000001,1.60449e-08
125.056,0.0,0.7309296875000001,1.6036300000000002e-08
125.056,0.0,0.7306796875000001,1.6070499999999998e-08
125.056,0.0,0.7304296875000001,1.6086649999999998e-08
125.056,0.0,0.7301796875000001,1.6162e-08
125.056,0.0,0.7299296875000001,1.61027e-08
125.056,0.0,0.7296796875000001,1.6073799999999998e-08
125.056,0.0,0.7294296875000001,1.6089e-08
125.056,0.0,0.7291796875000001,1.623645e-08
125.056,0.0,0.7289296875000001,1.6074049999999998e-08
125.056,0.0,0.7286796875000001,1.612515e-08
125.056,0.0,0.7284296875000001,1.612575e-08
125.056,0.0,0.7281796875000001,1.62282e-08
125.056,0.0,0.7279296875000001,1.621685e-08
125.056,0.0,0.7276796875000001,1.62655e-08
125.056,0.0,0.7274296875000001,1.6205e-08
125.056,0.0,0.7271796875000001,1.61656e-08
125.056,0.0,0.7269296875000001,1.6217533333333336e-08
125.056,0.0,0.7266796875000001,1.6314e-08
125.056,0.0,0.7264296875000001,1.617465e-08
125.056,0.0,0.7261796875000001,1.63295e-08
125.056,0.0,0.7259296875000001,1.6208299999999998e-08
125.056,0.0,0.7256796875000001,1.61283e-08
125.056,0.0,0.7254296875000001,1.62207e-08
125.056,0.0,0.7251796875000001,1.62346e-08
125.056,0.0,0.7249296875000001,1.61918e-08
125.056,0.0,0.7246796875000001,1.60741e-08
125.056,0.0,0.7244296875000001,1.6109533333333332e-08
125.056,0.0,0.7241796875000002,1.61303e-08
125.056,0.0,0.7239296875000001,1.6250149999999998e-08
125.056,0.0,0.7236796875000001,1.62377e-08
125.056,0.0,0.7234296875000001,1.62374e-08
125.056,0.0,0.7231796875000002,1.62579e-08
125.056,0.0,0.7229296875000001,1.632715e-08
125.056,0.0,0.7226796875000001,1.6441899999999997e-08
125.056,0.0,0.7224296875000001,1.640315e-08
125.056,0.0,0.7221796875000002,1.64668e-08
125.056,0.0,0.7219296875000001,1.6251e-08
125.056,0.0,0.7216796875000001,1.640605e-08
125.056,0.0,0.7214296875000001,1.635355e-08
125.056,0.0,0.7211796875000002,1.62331e-08
125.056,0.0,0.7209296875000001,1.64662e-08
125.056,0.0,0.7206796875000001,1.6465850000000002e-08
125.056,0.0,0.7204296875000001,1.632325e-08
125.056,0.0,0.7201796875000002,1.63798e-08
125.056,0.0,0.7199296875000001,1.6434333333333333e-08
125.056,0.0,0.7196796875000001,1.63065e-08
125.056,0.0,0.7194296875000001,1.64215e-08
125.056,0.0,0.7191796875000002,1.6316e-08
125.056,0.0,0.7189296875000001,1.64631e-08
125.056,0.0,0.7186796875000001,1.6492949999999998e-08
125.056,0.0,0.7184296875000001,1.6428900000000002e-08
125.056,0.0,0.7181796875000002,1.65618e-08
125.056,0.0,0.7179296875000001,1.63542e-08
125.056,0.0,0.7176796875000001,1.64845e-08
125.056,0.0,0.7174296875000001,1.6476299999999998e-08
125.056,0.0,0.7171796875000002,1.6624e-08
125.056,0.0,0.7169296875000001,1.6489350000000002e-08
125.056,0.0,0.7166796875000001,1.6515099999999998e-08
125.056,0.0,0.7164296875000001,1.6396950000000002e-08
125.056,0.0,0.7161796875000002,1.62864e-08
125.056,0.0,0.7159296875000001,1.64603e-08
125.056,0.0,0.7156796875000001,1.6316200000000003e-08
125.056,0.0,0.7154296875000001,1.64341e-08
125.056,0.0,0.7151796875000002,1.63778e-08
125.056,0.0,0.7149296875000001,1.646105e-08
125.056,0.0,0.7146796875000001,1.6566200000000002e-08
125.056,0.0,0.7144296875000001,1.65811e-08
125.056,0.0,0.7141796875000002,1.64788e-08
125.056,0.0,0.7139296875000001,1.663525e-08
125.056,0.0,0.7136796875000001,1.65281e-08
125.056,0.0,0.7134296875000001,1.6453899999999998e-08
125.056,0.0,0.7131796875000002,1.64848e-08
125.056,0.0,0.7129296875000001,1.6448333333333332e-08
125.056,0.0,0.7126796875000001,1.65325e-08
125.056,0.0,0.7124296875000001,1.62801e-08
125.056,0.0,0.7121796875000002,1.63369e-08
125.056,0.0,0.7119296875000001,1.62968e-08
125.056,0.0,0.7116796875000001,1.624325e-08
125.056,0.0,0.7114296875000001,1.624265e-08
125.056,0.0,0.7111796875000002,1.62026e-08
125.056,0.0,0.7109296875000001,1.6286033333333334e-08
125.056,0.0,0.7106796875000001,1.624225e-08
125.056,0.0,0.7104296875000001,1.61128e-08
125.056,0.0,0.7101796875000002,1.629855e-08
125.056,0.0,0.7099296875000001,1.635565e-08
125.056,0.0,0.7096796875000001,1.63814e-08
125.056,0.0,0.7094296875000001,1.67707e-08
125.056,0.0,0.7091796875000002,1.63643e-08
125.056,0.0,0.7089296875000001,1.630825e-08
125.056,0.0,0.7086796875000001,1.6453333333333334e-08
125.056,0.0,0.7084296875000001,1.64879e-08
125.056,0.0,0.7081796875000002,1.646155e-08
125.056,0.0,0.7079296875000001,1.641675e-08
125.056,0.0,0.7076796875000001,1.62128e-08
125.056,0.0,0.7074296875000001,1.66481e-08
125.056,0.0,0.7071796875000002,1.64458e-08
125.056,0.0,0.7069296875000001,1.634305e-08
125.056,0.0,0.7066796875000001,1.644085e-08
125.056,0.0,0.7064296875000001,1.6576649999999998e-08
125.056,0.0,0.7061796875000002,1.632265e-08
125.056,0.0,0.7059296875000001,1.63942e-08
125.056,0.0,0.7056796875000001,1.63455e-08
125.056,0.0,0.7054296875000001,1.63888e-08
125.056,0.0,0.7051796875000002,1.63965e-08
125.056,0.0,0.7049296875000001,1.655015e-08
125.056,0.0,0.7046796875000001,1.652025e-08
125.056,0.0,0.7044296875000001,1.63248e-08
125.056,0.0,0.7041796875000002,1.64619e-08
125.056,0.0,0.7039296875000001,1.659215e-08
125.056,0.0,0.7036796875000001,1.6615e-08
125.056,0.0,0.7034296875000001,1.67595e-08
125.056,0.0,0.7031796875000002,1.64947e-08
125.056,0.0,0.7029296875000001,1.6458400000000003e-08
125.056,0.0,0.7026796875000001,1.6498400000000002e-08
125.056,0.0,0.7024296875000001,1.65578e-08
125.056,0.0,0.7021796875000001,1.64193e-08
125.056,0.0,0.7019296875000001,1.6568949999999998e-08
125.056,0.0,0.7016796875000001,1.6577400000000002e-08
125.056,0.0,0.7014296875000001,1.6628e-08
125.056,0.0,0.7011796875000001,1.64642e-08
125.056,0.0,0.7009296875000001,1.647205e-08
125.056,0.0,0.7006796875000001,1.6516449999999998e-08
125.056,0.0,0.7004296875000001,1.65001e-08
125.056,0.0,0.7001796875000001,1.63894e-08
125.056,0.0,0.6999296875000001,1.65693e-08
125.056,0.0,0.6996796875000001,1.651465e-08
125.056,0.0,0.6994296875000001,1.64106e-08
125.056,0.0,0.6991796875000001,1.63236e-08
125.056,0.0,0.6989296875000001,1.638175e-08
125.056,0.0,0.6986796875000001,1.62726e-08
125.056,0.0,0.6984296875000001,1.63011e-08
125.056,0.0,0.6981796875000001,1.63445e-08
125.056,0.0,0.6979296875000001,1.64721e-08
125.056,0.0,0.6976796875000001,1.632365e-08
125.056,0.0,0.6974296875000001,1.61605e-08
125.056,0.0,0.6971796875000001,1.6227749999999998e-08
125.056,0.0,0.6969296875000001,1.61565e-08
125.056,0.0,0.6966796875000001,1.664475e-08
125.056,0.0,0.6964296875000001,1.64348e-08
125.056,0.0,0.6961796875000001,1.612865e-08
125.056,0.0,0.6959296875000001,1.63104e-08
125.056,0.0,0.6956796875000001,1.62063e-08
125.056,0.0,0.6954296875000001,1.64014e-08
125.056,0.0,0.6951796875000001,1.6195449999999998e-08
125.056,0.0,0.6949296875000001,1.6287699999999997e-08
125.056,0.0,0.6946796875000001,1.64303e-08
125.056,0.0,0.6944296875000001,1.645205e-08
125.056,0.0,0.6941796875000001,1.638255e-08
125.056,0.0,0.6939296875000001,1.63903e-08
125.056,0.0,0.6936796875000001,1.63705e-08
125.056,0.0,0.6934296875000001,1.63764e-08
125.056,0.0,0.6931796875000001,1.633095e-08
125.056,0.0,0.6929296875000002,1.641625e-08
125.056,0.0,0.6926796875000001,1.63465e-08
125.056,0.0,0.6924296875000001,1.6274749999999998e-08
125.056,0.0,0.6921796875000001,1.63621e-08
125.056,0.0,0.6919296875000002,1.625985e-08
125.056,0.0,0.6916796875000001,1.64315e-08
125.056,0.0,0.6914296875000001,1.65017e-08
125.056,0.0,0.6911796875000001,1.646355e-08
125.056,0.0,0.6909296875000002,1.6550449999999997e-08
125.056,0.0,0.6906796875000001,1.6686e-08
125.056,0.0,0.6904296875000001,1.66665e-08
125.056,0.0,0.6901796875000001,1.6582000000000006e-08
125.056,0.0,0.6899296875000002,1.6413149999999998e-08
125.056,0.0,0.6896796875000001,1.65731e-08
125.056,0.0,0.6894296875000001,1.649175e-08
125.056,0.0,0.6891796875000001,1.6477399999999998e-08
125.056,0.0,0.6889296875000002,1.6513350000000003e-08
125.056,0.0,0.6886796875000001,1.65294e-08
125.056,0.0,0.6884296875000001,1.664535e-08
125.056,0.0,0.6881796875000001,1.6731050000000002e-08
125.056,0.0,0.6879296875000002,1.680795e-08
125.056,0.0,0.6876796875000001,1.64979e-08
125.056,0.0,0.6874296875000001,1.6749050000000003e-08
125.056,0.0,0.6871796875000001,1.69284e-08
125.056,0.0,0.6869296875000002,1.692435e-08
125.056,0.0,0.6866796875000001,1.67607e-08
125.056,0.0,0.6864296875000001,1.67068e-08
125.056,0.0,0.6861796875000001,1.662305e-08
125.056,0.0,0.6859296875000002,1.6656e-08
125.056,0.0,0.6856796875000001,1.65443e-08
125.056,0.0,0.6854296875000001,1.64859e-08
125.056,0.0,0.6851796875000001,1.66995e-08
125.056,0.0,0.6849296875000002,1.6608099999999998e-08
125.056,0.0,0.6846796875000001,1.63644e-08
125.056,0.0,0.6844296875000001,1.6679449999999998e-08
125.056,0.0,0.6841796875000001,1.640105e-08
125.056,0.0,0.6839296875000002,1.6447299999999998e-08
125.056,0.0,0.6836796875000001,1.6601450000000002e-08
125.056,0.0,0.6834296875000001,1.640045e-08
125.056,0.0,0.6831796875000001,1.62921e-08
125.056,0.0,0.6829296875000002,1.64117e-08
125.056,0.0,0.6826796875000001,1.63606e-08
125.056,0.0,0.6824296875000001,1.646945e-08
125.056,0.0,0.6821796875000001,1.6416300000000006e-08
125.056,0.0,0.6819296875000002,1.63186e-08
125.056,0.0,0.6816796875000001,1.649395e-08
125.056,0.0,0.6814296875000001,1.63737e-08
125.056,0.0,0.6811796875000001,1.639765e-08
125.056,0.0,0.6809296875000002,1.629715e-08
125.056,0.0,0.6806796875000001,1.64158e-08
125.056,0.0,0.6804296875000001,1.638735e-08
125.056,0.0,0.6801796875000001,1.63984e-08
125.056,0.0,0.6799296875000002,1.651075e-08
125.056,0.0,0.6796796875000001,1.64336e-08
125.056,0.0,0.6794296875000001,1.6352633333333335e-08
125.056,0.0,0.6791796875000001,1.65005e-08
125.056,0.0,0.6789296875000002,1.61123e-08
125.056,0.0,0.6786796875000001,1.66367e-08
125.056,0.0,0.6784296875000001,1.6237000000000002e-08
125.056,0.0,0.6781796875000001,1.62893e-08
125.056,0.0,0.6779296875000002,1.6194300000000002e-08
125.056,0.0,0.6776796875000001,1.61653e-08
125.056,0.0,0.6774296875000001,1.62197e-08
125.056,0.0,0.6771796875000001,1.63003e-08
125.056,0.0,0.6769296875000002,1.63488e-08
125.056,0.0,0.6766796875000001,1.640155e-08
125.056,0.0,0.6764296875000001,1.6394750000000002e-08
125.056,0.0,0.6761796875000001,1.62833e-08
125.056,0.0,0.6759296875000002,1.613835e-08
125.056,0.0,0.6756796875000001,1.6338e-08
125.056,0.0,0.6754296875000001,1.64171e-08
125.056,0.0,0.6751796875000001,1.6346e-08
125.056,0.0,0.6749296875000002,1.628575e-08
125.056,0.0,0.6746796875000001,1.623225e-08
125.056,0.0,0.6744296875000001,1.63785e-08
125.056,0.0,0.6741796875000001,1.633415e-08
125.056,0.0,0.6739296875000002,1.63358e-08
125.056,0.0,0.6736796875000001,1.63911e-08
125.056,0.0,0.6734296875000001,1.63716e-08
125.056,0.0,0.6731796875000001,1.637465e-08
125.056,0.0,0.6729296875000002,1.623715e-08
125.056,0.0,0.6726796875000001,1.61279e-08
125.056,0.0,0.6724296875000001,1.637603333333333e-08
125.056,0.0,0.6721796875000001,1.6485849999999998e-08
125.056,0.0,0.6719296875000002,1.63023e-08
125.056,0.0,0.6716796875000001,1.629205e-08
125.056,0.0,0.6714296875000001,1.62722e-08
125.056,0.0,0.6711796875000001,1.6217550000000002e-08
125.056,0.0,0.6709296875000001,1.63912e-08
125.056,0.0,0.6706796875000001,1.6243299999999998e-08
125.056,0.0,0.6704296875000001,1.62296e-08
125.056,0.0,0.6701796875000001,1.6206650000000002e-08
125.056,0.0,0.6699296875000001,1.66116e-08
125.056,0.0,0.6696796875000001,1.612285e-08
125.056,0.0,0.6694296875000001,1.625995e-08
125.056,0.0,0.6691796875000001,1.618675e-08
125.056,0.0,0.6689296875000001,1.6093e-08
125.056,0.0,0.6686796875000001,1.61668e-08
125.056,0.0,0.6684296875000001,1.60017e-08
125.056,0.0,0.6681796875000001,1.60687e-08
125.056,0.0,0.6679296875000001,1.60378e-08
125.056,0.0,0.6676796875000001,1.5984550000000003e-08
125.056,0.0,0.6674296875000001,1.603715e-08
125.056,0.0,0.6671796875000001,1.5751050000000006e-08
125.056,0.0,0.6669296875000001,1.59084e-08
125.056,0.0,0.6666796875000001,1.59665e-08
125.056,0.0,0.6664296875000001,1.604765e-08
125.056,0.0,0.6661796875000001,1.5926699999999998e-08
125.056,0.0,0.6659296875000001,1.60389e-08
125.056,0.0,0.6656796875000001,1.591415e-08
125.056,0.0,0.6654296875000001,1.592085e-08
125.056,0.0,0.6651796875000001,1.5879900000000002e-08
125.056,0.0,0.6649296875000001,1.58794e-08
125.056,0.0,0.6646796875000001,1.60104e-08
125.056,0.0,0.6644296875000001,1.5972550000000002e-08
125.056,0.0,0.6641796875000001,1.59029e-08
125.056,0.0,0.6639296875000001,1.60154e-08
125.056,0.0,0.6636796875000001,1.5934733333333333e-08
125.056,0.0,0.6634296875000001,1.5986750000000006e-08
125.056,0.0,0.6631796875000001,1.599e-08
125.056,0.0,0.6629296875000001,1.60151e-08
125.056,0.0,0.6626796875000001,1.6016250000000003e-08
125.056,0.0,0.6624296875000001,1.58213e-08
125.056,0.0,0.6621796875000001,1.59482e-08
125.056,0.0,0.6619296875000001,1.64404e-08
125.056,0.0,0.6616796875000002,1.59164e-08
125.056,0.0,0.6614296875000001,1.59206e-08
125.056,0.0,0.6611796875000001,1.5901599999999997e-08
125.056,0.0,0.6609296875000001,1.5925699999999997e-08
125.056,0.0,0.6606796875000002,1.557785e-08
125.056,0.0,0.6604296875000001,1.596465e-08
125.056,0.0,0.6601796875000001,1.59702e-08
125.056,0.0,0.6599296875000001,1.57126e-08
125.056,0.0,0.6596796875000002,1.592855e-08
125.056,0.0,0.6594296875000001,1.599345e-08
125.056,0.0,0.6591796875000001,1.60577e-08
125.056,0.0,0.6589296875000001,1.591665e-08
125.056,0.0,0.6586796875000002,1.58032e-08
125.056,0.0,0.6584296875000001,1.5885900000000002e-08
125.056,0.0,0.6581796875000001,1.60096e-08
125.056,0.0,0.6579296875000001,1.59019e-08
125.056,0.0,0.6576796875000002,1.58641e-08
125.056,0.0,0.6574296875000001,1.58093e-08
125.056,0.0,0.6571796875000001,1.589075e-08
125.056,0.0,0.6569296875000001,1.60796e-08
125.056,0.0,0.6566796875000002,1.5769266666666667e-08
125.056,0.0,0.6564296875000001,1.57478e-08
125.056,0.0,0.6561796875000001,1.5578e-08
125.056,0.0,0.6559296875000001,1.57989e-08
125.056,0.0,0.6556796875000002,1.5815949999999998e-08
125.056,0.0,0.6554296875000001,1.58342e-08
125.056,0.0,0.6551796875000001,1.58391e-08
125.056,0.0,0.6549296875000001,1.57997e-08
125.056,0.0,0.6546796875000002,1.59457e-08
125.056,0.0,0.6544296875000001,1.57898e-08
125.056,0.0,0.6541796875000001,1.570725e-08
125.056,0.0,0.6539296875000001,1.579385e-08
125.056,0.0,0.6536796875000002,1.58338e-08
125.056,0.0,0.6534296875000001,1.5949050000000002e-08
125.056,0.0,0.6531796875000001,1.59102e-08
125.056,0.0,0.6529296875000001,1.59285e-08
125.056,0.0,0.6526796875000002,1.588335e-08
125.056,0.0,0.6524296875000001,1.59668e-08
125.056,0.0,0.6521796875000001,1.59013e-08
125.056,0.0,0.6519296875000001,1.586965e-08
125.056,0.0,0.6516796875000002,1.586805e-08
125.056,0.0,0.6514296875000001,1.583935e-08
125.056,0.0,0.6511796875000001,1.59642e-08
125.056,0.0,0.6509296875000001,1.57478e-08
125.056,0.0,0.6506796875000002,1.57626e-08
125.056,0.0,0.6504296875000001,1.57862e-08
125.056,0.0,0.6501796875000001,1.587715e-08
125.056,0.0,0.6499296875000001,1.57523e-08
125.056,0.0,0.6496796875000002,1.59622e-08
125.056,0.0,0.6494296875000001,1.56729e-08
125.056,0.0,0.6491796875000001,1.61309e-08
125.056,0.0,0.6489296875000001,1.5855300000000002e-08
125.056,0.0,0.6486796875000002,1.57005e-08
125.056,0.0,0.6484296875000001,1.572875e-08
125.056,0.0,0.6481796875000001,1.5823e-08
125.056,0.0,0.6479296875000001,1.587975e-08
125.056,0.0,0.6476796875000002,1.570755e-08
125.056,0.0,0.6474296875000001,1.575235e-08
125.056,0.0,0.6471796875000001,1.57987e-08
125.056,0.0,0.6469296875000001,1.569535e-08
125.056,0.0,0.6466796875000002,1.5596399999999998e-08
125.056,0.0,0.6464296875000001,1.5637100000000002e-08
125.056,0.0,0.6461796875000001,1.55862e-08
125.056,0.0,0.6459296875000001,1.5809050000000002e-08
125.056,0.0,0.6456796875000002,1.566715e-08
125.056,0.0,0.6454296875000001,1.5509733333333334e-08
125.056,0.0,0.6451796875000001,1.55504e-08
125.056,0.0,0.6449296875000001,1.54948e-08
125.056,0.0,0.6446796875000002,1.546045e-08
125.056,0.0,0.6444296875000001,1.5464599999999998e-08
125.056,0.0,0.6441796875000001,1.53326e-08
125.056,0.0,0.6439296875000001,1.52504e-08
125.056,0.0,0.6436796875000002,1.5391299999999998e-08
125.056,0.0,0.6434296875000001,1.519725e-08
125.056,0.0,0.6431796875000001,1.52451e-08
125.056,0.0,0.6429296875000001,1.52164e-08
125.056,0.0,0.6426796875000002,1.5176e-08
125.056,0.0,0.6424296875000001,1.5227549999999998e-08
125.056,0.0,0.6421796875000001,1.52943e-08
125.056,0.0,0.6419296875000001,1.51977e-08
125.056,0.0,0.6416796875000002,1.5256549999999998e-08
125.056,0.0,0.6414296875000001,1.494e-08
125.056,0.0,0.6411796875000001,1.53217e-08
125.056,0.0,0.6409296875000001,1.53502e-08
125.056,0.0,0.6406796875000002,1.515685e-08
125.056,0.0,0.6404296875000001,1.51643e-08
125.056,0.0,0.6401796875000001,1.52027e-08
125.056,0.0,0.6399296875000001,1.520545e-08
125.056,0.0,0.6396796875000001,1.50757e-08
125.056,0.0,0.6394296875000001,1.50872e-08
125.056,0.0,0.6391796875000001,1.49846e-08
125.056,0.0,0.6389296875000001,1.50646e-08
125.056,0.0,0.6386796875000001,1.495345e-08
125.056,0.0,0.6384296875000001,1.47289e-08
125.056,0.0,0.6381796875000001,1.4962800000000002e-08
125.056,0.0,0.6379296875000001,1.47602e-08
125.056,0.0,0.6376796875000001,1.47875e-08
125.056,0.0,0.6374296875000001,1.49261e-08
125.056,0.0,0.6371796875000001,1.51182e-08
125.056,0.0,0.6369296875000001,1.50855e-08
125.056,0.0,0.6366796875000001,1.513225e-08
125.056,0.0,0.6364296875000001,1.520605e-08
125.056,0.0,0.6361796875000001,1.53104e-08
125.056,0.0,0.6359296875000001,1.5202900000000002e-08
125.056,0.0,0.6356796875000001,1.531975e-08
125.056,0.0,0.6354296875000001,1.51719e-08
125.056,0.0,0.6351796875000001,1.52865e-08
125.056,0.0,0.6349296875000001,1.529215e-08
125.056,0.0,0.6346796875000001,1.53807e-08
125.056,0.0,0.6344296875000001,1.54358e-08
125.056,0.0,0.6341796875000001,1.53749e-08
125.056,0.0,0.6339296875000001,1.5313366666666672e-08
125.056,0.0,0.6336796875000001,1.5248849999999998e-08
125.056,0.0,0.6334296875000001,1.55043e-08
125.056,0.0,0.6331796875000001,1.51732e-08
125.056,0.0,0.6329296875000001,1.5445700000000002e-08
125.056,0.0,0.6326796875000001,1.53495e-08
125.056,0.0,0.6324296875000001,1.52282e-08
125.056,0.0,0.6321796875000001,1.5272900000000002e-08
125.056,0.0,0.6319296875000001,1.5564766666666667e-08
125.056,0.0,0.6316796875000001,1.5283550000000002e-08
125.056,0.0,0.6314296875000001,1.51836e-08
125.056,0.0,0.6311796875000001,1.533235e-08
125.056,0.0,0.6309296875000001,1.52613e-08
125.056,0.0,0.6306796875000001,1.53096e-08
125.056,0.0,0.6304296875000002,1.51377e-08
125.056,0.0,0.6301796875000001,1.533345e-08
125.056,0.0,0.6299296875000001,1.5522766666666666e-08
125.056,0.0,0.6296796875000001,1.529345e-08
125.056,0.0,0.6294296875000002,1.5298e-08
125.056,0.0,0.6291796875000001,1.5198e-08
125.056,0.0,0.6289296875000001,1.52339e-08
125.056,0.0,0.6286796875000001,1.523675e-08
125.056,0.0,0.6284296875000002,1.5195e-08
125.056,0.0,0.6281796875000001,1.516635e-08
125.056,0.0,0.6279296875000001,1.5368149999999997e-08
125.056,0.0,0.6276796875000001,1.5157799999999998e-08
125.056,0.0,0.6274296875000002,1.5212249999999998e-08
125.056,0.0,0.6271796875000001,1.521105e-08
125.056,0.0,0.6269296875000001,1.5234649999999998e-08
125.056,0.0,0.6266796875000001,1.518165e-08
125.056,0.0,0.6264296875000002,1.52875e-08
125.056,0.0,0.6261796875000001,1.5184099999999998e-08
125.056,0.0,0.6259296875000001,1.52068e-08
125.056,0.0,0.6256796875000001,1.526845e-08
125.056,0.0,0.6254296875000002,1.5298500000000003e-08
125.056,0.0,0.6251796875000001,1.5394599999999998e-08
125.056,0.0,0.6249296875000001,1.53548e-08
125.056,0.0,0.6246796875000001,1.529925e-08
125.056,0.0,0.6244296875000002,1.54613e-08
125.056,0.0,0.6241796875000001,1.527465e-08
125.056,0.0,0.6239296875000001,1.537185e-08
125.056,0.0,0.6236796875000001,1.539445e-08
125.056,0.0,0.6234296875000002,1.54482e-08
125.056,0.0,0.6231796875000001,1.53622e-08
125.056,0.0,0.6229296875000001,1.5302633333333333e-08
125.056,0.0,0.6226796875000001,1.533725e-08
125.056,0.0,0.6224296875000002,1.57449e-08
125.056,0.0,0.6221796875000001,1.55487e-08
125.056,0.0,0.6219296875000001,1.5396799999999998e-08
125.056,0.0,0.6216796875000001,1.5318200000000003e-08
125.056,0.0,0.6214296875000002,1.55898e-08
125.056,0.0,0.6211796875000001,1.5396899999999997e-08
125.056,0.0,0.6209296875000001,1.542555e-08
125.056,0.0,0.6206796875000001,1.5426399999999997e-08
125.056,0.0,0.6204296875000002,1.53309e-08
125.056,0.0,0.6201796875000001,1.540135e-08
125.056,0.0,0.6199296875000001,1.5475200000000002e-08
125.056,0.0,0.6196796875000001,1.56138e-08
125.056,0.0,0.6194296875000002,1.53832e-08
125.056,0.0,0.6191796875000001,1.55453e-08
125.056,0.0,0.6189296875000001,1.537915e-08
125.056,0.0,0.6186796875000001,1.5487099999999997e-08
125.056,0.0,0.6184296875000002,1.556415e-08
125.056,0.0,0.6181796875000001,1.562865e-08
125.056,0.0,0.6179296875000001,1.5528949999999997e-08
125.056,0.0,0.6176796875000001,1.55045e-08
125.056,0.0,0.6174296875000002,1.55175e-08
125.056,0.0,0.6171796875000001,1.55243e-08
125.056,0.0,0.6169296875000001,1.555755e-08
125.056,0.0,0.6166796875000001,1.5454e-08
125.056,0.0,0.6164296875000002,1.55155e-08
125.056,0.0,0.6161796875000001,1.5485350000000002e-08
125.056,0.0,0.6159296875000001,1.53695e-08
125.056,0.0,0.6156796875000001,1.5451749999999998e-08
125.056,0.0,0.6154296875000002,1.5377e-08
125.056,0.0,0.6151796875000001,1.559225e-08
125.056,0.0,0.6149296875000001,1.5429699999999997e-08
125.056,0.0,0.6146796875000001,1.55349e-08
125.056,0.0,0.6144296875000002,1.549295e-08
125.056,0.0,0.6141796875000001,1.550185e-08
125.056,0.0,0.6139296875000001,1.565805e-08
125.056,0.0,0.6136796875000001,1.56494e-08
125.056,0.0,0.6134296875000002,1.5634e-08
125.056,0.0,0.6131796875000001,1.56327e-08
125.056,0.0,0.6129296875000001,1.566045e-08
125.056,0.0,0.6126796875000001,1.54845e-08
125.056,0.0,0.6124296875000002,1.56186e-08
125.056,0.0,0.6121796875000001,1.56623e-08
125.056,0.0,0.6119296875000001,1.5793750000000002e-08
125.056,0.0,0.6116796875000001,1.57101e-08
125.056,0.0,0.6114296875000002,1.57044e-08
125.056,0.0,0.6111796875000001,1.5879900000000002e-08
125.056,0.0,0.6109296875000001,1.572565e-08
125.056,0.0,0.6106796875000001,1.58479e-08
125.056,0.0,0.6104296875000002,1.575975e-08
125.056,0.0,0.6101796875000001,1.578795e-08
125.056,0.0,0.6099296875000001,1.573265e-08
125.056,0.0,0.6096796875000001,1.572075e-08
125.056,0.0,0.6094296875000002,1.563185e-08
125.056,0.0,0.6091796875000001,1.5676549999999998e-08
125.056,0.0,0.6089296875000001,1.558715e-08
125.056,0.0,0.6086796875000001,1.56449e-08
125.056,0.0,0.6084296875000001,1.56328e-08
125.056,0.0,0.6081796875000001,1.5521249999999997e-08
125.056,0.0,0.6079296875000001,1.5552050000000002e-08
125.056,0.0,0.6076796875000001,1.5564e-08
125.056,0.0,0.6074296875000001,1.56013e-08
125.056,0.0,0.6071796875000001,1.551695e-08
125.056,0.0,0.6069296875000001,1.55375e-08
125.056,0.0,0.6066796875000001,1.58072e-08
125.056,0.0,0.6064296875000001,1.5580249999999998e-08
125.056,0.0,0.6061796875000001,1.55818e-08
125.056,0.0,0.6059296875000001,1.56263e-08
125.056,0.0,0.6056796875000001,1.56085e-08
125.056,0.0,0.6054296875000001,1.560185e-08
125.056,0.0,0.6051796875000001,1.56236e-08
125.056,0.0,0.6049296875000001,1.5608749999999997e-08
125.056,0.0,0.6046796875000001,1.56238e-08
125.056,0.0,0.6044296875000001,1.5579950000000002e-08
125.056,0.0,0.6041796875000001,1.556315e-08
125.056,0.0,0.6039296875000001,1.577325e-08
125.056,0.0,0.6036796875000001,1.57526e-08
125.056,0.0,0.6034296875000001,1.5656700000000003e-08
125.056,0.0,0.6031796875000001,1.568485e-08
125.056,0.0,0.6029296875000001,1.57044e-08
125.056,0.0,0.6026796875000001,1.5705900000000003e-08
125.056,0.0,0.6024296875000001,1.570475e-08
125.056,0.0,0.6021796875000001,1.57482e-08
125.056,0.0,0.6019296875000001,1.57181e-08
125.056,0.0,0.6016796875000001,1.57036e-08
125.056,0.0,0.6014296875000001,1.5792400000000002e-08
125.056,0.0,0.6011796875000001,1.583445e-08
125.056,0.0,0.6009296875000001,1.56133e-08
125.056,0.0,0.6006796875000001,1.5753850000000002e-08
125.056,0.0,0.6004296875000001,1.58244e-08
125.056,0.0,0.6001796875000001,1.57518e-08
125.056,0.0,0.5999296875000001,1.57919e-08
125.056,0.0,0.5996796875000001,1.57559e-08
125.056,0.0,0.5994296875000001,1.582245e-08
125.056,0.0,0.5991796875000002,1.575965e-08
125.056,0.0,0.5989296875000001,1.573825e-08
125.056,0.0,0.5986796875000001,1.55998e-08
125.056,0.0,0.5984296875000001,1.5671000000000002e-08
125.056,0.0,0.5981796875000002,1.558665e-08
125.056,0.0,0.5979296875000001,1.57223e-08
125.056,0.0,0.5976796875000001,1.56368e-08
125.056,0.0,0.5974296875000001,1.5653750000000002e-08
125.056,0.0,0.5971796875000002,1.56512e-08
125.056,0.0,0.5969296875000001,1.57215e-08
125.056,0.0,0.5966796875000001,1.568835e-08
125.056,0.0,0.5964296875000001,1.56469e-08
125.056,0.0,0.5961796875000002,1.566625e-08
125.056,0.0,0.5959296875000001,1.563505e-08
125.056,0.0,0.5956796875000001,1.572785e-08
125.056,0.0,0.5954296875000001,1.567425e-08
125.056,0.0,0.5951796875000002,1.57018e-08
125.056,0.0,0.5949296875000001,1.57518e-08
125.056,0.0,0.5946796875000001,1.56146e-08
125.056,0.0,0.5944296875000001,1.568135e-08
125.056,0.0,0.5941796875000002,1.571195e-08
125.056,0.0,0.5939296875000001,1.55338e-08
125.056,0.0,0.5936796875000001,1.5654433333333334e-08
125.056,0.0,0.5934296875000001,1.5645599999999998e-08
125.056,0.0,0.5931796875000002,1.55956e-08
125.056,0.0,0.5929296875000001,1.56844e-08
125.056,0.0,0.5926796875000001,1.55948e-08
125.056,0.0,0.5924296875000001,1.5503100000000002e-08
125.056,0.0,0.5921796875000002,1.5602999999999998e-08
125.056,0.0,0.5919296875000001,1.56589e-08
125.056,0.0,0.5916796875000001,1.5579600000000003e-08
125.056,0.0,0.5914296875000001,1.5621733333333336e-08
125.056,0.0,0.5911796875000002,1.561105e-08
125.056,0.0,0.5909296875000001,1.54704e-08
125.056,0.0,0.5906796875000001,1.56343e-08
125.056,0.0,0.5904296875000001,1.55903e-08
125.056,0.0,0.5901796875000002,1.55346e-08
125.056,0.0,0.5899296875000001,1.55475e-08
125.056,0.0,0.5896796875000001,1.56234e-08
125.056,0.0,0.5894296875000001,1.54683e-08
125.056,0.0,0.5891796875000002,1.5546349999999998e-08
125.056,0.0,0.5889296875000001,1.554955e-08
125.056,0.0,0.5886796875000001,1.543965e-08
125.056,0.0,0.5884296875000001,1.54783e-08
125.056,0.0,0.5881796875000002,1.5594e-08
125.056,0.0,0.5879296875000001,1.5587e-08
125.056,0.0,0.5876796875000001,1.568555e-08
125.056,0.0,0.5874296875000001,1.562705e-08
125.056,0.0,0.5871796875000002,1.55455e-08
125.056,0.0,0.5869296875000001,1.54779e-08
125.056,0.0,0.5866796875000001,1.54868e-08
125.056,0.0,0.5864296875000001,1.544455e-08
125.056,0.0,0.5861796875000002,1.555435e-08
125.056,0.0,0.5859296875000001,1.55111e-08
125.056,0.0,0.5856796875000001,1.56391e-08
125.056,0.0,0.5854296875000001,1.5453099999999998e-08
125.056,0.0,0.5851796875000002,1.5580849999999998e-08
125.056,0.0,0.5849296875000001,1.55036e-08
125.056,0.0,0.5846796875000001,1.5464633333333334e-08
125.056,0.0,0.5844296875000001,1.5566250000000002e-08
125.056,0.0,0.5841796875000002,1.55383e-08
125.056,0.0,0.5839296875000001,1.55184e-08
125.056,0.0,0.5836796875000001,1.55851e-08
125.056,0.0,0.5834296875000001,1.5482e-08
125.056,0.0,0.5831796875000002,1.54655e-08
125.056,0.0,0.5829296875000001,1.56103e-08
125.056,0.0,0.5826796875000001,1.5635e-08
125.056,0.0,0.5824296875000001,1.5503733333333334e-08
125.056,0.0,0.5821796875000002,1.56115e-08
125.056,0.0,0.5819296875000001,1.55867e-08
125.056,0.0,0.5816796875000001,1.552475e-08
125.056,0.0,0.5814296875000001,1.54742e-08
125.056,0.0,0.5811796875000002,1.552105e-08
125.056,0.0,0.5809296875000001,1.55533e-08
125.056,0.0,0.5806796875000001,1.5621200000000002e-08
125.056,0.0,0.5804296875000001,1.558985e-08
125.056,0.0,0.5801796875000002,1.55562e-08
125.056,0.0,0.5799296875000001,1.550765e-08
125.056,0.0,0.5796796875000001,1.5589500000000002e-08
125.056,0.0,0.5794296875000001,1.5633849999999998e-08
125.056,0.0,0.5791796875000002,1.56193e-08
125.056,0.0,0.5789296875000001,1.5488199999999997e-08
125.056,0.0,0.5786796875000001,1.54689e-08
125.056,0.0,0.5784296875000001,1.55704e-08
125.056,0.0,0.5781796875000002,1.5548750000000002e-08
125.056,0.0,0.5779296875000001,1.55777e-08
125.056,0.0,0.5776796875000001,1.5576199999999998e-08
125.056,0.0,0.5774296875000001,1.54589e-08
125.056,0.0,0.5771796875000001,1.54797e-08
125.056,0.0,0.5769296875000001,1.54825e-08
125.056,0.0,0.5766796875000001,1.548765e-08
125.056,0.0,0.5764296875000001,1.541235e-08
125.056,0.0,0.5761796875000001,1.53415e-08
125.056,0.0,0.5759296875000001,1.54573e-08
125.056,0.0,0.5756796875000001,1.5448150000000002e-08
125.056,0.0,0.5754296875000001,1.5471999999999998e-08
125.056,0.0,0.5751796875000001,1.52972e-08
125.056,0.0,0.5749296875000001,1.543665e-08
125.056,0.0,0.5746796875000001,1.536485e-08
125.056,0.0,0.5744296875000001,1.543015e-08
125.056,0.0,0.5741796875000001,1.53708e-08
125.056,0.0,0.5739296875000001,1.53202e-08
125.056,0.0,0.5736796875000001,1.53483e-08
125.056,0.0,0.5734296875000001,1.53324e-08
125.056,0.0,0.5731796875000001,1.53732e-08
125.056,0.0,0.5729296875000001,1.532915e-08
125.056,0.0,0.5726796875000001,1.53972e-08
125.056,0.0,0.5724296875000001,1.5399950000000003e-08
125.056,0.0,0.5721796875000001,1.54196e-08
125.056,0.0,0.5719296875000001,1.532415e-08
125.056,0.0,0.5716796875000001,1.533755e-08
125.056,0.0,0.5714296875000001,1.539525e-08
125.056,0.0,0.5711796875000001,1.5359e-08
125.056,0.0,0.5709296875000001,1.54452e-08
125.056,0.0,0.5706796875000001,1.54168e-08
125.056,0.0,0.5704296875000001,1.5421e-08
125.056,0.0,0.5701796875000001,1.56104e-08
125.056,0.0,0.5699296875000001,1.54755e-08
125.056,0.0,0.5696796875000001,1.5451749999999998e-08
125.056,0.0,0.5694296875000001,1.5469450000000002e-08
125.056,0.0,0.5691796875000001,1.5483449999999998e-08
125.056,0.0,0.5689296875000001,1.555635e-08
125.056,0.0,0.5686796875000001,1.555765e-08
125.056,0.0,0.5684296875000001,1.55479e-08
125.056,0.0,0.5681796875000001,1.54862e-08
125.056,0.0,0.5679296875000002,1.548445e-08
125.056,0.0,0.5676796875000001,1.552555e-08
125.056,0.0,0.5674296875000001,1.550565e-08
125.056,0.0,0.5671796875000001,1.54196e-08
125.056,0.0,0.5669296875000002,1.539615e-08
125.056,0.0,0.5666796875000001,1.5287666666666665e-08
125.056,0.0,0.5664296875000001,1.529325e-08
125.056,0.0,0.5661796875000001,1.53564e-08
125.056,0.0,0.5659296875000002,1.528435e-08
125.056,0.0,0.5656796875000001,1.531165e-08
125.056,0.0,0.5654296875000001,1.5282450000000002e-08
125.056,0.0,0.5651796875000001,1.51997e-08
125.056,0.0,0.5649296875000002,1.53531e-08
125.056,0.0,0.5646796875000001,1.528545e-08
125.056,0.0,0.5644296875000001,1.528055e-08
125.056,0.0,0.5641796875000001,1.526665e-08
125.056,0.0,0.5639296875000002,1.5253200000000002e-08
125.056,0.0,0.5636796875000001,1.524155e-08
125.056,0.0,0.5634296875000001,1.52815e-08
125.056,0.0,0.5631796875000001,1.53852e-08
125.056,0.0,0.5629296875000002,1.5286899999999998e-08
125.056,0.0,0.5626796875000001,1.53365e-08
125.056,0.0,0.5624296875000001,1.53008e-08
125.056,0.0,0.5621796875000001,1.5291799999999998e-08
125.056,0.0,0.5619296875000002,1.5334999999999998e-08
125.056,0.0,0.5616796875000001,1.527135e-08
125.056,0.0,0.5614296875000001,1.53872e-08
125.056,0.0,0.5611796875000001,1.5237900000000002e-08
125.056,0.0,0.5609296875000002,1.525425e-08
125.056,0.0,0.5606796875000001,1.528355e-08
125.056,0.0,0.5604296875000001,1.52243e-08
125.056,0.0,0.5601796875000001,1.5162e-08
125.056,0.0,0.5599296875000002,1.5295066666666668e-08
125.056,0.0,0.5596796875000001,1.5279799999999998e-08
125.056,0.0,0.5594296875000001,1.52913e-08
125.056,0.0,0.5591796875000001,1.531315e-08
125.056,0.0,0.5589296875000002,1.5310399999999998e-08
125.056,0.0,0.5586796875000001,1.532085e-08
125.056,0.0,0.5584296875000001,1.53538e-08
125.056,0.0,0.5581796875000001,1.53444e-08
125.056,0.0,0.5579296875000002,1.526535e-08
125.056,0.0,0.5576796875000001,1.522835e-08
125.056,0.0,0.5574296875000001,1.5397899999999998e-08
125.056,0.0,0.5571796875000001,1.5412949999999998e-08
125.056,0.0,0.5569296875000002,1.530635e-08
125.056,0.0,0.5566796875000001,1.531165e-08
125.056,0.0,0.5564296875000001,1.5389e-08
125.056,0.0,0.5561796875000001,1.54021e-08
125.056,0.0,0.5559296875000002,1.535015e-08
125.056,0.0,0.5556796875000001,1.537235e-08
125.056,0.0,0.5554296875000001,1.53627e-08
125.056,0.0,0.5551796875000001,1.53522e-08
125.056,0.0,0.5549296875000002,1.5445999999999998e-08
125.056,0.0,0.5546796875000001,1.53106e-08
125.056,0.0,0.5544296875000001,1.52993e-08
125.056,0.0,0.5541796875000001,1.538935e-08
125.056,0.0,0.5539296875000002,1.536565e-08
125.056,0.0,0.5536796875000001,1.537235e-08
125.056,0.0,0.5534296875000001,1.53088e-08
125.056,0.0,0.5531796875000001,1.5363100000000002e-08
125.056,0.0,0.5529296875000002,1.5423133333333334e-08
125.056,0.0,0.5526796875000001,1.5441300000000002e-08
125.056,0.0,0.5524296875000001,1.54426e-08
125.056,0.0,0.5521796875000001,1.54049e-08
125.056,0.0,0.5519296875000002,1.54046e-08
125.056,0.0,0.5516796875000001,1.5468249999999997e-08
125.056,0.0,0.5514296875000001,1.55121e-08
125.056,0.0,0.5511796875000001,1.5405200000000002e-08
125.056,0.0,0.5509296875000002,1.54974e-08
125.056,0.0,0.5506796875000001,1.5489466666666665e-08
125.056,0.0,0.5504296875000001,1.54545e-08
125.056,0.0,0.5501796875000001,1.5387849999999997e-08
125.056,0.0,0.5499296875000002,1.5360300000000003e-08
125.056,0.0,0.5496796875000001,1.5435800000000002e-08
125.056,0.0,0.5494296875000001,1.55723e-08
125.056,0.0,0.5491796875000001,1.54284e-08
125.056,0.0,0.5489296875000002,1.5415e-08
125.056,0.0,0.5486796875000001,1.540265e-08
125.056,0.0,0.5484296875000001,1.5293149999999998e-08
125.056,0.0,0.5481796875000001,1.530535e-08
125.056,0.0,0.5479296875000002,1.5256299999999997e-08
125.056,0.0,0.5476796875000001,1.52315e-08
125.056,0.0,0.5474296875000001,1.52471e-08
125.056,0.0,0.5471796875000001,1.5276e-08
125.056,0.0,0.5469296875000002,1.52276e-08
125.056,0.0,0.5466796875000001,1.5220650000000002e-08
125.056,0.0,0.5464296875000001,1.528995e-08
125.056,0.0,0.5461796875000001,1.524275e-08
125.056,0.0,0.5459296875000001,1.529325e-08
125.056,0.0,0.5456796875000001,1.54025e-08
125.056,0.0,0.5454296875000001,1.53278e-08
125.056,0.0,0.5451796875000001,1.54005e-08
125.056,0.0,0.5449296875000001,1.54647e-08
125.056,0.0,0.5446796875000001,1.546635e-08
125.056,0.0,0.5444296875000001,1.53585e-08
125.056,0.0,0.5441796875000001,1.53435e-08
125.056,0.0,0.5439296875000001,1.5473099999999998e-08
125.056,0.0,0.5436796875000001,1.52546e-08
125.056,0.0,0.5434296875000001,1.53335e-08
125.056,0.0,0.5431796875000001,1.535105e-08
125.056,0.0,0.5429296875000001,1.531235e-08
125.056,0.0,0.5426796875000001,1.529055e-08
125.056,0.0,0.5424296875000001,1.53243e-08
125.056,0.0,0.5421796875000001,1.533835e-08
125.056,0.0,0.5419296875000001,1.52971e-08
125.056,0.0,0.5416796875000001,1.52983e-08
125.056,0.0,0.5414296875000001,1.5319300000000003e-08
125.056,0.0,0.5411796875000001,1.538295e-08
125.056,0.0,0.5409296875000001,1.52757e-08
125.056,0.0,0.5406796875000001,1.53883e-08
125.056,0.0,0.5404296875000001,1.53936e-08
125.056,0.0,0.5401796875000001,1.5444649999999998e-08
125.056,0.0,0.5399296875000001,1.549815e-08
125.056,0.0,0.5396796875000001,1.55192e-08
125.056,0.0,0.5394296875000001,1.553625e-08
125.056,0.0,0.5391796875000001,1.55468e-08
125.056,0.0,0.5389296875000001,1.547805e-08
125.056,0.0,0.5386796875000001,1.54844e-08
125.056,0.0,0.5384296875000001,1.55413e-08
125.056,0.0,0.5381796875000001,1.5610099999999998e-08
125.056,0.0,0.5379296875000001,1.54989e-08
125.056,0.0,0.5376796875000001,1.54398e-08
125.056,0.0,0.5374296875000001,1.54721e-08
125.056,0.0,0.5371796875000001,1.541665e-08
125.056,0.0,0.5369296875000001,1.5409149999999997e-08
125.056,0.0,0.5366796875000002,1.54054e-08
125.056,0.0,0.5364296875000001,1.5307e-08
125.056,0.0,0.5361796875000001,1.528865e-08
125.056,0.0,0.5359296875000001,1.524545e-08
125.056,0.0,0.5356796875000002,1.53155e-08
125.056,0.0,0.5354296875000001,1.538555e-08
125.056,0.0,0.5351796875000001,1.523535e-08
125.056,0.0,0.5349296875000001,1.52799e-08
125.056,0.0,0.5346796875000002,1.539945e-08
125.056,0.0,0.5344296875000001,1.536055e-08
125.056,0.0,0.5341796875000001,1.52569e-08
125.056,0.0,0.5339296875000001,1.534875e-08
125.056,0.0,0.5336796875000002,1.53083e-08
125.056,0.0,0.5334296875000001,1.5303250000000002e-08
125.056,0.0,0.5331796875000001,1.542115e-08
125.056,0.0,0.5329296875000001,1.536015e-08
125.056,0.0,0.5326796875000002,1.541735e-08
125.056,0.0,0.5324296875000001,1.546245e-08
125.056,0.0,0.5321796875000001,1.552435e-08
125.056,0.0,0.5319296875000001,1.53977e-08
125.056,0.0,0.5316796875000002,1.53835e-08
125.056,0.0,0.5314296875000001,1.538345e-08
125.056,0.0,0.5311796875000001,1.536215e-08
125.056,0.0,0.5309296875000001,1.5477449999999998e-08
125.056,0.0,0.5306796875000002,1.538515e-08
125.056,0.0,0.5304296875000001,1.5410749999999998e-08
125.056,0.0,0.5301796875000001,1.5423550000000002e-08
125.056,0.0,0.5299296875000001,1.541285e-08
125.056,0.0,0.5296796875000002,1.54544e-08
125.056,0.0,0.5294296875000001,1.5503950000000002e-08
125.056,0.0,0.5291796875000001,1.5507049999999997e-08
125.056,0.0,0.5289296875000001,1.55713e-08
125.056,0.0,0.5286796875000002,1.55094e-08
125.056,0.0,0.5284296875000001,1.541935e-08
125.056,0.0,0.5281796875000001,1.55366e-08
125.056,0.0,0.5279296875000001,1.5538e-08
125.056,0.0,0.5276796875000002,1.55656e-08
125.056,0.0,0.5274296875000001,1.567395e-08
125.056,0.0,0.5271796875000001,1.564275e-08
125.056,0.0,0.5269296875000001,1.56315e-08
125.056,0.0,0.5266796875000002,1.57318e-08
125.056,0.0,0.5264296875000001,1.564845e-08
125.056,0.0,0.5261796875000001,1.57054e-08
125.056,0.0,0.5259296875000001,1.57105e-08
125.056,0.0,0.5256796875000002,1.5622300000000002e-08
125.056,0.0,0.5254296875000001,1.5667700000000002e-08
125.056,0.0,0.5251796875000001,1.57163e-08
125.056,0.0,0.5249296875000001,1.57258e-08
125.056,0.0,0.5246796875000002,1.56514e-08
125.056,0.0,0.5244296875000001,1.569835e-08
125.056,0.0,0.5241796875000001,1.5780449999999998e-08
125.056,0.0,0.5239296875000001,1.56958e-08
125.056,0.0,0.5236796875000002,1.5788049999999998e-08
125.056,0.0,0.5234296875000001,1.57345e-08
125.056,0.0,0.5231796875000001,1.5783999999999998e-08
125.056,0.0,0.5229296875000001,1.56865e-08
125.056,0.0,0.5226796875000002,1.56924e-08
125.056,0.0,0.5224296875000001,1.57766e-08
125.056,0.0,0.5221796875000001,1.573075e-08
125.056,0.0,0.5219296875000001,1.56833e-08
125.056,0.0,0.5216796875000002,1.583265e-08
125.056,0.0,0.5214296875000001,1.583965e-08
125.056,0.0,0.5211796875000001,1.56942e-08
125.056,0.0,0.5209296875000001,1.57255e-08
125.056,0.0,0.5206796875000002,1.569395e-08
125.056,0.0,0.5204296875000001,1.575265e-08
125.056,0.0,0.5201796875000001,1.5714200000000002e-08
125.056,0.0,0.5199296875000001,1.57983e-08
125.056,0.0,0.5196796875000002,1.5662849999999998e-08
125.056,0.0,0.5194296875000001,1.5752866666666664e-08
125.056,0.0,0.5191796875000001,1.57119e-08
125.056,0.0,0.5189296875000001,1.59214e-08
125.056,0.0,0.5186796875000002,1.567685e-08
125.056,0.0,0.5184296875000001,1.566115e-08
125.056,0.0,0.5181796875000001,1.583e-08
125.056,0.0,0.5179296875000001,1.57709e-08
125.056,0.0,0.5176796875000002,1.569435e-08
125.056,0.0,0.5174296875000001,1.5750949999999997e-08
125.056,0.0,0.5171796875000001,1.566805e-08
125.056,0.0,0.5169296875000001,1.574695e-08
125.056,0.0,0.5166796875000002,1.57691e-08
125.056,0.0,0.5164296875000001,1.5779550000000002e-08
125.056,0.0,0.5161796875000001,1.571565e-08
125.056,0.0,0.5159296875000001,1.5735e-08
125.056,0.0,0.5156796875000002,1.568285e-08
125.056,0.0,0.5154296875000001,1.57466e-08
125.056,0.0,0.5151796875000001,1.57044e-08
125.056,0.0,0.5149296875000001,1.57983e-08
125.056,0.0,0.5146796875000001,1.5769633333333333e-08
125.056,0.0,0.5144296875000001,1.572935e-08
125.056,0.0,0.5141796875000001,1.5816900000000003e-08
125.056,0.0,0.5139296875000001,1.57816e-08
125.056,0.0,0.5136796875000001,1.576985e-08
125.056,0.0,0.5134296875000001,1.576285e-08
125.056,0.0,0.5131796875000001,1.5877999999999998e-08
125.056,0.0,0.5129296875000001,1.5805e-08
125.056,0.0,0.5126796875000001,1.57842e-08
125.056,0.0,0.5124296875000001,1.5755233333333335e-08
125.056,0.0,0.5121796875000001,1.5682400000000003e-08
125.056,0.0,0.5119296875000001,1.57258e-08
125.056,0.0,0.5116796875000001,1.57072e-08
125.056,0.0,0.5114296875000001,1.580115e-08
125.056,0.0,0.5111796875000001,1.578e-08
125.056,0.0,0.5109296875000001,1.5785e-08
125.056,0.0,0.5106796875000001,1.5741000000000002e-08
125.056,0.0,0.5104296875000001,1.570865e-08
125.056,0.0,0.5101796875000001,1.5662133333333333e-08
125.056,0.0,0.5099296875000001,1.58006e-08
125.056,0.0,0.5096796875000001,1.573105e-08
125.056,0.0,0.5094296875000001,1.57493e-08
125.056,0.0,0.5091796875000001,1.5764250000000002e-08
125.056,0.0,0.5089296875000001,1.58148e-08
125.056,0.0,0.5086796875000001,1.58308e-08
125.056,0.0,0.5084296875000001,1.577555e-08
125.056,0.0,0.5081796875000001,1.579995e-08
125.056,0.0,0.5079296875000001,1.575485e-08
125.056,0.0,0.5076796875000001,1.5770500000000002e-08
125.056,0.0,0.5074296875000001,1.579915e-08
125.056,0.0,0.5071796875000001,1.587435e-08
125.056,0.0,0.5069296875000001,1.58053e-08
125.056,0.0,0.5066796875000001,1.58992e-08
125.056,0.0,0.5064296875000001,1.581245e-08
125.056,0.0,0.5061796875000001,1.59079e-08
125.056,0.0,0.5059296875000001,1.5946399999999998e-08
125.056,0.0,0.5056796875000001,1.58336e-08
125.056,0.0,0.5054296875000002,1.59033e-08
125.056,0.0,0.5051796875000001,1.58845e-08
125.056,0.0,0.5049296875000001,1.586865e-08
125.056,0.0,0.5046796875000001,1.590265e-08
125.056,0.0,0.5044296875000002,1.5898500000000002e-08
125.056,0.0,0.5041796875000001,1.59624e-08
125.056,0.0,0.5039296875000001,1.58576e-08
125.056,0.0,0.5036796875000001,1.584215e-08
125.056,0.0,0.5034296875000002,1.59268e-08
125.056,0.0,0.5031796875000001,1.58634e-08
125.056,0.0,0.5029296875000001,1.5906999999999998e-08
125.056,0.0,0.5026796875000001,1.587045e-08
125.056,0.0,0.5024296875000002,1.58532e-08
125.056,0.0,0.5021796875000001,1.59192e-08
125.056,0.0,0.5019296875000001,1.590925e-08
125.056,0.0,0.5016796875000001,1.590275e-08
125.056,0.0,0.5014296875000002,1.59563e-08
125.056,0.0,0.5011796875000001,1.59424e-08
125.056,0.0,0.5009296875000001,1.60486e-08
125.056,0.0,0.5006796875000001,1.592875e-08
125.056,0.0,0.5004296875000002,1.58974e-08
125.056,0.0,0.5001796875000001,1.60468e-08
125.056,0.0,0.4999296875000001,1.598375e-08
125.056,0.0,0.49967968750000014,1.6008050000000003e-08
125.056,0.0,0.4994296875000001,1.610615e-08
125.056,0.0,0.49917968750000014,1.611805e-08
125.056,0.0,0.4989296875000001,1.614145e-08
125.056,0.0,0.49867968750000014,1.61611e-08
125.056,0.0,0.4984296875000001,1.609805e-08
125.056,0.0,0.49817968750000013,1.62048e-08
125.056,0.0,0.4979296875000001,1.624425e-08
125.056,0.0,0.49767968750000013,1.6083050000000002e-08
125.056,0.0,0.4974296875000001,1.6140450000000002e-08
125.056,0.0,0.49717968750000013,1.61443e-08
125.056,0.0,0.4969296875000001,1.613565e-08
125.056,0.0,0.49667968750000013,1.617206666666667e-08
125.056,0.0,0.4964296875000001,1.61762e-08
125.056,0.0,0.49617968750000013,1.61196e-08
125.056,0.0,0.4959296875000001,1.61874e-08
125.056,0.0,0.49567968750000013,1.6171699999999998e-08
125.056,0.0,0.4954296875000001,1.614445e-08
125.056,0.0,0.49517968750000013,1.60878e-08
125.056,0.0,0.4949296875000001,1.607185e-08
125.056,0.0,0.49467968750000013,1.61025e-08
125.056,0.0,0.4944296875000001,1.6157999999999998e-08
125.056,0.0,0.49417968750000013,1.615165e-08
125.056,0.0,0.4939296875000001,1.60534e-08
125.056,0.0,0.49367968750000013,1.61207e-08
125.056,0.0,0.4934296875000001,1.6185999999999997e-08
125.056,0.0,0.49317968750000013,1.60801e-08
125.056,0.0,0.4929296875000001,1.613955e-08
125.056,0.0,0.49267968750000013,1.60677e-08
125.056,0.0,0.4924296875000001,1.620645e-08
125.056,0.0,0.49217968750000013,1.6163749999999998e-08
125.056,0.0,0.4919296875000001,1.62622e-08
125.056,0.0,0.49167968750000013,1.6215950000000002e-08
125.056,0.0,0.4914296875000001,1.613025e-08
125.056,0.0,0.49117968750000013,1.60664e-08
125.056,0.0,0.4909296875000001,1.60715e-08
125.056,0.0,0.49067968750000013,1.6109850000000002e-08
125.056,0.0,0.4904296875000001,1.6023e-08
125.056,0.0,0.4901796875000001,1.5926449999999998e-08
125.056,0.0,0.4899296875000001,1.58508e-08
125.056,0.0,0.4896796875000001,1.58858e-08
125.056,0.0,0.4894296875000001,1.58996e-08
125.056,0.0,0.4891796875000001,1.59412e-08
125.056,0.0,0.4889296875000001,1.59115e-08
125.056,0.0,0.4886796875000001,1.586165e-08
125.056,0.0,0.4884296875000001,1.5882350000000002e-08
125.056,0.0,0.4881796875000001,1.59766e-08
125.056,0.0,0.4879296875000001,1.5915366666666666e-08
125.056,0.0,0.4876796875000001,1.587375e-08
125.056,0.0,0.4874296875000001,1.58447e-08
125.056,0.0,0.4871796875000001,1.588505e-08
125.056,0.0,0.4869296875000001,1.589365e-08
125.056,0.0,0.4866796875000001,1.589475e-08
125.056,0.0,0.4864296875000001,1.59651e-08
125.056,0.0,0.4861796875000001,1.60261e-08
125.056,0.0,0.4859296875000001,1.60277e-08
125.056,0.0,0.4856796875000001,1.611985e-08
125.056,0.0,0.4854296875000001,1.613415e-08
125.056,0.0,0.4851796875000001,1.60272e-08
125.056,0.0,0.4849296875000001,1.6084650000000002e-08
125.056,0.0,0.4846796875000001,1.61687e-08
125.056,0.0,0.4844296875000001,1.60693e-08
125.056,0.0,0.4841796875000001,1.605635e-08
125.056,0.0,0.4839296875000001,1.6080600000000002e-08
125.056,0.0,0.4836796875000001,1.61595e-08
125.056,0.0,0.4834296875000001,1.6180999999999998e-08
125.056,0.0,0.4831796875000001,1.618825e-08
125.056,0.0,0.4829296875000001,1.615665e-08
125.056,0.0,0.4826796875000001,1.61677e-08
125.056,0.0,0.4824296875000001,1.61782e-08
125.056,0.0,0.4821796875000001,1.612465e-08
125.056,0.0,0.4819296875000001,1.618555e-08
125.056,0.0,0.4816796875000001,1.620025e-08
125.056,0.0,0.4814296875000001,1.6095699999999998e-08
125.056,0.0,0.4811796875000001,1.614505e-08
125.056,0.0,0.4809296875000001,1.60821e-08
125.056,0.0,0.4806796875000001,1.614185e-08
125.056,0.0,0.4804296875000001,1.61461e-08
125.056,0.0,0.4801796875000001,1.61178e-08
125.056,0.0,0.4799296875000001,1.6087499999999998e-08
125.056,0.0,0.4796796875000001,1.612725e-08
125.056,0.0,0.4794296875000001,1.61242e-08
125.056,0.0,0.4791796875000001,1.6106300000000002e-08
125.056,0.0,0.4789296875000001,1.6061133333333332e-08
125.056,0.0,0.4786796875000001,1.61115e-08
125.056,0.0,0.4784296875000001,1.6132e-08
125.056,0.0,0.4781796875000001,1.6126250000000002e-08
125.056,0.0,0.4779296875000001,1.6105950000000003e-08
125.056,0.0,0.4776796875000001,1.606865e-08
125.056,0.0,0.4774296875000001,1.61117e-08
125.056,0.0,0.4771796875000001,1.602795e-08
125.056,0.0,0.4769296875000001,1.61131e-08
125.056,0.0,0.4766796875000001,1.611515e-08
125.056,0.0,0.4764296875000001,1.610245e-08
125.056,0.0,0.4761796875000001,1.60354e-08
125.056,0.0,0.4759296875000001,1.606325e-08
125.056,0.0,0.4756796875000001,1.601755e-08
125.056,0.0,0.4754296875000001,1.59678e-08
125.056,0.0,0.4751796875000001,1.6059849999999998e-08
125.056,0.0,0.4749296875000001,1.603795e-08
125.056,0.0,0.4746796875000001,1.6033899999999998e-08
125.056,0.0,0.47442968750000014,1.60981e-08
125.056,0.0,0.4741796875000001,1.5908349999999998e-08
125.056,0.0,0.47392968750000014,1.5907466666666672e-08
125.056,0.0,0.4736796875000001,1.5914050000000002e-08
125.056,0.0,0.47342968750000014,1.58308e-08
125.056,0.0,0.4731796875000001,1.58259e-08
125.056,0.0,0.47292968750000014,1.5873550000000006e-08
125.056,0.0,0.4726796875000001,1.5939799999999998e-08
125.056,0.0,0.47242968750000014,1.5842e-08
125.056,0.0,0.4721796875000001,1.58971e-08
125.056,0.0,0.47192968750000014,1.601485e-08
125.056,0.0,0.4716796875000001,1.5975300000000002e-08
125.056,0.0,0.47142968750000014,1.60052e-08
125.056,0.0,0.4711796875000001,1.596665e-08
125.056,0.0,0.47092968750000014,1.596355e-08
125.056,0.0,0.4706796875000001,1.593685e-08
125.056,0.0,0.47042968750000014,1.59682e-08
125.056,0.0,0.4701796875000001,1.5990699999999998e-08
125.056,0.0,0.46992968750000014,1.589045e-08
125.056,0.0,0.4696796875000001,1.59385e-08
125.056,0.0,0.46942968750000014,1.5913800000000002e-08
125.056,0.0,0.4691796875000001,1.590325e-08
125.056,0.0,0.46892968750000014,1.5929e-08
125.056,0.0,0.4686796875000001,1.58747e-08
125.056,0.0,0.46842968750000014,1.57652e-08
125.056,0.0,0.4681796875000001,1.5859100000000002e-08
125.056,0.0,0.46792968750000014,1.5867349999999998e-08
125.056,0.0,0.4676796875000001,1.585635e-08
125.056,0.0,0.46742968750000014,1.5842e-08
125.056,0.0,0.4671796875000001,1.5878700000000003e-08
125.056,0.0,0.46692968750000013,1.582795e-08
125.056,0.0,0.4666796875000001,1.60599e-08
125.056,0.0,0.46642968750000013,1.5971200000000002e-08
125.056,0.0,0.4661796875000001,1.5946600000000002e-08
125.056,0.0,0.46592968750000013,1.591895e-08
125.056,0.0,0.4656796875000001,1.597665e-08
125.056,0.0,0.46542968750000013,1.5894e-08
125.056,0.0,0.4651796875000001,1.59916e-08
125.056,0.0,0.46492968750000013,1.60061e-08
125.056,0.0,0.4646796875000001,1.59557e-08
125.056,0.0,0.46442968750000013,1.60664e-08
125.056,0.0,0.4641796875000001,1.612615e-08
125.056,0.0,0.46392968750000013,1.6032e-08
125.056,0.0,0.4636796875000001,1.59843e-08
125.056,0.0,0.46342968750000013,1.594345e-08
125.056,0.0,0.4631796875000001,1.6008e-08
125.056,0.0,0.46292968750000013,1.5921499999999998e-08
125.056,0.0,0.4626796875000001,1.59964e-08
125.056,0.0,0.46242968750000013,1.593945e-08
125.056,0.0,0.4621796875000001,1.59093e-08
125.056,0.0,0.46192968750000013,1.59469e-08
125.056,0.0,0.4616796875000001,1.59437e-08
125.056,0.0,0.46142968750000013,1.5992750000000003e-08
125.056,0.0,0.4611796875000001,1.59168e-08
125.056,0.0,0.46092968750000013,1.59382e-08
125.056,0.0,0.4606796875000001,1.59206e-08
125.056,0.0,0.46042968750000013,1.591855e-08
125.056,0.0,0.4601796875000001,1.5919849999999998e-08
125.056,0.0,0.45992968750000013,1.594715e-08
125.056,0.0,0.4596796875000001,1.60188e-08
125.056,0.0,0.45942968750000013,1.588505e-08
125.056,0.0,0.4591796875000001,1.598755e-08
125.056,0.0,0.4589296875000001,1.596495e-08
125.056,0.0,0.4586796875000001,1.59693e-08
125.056,0.0,0.4584296875000001,1.5977700000000003e-08
125.056,0.0,0.4581796875000001,1.601715e-08
125.056,0.0,0.4579296875000001,1.5984900000000002e-08
125.056,0.0,0.4576796875000001,1.60703e-08
125.056,0.0,0.4574296875000001,1.599535e-08
125.056,0.0,0.4571796875000001,1.5972699999999997e-08
125.056,0.0,0.4569296875000001,1.6042349999999998e-08
125.056,0.0,0.4566796875000001,1.5977e-08
125.056,0.0,0.4564296875000001,1.593055e-08
125.056,0.0,0.4561796875000001,1.593715e-08
125.056,0.0,0.4559296875000001,1.5923100000000002e-08
125.056,0.0,0.4556796875000001,1.589665e-08
125.056,0.0,0.4554296875000001,1.58108e-08
125.056,0.0,0.4551796875000001,1.593255e-08
125.056,0.0,0.4549296875000001,1.5931e-08
125.056,0.0,0.4546796875000001,1.57994e-08
125.056,0.0,0.4544296875000001,1.5886549999999997e-08
125.056,0.0,0.4541796875000001,1.5775199999999998e-08
125.056,0.0,0.4539296875000001,1.57971e-08
125.056,0.0,0.4536796875000001,1.580075e-08
125.056,0.0,0.4534296875000001,1.575585e-08
125.056,0.0,0.4531796875000001,1.574865e-08
125.056,0.0,0.4529296875000001,1.57959e-08
125.056,0.0,0.4526796875000001,1.57937e-08
125.056,0.0,0.4524296875000001,1.575285e-08
125.056,0.0,0.4521796875000001,1.568555e-08
125.056,0.0,0.4519296875000001,1.57697e-08
125.056,0.0,0.4516796875000001,1.57367e-08
125.056,0.0,0.4514296875000001,1.57873e-08
125.056,0.0,0.4511796875000001,1.577835e-08
125.056,0.0,0.4509296875000001,1.581355e-08
125.056,0.0,0.4506796875000001,1.56826e-08
125.056,0.0,0.4504296875000001,1.5779800000000002e-08
125.056,0.0,0.4501796875000001,1.5783149999999998e-08
125.056,0.0,0.4499296875000001,1.57695e-08
125.056,0.0,0.4496796875000001,1.5753899999999998e-08
125.056,0.0,0.4494296875000001,1.57836e-08
125.056,0.0,0.4491796875000001,1.5756550000000002e-08
125.056,0.0,0.4489296875000001,1.57516e-08
125.056,0.0,0.4486796875000001,1.572295e-08
125.056,0.0,0.4484296875000001,1.5806e-08
125.056,0.0,0.4481796875000001,1.57655e-08
125.056,0.0,0.4479296875000001,1.57909e-08
125.056,0.0,0.4476796875000001,1.57825e-08
125.056,0.0,0.4474296875000001,1.5733099999999998e-08
125.056,0.0,0.4471796875000001,1.5835899999999998e-08
125.056,0.0,0.4469296875000001,1.576885e-08
125.056,0.0,0.4466796875000001,1.5959200000000002e-08
125.056,0.0,0.4464296875000001,1.5911149999999998e-08
125.056,0.0,0.4461796875000001,1.57947e-08
125.056,0.0,0.4459296875000001,1.58103e-08
125.056,0.0,0.4456796875000001,1.5787750000000002e-08
125.056,0.0,0.4454296875000001,1.57707e-08
125.056,0.0,0.4451796875000001,1.5765850000000002e-08
125.056,0.0,0.4449296875000001,1.5830950000000002e-08
125.056,0.0,0.4446796875000001,1.577355e-08
125.056,0.0,0.4444296875000001,1.569285e-08
125.056,0.0,0.4441796875000001,1.572095e-08
125.056,0.0,0.4439296875000001,1.5848e-08
125.056,0.0,0.4436796875000001,1.574365e-08
125.056,0.0,0.4434296875000001,1.57302e-08
125.056,0.0,0.44317968750000014,1.57135e-08
125.056,0.0,0.4429296875000001,1.57673e-08
125.056,0.0,0.44267968750000014,1.576375e-08
125.056,0.0,0.4424296875000001,1.5663e-08
125.056,0.0,0.44217968750000014,1.576075e-08
125.056,0.0,0.4419296875000001,1.57509e-08
125.056,0.0,0.44167968750000014,1.58275e-08
125.056,0.0,0.4414296875000001,1.5780050000000002e-08
125.056,0.0,0.44117968750000014,1.5732349999999997e-08
125.056,0.0,0.4409296875000001,1.57884e-08
125.056,0.0,0.44067968750000014,1.57809e-08
125.056,0.0,0.4404296875000001,1.569495e-08
125.056,0.0,0.44017968750000014,1.584935e-08
125.056,0.0,0.4399296875000001,1.57432e-08
125.056,0.0,0.43967968750000014,1.574525e-08
125.056,0.0,0.4394296875000001,1.5809099999999998e-08
125.056,0.0,0.43917968750000014,1.580295e-08
125.056,0.0,0.4389296875000001,1.56893e-08
125.056,0.0,0.43867968750000014,1.575885e-08
125.056,0.0,0.4384296875000001,1.570695e-08
125.056,0.0,0.43817968750000014,1.5745449999999998e-08
125.056,0.0,0.4379296875000001,1.572725e-08
125.056,0.0,0.43767968750000014,1.576765e-08
125.056,0.0,0.4374296875000001,1.5700899999999997e-08
125.056,0.0,0.43717968750000014,1.56856e-08
125.056,0.0,0.4369296875000001,1.58276e-08
125.056,0.0,0.43667968750000014,1.5673700000000002e-08
125.056,0.0,0.4364296875000001,1.5689149999999997e-08
125.056,0.0,0.43617968750000014,1.57051e-08
125.056,0.0,0.4359296875000001,1.565085e-08
125.056,0.0,0.43567968750000013,1.5619500000000003e-08
125.056,0.0,0.4354296875000001,1.566825e-08
125.056,0.0,0.43517968750000013,1.565775e-08
125.056,0.0,0.4349296875000001,1.56094e-08
125.056,0.0,0.43467968750000013,1.56231e-08
125.056,0.0,0.4344296875000001,1.560355e-08
125.056,0.0,0.43417968750000013,1.56164e-08
125.056,0.0,0.4339296875000001,1.55387e-08
125.056,0.0,0.43367968750000013,1.559745e-08
125.056,0.0,0.4334296875000001,1.5562199999999998e-08
125.056,0.0,0.43317968750000013,1.555285e-08
125.056,0.0,0.4329296875000001,1.54495e-08
125.056,0.0,0.43267968750000013,1.554935e-08
125.056,0.0,0.4324296875000001,1.558745e-08
125.056,0.0,0.43217968750000013,1.552865e-08
125.056,0.0,0.4319296875000001,1.57144e-08
125.056,0.0,0.43167968750000013,1.5541699999999998e-08
125.056,0.0,0.4314296875000001,1.5577299999999997e-08
125.056,0.0,0.43117968750000013,1.55543e-08
125.056,0.0,0.4309296875000001,1.5522450000000003e-08
125.056,0.0,0.43067968750000013,1.561015e-08
125.056,0.0,0.4304296875000001,1.5607850000000002e-08
125.056,0.0,0.43017968750000013,1.55826e-08
125.056,0.0,0.4299296875000001,1.55828e-08
125.056,0.0,0.42967968750000013,1.5605900000000002e-08
125.056,0.0,0.4294296875000001,1.55598e-08
125.056,0.0,0.42917968750000013,1.55309e-08
125.056,0.0,0.4289296875000001,1.55792e-08
125.056,0.0,0.42867968750000013,1.552105e-08
125.056,0.0,0.4284296875000001,1.554565e-08
125.056,0.0,0.42817968750000013,1.55283e-08
125.056,0.0,0.4279296875000001,1.562395e-08
125.056,0.0,0.4276796875000001,1.553555e-08
125.056,0.0,0.4274296875000001,1.560195e-08
125.056,0.0,0.4271796875000001,1.547625e-08
125.056,0.0,0.4269296875000001,1.556805e-08
125.056,0.0,0.4266796875000001,1.550365e-08
125.056,0.0,0.4264296875000001,1.555335e-08
125.056,0.0,0.4261796875000001,1.5462e-08
125.056,0.0,0.4259296875000001,1.54979e-08
125.056,0.0,0.4256796875000001,1.55392e-08
125.056,0.0,0.4254296875000001,1.555245e-08
125.056,0.0,0.4251796875000001,1.56138e-08
125.056,0.0,0.4249296875000001,1.55209e-08
125.056,0.0,0.4246796875000001,1.5593999999999997e-08
125.056,0.0,0.4244296875000001,1.5575699999999997e-08
125.056,0.0,0.4241796875000001,1.56321e-08
125.056,0.0,0.4239296875000001,1.56488e-08
125.056,0.0,0.4236796875000001,1.558e-08
125.056,0.0,0.4234296875000001,1.565945e-08
125.056,0.0,0.4231796875000001,1.56369e-08
125.056,0.0,0.4229296875000001,1.55582e-08
125.056,0.0,0.4226796875000001,1.55991e-08
125.056,0.0,0.4224296875000001,1.56281e-08
125.056,0.0,0.4221796875000001,1.55389e-08
125.056,0.0,0.4219296875000001,1.5618049999999997e-08
125.056,0.0,0.4216796875000001,1.555955e-08
125.056,0.0,0.4214296875000001,1.56634e-08
125.056,0.0,0.4211796875000001,1.56216e-08
125.056,0.0,0.4209296875000001,1.561465e-08
125.056,0.0,0.4206796875000001,1.567195e-08
125.056,0.0,0.4204296875000001,1.5706299999999998e-08
125.056,0.0,0.4201796875000001,1.5640699999999998e-08
125.056,0.0,0.4199296875000001,1.567195e-08
125.056,0.0,0.4196796875000001,1.574355e-08
125.056,0.0,0.4194296875000001,1.5742149999999998e-08
125.056,0.0,0.4191796875000001,1.58302e-08
125.056,0.0,0.4189296875000001,1.562885e-08
125.056,0.0,0.4186796875000001,1.56912e-08
125.056,0.0,0.4184296875000001,1.563805e-08
125.056,0.0,0.4181796875000001,1.57585e-08
125.056,0.0,0.4179296875000001,1.5721833333333332e-08
125.056,0.0,0.4176796875000001,1.5648399999999997e-08
125.056,0.0,0.4174296875000001,1.5691599999999997e-08
125.056,0.0,0.4171796875000001,1.56043e-08
125.056,0.0,0.4169296875000001,1.5620950000000002e-08
125.056,0.0,0.4166796875000001,1.562395e-08
125.056,0.0,0.4164296875000001,1.561905e-08
125.056,0.0,0.4161796875000001,1.5665e-08
125.056,0.0,0.4159296875000001,1.56326e-08
125.056,0.0,0.4156796875000001,1.565335e-08
125.056,0.0,0.4154296875000001,1.5723750000000002e-08
125.056,0.0,0.4151796875000001,1.5614749999999998e-08
125.056,0.0,0.4149296875000001,1.563315e-08
125.056,0.0,0.4146796875000001,1.566605e-08
125.056,0.0,0.4144296875000001,1.5703099999999997e-08
125.056,0.0,0.4141796875000001,1.57409e-08
125.056,0.0,0.4139296875000001,1.57843e-08
125.056,0.0,0.4136796875000001,1.574185e-08
125.056,0.0,0.4134296875000001,1.574855e-08
125.056,0.0,0.4131796875000001,1.56958e-08
125.056,0.0,0.4129296875000001,1.563525e-08
125.056,0.0,0.4126796875000001,1.5675900000000002e-08
125.056,0.0,0.4124296875000001,1.567295e-08
125.056,0.0,0.4121796875000001,1.56662e-08
125.056,0.0,0.41192968750000014,1.567195e-08
125.056,0.0,0.4116796875000001,1.572495e-08
125.056,0.0,0.41142968750000014,1.562655e-08
125.056,0.0,0.4111796875000001,1.567505e-08
125.056,0.0,0.41092968750000014,1.56952e-08
125.056,0.0,0.4106796875000001,1.57854e-08
125.056,0.0,0.41042968750000014,1.57463e-08
125.056,0.0,0.4101796875000001,1.564015e-08
125.056,0.0,0.40992968750000014,1.57002e-08
125.056,0.0,0.4096796875000001,1.5700649999999997e-08
125.056,0.0,0.40942968750000014,1.570575e-08
125.056,0.0,0.4091796875000001,1.58599e-08
125.056,0.0,0.40892968750000014,1.5712099999999997e-08
125.056,0.0,0.4086796875000001,1.5683500000000003e-08
125.056,0.0,0.40842968750000014,1.58162e-08
125.056,0.0,0.4081796875000001,1.56917e-08
125.056,0.0,0.40792968750000014,1.57307e-08
125.056,0.0,0.4076796875000001,1.585085e-08
125.056,0.0,0.40742968750000014,1.58403e-08
125.056,0.0,0.4071796875000001,1.568735e-08
125.056,0.0,0.40692968750000014,1.5784249999999998e-08
125.056,0.0,0.4066796875000001,1.568135e-08
125.056,0.0,0.40642968750000014,1.58165e-08
125.056,0.0,0.4061796875000001,1.57547e-08
125.056,0.0,0.40592968750000014,1.564505e-08
125.056,0.0,0.4056796875000001,1.572475e-08
125.056,0.0,0.40542968750000014,1.5755e-08
125.056,0.0,0.4051796875000001,1.57079e-08
125.056,0.0,0.40492968750000014,1.570105e-08
125.056,0.0,0.4046796875000001,1.569855e-08
125.056,0.0,0.40442968750000013,1.5613850000000002e-08
125.056,0.0,0.4041796875000001,1.555395e-08
125.056,0.0,0.40392968750000013,1.55634e-08
125.056,0.0,0.4036796875000001,1.5679200000000002e-08
125.056,0.0,0.40342968750000013,1.56357e-08
125.056,0.0,0.4031796875000001,1.56749e-08
125.056,0.0,0.40292968750000013,1.5654399999999998e-08
125.056,0.0,0.4026796875000001,1.5655e-08
125.056,0.0,0.40242968750000013,1.577225e-08
125.056,0.0,0.4021796875000001,1.57371e-08
125.056,0.0,0.40192968750000013,1.5808e-08
125.056,0.0,0.4016796875000001,1.566145e-08
125.056,0.0,0.40142968750000013,1.56901e-08
125.056,0.0,0.4011796875000001,1.57101e-08
125.056,0.0,0.40092968750000013,1.56783e-08
125.056,0.0,0.4006796875000001,1.570115e-08
125.056,0.0,0.40042968750000013,1.56058e-08
125.056,0.0,0.4001796875000001,1.56554e-08
125.056,0.0,0.39992968750000013,1.5633433333333336e-08
125.056,0.0,0.3996796875000001,1.561725e-08
125.056,0.0,0.39942968750000013,1.55964e-08
125.056,0.0,0.3991796875000001,1.562005e-08
125.056,0.0,0.39892968750000013,1.56104e-08
125.056,0.0,0.3986796875000001,1.563365e-08
125.056,0.0,0.39842968750000013,1.5705e-08
125.056,0.0,0.3981796875000001,1.5593949999999998e-08
125.056,0.0,0.39792968750000013,1.56244e-08
125.056,0.0,0.3976796875000001,1.5597499999999998e-08
125.056,0.0,0.39742968750000013,1.5668e-08
125.056,0.0,0.3971796875000001,1.560445e-08
125.056,0.0,0.39692968750000013,1.56166e-08
125.056,0.0,0.3966796875000001,1.5678100000000002e-08
125.056,0.0,0.3964296875000001,1.56757e-08
125.056,0.0,0.3961796875000001,1.57136e-08
125.056,0.0,0.3959296875000001,1.5585100000000002e-08
125.056,0.0,0.3956796875000001,1.558615e-08
125.056,0.0,0.3954296875000001,1.56063e-08
125.056,0.0,0.3951796875000001,1.5585e-08
125.056,0.0,0.3949296875000001,1.5588999999999998e-08
125.056,0.0,0.3946796875000001,1.5613399999999997e-08
125.056,0.0,0.3944296875000001,1.55887e-08
125.056,0.0,0.3941796875000001,1.56517e-08
125.056,0.0,0.3939296875000001,1.570725e-08
125.056,0.0,0.3936796875000001,1.551145e-08
125.056,0.0,0.3934296875000001,1.55377e-08
125.056,0.0,0.3931796875000001,1.56862e-08
125.056,0.0,0.3929296875000001,1.5630250000000002e-08
125.056,0.0,0.3926796875000001,1.559475e-08
125.056,0.0,0.3924296875000001,1.5608999999999998e-08
125.056,0.0,0.3921796875000001,1.564945e-08
125.056,0.0,0.3919296875000001,1.56646e-08
125.056,0.0,0.3916796875000001,1.5680300000000002e-08
125.056,0.0,0.3914296875000001,1.56537e-08
125.056,0.0,0.3911796875000001,1.57197e-08
125.056,0.0,0.3909296875000001,1.577075e-08
125.056,0.0,0.3906796875000001,1.5729e-08
125.056,0.0,0.3904296875000001,1.577885e-08
125.056,0.0,0.3901796875000001,1.5770899999999997e-08
125.056,0.0,0.3899296875000001,1.579725e-08
125.056,0.0,0.3896796875000001,1.5742e-08
125.056,0.0,0.3894296875000001,1.569735e-08
125.056,0.0,0.3891796875000001,1.57928e-08
125.056,0.0,0.3889296875000001,1.57155e-08
125.056,0.0,0.3886796875000001,1.572585e-08
125.056,0.0,0.3884296875000001,1.570745e-08
125.056,0.0,0.3881796875000001,1.5774449999999997e-08
125.056,0.0,0.3879296875000001,1.563505e-08
125.056,0.0,0.3876796875000001,1.56979e-08
125.056,0.0,0.3874296875000001,1.57468e-08
125.056,0.0,0.3871796875000001,1.567965e-08
125.056,0.0,0.3869296875000001,1.579695e-08
125.056,0.0,0.3866796875000001,1.579585e-08
125.056,0.0,0.3864296875000001,1.58437e-08
125.056,0.0,0.3861796875000001,1.5847350000000002e-08
125.056,0.0,0.3859296875000001,1.587655e-08
125.056,0.0,0.3856796875000001,1.58053e-08
125.056,0.0,0.3854296875000001,1.58528e-08
125.056,0.0,0.3851796875000001,1.580405e-08
125.056,0.0,0.3849296875000001,1.585035e-08
125.056,0.0,0.3846796875000001,1.58883e-08
125.056,0.0,0.3844296875000001,1.58714e-08
125.056,0.0,0.3841796875000001,1.59285e-08
125.056,0.0,0.3839296875000001,1.5963666666666664e-08
125.056,0.0,0.3836796875000001,1.57939e-08
125.056,0.0,0.3834296875000001,1.58761e-08
125.056,0.0,0.3831796875000001,1.58454e-08
125.056,0.0,0.3829296875000001,1.58448e-08
125.056,0.0,0.3826796875000001,1.58773e-08
125.056,0.0,0.3824296875000001,1.587825e-08
125.056,0.0,0.3821796875000001,1.5852649999999997e-08
125.056,0.0,0.3819296875000001,1.58276e-08
125.056,0.0,0.3816796875000001,1.57702e-08
125.056,0.0,0.3814296875000001,1.583545e-08
125.056,0.0,0.3811796875000001,1.572205e-08
125.056,0.0,0.3809296875000001,1.571575e-08
125.056,0.0,0.38067968750000014,1.57006e-08
125.056,0.0,0.3804296875000001,1.568245e-08
125.056,0.0,0.38017968750000014,1.573095e-08
125.056,0.0,0.3799296875000001,1.562355e-08
125.056,0.0,0.37967968750000014,1.56012e-08
125.056,0.0,0.3794296875000001,1.57305e-08
125.056,0.0,0.37917968750000014,1.5585700000000002e-08
125.056,0.0,0.3789296875000001,1.55294e-08
125.056,0.0,0.37867968750000014,1.56637e-08
125.056,0.0,0.3784296875000001,1.55347e-08
125.056,0.0,0.37817968750000014,1.5527450000000002e-08
125.056,0.0,0.3779296875000001,1.5478e-08
125.056,0.0,0.37767968750000014,1.55934e-08
125.056,0.0,0.3774296875000001,1.5529366666666672e-08
125.056,0.0,0.37717968750000014,1.54346e-08
125.056,0.0,0.3769296875000001,1.5448533333333334e-08
125.056,0.0,0.37667968750000014,1.54966e-08
125.056,0.0,0.3764296875000001,1.5325050000000003e-08
125.056,0.0,0.37617968750000014,1.53732e-08
125.056,0.0,0.3759296875000001,1.542925e-08
125.056,0.0,0.37567968750000014,1.54349e-08
125.056,0.0,0.3754296875000001,1.54616e-08
125.056,0.0,0.37517968750000014,1.537065e-08
125.056,0.0,0.3749296875000001,1.53002e-08
125.056,0.0,0.37467968750000014,1.5282950000000006e-08
125.056,0.0,0.3744296875000001,1.545155e-08
125.056,0.0,0.37417968750000014,1.53966e-08
125.056,0.0,0.3739296875000001,1.535035e-08
125.056,0.0,0.37367968750000014,1.54464e-08
125.056,0.0,0.3734296875000001,1.54387e-08
125.056,0.0,0.37317968750000013,1.549455e-08
125.056,0.0,0.3729296875000001,1.5394800000000002e-08
125.056,0.0,0.37267968750000013,1.5456600000000002e-08
125.056,0.0,0.3724296875000001,1.547265e-08
125.056,0.0,0.37217968750000013,1.542015e-08
125.056,0.0,0.3719296875000001,1.55191e-08
125.056,0.0,0.37167968750000013,1.539315e-08
125.056,0.0,0.3714296875000001,1.539625e-08
125.056,0.0,0.37117968750000013,1.5474950000000002e-08
125.056,0.0,0.3709296875000001,1.5439850000000003e-08
125.056,0.0,0.37067968750000013,1.5443299999999998e-08
125.056,0.0,0.3704296875000001,1.54327e-08
125.056,0.0,0.37017968750000013,1.549655e-08
125.056,0.0,0.3699296875000001,1.56679e-08
125.056,0.0,0.36967968750000013,1.551455e-08
125.056,0.0,0.3694296875000001,1.551255e-08
125.056,0.0,0.36917968750000013,1.5556700000000002e-08
125.056,0.0,0.3689296875000001,1.55387e-08
125.056,0.0,0.36867968750000013,1.55559e-08
125.056,0.0,0.3684296875000001,1.5650966666666666e-08
125.056,0.0,0.36817968750000013,1.545765e-08
125.056,0.0,0.3679296875000001,1.56828e-08
125.056,0.0,0.36767968750000013,1.57024e-08
125.056,0.0,0.3674296875000001,1.55469e-08
125.056,0.0,0.36717968750000013,1.5520999999999997e-08
125.056,0.0,0.3669296875000001,1.57427e-08
125.056,0.0,0.36667968750000013,1.556395e-08
125.056,0.0,0.3664296875000001,1.552975e-08
125.056,0.0,0.36617968750000013,1.55936e-08
125.056,0.0,0.3659296875000001,1.5527499999999998e-08
125.056,0.0,0.36567968750000013,1.5664e-08
125.056,0.0,0.3654296875000001,1.55973e-08
125.056,0.0,0.3651796875000001,1.556505e-08
125.056,0.0,0.3649296875000001,1.55938e-08
125.056,0.0,0.3646796875000001,1.569865e-08
125.056,0.0,0.3644296875000001,1.5544600000000003e-08
125.056,0.0,0.3641796875000001,1.5523949999999998e-08
125.056,0.0,0.3639296875000001,1.54614e-08
125.056,0.0,0.3636796875000001,1.55245e-08
125.056,0.0,0.3634296875000001,1.5609950000000003e-08
125.056,0.0,0.3631796875000001,1.54838e-08
125.056,0.0,0.3629296875000001,1.5586e-08
125.056,0.0,0.3626796875000001,1.547425e-08
125.056,0.0,0.3624296875000001,1.54323e-08
125.056,0.0,0.3621796875000001,1.548445e-08
125.056,0.0,0.3619296875000001,1.55056e-08
125.056,0.0,0.3616796875000001,1.53895e-08
125.056,0.0,0.3614296875000001,1.544585e-08
125.056,0.0,0.3611796875000001,1.5456399999999998e-08
125.056,0.0,0.3609296875000001,1.54302e-08
125.056,0.0,0.3606796875000001,1.5240850000000002e-08
125.056,0.0,0.3604296875000001,1.54826e-08
125.056,0.0,0.3601796875000001,1.54562e-08
125.056,0.0,0.3599296875000001,1.53588e-08
125.056,0.0,0.3596796875000001,1.5386100000000002e-08
125.056,0.0,0.3594296875000001,1.53674e-08
125.056,0.0,0.3591796875000001,1.53726e-08
125.056,0.0,0.3589296875000001,1.553405e-08
125.056,0.0,0.3586796875000001,1.524565e-08
125.056,0.0,0.3584296875000001,1.5375950000000002e-08
125.056,0.0,0.3581796875000001,1.52963e-08
125.056,0.0,0.3579296875000001,1.51978e-08
125.056,0.0,0.3576796875000001,1.54009e-08
125.056,0.0,0.3574296875000001,1.56405e-08
125.056,0.0,0.3571796875000001,1.53876e-08
125.056,0.0,0.3569296875000001,1.53991e-08
125.056,0.0,0.3566796875000001,1.5439100000000002e-08
125.056,0.0,0.3564296875000001,1.5232449999999998e-08
125.056,0.0,0.3561796875000001,1.541235e-08
125.056,0.0,0.3559296875000001,1.53604e-08
125.056,0.0,0.3556796875000001,1.537665e-08
125.056,0.0,0.3554296875000001,1.5375700000000002e-08
125.056,0.0,0.3551796875000001,1.5408250000000002e-08
125.056,0.0,0.3549296875000001,1.52879e-08
125.056,0.0,0.3546796875000001,1.55091e-08
125.056,0.0,0.3544296875000001,1.5390200000000002e-08
125.056,0.0,0.3541796875000001,1.54852e-08
125.056,0.0,0.3539296875000001,1.5496049999999998e-08
125.056,0.0,0.3536796875000001,1.54055e-08
125.056,0.0,0.3534296875000001,1.530415e-08
125.056,0.0,0.3531796875000001,1.53834e-08
125.056,0.0,0.3529296875000001,1.52733e-08
125.056,0.0,0.3526796875000001,1.53874e-08
125.056,0.0,0.3524296875000001,1.52737e-08
125.056,0.0,0.3521796875000001,1.540325e-08
125.056,0.0,0.3519296875000001,1.53597e-08
125.056,0.0,0.3516796875000001,1.534005e-08
125.056,0.0,0.3514296875000001,1.52877e-08
125.056,0.0,0.3511796875000001,1.53038e-08
125.056,0.0,0.3509296875000001,1.5202949999999998e-08
125.056,0.0,0.3506796875000001,1.5419650000000003e-08
125.056,0.0,0.3504296875000001,1.53816e-08
125.056,0.0,0.3501796875000001,1.544555e-08
125.056,0.0,0.3499296875000001,1.511785e-08
125.056,0.0,0.3496796875000001,1.537345e-08
125.056,0.0,0.34942968750000014,1.537535e-08
125.056,0.0,0.3491796875000001,1.55856e-08
125.056,0.0,0.34892968750000014,1.5305249999999997e-08
125.056,0.0,0.3486796875000001,1.539955e-08
125.056,0.0,0.34842968750000014,1.5344500000000002e-08
125.056,0.0,0.3481796875000001,1.550465e-08
125.056,0.0,0.34792968750000014,1.5795100000000002e-08
125.056,0.0,0.3476796875000001,1.53894e-08
125.056,0.0,0.34742968750000014,1.54968e-08
125.056,0.0,0.3471796875000001,1.54504e-08
125.056,0.0,0.34692968750000014,1.54306e-08
125.056,0.0,0.3466796875000001,1.5522849999999998e-08
125.056,0.0,0.34642968750000014,1.553765e-08
125.056,0.0,0.3461796875000001,1.53302e-08
125.056,0.0,0.34592968750000014,1.544886666666667e-08
125.056,0.0,0.3456796875000001,1.55289e-08
125.056,0.0,0.34542968750000014,1.53627e-08
125.056,0.0,0.3451796875000001,1.54399e-08
125.056,0.0,0.34492968750000014,1.5528550000000002e-08
125.056,0.0,0.3446796875000001,1.555615e-08
125.056,0.0,0.34442968750000014,1.563885e-08
125.056,0.0,0.3441796875000001,1.5515e-08
125.056,0.0,0.34392968750000014,1.5615450000000002e-08
125.056,0.0,0.3436796875000001,1.56043e-08
125.056,0.0,0.34342968750000014,1.55374e-08
125.056,0.0,0.3431796875000001,1.54935e-08
125.056,0.0,0.34292968750000014,1.55611e-08
125.056,0.0,0.3426796875000001,1.55659e-08
125.056,0.0,0.34242968750000014,1.55261e-08
125.056,0.0,0.3421796875000001,1.53128e-08
125.056,0.0,0.34192968750000013,1.550435e-08
125.056,0.0,0.3416796875000001,1.5540349999999998e-08
125.056,0.0,0.34142968750000013,1.54927e-08
125.056,0.0,0.3411796875000001,1.55454e-08
125.056,0.0,0.34092968750000013,1.553405e-08
125.056,0.0,0.3406796875000001,1.553375e-08
125.056,0.0,0.34042968750000013,1.552115e-08
125.056,0.0,0.3401796875000001,1.54461e-08
125.056,0.0,0.33992968750000013,1.5552050000000002e-08
125.056,0.0,0.3396796875000001,1.5608399999999998e-08
125.056,0.0,0.33942968750000013,1.546965e-08
125.056,0.0,0.3391796875000001,1.553535e-08
125.056,0.0,0.33892968750000013,1.55973e-08
125.056,0.0,0.3386796875000001,1.569775e-08
125.056,0.0,0.33842968750000013,1.5638950000000006e-08
125.056,0.0,0.3381796875000001,1.57958e-08
125.056,0.0,0.33792968750000013,1.56849e-08
125.056,0.0,0.3376796875000001,1.5699299999999997e-08
125.056,0.0,0.33742968750000013,1.57015e-08
125.056,0.0,0.3371796875000001,1.58291e-08
125.056,0.0,0.33692968750000013,1.57127e-08
125.056,0.0,0.3366796875000001,1.5882649999999998e-08
125.056,0.0,0.33642968750000013,1.57785e-08
125.056,0.0,0.3361796875000001,1.582015e-08
125.056,0.0,0.33592968750000013,1.57322e-08
125.056,0.0,0.3356796875000001,1.587955e-08
125.056,0.0,0.33542968750000013,1.5856949999999998e-08
125.056,0.0,0.3351796875000001,1.58776e-08
125.056,0.0,0.33492968750000013,1.56744e-08
125.056,0.0,0.3346796875000001,1.597465e-08
125.056,0.0,0.33442968750000013,1.5758500000000002e-08
125.056,0.0,0.3341796875000001,1.6040950000000002e-08
125.056,0.0,0.3339296875000001,1.588675e-08
125.056,0.0,0.3336796875000001,1.58944e-08
125.056,0.0,0.3334296875000001,1.59111e-08
125.056,0.0,0.3331796875000001,1.5931349999999998e-08
125.056,0.0,0.3329296875000001,1.60146e-08
125.056,0.0,0.3326796875000001,1.58211e-08
125.056,0.0,0.3324296875000001,1.591585e-08
125.056,0.0,0.3321796875000001,1.586435e-08
125.056,0.0,0.3319296875000001,1.57876e-08
125.056,0.0,0.3316796875000001,1.58063e-08
125.056,0.0,0.3314296875000001,1.57536e-08
125.056,0.0,0.3311796875000001,1.57108e-08
125.056,0.0,0.3309296875000001,1.5855349999999998e-08
125.056,0.0,0.3306796875000001,1.583485e-08
125.056,0.0,0.3304296875000001,1.5921e-08
125.056,0.0,0.3301796875000001,1.590435e-08
125.056,0.0,0.3299296875000001,1.5955e-08
125.056,0.0,0.3296796875000001,1.59049e-08
125.056,0.0,0.3294296875000001,1.6008e-08
125.056,0.0,0.3291796875000001,1.59596e-08
125.056,0.0,0.3289296875000001,1.58595e-08
125.056,0.0,0.3286796875000001,1.57748e-08
125.056,0.0,0.3284296875000001,1.59272e-08
125.056,0.0,0.3281796875000001,1.5817299999999998e-08
125.056,0.0,0.3279296875000001,1.583876666666667e-08
125.056,0.0,0.3276796875000001,1.593325e-08
125.056,0.0,0.3274296875000001,1.58112e-08
125.056,0.0,0.3271796875000001,1.58162e-08
125.056,0.0,0.3269296875000001,1.5728199999999998e-08
125.056,0.0,0.3266796875000001,1.608375e-08
125.056,0.0,0.3264296875000001,1.58434e-08
125.056,0.0,0.3261796875000001,1.57992e-08
125.056,0.0,0.3259296875000001,1.58446e-08
125.056,0.0,0.3256796875000001,1.5729250000000002e-08
125.056,0.0,0.3254296875000001,1.5776500000000002e-08
125.056,0.0,0.3251796875000001,1.576825e-08
125.056,0.0,0.3249296875000001,1.5651050000000002e-08
125.056,0.0,0.3246796875000001,1.5742e-08
125.056,0.0,0.3244296875000001,1.57948e-08
125.056,0.0,0.3241796875000001,1.5640900000000002e-08
125.056,0.0,0.3239296875000001,1.5698449999999997e-08
125.056,0.0,0.3236796875000001,1.561485e-08
125.056,0.0,0.3234296875000001,1.5561399999999998e-08
125.056,0.0,0.3231796875000001,1.566235e-08
125.056,0.0,0.3229296875000001,1.561675e-08
125.056,0.0,0.3226796875000001,1.55981e-08
125.056,0.0,0.3224296875000001,1.56538e-08
125.056,0.0,0.3221796875000001,1.55248e-08
125.056,0.0,0.3219296875000001,1.548485e-08
125.056,0.0,0.3216796875000001,1.55481e-08
125.056,0.0,0.3214296875000001,1.56965e-08
125.056,0.0,0.3211796875000001,1.555865e-08
125.056,0.0,0.3209296875000001,1.5587e-08
125.056,0.0,0.3206796875000001,1.565145e-08
125.056,0.0,0.3204296875000001,1.57891e-08
125.056,0.0,0.3201796875000001,1.567135e-08
125.056,0.0,0.3199296875000001,1.5531750000000003e-08
125.056,0.0,0.3196796875000001,1.56388e-08
125.056,0.0,0.3194296875000001,1.57213e-08
125.056,0.0,0.3191796875000001,1.564545e-08
125.056,0.0,0.3189296875000001,1.567515e-08
125.056,0.0,0.3186796875000001,1.5718e-08
125.056,0.0,0.3184296875000001,1.6028399999999998e-08
125.056,0.0,0.31817968750000014,1.555745e-08
125.056,0.0,0.3179296875000001,1.591685e-08
125.056,0.0,0.31767968750000014,1.5827699999999998e-08
125.056,0.0,0.3174296875000001,1.56798e-08
125.056,0.0,0.31717968750000014,1.57273e-08
125.056,0.0,0.3169296875000001,1.5730850000000002e-08
125.056,0.0,0.31667968750000014,1.5741250000000002e-08
125.056,0.0,0.3164296875000001,1.5649249999999997e-08
125.056,0.0,0.31617968750000014,1.59075e-08
125.056,0.0,0.3159296875000001,1.5712000000000002e-08
125.056,0.0,0.31567968750000014,1.56991e-08
125.056,0.0,0.3154296875000001,1.570065e-08
125.056,0.0,0.31517968750000014,1.555285e-08
125.056,0.0,0.3149296875000001,1.56509e-08
125.056,0.0,0.31467968750000014,1.57728e-08
125.056,0.0,0.3144296875000001,1.58523e-08
125.056,0.0,0.31417968750000014,1.570835e-08
125.056,0.0,0.3139296875000001,1.56448e-08
125.056,0.0,0.31367968750000014,1.57733e-08
125.056,0.0,0.3134296875000001,1.566475e-08
125.056,0.0,0.31317968750000014,1.57428e-08
125.056,0.0,0.3129296875000001,1.575535e-08
125.056,0.0,0.31267968750000014,1.57828e-08
125.056,0.0,0.3124296875000001,1.5763650000000002e-08
125.056,0.0,0.31217968750000014,1.579795e-08
125.056,0.0,0.3119296875000001,1.591495e-08
125.056,0.0,0.31167968750000014,1.56858e-08
125.056,0.0,0.3114296875000001,1.567505e-08
125.056,0.0,0.31117968750000014,1.577365e-08
125.056,0.0,0.3109296875000001,1.5737950000000002e-08
125.056,0.0,0.31067968750000013,1.55915e-08
125.056,0.0,0.3104296875000001,1.576385e-08
125.056,0.0,0.31017968750000013,1.574435e-08
125.056,0.0,0.3099296875000001,1.5756550000000002e-08
125.056,0.0,0.30967968750000013,1.583415e-08
125.056,0.0,0.3094296875000001,1.5938199999999998e-08
125.056,0.0,0.30917968750000013,1.5795950000000002e-08
125.056,0.0,0.3089296875000001,1.585595e-08
125.056,0.0,0.30867968750000013,1.57378e-08
125.056,0.0,0.3084296875000001,1.585535e-08
125.056,0.0,0.30817968750000013,1.580105e-08
125.056,0.0,0.3079296875000001,1.585105e-08
125.056,0.0,0.30767968750000013,1.57979e-08
125.056,0.0,0.3074296875000001,1.5971849999999998e-08
125.056,0.0,0.30717968750000013,1.5924849999999997e-08
125.056,0.0,0.3069296875000001,1.59309e-08
125.056,0.0,0.30667968750000013,1.61525e-08
125.056,0.0,0.3064296875000001,1.602095e-08
125.056,0.0,0.30617968750000013,1.596455e-08
125.056,0.0,0.3059296875000001,1.5939750000000002e-08
125.056,0.0,0.30567968750000013,1.60079e-08
125.056,0.0,0.3054296875000001,1.5774699999999998e-08
125.056,0.0,0.30517968750000013,1.6034399999999998e-08
125.056,0.0,0.3049296875000001,1.61495e-08
125.056,0.0,0.30467968750000013,1.61039e-08
125.056,0.0,0.3044296875000001,1.604105e-08
125.056,0.0,0.30417968750000013,1.61151e-08
125.056,0.0,0.3039296875000001,1.601145e-08
125.056,0.0,0.30367968750000013,1.62706e-08
125.056,0.0,0.3034296875000001,1.613965e-08
125.056,0.0,0.30317968750000013,1.61589e-08
125.056,0.0,0.3029296875000001,1.61114e-08
125.056,0.0,0.3026796875000001,1.611715e-08
125.056,0.0,0.3024296875000001,1.61775e-08
125.056,0.0,0.3021796875000001,1.603505e-08
125.056,0.0,0.3019296875000001,1.608275e-08
125.056,0.0,0.3016796875000001,1.61483e-08
125.056,0.0,0.3014296875000001,1.623715e-08
125.056,0.0,0.3011796875000001,1.6148199999999998e-08
125.056,0.0,0.3009296875000001,1.6274749999999998e-08
125.056,0.0,0.3006796875000001,1.619475e-08
125.056,0.0,0.3004296875000001,1.6055199999999998e-08
125.056,0.0,0.3001796875000001,1.637495e-08
125.056,0.0,0.2999296875000001,1.62022e-08
125.056,0.0,0.2996796875000001,1.62312e-08
125.056,0.0,0.2994296875000001,1.6262100000000002e-08
125.056,0.0,0.2991796875000001,1.6306150000000002e-08
125.056,0.0,0.2989296875000001,1.62907e-08
125.056,0.0,0.2986796875000001,1.6305949999999998e-08
125.056,0.0,0.2984296875000001,1.6262700000000002e-08
125.056,0.0,0.2981796875000001,1.62174e-08
125.056,0.0,0.2979296875000001,1.61585e-08
125.056,0.0,0.2976796875000001,1.625865e-08
125.056,0.0,0.2974296875000001,1.63219e-08
125.056,0.0,0.2971796875000001,1.626225e-08
125.056,0.0,0.2969296875000001,1.63834e-08
125.056,0.0,0.2966796875000001,1.65878e-08
125.056,0.0,0.2964296875000001,1.64243e-08
125.056,0.0,0.2961796875000001,1.639665e-08
125.056,0.0,0.2959296875000001,1.6288900000000002e-08
125.056,0.0,0.2956796875000001,1.635075e-08
125.056,0.0,0.2954296875000001,1.626375e-08
125.056,0.0,0.2951796875000001,1.63546e-08
125.056,0.0,0.2949296875000001,1.62162e-08
125.056,0.0,0.2946796875000001,1.6413350000000002e-08
125.056,0.0,0.2944296875000001,1.635775e-08
125.056,0.0,0.2941796875000001,1.626665e-08
125.056,0.0,0.2939296875000001,1.622935e-08
125.056,0.0,0.2936796875000001,1.6308399999999998e-08
125.056,0.0,0.2934296875000001,1.62037e-08
125.056,0.0,0.2931796875000001,1.632105e-08
125.056,0.0,0.2929296875000001,1.62978e-08
125.056,0.0,0.2926796875000001,1.63839e-08
125.056,0.0,0.2924296875000001,1.637135e-08
125.056,0.0,0.2921796875000001,1.63437e-08
125.056,0.0,0.2919296875000001,1.64309e-08
125.056,0.0,0.2916796875000001,1.6590266666666672e-08
125.056,0.0,0.2914296875000001,1.6474300000000002e-08
125.056,0.0,0.2911796875000001,1.646575e-08
125.056,0.0,0.2909296875000001,1.66291e-08
125.056,0.0,0.2906796875000001,1.651295e-08
125.056,0.0,0.2904296875000001,1.652725e-08
125.056,0.0,0.2901796875000001,1.6528299999999997e-08
125.056,0.0,0.2899296875000001,1.68273e-08
125.056,0.0,0.2896796875000001,1.64939e-08
125.056,0.0,0.2894296875000001,1.6439800000000003e-08
125.056,0.0,0.2891796875000001,1.647685e-08
125.056,0.0,0.2889296875000001,1.6641e-08
125.056,0.0,0.2886796875000001,1.662685e-08
125.056,0.0,0.2884296875000001,1.6485550000000002e-08
125.056,0.0,0.2881796875000001,1.65336e-08
125.056,0.0,0.2879296875000001,1.65021e-08
125.056,0.0,0.2876796875000001,1.6612350000000006e-08
125.056,0.0,0.2874296875000001,1.67559e-08
125.056,0.0,0.2871796875000001,1.664135e-08
125.056,0.0,0.28692968750000014,1.664395e-08
125.056,0.0,0.2866796875000001,1.672075e-08
125.056,0.0,0.28642968750000014,1.6602e-08
125.056,0.0,0.2861796875000001,1.7012e-08
125.056,0.0,0.28592968750000014,1.67689e-08
125.056,0.0,0.2856796875000001,1.663575e-08
125.056,0.0,0.28542968750000014,1.67507e-08
125.056,0.0,0.2851796875000001,1.676105e-08
125.056,0.0,0.28492968750000014,1.674705e-08
125.056,0.0,0.2846796875000001,1.68222e-08
125.056,0.0,0.28442968750000014,1.677445e-08
125.056,0.0,0.2841796875000001,1.6769649999999998e-08
125.056,0.0,0.28392968750000014,1.66619e-08
125.056,0.0,0.2836796875000001,1.683445e-08
125.056,0.0,0.28342968750000014,1.68242e-08
125.056,0.0,0.2831796875000001,1.6903999999999997e-08
125.056,0.0,0.28292968750000014,1.67428e-08
125.056,0.0,0.2826796875000001,1.69299e-08
125.056,0.0,0.28242968750000014,1.681205e-08
125.056,0.0,0.2821796875000001,1.69223e-08
125.056,0.0,0.28192968750000014,1.70107e-08
125.056,0.0,0.2816796875000001,1.68278e-08
125.056,0.0,0.28142968750000014,1.688445e-08
125.056,0.0,0.2811796875000001,1.671815e-08
125.056,0.0,0.28092968750000014,1.68245e-08
125.056,0.0,0.2806796875000001,1.68198e-08
125.056,0.0,0.28042968750000014,1.6890666666666663e-08
125.056,0.0,0.2801796875000001,1.69485e-08
125.056,0.0,0.27992968750000014,1.68843e-08
125.056,0.0,0.2796796875000001,1.686565e-08
125.056,0.0,0.27942968750000013,1.692645e-08
125.056,0.0,0.2791796875000001,1.691995e-08
125.056,0.0,0.27892968750000013,1.69939e-08
125.056,0.0,0.2786796875000001,1.6812e-08
125.056,0.0,0.27842968750000013,1.702035e-08
125.056,0.0,0.2781796875000001,1.7003e-08
125.056,0.0,0.27792968750000013,1.6911200000000006e-08
125.056,0.0,0.2776796875000001,1.7083e-08
125.056,0.0,0.27742968750000013,1.69662e-08
125.056,0.0,0.2771796875000001,1.70606e-08
125.056,0.0,0.27692968750000013,1.70694e-08
125.056,0.0,0.2766796875000001,1.7056749999999998e-08
125.056,0.0,0.27642968750000013,1.712e-08
125.056,0.0,0.2761796875000001,1.71618e-08
125.056,0.0,0.27592968750000013,1.71415e-08
125.056,0.0,0.2756796875000001,1.7203766666666666e-08
125.056,0.0,0.27542968750000013,1.72349e-08
125.056,0.0,0.2751796875000001,1.73668e-08
125.056,0.0,0.27492968750000013,1.7244300000000002e-08
125.056,0.0,0.2746796875000001,1.737445e-08
125.056,0.0,0.27442968750000013,1.736795e-08
125.056,0.0,0.2741796875000001,1.72695e-08
125.056,0.0,0.27392968750000013,1.742615e-08
125.056,0.0,0.2736796875000001,1.7271850000000006e-08
125.056,0.0,0.27342968750000013,1.725473333333333e-08
125.056,0.0,0.2731796875000001,1.74514e-08
125.056,0.0,0.27292968750000013,1.737815e-08
125.056,0.0,0.2726796875000001,1.74766e-08
125.056,0.0,0.27242968750000013,1.736375e-08
125.056,0.0,0.2721796875000001,1.746e-08
125.056,0.0,0.27192968750000013,1.74925e-08
125.056,0.0,0.2716796875000001,1.744525e-08
125.056,0.0,0.2714296875000001,1.74881e-08
125.056,0.0,0.2711796875000001,1.7440350000000002e-08
125.056,0.0,0.2709296875000001,1.74594e-08
125.056,0.0,0.2706796875000001,1.738125e-08
125.056,0.0,0.2704296875000001,1.73383e-08
125.056,0.0,0.2701796875000001,1.74607e-08
125.056,0.0,0.2699296875000001,1.7299150000000003e-08
125.056,0.0,0.2696796875000001,1.743055e-08
125.056,0.0,0.2694296875000001,1.722915e-08
125.056,0.0,0.2691796875000001,1.736175e-08
125.056,0.0,0.2689296875000001,1.74589e-08
125.056,0.0,0.2686796875000001,1.739225e-08
125.056,0.0,0.2684296875000001,1.74744e-08
125.056,0.0,0.2681796875000001,1.74408e-08
125.056,0.0,0.2679296875000001,1.7436349999999997e-08
125.056,0.0,0.2676796875000001,1.7460550000000002e-08
125.056,0.0,0.2674296875000001,1.75607e-08
125.056,0.0,0.2671796875000001,1.76388e-08
125.056,0.0,0.2669296875000001,1.76459e-08
125.056,0.0,0.2666796875000001,1.7703e-08
125.056,0.0,0.2664296875000001,1.775775e-08
125.056,0.0,0.2661796875000001,1.77507e-08
125.056,0.0,0.2659296875000001,1.7714600000000002e-08
125.056,0.0,0.2656796875000001,1.78619e-08
125.056,0.0,0.2654296875000001,1.76718e-08
125.056,0.0,0.2651796875000001,1.77724e-08
125.056,0.0,0.2649296875000001,1.78823e-08
125.056,0.0,0.2646796875000001,1.793825e-08
125.056,0.0,0.2644296875000001,1.7907866666666666e-08
125.056,0.0,0.2641796875000001,1.78067e-08
125.056,0.0,0.2639296875000001,1.7945949999999998e-08
125.056,0.0,0.2636796875000001,1.785925e-08
125.056,0.0,0.2634296875000001,1.79899e-08
125.056,0.0,0.2631796875000001,1.80126e-08
125.056,0.0,0.2629296875000001,1.80294e-08
125.056,0.0,0.2626796875000001,1.7885599999999997e-08
125.056,0.0,0.2624296875000001,1.804995e-08
125.056,0.0,0.2621796875000001,1.794605e-08
125.056,0.0,0.2619296875000001,1.79808e-08
125.056,0.0,0.2616796875000001,1.79347e-08
125.056,0.0,0.2614296875000001,1.7955450000000002e-08
125.056,0.0,0.2611796875000001,1.79895e-08
125.056,0.0,0.2609296875000001,1.80229e-08
125.056,0.0,0.2606796875000001,1.800625e-08
125.056,0.0,0.2604296875000001,1.8006649999999998e-08
125.056,0.0,0.2601796875000001,1.80205e-08
125.056,0.0,0.2599296875000001,1.813865e-08
125.056,0.0,0.2596796875000001,1.807445e-08
125.056,0.0,0.2594296875000001,1.81225e-08
125.056,0.0,0.2591796875000001,1.809445e-08
125.056,0.0,0.2589296875000001,1.809395e-08
125.056,0.0,0.2586796875000001,1.811765e-08
125.056,0.0,0.2584296875000001,1.816665e-08
125.056,0.0,0.2581796875000001,1.81049e-08
125.056,0.0,0.2579296875000001,1.80783e-08
125.056,0.0,0.2576796875000001,1.80283e-08
125.056,0.0,0.2574296875000001,1.81056e-08
125.056,0.0,0.2571796875000001,1.80579e-08
125.056,0.0,0.2569296875000001,1.81261e-08
125.056,0.0,0.2566796875000001,1.80798e-08
125.056,0.0,0.2564296875000001,1.81235e-08
125.056,0.0,0.2561796875000001,1.813565e-08
125.056,0.0,0.2559296875000001,1.814665e-08
125.056,0.0,0.25567968750000014,1.80602e-08
125.056,0.0,0.2554296875000001,1.82392e-08
125.056,0.0,0.25517968750000014,1.815105e-08
125.056,0.0,0.2549296875000001,1.817395e-08
125.056,0.0,0.25467968750000014,1.8172e-08
125.056,0.0,0.2544296875000001,1.82264e-08
125.056,0.0,0.25417968750000014,1.81575e-08
125.056,0.0,0.2539296875000001,1.8191650000000006e-08
125.056,0.0,0.25367968750000014,1.8238750000000002e-08
125.056,0.0,0.2534296875000001,1.81617e-08
125.056,0.0,0.25317968750000014,1.813645e-08
125.056,0.0,0.2529296875000001,1.822105e-08
125.056,0.0,0.25267968750000014,1.82338e-08
125.056,0.0,0.2524296875000001,1.80828e-08
125.056,0.0,0.25217968750000014,1.822935e-08
125.056,0.0,0.2519296875000001,1.827215e-08
125.056,0.0,0.25167968750000014,1.8202e-08
125.056,0.0,0.2514296875000001,1.81967e-08
125.056,0.0,0.25117968750000014,1.824275e-08
125.056,0.0,0.2509296875000001,1.825385e-08
125.056,0.0,0.25067968750000014,1.82184e-08
125.056,0.0,0.2504296875000001,1.81734e-08
125.056,0.0,0.25017968750000014,1.81772e-08
125.056,0.0,0.2499296875000001,1.820845e-08
125.056,0.0,0.2496796875000001,1.80927e-08
125.056,0.0,0.2494296875000001,1.82347e-08
125.056,0.0,0.2491796875000001,1.81583e-08
125.056,0.0,0.2489296875000001,1.8223933333333336e-08
125.056,0.0,0.2486796875000001,1.814605e-08
125.056,0.0,0.2484296875000001,1.81007e-08
125.056,0.0,0.2481796875000001,1.82143e-08
125.056,0.0,0.2479296875000001,1.81163e-08
125.056,0.0,0.2476796875000001,1.816505e-08
125.056,0.0,0.2474296875000001,1.81345e-08
125.056,0.0,0.2471796875000001,1.828435e-08
125.056,0.0,0.2469296875000001,1.81561e-08
125.056,0.0,0.2466796875000001,1.820035e-08
125.056,0.0,0.2464296875000001,1.82114e-08
125.056,0.0,0.2461796875000001,1.836285e-08
125.056,0.0,0.2459296875000001,1.836315e-08
125.056,0.0,0.2456796875000001,1.836465e-08
125.056,0.0,0.2454296875000001,1.83747e-08
125.056,0.0,0.2451796875000001,1.8323e-08
125.056,0.0,0.2449296875000001,1.8419e-08
125.056,0.0,0.2446796875000001,1.8349e-08
125.056,0.0,0.2444296875000001,1.836425e-08
125.056,0.0,0.2441796875000001,1.8437e-08
125.056,0.0,0.2439296875000001,1.862135e-08
125.056,0.0,0.2436796875000001,1.8336900000000002e-08
125.056,0.0,0.2434296875000001,1.84353e-08
125.056,0.0,0.2431796875000001,1.82661e-08
125.056,0.0,0.2429296875000001,1.835545e-08
125.056,0.0,0.2426796875000001,1.847075e-08
125.056,0.0,0.2424296875000001,1.83473e-08
125.056,0.0,0.2421796875000001,1.84422e-08
125.056,0.0,0.2419296875000001,1.83663e-08
125.056,0.0,0.2416796875000001,1.84214e-08
125.056,0.0,0.2414296875000001,1.837755e-08
125.056,0.0,0.2411796875000001,1.849525e-08
125.056,0.0,0.2409296875000001,1.838385e-08
125.056,0.0,0.2406796875000001,1.857035e-08
125.056,0.0,0.2404296875000001,1.84657e-08
125.056,0.0,0.24017968750000013,1.84226e-08
125.056,0.0,0.23992968750000013,1.84535e-08
125.056,0.0,0.23967968750000013,1.850075e-08
125.056,0.0,0.23942968750000013,1.847465e-08
125.056,0.0,0.23917968750000013,1.8388050000000002e-08
125.056,0.0,0.23892968750000013,1.841595e-08
125.056,0.0,0.23867968750000013,1.84788e-08
125.056,0.0,0.23842968750000013,1.84224e-08
125.056,0.0,0.23817968750000013,1.847555e-08
125.056,0.0,0.23792968750000013,1.842515e-08
125.056,0.0,0.23767968750000013,1.85681e-08
125.056,0.0,0.23742968750000013,1.853015e-08
125.056,0.0,0.23717968750000012,1.848905e-08
125.056,0.0,0.23692968750000012,1.847545e-08
125.056,0.0,0.23667968750000012,1.84313e-08
125.056,0.0,0.23642968750000012,1.851875e-08
125.056,0.0,0.23617968750000012,1.85928e-08
125.056,0.0,0.23592968750000012,1.852625e-08
125.056,0.0,0.23567968750000012,1.85164e-08
125.056,0.0,0.23542968750000012,1.86056e-08
125.056,0.0,0.23517968750000012,1.8503e-08
125.056,0.0,0.23492968750000012,1.85824e-08
125.056,0.0,0.23467968750000012,1.85979e-08
125.056,0.0,0.23442968750000012,1.857655e-08
125.056,0.0,0.23417968750000012,1.867815e-08
125.056,0.0,0.23392968750000012,1.860455e-08
125.056,0.0,0.23367968750000012,1.86573e-08
125.056,0.0,0.23342968750000012,1.854355e-08
125.056,0.0,0.23317968750000012,1.85184e-08
125.056,0.0,0.23292968750000012,1.847265e-08
125.056,0.0,0.23267968750000012,1.85869e-08
125.056,0.0,0.23242968750000012,1.86377e-08
125.056,0.0,0.23217968750000012,1.850605e-08
125.056,0.0,0.23192968750000012,1.865035e-08
125.056,0.0,0.23167968750000012,1.86506e-08
125.056,0.0,0.23142968750000012,1.854915e-08
125.056,0.0,0.23117968750000012,1.86289e-08
125.056,0.0,0.23092968750000012,1.868245e-08
125.056,0.0,0.23067968750000012,1.8636850000000002e-08
125.056,0.0,0.23042968750000012,1.870925e-08
125.056,0.0,0.23017968750000012,1.882925e-08
125.056,0.0,0.22992968750000012,1.87641e-08
125.056,0.0,0.22967968750000012,1.87854e-08
125.056,0.0,0.22942968750000012,1.872055e-08
125.056,0.0,0.22917968750000012,1.87701e-08
125.056,0.0,0.22892968750000012,1.877635e-08
125.056,0.0,0.22867968750000012,1.876555e-08
125.056,0.0,0.22842968750000012,1.86595e-08
125.056,0.0,0.22817968750000012,1.8921e-08
125.056,0.0,0.22792968750000012,1.88864e-08
125.056,0.0,0.22767968750000012,1.89392e-08
125.056,0.0,0.22742968750000012,1.8850050000000003e-08
125.056,0.0,0.22717968750000012,1.9112800000000003e-08
125.056,0.0,0.22692968750000012,1.89383e-08
125.056,0.0,0.22667968750000012,1.90561e-08
125.056,0.0,0.22642968750000012,1.90428e-08
125.056,0.0,0.22617968750000012,1.8999e-08
125.056,0.0,0.22592968750000011,1.904895e-08
125.056,0.0,0.22567968750000011,1.9137e-08
125.056,0.0,0.22542968750000011,1.90896e-08
125.056,0.0,0.22517968750000011,1.89961e-08
125.056,0.0,0.22492968750000011,1.9052100000000003e-08
125.056,0.0,0.2246796875000001,1.8879e-08
125.056,0.0,0.2244296875000001,1.91418e-08
125.056,0.0,0.2241796875000001,1.91611e-08
125.056,0.0,0.2239296875000001,1.8945e-08
125.056,0.0,0.2236796875000001,1.911725e-08
125.056,0.0,0.2234296875000001,1.914375e-08
125.056,0.0,0.2231796875000001,1.909525e-08
125.056,0.0,0.2229296875000001,1.917275e-08
125.056,0.0,0.2226796875000001,1.89896e-08
125.056,0.0,0.2224296875000001,1.90953e-08
125.056,0.0,0.2221796875000001,1.91114e-08
125.056,0.0,0.2219296875000001,1.9021850000000002e-08
125.056,0.0,0.2216796875000001,1.911155e-08
125.056,0.0,0.2214296875000001,1.903725e-08
125.056,0.0,0.2211796875000001,1.9094e-08
125.056,0.0,0.2209296875000001,1.91307e-08
125.056,0.0,0.2206796875000001,1.91406e-08
125.056,0.0,0.2204296875000001,1.923155e-08
125.056,0.0,0.2201796875000001,1.91649e-08
125.056,0.0,0.2199296875000001,1.91677e-08
125.056,0.0,0.2196796875000001,1.916005e-08
125.056,0.0,0.2194296875000001,1.90423e-08
125.056,0.0,0.2191796875000001,1.92e-08
125.056,0.0,0.2189296875000001,1.9178e-08
125.056,0.0,0.2186796875000001,1.93112e-08
125.056,0.0,0.2184296875000001,1.9213250000000002e-08
125.056,0.0,0.2181796875000001,1.920675e-08
125.056,0.0,0.2179296875000001,1.92487e-08
125.056,0.0,0.2176796875000001,1.9167e-08
125.056,0.0,0.2174296875000001,1.9207466666666666e-08
125.056,0.0,0.2171796875000001,1.91263e-08
125.056,0.0,0.2169296875000001,1.90379e-08
125.056,0.0,0.2166796875000001,1.90886e-08
125.056,0.0,0.2164296875000001,1.9011100000000003e-08
125.056,0.0,0.2161796875000001,1.902905e-08
125.056,0.0,0.2159296875000001,1.90274e-08
125.056,0.0,0.2156796875000001,1.900465e-08
125.056,0.0,0.2154296875000001,1.91305e-08
125.056,0.0,0.2151796875000001,1.90836e-08
125.056,0.0,0.2149296875000001,1.909845e-08
125.056,0.0,0.2146796875000001,1.902415e-08
125.056,0.0,0.2144296875000001,1.89687e-08
125.056,0.0,0.2141796875000001,1.89889e-08
125.056,0.0,0.2139296875000001,1.90804e-08
125.056,0.0,0.2136796875000001,1.90286e-08
125.056,0.0,0.2134296875000001,1.91398e-08
125.056,0.0,0.2131796875000001,1.906205e-08
125.056,0.0,0.2129296875000001,1.902585e-08
125.056,0.0,0.2126796875000001,1.891615e-08
125.056,0.0,0.2124296875000001,1.897805e-08
125.056,0.0,0.2121796875000001,1.9007e-08
125.056,0.0,0.2119296875000001,1.89076e-08
125.056,0.0,0.2116796875000001,1.89632e-08
125.056,0.0,0.2114296875000001,1.88707e-08
125.056,0.0,0.2111796875000001,1.87953e-08
125.056,0.0,0.2109296875000001,1.87025e-08
125.056,0.0,0.2106796875000001,1.88088e-08
125.056,0.0,0.2104296875000001,1.86315e-08
125.056,0.0,0.2101796875000001,1.859425e-08
125.056,0.0,0.2099296875000001,1.85263e-08
125.056,0.0,0.2096796875000001,1.8548750000000006e-08
125.056,0.0,0.2094296875000001,1.84344e-08
125.056,0.0,0.2091796875000001,1.846005e-08
125.056,0.0,0.20892968750000013,1.84411e-08
125.056,0.0,0.20867968750000013,1.854475e-08
125.056,0.0,0.20842968750000013,1.8361166666666673e-08
125.056,0.0,0.20817968750000013,1.8297250000000002e-08
125.056,0.0,0.20792968750000013,1.83742e-08
125.056,0.0,0.20767968750000013,1.82693e-08
125.056,0.0,0.20742968750000013,1.83108e-08
125.056,0.0,0.20717968750000013,1.83136e-08
125.056,0.0,0.20692968750000013,1.83111e-08
125.056,0.0,0.20667968750000013,1.82782e-08
125.056,0.0,0.20642968750000013,1.831525e-08
125.056,0.0,0.20617968750000013,1.81656e-08
125.056,0.0,0.20592968750000012,1.84993e-08
125.056,0.0,0.20567968750000012,1.821575e-08
125.056,0.0,0.20542968750000012,1.8173e-08
125.056,0.0,0.20517968750000012,1.802565e-08
125.056,0.0,0.20492968750000012,1.81288e-08
125.056,0.0,0.20467968750000012,1.804485e-08
125.056,0.0,0.20442968750000012,1.80107e-08
125.056,0.0,0.20417968750000012,1.80658e-08
125.056,0.0,0.20392968750000012,1.80654e-08
125.056,0.0,0.20367968750000012,1.8111250000000003e-08
125.056,0.0,0.20342968750000012,1.81754e-08
125.056,0.0,0.20317968750000012,1.81789e-08
125.056,0.0,0.20292968750000012,1.831745e-08
125.056,0.0,0.20267968750000012,1.81489e-08
125.056,0.0,0.20242968750000012,1.829355e-08
125.056,0.0,0.20217968750000012,1.84297e-08
125.056,0.0,0.20192968750000012,1.86674e-08
125.056,0.0,0.20167968750000012,1.83534e-08
125.056,0.0,0.20142968750000012,1.852203333333333e-08
125.056,0.0,0.20117968750000012,1.84656e-08
125.056,0.0,0.20092968750000012,1.84742e-08
125.056,0.0,0.20067968750000012,1.835205e-08
125.056,0.0,0.20042968750000012,1.84602e-08
125.056,0.0,0.20017968750000012,1.84079e-08
125.056,0.0,0.19992968750000012,1.851855e-08
125.056,0.0,0.19967968750000012,1.83393e-08
125.056,0.0,0.19942968750000012,1.85134e-08
125.056,0.0,0.19917968750000012,1.8368000000000003e-08
125.056,0.0,0.19892968750000012,1.83709e-08
125.056,0.0,0.19867968750000012,1.83575e-08
125.056,0.0,0.19842968750000012,1.83497e-08
125.056,0.0,0.19817968750000012,1.83824e-08
125.056,0.0,0.19792968750000012,1.84416e-08
125.056,0.0,0.19767968750000012,1.84142e-08
125.056,0.0,0.19742968750000012,1.840275e-08
125.056,0.0,0.19717968750000012,1.8448e-08
125.056,0.0,0.19692968750000012,1.84314e-08
125.056,0.0,0.19667968750000012,1.84017e-08
125.056,0.0,0.19642968750000012,1.84142e-08
125.056,0.0,0.19617968750000012,1.84323e-08
125.056,0.0,0.19592968750000012,1.83973e-08
125.056,0.0,0.19567968750000012,1.843465e-08
125.056,0.0,0.19542968750000012,1.84535e-08
125.056,0.0,0.19517968750000012,1.84281e-08
125.056,0.0,0.19492968750000012,1.84253e-08
125.056,0.0,0.19467968750000011,1.835715e-08
125.056,0.0,0.19442968750000011,1.841073333333333e-08
125.056,0.0,0.19417968750000011,1.84072e-08
125.056,0.0,0.19392968750000011,1.838385e-08
125.056,0.0,0.19367968750000011,1.83991e-08
125.056,0.0,0.1934296875000001,1.83955e-08
125.056,0.0,0.1931796875000001,1.83701e-08
125.056,0.0,0.1929296875000001,1.85163e-08
125.056,0.0,0.1926796875000001,1.82918e-08
125.056,0.0,0.1924296875000001,1.834005e-08
125.056,0.0,0.1921796875000001,1.84597e-08
125.056,0.0,0.1919296875000001,1.831455e-08
125.056,0.0,0.1916796875000001,1.839305e-08
125.056,0.0,0.1914296875000001,1.83125e-08
125.056,0.0,0.1911796875000001,1.82245e-08
125.056,0.0,0.1909296875000001,1.83992e-08
125.056,0.0,0.1906796875000001,1.83223e-08
125.056,0.0,0.1904296875000001,1.84539e-08
125.056,0.0,0.1901796875000001,1.826545e-08
125.056,0.0,0.1899296875000001,1.84819e-08
125.056,0.0,0.1896796875000001,1.831395e-08
125.056,0.0,0.1894296875000001,1.83382e-08
125.056,0.0,0.1891796875000001,1.83186e-08
125.056,0.0,0.1889296875000001,1.839115e-08
125.056,0.0,0.1886796875000001,1.845055e-08
125.056,0.0,0.1884296875000001,1.83347e-08
125.056,0.0,0.1881796875000001,1.846035e-08
125.056,0.0,0.1879296875000001,1.84046e-08
125.056,0.0,0.1876796875000001,1.83453e-08
125.056,0.0,0.1874296875000001,1.84093e-08
125.056,0.0,0.1871796875000001,1.85008e-08
125.056,0.0,0.1869296875000001,1.843765e-08
125.056,0.0,0.1866796875000001,1.8451e-08
125.056,0.0,0.1864296875000001,1.82654e-08
125.056,0.0,0.1861796875000001,1.81794e-08
125.056,0.0,0.1859296875000001,1.83429e-08
125.056,0.0,0.1856796875000001,1.839745e-08
125.056,0.0,0.1854296875000001,1.82933e-08
125.056,0.0,0.1851796875000001,1.833215e-08
125.056,0.0,0.1849296875000001,1.82915e-08
125.056,0.0,0.1846796875000001,1.834005e-08
125.056,0.0,0.1844296875000001,1.83035e-08
125.056,0.0,0.1841796875000001,1.83239e-08
125.056,0.0,0.1839296875000001,1.82633e-08
125.056,0.0,0.1836796875000001,1.83065e-08
125.056,0.0,0.1834296875000001,1.83902e-08
125.056,0.0,0.1831796875000001,1.84305e-08
125.056,0.0,0.1829296875000001,1.835925e-08
125.056,0.0,0.1826796875000001,1.836705e-08
125.056,0.0,0.1824296875000001,1.82409e-08
125.056,0.0,0.1821796875000001,1.83828e-08
125.056,0.0,0.1819296875000001,1.83625e-08
125.056,0.0,0.1816796875000001,1.83717e-08
125.056,0.0,0.1814296875000001,1.823295e-08
125.056,0.0,0.1811796875000001,1.830845e-08
125.056,0.0,0.1809296875000001,1.83444e-08
125.056,0.0,0.1806796875000001,1.829345e-08
125.056,0.0,0.1804296875000001,1.84295e-08
125.056,0.0,0.1801796875000001,1.840455e-08
125.056,0.0,0.1799296875000001,1.8294450000000003e-08
125.056,0.0,0.1796796875000001,1.83274e-08
125.056,0.0,0.1794296875000001,1.8365800000000003e-08
125.056,0.0,0.1791796875000001,1.841965e-08
125.056,0.0,0.1789296875000001,1.840485e-08
125.056,0.0,0.1786796875000001,1.830185e-08
125.056,0.0,0.1784296875000001,1.83632e-08
125.056,0.0,0.1781796875000001,1.829155e-08
125.056,0.0,0.1779296875000001,1.81828e-08
125.056,0.0,0.17767968750000013,1.82633e-08
125.056,0.0,0.17742968750000013,1.84137e-08
125.056,0.0,0.17717968750000013,1.827995e-08
125.056,0.0,0.17692968750000013,1.833845e-08
125.056,0.0,0.17667968750000013,1.822055e-08
125.056,0.0,0.17642968750000013,1.818825e-08
125.056,0.0,0.17617968750000013,1.81811e-08
125.056,0.0,0.17592968750000013,1.82786e-08
125.056,0.0,0.17567968750000013,1.82559e-08
125.056,0.0,0.17542968750000013,1.83344e-08
125.056,0.0,0.17517968750000013,1.837155e-08
125.056,0.0,0.17492968750000013,1.82666e-08
125.056,0.0,0.17467968750000012,1.831985e-08
125.056,0.0,0.17442968750000012,1.82678e-08
125.056,0.0,0.17417968750000012,1.84092e-08
125.056,0.0,0.17392968750000012,1.840425e-08
125.056,0.0,0.17367968750000012,1.842615e-08
125.056,0.0,0.17342968750000012,1.83359e-08
125.056,0.0,0.17317968750000012,1.83709e-08
125.056,0.0,0.17292968750000012,1.84941e-08
125.056,0.0,0.17267968750000012,1.83606e-08
125.056,0.0,0.17242968750000012,1.83302e-08
125.056,0.0,0.17217968750000012,1.8408000000000002e-08
125.056,0.0,0.17192968750000012,1.84133e-08
125.056,0.0,0.17167968750000012,1.838095e-08
125.056,0.0,0.17142968750000012,1.83771e-08
125.056,0.0,0.17117968750000012,1.84843e-08
125.056,0.0,0.17092968750000012,1.8432000000000006e-08
125.056,0.0,0.17067968750000012,1.8564400000000002e-08
125.056,0.0,0.17042968750000012,1.84621e-08
125.056,0.0,0.17017968750000012,1.84738e-08
125.056,0.0,0.16992968750000012,1.84294e-08
125.056,0.0,0.16967968750000012,1.85824e-08
125.056,0.0,0.16942968750000012,1.83441e-08
125.056,0.0,0.16917968750000012,1.84483e-08
125.056,0.0,0.16892968750000012,1.8421950000000002e-08
125.056,0.0,0.16867968750000012,1.838775e-08
125.056,0.0,0.16842968750000012,1.84787e-08
125.056,0.0,0.16817968750000012,1.839e-08
125.056,0.0,0.16792968750000012,1.84555e-08
125.056,0.0,0.16767968750000012,1.833055e-08
125.056,0.0,0.16742968750000012,1.8353300000000002e-08
125.056,0.0,0.16717968750000012,1.83655e-08
125.056,0.0,0.16692968750000012,1.83268e-08
125.056,0.0,0.16667968750000012,1.83519e-08
125.056,0.0,0.16642968750000012,1.83743e-08
125.056,0.0,0.16617968750000012,1.835095e-08
125.056,0.0,0.16592968750000012,1.84088e-08
125.056,0.0,0.16567968750000012,1.842015e-08
125.056,0.0,0.16542968750000012,1.846755e-08
125.056,0.0,0.16517968750000012,1.835265e-08
125.056,0.0,0.16492968750000012,1.83832e-08
125.056,0.0,0.16467968750000012,1.83217e-08
125.056,0.0,0.16442968750000012,1.842335e-08
125.056,0.0,0.16417968750000012,1.841145e-08
125.056,0.0,0.16392968750000012,1.8357950000000002e-08
125.056,0.0,0.16367968750000012,1.829305e-08
125.056,0.0,0.16342968750000011,1.84275e-08
125.056,0.0,0.16317968750000011,1.834955e-08
125.056,0.0,0.16292968750000011,1.8344666666666667e-08
125.056,0.0,0.16267968750000011,1.84506e-08
125.056,0.0,0.16242968750000011,1.8304100000000002e-08
125.056,0.0,0.1621796875000001,1.8275600000000006e-08
125.056,0.0,0.1619296875000001,1.8216250000000003e-08
125.056,0.0,0.1616796875000001,1.82307e-08
125.056,0.0,0.1614296875000001,1.8395150000000002e-08
125.056,0.0,0.1611796875000001,1.839425e-08
125.056,0.0,0.1609296875000001,1.8392966666666672e-08
125.056,0.0,0.1606796875000001,1.83266e-08
125.056,0.0,0.1604296875000001,1.8231e-08
125.056,0.0,0.1601796875000001,1.828115e-08
125.056,0.0,0.1599296875000001,1.83878e-08
125.056,0.0,0.1596796875000001,1.84235e-08
125.056,0.0,0.1594296875000001,1.822455e-08
125.056,0.0,0.1591796875000001,1.82523e-08
125.056,0.0,0.1589296875000001,1.82782e-08
125.056,0.0,0.1586796875000001,1.8276200000000002e-08
125.056,0.0,0.1584296875000001,1.832995e-08
125.056,0.0,0.1581796875000001,1.827035e-08
125.056,0.0,0.1579296875000001,1.840675e-08
125.056,0.0,0.1576796875000001,1.84068e-08
125.056,0.0,0.1574296875000001,1.835815e-08
125.056,0.0,0.1571796875000001,1.82984e-08
125.056,0.0,0.1569296875000001,1.82582e-08
125.056,0.0,0.1566796875000001,1.8302e-08
125.056,0.0,0.1564296875000001,1.836733333333333e-08
125.056,0.0,0.1561796875000001,1.82699e-08
125.056,0.0,0.1559296875000001,1.82725e-08
125.056,0.0,0.1556796875000001,1.82131e-08
125.056,0.0,0.1554296875000001,1.828135e-08
125.056,0.0,0.1551796875000001,1.85057e-08
125.056,0.0,0.1549296875000001,1.8357e-08
125.056,0.0,0.1546796875000001,1.8304e-08
125.056,0.0,0.1544296875000001,1.83256e-08
125.056,0.0,0.1541796875000001,1.831895e-08
125.056,0.0,0.1539296875000001,1.832855e-08
125.056,0.0,0.1536796875000001,1.8376e-08
125.056,0.0,0.1534296875000001,1.831755e-08
125.056,0.0,0.1531796875000001,1.836305e-08
125.056,0.0,0.1529296875000001,1.82938e-08
125.056,0.0,0.1526796875000001,1.85153e-08
125.056,0.0,0.1524296875000001,1.8406900000000002e-08
125.056,0.0,0.1521796875000001,1.83796e-08
125.056,0.0,0.1519296875000001,1.831235e-08
125.056,0.0,0.1516796875000001,1.84565e-08
125.056,0.0,0.1514296875000001,1.8419e-08
125.056,0.0,0.1511796875000001,1.846365e-08
125.056,0.0,0.1509296875000001,1.8501e-08
125.056,0.0,0.1506796875000001,1.84285e-08
125.056,0.0,0.1504296875000001,1.84734e-08
125.056,0.0,0.1501796875000001,1.84695e-08
125.056,0.0,0.1499296875000001,1.856785e-08
125.056,0.0,0.1496796875000001,1.856175e-08
125.056,0.0,0.1494296875000001,1.85634e-08
125.056,0.0,0.1491796875000001,1.847005e-08
125.056,0.0,0.1489296875000001,1.846335e-08
125.056,0.0,0.1486796875000001,1.84903e-08
125.056,0.0,0.1484296875000001,1.844555e-08
125.056,0.0,0.1481796875000001,1.8503700000000002e-08
125.056,0.0,0.1479296875000001,1.847165e-08
125.056,0.0,0.1476796875000001,1.849395e-08
125.056,0.0,0.1474296875000001,1.85529e-08
125.056,0.0,0.1471796875000001,1.855035e-08
125.056,0.0,0.1469296875000001,1.85632e-08
125.056,0.0,0.1466796875000001,1.85491e-08
125.056,0.0,0.14642968750000013,1.86461e-08
125.056,0.0,0.14617968750000013,1.86298e-08
125.056,0.0,0.14592968750000013,1.868015e-08
125.056,0.0,0.14567968750000013,1.86916e-08
125.056,0.0,0.14542968750000013,1.86806e-08
125.056,0.0,0.14517968750000013,1.86324e-08
125.056,0.0,0.14492968750000013,1.869285e-08
125.056,0.0,0.14467968750000013,1.868715e-08
125.056,0.0,0.14442968750000013,1.877745e-08
125.056,0.0,0.14417968750000013,1.882205e-08
125.056,0.0,0.14392968750000013,1.87922e-08
125.056,0.0,0.14367968750000013,1.875055e-08
125.056,0.0,0.14342968750000012,1.881655e-08
125.056,0.0,0.14317968750000012,1.87636e-08
125.056,0.0,0.14292968750000012,1.88036e-08
125.056,0.0,0.14267968750000012,1.893725e-08
125.056,0.0,0.14242968750000012,1.89076e-08
125.056,0.0,0.14217968750000012,1.884435e-08
125.056,0.0,0.14192968750000012,1.90192e-08
125.056,0.0,0.14167968750000012,1.8996400000000002e-08
125.056,0.0,0.14142968750000012,1.90235e-08
125.056,0.0,0.14117968750000012,1.900035e-08
125.056,0.0,0.14092968750000012,1.91167e-08
125.056,0.0,0.14067968750000012,1.90879e-08
125.056,0.0,0.14042968750000012,1.917645e-08
125.056,0.0,0.14017968750000012,1.91663e-08
125.056,0.0,0.13992968750000012,1.91465e-08
125.056,0.0,0.13967968750000012,1.91848e-08
125.056,0.0,0.13942968750000012,1.92147e-08
125.056,0.0,0.13917968750000012,1.925145e-08
125.056,0.0,0.13892968750000012,1.93053e-08
125.056,0.0,0.13867968750000012,1.9454366666666666e-08
125.056,0.0,0.13842968750000012,1.93169e-08
125.056,0.0,0.13817968750000012,1.948365e-08
125.056,0.0,0.13792968750000012,1.95709e-08
125.056,0.0,0.13767968750000012,1.947115e-08
125.056,0.0,0.13742968750000012,1.953655e-08
125.056,0.0,0.13717968750000012,1.956775e-08
125.056,0.0,0.13692968750000012,1.96647e-08
125.056,0.0,0.13667968750000012,1.96946e-08
125.056,0.0,0.13642968750000012,1.97124e-08
125.056,0.0,0.13617968750000012,1.98068e-08
125.056,0.0,0.13592968750000012,1.97398e-08
125.056,0.0,0.13567968750000012,1.9766650000000002e-08
125.056,0.0,0.13542968750000012,1.971075e-08
125.056,0.0,0.13517968750000012,1.97418e-08
125.056,0.0,0.13492968750000012,1.9827e-08
125.056,0.0,0.13467968750000012,1.987605e-08
125.056,0.0,0.13442968750000012,1.982475e-08
125.056,0.0,0.13417968750000012,1.97827e-08
125.056,0.0,0.13392968750000012,2.00476e-08
125.056,0.0,0.13367968750000012,1.9889833333333333e-08
125.056,0.0,0.13342968750000012,1.983905e-08
125.056,0.0,0.13317968750000012,2.000505e-08
125.056,0.0,0.13292968750000012,1.99265e-08
125.056,0.0,0.13267968750000012,2.00508e-08
125.056,0.0,0.13242968750000012,2.01162e-08
125.056,0.0,0.13217968750000011,2.00424e-08
125.056,0.0,0.13192968750000011,2.008e-08
125.056,0.0,0.13167968750000011,2.0194133333333334e-08
125.056,0.0,0.13142968750000011,2.018035e-08
125.056,0.0,0.13117968750000011,2.02283e-08
125.056,0.0,0.1309296875000001,2.02344e-08
125.056,0.0,0.1306796875000001,2.022215e-08
125.056,0.0,0.1304296875000001,2.025405e-08
125.056,0.0,0.1301796875000001,2.03292e-08
125.056,0.0,0.1299296875000001,2.04497e-08
125.056,0.0,0.1296796875000001,2.03039e-08
125.056,0.0,0.1294296875000001,2.036733333333333e-08
125.056,0.0,0.1291796875000001,2.03766e-08
125.056,0.0,0.1289296875000001,2.032965e-08
125.056,0.0,0.1286796875000001,2.02372e-08
125.056,0.0,0.1284296875000001,2.02163e-08
125.056,0.0,0.1281796875000001,2.0163300000000003e-08
125.056,0.0,0.1279296875000001,2.02801e-08
125.056,0.0,0.1276796875000001,2.025655e-08
125.056,0.0,0.1274296875000001,2.02532e-08
125.056,0.0,0.1271796875000001,2.030065e-08
125.056,0.0,0.1269296875000001,2.027055e-08
125.056,0.0,0.1266796875000001,2.027515e-08
125.056,0.0,0.1264296875000001,2.02806e-08
125.056,0.0,0.1261796875000001,2.02339e-08
125.056,0.0,0.1259296875000001,2.02932e-08
125.056,0.0,0.1256796875000001,2.042095e-08
125.056,0.0,0.1254296875000001,2.040935e-08
125.056,0.0,0.1251796875000001,2.04222e-08
125.056,0.0,0.12492968750000011,2.02949e-08
125.056,0.0,0.12467968750000011,2.0424e-08
125.056,0.0,0.12442968750000011,2.04549e-08
125.056,0.0,0.12417968750000011,2.04125e-08
125.056,0.0,0.12392968750000011,2.034205e-08
125.056,0.0,0.12367968750000011,2.03575e-08
125.056,0.0,0.12342968750000011,2.0336200000000002e-08
125.056,0.0,0.1231796875000001,2.04577e-08
125.056,0.0,0.12292968750000012,2.046845e-08
125.056,0.0,0.12267968750000012,2.04553e-08
125.056,0.0,0.12242968750000012,2.04377e-08
125.056,0.0,0.12217968750000012,2.04178e-08
125.056,0.0,0.12192968750000012,2.05014e-08
125.056,0.0,0.12167968750000012,2.051015e-08
125.056,0.0,0.12142968750000012,2.04225e-08
125.056,0.0,0.12117968750000012,2.04427e-08
125.056,0.0,0.12092968750000012,2.04376e-08
125.056,0.0,0.12067968750000012,2.04568e-08
125.056,0.0,0.12042968750000012,2.04374e-08
125.056,0.0,0.12017968750000012,2.04008e-08
125.056,0.0,0.11992968750000012,2.0486e-08
125.056,0.0,0.11967968750000012,2.04342e-08
125.056,0.0,0.11942968750000012,2.0402300000000006e-08
125.056,0.0,0.11917968750000012,2.04656e-08
125.056,0.0,0.11892968750000012,2.04327e-08
125.056,0.0,0.11867968750000012,2.047035e-08
125.056,0.0,0.11842968750000012,2.0416500000000003e-08
125.056,0.0,0.11817968750000012,2.05086e-08
125.056,0.0,0.11792968750000012,2.048945e-08
125.056,0.0,0.11767968750000012,2.048395e-08
125.056,0.0,0.11742968750000012,2.0532250000000002e-08
125.056,0.0,0.11717968750000012,2.019e-08
125.056,0.0,0.11692968750000012,2.051505e-08
125.056,0.0,0.11667968750000011,2.04189e-08
125.056,0.0,0.11642968750000011,2.03556e-08
125.056,0.0,0.11617968750000011,2.04408e-08
125.056,0.0,0.11592968750000011,2.04888e-08
125.056,0.0,0.11567968750000011,2.0472650000000002e-08
125.056,0.0,0.11542968750000011,2.05094e-08
125.056,0.0,0.11517968750000011,2.05099e-08
125.056,0.0,0.11492968750000011,2.06216e-08
125.056,0.0,0.11467968750000011,2.049525e-08
125.056,0.0,0.11442968750000011,2.0565050000000002e-08
125.056,0.0,0.11417968750000011,2.0445e-08
125.056,0.0,0.11392968750000011,2.0502650000000006e-08
125.056,0.0,0.11367968750000011,2.06201e-08
125.056,0.0,0.11342968750000011,2.0610100000000006e-08
125.056,0.0,0.11317968750000011,2.07564e-08
125.056,0.0,0.11292968750000011,2.06731e-08
125.056,0.0,0.11267968750000011,2.0705050000000002e-08
125.056,0.0,0.11242968750000011,2.071425e-08
125.056,0.0,0.11217968750000011,2.08543e-08
125.056,0.0,0.11192968750000011,2.075245e-08
125.056,0.0,0.11167968750000011,2.07006e-08
125.056,0.0,0.11142968750000011,2.06496e-08
125.056,0.0,0.11117968750000011,2.0686350000000003e-08
125.056,0.0,0.11092968750000011,2.070685e-08
125.056,0.0,0.11067968750000011,2.07413e-08
125.056,0.0,0.11042968750000011,2.071365e-08
125.056,0.0,0.11017968750000011,2.08059e-08
125.056,0.0,0.10992968750000011,2.07184e-08
125.056,0.0,0.10967968750000011,2.088145e-08
125.056,0.0,0.10942968750000011,2.08163e-08
125.056,0.0,0.10917968750000011,2.08136e-08
125.056,0.0,0.10892968750000011,2.082255e-08
125.056,0.0,0.10867968750000011,2.08274e-08
125.056,0.0,0.10842968750000011,2.0823e-08
125.056,0.0,0.10817968750000011,2.0876750000000002e-08
125.056,0.0,0.10792968750000011,2.09479e-08
125.056,0.0,0.1076796875000001,2.08983e-08
125.056,0.0,0.10742968750000012,2.087475e-08
125.056,0.0,0.10717968750000012,2.08683e-08
125.056,0.0,0.10692968750000012,2.0955333333333334e-08
125.056,0.0,0.10667968750000012,2.097875e-08
125.056,0.0,0.10642968750000012,2.09424e-08
125.056,0.0,0.10617968750000012,2.088165e-08
125.056,0.0,0.10592968750000012,2.090115e-08
125.056,0.0,0.10567968750000012,2.08485e-08
125.056,0.0,0.10542968750000012,2.09034e-08
125.056,0.0,0.10517968750000012,2.094965e-08
125.056,0.0,0.10492968750000012,2.091355e-08
125.056,0.0,0.10467968750000012,2.098235e-08
125.056,0.0,0.10442968750000012,2.093395e-08
125.056,0.0,0.10417968750000012,2.10962e-08
125.056,0.0,0.10392968750000012,2.0998150000000002e-08
125.056,0.0,0.10367968750000012,2.104905e-08
125.056,0.0,0.10342968750000012,2.1034e-08
125.056,0.0,0.10317968750000012,2.0967e-08
125.056,0.0,0.10292968750000012,2.1034250000000002e-08
125.056,0.0,0.10267968750000012,2.10228e-08
125.056,0.0,0.10242968750000012,2.090265e-08
125.056,0.0,0.10217968750000012,2.09448e-08
125.056,0.0,0.10192968750000012,2.095815e-08
125.056,0.0,0.10167968750000012,2.096065e-08
125.056,0.0,0.10142968750000012,2.08147e-08
125.056,0.0,0.10117968750000012,2.095305e-08
125.056,0.0,0.10092968750000011,2.08259e-08
125.056,0.0,0.10067968750000011,2.073645e-08
125.056,0.0,0.10042968750000011,2.07824e-08
125.056,0.0,0.10017968750000011,2.09189e-08
125.056,0.0,0.09992968750000011,2.08215e-08
125.056,0.0,0.09967968750000011,2.0885e-08
125.056,0.0,0.09942968750000011,2.08817e-08
125.056,0.0,0.09917968750000011,2.082345e-08
125.056,0.0,0.09892968750000011,2.090625e-08
125.056,0.0,0.09867968750000011,2.083175e-08
125.056,0.0,0.09842968750000011,2.08331e-08
125.056,0.0,0.09817968750000011,2.086085e-08
125.056,0.0,0.09792968750000011,2.108425e-08
125.056,0.0,0.09767968750000011,2.0990766666666672e-08
125.056,0.0,0.09742968750000011,2.10058e-08
125.056,0.0,0.09717968750000011,2.09402e-08
125.056,0.0,0.09692968750000011,2.08722e-08
125.056,0.0,0.09667968750000011,2.09249e-08
125.056,0.0,0.09642968750000011,2.09933e-08
125.056,0.0,0.09617968750000011,2.09257e-08
125.056,0.0,0.09592968750000011,2.100765e-08
125.056,0.0,0.09567968750000011,2.08862e-08
125.056,0.0,0.09542968750000011,2.09352e-08
125.056,0.0,0.09517968750000011,2.09074e-08
125.056,0.0,0.09492968750000011,2.095225e-08
125.056,0.0,0.09467968750000011,2.093935e-08
125.056,0.0,0.09442968750000011,2.08547e-08
125.056,0.0,0.09417968750000011,2.082685e-08
125.056,0.0,0.09392968750000011,2.09404e-08
125.056,0.0,0.09367968750000011,2.09149e-08
125.056,0.0,0.09342968750000011,2.10854e-08
125.056,0.0,0.09317968750000011,2.0931366666666663e-08
125.056,0.0,0.09292968750000011,2.094805e-08
125.056,0.0,0.09267968750000011,2.09305e-08
125.056,0.0,0.09242968750000011,2.09279e-08
125.056,0.0,0.09217968750000011,2.0734300000000002e-08
125.056,0.0,0.0919296875000001,2.09176e-08
125.056,0.0,0.09167968750000012,2.085235e-08
125.056,0.0,0.09142968750000012,2.07999e-08
125.056,0.0,0.09117968750000012,2.085835e-08
125.056,0.0,0.09092968750000012,2.0927366666666668e-08
125.056,0.0,0.09067968750000012,2.10785e-08
125.056,0.0,0.09042968750000012,2.08862e-08
125.056,0.0,0.09017968750000012,2.105575e-08
125.056,0.0,0.08992968750000012,2.08833e-08
125.056,0.0,0.08967968750000012,2.09346e-08
125.056,0.0,0.08942968750000012,2.08288e-08
125.056,0.0,0.08917968750000012,2.08432e-08
125.056,0.0,0.08892968750000012,2.103595e-08
125.056,0.0,0.08867968750000012,2.08627e-08
125.056,0.0,0.08842968750000012,2.080325e-08
125.056,0.0,0.08817968750000012,2.090425e-08
125.056,0.0,0.08792968750000012,2.1024350000000006e-08
125.056,0.0,0.08767968750000012,2.07875e-08
125.056,0.0,0.08742968750000012,2.074205e-08
125.056,0.0,0.08717968750000012,2.0735400000000002e-08
125.056,0.0,0.08692968750000012,2.07313e-08
125.056,0.0,0.08667968750000012,2.09179e-08
125.056,0.0,0.08642968750000012,2.09648e-08
125.056,0.0,0.08617968750000012,2.08975e-08
125.056,0.0,0.08592968750000012,2.089415e-08
125.056,0.0,0.08567968750000012,2.09115e-08
125.056,0.0,0.08542968750000011,2.089225e-08
125.056,0.0,0.08517968750000011,2.099305e-08
125.056,0.0,0.08492968750000011,2.0915300000000002e-08
125.056,0.0,0.08467968750000011,2.092175e-08
125.056,0.0,0.08442968750000011,2.09332e-08
125.056,0.0,0.08417968750000011,2.09352e-08
125.056,0.0,0.08392968750000011,2.081755e-08
125.056,0.0,0.08367968750000011,2.07865e-08
125.056,0.0,0.08342968750000011,2.086175e-08
125.056,0.0,0.08317968750000011,2.091075e-08
125.056,0.0,0.08292968750000011,2.086425e-08
125.056,0.0,0.08267968750000011,2.07956e-08
125.056,0.0,0.08242968750000011,2.08344e-08
125.056,0.0,0.08217968750000011,2.07528e-08
125.056,0.0,0.08192968750000011,2.0819e-08
125.056,0.0,0.08167968750000011,2.0887e-08
125.056,0.0,0.08142968750000011,2.0840400000000002e-08
125.056,0.0,0.08117968750000011,2.09514e-08
125.056,0.0,0.08092968750000011,2.07914e-08
125.056,0.0,0.08067968750000011,2.09031e-08
125.056,0.0,0.08042968750000011,2.0954e-08
125.056,0.0,0.08017968750000011,2.088955e-08
125.056,0.0,0.07992968750000011,2.09394e-08
125.056,0.0,0.07967968750000011,2.07739e-08
125.056,0.0,0.07942968750000011,2.07889e-08
125.056,0.0,0.07917968750000011,2.090925e-08
125.056,0.0,0.07892968750000011,2.10226e-08
125.056,0.0,0.07867968750000011,2.06411e-08
125.056,0.0,0.07842968750000011,2.08076e-08
125.056,0.0,0.07817968750000011,2.078035e-08
125.056,0.0,0.07792968750000011,2.08345e-08
125.056,0.0,0.07767968750000011,2.09027e-08
125.056,0.0,0.07742968750000011,2.078245e-08
125.056,0.0,0.07717968750000011,2.082335e-08
125.056,0.0,0.07692968750000011,2.0785700000000002e-08
125.056,0.0,0.07667968750000011,2.07089e-08
125.056,0.0,0.0764296875000001,2.085815e-08
125.056,0.0,0.07617968750000012,2.08446e-08
125.056,0.0,0.07592968750000012,2.080655e-08
125.056,0.0,0.07567968750000012,2.08739e-08
125.056,0.0,0.07542968750000012,2.070115e-08
125.056,0.0,0.07517968750000012,2.084395e-08
125.056,0.0,0.07492968750000012,2.095915e-08
125.056,0.0,0.07467968750000012,2.078945e-08
125.056,0.0,0.07442968750000012,2.0873200000000002e-08
125.056,0.0,0.07417968750000012,2.08098e-08
125.056,0.0,0.07392968750000012,2.073805e-08
125.056,0.0,0.07367968750000012,2.09484e-08
125.056,0.0,0.07342968750000012,2.07377e-08
125.056,0.0,0.07317968750000012,2.09096e-08
125.056,0.0,0.07292968750000012,2.081415e-08
125.056,0.0,0.07267968750000012,2.086575e-08
125.056,0.0,0.07242968750000012,2.089255e-08
125.056,0.0,0.07217968750000012,2.09297e-08
125.056,0.0,0.07192968750000012,2.092795e-08
125.056,0.0,0.07167968750000012,2.08854e-08
125.056,0.0,0.07142968750000012,2.094365e-08
125.056,0.0,0.07117968750000012,2.0907e-08
125.056,0.0,0.07092968750000012,2.090505e-08
125.056,0.0,0.07067968750000012,2.09856e-08
125.056,0.0,0.07042968750000012,2.090375e-08
125.056,0.0,0.07017968750000012,2.09131e-08
125.056,0.0,0.06992968750000012,2.09986e-08
125.056,0.0,0.06967968750000011,2.104535e-08
125.056,0.0,0.06942968750000011,2.09496e-08
125.056,0.0,0.06917968750000011,2.109935e-08
125.056,0.0,0.06892968750000011,2.10006e-08
125.056,0.0,0.06867968750000011,2.1073e-08
125.056,0.0,0.06842968750000011,2.113705e-08
125.056,0.0,0.06817968750000011,2.120625e-08
125.056,0.0,0.06792968750000011,2.10822e-08
125.056,0.0,0.06767968750000011,2.119845e-08
125.056,0.0,0.06742968750000011,2.118845e-08
125.056,0.0,0.06717968750000011,2.133195e-08
125.056,0.0,0.06692968750000011,2.12855e-08
125.056,0.0,0.06667968750000011,2.122235e-08
125.056,0.0,0.06642968750000011,2.11877e-08
125.056,0.0,0.06617968750000011,2.114475e-08
125.056,0.0,0.06592968750000011,2.122745e-08
125.056,0.0,0.06567968750000011,2.119555e-08
125.056,0.0,0.06542968750000011,2.11792e-08
125.056,0.0,0.06517968750000011,2.14359e-08
125.056,0.0,0.06492968750000011,2.1279e-08
125.056,0.0,0.06467968750000011,2.12895e-08
125.056,0.0,0.06442968750000011,2.1267500000000002e-08
125.056,0.0,0.06417968750000011,2.128405e-08
125.056,0.0,0.06392968750000011,2.13037e-08
125.056,0.0,0.06367968750000011,2.126455e-08
125.056,0.0,0.06342968750000011,2.131175e-08
125.056,0.0,0.06317968750000011,2.132775e-08
125.056,0.0,0.06292968750000011,2.12979e-08
125.056,0.0,0.06267968750000011,2.12042e-08
125.056,0.0,0.062429687500000115,2.12936e-08
125.056,0.0,0.062179687500000115,2.1354650000000006e-08
125.056,0.0,0.061929687500000115,2.136445e-08
125.056,0.0,0.061679687500000115,2.139815e-08
125.056,0.0,0.061429687500000114,2.13296e-08
125.056,0.0,0.061179687500000114,2.140295e-08
125.056,0.0,0.060929687500000114,2.14139e-08
125.056,0.0,0.060679687500000114,2.148325e-08
125.056,0.0,0.060429687500000114,2.152275e-08
125.056,0.0,0.06017968750000011,2.138135e-08
125.056,0.0,0.05992968750000011,2.14862e-08
125.056,0.0,0.05967968750000011,2.150213333333333e-08
125.056,0.0,0.05942968750000011,2.153255e-08
125.056,0.0,0.05917968750000011,2.16106e-08
125.056,0.0,0.05892968750000011,2.14628e-08
125.056,0.0,0.05867968750000011,2.14953e-08
125.056,0.0,0.05842968750000011,2.1490600000000002e-08
125.056,0.0,0.05817968750000011,2.15821e-08
125.056,0.0,0.05792968750000011,2.17323e-08
125.056,0.0,0.05767968750000011,2.16193e-08
125.056,0.0,0.05742968750000011,2.1443850000000002e-08
125.056,0.0,0.05717968750000011,2.15675e-08
125.056,0.0,0.05692968750000011,2.15181e-08
125.056,0.0,0.05667968750000012,2.16894e-08
125.056,0.0,0.05642968750000012,2.1662050000000002e-08
125.056,0.0,0.05617968750000012,2.17905e-08
125.056,0.0,0.055929687500000116,2.16006e-08
125.056,0.0,0.055679687500000116,2.16727e-08
125.056,0.0,0.055429687500000116,2.17035e-08
125.056,0.0,0.055179687500000116,2.164935e-08
125.056,0.0,0.054929687500000116,2.170345e-08
125.056,0.0,0.054679687500000115,2.1745900000000003e-08
125.056,0.0,0.054429687500000115,2.1782e-08
125.056,0.0,0.054179687500000115,2.17707e-08
125.056,0.0,0.053929687500000115,2.1843e-08
125.056,0.0,0.053679687500000114,2.175625e-08
125.056,0.0,0.053429687500000114,2.182435e-08
125.056,0.0,0.053179687500000114,2.20378e-08
125.056,0.0,0.052929687500000114,2.17753e-08
125.056,0.0,0.052679687500000114,2.18956e-08
125.056,0.0,0.05242968750000011,2.18701e-08
125.056,0.0,0.05217968750000011,2.19959e-08
125.056,0.0,0.05192968750000011,2.18731e-08
125.056,0.0,0.05167968750000011,2.186545e-08
125.056,0.0,0.05142968750000011,2.189635e-08
125.056,0.0,0.05117968750000011,2.1891650000000006e-08
125.056,0.0,0.05092968750000011,2.2095e-08
125.056,0.0,0.05067968750000011,2.185595e-08
125.056,0.0,0.05042968750000011,2.18891e-08
125.056,0.0,0.05017968750000011,2.20216e-08
125.056,0.0,0.04992968750000011,2.1976e-08
125.056,0.0,0.04967968750000011,2.194355e-08
125.056,0.0,0.04942968750000011,2.190675e-08
125.056,0.0,0.04917968750000011,2.19705e-08
125.056,0.0,0.04892968750000011,2.20239e-08
125.056,0.0,0.04867968750000012,2.21401e-08
125.056,0.0,0.04842968750000012,2.19994e-08
125.056,0.0,0.048179687500000117,2.20829e-08
125.056,0.0,0.047929687500000116,2.2125e-08
125.056,0.0,0.047679687500000116,2.206065e-08
125.056,0.0,0.047429687500000116,2.219765e-08
125.056,0.0,0.047179687500000116,2.20284e-08
125.056,0.0,0.046929687500000115,2.2065900000000002e-08
125.056,0.0,0.046679687500000115,2.205565e-08
125.056,0.0,0.046429687500000115,2.211035e-08
125.056,0.0,0.046179687500000115,2.21022e-08
125.056,0.0,0.045929687500000115,2.2202500000000003e-08
125.056,0.0,0.045679687500000114,2.21127e-08
125.056,0.0,0.045429687500000114,2.212345e-08
125.056,0.0,0.045179687500000114,2.20161e-08
125.056,0.0,0.044929687500000114,2.21229e-08
125.056,0.0,0.04467968750000011,2.219455e-08
125.056,0.0,0.04442968750000011,2.21409e-08
125.056,0.0,0.04417968750000011,2.22978e-08
125.056,0.0,0.04392968750000011,2.24036e-08
125.056,0.0,0.04367968750000011,2.229235e-08
125.056,0.0,0.04342968750000011,2.22053e-08
125.056,0.0,0.04317968750000011,2.23375e-08
125.056,0.0,0.04292968750000011,2.229e-08
125.056,0.0,0.04267968750000011,2.24231e-08
125.056,0.0,0.04242968750000011,2.23408e-08
125.056,0.0,0.04217968750000011,2.22526e-08
125.056,0.0,0.04192968750000011,2.2336500000000003e-08
125.056,0.0,0.04167968750000011,2.232075e-08
125.056,0.0,0.04142968750000011,2.24143e-08
125.056,0.0,0.04117968750000011,2.244755e-08
125.056,0.0,0.04092968750000012,2.24493e-08
125.056,0.0,0.04067968750000012,2.24884e-08
125.056,0.0,0.04042968750000012,2.245235e-08
125.056,0.0,0.040179687500000116,2.24722e-08
125.056,0.0,0.039929687500000116,2.24873e-08
125.056,0.0,0.039679687500000116,2.254555e-08
125.056,0.0,0.039429687500000116,2.24842e-08
125.056,0.0,0.039179687500000115,2.258995e-08
125.056,0.0,0.038929687500000115,2.25397e-08
125.056,0.0,0.038679687500000115,2.2538e-08
125.056,0.0,0.038429687500000115,2.263195e-08
125.056,0.0,0.038179687500000115,2.255e-08
125.056,0.0,0.037929687500000114,2.262475e-08
125.056,0.0,0.037679687500000114,2.26306e-08
125.056,0.0,0.037429687500000114,2.2673e-08
125.056,0.0,0.037179687500000114,2.26465e-08
125.056,0.0,0.03692968750000011,2.2614833333333333e-08
125.056,0.0,0.03667968750000011,2.25727e-08
125.056,0.0,0.03642968750000011,2.260095e-08
125.056,0.0,0.03617968750000011,2.26905e-08
125.056,0.0,0.03592968750000011,2.26506e-08
125.056,0.0,0.03567968750000011,2.26125e-08
125.056,0.0,0.03542968750000011,2.267785e-08
125.056,0.0,0.03517968750000011,2.25781e-08
125.056,0.0,0.03492968750000011,2.262495e-08
125.056,0.0,0.03467968750000011,2.26199e-08
125.056,0.0,0.03442968750000011,2.258095e-08
125.056,0.0,0.03417968750000011,2.256705e-08
125.056,0.0,0.03392968750000011,2.243485e-08
125.056,0.0,0.03367968750000011,2.251465e-08
125.056,0.0,0.03342968750000011,2.26736e-08
125.056,0.0,0.03317968750000012,2.25038e-08
125.056,0.0,0.03292968750000012,2.264645e-08
125.056,0.0,0.03267968750000012,2.259215e-08
125.056,0.0,0.032429687500000116,2.25584e-08
125.056,0.0,0.032179687500000116,2.2537550000000002e-08
125.056,0.0,0.031929687500000116,2.2552250000000006e-08
125.056,0.0,0.031679687500000116,2.250305e-08
125.056,0.0,0.031429687500000116,2.26155e-08
125.056,0.0,0.031179687500000115,2.2538300000000006e-08
125.056,0.0,0.030929687500000115,2.2416150000000002e-08
125.056,0.0,0.030679687500000115,2.2411e-08
125.056,0.0,0.030429687500000115,2.2497e-08
125.056,0.0,0.030179687500000114,2.2388000000000002e-08
125.056,0.0,0.029929687500000114,2.2395100000000002e-08
125.056,0.0,0.029679687500000114,2.24196e-08
125.056,0.0,0.029429687500000114,2.24012e-08
125.056,0.0,0.029179687500000114,2.226485e-08
125.056,0.0,0.028929687500000113,2.244655e-08
125.056,0.0,0.028679687500000113,2.22784e-08
125.056,0.0,0.028429687500000113,2.24228e-08
125.056,0.0,0.028179687500000113,2.23863e-08
125.056,0.0,0.027929687500000112,2.238645e-08
125.056,0.0,0.027679687500000112,2.23282e-08
125.056,0.0,0.027429687500000112,2.23828e-08
125.056,0.0,0.027179687500000115,2.23327e-08
125.056,0.0,0.026929687500000115,2.23109e-08
125.056,0.0,0.026679687500000115,2.2316e-08
125.056,0.0,0.026429687500000115,2.2258e-08
125.056,0.0,0.026179687500000114,2.22812e-08
125.056,0.0,0.025929687500000114,2.23921e-08
125.056,0.0,0.025679687500000114,2.2246533333333336e-08
125.056,0.0,0.025429687500000114,2.22911e-08
125.056,0.0,0.025179687500000113,2.225205e-08
125.056,0.0,0.024929687500000113,2.223235e-08
125.056,0.0,0.024679687500000113,2.231405e-08
125.056,0.0,0.024429687500000113,2.22711e-08
125.056,0.0,0.024179687500000113,2.22189e-08
125.056,0.0,0.023929687500000112,2.23382e-08
125.056,0.0,0.023679687500000112,2.219595e-08
125.056,0.0,0.023429687500000115,2.22481e-08
125.056,0.0,0.023179687500000115,2.231755e-08
125.056,0.0,0.022929687500000115,2.23871e-08
125.056,0.0,0.022679687500000115,2.23245e-08
125.056,0.0,0.022429687500000114,2.22601e-08
125.056,0.0,0.022179687500000114,2.22527e-08
125.056,0.0,0.021929687500000114,2.228505e-08
125.056,0.0,0.021679687500000114,2.21619e-08
125.056,0.0,0.021429687500000114,2.23227e-08
125.056,0.0,0.021179687500000113,2.2126850000000002e-08
125.056,0.0,0.020929687500000113,2.220955e-08
125.056,0.0,0.020679687500000113,2.21505e-08
125.056,0.0,0.020429687500000113,2.20175e-08
125.056,0.0,0.020179687500000112,2.204295e-08
125.056,0.0,0.019929687500000112,2.21562e-08
125.056,0.0,0.019679687500000112,2.217405e-08
125.056,0.0,0.019429687500000115,2.22102e-08
125.056,0.0,0.019179687500000115,2.2017700000000006e-08
125.056,0.0,0.018929687500000115,2.2108566666666668e-08
125.056,0.0,0.018679687500000115,2.20686e-08
125.056,0.0,0.018429687500000114,2.22317e-08
125.056,0.0,0.018179687500000114,2.211735e-08
125.056,0.0,0.017929687500000114,2.1994700000000003e-08
125.056,0.0,0.017679687500000114,2.198535e-08
125.056,0.0,0.017429687500000113,2.20884e-08
125.056,0.0,0.017179687500000113,2.198615e-08
125.056,0.0,0.016929687500000113,2.193775e-08
125.056,0.0,0.016679687500000113,2.2013400000000002e-08
125.056,0.0,0.016429687500000113,2.21029e-08
125.056,0.0,0.016179687500000112,2.20352e-08
125.056,0.0,0.015929687500000112,2.178205e-08
125.056,0.0,0.015679687500000115,2.195995e-08
125.056,0.0,0.015429687500000113,2.20721e-08
125.056,0.0,0.015179687500000113,2.19158e-08
125.056,0.0,0.014929687500000113,2.18391e-08
125.056,0.0,0.014679687500000115,2.20073e-08
125.056,0.0,0.014429687500000114,2.195695e-08
125.056,0.0,0.014179687500000114,2.189605e-08
125.056,0.0,0.013929687500000114,2.19104e-08
125.056,0.0,0.013679687500000114,2.19375e-08
125.056,0.0,0.013429687500000113,2.196495e-08
125.056,0.0,0.013179687500000113,2.182535e-08
125.056,0.0,0.012929687500000113,2.184735e-08
125.056,0.0,0.012679687500000114,2.1870950000000002e-08
125.056,0.0,0.012429687500000114,2.18245e-08
125.056,0.0,0.012179687500000114,2.183585e-08
125.056,0.0,0.011929687500000114,2.19508e-08
125.056,0.0,0.011679687500000114,2.18202e-08
125.056,0.0,0.011429687500000113,2.184055e-08
125.056,0.0,0.011179687500000113,2.181665e-08
125.056,0.0,0.010929687500000113,2.17827e-08
125.056,0.0,0.010679687500000114,2.18695e-08
125.056,0.0,0.010429687500000114,2.171465e-08
125.056,0.0,0.010179687500000114,2.17153e-08
125.056,0.0,0.009929687500000114,2.1794633333333332e-08
125.056,0.0,0.009679687500000114,2.16411e-08
125.056,0.0,0.009429687500000113,2.181815e-08
125.056,0.0,0.009179687500000113,2.17804e-08
125.056,0.0,0.008929687500000113,2.18158e-08
125.056,0.0,0.008679687500000114,2.18343e-08
125.056,0.0,0.008429687500000114,2.18424e-08
125.056,0.0,0.008179687500000114,2.190665e-08
125.056,0.0,0.007929687500000114,2.182125e-08
125.056,0.0,0.0076796875000001135,2.191945e-08
125.056,0.0,0.007429687500000113,2.187395e-08
125.056,0.0,0.007179687500000114,2.20494e-08
125.056,0.0,0.006929687500000114,2.19398e-08
125.056,0.0,0.0066796875000001135,2.21569e-08
125.056,0.0,0.006429687500000113,2.196345e-08
125.056,0.0,0.006179687500000114,2.200085e-08
125.056,0.0,0.005929687500000114,2.19674e-08
125.056,0.0,0.0056796875000001135,2.19828e-08
125.056,0.0,0.005429687500000114,2.189055e-08
125.056,0.0,0.005179687500000114,2.20188e-08
125.056,0.0,0.004929687500000114,2.19869e-08
125.056,0.0,0.0046796875000001134,2.18921e-08
125.056,0.0,0.004429687500000114,2.205575e-08
125.056,0.0,0.004179687500000114,2.198685e-08
125.056,0.0,0.003929687500000114,2.19366e-08
125.056,0.0,0.003679687500000114,2.19948e-08
125.056,0.0,0.0034296875000001136,2.21056e-08
125.056,0.0,0.003179687500000114,2.20714e-08
125.056,0.0,0.0029296875000001136,2.2091666666666668e-08
125.056,0.0,0.002679687500000114,2.2053e-08
125.056,0.0,0.0024296875000001136,2.204495e-08
125.056,0.0,0.002179687500000114,2.21399e-08
125.056,0.0,0.0019296875000001136,2.1961900000000003e-08
125.056,0.0,0.0016796875000001136,2.19425e-08
125.056,0.0,0.0014296875000001136,2.196975e-08
125.056,0.0,0.0011796875000001136,2.193185e-08
125.056,0.0,0.0009296875000001137,2.21092e-08
125.056,0.0,0.0006796875000001137,2.19037e-08
125.056,0.0,0.0004296875000001137,2.20218e-08
125.056,0.0,0.00017968750000011368,2.1939750000000003e-08
125.056,0.0,-7.031249999988632e-05,2.195915e-08
125.056,0.0,-0.00032031249999988633,2.20144e-08
125.056,0.0,-0.0005703124999998863,2.195185e-08
125.056,0.0,-0.0008203124999998863,2.19129e-08
125.056,0.0,-0.0010703124999998862,2.19961e-08
125.056,0.0,-0.0013203124999998862,2.18959e-08
125.056,0.0,-0.0015703124999998863,2.191115e-08
125.056,0.0,-0.0018203124999998863,2.196135e-08
125.056,0.0,-0.0020703124999998865,2.192455e-08
125.056,0.0,-0.0023203124999998863,2.19407e-08
125.056,0.0,-0.0025703124999998865,2.193385e-08
125.056,0.0,-0.0028203124999998863,2.1908e-08
125.056,0.0,-0.0030703124999998865,2.1943050000000003e-08
125.056,0.0,-0.0033203124999998863,2.19341e-08
125.056,0.0,-0.0035703124999998865,2.19918e-08
125.056,0.0,-0.0038203124999998863,2.21024e-08
125.056,0.0,-0.0040703124999998865,2.20652e-08
125.056,0.0,-0.004320312499999887,2.2125e-08
125.056,0.0,-0.004570312499999886,2.21743e-08
125.056,0.0,-0.004820312499999886,2.206735e-08
125.056,0.0,-0.0050703124999998865,2.21787e-08
125.056,0.0,-0.005320312499999886,2.22525e-08
125.056,0.0,-0.005570312499999886,2.22588e-08
125.056,0.0,-0.005820312499999886,2.2267350000000006e-08
125.056,0.0,-0.0060703124999998866,2.226145e-08
125.056,0.0,-0.006320312499999886,2.2176e-08
125.056,0.0,-0.006570312499999886,2.22949e-08
125.056,0.0,-0.006820312499999886,2.232e-08
125.056,0.0,-0.007070312499999887,2.23147e-08
125.056,0.0,-0.007320312499999886,2.228745e-08
125.056,0.0,-0.007570312499999886,2.23669e-08
125.056,0.0,-0.007820312499999886,2.23168e-08
125.056,0.0,-0.008070312499999887,2.2269050000000002e-08
125.056,0.0,-0.008320312499999887,2.240615e-08
125.056,0.0,-0.008570312499999887,2.23253e-08
125.056,0.0,-0.008820312499999886,2.233805e-08
125.056,0.0,-0.009070312499999886,2.2432e-08
125.056,0.0,-0.009320312499999886,2.244095e-08
125.056,0.0,-0.009570312499999886,2.24096e-08
125.056,0.0,-0.009820312499999886,2.2426e-08
125.056,0.0,-0.010070312499999887,2.245685e-08
125.056,0.0,-0.010320312499999887,2.242955e-08
125.056,0.0,-0.010570312499999887,2.249555e-08
125.056,0.0,-0.010820312499999886,2.245945e-08
125.056,0.0,-0.011070312499999886,2.24751e-08
125.056,0.0,-0.011320312499999886,2.24625e-08
125.056,0.0,-0.011570312499999886,2.245725e-08
125.056,0.0,-0.011820312499999886,2.238675e-08
125.056,0.0,-0.012070312499999887,2.237935e-08
125.056,0.0,-0.012320312499999887,2.23593e-08
125.056,0.0,-0.012570312499999887,2.24586e-08
125.056,0.0,-0.012820312499999886,2.234845e-08
125.056,0.0,-0.013070312499999886,2.22744e-08
125.056,0.0,-0.013320312499999886,2.2396200000000002e-08
125.056,0.0,-0.013570312499999886,2.238475e-08
125.056,0.0,-0.013820312499999887,2.23695e-08
125.056,0.0,-0.014070312499999887,2.24817e-08
125.056,0.0,-0.014320312499999887,2.24325e-08
125.056,0.0,-0.014570312499999887,2.25903e-08
125.056,0.0,-0.014820312499999886,2.24227e-08
125.056,0.0,-0.015070312499999886,2.251175e-08
125.056,0.0,-0.015320312499999886,2.25713e-08
125.056,0.0,-0.015570312499999886,2.26464e-08
125.056,0.0,-0.015820312499999885,2.258225e-08
125.056,0.0,-0.016070312499999885,2.26272e-08
125.056,0.0,-0.016320312499999885,2.2633250000000002e-08
125.056,0.0,-0.016570312499999885,2.2749400000000006e-08
125.056,0.0,-0.016820312499999886,2.26209e-08
125.056,0.0,-0.017070312499999886,2.264645e-08
125.056,0.0,-0.017320312499999886,2.278725e-08
125.056,0.0,-0.017570312499999886,2.285275e-08
125.056,0.0,-0.017820312499999887,2.28542e-08
125.056,0.0,-0.018070312499999887,2.27825e-08
125.056,0.0,-0.018320312499999887,2.28694e-08
125.056,0.0,-0.018570312499999887,2.2811e-08
125.056,0.0,-0.018820312499999887,2.286465e-08
125.056,0.0,-0.019070312499999888,2.27391e-08
125.056,0.0,-0.019320312499999888,2.28868e-08
125.056,0.0,-0.019570312499999885,2.283145e-08
125.056,0.0,-0.019820312499999885,2.293315e-08
125.056,0.0,-0.020070312499999885,2.30054e-08
125.056,0.0,-0.020320312499999885,2.288385e-08
125.056,0.0,-0.020570312499999886,2.29586e-08
125.056,0.0,-0.020820312499999886,2.31032e-08
125.056,0.0,-0.021070312499999886,2.3022e-08
125.056,0.0,-0.021320312499999886,2.29825e-08
125.056,0.0,-0.021570312499999886,2.29714e-08
125.056,0.0,-0.021820312499999887,2.30296e-08
125.056,0.0,-0.022070312499999887,2.29394e-08
125.056,0.0,-0.022320312499999887,2.30427e-08
125.056,0.0,-0.022570312499999887,2.30663e-08
125.056,0.0,-0.022820312499999888,2.31108e-08
125.056,0.0,-0.023070312499999888,2.31247e-08
125.056,0.0,-0.023320312499999888,2.308455e-08
125.056,0.0,-0.023570312499999885,2.30477e-08
125.056,0.0,-0.023820312499999885,2.310755e-08
125.056,0.0,-0.024070312499999885,2.310235e-08
125.056,0.0,-0.024320312499999885,2.3209e-08
125.056,0.0,-0.024570312499999886,2.32632e-08
125.056,0.0,-0.024820312499999886,2.31561e-08
125.056,0.0,-0.025070312499999886,2.3226e-08
125.056,0.0,-0.025320312499999886,2.32539e-08
125.056,0.0,-0.025570312499999887,2.32962e-08
125.056,0.0,-0.025820312499999887,2.332935e-08
125.056,0.0,-0.026070312499999887,2.33461e-08
125.056,0.0,-0.026320312499999887,2.3250300000000006e-08
125.056,0.0,-0.026570312499999887,2.32736e-08
125.056,0.0,-0.026820312499999888,2.32462e-08
125.056,0.0,-0.027070312499999888,2.3417600000000003e-08
125.056,0.0,-0.027320312499999885,2.336455e-08
125.056,0.0,-0.027570312499999885,2.335595e-08
125.056,0.0,-0.027820312499999885,2.33701e-08
125.056,0.0,-0.028070312499999885,2.330705e-08
125.056,0.0,-0.028320312499999886,2.337943333333333e-08
125.056,0.0,-0.028570312499999886,2.338485e-08
125.056,0.0,-0.028820312499999886,2.32724e-08
125.056,0.0,-0.029070312499999886,2.334885e-08
125.056,0.0,-0.029320312499999886,2.340455e-08
125.056,0.0,-0.029570312499999887,2.338745e-08
125.056,0.0,-0.029820312499999887,2.33539e-08
125.056,0.0,-0.030070312499999887,2.33689e-08
125.056,0.0,-0.030320312499999887,2.33982e-08
125.056,0.0,-0.030570312499999888,2.34078e-08
125.056,0.0,-0.030820312499999888,2.35158e-08
125.056,0.0,-0.031070312499999888,2.350455e-08
125.056,0.0,-0.031320312499999885,2.34781e-08
125.056,0.0,-0.031570312499999885,2.3603000000000003e-08
125.056,0.0,-0.031820312499999885,2.34951e-08
125.056,0.0,-0.032070312499999885,2.362005e-08
125.056,0.0,-0.032320312499999886,2.35511e-08
125.056,0.0,-0.032570312499999886,2.36087e-08
125.056,0.0,-0.032820312499999886,2.367305e-08
125.056,0.0,-0.033070312499999886,2.368635e-08
125.056,0.0,-0.033320312499999886,2.363205e-08
125.056,0.0,-0.03357031249999989,2.36839e-08
125.056,0.0,-0.03382031249999989,2.37266e-08
125.056,0.0,-0.03407031249999989,2.368e-08
125.056,0.0,-0.03432031249999989,2.370355e-08
125.056,0.0,-0.03457031249999989,2.38138e-08
125.056,0.0,-0.03482031249999989,2.37406e-08
125.056,0.0,-0.03507031249999989,2.3830433333333334e-08
125.056,0.0,-0.03532031249999989,2.383785e-08
125.056,0.0,-0.03557031249999989,2.3902e-08
125.056,0.0,-0.03582031249999989,2.39378e-08
125.056,0.0,-0.03607031249999989,2.38409e-08
125.056,0.0,-0.03632031249999989,2.39574e-08
125.056,0.0,-0.03657031249999989,2.409065e-08
125.056,0.0,-0.03682031249999989,2.40637e-08
125.056,0.0,-0.03707031249999988,2.403035e-08
125.056,0.0,-0.03732031249999988,2.408975e-08
125.056,0.0,-0.03757031249999988,2.4106633333333333e-08
125.056,0.0,-0.037820312499999884,2.4178e-08
125.056,0.0,-0.038070312499999884,2.41521e-08
125.056,0.0,-0.038320312499999884,2.411135e-08
125.056,0.0,-0.038570312499999884,2.413085e-08
125.056,0.0,-0.038820312499999884,2.39888e-08
125.056,0.0,-0.039070312499999885,2.410855e-08
125.056,0.0,-0.039320312499999885,2.40714e-08
125.056,0.0,-0.039570312499999885,2.408455e-08
125.056,0.0,-0.039820312499999885,2.40238e-08
125.056,0.0,-0.040070312499999886,2.40553e-08
125.056,0.0,-0.040320312499999886,2.40606e-08
125.056,0.0,-0.040570312499999886,2.409005e-08
125.056,0.0,-0.040820312499999886,2.4111e-08
125.056,0.0,-0.041070312499999886,2.40916e-08
125.056,0.0,-0.04132031249999989,2.401085e-08
125.056,0.0,-0.04157031249999989,2.40038e-08
125.056,0.0,-0.04182031249999989,2.398955e-08
125.056,0.0,-0.04207031249999989,2.39885e-08
125.056,0.0,-0.04232031249999989,2.394135e-08
125.056,0.0,-0.04257031249999989,2.40204e-08
125.056,0.0,-0.04282031249999989,2.3900500000000003e-08
125.056,0.0,-0.04307031249999989,2.386035e-08
125.056,0.0,-0.04332031249999989,2.388305e-08
125.056,0.0,-0.04357031249999989,2.38035e-08
125.056,0.0,-0.04382031249999989,2.39344e-08
125.056,0.0,-0.04407031249999989,2.386775e-08
125.056,0.0,-0.04432031249999989,2.377315e-08
125.056,0.0,-0.04457031249999989,2.37243e-08
125.056,0.0,-0.04482031249999989,2.383825e-08
125.056,0.0,-0.04507031249999988,2.397015e-08
125.056,0.0,-0.04532031249999988,2.38992e-08
125.056,0.0,-0.045570312499999883,2.39638e-08
125.056,0.0,-0.045820312499999884,2.399385e-08
125.056,0.0,-0.046070312499999884,2.39739e-08
125.056,0.0,-0.046320312499999884,2.39524e-08
125.056,0.0,-0.046570312499999884,2.396825e-08
125.056,0.0,-0.046820312499999885,2.39353e-08
125.056,0.0,-0.047070312499999885,2.392015e-08
125.056,0.0,-0.047320312499999885,2.401425e-08
125.056,0.0,-0.047570312499999885,2.39356e-08
125.056,0.0,-0.047820312499999885,2.3968650000000002e-08
125.056,0.0,-0.048070312499999886,2.392855e-08
125.056,0.0,-0.048320312499999886,2.397135e-08
125.056,0.0,-0.048570312499999886,2.39886e-08
125.056,0.0,-0.048820312499999886,2.399865e-08
125.056,0.0,-0.04907031249999989,2.39775e-08
125.056,0.0,-0.04932031249999989,2.40144e-08
125.056,0.0,-0.04957031249999989,2.39903e-08
125.056,0.0,-0.04982031249999989,2.4127e-08
125.056,0.0,-0.05007031249999989,2.4085900000000006e-08
125.056,0.0,-0.05032031249999989,2.409245e-08
125.056,0.0,-0.05057031249999989,2.4111e-08
125.056,0.0,-0.05082031249999989,2.41723e-08
125.056,0.0,-0.05107031249999989,2.406225e-08
125.056,0.0,-0.05132031249999989,2.40952e-08
125.056,0.0,-0.05157031249999989,2.41518e-08
125.056,0.0,-0.05182031249999989,2.40878e-08
125.056,0.0,-0.05207031249999989,2.407665e-08
125.056,0.0,-0.05232031249999989,2.40782e-08
125.056,0.0,-0.05257031249999989,2.42023e-08
125.056,0.0,-0.05282031249999988,2.4102300000000006e-08
125.056,0.0,-0.05307031249999988,2.4127566666666665e-08
125.056,0.0,-0.05332031249999988,2.41998e-08
125.056,0.0,-0.053570312499999884,2.42428e-08
125.056,0.0,-0.053820312499999884,2.41924e-08
125.056,0.0,-0.054070312499999884,2.41077e-08
125.056,0.0,-0.054320312499999884,2.42071e-08
125.056,0.0,-0.054570312499999885,2.41376e-08
125.056,0.0,-0.054820312499999885,2.41187e-08
125.056,0.0,-0.055070312499999885,2.405915e-08
125.056,0.0,-0.055320312499999885,2.40744e-08
125.056,0.0,-0.055570312499999885,2.415925e-08
125.056,0.0,-0.055820312499999886,2.41045e-08
125.056,0.0,-0.056070312499999886,2.417655e-08
125.056,0.0,-0.056320312499999886,2.40827e-08
125.056,0.0,-0.056570312499999886,2.41831e-08
125.056,0.0,-0.05682031249999989,2.408265e-08
125.056,0.0,-0.05707031249999989,2.40951e-08
125.056,0.0,-0.05732031249999989,2.402695e-08
125.056,0.0,-0.05757031249999989,2.410085e-08
125.056,0.0,-0.05782031249999989,2.417555e-08
125.056,0.0,-0.05807031249999989,2.420555e-08
125.056,0.0,-0.05832031249999989,2.418295e-08
125.056,0.0,-0.05857031249999989,2.4292e-08
125.056,0.0,-0.05882031249999989,2.424625e-08
125.056,0.0,-0.05907031249999989,2.42221e-08
125.056,0.0,-0.05932031249999989,2.433415e-08
125.056,0.0,-0.05957031249999989,2.43097e-08
125.056,0.0,-0.05982031249999989,2.42717e-08
125.056,0.0,-0.06007031249999989,2.4344166666666667e-08
125.056,0.0,-0.06032031249999989,2.4429e-08
125.056,0.0,-0.06057031249999988,2.433925e-08
125.056,0.0,-0.06082031249999988,2.44448e-08
125.056,0.0,-0.06107031249999988,2.444735e-08
125.056,0.0,-0.061320312499999884,2.44865e-08
125.056,0.0,-0.061570312499999884,2.45227e-08
125.056,0.0,-0.061820312499999884,2.45627e-08
125.056,0.0,-0.062070312499999884,2.47064e-08
125.056,0.0,-0.062320312499999884,2.469185e-08
125.056,0.0,-0.06257031249999989,2.463345e-08
125.056,0.0,-0.06282031249999989,2.4694350000000002e-08
125.056,0.0,-0.06307031249999989,2.475145e-08
125.056,0.0,-0.06332031249999989,2.46586e-08
125.056,0.0,-0.06357031249999989,2.46959e-08
125.056,0.0,-0.06382031249999989,2.48794e-08
125.056,0.0,-0.06407031249999989,2.4869000000000006e-08
125.056,0.0,-0.0643203124999999,2.48588e-08
125.056,0.0,-0.06457031249999988,2.483525e-08
125.056,0.0,-0.06482031249999988,2.4808900000000002e-08
125.056,0.0,-0.06507031249999988,2.4890650000000002e-08
125.056,0.0,-0.06532031249999988,2.49078e-08
125.056,0.0,-0.06557031249999988,2.490155e-08
125.056,0.0,-0.06582031249999988,2.4862750000000002e-08
125.056,0.0,-0.06607031249999988,2.485575e-08
125.056,0.0,-0.06632031249999988,2.49268e-08
125.056,0.0,-0.06657031249999988,2.487165e-08
125.056,0.0,-0.06682031249999988,2.48008e-08
125.056,0.0,-0.06707031249999988,2.492165e-08
125.056,0.0,-0.06732031249999988,2.49774e-08
125.056,0.0,-0.06757031249999988,2.46904e-08
125.056,0.0,-0.06782031249999988,2.476675e-08
125.056,0.0,-0.06807031249999988,2.47961e-08
125.056,0.0,-0.06832031249999988,2.47318e-08
125.056,0.0,-0.06857031249999988,2.47213e-08
125.056,0.0,-0.06882031249999988,2.47278e-08
125.056,0.0,-0.06907031249999988,2.47416e-08
125.056,0.0,-0.06932031249999988,2.47107e-08
125.056,0.0,-0.06957031249999988,2.473725e-08
125.056,0.0,-0.06982031249999988,2.470085e-08
125.056,0.0,-0.07007031249999988,2.46985e-08
125.056,0.0,-0.07032031249999988,2.47064e-08
125.056,0.0,-0.07057031249999988,2.472515e-08
125.056,0.0,-0.07082031249999989,2.45996e-08
125.056,0.0,-0.07107031249999989,2.456785e-08
125.056,0.0,-0.07132031249999989,2.4559250000000002e-08
125.056,0.0,-0.07157031249999989,2.454695e-08
125.056,0.0,-0.07182031249999989,2.449315e-08
125.056,0.0,-0.07207031249999989,2.44018e-08
125.056,0.0,-0.07232031249999989,2.43859e-08
125.056,0.0,-0.07257031249999989,2.439655e-08
125.056,0.0,-0.07282031249999989,2.44175e-08
125.056,0.0,-0.07307031249999989,2.44563e-08
125.056,0.0,-0.07332031249999989,2.444435e-08
125.056,0.0,-0.07357031249999989,2.44366e-08
125.056,0.0,-0.07382031249999989,2.455905e-08
125.056,0.0,-0.07407031249999989,2.45954e-08
125.056,0.0,-0.07432031249999989,2.4541e-08
125.056,0.0,-0.07457031249999989,2.461245e-08
125.056,0.0,-0.07482031249999989,2.467805e-08
125.056,0.0,-0.07507031249999989,2.472245e-08
125.056,0.0,-0.07532031249999989,2.46836e-08
125.056,0.0,-0.07557031249999989,2.473e-08
125.056,0.0,-0.07582031249999989,2.47057e-08
125.056,0.0,-0.07607031249999989,2.478285e-08
125.056,0.0,-0.07632031249999989,2.46838e-08
125.056,0.0,-0.07657031249999989,2.485405e-08
125.056,0.0,-0.07682031249999989,2.484165e-08
125.056,0.0,-0.07707031249999989,2.50209e-08
125.056,0.0,-0.07732031249999989,2.5069e-08
125.056,0.0,-0.07757031249999989,2.527895e-08
125.056,0.0,-0.07782031249999989,2.526595e-08
125.056,0.0,-0.07807031249999989,2.54833e-08
125.056,0.0,-0.07832031249999989,2.57509e-08
125.056,0.0,-0.07857031249999989,2.58603e-08
125.056,0.0,-0.07882031249999989,2.59236e-08
125.056,0.0,-0.07907031249999989,2.619465e-08
125.056,0.0,-0.07932031249999989,2.63269e-08
125.056,0.0,-0.07957031249999989,2.635155e-08
125.056,0.0,-0.0798203124999999,2.65208e-08
125.056,0.0,-0.08007031249999988,2.65978e-08
125.056,0.0,-0.08032031249999988,2.65225e-08
125.056,0.0,-0.08057031249999988,2.6586e-08
125.056,0.0,-0.08082031249999988,2.66218e-08
125.056,0.0,-0.08107031249999988,2.66523e-08
125.056,0.0,-0.08132031249999988,2.682915e-08
125.056,0.0,-0.08157031249999988,2.683535e-08
125.056,0.0,-0.08182031249999988,2.688425e-08
125.056,0.0,-0.08207031249999988,2.69404e-08
125.056,0.0,-0.08232031249999988,2.70091e-08
125.056,0.0,-0.08257031249999988,2.705495e-08
125.056,0.0,-0.08282031249999988,2.719625e-08
125.056,0.0,-0.08307031249999988,2.71243e-08
125.056,0.0,-0.08332031249999988,2.7318150000000002e-08
125.056,0.0,-0.08357031249999988,2.734795e-08
125.056,0.0,-0.08382031249999988,2.736995e-08
125.056,0.0,-0.08407031249999988,2.73852e-08
125.056,0.0,-0.08432031249999988,2.756755e-08
125.056,0.0,-0.08457031249999988,2.758255e-08
125.056,0.0,-0.08482031249999988,2.757275e-08
125.056,0.0,-0.08507031249999988,2.75358e-08
125.056,0.0,-0.08532031249999988,2.76979e-08
125.056,0.0,-0.08557031249999988,2.759445e-08
125.056,0.0,-0.08582031249999988,2.76078e-08
125.056,0.0,-0.08607031249999988,2.75788e-08
125.056,0.0,-0.08632031249999988,2.76232e-08
125.056,0.0,-0.08657031249999989,2.770845e-08
125.056,0.0,-0.08682031249999989,2.7741950000000002e-08
125.056,0.0,-0.08707031249999989,2.77493e-08
125.056,0.0,-0.08732031249999989,2.77748e-08
125.056,0.0,-0.08757031249999989,2.78886e-08
125.056,0.0,-0.08782031249999989,2.794835e-08
125.056,0.0,-0.08807031249999989,2.79608e-08
125.056,0.0,-0.08832031249999989,2.80496e-08
125.056,0.0,-0.08857031249999989,2.8075800000000002e-08
125.056,0.0,-0.08882031249999989,2.80617e-08
125.056,0.0,-0.08907031249999989,2.8308e-08
125.056,0.0,-0.08932031249999989,2.834665e-08
125.056,0.0,-0.08957031249999989,2.849475e-08
125.056,0.0,-0.08982031249999989,2.85483e-08
125.056,0.0,-0.09007031249999989,2.86532e-08
125.056,0.0,-0.09032031249999989,2.8751700000000002e-08
125.056,0.0,-0.09057031249999989,2.8851700000000003e-08
125.056,0.0,-0.09082031249999989,2.899075e-08
125.056,0.0,-0.09107031249999989,2.9104e-08
125.056,0.0,-0.09132031249999989,2.9162666666666665e-08
125.056,0.0,-0.09157031249999989,2.9269e-08
125.056,0.0,-0.09182031249999989,2.940845e-08
125.056,0.0,-0.09207031249999989,2.94168e-08
125.056,0.0,-0.09232031249999989,2.96376e-08
125.056,0.0,-0.09257031249999989,2.97834e-08
125.056,0.0,-0.09282031249999989,2.998505e-08
125.056,0.0,-0.09307031249999989,3.01722e-08
125.056,0.0,-0.09332031249999989,3.028425e-08
125.056,0.0,-0.09357031249999989,3.0306e-08
125.056,0.0,-0.09382031249999989,3.05012e-08
125.056,0.0,-0.09407031249999989,3.065325e-08
125.056,0.0,-0.09432031249999989,3.0732e-08
125.056,0.0,-0.09457031249999989,3.074905e-08
125.056,0.0,-0.09482031249999989,3.08567e-08
125.056,0.0,-0.09507031249999989,3.08144e-08
125.056,0.0,-0.09532031249999989,3.095925e-08
125.056,0.0,-0.0955703124999999,3.10345e-08
125.056,0.0,-0.09582031249999988,3.1126250000000004e-08
125.056,0.0,-0.09607031249999988,3.1011e-08
125.056,0.0,-0.09632031249999988,3.1195550000000006e-08
125.056,0.0,-0.09657031249999988,3.122395e-08
125.056,0.0,-0.09682031249999988,3.1257100000000005e-08
125.056,0.0,-0.09707031249999988,3.12004e-08
125.056,0.0,-0.09732031249999988,3.117365e-08
125.056,0.0,-0.09757031249999988,3.128745e-08
125.056,0.0,-0.09782031249999988,3.12451e-08
125.056,0.0,-0.09807031249999988,3.117725e-08
125.056,0.0,-0.09832031249999988,3.119445e-08
125.056,0.0,-0.09857031249999988,3.0982e-08
125.056,0.0,-0.09882031249999988,3.08559e-08
125.056,0.0,-0.09907031249999988,3.079335e-08
125.056,0.0,-0.09932031249999988,3.068885e-08
125.056,0.0,-0.09957031249999988,3.05682e-08
125.056,0.0,-0.09982031249999988,3.026995e-08
125.056,0.0,-0.10007031249999988,3.01396e-08
125.056,0.0,-0.10032031249999988,3.003795e-08
125.056,0.0,-0.10057031249999988,2.9858266666666665e-08
125.056,0.0,-0.10082031249999988,2.94865e-08
125.056,0.0,-0.10107031249999988,2.93527e-08
125.056,0.0,-0.10132031249999988,2.91227e-08
125.056,0.0,-0.10157031249999988,2.872815e-08
125.056,0.0,-0.10182031249999988,2.84694e-08
125.056,0.0,-0.10207031249999989,2.80321e-08
125.056,0.0,-0.10232031249999989,2.763685e-08
125.056,0.0,-0.10257031249999989,2.7123e-08
125.056,0.0,-0.10282031249999989,2.6487200000000002e-08
125.056,0.0,-0.10307031249999989,2.590185e-08
125.056,0.0,-0.10332031249999989,2.5245300000000002e-08
125.056,0.0,-0.10357031249999989,2.46356e-08
125.056,0.0,-0.10382031249999989,2.39993e-08
134.556,0.0,0.9309296875000002,4.53026e-09
134.556,0.0,0.9306796875000001,4.3823099999999995e-09
134.556,0.0,0.9304296875000001,4.423803333333334e-09
134.556,0.0,0.9301796875000001,4.71266e-09
134.556,0.0,0.9299296875000002,4.626170000000001e-09
134.556,0.0,0.9296796875000001,4.839745e-09
134.556,0.0,0.9294296875000001,5.0442e-09
134.556,0.0,0.9291796875000001,5.13278e-09
134.556,0.0,0.9289296875000002,5.061795e-09
134.556,0.0,0.9286796875000001,5.7586033333333345e-09
134.556,0.0,0.9284296875000001,5.98421e-09
134.556,0.0,0.9281796875000001,5.59594e-09
134.556,0.0,0.9279296875000002,5.5209e-09
134.556,0.0,0.9276796875000001,5.20401e-09
134.556,0.0,0.9274296875000001,5.08367e-09
134.556,0.0,0.9271796875000001,4.79285e-09
134.556,0.0,0.9269296875000002,4.63796e-09
134.556,0.0,0.9266796875000001,4.43251e-09
134.556,0.0,0.9264296875000001,4.282155e-09
134.556,0.0,0.9261796875000001,4.4566700000000005e-09
134.556,0.0,0.9259296875000002,4.63877e-09
134.556,0.0,0.9256796875000001,4.72273e-09
134.556,0.0,0.9254296875000001,5.190665e-09
134.556,0.0,0.9251796875000001,5.80084e-09
134.556,0.0,0.9249296875000002,6.270055e-09
134.556,0.0,0.9246796875000001,7.01035e-09
134.556,0.0,0.9244296875000001,7.72085e-09
134.556,0.0,0.9241796875000001,8.476545000000001e-09
134.556,0.0,0.9239296875000002,9.059665e-09
134.556,0.0,0.9236796875000001,9.83959e-09
134.556,0.0,0.9234296875000001,1.04006e-08
134.556,0.0,0.9231796875000001,1.1168e-08
134.556,0.0,0.9229296875000002,1.193795e-08
134.556,0.0,0.9226796875000001,1.26365e-08
134.556,0.0,0.9224296875000001,1.35671e-08
134.556,0.0,0.9221796875000001,1.4162e-08
134.556,0.0,0.9219296875000002,1.47757e-08
134.556,0.0,0.9216796875000001,1.5642233333333336e-08
134.556,0.0,0.9214296875000001,1.63792e-08
134.556,0.0,0.9211796875000001,1.679855e-08
134.556,0.0,0.9209296875000001,1.753975e-08
134.556,0.0,0.9206796875000001,1.82752e-08
134.556,0.0,0.9204296875000001,1.86792e-08
134.556,0.0,0.9201796875000001,1.92339e-08
134.556,0.0,0.9199296875000001,1.98274e-08
134.556,0.0,0.9196796875000001,2.03183e-08
134.556,0.0,0.9194296875000001,2.09479e-08
134.556,0.0,0.9191796875000001,2.132795e-08
134.556,0.0,0.9189296875000001,2.1662e-08
134.556,0.0,0.9186796875000001,2.19599e-08
134.556,0.0,0.9184296875000001,2.22506e-08
134.556,0.0,0.9181796875000001,2.23941e-08
134.556,0.0,0.9179296875000001,2.25117e-08
134.556,0.0,0.9176796875000001,2.25435e-08
134.556,0.0,0.9174296875000001,2.25502e-08
134.556,0.0,0.9171796875000001,2.25074e-08
134.556,0.0,0.9169296875000001,2.240475e-08
134.556,0.0,0.9166796875000001,2.23234e-08
134.556,0.0,0.9164296875000001,2.24677e-08
134.556,0.0,0.9161796875000001,2.253275e-08
134.556,0.0,0.9159296875000001,2.235835e-08
134.556,0.0,0.9156796875000001,2.23637e-08
134.556,0.0,0.9154296875000001,2.22395e-08
134.556,0.0,0.9151796875000001,2.22714e-08
134.556,0.0,0.9149296875000001,2.244095e-08
134.556,0.0,0.9146796875000001,2.2884233333333332e-08
134.556,0.0,0.9144296875000001,2.33316e-08
134.556,0.0,0.9141796875000001,2.364855e-08
134.556,0.0,0.9139296875000001,2.390375e-08
134.556,0.0,0.9136796875000001,2.38905e-08
134.556,0.0,0.9134296875000001,2.39782e-08
134.556,0.0,0.9131796875000001,2.401945e-08
134.556,0.0,0.9129296875000001,2.41403e-08
134.556,0.0,0.9126796875000001,2.42351e-08
134.556,0.0,0.9124296875000001,2.433705e-08
134.556,0.0,0.9121796875000001,2.43536e-08
134.556,0.0,0.9119296875000001,2.445685e-08
134.556,0.0,0.9116796875000002,2.437985e-08
134.556,0.0,0.9114296875000001,2.43672e-08
134.556,0.0,0.9111796875000001,2.445595e-08
134.556,0.0,0.9109296875000001,2.430065e-08
134.556,0.0,0.9106796875000002,2.4302250000000002e-08
134.556,0.0,0.9104296875000001,2.42967e-08
134.556,0.0,0.9101796875000001,2.421865e-08
134.556,0.0,0.9099296875000001,2.407355e-08
134.556,0.0,0.9096796875000002,2.3982350000000002e-08
134.556,0.0,0.9094296875000001,2.39384e-08
134.556,0.0,0.9091796875000001,2.37556e-08
134.556,0.0,0.9089296875000001,2.36759e-08
134.556,0.0,0.9086796875000002,2.367585e-08
134.556,0.0,0.9084296875000001,2.34289e-08
134.556,0.0,0.9081796875000001,2.35411e-08
134.556,0.0,0.9079296875000001,2.336725e-08
134.556,0.0,0.9076796875000002,2.33391e-08
134.556,0.0,0.9074296875000001,2.32206e-08
134.556,0.0,0.9071796875000001,2.328695e-08
134.556,0.0,0.9069296875000001,2.325795e-08
134.556,0.0,0.9066796875000002,2.328265e-08
134.556,0.0,0.9064296875000001,2.31555e-08
134.556,0.0,0.9061796875000001,2.31807e-08
134.556,0.0,0.9059296875000001,2.31414e-08
134.556,0.0,0.9056796875000002,2.30522e-08
134.556,0.0,0.9054296875000001,2.307345e-08
134.556,0.0,0.9051796875000001,2.298675e-08
134.556,0.0,0.9049296875000001,2.29287e-08
134.556,0.0,0.9046796875000002,2.292305e-08
134.556,0.0,0.9044296875000001,2.28329e-08
134.556,0.0,0.9041796875000001,2.280815e-08
134.556,0.0,0.9039296875000001,2.279445e-08
134.556,0.0,0.9036796875000002,2.26454e-08
134.556,0.0,0.9034296875000001,2.254175e-08
134.556,0.0,0.9031796875000001,2.25266e-08
134.556,0.0,0.9029296875000001,2.24918e-08
134.556,0.0,0.9026796875000002,2.24036e-08
134.556,0.0,0.9024296875000001,2.24545e-08
134.556,0.0,0.9021796875000001,2.23509e-08
134.556,0.0,0.9019296875000001,2.23627e-08
134.556,0.0,0.9016796875000002,2.23176e-08
134.556,0.0,0.9014296875000001,2.2263e-08
134.556,0.0,0.9011796875000001,2.218945e-08
134.556,0.0,0.9009296875000001,2.21436e-08
134.556,0.0,0.9006796875000002,2.20717e-08
134.556,0.0,0.9004296875000001,2.203045e-08
134.556,0.0,0.9001796875000001,2.20818e-08
134.556,0.0,0.8999296875000001,2.211385e-08
134.556,0.0,0.8996796875000002,2.20616e-08
134.556,0.0,0.8994296875000001,2.194665e-08
134.556,0.0,0.8991796875000001,2.190895e-08
134.556,0.0,0.8989296875000001,2.181275e-08
134.556,0.0,0.8986796875000002,2.17558e-08
134.556,0.0,0.8984296875000001,2.18097e-08
134.556,0.0,0.8981796875000001,2.17243e-08
134.556,0.0,0.8979296875000001,2.16835e-08
134.556,0.0,0.8976796875000002,2.15547e-08
134.556,0.0,0.8974296875000001,2.155445e-08
134.556,0.0,0.8971796875000001,2.15027e-08
134.556,0.0,0.8969296875000001,2.15104e-08
134.556,0.0,0.8966796875000002,2.12826e-08
134.556,0.0,0.8964296875000001,2.14435e-08
134.556,0.0,0.8961796875000001,2.140975e-08
134.556,0.0,0.8959296875000001,2.1323800000000002e-08
134.556,0.0,0.8956796875000002,2.1444e-08
134.556,0.0,0.8954296875000001,2.135865e-08
134.556,0.0,0.8951796875000001,2.139375e-08
134.556,0.0,0.8949296875000001,2.134285e-08
134.556,0.0,0.8946796875000002,2.120895e-08
134.556,0.0,0.8944296875000001,2.132475e-08
134.556,0.0,0.8941796875000001,2.135755e-08
134.556,0.0,0.8939296875000001,2.117565e-08
134.556,0.0,0.8936796875000002,2.11275e-08
134.556,0.0,0.8934296875000001,2.1181e-08
134.556,0.0,0.8931796875000001,2.109025e-08
134.556,0.0,0.8929296875000001,2.111385e-08
134.556,0.0,0.8926796875000002,2.1006e-08
134.556,0.0,0.8924296875000001,2.0984566666666664e-08
134.556,0.0,0.8921796875000001,2.08327e-08
134.556,0.0,0.8919296875000001,2.0812e-08
134.556,0.0,0.8916796875000002,2.06955e-08
134.556,0.0,0.8914296875000001,2.07115e-08
134.556,0.0,0.8911796875000001,2.065665e-08
134.556,0.0,0.8909296875000001,2.05298e-08
134.556,0.0,0.8906796875000002,2.04922e-08
134.556,0.0,0.8904296875000001,2.04713e-08
134.556,0.0,0.8901796875000001,2.041375e-08
134.556,0.0,0.8899296875000001,2.03648e-08
134.556,0.0,0.8896796875000001,2.03053e-08
134.556,0.0,0.8894296875000001,2.02685e-08
134.556,0.0,0.8891796875000001,2.023065e-08
134.556,0.0,0.8889296875000001,2.00976e-08
134.556,0.0,0.8886796875000001,2.01075e-08
134.556,0.0,0.8884296875000001,2.007405e-08
134.556,0.0,0.8881796875000001,2.00928e-08
134.556,0.0,0.8879296875000001,2.013295e-08
134.556,0.0,0.8876796875000001,2.003675e-08
134.556,0.0,0.8874296875000001,2.0066600000000002e-08
134.556,0.0,0.8871796875000001,1.9963e-08
134.556,0.0,0.8869296875000001,1.99553e-08
134.556,0.0,0.8866796875000001,1.99927e-08
134.556,0.0,0.8864296875000001,1.992075e-08
134.556,0.0,0.8861796875000001,1.992215e-08
134.556,0.0,0.8859296875000001,1.967015e-08
134.556,0.0,0.8856796875000001,1.97314e-08
134.556,0.0,0.8854296875000001,1.968165e-08
134.556,0.0,0.8851796875000001,1.9603150000000002e-08
134.556,0.0,0.8849296875000001,1.96025e-08
134.556,0.0,0.8846796875000001,1.952645e-08
134.556,0.0,0.8844296875000001,1.9533150000000002e-08
134.556,0.0,0.8841796875000001,1.94719e-08
134.556,0.0,0.8839296875000001,1.94844e-08
134.556,0.0,0.8836796875000001,1.93989e-08
134.556,0.0,0.8834296875000001,1.9402866666666667e-08
134.556,0.0,0.8831796875000001,1.94001e-08
134.556,0.0,0.8829296875000001,1.932e-08
134.556,0.0,0.8826796875000001,1.9426450000000006e-08
134.556,0.0,0.8824296875000001,1.947115e-08
134.556,0.0,0.8821796875000001,1.928115e-08
134.556,0.0,0.8819296875000001,1.94517e-08
134.556,0.0,0.8816796875000001,1.92998e-08
134.556,0.0,0.8814296875000001,1.92302e-08
134.556,0.0,0.8811796875000001,1.9200766666666667e-08
134.556,0.0,0.8809296875000001,1.9131e-08
134.556,0.0,0.8806796875000001,1.914885e-08
134.556,0.0,0.8804296875000002,1.913715e-08
134.556,0.0,0.8801796875000001,1.90955e-08
134.556,0.0,0.8799296875000001,1.91477e-08
134.556,0.0,0.8796796875000001,1.911135e-08
134.556,0.0,0.8794296875000002,1.9122e-08
134.556,0.0,0.8791796875000001,1.900005e-08
134.556,0.0,0.8789296875000001,1.901785e-08
134.556,0.0,0.8786796875000001,1.905095e-08
134.556,0.0,0.8784296875000002,1.901485e-08
134.556,0.0,0.8781796875000001,1.8943550000000003e-08
134.556,0.0,0.8779296875000001,1.89339e-08
134.556,0.0,0.8776796875000001,1.895685e-08
134.556,0.0,0.8774296875000002,1.88252e-08
134.556,0.0,0.8771796875000001,1.88554e-08
134.556,0.0,0.8769296875000001,1.876215e-08
134.556,0.0,0.8766796875000001,1.872235e-08
134.556,0.0,0.8764296875000002,1.87599e-08
134.556,0.0,0.8761796875000001,1.87792e-08
134.556,0.0,0.8759296875000001,1.85937e-08
134.556,0.0,0.8756796875000001,1.869985e-08
134.556,0.0,0.8754296875000002,1.87666e-08
134.556,0.0,0.8751796875000001,1.8685e-08
134.556,0.0,0.8749296875000001,1.86521e-08
134.556,0.0,0.8746796875000001,1.84935e-08
134.556,0.0,0.8744296875000002,1.846005e-08
134.556,0.0,0.8741796875000001,1.843545e-08
134.556,0.0,0.8739296875000001,1.846555e-08
134.556,0.0,0.8736796875000001,1.845865e-08
134.556,0.0,0.8734296875000002,1.84671e-08
134.556,0.0,0.8731796875000001,1.836675e-08
134.556,0.0,0.8729296875000001,1.85567e-08
134.556,0.0,0.8726796875000001,1.839455e-08
134.556,0.0,0.8724296875000002,1.847205e-08
134.556,0.0,0.8721796875000001,1.84508e-08
134.556,0.0,0.8719296875000001,1.846e-08
134.556,0.0,0.8716796875000001,1.857355e-08
134.556,0.0,0.8714296875000002,1.84592e-08
134.556,0.0,0.8711796875000001,1.850625e-08
134.556,0.0,0.8709296875000001,1.85045e-08
134.556,0.0,0.8706796875000001,1.84751e-08
134.556,0.0,0.8704296875000002,1.832655e-08
134.556,0.0,0.8701796875000001,1.835905e-08
134.556,0.0,0.8699296875000001,1.8210850000000002e-08
134.556,0.0,0.8696796875000001,1.826255e-08
134.556,0.0,0.8694296875000002,1.824455e-08
134.556,0.0,0.8691796875000001,1.824625e-08
134.556,0.0,0.8689296875000001,1.82944e-08
134.556,0.0,0.8686796875000001,1.811915e-08
134.556,0.0,0.8684296875000002,1.81107e-08
134.556,0.0,0.8681796875000001,1.812455e-08
134.556,0.0,0.8679296875000001,1.815975e-08
134.556,0.0,0.8676796875000001,1.81568e-08
134.556,0.0,0.8674296875000002,1.807875e-08
134.556,0.0,0.8671796875000001,1.79092e-08
134.556,0.0,0.8669296875000001,1.806865e-08
134.556,0.0,0.8666796875000001,1.7980550000000003e-08
134.556,0.0,0.8664296875000002,1.7994899999999998e-08
134.556,0.0,0.8661796875000001,1.791875e-08
134.556,0.0,0.8659296875000001,1.76549e-08
134.556,0.0,0.8656796875000001,1.7912000000000002e-08
134.556,0.0,0.8654296875000002,1.7775033333333335e-08
134.556,0.0,0.8651796875000001,1.77296e-08
134.556,0.0,0.8649296875000001,1.770345e-08
134.556,0.0,0.8646796875000001,1.77062e-08
134.556,0.0,0.8644296875000002,1.76162e-08
134.556,0.0,0.8641796875000001,1.75922e-08
134.556,0.0,0.8639296875000001,1.75073e-08
134.556,0.0,0.8636796875000001,1.752515e-08
134.556,0.0,0.8634296875000002,1.7409799999999998e-08
134.556,0.0,0.8631796875000001,1.74315e-08
134.556,0.0,0.8629296875000001,1.7398299999999998e-08
134.556,0.0,0.8626796875000001,1.71629e-08
134.556,0.0,0.8624296875000002,1.7250200000000003e-08
134.556,0.0,0.8621796875000001,1.71856e-08
134.556,0.0,0.8619296875000001,1.7286699999999998e-08
134.556,0.0,0.8616796875000001,1.72329e-08
134.556,0.0,0.8614296875000002,1.733415e-08
134.556,0.0,0.8611796875000001,1.7243200000000002e-08
134.556,0.0,0.8609296875000001,1.732495e-08
134.556,0.0,0.8606796875000001,1.713095e-08
134.556,0.0,0.8604296875000002,1.72015e-08
134.556,0.0,0.8601796875000001,1.72026e-08
134.556,0.0,0.8599296875000001,1.71217e-08
134.556,0.0,0.8596796875000001,1.7187449999999998e-08
134.556,0.0,0.8594296875000002,1.7129049999999997e-08
134.556,0.0,0.8591796875000001,1.70743e-08
134.556,0.0,0.8589296875000001,1.7099766666666667e-08
134.556,0.0,0.8586796875000001,1.71248e-08
134.556,0.0,0.8584296875000001,1.71108e-08
134.556,0.0,0.8581796875000001,1.7145e-08
134.556,0.0,0.8579296875000001,1.713795e-08
134.556,0.0,0.8576796875000001,1.7159e-08
134.556,0.0,0.8574296875000001,1.712495e-08
134.556,0.0,0.8571796875000001,1.69131e-08
134.556,0.0,0.8569296875000001,1.7097249999999998e-08
134.556,0.0,0.8566796875000001,1.712725e-08
134.556,0.0,0.8564296875000001,1.717205e-08
134.556,0.0,0.8561796875000001,1.7043899999999998e-08
134.556,0.0,0.8559296875000001,1.7168099999999997e-08
134.556,0.0,0.8556796875000001,1.708655e-08
134.556,0.0,0.8554296875000001,1.7101500000000006e-08
134.556,0.0,0.8551796875000001,1.71367e-08
134.556,0.0,0.8549296875000001,1.717975e-08
134.556,0.0,0.8546796875000001,1.7087449999999997e-08
134.556,0.0,0.8544296875000001,1.71062e-08
134.556,0.0,0.8541796875000001,1.70347e-08
134.556,0.0,0.8539296875000001,1.7083766666666672e-08
134.556,0.0,0.8536796875000001,1.70954e-08
134.556,0.0,0.8534296875000001,1.7040099999999998e-08
134.556,0.0,0.8531796875000001,1.70732e-08
134.556,0.0,0.8529296875000001,1.70016e-08
134.556,0.0,0.8526796875000001,1.703875e-08
134.556,0.0,0.8524296875000001,1.694225e-08
134.556,0.0,0.8521796875000001,1.69869e-08
134.556,0.0,0.8519296875000001,1.69483e-08
134.556,0.0,0.8516796875000001,1.68381e-08
134.556,0.0,0.8514296875000001,1.6894949999999997e-08
134.556,0.0,0.8511796875000001,1.68183e-08
134.556,0.0,0.8509296875000001,1.688425e-08
134.556,0.0,0.8506796875000001,1.68344e-08
134.556,0.0,0.8504296875000001,1.67434e-08
134.556,0.0,0.8501796875000001,1.65774e-08
134.556,0.0,0.8499296875000001,1.67091e-08
134.556,0.0,0.8496796875000001,1.6666466666666673e-08
134.556,0.0,0.8494296875000001,1.67375e-08
134.556,0.0,0.8491796875000002,1.669525e-08
134.556,0.0,0.8489296875000001,1.668995e-08
134.556,0.0,0.8486796875000001,1.6658649999999998e-08
134.556,0.0,0.8484296875000001,1.666565e-08
134.556,0.0,0.8481796875000002,1.67625e-08
134.556,0.0,0.8479296875000001,1.6760349999999998e-08
134.556,0.0,0.8476796875000001,1.6743e-08
134.556,0.0,0.8474296875000001,1.673765e-08
134.556,0.0,0.8471796875000002,1.6867250000000002e-08
134.556,0.0,0.8469296875000001,1.675935e-08
134.556,0.0,0.8466796875000001,1.6797500000000002e-08
134.556,0.0,0.8464296875000001,1.67529e-08
134.556,0.0,0.8461796875000002,1.6824699999999997e-08
134.556,0.0,0.8459296875000001,1.68037e-08
134.556,0.0,0.8456796875000001,1.682445e-08
134.556,0.0,0.8454296875000001,1.673735e-08
134.556,0.0,0.8451796875000002,1.67176e-08
134.556,0.0,0.8449296875000001,1.67086e-08
134.556,0.0,0.8446796875000001,1.66878e-08
134.556,0.0,0.8444296875000001,1.67267e-08
134.556,0.0,0.8441796875000002,1.65917e-08
134.556,0.0,0.8439296875000001,1.66255e-08
134.556,0.0,0.8436796875000001,1.6581150000000003e-08
134.556,0.0,0.8434296875000001,1.65924e-08
134.556,0.0,0.8431796875000002,1.660275e-08
134.556,0.0,0.8429296875000001,1.6588333333333335e-08
134.556,0.0,0.8426796875000001,1.6559649999999998e-08
134.556,0.0,0.8424296875000001,1.64487e-08
134.556,0.0,0.8421796875000002,1.647425e-08
134.556,0.0,0.8419296875000001,1.64793e-08
134.556,0.0,0.8416796875000001,1.651215e-08
134.556,0.0,0.8414296875000001,1.65349e-08
134.556,0.0,0.8411796875000002,1.64121e-08
134.556,0.0,0.8409296875000001,1.64203e-08
134.556,0.0,0.8406796875000001,1.6468533333333332e-08
134.556,0.0,0.8404296875000001,1.65494e-08
134.556,0.0,0.8401796875000002,1.639445e-08
134.556,0.0,0.8399296875000001,1.6481650000000006e-08
134.556,0.0,0.8396796875000001,1.645505e-08
134.556,0.0,0.8394296875000001,1.64809e-08
134.556,0.0,0.8391796875000002,1.637295e-08
134.556,0.0,0.8389296875000001,1.64428e-08
134.556,0.0,0.8386796875000001,1.63778e-08
134.556,0.0,0.8384296875000001,1.63253e-08
134.556,0.0,0.8381796875000002,1.6296899999999998e-08
134.556,0.0,0.8379296875000001,1.62092e-08
134.556,0.0,0.8376796875000001,1.61724e-08
134.556,0.0,0.8374296875000001,1.61681e-08
134.556,0.0,0.8371796875000002,1.6162399999999998e-08
134.556,0.0,0.8369296875000001,1.6184549999999998e-08
134.556,0.0,0.8366796875000001,1.6222700000000003e-08
134.556,0.0,0.8364296875000001,1.61899e-08
134.556,0.0,0.8361796875000002,1.612095e-08
134.556,0.0,0.8359296875000001,1.6309266666666667e-08
134.556,0.0,0.8356796875000001,1.626745e-08
134.556,0.0,0.8354296875000001,1.63004e-08
134.556,0.0,0.8351796875000002,1.623025e-08
134.556,0.0,0.8349296875000001,1.6363e-08
134.556,0.0,0.8346796875000001,1.63282e-08
134.556,0.0,0.8344296875000001,1.64605e-08
134.556,0.0,0.8341796875000002,1.63736e-08
134.556,0.0,0.8339296875000001,1.6183e-08
134.556,0.0,0.8336796875000001,1.62213e-08
134.556,0.0,0.8334296875000001,1.628125e-08
134.556,0.0,0.8331796875000002,1.62361e-08
134.556,0.0,0.8329296875000001,1.6137650000000003e-08
134.556,0.0,0.8326796875000001,1.6030450000000003e-08
134.556,0.0,0.8324296875000001,1.60718e-08
134.556,0.0,0.8321796875000002,1.6037e-08
134.556,0.0,0.8319296875000001,1.61093e-08
134.556,0.0,0.8316796875000001,1.597175e-08
134.556,0.0,0.8314296875000001,1.591615e-08
134.556,0.0,0.8311796875000002,1.593985e-08
134.556,0.0,0.8309296875000001,1.5959200000000002e-08
134.556,0.0,0.8306796875000001,1.59613e-08
134.556,0.0,0.8304296875000001,1.59962e-08
134.556,0.0,0.8301796875000002,1.599215e-08
134.556,0.0,0.8299296875000001,1.611555e-08
134.556,0.0,0.8296796875000001,1.591685e-08
134.556,0.0,0.8294296875000001,1.6051000000000006e-08
134.556,0.0,0.8291796875000002,1.6024949999999997e-08
134.556,0.0,0.8289296875000001,1.5901249999999998e-08
134.556,0.0,0.8286796875000001,1.5889e-08
134.556,0.0,0.8284296875000001,1.5847149999999998e-08
134.556,0.0,0.8281796875000002,1.58526e-08
134.556,0.0,0.8279296875000001,1.590675e-08
134.556,0.0,0.8276796875000001,1.6000950000000003e-08
134.556,0.0,0.8274296875000001,1.590055e-08
134.556,0.0,0.8271796875000001,1.58883e-08
134.556,0.0,0.8269296875000001,1.59383e-08
134.556,0.0,0.8266796875000001,1.59931e-08
134.556,0.0,0.8264296875000001,1.603865e-08
134.556,0.0,0.8261796875000001,1.5959200000000002e-08
134.556,0.0,0.8259296875000001,1.58105e-08
134.556,0.0,0.8256796875000001,1.59022e-08
134.556,0.0,0.8254296875000001,1.593345e-08
134.556,0.0,0.8251796875000001,1.588155e-08
134.556,0.0,0.8249296875000001,1.5938449999999998e-08
134.556,0.0,0.8246796875000001,1.59645e-08
134.556,0.0,0.8244296875000001,1.593615e-08
134.556,0.0,0.8241796875000001,1.59709e-08
134.556,0.0,0.8239296875000001,1.5982950000000002e-08
134.556,0.0,0.8236796875000001,1.6113e-08
134.556,0.0,0.8234296875000001,1.587535e-08
134.556,0.0,0.8231796875000001,1.5959700000000002e-08
134.556,0.0,0.8229296875000001,1.6020400000000002e-08
134.556,0.0,0.8226796875000001,1.604755e-08
134.556,0.0,0.8224296875000001,1.5982350000000003e-08
134.556,0.0,0.8221796875000001,1.60114e-08
134.556,0.0,0.8219296875000001,1.59651e-08
134.556,0.0,0.8216796875000001,1.60088e-08
134.556,0.0,0.8214296875000001,1.595275e-08
134.556,0.0,0.8211796875000001,1.600185e-08
134.556,0.0,0.8209296875000001,1.5932e-08
134.556,0.0,0.8206796875000001,1.5947999999999998e-08
134.556,0.0,0.8204296875000001,1.592655e-08
134.556,0.0,0.8201796875000001,1.599965e-08
134.556,0.0,0.8199296875000001,1.588155e-08
134.556,0.0,0.8196796875000001,1.5976e-08
134.556,0.0,0.8194296875000001,1.588845e-08
134.556,0.0,0.8191796875000001,1.58918e-08
134.556,0.0,0.8189296875000001,1.6016600000000002e-08
134.556,0.0,0.8186796875000001,1.59438e-08
134.556,0.0,0.8184296875000001,1.596235e-08
134.556,0.0,0.8181796875000001,1.5954349999999998e-08
134.556,0.0,0.8179296875000002,1.5856033333333333e-08
134.556,0.0,0.8176796875000001,1.59572e-08
134.556,0.0,0.8174296875000001,1.58481e-08
134.556,0.0,0.8171796875000001,1.6007099999999998e-08
134.556,0.0,0.8169296875000002,1.586125e-08
134.556,0.0,0.8166796875000001,1.58398e-08
134.556,0.0,0.8164296875000001,1.5846000000000002e-08
134.556,0.0,0.8161796875000001,1.5892400000000003e-08
134.556,0.0,0.8159296875000002,1.588395e-08
134.556,0.0,0.8156796875000001,1.58946e-08
134.556,0.0,0.8154296875000001,1.58779e-08
134.556,0.0,0.8151796875000001,1.585055e-08
134.556,0.0,0.8149296875000002,1.587055e-08
134.556,0.0,0.8146796875000001,1.59116e-08
134.556,0.0,0.8144296875000001,1.589025e-08
134.556,0.0,0.8141796875000001,1.581525e-08
134.556,0.0,0.8139296875000002,1.58333e-08
134.556,0.0,0.8136796875000001,1.60132e-08
134.556,0.0,0.8134296875000001,1.5882666666666668e-08
134.556,0.0,0.8131796875000001,1.5911149999999998e-08
134.556,0.0,0.8129296875000002,1.595175e-08
134.556,0.0,0.8126796875000001,1.59057e-08
134.556,0.0,0.8124296875000001,1.592365e-08
134.556,0.0,0.8121796875000001,1.60125e-08
134.556,0.0,0.8119296875000002,1.5869e-08
134.556,0.0,0.8116796875000001,1.5939e-08
134.556,0.0,0.8114296875000001,1.5889033333333334e-08
134.556,0.0,0.8111796875000001,1.584415e-08
134.556,0.0,0.8109296875000002,1.59655e-08
134.556,0.0,0.8106796875000001,1.57902e-08
134.556,0.0,0.8104296875000001,1.59022e-08
134.556,0.0,0.8101796875000001,1.5836999999999998e-08
134.556,0.0,0.8099296875000002,1.582625e-08
134.556,0.0,0.8096796875000001,1.57368e-08
134.556,0.0,0.8094296875000001,1.5676750000000002e-08
134.556,0.0,0.8091796875000001,1.583355e-08
134.556,0.0,0.8089296875000002,1.58652e-08
134.556,0.0,0.8086796875000001,1.57725e-08
134.556,0.0,0.8084296875000001,1.580245e-08
134.556,0.0,0.8081796875000001,1.574305e-08
134.556,0.0,0.8079296875000002,1.5856e-08
134.556,0.0,0.8076796875000001,1.5690749999999998e-08
134.556,0.0,0.8074296875000001,1.56034e-08
134.556,0.0,0.8071796875000001,1.56406e-08
134.556,0.0,0.8069296875000002,1.578755e-08
134.556,0.0,0.8066796875000001,1.57883e-08
134.556,0.0,0.8064296875000001,1.56932e-08
134.556,0.0,0.8061796875000001,1.56422e-08
134.556,0.0,0.8059296875000002,1.57167e-08
134.556,0.0,0.8056796875000001,1.57318e-08
134.556,0.0,0.8054296875000001,1.56751e-08
134.556,0.0,0.8051796875000001,1.5722300000000003e-08
134.556,0.0,0.8049296875000002,1.570345e-08
134.556,0.0,0.8046796875000001,1.571455e-08
134.556,0.0,0.8044296875000001,1.5769050000000003e-08
134.556,0.0,0.8041796875000001,1.571105e-08
134.556,0.0,0.8039296875000002,1.571e-08
134.556,0.0,0.8036796875000001,1.55681e-08
134.556,0.0,0.8034296875000001,1.5611400000000002e-08
134.556,0.0,0.8031796875000001,1.57308e-08
134.556,0.0,0.8029296875000002,1.56967e-08
134.556,0.0,0.8026796875000001,1.555105e-08
134.556,0.0,0.8024296875000001,1.5589033333333334e-08
134.556,0.0,0.8021796875000001,1.55666e-08
134.556,0.0,0.8019296875000002,1.57257e-08
134.556,0.0,0.8016796875000001,1.558915e-08
134.556,0.0,0.8014296875000001,1.5682799999999998e-08
134.556,0.0,0.8011796875000001,1.5617650000000002e-08
134.556,0.0,0.8009296875000002,1.5651e-08
134.556,0.0,0.8006796875000001,1.5668599999999998e-08
134.556,0.0,0.8004296875000001,1.574315e-08
134.556,0.0,0.8001796875000001,1.57361e-08
134.556,0.0,0.7999296875000002,1.577205e-08
134.556,0.0,0.7996796875000001,1.5644450000000002e-08
134.556,0.0,0.7994296875000001,1.56924e-08
134.556,0.0,0.7991796875000001,1.58937e-08
134.556,0.0,0.7989296875000002,1.56916e-08
134.556,0.0,0.7986796875000001,1.57565e-08
134.556,0.0,0.7984296875000001,1.577485e-08
134.556,0.0,0.7981796875000001,1.576175e-08
134.556,0.0,0.7979296875000002,1.563075e-08
134.556,0.0,0.7976796875000001,1.57494e-08
134.556,0.0,0.7974296875000001,1.578685e-08
134.556,0.0,0.7971796875000001,1.579655e-08
134.556,0.0,0.7969296875000002,1.58825e-08
134.556,0.0,0.7966796875000001,1.5818100000000002e-08
134.556,0.0,0.7964296875000001,1.58862e-08
134.556,0.0,0.7961796875000001,1.59553e-08
134.556,0.0,0.7959296875000001,1.60191e-08
134.556,0.0,0.7956796875000001,1.59904e-08
134.556,0.0,0.7954296875000001,1.58131e-08
134.556,0.0,0.7951796875000001,1.585913333333333e-08
134.556,0.0,0.7949296875000001,1.59456e-08
134.556,0.0,0.7946796875000001,1.587055e-08
134.556,0.0,0.7944296875000001,1.5904750000000002e-08
134.556,0.0,0.7941796875000001,1.5954099999999997e-08
134.556,0.0,0.7939296875000001,1.61801e-08
134.556,0.0,0.7936796875000001,1.57826e-08
134.556,0.0,0.7934296875000001,1.5664e-08
134.556,0.0,0.7931796875000001,1.578985e-08
134.556,0.0,0.7929296875000001,1.56858e-08
134.556,0.0,0.7926796875000001,1.59554e-08
134.556,0.0,0.7924296875000001,1.5621849999999998e-08
134.556,0.0,0.7921796875000001,1.573475e-08
134.556,0.0,0.7919296875000001,1.55637e-08
134.556,0.0,0.7916796875000001,1.560385e-08
134.556,0.0,0.7914296875000001,1.54932e-08
134.556,0.0,0.7911796875000001,1.5556999999999998e-08
134.556,0.0,0.7909296875000001,1.55647e-08
134.556,0.0,0.7906796875000001,1.55396e-08
134.556,0.0,0.7904296875000001,1.55843e-08
134.556,0.0,0.7901796875000001,1.55788e-08
134.556,0.0,0.7899296875000001,1.554245e-08
134.556,0.0,0.7896796875000001,1.5501750000000002e-08
134.556,0.0,0.7894296875000001,1.557945e-08
134.556,0.0,0.7891796875000001,1.56242e-08
134.556,0.0,0.7889296875000001,1.5616e-08
134.556,0.0,0.7886796875000001,1.5506400000000002e-08
134.556,0.0,0.7884296875000001,1.56343e-08
134.556,0.0,0.7881796875000001,1.55697e-08
134.556,0.0,0.7879296875000001,1.554285e-08
134.556,0.0,0.7876796875000001,1.558805e-08
134.556,0.0,0.7874296875000001,1.555925e-08
134.556,0.0,0.7871796875000001,1.55139e-08
134.556,0.0,0.7869296875000001,1.55897e-08
134.556,0.0,0.7866796875000002,1.5517349999999998e-08
134.556,0.0,0.7864296875000001,1.55464e-08
134.556,0.0,0.7861796875000001,1.55838e-08
134.556,0.0,0.7859296875000001,1.562575e-08
134.556,0.0,0.7856796875000002,1.5511099999999998e-08
134.556,0.0,0.7854296875000001,1.556145e-08
134.556,0.0,0.7851796875000001,1.54436e-08
134.556,0.0,0.7849296875000001,1.556215e-08
134.556,0.0,0.7846796875000002,1.56583e-08
134.556,0.0,0.7844296875000001,1.55358e-08
134.556,0.0,0.7841796875000001,1.559955e-08
134.556,0.0,0.7839296875000001,1.5563200000000003e-08
134.556,0.0,0.7836796875000002,1.55695e-08
134.556,0.0,0.7834296875000001,1.551265e-08
134.556,0.0,0.7831796875000001,1.55755e-08
134.556,0.0,0.7829296875000001,1.541155e-08
134.556,0.0,0.7826796875000002,1.557185e-08
134.556,0.0,0.7824296875000001,1.5582300000000003e-08
134.556,0.0,0.7821796875000001,1.5638749999999998e-08
134.556,0.0,0.7819296875000001,1.561445e-08
134.556,0.0,0.7816796875000002,1.5603700000000002e-08
134.556,0.0,0.7814296875000001,1.569415e-08
134.556,0.0,0.7811796875000001,1.57127e-08
134.556,0.0,0.7809296875000001,1.5555000000000003e-08
134.556,0.0,0.7806796875000002,1.559925e-08
134.556,0.0,0.7804296875000001,1.566105e-08
134.556,0.0,0.7801796875000001,1.55085e-08
134.556,0.0,0.7799296875000001,1.5519233333333335e-08
134.556,0.0,0.7796796875000002,1.56171e-08
134.556,0.0,0.7794296875000001,1.563755e-08
134.556,0.0,0.7791796875000001,1.56889e-08
134.556,0.0,0.7789296875000001,1.5559050000000003e-08
134.556,0.0,0.7786796875000002,1.562055e-08
134.556,0.0,0.7784296875000001,1.566575e-08
134.556,0.0,0.7781796875000001,1.56898e-08
134.556,0.0,0.7779296875000001,1.565115e-08
134.556,0.0,0.7776796875000002,1.5656249999999998e-08
134.556,0.0,0.7774296875000001,1.5642933333333334e-08
134.556,0.0,0.7771796875000001,1.56127e-08
134.556,0.0,0.7769296875000001,1.56706e-08
134.556,0.0,0.7766796875000002,1.55344e-08
134.556,0.0,0.7764296875000001,1.566395e-08
134.556,0.0,0.7761796875000001,1.5631e-08
134.556,0.0,0.7759296875000001,1.550955e-08
134.556,0.0,0.7756796875000002,1.55797e-08
134.556,0.0,0.7754296875000001,1.547455e-08
134.556,0.0,0.7751796875000001,1.5515950000000002e-08
134.556,0.0,0.7749296875000001,1.54362e-08
134.556,0.0,0.7746796875000002,1.5565199999999998e-08
134.556,0.0,0.7744296875000001,1.5441349999999998e-08
134.556,0.0,0.7741796875000001,1.55646e-08
134.556,0.0,0.7739296875000001,1.56118e-08
134.556,0.0,0.7736796875000002,1.55019e-08
134.556,0.0,0.7734296875000001,1.561515e-08
134.556,0.0,0.7731796875000001,1.55433e-08
134.556,0.0,0.7729296875000001,1.5622866666666665e-08
134.556,0.0,0.7726796875000002,1.56968e-08
134.556,0.0,0.7724296875000001,1.56784e-08
134.556,0.0,0.7721796875000001,1.56243e-08
134.556,0.0,0.7719296875000001,1.5615200000000002e-08
134.556,0.0,0.7716796875000002,1.552045e-08
134.556,0.0,0.7714296875000001,1.5548500000000002e-08
134.556,0.0,0.7711796875000001,1.55273e-08
134.556,0.0,0.7709296875000001,1.556155e-08
134.556,0.0,0.7706796875000002,1.5508966666666667e-08
134.556,0.0,0.7704296875000001,1.54537e-08
134.556,0.0,0.7701796875000001,1.54266e-08
134.556,0.0,0.7699296875000001,1.55686e-08
134.556,0.0,0.7696796875000002,1.54479e-08
134.556,0.0,0.7694296875000001,1.54459e-08
134.556,0.0,0.7691796875000001,1.568335e-08
134.556,0.0,0.7689296875000001,1.556325e-08
134.556,0.0,0.7686796875000002,1.561156666666667e-08
134.556,0.0,0.7684296875000001,1.54729e-08
134.556,0.0,0.7681796875000001,1.57527e-08
134.556,0.0,0.7679296875000001,1.564755e-08
134.556,0.0,0.7676796875000002,1.5712049999999998e-08
134.556,0.0,0.7674296875000001,1.56953e-08
134.556,0.0,0.7671796875000001,1.56926e-08
134.556,0.0,0.7669296875000001,1.574935e-08
134.556,0.0,0.7666796875000002,1.56849e-08
134.556,0.0,0.7664296875000001,1.57768e-08
134.556,0.0,0.7661796875000001,1.57262e-08
134.556,0.0,0.7659296875000001,1.560835e-08
134.556,0.0,0.7656796875000002,1.56715e-08
134.556,0.0,0.7654296875000001,1.56091e-08
134.556,0.0,0.7651796875000001,1.5554899999999997e-08
134.556,0.0,0.7649296875000001,1.5474149999999998e-08
134.556,0.0,0.7646796875000001,1.54606e-08
134.556,0.0,0.7644296875000001,1.55167e-08
134.556,0.0,0.7641796875000001,1.55738e-08
134.556,0.0,0.7639296875000001,1.562925e-08
134.556,0.0,0.7636796875000001,1.55697e-08
134.556,0.0,0.7634296875000001,1.55186e-08
134.556,0.0,0.7631796875000001,1.5716050000000003e-08
134.556,0.0,0.7629296875000001,1.5671250000000002e-08
134.556,0.0,0.7626796875000001,1.57454e-08
134.556,0.0,0.7624296875000001,1.57997e-08
134.556,0.0,0.7621796875000001,1.5718649999999998e-08
134.556,0.0,0.7619296875000001,1.576815e-08
134.556,0.0,0.7616796875000001,1.58664e-08
134.556,0.0,0.7614296875000001,1.58535e-08
134.556,0.0,0.7611796875000001,1.584435e-08
134.556,0.0,0.7609296875000001,1.585735e-08
134.556,0.0,0.7606796875000001,1.5692949999999998e-08
134.556,0.0,0.7604296875000001,1.58304e-08
134.556,0.0,0.7601796875000001,1.573655e-08
134.556,0.0,0.7599296875000001,1.578685e-08
134.556,0.0,0.7596796875000001,1.573015e-08
134.556,0.0,0.7594296875000001,1.5748999999999998e-08
134.556,0.0,0.7591796875000001,1.57313e-08
134.556,0.0,0.7589296875000001,1.57007e-08
134.556,0.0,0.7586796875000001,1.5606049999999997e-08
134.556,0.0,0.7584296875000001,1.54987e-08
134.556,0.0,0.7581796875000001,1.5584899999999998e-08
134.556,0.0,0.7579296875000001,1.55805e-08
134.556,0.0,0.7576796875000001,1.5579499999999997e-08
134.556,0.0,0.7574296875000001,1.55504e-08
134.556,0.0,0.7571796875000001,1.55043e-08
134.556,0.0,0.7569296875000001,1.5725749999999998e-08
134.556,0.0,0.7566796875000001,1.555435e-08
134.556,0.0,0.7564296875000001,1.56877e-08
134.556,0.0,0.7561796875000001,1.555195e-08
134.556,0.0,0.7559296875000001,1.55668e-08
134.556,0.0,0.7556796875000001,1.5597249999999998e-08
134.556,0.0,0.7554296875000002,1.56913e-08
134.556,0.0,0.7551796875000001,1.569365e-08
134.556,0.0,0.7549296875000001,1.574655e-08
134.556,0.0,0.7546796875000001,1.5654899999999998e-08
134.556,0.0,0.7544296875000002,1.564155e-08
134.556,0.0,0.7541796875000001,1.57265e-08
134.556,0.0,0.7539296875000001,1.57275e-08
134.556,0.0,0.7536796875000001,1.5740150000000002e-08
134.556,0.0,0.7534296875000002,1.57906e-08
134.556,0.0,0.7531796875000001,1.5762349999999998e-08
134.556,0.0,0.7529296875000001,1.577575e-08
134.556,0.0,0.7526796875000001,1.5753649999999998e-08
134.556,0.0,0.7524296875000002,1.574355e-08
134.556,0.0,0.7521796875000001,1.581775e-08
134.556,0.0,0.7519296875000001,1.5726599999999997e-08
134.556,0.0,0.7516796875000001,1.57499e-08
134.556,0.0,0.7514296875000002,1.567405e-08
134.556,0.0,0.7511796875000001,1.567795e-08
134.556,0.0,0.7509296875000001,1.5737950000000002e-08
134.556,0.0,0.7506796875000001,1.571475e-08
134.556,0.0,0.7504296875000002,1.5736e-08
134.556,0.0,0.7501796875000001,1.572215e-08
134.556,0.0,0.7499296875000001,1.577535e-08
134.556,0.0,0.7496796875000001,1.55202e-08
134.556,0.0,0.7494296875000002,1.5816400000000006e-08
134.556,0.0,0.7491796875000001,1.57034e-08
134.556,0.0,0.7489296875000001,1.56463e-08
134.556,0.0,0.7486796875000001,1.572605e-08
134.556,0.0,0.7484296875000002,1.55653e-08
134.556,0.0,0.7481796875000001,1.57287e-08
134.556,0.0,0.7479296875000001,1.575185e-08
134.556,0.0,0.7476796875000001,1.55284e-08
134.556,0.0,0.7474296875000002,1.569045e-08
134.556,0.0,0.7471796875000001,1.56285e-08
134.556,0.0,0.7469296875000001,1.5642399999999997e-08
134.556,0.0,0.7466796875000001,1.59088e-08
134.556,0.0,0.7464296875000002,1.5662800000000002e-08
134.556,0.0,0.7461796875000001,1.56848e-08
134.556,0.0,0.7459296875000001,1.5731966666666672e-08
134.556,0.0,0.7456796875000001,1.57535e-08
134.556,0.0,0.7454296875000002,1.568125e-08
134.556,0.0,0.7451796875000001,1.5689399999999998e-08
134.556,0.0,0.7449296875000001,1.566365e-08
134.556,0.0,0.7446796875000001,1.56508e-08
134.556,0.0,0.7444296875000002,1.57423e-08
134.556,0.0,0.7441796875000001,1.5717549999999998e-08
134.556,0.0,0.7439296875000001,1.5766999999999998e-08
134.556,0.0,0.7436796875000001,1.568265e-08
134.556,0.0,0.7434296875000002,1.5707e-08
134.556,0.0,0.7431796875000001,1.56367e-08
134.556,0.0,0.7429296875000001,1.56296e-08
134.556,0.0,0.7426796875000001,1.56811e-08
134.556,0.0,0.7424296875000002,1.5695000000000006e-08
134.556,0.0,0.7421796875000001,1.579765e-08
134.556,0.0,0.7419296875000001,1.57589e-08
134.556,0.0,0.7416796875000001,1.568055e-08
134.556,0.0,0.7414296875000002,1.561945e-08
134.556,0.0,0.7411796875000001,1.57396e-08
134.556,0.0,0.7409296875000001,1.5719999999999998e-08
134.556,0.0,0.7406796875000001,1.56651e-08
134.556,0.0,0.7404296875000002,1.58078e-08
134.556,0.0,0.7401796875000001,1.57367e-08
134.556,0.0,0.7399296875000001,1.5715300000000002e-08
134.556,0.0,0.7396796875000001,1.56573e-08
134.556,0.0,0.7394296875000002,1.5722333333333333e-08
134.556,0.0,0.7391796875000001,1.5681550000000003e-08
134.556,0.0,0.7389296875000001,1.576795e-08
134.556,0.0,0.7386796875000001,1.57229e-08
134.556,0.0,0.7384296875000002,1.572125e-08
134.556,0.0,0.7381796875000001,1.58326e-08
134.556,0.0,0.7379296875000001,1.574785e-08
134.556,0.0,0.7376796875000001,1.5681e-08
134.556,0.0,0.7374296875000002,1.57018e-08
134.556,0.0,0.7371796875000001,1.5763199999999998e-08
134.556,0.0,0.7369296875000001,1.576865e-08
134.556,0.0,0.7366796875000001,1.58249e-08
134.556,0.0,0.7364296875000002,1.58725e-08
134.556,0.0,0.7361796875000001,1.581135e-08
134.556,0.0,0.7359296875000001,1.57744e-08
134.556,0.0,0.7356796875000001,1.57414e-08
134.556,0.0,0.7354296875000002,1.57442e-08
134.556,0.0,0.7351796875000001,1.58456e-08
134.556,0.0,0.7349296875000001,1.5776649999999997e-08
134.556,0.0,0.7346796875000001,1.57872e-08
134.556,0.0,0.7344296875000002,1.580225e-08
134.556,0.0,0.7341796875000001,1.590975e-08
134.556,0.0,0.7339296875000001,1.56607e-08
134.556,0.0,0.7336796875000001,1.5762550000000002e-08
134.556,0.0,0.7334296875000001,1.575335e-08
134.556,0.0,0.7331796875000001,1.577805e-08
134.556,0.0,0.7329296875000001,1.57776e-08
134.556,0.0,0.7326796875000001,1.58365e-08
134.556,0.0,0.7324296875000001,1.5746799999999998e-08
134.556,0.0,0.7321796875000001,1.5783333333333332e-08
134.556,0.0,0.7319296875000001,1.58616e-08
134.556,0.0,0.7316796875000001,1.5682150000000006e-08
134.556,0.0,0.7314296875000001,1.574825e-08
134.556,0.0,0.7311796875000001,1.569765e-08
134.556,0.0,0.7309296875000001,1.57579e-08
134.556,0.0,0.7306796875000001,1.579235e-08
134.556,0.0,0.7304296875000001,1.5809333333333332e-08
134.556,0.0,0.7301796875000001,1.578405e-08
134.556,0.0,0.7299296875000001,1.57261e-08
134.556,0.0,0.7296796875000001,1.58169e-08
134.556,0.0,0.7294296875000001,1.58982e-08
134.556,0.0,0.7291796875000001,1.5786949999999998e-08
134.556,0.0,0.7289296875000001,1.57617e-08
134.556,0.0,0.7286796875000001,1.588995e-08
134.556,0.0,0.7284296875000001,1.5911850000000002e-08
134.556,0.0,0.7281796875000001,1.58774e-08
134.556,0.0,0.7279296875000001,1.59682e-08
134.556,0.0,0.7276796875000001,1.59314e-08
134.556,0.0,0.7274296875000001,1.58658e-08
134.556,0.0,0.7271796875000001,1.602395e-08
134.556,0.0,0.7269296875000001,1.59778e-08
134.556,0.0,0.7266796875000001,1.594605e-08
134.556,0.0,0.7264296875000001,1.594365e-08
134.556,0.0,0.7261796875000001,1.591775e-08
134.556,0.0,0.7259296875000001,1.58793e-08
134.556,0.0,0.7256796875000001,1.5938050000000003e-08
134.556,0.0,0.7254296875000001,1.59146e-08
134.556,0.0,0.7251796875000001,1.591915e-08
134.556,0.0,0.7249296875000001,1.58781e-08
134.556,0.0,0.7246796875000001,1.591645e-08
134.556,0.0,0.7244296875000001,1.593145e-08
134.556,0.0,0.7241796875000002,1.59461e-08
134.556,0.0,0.7239296875000001,1.59094e-08
134.556,0.0,0.7236796875000001,1.595135e-08
134.556,0.0,0.7234296875000001,1.5896399999999997e-08
134.556,0.0,0.7231796875000002,1.601455e-08
134.556,0.0,0.7229296875000001,1.61121e-08
134.556,0.0,0.7226796875000001,1.60378e-08
134.556,0.0,0.7224296875000001,1.595405e-08
134.556,0.0,0.7221796875000002,1.60056e-08
134.556,0.0,0.7219296875000001,1.60713e-08
134.556,0.0,0.7216796875000001,1.60725e-08
134.556,0.0,0.7214296875000001,1.613895e-08
134.556,0.0,0.7211796875000002,1.594485e-08
134.556,0.0,0.7209296875000001,1.6072650000000002e-08
134.556,0.0,0.7206796875000001,1.61288e-08
134.556,0.0,0.7204296875000001,1.596075e-08
134.556,0.0,0.7201796875000002,1.606115e-08
134.556,0.0,0.7199296875000001,1.61363e-08
134.556,0.0,0.7196796875000001,1.6115399999999998e-08
134.556,0.0,0.7194296875000001,1.606345e-08
134.556,0.0,0.7191796875000002,1.601985e-08
134.556,0.0,0.7189296875000001,1.599375e-08
134.556,0.0,0.7186796875000001,1.606715e-08
134.556,0.0,0.7184296875000001,1.60367e-08
134.556,0.0,0.7181796875000002,1.6116100000000002e-08
134.556,0.0,0.7179296875000001,1.61619e-08
134.556,0.0,0.7176796875000001,1.61364e-08
134.556,0.0,0.7174296875000001,1.614305e-08
134.556,0.0,0.7171796875000002,1.60279e-08
134.556,0.0,0.7169296875000001,1.61328e-08
134.556,0.0,0.7166796875000001,1.61029e-08
134.556,0.0,0.7164296875000001,1.598983333333333e-08
134.556,0.0,0.7161796875000002,1.60453e-08
134.556,0.0,0.7159296875000001,1.599645e-08
134.556,0.0,0.7156796875000001,1.59939e-08
134.556,0.0,0.7154296875000001,1.59985e-08
134.556,0.0,0.7151796875000002,1.6085e-08
134.556,0.0,0.7149296875000001,1.61178e-08
134.556,0.0,0.7146796875000001,1.614365e-08
134.556,0.0,0.7144296875000001,1.615385e-08
134.556,0.0,0.7141796875000002,1.6169e-08
134.556,0.0,0.7139296875000001,1.6122749999999998e-08
134.556,0.0,0.7136796875000001,1.617035e-08
134.556,0.0,0.7134296875000001,1.612225e-08
134.556,0.0,0.7131796875000002,1.6221e-08
134.556,0.0,0.7129296875000001,1.605615e-08
134.556,0.0,0.7126796875000001,1.6030349999999998e-08
134.556,0.0,0.7124296875000001,1.59712e-08
134.556,0.0,0.7121796875000002,1.588515e-08
134.556,0.0,0.7119296875000001,1.59631e-08
134.556,0.0,0.7116796875000001,1.5877e-08
134.556,0.0,0.7114296875000001,1.581895e-08
134.556,0.0,0.7111796875000002,1.58426e-08
134.556,0.0,0.7109296875000001,1.59434e-08
134.556,0.0,0.7106796875000001,1.57724e-08
134.556,0.0,0.7104296875000001,1.57536e-08
134.556,0.0,0.7101796875000002,1.59777e-08
134.556,0.0,0.7099296875000001,1.58818e-08
134.556,0.0,0.7096796875000001,1.5979199999999998e-08
134.556,0.0,0.7094296875000001,1.601585e-08
134.556,0.0,0.7091796875000002,1.60811e-08
134.556,0.0,0.7089296875000001,1.603105e-08
134.556,0.0,0.7086796875000001,1.6149049999999997e-08
134.556,0.0,0.7084296875000001,1.609665e-08
134.556,0.0,0.7081796875000002,1.62307e-08
134.556,0.0,0.7079296875000001,1.6024166666666666e-08
134.556,0.0,0.7076796875000001,1.59561e-08
134.556,0.0,0.7074296875000001,1.60889e-08
134.556,0.0,0.7071796875000002,1.60746e-08
134.556,0.0,0.7069296875000001,1.6145999999999998e-08
134.556,0.0,0.7066796875000001,1.62112e-08
134.556,0.0,0.7064296875000001,1.61204e-08
134.556,0.0,0.7061796875000002,1.61265e-08
134.556,0.0,0.7059296875000001,1.62383e-08
134.556,0.0,0.7056796875000001,1.6155750000000002e-08
134.556,0.0,0.7054296875000001,1.61271e-08
134.556,0.0,0.7051796875000002,1.61954e-08
134.556,0.0,0.7049296875000001,1.620575e-08
134.556,0.0,0.7046796875000001,1.619865e-08
134.556,0.0,0.7044296875000001,1.6278299999999998e-08
134.556,0.0,0.7041796875000002,1.63078e-08
134.556,0.0,0.7039296875000001,1.6265199999999998e-08
134.556,0.0,0.7036796875000001,1.6252599999999998e-08
134.556,0.0,0.7034296875000001,1.615725e-08
134.556,0.0,0.7031796875000002,1.6378350000000002e-08
134.556,0.0,0.7029296875000001,1.62124e-08
134.556,0.0,0.7026796875000001,1.62414e-08
134.556,0.0,0.7024296875000001,1.62405e-08
134.556,0.0,0.7021796875000001,1.62868e-08
134.556,0.0,0.7019296875000001,1.6235099999999998e-08
134.556,0.0,0.7016796875000001,1.63511e-08
134.556,0.0,0.7014296875000001,1.618105e-08
134.556,0.0,0.7011796875000001,1.6233e-08
134.556,0.0,0.7009296875000001,1.630796666666667e-08
134.556,0.0,0.7006796875000001,1.631825e-08
134.556,0.0,0.7004296875000001,1.6381900000000002e-08
134.556,0.0,0.7001796875000001,1.63962e-08
134.556,0.0,0.6999296875000001,1.629645e-08
134.556,0.0,0.6996796875000001,1.6232399999999998e-08
134.556,0.0,0.6994296875000001,1.6408700000000002e-08
134.556,0.0,0.6991796875000001,1.63364e-08
134.556,0.0,0.6989296875000001,1.6217599999999998e-08
134.556,0.0,0.6986796875000001,1.6285666666666665e-08
134.556,0.0,0.6984296875000001,1.63054e-08
134.556,0.0,0.6981796875000001,1.6271e-08
134.556,0.0,0.6979296875000001,1.630855e-08
134.556,0.0,0.6976796875000001,1.628835e-08
134.556,0.0,0.6974296875000001,1.6248799999999998e-08
134.556,0.0,0.6971796875000001,1.60845e-08
134.556,0.0,0.6969296875000001,1.6115000000000002e-08
134.556,0.0,0.6966796875000001,1.6097299999999998e-08
134.556,0.0,0.6964296875000001,1.619395e-08
134.556,0.0,0.6961796875000001,1.6190799999999998e-08
134.556,0.0,0.6959296875000001,1.632445e-08
134.556,0.0,0.6956796875000001,1.615045e-08
134.556,0.0,0.6954296875000001,1.62806e-08
134.556,0.0,0.6951796875000001,1.6229099999999998e-08
134.556,0.0,0.6949296875000001,1.6314149999999998e-08
134.556,0.0,0.6946796875000001,1.62613e-08
134.556,0.0,0.6944296875000001,1.635355e-08
134.556,0.0,0.6941796875000001,1.62103e-08
134.556,0.0,0.6939296875000001,1.6260566666666668e-08
134.556,0.0,0.6936796875000001,1.617365e-08
134.556,0.0,0.6934296875000001,1.61473e-08
134.556,0.0,0.6931796875000001,1.619615e-08
134.556,0.0,0.6929296875000002,1.622975e-08
134.556,0.0,0.6926796875000001,1.6191649999999998e-08
134.556,0.0,0.6924296875000001,1.61188e-08
134.556,0.0,0.6921796875000001,1.611905e-08
134.556,0.0,0.6919296875000002,1.61117e-08
134.556,0.0,0.6916796875000001,1.61992e-08
134.556,0.0,0.6914296875000001,1.62288e-08
134.556,0.0,0.6911796875000001,1.6272750000000006e-08
134.556,0.0,0.6909296875000002,1.631345e-08
134.556,0.0,0.6906796875000001,1.618135e-08
134.556,0.0,0.6904296875000001,1.6301e-08
134.556,0.0,0.6901796875000001,1.63271e-08
134.556,0.0,0.6899296875000002,1.61877e-08
134.556,0.0,0.6896796875000001,1.6183866666666666e-08
134.556,0.0,0.6894296875000001,1.62522e-08
134.556,0.0,0.6891796875000001,1.6186149999999998e-08
134.556,0.0,0.6889296875000002,1.62025e-08
134.556,0.0,0.6886796875000001,1.6316349999999998e-08
134.556,0.0,0.6884296875000001,1.62891e-08
134.556,0.0,0.6881796875000001,1.6406299999999998e-08
134.556,0.0,0.6879296875000002,1.634615e-08
134.556,0.0,0.6876796875000001,1.637745e-08
134.556,0.0,0.6874296875000001,1.62163e-08
134.556,0.0,0.6871796875000001,1.629465e-08
134.556,0.0,0.6869296875000002,1.63757e-08
134.556,0.0,0.6866796875000001,1.634005e-08
134.556,0.0,0.6864296875000001,1.62474e-08
134.556,0.0,0.6861796875000001,1.6228599999999997e-08
134.556,0.0,0.6859296875000002,1.621585e-08
134.556,0.0,0.6856796875000001,1.6202750000000006e-08
134.556,0.0,0.6854296875000001,1.6191399999999998e-08
134.556,0.0,0.6851796875000001,1.61785e-08
134.556,0.0,0.6849296875000002,1.608375e-08
134.556,0.0,0.6846796875000001,1.6090150000000002e-08
134.556,0.0,0.6844296875000001,1.61019e-08
134.556,0.0,0.6841796875000001,1.595605e-08
134.556,0.0,0.6839296875000002,1.603935e-08
134.556,0.0,0.6836796875000001,1.619525e-08
134.556,0.0,0.6834296875000001,1.61363e-08
134.556,0.0,0.6831796875000001,1.595225e-08
134.556,0.0,0.6829296875000002,1.6026233333333338e-08
134.556,0.0,0.6826796875000001,1.59941e-08
134.556,0.0,0.6824296875000001,1.60016e-08
134.556,0.0,0.6821796875000001,1.597685e-08
134.556,0.0,0.6819296875000002,1.60161e-08
134.556,0.0,0.6816796875000001,1.601765e-08
134.556,0.0,0.6814296875000001,1.61227e-08
134.556,0.0,0.6811796875000001,1.614385e-08
134.556,0.0,0.6809296875000002,1.60217e-08
134.556,0.0,0.6806796875000001,1.60299e-08
134.556,0.0,0.6804296875000001,1.6046100000000002e-08
134.556,0.0,0.6801796875000001,1.597395e-08
134.556,0.0,0.6799296875000002,1.603615e-08
134.556,0.0,0.6796796875000001,1.6007800000000006e-08
134.556,0.0,0.6794296875000001,1.59964e-08
134.556,0.0,0.6791796875000001,1.598575e-08
134.556,0.0,0.6789296875000002,1.597175e-08
134.556,0.0,0.6786796875000001,1.605545e-08
134.556,0.0,0.6784296875000001,1.589145e-08
134.556,0.0,0.6781796875000001,1.59194e-08
134.556,0.0,0.6779296875000002,1.59855e-08
134.556,0.0,0.6776796875000001,1.59374e-08
134.556,0.0,0.6774296875000001,1.594065e-08
134.556,0.0,0.6771796875000001,1.6009500000000002e-08
134.556,0.0,0.6769296875000002,1.6063149999999998e-08
134.556,0.0,0.6766796875000001,1.598775e-08
134.556,0.0,0.6764296875000001,1.60365e-08
134.556,0.0,0.6761796875000001,1.595965e-08
134.556,0.0,0.6759296875000002,1.58847e-08
134.556,0.0,0.6756796875000001,1.599405e-08
134.556,0.0,0.6754296875000001,1.594145e-08
134.556,0.0,0.6751796875000001,1.59693e-08
134.556,0.0,0.6749296875000002,1.58473e-08
134.556,0.0,0.6746796875000001,1.59814e-08
134.556,0.0,0.6744296875000001,1.593665e-08
134.556,0.0,0.6741796875000001,1.593575e-08
134.556,0.0,0.6739296875000002,1.596545e-08
134.556,0.0,0.6736796875000001,1.607435e-08
134.556,0.0,0.6734296875000001,1.597005e-08
134.556,0.0,0.6731796875000001,1.60768e-08
134.556,0.0,0.6729296875000002,1.60082e-08
134.556,0.0,0.6726796875000001,1.60453e-08
134.556,0.0,0.6724296875000001,1.5906350000000003e-08
134.556,0.0,0.6721796875000001,1.589495e-08
134.556,0.0,0.6719296875000002,1.600315e-08
134.556,0.0,0.6716796875000001,1.59922e-08
134.556,0.0,0.6714296875000001,1.59439e-08
134.556,0.0,0.6711796875000001,1.5861349999999998e-08
134.556,0.0,0.6709296875000001,1.596115e-08
134.556,0.0,0.6706796875000001,1.61185e-08
134.556,0.0,0.6704296875000001,1.582465e-08
134.556,0.0,0.6701796875000001,1.58782e-08
134.556,0.0,0.6699296875000001,1.5925800000000002e-08
134.556,0.0,0.6696796875000001,1.5947499999999998e-08
134.556,0.0,0.6694296875000001,1.58328e-08
134.556,0.0,0.6691796875000001,1.5867800000000003e-08
134.556,0.0,0.6689296875000001,1.59038e-08
134.556,0.0,0.6686796875000001,1.5901e-08
134.556,0.0,0.6684296875000001,1.578795e-08
134.556,0.0,0.6681796875000001,1.589505e-08
134.556,0.0,0.6679296875000001,1.594215e-08
134.556,0.0,0.6676796875000001,1.59101e-08
134.556,0.0,0.6674296875000001,1.5778966666666672e-08
134.556,0.0,0.6671796875000001,1.58153e-08
134.556,0.0,0.6669296875000001,1.58887e-08
134.556,0.0,0.6666796875000001,1.58438e-08
134.556,0.0,0.6664296875000001,1.5939549999999998e-08
134.556,0.0,0.6661796875000001,1.602135e-08
134.556,0.0,0.6659296875000001,1.602405e-08
134.556,0.0,0.6656796875000001,1.58867e-08
134.556,0.0,0.6654296875000001,1.59961e-08
134.556,0.0,0.6651796875000001,1.5773849999999998e-08
134.556,0.0,0.6649296875000001,1.60236e-08
134.556,0.0,0.6646796875000001,1.5836999999999998e-08
134.556,0.0,0.6644296875000001,1.5859000000000003e-08
134.556,0.0,0.6641796875000001,1.586035e-08
134.556,0.0,0.6639296875000001,1.58428e-08
134.556,0.0,0.6636796875000001,1.59242e-08
134.556,0.0,0.6634296875000001,1.584615e-08
134.556,0.0,0.6631796875000001,1.59839e-08
134.556,0.0,0.6629296875000001,1.59205e-08
134.556,0.0,0.6626796875000001,1.5893500000000003e-08
134.556,0.0,0.6624296875000001,1.59017e-08
134.556,0.0,0.6621796875000001,1.5866249999999998e-08
134.556,0.0,0.6619296875000001,1.5824999999999998e-08
134.556,0.0,0.6616796875000002,1.59806e-08
134.556,0.0,0.6614296875000001,1.577265e-08
134.556,0.0,0.6611796875000001,1.5738800000000002e-08
134.556,0.0,0.6609296875000001,1.58442e-08
134.556,0.0,0.6606796875000002,1.57603e-08
134.556,0.0,0.6604296875000001,1.5840433333333333e-08
134.556,0.0,0.6601796875000001,1.571215e-08
134.556,0.0,0.6599296875000001,1.57925e-08
134.556,0.0,0.6596796875000002,1.56096e-08
134.556,0.0,0.6594296875000001,1.5645599999999998e-08
134.556,0.0,0.6591796875000001,1.580995e-08
134.556,0.0,0.6589296875000001,1.570975e-08
134.556,0.0,0.6586796875000002,1.56856e-08
134.556,0.0,0.6584296875000001,1.57638e-08
134.556,0.0,0.6581796875000001,1.578575e-08
134.556,0.0,0.6579296875000001,1.5694500000000002e-08
134.556,0.0,0.6576796875000002,1.563815e-08
134.556,0.0,0.6574296875000001,1.56935e-08
134.556,0.0,0.6571796875000001,1.546625e-08
134.556,0.0,0.6569296875000001,1.57536e-08
134.556,0.0,0.6566796875000002,1.6029e-08
134.556,0.0,0.6564296875000001,1.56599e-08
134.556,0.0,0.6561796875000001,1.56572e-08
134.556,0.0,0.6559296875000001,1.5637100000000002e-08
134.556,0.0,0.6556796875000002,1.5550950000000002e-08
134.556,0.0,0.6554296875000001,1.5368399999999998e-08
134.556,0.0,0.6551796875000001,1.55137e-08
134.556,0.0,0.6549296875000001,1.55838e-08
134.556,0.0,0.6546796875000002,1.562945e-08
134.556,0.0,0.6544296875000001,1.55726e-08
134.556,0.0,0.6541796875000001,1.54656e-08
134.556,0.0,0.6539296875000001,1.55551e-08
134.556,0.0,0.6536796875000002,1.5571750000000002e-08
134.556,0.0,0.6534296875000001,1.55384e-08
134.556,0.0,0.6531796875000001,1.552705e-08
134.556,0.0,0.6529296875000001,1.56285e-08
134.556,0.0,0.6526796875000002,1.5436300000000003e-08
134.556,0.0,0.6524296875000001,1.5525250000000002e-08
134.556,0.0,0.6521796875000001,1.554505e-08
134.556,0.0,0.6519296875000001,1.54589e-08
134.556,0.0,0.6516796875000002,1.5502000000000002e-08
134.556,0.0,0.6514296875000001,1.5385599999999998e-08
134.556,0.0,0.6511796875000001,1.542105e-08
134.556,0.0,0.6509296875000001,1.54149e-08
134.556,0.0,0.6506796875000002,1.52476e-08
134.556,0.0,0.6504296875000001,1.5713399999999998e-08
134.556,0.0,0.6501796875000001,1.5380399999999998e-08
134.556,0.0,0.6499296875000001,1.55279e-08
134.556,0.0,0.6496796875000002,1.55121e-08
134.556,0.0,0.6494296875000001,1.548075e-08
134.556,0.0,0.6491796875000001,1.55704e-08
134.556,0.0,0.6489296875000001,1.5639800000000002e-08
134.556,0.0,0.6486796875000002,1.5537500000000003e-08
134.556,0.0,0.6484296875000001,1.55249e-08
134.556,0.0,0.6481796875000001,1.5671649999999997e-08
134.556,0.0,0.6479296875000001,1.54671e-08
134.556,0.0,0.6476796875000002,1.5494550000000003e-08
134.556,0.0,0.6474296875000001,1.52482e-08
134.556,0.0,0.6471796875000001,1.55022e-08
134.556,0.0,0.6469296875000001,1.535445e-08
134.556,0.0,0.6466796875000002,1.5299600000000003e-08
134.556,0.0,0.6464296875000001,1.535795e-08
134.556,0.0,0.6461796875000001,1.53289e-08
134.556,0.0,0.6459296875000001,1.54544e-08
134.556,0.0,0.6456796875000002,1.5301050000000002e-08
134.556,0.0,0.6454296875000001,1.53337e-08
134.556,0.0,0.6451796875000001,1.522385e-08
134.556,0.0,0.6449296875000001,1.52147e-08
134.556,0.0,0.6446796875000002,1.5253666666666666e-08
134.556,0.0,0.6444296875000001,1.541615e-08
134.556,0.0,0.6441796875000001,1.5443549999999998e-08
134.556,0.0,0.6439296875000001,1.53113e-08
134.556,0.0,0.6436796875000002,1.525355e-08
134.556,0.0,0.6434296875000001,1.539955e-08
134.556,0.0,0.6431796875000001,1.52042e-08
134.556,0.0,0.6429296875000001,1.52662e-08
134.556,0.0,0.6426796875000002,1.5380649999999998e-08
134.556,0.0,0.6424296875000001,1.523225e-08
134.556,0.0,0.6421796875000001,1.52572e-08
134.556,0.0,0.6419296875000001,1.51361e-08
134.556,0.0,0.6416796875000002,1.525065e-08
134.556,0.0,0.6414296875000001,1.5262500000000002e-08
134.556,0.0,0.6411796875000001,1.53889e-08
134.556,0.0,0.6409296875000001,1.53351e-08
134.556,0.0,0.6406796875000002,1.5238400000000002e-08
134.556,0.0,0.6404296875000001,1.530545e-08
134.556,0.0,0.6401796875000001,1.5269149999999997e-08
134.556,0.0,0.6399296875000001,1.526995e-08
134.556,0.0,0.6396796875000001,1.537985e-08
134.556,0.0,0.6394296875000001,1.51459e-08
134.556,0.0,0.6391796875000001,1.52684e-08
134.556,0.0,0.6389296875000001,1.516425e-08
134.556,0.0,0.6386796875000001,1.52083e-08
134.556,0.0,0.6384296875000001,1.51233e-08
134.556,0.0,0.6381796875000001,1.535795e-08
134.556,0.0,0.6379296875000001,1.5252749999999997e-08
134.556,0.0,0.6376796875000001,1.5242550000000002e-08
134.556,0.0,0.6374296875000001,1.51994e-08
134.556,0.0,0.6371796875000001,1.50533e-08
134.556,0.0,0.6369296875000001,1.510195e-08
134.556,0.0,0.6366796875000001,1.480545e-08
134.556,0.0,0.6364296875000001,1.51429e-08
134.556,0.0,0.6361796875000001,1.48806e-08
134.556,0.0,0.6359296875000001,1.522585e-08
134.556,0.0,0.6356796875000001,1.515095e-08
134.556,0.0,0.6354296875000001,1.524765e-08
134.556,0.0,0.6351796875000001,1.519445e-08
134.556,0.0,0.6349296875000001,1.5232449999999998e-08
134.556,0.0,0.6346796875000001,1.5649149999999998e-08
134.556,0.0,0.6344296875000001,1.51193e-08
134.556,0.0,0.6341796875000001,1.51977e-08
134.556,0.0,0.6339296875000001,1.520835e-08
134.556,0.0,0.6336796875000001,1.5201849999999998e-08
134.556,0.0,0.6334296875000001,1.505955e-08
134.556,0.0,0.6331796875000001,1.511605e-08
134.556,0.0,0.6329296875000001,1.50391e-08
134.556,0.0,0.6326796875000001,1.541865e-08
134.556,0.0,0.6324296875000001,1.522665e-08
134.556,0.0,0.6321796875000001,1.5316e-08
134.556,0.0,0.6319296875000001,1.50881e-08
134.556,0.0,0.6316796875000001,1.500645e-08
134.556,0.0,0.6314296875000001,1.529565e-08
134.556,0.0,0.6311796875000001,1.52228e-08
134.556,0.0,0.6309296875000001,1.51805e-08
134.556,0.0,0.6306796875000001,1.5079349999999998e-08
134.556,0.0,0.6304296875000002,1.532135e-08
134.556,0.0,0.6301796875000001,1.5315e-08
134.556,0.0,0.6299296875000001,1.5191150000000002e-08
134.556,0.0,0.6296796875000001,1.509725e-08
134.556,0.0,0.6294296875000002,1.519205e-08
134.556,0.0,0.6291796875000001,1.53241e-08
134.556,0.0,0.6289296875000001,1.5220433333333335e-08
134.556,0.0,0.6286796875000001,1.498e-08
134.556,0.0,0.6284296875000002,1.511155e-08
134.556,0.0,0.6281796875000001,1.50117e-08
134.556,0.0,0.6279296875000001,1.499605e-08
134.556,0.0,0.6276796875000001,1.502735e-08
134.556,0.0,0.6274296875000002,1.509695e-08
134.556,0.0,0.6271796875000001,1.50556e-08
134.556,0.0,0.6269296875000001,1.508185e-08
134.556,0.0,0.6266796875000001,1.50566e-08
134.556,0.0,0.6264296875000002,1.5112999999999998e-08
134.556,0.0,0.6261796875000001,1.50499e-08
134.556,0.0,0.6259296875000001,1.508925e-08
134.556,0.0,0.6256796875000001,1.5048149999999998e-08
134.556,0.0,0.6254296875000002,1.511605e-08
134.556,0.0,0.6251796875000001,1.49004e-08
134.556,0.0,0.6249296875000001,1.512015e-08
134.556,0.0,0.6246796875000001,1.5100600000000002e-08
134.556,0.0,0.6244296875000002,1.5077749999999997e-08
134.556,0.0,0.6241796875000001,1.517305e-08
134.556,0.0,0.6239296875000001,1.495475e-08
134.556,0.0,0.6236796875000001,1.50452e-08
134.556,0.0,0.6234296875000002,1.5080300000000003e-08
134.556,0.0,0.6231796875000001,1.49646e-08
134.556,0.0,0.6229296875000001,1.51576e-08
134.556,0.0,0.6226796875000001,1.49944e-08
134.556,0.0,0.6224296875000002,1.5050300000000002e-08
134.556,0.0,0.6221796875000001,1.506605e-08
134.556,0.0,0.6219296875000001,1.5017549999999998e-08
134.556,0.0,0.6216796875000001,1.50086e-08
134.556,0.0,0.6214296875000002,1.51179e-08
134.556,0.0,0.6211796875000001,1.50863e-08
134.556,0.0,0.6209296875000001,1.5007850000000003e-08
134.556,0.0,0.6206796875000001,1.50247e-08
134.556,0.0,0.6204296875000002,1.5066249999999998e-08
134.556,0.0,0.6201796875000001,1.4993e-08
134.556,0.0,0.6199296875000001,1.520595e-08
134.556,0.0,0.6196796875000001,1.5110466666666672e-08
134.556,0.0,0.6194296875000002,1.52242e-08
134.556,0.0,0.6191796875000001,1.506135e-08
134.556,0.0,0.6189296875000001,1.5062e-08
134.556,0.0,0.6186796875000001,1.51491e-08
134.556,0.0,0.6184296875000002,1.50863e-08
134.556,0.0,0.6181796875000001,1.519225e-08
134.556,0.0,0.6179296875000001,1.51385e-08
134.556,0.0,0.6176796875000001,1.51747e-08
134.556,0.0,0.6174296875000002,1.51467e-08
134.556,0.0,0.6171796875000001,1.524205e-08
134.556,0.0,0.6169296875000001,1.5271200000000002e-08
134.556,0.0,0.6166796875000001,1.512345e-08
134.556,0.0,0.6164296875000002,1.52299e-08
134.556,0.0,0.6161796875000001,1.5168150000000002e-08
134.556,0.0,0.6159296875000001,1.51664e-08
134.556,0.0,0.6156796875000001,1.508465e-08
134.556,0.0,0.6154296875000002,1.515515e-08
134.556,0.0,0.6151796875000001,1.5067e-08
134.556,0.0,0.6149296875000001,1.51976e-08
134.556,0.0,0.6146796875000001,1.510245e-08
134.556,0.0,0.6144296875000002,1.51376e-08
134.556,0.0,0.6141796875000001,1.516285e-08
134.556,0.0,0.6139296875000001,1.52044e-08
134.556,0.0,0.6136796875000001,1.52397e-08
134.556,0.0,0.6134296875000002,1.52709e-08
134.556,0.0,0.6131796875000001,1.5247100000000003e-08
134.556,0.0,0.6129296875000001,1.5287966666666668e-08
134.556,0.0,0.6126796875000001,1.527e-08
134.556,0.0,0.6124296875000002,1.52205e-08
134.556,0.0,0.6121796875000001,1.526475e-08
134.556,0.0,0.6119296875000001,1.53218e-08
134.556,0.0,0.6116796875000001,1.53499e-08
134.556,0.0,0.6114296875000002,1.53737e-08
134.556,0.0,0.6111796875000001,1.523745e-08
134.556,0.0,0.6109296875000001,1.52116e-08
134.556,0.0,0.6106796875000001,1.52449e-08
134.556,0.0,0.6104296875000002,1.52319e-08
134.556,0.0,0.6101796875000001,1.52494e-08
134.556,0.0,0.6099296875000001,1.517055e-08
134.556,0.0,0.6096796875000001,1.523025e-08
134.556,0.0,0.6094296875000002,1.52274e-08
134.556,0.0,0.6091796875000001,1.51774e-08
134.556,0.0,0.6089296875000001,1.5185400000000002e-08
134.556,0.0,0.6086796875000001,1.510055e-08
134.556,0.0,0.6084296875000001,1.515345e-08
134.556,0.0,0.6081796875000001,1.510075e-08
134.556,0.0,0.6079296875000001,1.517585e-08
134.556,0.0,0.6076796875000001,1.5149349999999998e-08
134.556,0.0,0.6074296875000001,1.52363e-08
134.556,0.0,0.6071796875000001,1.519765e-08
134.556,0.0,0.6069296875000001,1.524515e-08
134.556,0.0,0.6066796875000001,1.524045e-08
134.556,0.0,0.6064296875000001,1.513215e-08
134.556,0.0,0.6061796875000001,1.51703e-08
134.556,0.0,0.6059296875000001,1.516015e-08
134.556,0.0,0.6056796875000001,1.519465e-08
134.556,0.0,0.6054296875000001,1.5274e-08
134.556,0.0,0.6051796875000001,1.515375e-08
134.556,0.0,0.6049296875000001,1.5202e-08
134.556,0.0,0.6046796875000001,1.51709e-08
134.556,0.0,0.6044296875000001,1.50168e-08
134.556,0.0,0.6041796875000001,1.50863e-08
134.556,0.0,0.6039296875000001,1.5143666666666667e-08
134.556,0.0,0.6036796875000001,1.52094e-08
134.556,0.0,0.6034296875000001,1.514345e-08
134.556,0.0,0.6031796875000001,1.5227299999999998e-08
134.556,0.0,0.6029296875000001,1.51639e-08
134.556,0.0,0.6026796875000001,1.514095e-08
134.556,0.0,0.6024296875000001,1.51977e-08
134.556,0.0,0.6021796875000001,1.519665e-08
134.556,0.0,0.6019296875000001,1.5160450000000006e-08
134.556,0.0,0.6016796875000001,1.522475e-08
134.556,0.0,0.6014296875000001,1.5315299999999998e-08
134.556,0.0,0.6011796875000001,1.523825e-08
134.556,0.0,0.6009296875000001,1.518255e-08
134.556,0.0,0.6006796875000001,1.53721e-08
134.556,0.0,0.6004296875000001,1.52575e-08
134.556,0.0,0.6001796875000001,1.53614e-08
134.556,0.0,0.5999296875000001,1.525445e-08
134.556,0.0,0.5996796875000001,1.52806e-08
134.556,0.0,0.5994296875000001,1.518775e-08
134.556,0.0,0.5991796875000002,1.517585e-08
134.556,0.0,0.5989296875000001,1.5270999999999998e-08
134.556,0.0,0.5986796875000001,1.52027e-08
134.556,0.0,0.5984296875000001,1.526405e-08
134.556,0.0,0.5981796875000002,1.52575e-08
134.556,0.0,0.5979296875000001,1.527285e-08
134.556,0.0,0.5976796875000001,1.53162e-08
134.556,0.0,0.5974296875000001,1.5280066666666668e-08
134.556,0.0,0.5971796875000002,1.5282450000000002e-08
134.556,0.0,0.5969296875000001,1.53156e-08
134.556,0.0,0.5966796875000001,1.52845e-08
134.556,0.0,0.5964296875000001,1.52615e-08
134.556,0.0,0.5961796875000002,1.53042e-08
134.556,0.0,0.5959296875000001,1.5322100000000002e-08
134.556,0.0,0.5956796875000001,1.52583e-08
134.556,0.0,0.5954296875000001,1.536165e-08
134.556,0.0,0.5951796875000002,1.539885e-08
134.556,0.0,0.5949296875000001,1.5298850000000002e-08
134.556,0.0,0.5946796875000001,1.532115e-08
134.556,0.0,0.5944296875000001,1.5234399999999998e-08
134.556,0.0,0.5941796875000002,1.5360900000000002e-08
134.556,0.0,0.5939296875000001,1.536255e-08
134.556,0.0,0.5936796875000001,1.53953e-08
134.556,0.0,0.5934296875000001,1.539435e-08
134.556,0.0,0.5931796875000002,1.540785e-08
134.556,0.0,0.5929296875000001,1.527705e-08
134.556,0.0,0.5926796875000001,1.52249e-08
134.556,0.0,0.5924296875000001,1.52914e-08
134.556,0.0,0.5921796875000002,1.524005e-08
134.556,0.0,0.5919296875000001,1.53385e-08
134.556,0.0,0.5916796875000001,1.53649e-08
134.556,0.0,0.5914296875000001,1.54245e-08
134.556,0.0,0.5911796875000002,1.53856e-08
134.556,0.0,0.5909296875000001,1.5443049999999997e-08
134.556,0.0,0.5906796875000001,1.529795e-08
134.556,0.0,0.5904296875000001,1.538475e-08
134.556,0.0,0.5901796875000002,1.5414549999999998e-08
134.556,0.0,0.5899296875000001,1.54403e-08
134.556,0.0,0.5896796875000001,1.54659e-08
134.556,0.0,0.5894296875000001,1.535865e-08
134.556,0.0,0.5891796875000002,1.54499e-08
134.556,0.0,0.5889296875000001,1.54567e-08
134.556,0.0,0.5886796875000001,1.53969e-08
134.556,0.0,0.5884296875000001,1.53644e-08
134.556,0.0,0.5881796875000002,1.53338e-08
134.556,0.0,0.5879296875000001,1.5458599999999998e-08
134.556,0.0,0.5876796875000001,1.54043e-08
134.556,0.0,0.5874296875000001,1.5366449999999998e-08
134.556,0.0,0.5871796875000002,1.5355150000000002e-08
134.556,0.0,0.5869296875000001,1.5384199999999998e-08
134.556,0.0,0.5866796875000001,1.53192e-08
134.556,0.0,0.5864296875000001,1.5307e-08
134.556,0.0,0.5861796875000002,1.5328350000000002e-08
134.556,0.0,0.5859296875000001,1.5300249999999998e-08
134.556,0.0,0.5856796875000001,1.5309250000000002e-08
134.556,0.0,0.5854296875000001,1.53723e-08
134.556,0.0,0.5851796875000002,1.529905e-08
134.556,0.0,0.5849296875000001,1.539985e-08
134.556,0.0,0.5846796875000001,1.53919e-08
134.556,0.0,0.5844296875000001,1.5394300000000002e-08
134.556,0.0,0.5841796875000002,1.53881e-08
134.556,0.0,0.5839296875000001,1.534945e-08
134.556,0.0,0.5836796875000001,1.53983e-08
134.556,0.0,0.5834296875000001,1.54022e-08
134.556,0.0,0.5831796875000002,1.53393e-08
134.556,0.0,0.5829296875000001,1.53928e-08
134.556,0.0,0.5826796875000001,1.5336300000000002e-08
134.556,0.0,0.5824296875000001,1.53567e-08
134.556,0.0,0.5821796875000002,1.5360650000000002e-08
134.556,0.0,0.5819296875000001,1.53496e-08
134.556,0.0,0.5816796875000001,1.53616e-08
134.556,0.0,0.5814296875000001,1.5346866666666667e-08
134.556,0.0,0.5811796875000002,1.54705e-08
134.556,0.0,0.5809296875000001,1.52929e-08
134.556,0.0,0.5806796875000001,1.542795e-08
134.556,0.0,0.5804296875000001,1.5436e-08
134.556,0.0,0.5801796875000002,1.54131e-08
134.556,0.0,0.5799296875000001,1.54255e-08
134.556,0.0,0.5796796875000001,1.5383050000000002e-08
134.556,0.0,0.5794296875000001,1.541545e-08
134.556,0.0,0.5791796875000002,1.5381749999999998e-08
134.556,0.0,0.5789296875000001,1.53085e-08
134.556,0.0,0.5786796875000001,1.535725e-08
134.556,0.0,0.5784296875000001,1.539955e-08
134.556,0.0,0.5781796875000002,1.5352749999999998e-08
134.556,0.0,0.5779296875000001,1.53199e-08
134.556,0.0,0.5776796875000001,1.530605e-08
134.556,0.0,0.5774296875000001,1.5391299999999998e-08
134.556,0.0,0.5771796875000001,1.539635e-08
134.556,0.0,0.5769296875000001,1.53803e-08
134.556,0.0,0.5766796875000001,1.532775e-08
134.556,0.0,0.5764296875000001,1.5375999999999998e-08
134.556,0.0,0.5761796875000001,1.53857e-08
134.556,0.0,0.5759296875000001,1.53285e-08
134.556,0.0,0.5756796875000001,1.5396750000000002e-08
134.556,0.0,0.5754296875000001,1.5341800000000002e-08
134.556,0.0,0.5751796875000001,1.541995e-08
134.556,0.0,0.5749296875000001,1.54009e-08
134.556,0.0,0.5746796875000001,1.5412333333333332e-08
134.556,0.0,0.5744296875000001,1.539415e-08
134.556,0.0,0.5741796875000001,1.533995e-08
134.556,0.0,0.5739296875000001,1.53653e-08
134.556,0.0,0.5736796875000001,1.5321250000000002e-08
134.556,0.0,0.5734296875000001,1.53356e-08
134.556,0.0,0.5731796875000001,1.527445e-08
134.556,0.0,0.5729296875000001,1.53596e-08
134.556,0.0,0.5726796875000001,1.52833e-08
134.556,0.0,0.5724296875000001,1.5277633333333334e-08
134.556,0.0,0.5721796875000001,1.517935e-08
134.556,0.0,0.5719296875000001,1.52024e-08
134.556,0.0,0.5716796875000001,1.516735e-08
134.556,0.0,0.5714296875000001,1.518265e-08
134.556,0.0,0.5711796875000001,1.5167199999999997e-08
134.556,0.0,0.5709296875000001,1.52672e-08
134.556,0.0,0.5706796875000001,1.519265e-08
134.556,0.0,0.5704296875000001,1.51694e-08
134.556,0.0,0.5701796875000001,1.5312800000000002e-08
134.556,0.0,0.5699296875000001,1.5242e-08
134.556,0.0,0.5696796875000001,1.5229600000000003e-08
134.556,0.0,0.5694296875000001,1.52897e-08
134.556,0.0,0.5691796875000001,1.527085e-08
134.556,0.0,0.5689296875000001,1.51886e-08
134.556,0.0,0.5686796875000001,1.51669e-08
134.556,0.0,0.5684296875000001,1.51125e-08
134.556,0.0,0.5681796875000001,1.508455e-08
134.556,0.0,0.5679296875000002,1.50982e-08
134.556,0.0,0.5676796875000001,1.50899e-08
134.556,0.0,0.5674296875000001,1.50415e-08
134.556,0.0,0.5671796875000001,1.5108349999999998e-08
134.556,0.0,0.5669296875000002,1.50875e-08
134.556,0.0,0.5666796875000001,1.499905e-08
134.556,0.0,0.5664296875000001,1.5015349999999998e-08
134.556,0.0,0.5661796875000001,1.502785e-08
134.556,0.0,0.5659296875000002,1.48877e-08
134.556,0.0,0.5656796875000001,1.4946633333333336e-08
134.556,0.0,0.5654296875000001,1.4982500000000002e-08
134.556,0.0,0.5651796875000001,1.4943e-08
134.556,0.0,0.5649296875000002,1.493745e-08
134.556,0.0,0.5646796875000001,1.4983600000000002e-08
134.556,0.0,0.5644296875000001,1.49852e-08
134.556,0.0,0.5641796875000001,1.5026e-08
134.556,0.0,0.5639296875000002,1.51447e-08
134.556,0.0,0.5636796875000001,1.507085e-08
134.556,0.0,0.5634296875000001,1.51246e-08
134.556,0.0,0.5631796875000001,1.50846e-08
134.556,0.0,0.5629296875000002,1.509675e-08
134.556,0.0,0.5626796875000001,1.520015e-08
134.556,0.0,0.5624296875000001,1.517095e-08
134.556,0.0,0.5621796875000001,1.51308e-08
134.556,0.0,0.5619296875000002,1.5079599999999998e-08
134.556,0.0,0.5616796875000001,1.514805e-08
134.556,0.0,0.5614296875000001,1.509755e-08
134.556,0.0,0.5611796875000001,1.508345e-08
134.556,0.0,0.5609296875000002,1.512425e-08
134.556,0.0,0.5606796875000001,1.5127799999999997e-08
134.556,0.0,0.5604296875000001,1.50111e-08
134.556,0.0,0.5601796875000001,1.50274e-08
134.556,0.0,0.5599296875000002,1.5052549999999998e-08
134.556,0.0,0.5596796875000001,1.50239e-08
134.556,0.0,0.5594296875000001,1.50114e-08
134.556,0.0,0.5591796875000001,1.5091099999999998e-08
134.556,0.0,0.5589296875000002,1.5122750000000002e-08
134.556,0.0,0.5586796875000001,1.50778e-08
134.556,0.0,0.5584296875000001,1.50909e-08
134.556,0.0,0.5581796875000001,1.51053e-08
134.556,0.0,0.5579296875000002,1.507415e-08
134.556,0.0,0.5576796875000001,1.5143300000000002e-08
134.556,0.0,0.5574296875000001,1.523765e-08
134.556,0.0,0.5571796875000001,1.52166e-08
134.556,0.0,0.5569296875000002,1.520505e-08
134.556,0.0,0.5566796875000001,1.514755e-08
134.556,0.0,0.5564296875000001,1.52082e-08
134.556,0.0,0.5561796875000001,1.51259e-08
134.556,0.0,0.5559296875000002,1.519815e-08
134.556,0.0,0.5556796875000001,1.5229700000000002e-08
134.556,0.0,0.5554296875000001,1.522195e-08
134.556,0.0,0.5551796875000001,1.52044e-08
134.556,0.0,0.5549296875000002,1.518555e-08
134.556,0.0,0.5546796875000001,1.5205350000000002e-08
134.556,0.0,0.5544296875000001,1.5194e-08
134.556,0.0,0.5541796875000001,1.52168e-08
134.556,0.0,0.5539296875000002,1.52051e-08
134.556,0.0,0.5536796875000001,1.51133e-08
134.556,0.0,0.5534296875000001,1.51955e-08
134.556,0.0,0.5531796875000001,1.51522e-08
134.556,0.0,0.5529296875000002,1.5153749999999998e-08
134.556,0.0,0.5526796875000001,1.52854e-08
134.556,0.0,0.5524296875000001,1.51844e-08
134.556,0.0,0.5521796875000001,1.51115e-08
134.556,0.0,0.5519296875000002,1.515135e-08
134.556,0.0,0.5516796875000001,1.519505e-08
134.556,0.0,0.5514296875000001,1.51756e-08
134.556,0.0,0.5511796875000001,1.52284e-08
134.556,0.0,0.5509296875000002,1.5204000000000002e-08
134.556,0.0,0.5506796875000001,1.51965e-08
134.556,0.0,0.5504296875000001,1.5097e-08
134.556,0.0,0.5501796875000001,1.52617e-08
134.556,0.0,0.5499296875000002,1.51608e-08
134.556,0.0,0.5496796875000001,1.51935e-08
134.556,0.0,0.5494296875000001,1.515935e-08
134.556,0.0,0.5491796875000001,1.52022e-08
134.556,0.0,0.5489296875000002,1.51499e-08
134.556,0.0,0.5486796875000001,1.513035e-08
134.556,0.0,0.5484296875000001,1.510595e-08
134.556,0.0,0.5481796875000001,1.51096e-08
134.556,0.0,0.5479296875000002,1.5146866666666668e-08
134.556,0.0,0.5476796875000001,1.522475e-08
134.556,0.0,0.5474296875000001,1.50181e-08
134.556,0.0,0.5471796875000001,1.5080799999999997e-08
134.556,0.0,0.5469296875000002,1.5107950000000003e-08
134.556,0.0,0.5466796875000001,1.512945e-08
134.556,0.0,0.5464296875000001,1.5129e-08
134.556,0.0,0.5461796875000001,1.52469e-08
134.556,0.0,0.5459296875000001,1.51625e-08
134.556,0.0,0.5456796875000001,1.517495e-08
134.556,0.0,0.5454296875000001,1.5194999999999998e-08
134.556,0.0,0.5451796875000001,1.5134250000000002e-08
134.556,0.0,0.5449296875000001,1.516205e-08
134.556,0.0,0.5446796875000001,1.5169250000000002e-08
134.556,0.0,0.5444296875000001,1.51712e-08
134.556,0.0,0.5441796875000001,1.509865e-08
134.556,0.0,0.5439296875000001,1.516765e-08
134.556,0.0,0.5436796875000001,1.510935e-08
134.556,0.0,0.5434296875000001,1.503975e-08
134.556,0.0,0.5431796875000001,1.504065e-08
134.556,0.0,0.5429296875000001,1.498015e-08
134.556,0.0,0.5426796875000001,1.504685e-08
134.556,0.0,0.5424296875000001,1.51152e-08
134.556,0.0,0.5421796875000001,1.501855e-08
134.556,0.0,0.5419296875000001,1.502545e-08
134.556,0.0,0.5416796875000001,1.5065100000000002e-08
134.556,0.0,0.5414296875000001,1.51011e-08
134.556,0.0,0.5411796875000001,1.50542e-08
134.556,0.0,0.5409296875000001,1.4972933333333332e-08
134.556,0.0,0.5406796875000001,1.50795e-08
134.556,0.0,0.5404296875000001,1.49249e-08
134.556,0.0,0.5401796875000001,1.5001499999999997e-08
134.556,0.0,0.5399296875000001,1.51763e-08
134.556,0.0,0.5396796875000001,1.52487e-08
134.556,0.0,0.5394296875000001,1.50508e-08
134.556,0.0,0.5391796875000001,1.5113200000000002e-08
134.556,0.0,0.5389296875000001,1.516885e-08
134.556,0.0,0.5386796875000001,1.5167099999999998e-08
134.556,0.0,0.5384296875000001,1.514455e-08
134.556,0.0,0.5381796875000001,1.51448e-08
134.556,0.0,0.5379296875000001,1.5224950000000003e-08
134.556,0.0,0.5376796875000001,1.5058549999999998e-08
134.556,0.0,0.5374296875000001,1.51706e-08
134.556,0.0,0.5371796875000001,1.5121449999999998e-08
134.556,0.0,0.5369296875000001,1.5118149999999998e-08
134.556,0.0,0.5366796875000002,1.5079e-08
134.556,0.0,0.5364296875000001,1.5067849999999998e-08
134.556,0.0,0.5361796875000001,1.50802e-08
134.556,0.0,0.5359296875000001,1.506035e-08
134.556,0.0,0.5356796875000002,1.50644e-08
134.556,0.0,0.5354296875000001,1.50253e-08
134.556,0.0,0.5351796875000001,1.506955e-08
134.556,0.0,0.5349296875000001,1.51479e-08
134.556,0.0,0.5346796875000002,1.512e-08
134.556,0.0,0.5344296875000001,1.51459e-08
134.556,0.0,0.5341796875000001,1.5066249999999998e-08
134.556,0.0,0.5339296875000001,1.5091899999999998e-08
134.556,0.0,0.5336796875000002,1.511565e-08
134.556,0.0,0.5334296875000001,1.51456e-08
134.556,0.0,0.5331796875000001,1.509295e-08
134.556,0.0,0.5329296875000001,1.514335e-08
134.556,0.0,0.5326796875000002,1.510215e-08
134.556,0.0,0.5324296875000001,1.51078e-08
134.556,0.0,0.5321796875000001,1.50974e-08
134.556,0.0,0.5319296875000001,1.51326e-08
134.556,0.0,0.5316796875000002,1.50829e-08
134.556,0.0,0.5314296875000001,1.51418e-08
134.556,0.0,0.5311796875000001,1.50789e-08
134.556,0.0,0.5309296875000001,1.513975e-08
134.556,0.0,0.5306796875000002,1.504005e-08
134.556,0.0,0.5304296875000001,1.50754e-08
134.556,0.0,0.5301796875000001,1.50451e-08
134.556,0.0,0.5299296875000001,1.50969e-08
134.556,0.0,0.5296796875000002,1.51599e-08
134.556,0.0,0.5294296875000001,1.5156199999999998e-08
134.556,0.0,0.5291796875000001,1.5164649999999998e-08
134.556,0.0,0.5289296875000001,1.50812e-08
134.556,0.0,0.5286796875000002,1.5114099999999998e-08
134.556,0.0,0.5284296875000001,1.51312e-08
134.556,0.0,0.5281796875000001,1.51517e-08
134.556,0.0,0.5279296875000001,1.5176399999999998e-08
134.556,0.0,0.5276796875000002,1.51521e-08
134.556,0.0,0.5274296875000001,1.52325e-08
134.556,0.0,0.5271796875000001,1.51543e-08
134.556,0.0,0.5269296875000001,1.510815e-08
134.556,0.0,0.5266796875000002,1.5231e-08
134.556,0.0,0.5264296875000001,1.5223350000000002e-08
134.556,0.0,0.5261796875000001,1.518145e-08
134.556,0.0,0.5259296875000001,1.52681e-08
134.556,0.0,0.5256796875000002,1.510865e-08
134.556,0.0,0.5254296875000001,1.52112e-08
134.556,0.0,0.5251796875000001,1.5274750000000002e-08
134.556,0.0,0.5249296875000001,1.5294433333333336e-08
134.556,0.0,0.5246796875000002,1.52259e-08
134.556,0.0,0.5244296875000001,1.53472e-08
134.556,0.0,0.5241796875000001,1.52241e-08
134.556,0.0,0.5239296875000001,1.52181e-08
134.556,0.0,0.5236796875000002,1.52147e-08
134.556,0.0,0.5234296875000001,1.528655e-08
134.556,0.0,0.5231796875000001,1.52248e-08
134.556,0.0,0.5229296875000001,1.51887e-08
134.556,0.0,0.5226796875000002,1.52374e-08
134.556,0.0,0.5224296875000001,1.51877e-08
134.556,0.0,0.5221796875000001,1.52824e-08
134.556,0.0,0.5219296875000001,1.5231099999999998e-08
134.556,0.0,0.5216796875000002,1.53153e-08
134.556,0.0,0.5214296875000001,1.527545e-08
134.556,0.0,0.5211796875000001,1.526395e-08
134.556,0.0,0.5209296875000001,1.5184e-08
134.556,0.0,0.5206796875000002,1.531735e-08
134.556,0.0,0.5204296875000001,1.521785e-08
134.556,0.0,0.5201796875000001,1.5331449999999998e-08
134.556,0.0,0.5199296875000001,1.53452e-08
134.556,0.0,0.5196796875000002,1.5378e-08
134.556,0.0,0.5194296875000001,1.53262e-08
134.556,0.0,0.5191796875000001,1.5361299999999997e-08
134.556,0.0,0.5189296875000001,1.525115e-08
134.556,0.0,0.5186796875000002,1.53777e-08
134.556,0.0,0.5184296875000001,1.54163e-08
134.556,0.0,0.5181796875000001,1.53213e-08
134.556,0.0,0.5179296875000001,1.530755e-08
134.556,0.0,0.5176796875000002,1.53859e-08
134.556,0.0,0.5174296875000001,1.53539e-08
134.556,0.0,0.5171796875000001,1.54416e-08
134.556,0.0,0.5169296875000001,1.5377300000000002e-08
134.556,0.0,0.5166796875000002,1.53298e-08
134.556,0.0,0.5164296875000001,1.54485e-08
134.556,0.0,0.5161796875000001,1.537475e-08
134.556,0.0,0.5159296875000001,1.541995e-08
134.556,0.0,0.5156796875000002,1.540865e-08
134.556,0.0,0.5154296875000001,1.54098e-08
134.556,0.0,0.5151796875000001,1.54447e-08
134.556,0.0,0.5149296875000001,1.5436400000000002e-08
134.556,0.0,0.5146796875000001,1.5445e-08
134.556,0.0,0.5144296875000001,1.537295e-08
134.556,0.0,0.5141796875000001,1.545585e-08
134.556,0.0,0.5139296875000001,1.545435e-08
134.556,0.0,0.5136796875000001,1.54348e-08
134.556,0.0,0.5134296875000001,1.544835e-08
134.556,0.0,0.5131796875000001,1.53355e-08
134.556,0.0,0.5129296875000001,1.545925e-08
134.556,0.0,0.5126796875000001,1.54794e-08
134.556,0.0,0.5124296875000001,1.541615e-08
134.556,0.0,0.5121796875000001,1.553255e-08
134.556,0.0,0.5119296875000001,1.547625e-08
134.556,0.0,0.5116796875000001,1.5466549999999998e-08
134.556,0.0,0.5114296875000001,1.554225e-08
134.556,0.0,0.5111796875000001,1.559315e-08
134.556,0.0,0.5109296875000001,1.5397399999999997e-08
134.556,0.0,0.5106796875000001,1.54279e-08
134.556,0.0,0.5104296875000001,1.54778e-08
134.556,0.0,0.5101796875000001,1.55241e-08
134.556,0.0,0.5099296875000001,1.552865e-08
134.556,0.0,0.5096796875000001,1.55694e-08
134.556,0.0,0.5094296875000001,1.55047e-08
134.556,0.0,0.5091796875000001,1.5512e-08
134.556,0.0,0.5089296875000001,1.54553e-08
134.556,0.0,0.5086796875000001,1.5567350000000002e-08
134.556,0.0,0.5084296875000001,1.55509e-08
134.556,0.0,0.5081796875000001,1.554195e-08
134.556,0.0,0.5079296875000001,1.5573100000000002e-08
134.556,0.0,0.5076796875000001,1.5635e-08
134.556,0.0,0.5074296875000001,1.5601299999999998e-08
134.556,0.0,0.5071796875000001,1.55923e-08
134.556,0.0,0.5069296875000001,1.559335e-08
134.556,0.0,0.5066796875000001,1.563785e-08
134.556,0.0,0.5064296875000001,1.552885e-08
134.556,0.0,0.5061796875000001,1.56364e-08
134.556,0.0,0.5059296875000001,1.56882e-08
134.556,0.0,0.5056796875000001,1.5643399999999998e-08
134.556,0.0,0.5054296875000002,1.557525e-08
134.556,0.0,0.5051796875000001,1.5628300000000002e-08
134.556,0.0,0.5049296875000001,1.56155e-08
134.556,0.0,0.5046796875000001,1.5618799999999998e-08
134.556,0.0,0.5044296875000002,1.55918e-08
134.556,0.0,0.5041796875000001,1.553195e-08
134.556,0.0,0.5039296875000001,1.56672e-08
134.556,0.0,0.5036796875000001,1.55693e-08
134.556,0.0,0.5034296875000002,1.55852e-08
134.556,0.0,0.5031796875000001,1.5533200000000002e-08
134.556,0.0,0.5029296875000001,1.5597700000000002e-08
134.556,0.0,0.5026796875000001,1.555015e-08
134.556,0.0,0.5024296875000002,1.559935e-08
134.556,0.0,0.5021796875000001,1.56211e-08
134.556,0.0,0.5019296875000001,1.5629e-08
134.556,0.0,0.5016796875000001,1.5580249999999998e-08
134.556,0.0,0.5014296875000002,1.56354e-08
134.556,0.0,0.5011796875000001,1.56319e-08
134.556,0.0,0.5009296875000001,1.55672e-08
134.556,0.0,0.5006796875000001,1.558655e-08
134.556,0.0,0.5004296875000002,1.5594e-08
134.556,0.0,0.5001796875000001,1.55907e-08
134.556,0.0,0.4999296875000001,1.55215e-08
134.556,0.0,0.49967968750000014,1.56006e-08
134.556,0.0,0.4994296875000001,1.551455e-08
134.556,0.0,0.49917968750000014,1.5547400000000002e-08
134.556,0.0,0.4989296875000001,1.55499e-08
134.556,0.0,0.49867968750000014,1.56274e-08
134.556,0.0,0.4984296875000001,1.55493e-08
134.556,0.0,0.49817968750000013,1.55635e-08
134.556,0.0,0.4979296875000001,1.565655e-08
134.556,0.0,0.49767968750000013,1.5564949999999998e-08
134.556,0.0,0.4974296875000001,1.56532e-08
134.556,0.0,0.49717968750000013,1.5597749999999998e-08
134.556,0.0,0.4969296875000001,1.55078e-08
134.556,0.0,0.49667968750000013,1.55874e-08
134.556,0.0,0.4964296875000001,1.572475e-08
134.556,0.0,0.49617968750000013,1.557185e-08
134.556,0.0,0.4959296875000001,1.56482e-08
134.556,0.0,0.49567968750000013,1.5582833333333333e-08
134.556,0.0,0.4954296875000001,1.55969e-08
134.556,0.0,0.49517968750000013,1.56121e-08
134.556,0.0,0.4949296875000001,1.56583e-08
134.556,0.0,0.49467968750000013,1.563615e-08
134.556,0.0,0.4944296875000001,1.56043e-08
134.556,0.0,0.49417968750000013,1.561745e-08
134.556,0.0,0.4939296875000001,1.57253e-08
134.556,0.0,0.49367968750000013,1.5653500000000002e-08
134.556,0.0,0.4934296875000001,1.5698699999999997e-08
134.556,0.0,0.49317968750000013,1.56855e-08
134.556,0.0,0.4929296875000001,1.574785e-08
134.556,0.0,0.49267968750000013,1.5719950000000002e-08
134.556,0.0,0.4924296875000001,1.57584e-08
134.556,0.0,0.49217968750000013,1.5734e-08
134.556,0.0,0.4919296875000001,1.57669e-08
134.556,0.0,0.49167968750000013,1.584575e-08
134.556,0.0,0.4914296875000001,1.57272e-08
134.556,0.0,0.49117968750000013,1.5801e-08
134.556,0.0,0.4909296875000001,1.56804e-08
134.556,0.0,0.49067968750000013,1.55746e-08
134.556,0.0,0.4904296875000001,1.570795e-08
134.556,0.0,0.4901796875000001,1.56364e-08
134.556,0.0,0.4899296875000001,1.55272e-08
134.556,0.0,0.4896796875000001,1.5513799999999998e-08
134.556,0.0,0.4894296875000001,1.5528599999999998e-08
134.556,0.0,0.4891796875000001,1.55162e-08
134.556,0.0,0.4889296875000001,1.548675e-08
134.556,0.0,0.4886796875000001,1.54182e-08
134.556,0.0,0.4884296875000001,1.54037e-08
134.556,0.0,0.4881796875000001,1.55203e-08
134.556,0.0,0.4879296875000001,1.550825e-08
134.556,0.0,0.4876796875000001,1.54247e-08
134.556,0.0,0.4874296875000001,1.5464349999999998e-08
134.556,0.0,0.4871796875000001,1.5507549999999998e-08
134.556,0.0,0.4869296875000001,1.5541199999999998e-08
134.556,0.0,0.4866796875000001,1.545075e-08
134.556,0.0,0.4864296875000001,1.5535050000000006e-08
134.556,0.0,0.4861796875000001,1.55294e-08
134.556,0.0,0.4859296875000001,1.552255e-08
134.556,0.0,0.4856796875000001,1.555665e-08
134.556,0.0,0.4854296875000001,1.557585e-08
134.556,0.0,0.4851796875000001,1.5657e-08
134.556,0.0,0.4849296875000001,1.56464e-08
134.556,0.0,0.4846796875000001,1.559785e-08
134.556,0.0,0.4844296875000001,1.56671e-08
134.556,0.0,0.4841796875000001,1.56212e-08
134.556,0.0,0.4839296875000001,1.56942e-08
134.556,0.0,0.4836796875000001,1.5564800000000003e-08
134.556,0.0,0.4834296875000001,1.564705e-08
134.556,0.0,0.4831796875000001,1.57145e-08
134.556,0.0,0.4829296875000001,1.56865e-08
134.556,0.0,0.4826796875000001,1.56537e-08
134.556,0.0,0.4824296875000001,1.563795e-08
134.556,0.0,0.4821796875000001,1.566175e-08
134.556,0.0,0.4819296875000001,1.57095e-08
134.556,0.0,0.4816796875000001,1.565215e-08
134.556,0.0,0.4814296875000001,1.57687e-08
134.556,0.0,0.4811796875000001,1.56353e-08
134.556,0.0,0.4809296875000001,1.56747e-08
134.556,0.0,0.4806796875000001,1.57034e-08
134.556,0.0,0.4804296875000001,1.5719749999999998e-08
134.556,0.0,0.4801796875000001,1.5684350000000002e-08
134.556,0.0,0.4799296875000001,1.56938e-08
134.556,0.0,0.4796796875000001,1.577155e-08
134.556,0.0,0.4794296875000001,1.566515e-08
134.556,0.0,0.4791796875000001,1.5722e-08
134.556,0.0,0.4789296875000001,1.57227e-08
134.556,0.0,0.4786796875000001,1.57239e-08
134.556,0.0,0.4784296875000001,1.5708499999999998e-08
134.556,0.0,0.4781796875000001,1.57871e-08
134.556,0.0,0.4779296875000001,1.57727e-08
134.556,0.0,0.4776796875000001,1.5757699999999998e-08
134.556,0.0,0.4774296875000001,1.5689500000000003e-08
134.556,0.0,0.4771796875000001,1.57395e-08
134.556,0.0,0.4769296875000001,1.56798e-08
134.556,0.0,0.4766796875000001,1.579675e-08
134.556,0.0,0.4764296875000001,1.5648e-08
134.556,0.0,0.4761796875000001,1.56827e-08
134.556,0.0,0.4759296875000001,1.58081e-08
134.556,0.0,0.4756796875000001,1.580495e-08
134.556,0.0,0.4754296875000001,1.57936e-08
134.556,0.0,0.4751796875000001,1.57663e-08
134.556,0.0,0.4749296875000001,1.57257e-08
134.556,0.0,0.4746796875000001,1.56988e-08
134.556,0.0,0.47442968750000014,1.571345e-08
134.556,0.0,0.4741796875000001,1.57294e-08
134.556,0.0,0.47392968750000014,1.5739099999999998e-08
134.556,0.0,0.4736796875000001,1.57112e-08
134.556,0.0,0.47342968750000014,1.5640900000000002e-08
134.556,0.0,0.4731796875000001,1.569885e-08
134.556,0.0,0.47292968750000014,1.57212e-08
134.556,0.0,0.4726796875000001,1.571165e-08
134.556,0.0,0.47242968750000014,1.574535e-08
134.556,0.0,0.4721796875000001,1.57558e-08
134.556,0.0,0.47192968750000014,1.573295e-08
134.556,0.0,0.4716796875000001,1.5738599999999998e-08
134.556,0.0,0.47142968750000014,1.57054e-08
134.556,0.0,0.4711796875000001,1.57944e-08
134.556,0.0,0.47092968750000014,1.5789966666666668e-08
134.556,0.0,0.4706796875000001,1.5773200000000006e-08
134.556,0.0,0.47042968750000014,1.57654e-08
134.556,0.0,0.4701796875000001,1.579685e-08
134.556,0.0,0.46992968750000014,1.56783e-08
134.556,0.0,0.4696796875000001,1.5807450000000002e-08
134.556,0.0,0.46942968750000014,1.56368e-08
134.556,0.0,0.4691796875000001,1.57024e-08
134.556,0.0,0.46892968750000014,1.5658666666666672e-08
134.556,0.0,0.4686796875000001,1.56482e-08
134.556,0.0,0.46842968750000014,1.56013e-08
134.556,0.0,0.4681796875000001,1.56285e-08
134.556,0.0,0.46792968750000014,1.5619600000000002e-08
134.556,0.0,0.4676796875000001,1.5662700000000003e-08
134.556,0.0,0.46742968750000014,1.56119e-08
134.556,0.0,0.4671796875000001,1.576065e-08
134.556,0.0,0.46692968750000013,1.570835e-08
134.556,0.0,0.4666796875000001,1.5824499999999997e-08
134.556,0.0,0.46642968750000013,1.5770750000000002e-08
134.556,0.0,0.4661796875000001,1.5753899999999998e-08
134.556,0.0,0.46592968750000013,1.5797e-08
134.556,0.0,0.4656796875000001,1.5888499999999997e-08
134.556,0.0,0.46542968750000013,1.5793e-08
134.556,0.0,0.4651796875000001,1.582695e-08
134.556,0.0,0.46492968750000013,1.581205e-08
134.556,0.0,0.4646796875000001,1.580945e-08
134.556,0.0,0.46442968750000013,1.5850050000000002e-08
134.556,0.0,0.4641796875000001,1.58996e-08
134.556,0.0,0.46392968750000013,1.579135e-08
134.556,0.0,0.4636796875000001,1.582555e-08
134.556,0.0,0.46342968750000013,1.58163e-08
134.556,0.0,0.4631796875000001,1.5756e-08
134.556,0.0,0.46292968750000013,1.579835e-08
134.556,0.0,0.4626796875000001,1.57984e-08
134.556,0.0,0.46242968750000013,1.578165e-08
134.556,0.0,0.4621796875000001,1.5720249999999998e-08
134.556,0.0,0.46192968750000013,1.5773849999999998e-08
134.556,0.0,0.4616796875000001,1.5774e-08
134.556,0.0,0.46142968750000013,1.57039e-08
134.556,0.0,0.4611796875000001,1.5686800000000006e-08
134.556,0.0,0.46092968750000013,1.57745e-08
134.556,0.0,0.4606796875000001,1.56565e-08
134.556,0.0,0.46042968750000013,1.56976e-08
134.556,0.0,0.4601796875000001,1.561355e-08
134.556,0.0,0.45992968750000013,1.56107e-08
134.556,0.0,0.4596796875000001,1.5648566666666672e-08
134.556,0.0,0.45942968750000013,1.57152e-08
134.556,0.0,0.4591796875000001,1.56761e-08
134.556,0.0,0.4589296875000001,1.561295e-08
134.556,0.0,0.4586796875000001,1.5617449999999998e-08
134.556,0.0,0.4584296875000001,1.57635e-08
134.556,0.0,0.4581796875000001,1.56829e-08
134.556,0.0,0.4579296875000001,1.570475e-08
134.556,0.0,0.4576796875000001,1.57507e-08
134.556,0.0,0.4574296875000001,1.578785e-08
134.556,0.0,0.4571796875000001,1.566975e-08
134.556,0.0,0.4569296875000001,1.5706500000000002e-08
134.556,0.0,0.4566796875000001,1.570485e-08
134.556,0.0,0.4564296875000001,1.56026e-08
134.556,0.0,0.4561796875000001,1.5713350000000002e-08
134.556,0.0,0.4559296875000001,1.56765e-08
134.556,0.0,0.4556796875000001,1.563925e-08
134.556,0.0,0.4554296875000001,1.56097e-08
134.556,0.0,0.4551796875000001,1.56909e-08
134.556,0.0,0.4549296875000001,1.556303333333333e-08
134.556,0.0,0.4546796875000001,1.56036e-08
134.556,0.0,0.4544296875000001,1.56036e-08
134.556,0.0,0.4541796875000001,1.55796e-08
134.556,0.0,0.4539296875000001,1.56458e-08
134.556,0.0,0.4536796875000001,1.5667950000000002e-08
134.556,0.0,0.4534296875000001,1.56883e-08
134.556,0.0,0.4531796875000001,1.567365e-08
134.556,0.0,0.4529296875000001,1.564485e-08
134.556,0.0,0.4526796875000001,1.567475e-08
134.556,0.0,0.4524296875000001,1.5684e-08
134.556,0.0,0.4521796875000001,1.559015e-08
134.556,0.0,0.4519296875000001,1.568045e-08
134.556,0.0,0.4516796875000001,1.573465e-08
134.556,0.0,0.4514296875000001,1.55669e-08
134.556,0.0,0.4511796875000001,1.56301e-08
134.556,0.0,0.4509296875000001,1.56857e-08
134.556,0.0,0.4506796875000001,1.560425e-08
134.556,0.0,0.4504296875000001,1.55516e-08
134.556,0.0,0.4501796875000001,1.55575e-08
134.556,0.0,0.4499296875000001,1.556795e-08
134.556,0.0,0.4496796875000001,1.55059e-08
134.556,0.0,0.4494296875000001,1.54771e-08
134.556,0.0,0.4491796875000001,1.551205e-08
134.556,0.0,0.4489296875000001,1.553425e-08
134.556,0.0,0.4486796875000001,1.545285e-08
134.556,0.0,0.4484296875000001,1.547255e-08
134.556,0.0,0.4481796875000001,1.548e-08
134.556,0.0,0.4479296875000001,1.5488050000000002e-08
134.556,0.0,0.4476796875000001,1.54458e-08
134.556,0.0,0.4474296875000001,1.5449250000000002e-08
134.556,0.0,0.4471796875000001,1.5547900000000006e-08
134.556,0.0,0.4469296875000001,1.5565150000000002e-08
134.556,0.0,0.4466796875000001,1.55807e-08
134.556,0.0,0.4464296875000001,1.5512533333333334e-08
134.556,0.0,0.4461796875000001,1.55943e-08
134.556,0.0,0.4459296875000001,1.552515e-08
134.556,0.0,0.4456796875000001,1.55085e-08
134.556,0.0,0.4454296875000001,1.563755e-08
134.556,0.0,0.4451796875000001,1.5622349999999998e-08
134.556,0.0,0.4449296875000001,1.552225e-08
134.556,0.0,0.4446796875000001,1.56631e-08
134.556,0.0,0.4444296875000001,1.556575e-08
134.556,0.0,0.4441796875000001,1.55103e-08
134.556,0.0,0.4439296875000001,1.5601700000000003e-08
134.556,0.0,0.4436796875000001,1.5603e-08
134.556,0.0,0.4434296875000001,1.551715e-08
134.556,0.0,0.44317968750000014,1.557635e-08
134.556,0.0,0.4429296875000001,1.5512449999999998e-08
134.556,0.0,0.44267968750000014,1.55478e-08
134.556,0.0,0.4424296875000001,1.55368e-08
134.556,0.0,0.44217968750000014,1.552655e-08
134.556,0.0,0.4419296875000001,1.55582e-08
134.556,0.0,0.44167968750000014,1.5566000000000002e-08
134.556,0.0,0.4414296875000001,1.55399e-08
134.556,0.0,0.44117968750000014,1.55486e-08
134.556,0.0,0.4409296875000001,1.550435e-08
134.556,0.0,0.44067968750000014,1.55847e-08
134.556,0.0,0.4404296875000001,1.54966e-08
134.556,0.0,0.44017968750000014,1.553245e-08
134.556,0.0,0.4399296875000001,1.556455e-08
134.556,0.0,0.43967968750000014,1.55526e-08
134.556,0.0,0.4394296875000001,1.5528550000000002e-08
134.556,0.0,0.43917968750000014,1.5552449999999997e-08
134.556,0.0,0.4389296875000001,1.5558900000000002e-08
134.556,0.0,0.43867968750000014,1.54284e-08
134.556,0.0,0.4384296875000001,1.55088e-08
134.556,0.0,0.43817968750000014,1.556175e-08
134.556,0.0,0.4379296875000001,1.5502399999999997e-08
134.556,0.0,0.43767968750000014,1.55827e-08
134.556,0.0,0.4374296875000001,1.545955e-08
134.556,0.0,0.43717968750000014,1.55068e-08
134.556,0.0,0.4369296875000001,1.5504133333333333e-08
134.556,0.0,0.43667968750000014,1.55661e-08
134.556,0.0,0.4364296875000001,1.547375e-08
134.556,0.0,0.43617968750000014,1.55143e-08
134.556,0.0,0.4359296875000001,1.552075e-08
134.556,0.0,0.43567968750000013,1.53735e-08
134.556,0.0,0.4354296875000001,1.542255e-08
134.556,0.0,0.43517968750000013,1.53886e-08
134.556,0.0,0.4349296875000001,1.537745e-08
134.556,0.0,0.43467968750000013,1.546425e-08
134.556,0.0,0.4344296875000001,1.54833e-08
134.556,0.0,0.43417968750000013,1.54773e-08
134.556,0.0,0.4339296875000001,1.5518799999999997e-08
134.556,0.0,0.43367968750000013,1.55086e-08
134.556,0.0,0.4334296875000001,1.5480999999999998e-08
134.556,0.0,0.43317968750000013,1.5468100000000002e-08
134.556,0.0,0.4329296875000001,1.5441e-08
134.556,0.0,0.43267968750000013,1.5506e-08
134.556,0.0,0.4324296875000001,1.54412e-08
134.556,0.0,0.43217968750000013,1.55186e-08
134.556,0.0,0.4319296875000001,1.55314e-08
134.556,0.0,0.43167968750000013,1.54549e-08
134.556,0.0,0.4314296875000001,1.553405e-08
134.556,0.0,0.43117968750000013,1.548875e-08
134.556,0.0,0.4309296875000001,1.55679e-08
134.556,0.0,0.43067968750000013,1.5496e-08
134.556,0.0,0.4304296875000001,1.5480633333333333e-08
134.556,0.0,0.43017968750000013,1.56592e-08
134.556,0.0,0.4299296875000001,1.566e-08
134.556,0.0,0.42967968750000013,1.551765e-08
134.556,0.0,0.4294296875000001,1.561465e-08
134.556,0.0,0.42917968750000013,1.565835e-08
134.556,0.0,0.4289296875000001,1.56338e-08
134.556,0.0,0.42867968750000013,1.566385e-08
134.556,0.0,0.4284296875000001,1.5589200000000002e-08
134.556,0.0,0.42817968750000013,1.558985e-08
134.556,0.0,0.4279296875000001,1.55862e-08
134.556,0.0,0.4276796875000001,1.557275e-08
134.556,0.0,0.4274296875000001,1.55969e-08
134.556,0.0,0.4271796875000001,1.5601299999999998e-08
134.556,0.0,0.4269296875000001,1.56025e-08
134.556,0.0,0.4266796875000001,1.555e-08
134.556,0.0,0.4264296875000001,1.55867e-08
134.556,0.0,0.4261796875000001,1.55337e-08
134.556,0.0,0.4259296875000001,1.55128e-08
134.556,0.0,0.4256796875000001,1.56749e-08
134.556,0.0,0.4254296875000001,1.558875e-08
134.556,0.0,0.4251796875000001,1.554845e-08
134.556,0.0,0.4249296875000001,1.55875e-08
134.556,0.0,0.4246796875000001,1.56017e-08
134.556,0.0,0.4244296875000001,1.56015e-08
134.556,0.0,0.4241796875000001,1.564255e-08
134.556,0.0,0.4239296875000001,1.5567350000000002e-08
134.556,0.0,0.4236796875000001,1.554865e-08
134.556,0.0,0.4234296875000001,1.55889e-08
134.556,0.0,0.4231796875000001,1.555045e-08
134.556,0.0,0.4229296875000001,1.54843e-08
134.556,0.0,0.4226796875000001,1.55866e-08
134.556,0.0,0.4224296875000001,1.550365e-08
134.556,0.0,0.4221796875000001,1.558495e-08
134.556,0.0,0.4219296875000001,1.5545e-08
134.556,0.0,0.4216796875000001,1.552075e-08
134.556,0.0,0.4214296875000001,1.5550566666666667e-08
134.556,0.0,0.4211796875000001,1.549815e-08
134.556,0.0,0.4209296875000001,1.54988e-08
134.556,0.0,0.4206796875000001,1.555065e-08
134.556,0.0,0.4204296875000001,1.546535e-08
134.556,0.0,0.4201796875000001,1.54503e-08
134.556,0.0,0.4199296875000001,1.54895e-08
134.556,0.0,0.4196796875000001,1.5535650000000002e-08
134.556,0.0,0.4194296875000001,1.54655e-08
134.556,0.0,0.4191796875000001,1.547665e-08
134.556,0.0,0.4189296875000001,1.54159e-08
134.556,0.0,0.4186796875000001,1.54106e-08
134.556,0.0,0.4184296875000001,1.54962e-08
134.556,0.0,0.4181796875000001,1.535445e-08
134.556,0.0,0.4179296875000001,1.54193e-08
134.556,0.0,0.4176796875000001,1.53729e-08
134.556,0.0,0.4174296875000001,1.535945e-08
134.556,0.0,0.4171796875000001,1.5345250000000003e-08
134.556,0.0,0.4169296875000001,1.52633e-08
134.556,0.0,0.4166796875000001,1.528315e-08
134.556,0.0,0.4164296875000001,1.528055e-08
134.556,0.0,0.4161796875000001,1.533495e-08
134.556,0.0,0.4159296875000001,1.53721e-08
134.556,0.0,0.4156796875000001,1.52706e-08
134.556,0.0,0.4154296875000001,1.5347e-08
134.556,0.0,0.4151796875000001,1.528795e-08
134.556,0.0,0.4149296875000001,1.52926e-08
134.556,0.0,0.4146796875000001,1.53348e-08
134.556,0.0,0.4144296875000001,1.5364633333333333e-08
134.556,0.0,0.4141796875000001,1.53349e-08
134.556,0.0,0.4139296875000001,1.5381499999999998e-08
134.556,0.0,0.4136796875000001,1.53222e-08
134.556,0.0,0.4134296875000001,1.53872e-08
134.556,0.0,0.4131796875000001,1.5394349999999998e-08
134.556,0.0,0.4129296875000001,1.55066e-08
134.556,0.0,0.4126796875000001,1.53862e-08
134.556,0.0,0.4124296875000001,1.540165e-08
134.556,0.0,0.4121796875000001,1.5330300000000002e-08
134.556,0.0,0.41192968750000014,1.52982e-08
134.556,0.0,0.4116796875000001,1.533975e-08
134.556,0.0,0.41142968750000014,1.5307900000000002e-08
134.556,0.0,0.4111796875000001,1.53968e-08
134.556,0.0,0.41092968750000014,1.532415e-08
134.556,0.0,0.4106796875000001,1.535625e-08
134.556,0.0,0.41042968750000014,1.52941e-08
134.556,0.0,0.4101796875000001,1.5313900000000002e-08
134.556,0.0,0.40992968750000014,1.5253249999999998e-08
134.556,0.0,0.4096796875000001,1.5324200000000003e-08
134.556,0.0,0.40942968750000014,1.537155e-08
134.556,0.0,0.4091796875000001,1.53121e-08
134.556,0.0,0.40892968750000014,1.537975e-08
134.556,0.0,0.4086796875000001,1.532405e-08
134.556,0.0,0.40842968750000014,1.53803e-08
134.556,0.0,0.4081796875000001,1.5361299999999997e-08
134.556,0.0,0.40792968750000014,1.5430650000000002e-08
134.556,0.0,0.4076796875000001,1.5349549999999997e-08
134.556,0.0,0.40742968750000014,1.53245e-08
134.556,0.0,0.4071796875000001,1.53752e-08
134.556,0.0,0.40692968750000014,1.542305e-08
134.556,0.0,0.4066796875000001,1.54104e-08
134.556,0.0,0.40642968750000014,1.5320400000000003e-08
134.556,0.0,0.4061796875000001,1.53021e-08
134.556,0.0,0.40592968750000014,1.541155e-08
134.556,0.0,0.4056796875000001,1.5452033333333338e-08
134.556,0.0,0.40542968750000014,1.52951e-08
134.556,0.0,0.4051796875000001,1.5402e-08
134.556,0.0,0.40492968750000014,1.5354900000000002e-08
134.556,0.0,0.4046796875000001,1.53796e-08
134.556,0.0,0.40442968750000013,1.54054e-08
134.556,0.0,0.4041796875000001,1.54154e-08
134.556,0.0,0.40392968750000013,1.54199e-08
134.556,0.0,0.4036796875000001,1.539405e-08
134.556,0.0,0.40342968750000013,1.545e-08
134.556,0.0,0.4031796875000001,1.54027e-08
134.556,0.0,0.40292968750000013,1.5379e-08
134.556,0.0,0.4026796875000001,1.5382849999999998e-08
134.556,0.0,0.40242968750000013,1.53708e-08
134.556,0.0,0.4021796875000001,1.53906e-08
134.556,0.0,0.40192968750000013,1.54705e-08
134.556,0.0,0.4016796875000001,1.5502149999999997e-08
134.556,0.0,0.40142968750000013,1.550115e-08
134.556,0.0,0.4011796875000001,1.547235e-08
134.556,0.0,0.40092968750000013,1.539935e-08
134.556,0.0,0.4006796875000001,1.53927e-08
134.556,0.0,0.40042968750000013,1.5365599999999998e-08
134.556,0.0,0.4001796875000001,1.53568e-08
134.556,0.0,0.39992968750000013,1.53218e-08
134.556,0.0,0.3996796875000001,1.53143e-08
134.556,0.0,0.39942968750000013,1.541835e-08
134.556,0.0,0.3991796875000001,1.54953e-08
134.556,0.0,0.39892968750000013,1.54422e-08
134.556,0.0,0.3986796875000001,1.5463950000000003e-08
134.556,0.0,0.39842968750000013,1.5367e-08
134.556,0.0,0.3981796875000001,1.53523e-08
134.556,0.0,0.39792968750000013,1.54621e-08
134.556,0.0,0.3976796875000001,1.54185e-08
134.556,0.0,0.39742968750000013,1.5376599999999998e-08
134.556,0.0,0.3971796875000001,1.54129e-08
134.556,0.0,0.39692968750000013,1.537975e-08
134.556,0.0,0.3966796875000001,1.54155e-08
134.556,0.0,0.3964296875000001,1.543985e-08
134.556,0.0,0.3961796875000001,1.5444850000000002e-08
134.556,0.0,0.3959296875000001,1.5406349999999998e-08
134.556,0.0,0.3956796875000001,1.542535e-08
134.556,0.0,0.3954296875000001,1.54434e-08
134.556,0.0,0.3951796875000001,1.54557e-08
134.556,0.0,0.3949296875000001,1.53644e-08
134.556,0.0,0.3946796875000001,1.5486499999999998e-08
134.556,0.0,0.3944296875000001,1.542205e-08
134.556,0.0,0.3941796875000001,1.5487949999999997e-08
134.556,0.0,0.3939296875000001,1.5493849999999998e-08
134.556,0.0,0.3936796875000001,1.541765e-08
134.556,0.0,0.3934296875000001,1.54133e-08
134.556,0.0,0.3931796875000001,1.54836e-08
134.556,0.0,0.3929296875000001,1.5508850000000002e-08
134.556,0.0,0.3926796875000001,1.5471650000000002e-08
134.556,0.0,0.3924296875000001,1.544785e-08
134.556,0.0,0.3921796875000001,1.5396e-08
134.556,0.0,0.3919296875000001,1.5440866666666667e-08
134.556,0.0,0.3916796875000001,1.54743e-08
134.556,0.0,0.3914296875000001,1.54761e-08
134.556,0.0,0.3911796875000001,1.54408e-08
134.556,0.0,0.3909296875000001,1.5429349999999998e-08
134.556,0.0,0.3906796875000001,1.5493450000000003e-08
134.556,0.0,0.3904296875000001,1.54396e-08
134.556,0.0,0.3901796875000001,1.546315e-08
134.556,0.0,0.3899296875000001,1.5477166666666668e-08
134.556,0.0,0.3896796875000001,1.5486450000000002e-08
134.556,0.0,0.3894296875000001,1.54681e-08
134.556,0.0,0.3891796875000001,1.53415e-08
134.556,0.0,0.3889296875000001,1.5423349999999998e-08
134.556,0.0,0.3886796875000001,1.52644e-08
134.556,0.0,0.3884296875000001,1.52747e-08
134.556,0.0,0.3881796875000001,1.53297e-08
134.556,0.0,0.3879296875000001,1.5286066666666665e-08
134.556,0.0,0.3876796875000001,1.529925e-08
134.556,0.0,0.3874296875000001,1.5303e-08
134.556,0.0,0.3871796875000001,1.5325e-08
134.556,0.0,0.3869296875000001,1.518225e-08
134.556,0.0,0.3866796875000001,1.5217350000000002e-08
134.556,0.0,0.3864296875000001,1.52372e-08
134.556,0.0,0.3861796875000001,1.5213599999999998e-08
134.556,0.0,0.3859296875000001,1.51971e-08
134.556,0.0,0.3856796875000001,1.51986e-08
134.556,0.0,0.3854296875000001,1.52739e-08
134.556,0.0,0.3851796875000001,1.52867e-08
134.556,0.0,0.3849296875000001,1.5275649999999998e-08
134.556,0.0,0.3846796875000001,1.5274299999999998e-08
134.556,0.0,0.3844296875000001,1.52053e-08
134.556,0.0,0.3841796875000001,1.52412e-08
134.556,0.0,0.3839296875000001,1.5263649999999998e-08
134.556,0.0,0.3836796875000001,1.51774e-08
134.556,0.0,0.3834296875000001,1.5268e-08
134.556,0.0,0.3831796875000001,1.5171433333333335e-08
134.556,0.0,0.3829296875000001,1.5275399999999998e-08
134.556,0.0,0.3826796875000001,1.52481e-08
134.556,0.0,0.3824296875000001,1.51621e-08
134.556,0.0,0.3821796875000001,1.51198e-08
134.556,0.0,0.3819296875000001,1.516235e-08
134.556,0.0,0.3816796875000001,1.525575e-08
134.556,0.0,0.3814296875000001,1.52099e-08
134.556,0.0,0.3811796875000001,1.5118499999999997e-08
134.556,0.0,0.3809296875000001,1.511145e-08
134.556,0.0,0.38067968750000014,1.5191866666666666e-08
134.556,0.0,0.3804296875000001,1.50475e-08
134.556,0.0,0.38017968750000014,1.517135e-08
134.556,0.0,0.3799296875000001,1.5237050000000002e-08
134.556,0.0,0.37967968750000014,1.517525e-08
134.556,0.0,0.3794296875000001,1.51838e-08
134.556,0.0,0.37917968750000014,1.508185e-08
134.556,0.0,0.3789296875000001,1.5061349999999997e-08
134.556,0.0,0.37867968750000014,1.50338e-08
134.556,0.0,0.3784296875000001,1.49889e-08
134.556,0.0,0.37817968750000014,1.50249e-08
134.556,0.0,0.3779296875000001,1.506725e-08
134.556,0.0,0.37767968750000014,1.49258e-08
134.556,0.0,0.3774296875000001,1.50474e-08
134.556,0.0,0.37717968750000014,1.4961100000000003e-08
134.556,0.0,0.3769296875000001,1.50879e-08
134.556,0.0,0.37667968750000014,1.50996e-08
134.556,0.0,0.3764296875000001,1.50404e-08
134.556,0.0,0.37617968750000014,1.51233e-08
134.556,0.0,0.3759296875000001,1.504335e-08
134.556,0.0,0.37567968750000014,1.49861e-08
134.556,0.0,0.3754296875000001,1.496575e-08
134.556,0.0,0.37517968750000014,1.5130999999999998e-08
134.556,0.0,0.3749296875000001,1.50466e-08
134.556,0.0,0.37467968750000014,1.5067550000000002e-08
134.556,0.0,0.3744296875000001,1.50675e-08
134.556,0.0,0.37417968750000014,1.506115e-08
134.556,0.0,0.3739296875000001,1.5145549999999998e-08
134.556,0.0,0.37367968750000014,1.512295e-08
134.556,0.0,0.3734296875000001,1.50488e-08
134.556,0.0,0.37317968750000013,1.51669e-08
134.556,0.0,0.3729296875000001,1.51778e-08
134.556,0.0,0.37267968750000013,1.52432e-08
134.556,0.0,0.3724296875000001,1.516785e-08
134.556,0.0,0.37217968750000013,1.49968e-08
134.556,0.0,0.3719296875000001,1.52474e-08
134.556,0.0,0.37167968750000013,1.51523e-08
134.556,0.0,0.3714296875000001,1.527155e-08
134.556,0.0,0.37117968750000013,1.525715e-08
134.556,0.0,0.3709296875000001,1.51462e-08
134.556,0.0,0.37067968750000013,1.51186e-08
134.556,0.0,0.3704296875000001,1.51809e-08
134.556,0.0,0.37017968750000013,1.52133e-08
134.556,0.0,0.3699296875000001,1.52333e-08
134.556,0.0,0.36967968750000013,1.5216899999999998e-08
134.556,0.0,0.3694296875000001,1.5108849999999998e-08
134.556,0.0,0.36917968750000013,1.52257e-08
134.556,0.0,0.3689296875000001,1.51426e-08
134.556,0.0,0.36867968750000013,1.51693e-08
134.556,0.0,0.3684296875000001,1.52178e-08
134.556,0.0,0.36817968750000013,1.52142e-08
134.556,0.0,0.3679296875000001,1.52336e-08
134.556,0.0,0.36767968750000013,1.53177e-08
134.556,0.0,0.3674296875000001,1.5331400000000002e-08
134.556,0.0,0.36717968750000013,1.52052e-08
134.556,0.0,0.3669296875000001,1.53124e-08
134.556,0.0,0.36667968750000013,1.51914e-08
134.556,0.0,0.3664296875000001,1.5223149999999998e-08
134.556,0.0,0.36617968750000013,1.523625e-08
134.556,0.0,0.3659296875000001,1.51783e-08
134.556,0.0,0.36567968750000013,1.52398e-08
134.556,0.0,0.3654296875000001,1.519265e-08
134.556,0.0,0.3651796875000001,1.5255e-08
134.556,0.0,0.3649296875000001,1.5226233333333334e-08
134.556,0.0,0.3646796875000001,1.52695e-08
134.556,0.0,0.3644296875000001,1.53206e-08
134.556,0.0,0.3641796875000001,1.521445e-08
134.556,0.0,0.3639296875000001,1.5154249999999998e-08
134.556,0.0,0.3636796875000001,1.52135e-08
134.556,0.0,0.3634296875000001,1.5294200000000002e-08
134.556,0.0,0.3631796875000001,1.52419e-08
134.556,0.0,0.3629296875000001,1.52121e-08
134.556,0.0,0.3626796875000001,1.519225e-08
134.556,0.0,0.3624296875000001,1.510025e-08
134.556,0.0,0.3621796875000001,1.5139199999999998e-08
134.556,0.0,0.3619296875000001,1.52551e-08
134.556,0.0,0.3616796875000001,1.50588e-08
134.556,0.0,0.3614296875000001,1.521875e-08
134.556,0.0,0.3611796875000001,1.526445e-08
134.556,0.0,0.3609296875000001,1.51858e-08
134.556,0.0,0.3606796875000001,1.5315299999999998e-08
134.556,0.0,0.3604296875000001,1.528375e-08
134.556,0.0,0.3601796875000001,1.52391e-08
134.556,0.0,0.3599296875000001,1.52649e-08
134.556,0.0,0.3596796875000001,1.5295e-08
134.556,0.0,0.3594296875000001,1.515805e-08
134.556,0.0,0.3591796875000001,1.5175649999999997e-08
134.556,0.0,0.3589296875000001,1.5154849999999998e-08
134.556,0.0,0.3586796875000001,1.51979e-08
134.556,0.0,0.3584296875000001,1.4999833333333334e-08
134.556,0.0,0.3581796875000001,1.5237e-08
134.556,0.0,0.3579296875000001,1.5105e-08
134.556,0.0,0.3576796875000001,1.5172450000000003e-08
134.556,0.0,0.3574296875000001,1.5167099999999998e-08
134.556,0.0,0.3571796875000001,1.513945e-08
134.556,0.0,0.3569296875000001,1.5139549999999997e-08
134.556,0.0,0.3566796875000001,1.51717e-08
134.556,0.0,0.3564296875000001,1.521145e-08
134.556,0.0,0.3561796875000001,1.5031749999999998e-08
134.556,0.0,0.3559296875000001,1.50817e-08
134.556,0.0,0.3556796875000001,1.516025e-08
134.556,0.0,0.3554296875000001,1.513395e-08
134.556,0.0,0.3551796875000001,1.52386e-08
134.556,0.0,0.3549296875000001,1.4998e-08
134.556,0.0,0.3546796875000001,1.49946e-08
134.556,0.0,0.3544296875000001,1.51905e-08
134.556,0.0,0.3541796875000001,1.5197400000000002e-08
134.556,0.0,0.3539296875000001,1.5027e-08
134.556,0.0,0.3536796875000001,1.5072450000000002e-08
134.556,0.0,0.3534296875000001,1.50438e-08
134.556,0.0,0.3531796875000001,1.501345e-08
134.556,0.0,0.3529296875000001,1.50136e-08
134.556,0.0,0.3526796875000001,1.49452e-08
134.556,0.0,0.3524296875000001,1.498735e-08
134.556,0.0,0.3521796875000001,1.5114099999999998e-08
134.556,0.0,0.3519296875000001,1.49827e-08
134.556,0.0,0.3516796875000001,1.5107733333333332e-08
134.556,0.0,0.3514296875000001,1.51911e-08
134.556,0.0,0.3511796875000001,1.50848e-08
134.556,0.0,0.3509296875000001,1.53656e-08
134.556,0.0,0.3506796875000001,1.5060999999999998e-08
134.556,0.0,0.3504296875000001,1.5129e-08
134.556,0.0,0.3501796875000001,1.503315e-08
134.556,0.0,0.3499296875000001,1.53089e-08
134.556,0.0,0.3496796875000001,1.5148200000000002e-08
134.556,0.0,0.34942968750000014,1.5001166666666668e-08
134.556,0.0,0.3491796875000001,1.5131849999999998e-08
134.556,0.0,0.34892968750000014,1.52e-08
134.556,0.0,0.3486796875000001,1.5156699999999998e-08
134.556,0.0,0.34842968750000014,1.5146850000000002e-08
134.556,0.0,0.3481796875000001,1.509535e-08
134.556,0.0,0.34792968750000014,1.51853e-08
134.556,0.0,0.3476796875000001,1.51576e-08
134.556,0.0,0.34742968750000014,1.530725e-08
134.556,0.0,0.3471796875000001,1.522905e-08
134.556,0.0,0.34692968750000014,1.5246999999999997e-08
134.556,0.0,0.3466796875000001,1.517535e-08
134.556,0.0,0.34642968750000014,1.507445e-08
134.556,0.0,0.3461796875000001,1.527225e-08
134.556,0.0,0.34592968750000014,1.53725e-08
134.556,0.0,0.3456796875000001,1.541265e-08
134.556,0.0,0.34542968750000014,1.524165e-08
134.556,0.0,0.3451796875000001,1.53092e-08
134.556,0.0,0.34492968750000014,1.522095e-08
134.556,0.0,0.3446796875000001,1.5266300000000002e-08
134.556,0.0,0.34442968750000014,1.5231050000000002e-08
134.556,0.0,0.3441796875000001,1.52197e-08
134.556,0.0,0.34392968750000014,1.53364e-08
134.556,0.0,0.3436796875000001,1.515385e-08
134.556,0.0,0.34342968750000014,1.51571e-08
134.556,0.0,0.3431796875000001,1.5070049999999998e-08
134.556,0.0,0.34292968750000014,1.51085e-08
134.556,0.0,0.3426796875000001,1.523445e-08
134.556,0.0,0.34242968750000014,1.5216233333333333e-08
134.556,0.0,0.3421796875000001,1.5239250000000002e-08
134.556,0.0,0.34192968750000013,1.5433e-08
134.556,0.0,0.3416796875000001,1.505895e-08
134.556,0.0,0.34142968750000013,1.5130100000000006e-08
134.556,0.0,0.3411796875000001,1.5298000000000002e-08
134.556,0.0,0.34092968750000013,1.51861e-08
134.556,0.0,0.3406796875000001,1.514795e-08
134.556,0.0,0.34042968750000013,1.52085e-08
134.556,0.0,0.3401796875000001,1.521415e-08
134.556,0.0,0.33992968750000013,1.5209799999999998e-08
134.556,0.0,0.3396796875000001,1.526975e-08
134.556,0.0,0.33942968750000013,1.514125e-08
134.556,0.0,0.3391796875000001,1.51446e-08
134.556,0.0,0.33892968750000013,1.53241e-08
134.556,0.0,0.3386796875000001,1.51817e-08
134.556,0.0,0.33842968750000013,1.5184099999999998e-08
134.556,0.0,0.3381796875000001,1.529465e-08
134.556,0.0,0.33792968750000013,1.515585e-08
134.556,0.0,0.3376796875000001,1.5168199999999998e-08
134.556,0.0,0.33742968750000013,1.518e-08
134.556,0.0,0.3371796875000001,1.52255e-08
134.556,0.0,0.33692968750000013,1.529955e-08
134.556,0.0,0.3366796875000001,1.51789e-08
134.556,0.0,0.33642968750000013,1.52582e-08
134.556,0.0,0.3361796875000001,1.5244e-08
134.556,0.0,0.33592968750000013,1.52975e-08
134.556,0.0,0.3356796875000001,1.51477e-08
134.556,0.0,0.33542968750000013,1.5280066666666668e-08
134.556,0.0,0.3351796875000001,1.53114e-08
134.556,0.0,0.33492968750000013,1.5309299999999998e-08
134.556,0.0,0.3346796875000001,1.52422e-08
134.556,0.0,0.33442968750000013,1.535755e-08
134.556,0.0,0.3341796875000001,1.54367e-08
134.556,0.0,0.3339296875000001,1.531915e-08
134.556,0.0,0.3336796875000001,1.53322e-08
134.556,0.0,0.3334296875000001,1.542645e-08
134.556,0.0,0.3331796875000001,1.53331e-08
134.556,0.0,0.3329296875000001,1.5509149999999998e-08
134.556,0.0,0.3326796875000001,1.5248599999999998e-08
134.556,0.0,0.3324296875000001,1.53866e-08
134.556,0.0,0.3321796875000001,1.53666e-08
134.556,0.0,0.3319296875000001,1.534715e-08
134.556,0.0,0.3316796875000001,1.5399599999999997e-08
134.556,0.0,0.3314296875000001,1.55136e-08
134.556,0.0,0.3311796875000001,1.546485e-08
134.556,0.0,0.3309296875000001,1.545235e-08
134.556,0.0,0.3306796875000001,1.55311e-08
134.556,0.0,0.3304296875000001,1.5609499999999998e-08
134.556,0.0,0.3301796875000001,1.54927e-08
134.556,0.0,0.3299296875000001,1.551175e-08
134.556,0.0,0.3296796875000001,1.5562499999999998e-08
134.556,0.0,0.3294296875000001,1.559595e-08
134.556,0.0,0.3291796875000001,1.56158e-08
134.556,0.0,0.3289296875000001,1.56071e-08
134.556,0.0,0.3286796875000001,1.565855e-08
134.556,0.0,0.3284296875000001,1.5748999999999998e-08
134.556,0.0,0.3281796875000001,1.55856e-08
134.556,0.0,0.3279296875000001,1.562965e-08
134.556,0.0,0.3276796875000001,1.564655e-08
134.556,0.0,0.3274296875000001,1.576175e-08
134.556,0.0,0.3271796875000001,1.56827e-08
134.556,0.0,0.3269296875000001,1.5678666666666665e-08
134.556,0.0,0.3266796875000001,1.5605300000000003e-08
134.556,0.0,0.3264296875000001,1.56136e-08
134.556,0.0,0.3261796875000001,1.55472e-08
134.556,0.0,0.3259296875000001,1.5636e-08
134.556,0.0,0.3256796875000001,1.5687650000000002e-08
134.556,0.0,0.3254296875000001,1.562815e-08
134.556,0.0,0.3251796875000001,1.5525e-08
134.556,0.0,0.3249296875000001,1.546835e-08
134.556,0.0,0.3246796875000001,1.5512400000000002e-08
134.556,0.0,0.3244296875000001,1.557245e-08
134.556,0.0,0.3241796875000001,1.54112e-08
134.556,0.0,0.3239296875000001,1.5505699999999997e-08
134.556,0.0,0.3236796875000001,1.5451749999999998e-08
134.556,0.0,0.3234296875000001,1.5502500000000003e-08
134.556,0.0,0.3231796875000001,1.57793e-08
134.556,0.0,0.3229296875000001,1.547005e-08
134.556,0.0,0.3226796875000001,1.546475e-08
134.556,0.0,0.3224296875000001,1.549215e-08
134.556,0.0,0.3221796875000001,1.547785e-08
134.556,0.0,0.3219296875000001,1.53665e-08
134.556,0.0,0.3216796875000001,1.5443750000000002e-08
134.556,0.0,0.3214296875000001,1.55182e-08
134.556,0.0,0.3211796875000001,1.57973e-08
134.556,0.0,0.3209296875000001,1.540065e-08
134.556,0.0,0.3206796875000001,1.53284e-08
134.556,0.0,0.3204296875000001,1.54554e-08
134.556,0.0,0.3201796875000001,1.54908e-08
134.556,0.0,0.3199296875000001,1.5433e-08
134.556,0.0,0.3196796875000001,1.543355e-08
134.556,0.0,0.3194296875000001,1.54765e-08
134.556,0.0,0.3191796875000001,1.55193e-08
134.556,0.0,0.3189296875000001,1.5484549999999998e-08
134.556,0.0,0.3186796875000001,1.546735e-08
134.556,0.0,0.3184296875000001,1.547175e-08
134.556,0.0,0.31817968750000014,1.54428e-08
134.556,0.0,0.3179296875000001,1.5569849999999998e-08
134.556,0.0,0.31767968750000014,1.55252e-08
134.556,0.0,0.3174296875000001,1.55662e-08
134.556,0.0,0.31717968750000014,1.55035e-08
134.556,0.0,0.3169296875000001,1.54724e-08
134.556,0.0,0.31667968750000014,1.5561649999999998e-08
134.556,0.0,0.3164296875000001,1.54874e-08
134.556,0.0,0.31617968750000014,1.5555000000000003e-08
134.556,0.0,0.3159296875000001,1.545265e-08
134.556,0.0,0.31567968750000014,1.5559400000000002e-08
134.556,0.0,0.3154296875000001,1.55945e-08
134.556,0.0,0.31517968750000014,1.5604e-08
134.556,0.0,0.3149296875000001,1.5520149999999998e-08
134.556,0.0,0.31467968750000014,1.552975e-08
134.556,0.0,0.3144296875000001,1.54554e-08
134.556,0.0,0.31417968750000014,1.54427e-08
134.556,0.0,0.3139296875000001,1.5418050000000002e-08
134.556,0.0,0.31367968750000014,1.545205e-08
134.556,0.0,0.3134296875000001,1.54674e-08
134.556,0.0,0.31317968750000014,1.5469200000000002e-08
134.556,0.0,0.3129296875000001,1.544365e-08
134.556,0.0,0.31267968750000014,1.55706e-08
134.556,0.0,0.3124296875000001,1.5604e-08
134.556,0.0,0.31217968750000014,1.5512400000000002e-08
134.556,0.0,0.3119296875000001,1.54502e-08
134.556,0.0,0.31167968750000014,1.54392e-08
134.556,0.0,0.3114296875000001,1.55262e-08
134.556,0.0,0.31117968750000014,1.5498599999999997e-08
134.556,0.0,0.3109296875000001,1.550026666666667e-08
134.556,0.0,0.31067968750000013,1.545625e-08
134.556,0.0,0.3104296875000001,1.53423e-08
134.556,0.0,0.31017968750000013,1.544085e-08
134.556,0.0,0.3099296875000001,1.5463849999999997e-08
134.556,0.0,0.30967968750000013,1.537555e-08
134.556,0.0,0.3094296875000001,1.53887e-08
134.556,0.0,0.30917968750000013,1.54966e-08
134.556,0.0,0.3089296875000001,1.540025e-08
134.556,0.0,0.30867968750000013,1.5537466666666666e-08
134.556,0.0,0.3084296875000001,1.55824e-08
134.556,0.0,0.30817968750000013,1.5451999999999998e-08
134.556,0.0,0.3079296875000001,1.5585999999999998e-08
134.556,0.0,0.30767968750000013,1.555e-08
134.556,0.0,0.3074296875000001,1.54106e-08
134.556,0.0,0.30717968750000013,1.561575e-08
134.556,0.0,0.3069296875000001,1.54268e-08
134.556,0.0,0.30667968750000013,1.548475e-08
134.556,0.0,0.3064296875000001,1.538355e-08
134.556,0.0,0.30617968750000013,1.554285e-08
134.556,0.0,0.3059296875000001,1.562575e-08
134.556,0.0,0.30567968750000013,1.5546e-08
134.556,0.0,0.3054296875000001,1.54374e-08
134.556,0.0,0.30517968750000013,1.5402799999999998e-08
134.556,0.0,0.3049296875000001,1.55082e-08
134.556,0.0,0.30467968750000013,1.555945e-08
134.556,0.0,0.3044296875000001,1.56629e-08
134.556,0.0,0.30417968750000013,1.56628e-08
134.556,0.0,0.3039296875000001,1.543875e-08
134.556,0.0,0.30367968750000013,1.56942e-08
134.556,0.0,0.3034296875000001,1.54699e-08
134.556,0.0,0.30317968750000013,1.554085e-08
134.556,0.0,0.3029296875000001,1.55586e-08
134.556,0.0,0.3026796875000001,1.5563550000000002e-08
134.556,0.0,0.3024296875000001,1.56338e-08
134.556,0.0,0.3021796875000001,1.56553e-08
134.556,0.0,0.3019296875000001,1.56143e-08
134.556,0.0,0.3016796875000001,1.57166e-08
134.556,0.0,0.3014296875000001,1.5706299999999998e-08
134.556,0.0,0.3011796875000001,1.5692050000000002e-08
134.556,0.0,0.3009296875000001,1.56779e-08
134.556,0.0,0.3006796875000001,1.57587e-08
134.556,0.0,0.3004296875000001,1.575e-08
134.556,0.0,0.3001796875000001,1.57105e-08
134.556,0.0,0.2999296875000001,1.57026e-08
134.556,0.0,0.2996796875000001,1.57631e-08
134.556,0.0,0.2994296875000001,1.57373e-08
134.556,0.0,0.2991796875000001,1.5720200000000002e-08
134.556,0.0,0.2989296875000001,1.5747649999999997e-08
134.556,0.0,0.2986796875000001,1.56894e-08
134.556,0.0,0.2984296875000001,1.574225e-08
134.556,0.0,0.2981796875000001,1.58264e-08
134.556,0.0,0.2979296875000001,1.582915e-08
134.556,0.0,0.2976796875000001,1.571725e-08
134.556,0.0,0.2974296875000001,1.5794899999999998e-08
134.556,0.0,0.2971796875000001,1.58788e-08
134.556,0.0,0.2969296875000001,1.5951250000000002e-08
134.556,0.0,0.2966796875000001,1.58309e-08
134.556,0.0,0.2964296875000001,1.57695e-08
134.556,0.0,0.2961796875000001,1.58779e-08
134.556,0.0,0.2959296875000001,1.59808e-08
134.556,0.0,0.2956796875000001,1.57697e-08
134.556,0.0,0.2954296875000001,1.5851049999999997e-08
134.556,0.0,0.2951796875000001,1.5913849999999998e-08
134.556,0.0,0.2949296875000001,1.5837766666666665e-08
134.556,0.0,0.2946796875000001,1.58901e-08
134.556,0.0,0.2944296875000001,1.5920550000000003e-08
134.556,0.0,0.2941796875000001,1.589895e-08
134.556,0.0,0.2939296875000001,1.59323e-08
134.556,0.0,0.2936796875000001,1.58452e-08
134.556,0.0,0.2934296875000001,1.60331e-08
134.556,0.0,0.2931796875000001,1.603915e-08
134.556,0.0,0.2929296875000001,1.602955e-08
134.556,0.0,0.2926796875000001,1.607775e-08
134.556,0.0,0.2924296875000001,1.601845e-08
134.556,0.0,0.2921796875000001,1.603405e-08
134.556,0.0,0.2919296875000001,1.6103000000000002e-08
134.556,0.0,0.2916796875000001,1.60919e-08
134.556,0.0,0.2914296875000001,1.607245e-08
134.556,0.0,0.2911796875000001,1.599365e-08
134.556,0.0,0.2909296875000001,1.606155e-08
134.556,0.0,0.2906796875000001,1.602205e-08
134.556,0.0,0.2904296875000001,1.625475e-08
134.556,0.0,0.2901796875000001,1.61612e-08
134.556,0.0,0.2899296875000001,1.6133350000000002e-08
134.556,0.0,0.2896796875000001,1.61675e-08
134.556,0.0,0.2894296875000001,1.617005e-08
134.556,0.0,0.2891796875000001,1.622825e-08
134.556,0.0,0.2889296875000001,1.61978e-08
134.556,0.0,0.2886796875000001,1.6156600000000002e-08
134.556,0.0,0.2884296875000001,1.6294699999999998e-08
134.556,0.0,0.2881796875000001,1.6267850000000002e-08
134.556,0.0,0.2879296875000001,1.63268e-08
134.556,0.0,0.2876796875000001,1.63287e-08
134.556,0.0,0.2874296875000001,1.62711e-08
134.556,0.0,0.2871796875000001,1.6286200000000002e-08
134.556,0.0,0.28692968750000014,1.6286499999999998e-08
134.556,0.0,0.2866796875000001,1.63678e-08
134.556,0.0,0.28642968750000014,1.646215e-08
134.556,0.0,0.2861796875000001,1.63871e-08
134.556,0.0,0.28592968750000014,1.6423666666666673e-08
134.556,0.0,0.2856796875000001,1.64654e-08
134.556,0.0,0.28542968750000014,1.6430649999999998e-08
134.556,0.0,0.2851796875000001,1.64322e-08
134.556,0.0,0.28492968750000014,1.64837e-08
134.556,0.0,0.2846796875000001,1.64923e-08
134.556,0.0,0.28442968750000014,1.6341549999999997e-08
134.556,0.0,0.2841796875000001,1.650515e-08
134.556,0.0,0.28392968750000014,1.649745e-08
134.556,0.0,0.2836796875000001,1.6517649999999997e-08
134.556,0.0,0.28342968750000014,1.642775e-08
134.556,0.0,0.2831796875000001,1.649235e-08
134.556,0.0,0.28292968750000014,1.65026e-08
134.556,0.0,0.2826796875000001,1.65393e-08
134.556,0.0,0.28242968750000014,1.647855e-08
134.556,0.0,0.2821796875000001,1.65648e-08
134.556,0.0,0.28192968750000014,1.6488000000000002e-08
134.556,0.0,0.2816796875000001,1.65865e-08
134.556,0.0,0.28142968750000014,1.6524100000000002e-08
134.556,0.0,0.2811796875000001,1.650715e-08
134.556,0.0,0.28092968750000014,1.64647e-08
134.556,0.0,0.2806796875000001,1.660035e-08
134.556,0.0,0.28042968750000014,1.6441750000000002e-08
134.556,0.0,0.2801796875000001,1.6490499999999998e-08
134.556,0.0,0.27992968750000014,1.64877e-08
134.556,0.0,0.2796796875000001,1.65353e-08
134.556,0.0,0.27942968750000013,1.6511833333333338e-08
134.556,0.0,0.2791796875000001,1.6528750000000002e-08
134.556,0.0,0.27892968750000013,1.64982e-08
134.556,0.0,0.2786796875000001,1.6472499999999997e-08
134.556,0.0,0.27842968750000013,1.656595e-08
134.556,0.0,0.2781796875000001,1.648685e-08
134.556,0.0,0.27792968750000013,1.66284e-08
134.556,0.0,0.2776796875000001,1.653195e-08
134.556,0.0,0.27742968750000013,1.663685e-08
134.556,0.0,0.2771796875000001,1.6693850000000002e-08
134.556,0.0,0.27692968750000013,1.676445e-08
134.556,0.0,0.2766796875000001,1.65721e-08
134.556,0.0,0.27642968750000013,1.674515e-08
134.556,0.0,0.2761796875000001,1.682545e-08
134.556,0.0,0.27592968750000013,1.68748e-08
134.556,0.0,0.2756796875000001,1.68016e-08
134.556,0.0,0.27542968750000013,1.684145e-08
134.556,0.0,0.2751796875000001,1.68463e-08
134.556,0.0,0.27492968750000013,1.6845149999999998e-08
134.556,0.0,0.2746796875000001,1.68646e-08
134.556,0.0,0.27442968750000013,1.68803e-08
134.556,0.0,0.2741796875000001,1.683905e-08
134.556,0.0,0.27392968750000013,1.69412e-08
134.556,0.0,0.2736796875000001,1.6921350000000002e-08
134.556,0.0,0.27342968750000013,1.698895e-08
134.556,0.0,0.2731796875000001,1.697845e-08
134.556,0.0,0.27292968750000013,1.70248e-08
134.556,0.0,0.2726796875000001,1.69559e-08
134.556,0.0,0.27242968750000013,1.707725e-08
134.556,0.0,0.2721796875000001,1.704845e-08
134.556,0.0,0.27192968750000013,1.70079e-08
134.556,0.0,0.2716796875000001,1.699315e-08
134.556,0.0,0.2714296875000001,1.70793e-08
134.556,0.0,0.2711796875000001,1.699055e-08
134.556,0.0,0.2709296875000001,1.6968e-08
134.556,0.0,0.2706796875000001,1.705595e-08
134.556,0.0,0.2704296875000001,1.68915e-08
134.556,0.0,0.2701796875000001,1.70446e-08
134.556,0.0,0.2699296875000001,1.7021e-08
134.556,0.0,0.2696796875000001,1.6903999999999997e-08
134.556,0.0,0.2694296875000001,1.691495e-08
134.556,0.0,0.2691796875000001,1.70931e-08
134.556,0.0,0.2689296875000001,1.70943e-08
134.556,0.0,0.2686796875000001,1.69816e-08
134.556,0.0,0.2684296875000001,1.70318e-08
134.556,0.0,0.2681796875000001,1.71091e-08
134.556,0.0,0.2679296875000001,1.7061850000000003e-08
134.556,0.0,0.2676796875000001,1.71261e-08
134.556,0.0,0.2674296875000001,1.719405e-08
134.556,0.0,0.2671796875000001,1.720305e-08
134.556,0.0,0.2669296875000001,1.71934e-08
134.556,0.0,0.2666796875000001,1.71412e-08
134.556,0.0,0.2664296875000001,1.7143950000000002e-08
134.556,0.0,0.2661796875000001,1.7184100000000002e-08
134.556,0.0,0.2659296875000001,1.73153e-08
134.556,0.0,0.2656796875000001,1.72128e-08
134.556,0.0,0.2654296875000001,1.724865e-08
134.556,0.0,0.2651796875000001,1.72575e-08
134.556,0.0,0.2649296875000001,1.7317e-08
134.556,0.0,0.2646796875000001,1.7321050000000003e-08
134.556,0.0,0.2644296875000001,1.733545e-08
134.556,0.0,0.2641796875000001,1.740195e-08
134.556,0.0,0.2639296875000001,1.7388e-08
134.556,0.0,0.2636796875000001,1.73702e-08
134.556,0.0,0.2634296875000001,1.740705e-08
134.556,0.0,0.2631796875000001,1.73993e-08
134.556,0.0,0.2629296875000001,1.73953e-08
134.556,0.0,0.2626796875000001,1.753925e-08
134.556,0.0,0.2624296875000001,1.749245e-08
134.556,0.0,0.2621796875000001,1.7449699999999998e-08
134.556,0.0,0.2619296875000001,1.7461e-08
134.556,0.0,0.2616796875000001,1.74923e-08
134.556,0.0,0.2614296875000001,1.74851e-08
134.556,0.0,0.2611796875000001,1.75468e-08
134.556,0.0,0.2609296875000001,1.753485e-08
134.556,0.0,0.2606796875000001,1.74365e-08
134.556,0.0,0.2604296875000001,1.750685e-08
134.556,0.0,0.2601796875000001,1.75398e-08
134.556,0.0,0.2599296875000001,1.7511499999999998e-08
134.556,0.0,0.2596796875000001,1.754525e-08
134.556,0.0,0.2594296875000001,1.75474e-08
134.556,0.0,0.2591796875000001,1.753195e-08
134.556,0.0,0.2589296875000001,1.74548e-08
134.556,0.0,0.2586796875000001,1.75821e-08
134.556,0.0,0.2584296875000001,1.755305e-08
134.556,0.0,0.2581796875000001,1.74326e-08
134.556,0.0,0.2579296875000001,1.741195e-08
134.556,0.0,0.2576796875000001,1.74177e-08
134.556,0.0,0.2574296875000001,1.7528350000000002e-08
134.556,0.0,0.2571796875000001,1.7443e-08
134.556,0.0,0.2569296875000001,1.74619e-08
134.556,0.0,0.2566796875000001,1.7499999999999998e-08
134.556,0.0,0.2564296875000001,1.747995e-08
134.556,0.0,0.2561796875000001,1.74527e-08
134.556,0.0,0.2559296875000001,1.7533649999999998e-08
134.556,0.0,0.25567968750000014,1.75001e-08
134.556,0.0,0.2554296875000001,1.7502650000000002e-08
134.556,0.0,0.25517968750000014,1.74762e-08
134.556,0.0,0.2549296875000001,1.743335e-08
134.556,0.0,0.25467968750000014,1.748215e-08
134.556,0.0,0.2544296875000001,1.750615e-08
134.556,0.0,0.25417968750000014,1.75018e-08
134.556,0.0,0.2539296875000001,1.7559550000000002e-08
134.556,0.0,0.25367968750000014,1.75409e-08
134.556,0.0,0.2534296875000001,1.746995e-08
134.556,0.0,0.25317968750000014,1.72807e-08
134.556,0.0,0.2529296875000001,1.75068e-08
134.556,0.0,0.25267968750000014,1.7552749999999998e-08
134.556,0.0,0.2524296875000001,1.7527049999999998e-08
134.556,0.0,0.25217968750000014,1.764305e-08
134.556,0.0,0.2519296875000001,1.7580999999999997e-08
134.556,0.0,0.25167968750000014,1.7575350000000006e-08
134.556,0.0,0.2514296875000001,1.7532400000000003e-08
134.556,0.0,0.25117968750000014,1.75882e-08
134.556,0.0,0.2509296875000001,1.748975e-08
134.556,0.0,0.25067968750000014,1.7508900000000003e-08
134.556,0.0,0.2504296875000001,1.766695e-08
134.556,0.0,0.25017968750000014,1.76267e-08
134.556,0.0,0.2499296875000001,1.75807e-08
134.556,0.0,0.2496796875000001,1.75968e-08
134.556,0.0,0.2494296875000001,1.763845e-08
134.556,0.0,0.2491796875000001,1.76311e-08
134.556,0.0,0.2489296875000001,1.76257e-08
134.556,0.0,0.2486796875000001,1.7628700000000002e-08
134.556,0.0,0.2484296875000001,1.7678299999999998e-08
134.556,0.0,0.2481796875000001,1.77477e-08
134.556,0.0,0.2479296875000001,1.7692666666666666e-08
134.556,0.0,0.2476796875000001,1.7674749999999998e-08
134.556,0.0,0.2474296875000001,1.773445e-08
134.556,0.0,0.2471796875000001,1.76604e-08
134.556,0.0,0.2469296875000001,1.77038e-08
134.556,0.0,0.2466796875000001,1.78154e-08
134.556,0.0,0.2464296875000001,1.7905e-08
134.556,0.0,0.2461796875000001,1.79049e-08
134.556,0.0,0.2459296875000001,1.789325e-08
134.556,0.0,0.2456796875000001,1.79144e-08
134.556,0.0,0.2454296875000001,1.79808e-08
134.556,0.0,0.2451796875000001,1.79253e-08
134.556,0.0,0.2449296875000001,1.79256e-08
134.556,0.0,0.2446796875000001,1.79452e-08
134.556,0.0,0.2444296875000001,1.805275e-08
134.556,0.0,0.2441796875000001,1.78387e-08
134.556,0.0,0.2439296875000001,1.79957e-08
134.556,0.0,0.2436796875000001,1.79139e-08
134.556,0.0,0.2434296875000001,1.7921800000000002e-08
134.556,0.0,0.2431796875000001,1.793035e-08
134.556,0.0,0.2429296875000001,1.789395e-08
134.556,0.0,0.2426796875000001,1.79521e-08
134.556,0.0,0.2424296875000001,1.79964e-08
134.556,0.0,0.2421796875000001,1.79828e-08
134.556,0.0,0.2419296875000001,1.790855e-08
134.556,0.0,0.2416796875000001,1.791075e-08
134.556,0.0,0.2414296875000001,1.8014e-08
134.556,0.0,0.2411796875000001,1.80113e-08
134.556,0.0,0.2409296875000001,1.7878200000000004e-08
134.556,0.0,0.2406796875000001,1.791435e-08
134.556,0.0,0.2404296875000001,1.80559e-08
134.556,0.0,0.24017968750000013,1.799655e-08
134.556,0.0,0.23992968750000013,1.7905150000000002e-08
134.556,0.0,0.23967968750000013,1.797525e-08
134.556,0.0,0.23942968750000013,1.79228e-08
134.556,0.0,0.23917968750000013,1.79475e-08
134.556,0.0,0.23892968750000013,1.7899366666666666e-08
134.556,0.0,0.23867968750000013,1.797815e-08
134.556,0.0,0.23842968750000013,1.78851e-08
134.556,0.0,0.23817968750000013,1.797635e-08
134.556,0.0,0.23792968750000013,1.79886e-08
134.556,0.0,0.23767968750000013,1.793735e-08
134.556,0.0,0.23742968750000013,1.79676e-08
134.556,0.0,0.23717968750000012,1.806645e-08
134.556,0.0,0.23692968750000012,1.802585e-08
134.556,0.0,0.23667968750000012,1.80041e-08
134.556,0.0,0.23642968750000012,1.80426e-08
134.556,0.0,0.23617968750000012,1.812775e-08
134.556,0.0,0.23592968750000012,1.804655e-08
134.556,0.0,0.23567968750000012,1.816725e-08
134.556,0.0,0.23542968750000012,1.81766e-08
134.556,0.0,0.23517968750000012,1.81008e-08
134.556,0.0,0.23492968750000012,1.81657e-08
134.556,0.0,0.23467968750000012,1.830855e-08
134.556,0.0,0.23442968750000012,1.81269e-08
134.556,0.0,0.23417968750000012,1.81698e-08
134.556,0.0,0.23392968750000012,1.81653e-08
134.556,0.0,0.23367968750000012,1.81853e-08
134.556,0.0,0.23342968750000012,1.808e-08
134.556,0.0,0.23317968750000012,1.814375e-08
134.556,0.0,0.23292968750000012,1.81883e-08
134.556,0.0,0.23267968750000012,1.812915e-08
134.556,0.0,0.23242968750000012,1.81281e-08
134.556,0.0,0.23217968750000012,1.82637e-08
134.556,0.0,0.23192968750000012,1.8215633333333334e-08
134.556,0.0,0.23167968750000012,1.82389e-08
134.556,0.0,0.23142968750000012,1.84202e-08
134.556,0.0,0.23117968750000012,1.841535e-08
134.556,0.0,0.23092968750000012,1.83805e-08
134.556,0.0,0.23067968750000012,1.8347300000000002e-08
134.556,0.0,0.23042968750000012,1.8433e-08
134.556,0.0,0.23017968750000012,1.84381e-08
134.556,0.0,0.22992968750000012,1.851303333333333e-08
134.556,0.0,0.22967968750000012,1.8496250000000006e-08
134.556,0.0,0.22942968750000012,1.86245e-08
134.556,0.0,0.22917968750000012,1.846855e-08
134.556,0.0,0.22892968750000012,1.8556950000000006e-08
134.556,0.0,0.22867968750000012,1.85777e-08
134.556,0.0,0.22842968750000012,1.84595e-08
134.556,0.0,0.22817968750000012,1.84909e-08
134.556,0.0,0.22792968750000012,1.8613000000000006e-08
134.556,0.0,0.22767968750000012,1.857535e-08
134.556,0.0,0.22742968750000012,1.850565e-08
134.556,0.0,0.22717968750000012,1.856465e-08
134.556,0.0,0.22692968750000012,1.854455e-08
134.556,0.0,0.22667968750000012,1.854825e-08
134.556,0.0,0.22642968750000012,1.85374e-08
134.556,0.0,0.22617968750000012,1.86167e-08
134.556,0.0,0.22592968750000011,1.85451e-08
134.556,0.0,0.22567968750000011,1.863885e-08
134.556,0.0,0.22542968750000011,1.8530400000000003e-08
134.556,0.0,0.22517968750000011,1.862565e-08
134.556,0.0,0.22492968750000011,1.864445e-08
134.556,0.0,0.2246796875000001,1.86297e-08
134.556,0.0,0.2244296875000001,1.86521e-08
134.556,0.0,0.2241796875000001,1.869885e-08
134.556,0.0,0.2239296875000001,1.86008e-08
134.556,0.0,0.2236796875000001,1.87766e-08
134.556,0.0,0.2234296875000001,1.86936e-08
134.556,0.0,0.2231796875000001,1.86244e-08
134.556,0.0,0.2229296875000001,1.858133333333333e-08
134.556,0.0,0.2226796875000001,1.8649e-08
134.556,0.0,0.2224296875000001,1.85699e-08
134.556,0.0,0.2221796875000001,1.8607e-08
134.556,0.0,0.2219296875000001,1.864305e-08
134.556,0.0,0.2216796875000001,1.85672e-08
134.556,0.0,0.2214296875000001,1.85718e-08
134.556,0.0,0.2211796875000001,1.867775e-08
134.556,0.0,0.2209296875000001,1.86297e-08
134.556,0.0,0.2206796875000001,1.858915e-08
134.556,0.0,0.2204296875000001,1.8623e-08
134.556,0.0,0.2201796875000001,1.860995e-08
134.556,0.0,0.2199296875000001,1.868605e-08
134.556,0.0,0.2196796875000001,1.85975e-08
134.556,0.0,0.2194296875000001,1.871285e-08
134.556,0.0,0.2191796875000001,1.868575e-08
134.556,0.0,0.2189296875000001,1.862755e-08
134.556,0.0,0.2186796875000001,1.86397e-08
134.556,0.0,0.2184296875000001,1.869325e-08
134.556,0.0,0.2181796875000001,1.856645e-08
134.556,0.0,0.2179296875000001,1.85928e-08
134.556,0.0,0.2176796875000001,1.84808e-08
134.556,0.0,0.2174296875000001,1.86667e-08
134.556,0.0,0.2171796875000001,1.854675e-08
134.556,0.0,0.2169296875000001,1.84767e-08
134.556,0.0,0.2166796875000001,1.84246e-08
134.556,0.0,0.2164296875000001,1.844675e-08
134.556,0.0,0.2161796875000001,1.842625e-08
134.556,0.0,0.2159296875000001,1.8412466666666667e-08
134.556,0.0,0.2156796875000001,1.85146e-08
134.556,0.0,0.2154296875000001,1.85081e-08
134.556,0.0,0.2151796875000001,1.85193e-08
134.556,0.0,0.2149296875000001,1.85622e-08
134.556,0.0,0.2146796875000001,1.8671e-08
134.556,0.0,0.2144296875000001,1.8609e-08
134.556,0.0,0.2141796875000001,1.86488e-08
134.556,0.0,0.2139296875000001,1.86095e-08
134.556,0.0,0.2136796875000001,1.858505e-08
134.556,0.0,0.2134296875000001,1.851875e-08
134.556,0.0,0.2131796875000001,1.852555e-08
134.556,0.0,0.2129296875000001,1.8563e-08
134.556,0.0,0.2126796875000001,1.84114e-08
134.556,0.0,0.2124296875000001,1.846855e-08
134.556,0.0,0.2121796875000001,1.84507e-08
134.556,0.0,0.2119296875000001,1.847585e-08
134.556,0.0,0.2116796875000001,1.853585e-08
134.556,0.0,0.2114296875000001,1.85652e-08
134.556,0.0,0.2111796875000001,1.843265e-08
134.556,0.0,0.2109296875000001,1.8536500000000002e-08
134.556,0.0,0.2106796875000001,1.84464e-08
134.556,0.0,0.2104296875000001,1.84803e-08
134.556,0.0,0.2101796875000001,1.860865e-08
134.556,0.0,0.2099296875000001,1.86268e-08
134.556,0.0,0.2096796875000001,1.8575050000000002e-08
134.556,0.0,0.2094296875000001,1.85062e-08
134.556,0.0,0.2091796875000001,1.85169e-08
134.556,0.0,0.20892968750000013,1.854845e-08
134.556,0.0,0.20867968750000013,1.85117e-08
134.556,0.0,0.20842968750000013,1.854595e-08
134.556,0.0,0.20817968750000013,1.85077e-08
134.556,0.0,0.20792968750000013,1.857285e-08
134.556,0.0,0.20767968750000013,1.84506e-08
134.556,0.0,0.20742968750000013,1.8615133333333333e-08
134.556,0.0,0.20717968750000013,1.860205e-08
134.556,0.0,0.20692968750000013,1.84886e-08
134.556,0.0,0.20667968750000013,1.85062e-08
134.556,0.0,0.20642968750000013,1.84639e-08
134.556,0.0,0.20617968750000013,1.847745e-08
134.556,0.0,0.20592968750000012,1.841215e-08
134.556,0.0,0.20567968750000012,1.84496e-08
134.556,0.0,0.20542968750000012,1.84369e-08
134.556,0.0,0.20517968750000012,1.849645e-08
134.556,0.0,0.20492968750000012,1.84296e-08
134.556,0.0,0.20467968750000012,1.818105e-08
134.556,0.0,0.20442968750000012,1.84663e-08
134.556,0.0,0.20417968750000012,1.83977e-08
134.556,0.0,0.20392968750000012,1.82933e-08
134.556,0.0,0.20367968750000012,1.838005e-08
134.556,0.0,0.20342968750000012,1.833925e-08
134.556,0.0,0.20317968750000012,1.835365e-08
134.556,0.0,0.20292968750000012,1.8271e-08
134.556,0.0,0.20267968750000012,1.83385e-08
134.556,0.0,0.20242968750000012,1.83966e-08
134.556,0.0,0.20217968750000012,1.8369e-08
134.556,0.0,0.20192968750000012,1.826e-08
134.556,0.0,0.20167968750000012,1.840515e-08
134.556,0.0,0.20142968750000012,1.83275e-08
134.556,0.0,0.20117968750000012,1.84076e-08
134.556,0.0,0.20092968750000012,1.83924e-08
134.556,0.0,0.20067968750000012,1.8239566666666665e-08
134.556,0.0,0.20042968750000012,1.82831e-08
134.556,0.0,0.20017968750000012,1.827395e-08
134.556,0.0,0.19992968750000012,1.81492e-08
134.556,0.0,0.19967968750000012,1.820285e-08
134.556,0.0,0.19942968750000012,1.813325e-08
134.556,0.0,0.19917968750000012,1.818585e-08
134.556,0.0,0.19892968750000012,1.82209e-08
134.556,0.0,0.19867968750000012,1.81829e-08
134.556,0.0,0.19842968750000012,1.812013333333333e-08
134.556,0.0,0.19817968750000012,1.813305e-08
134.556,0.0,0.19792968750000012,1.82254e-08
134.556,0.0,0.19767968750000012,1.81305e-08
134.556,0.0,0.19742968750000012,1.821715e-08
134.556,0.0,0.19717968750000012,1.82442e-08
134.556,0.0,0.19692968750000012,1.81791e-08
134.556,0.0,0.19667968750000012,1.81518e-08
134.556,0.0,0.19642968750000012,1.817375e-08
134.556,0.0,0.19617968750000012,1.81739e-08
134.556,0.0,0.19592968750000012,1.815295e-08
134.556,0.0,0.19567968750000012,1.81668e-08
134.556,0.0,0.19542968750000012,1.80617e-08
134.556,0.0,0.19517968750000012,1.80882e-08
134.556,0.0,0.19492968750000012,1.80897e-08
134.556,0.0,0.19467968750000011,1.81806e-08
134.556,0.0,0.19442968750000011,1.803495e-08
134.556,0.0,0.19417968750000011,1.80989e-08
134.556,0.0,0.19392968750000011,1.79689e-08
134.556,0.0,0.19367968750000011,1.80748e-08
134.556,0.0,0.1934296875000001,1.821505e-08
134.556,0.0,0.1931796875000001,1.80026e-08
134.556,0.0,0.1929296875000001,1.79804e-08
134.556,0.0,0.1926796875000001,1.801405e-08
134.556,0.0,0.1924296875000001,1.79783e-08
134.556,0.0,0.1921796875000001,1.798725e-08
134.556,0.0,0.1919296875000001,1.79864e-08
134.556,0.0,0.1916796875000001,1.78564e-08
134.556,0.0,0.1914296875000001,1.8036033333333333e-08
134.556,0.0,0.1911796875000001,1.79336e-08
134.556,0.0,0.1909296875000001,1.79866e-08
134.556,0.0,0.1906796875000001,1.79417e-08
134.556,0.0,0.1904296875000001,1.7984450000000002e-08
134.556,0.0,0.1901796875000001,1.800985e-08
134.556,0.0,0.1899296875000001,1.80782e-08
134.556,0.0,0.1896796875000001,1.7937950000000002e-08
134.556,0.0,0.1894296875000001,1.79586e-08
134.556,0.0,0.1891796875000001,1.787415e-08
134.556,0.0,0.1889296875000001,1.79503e-08
134.556,0.0,0.1886796875000001,1.798085e-08
134.556,0.0,0.1884296875000001,1.7969199999999998e-08
134.556,0.0,0.1881796875000001,1.799005e-08
134.556,0.0,0.1879296875000001,1.79658e-08
134.556,0.0,0.1876796875000001,1.79571e-08
134.556,0.0,0.1874296875000001,1.804055e-08
134.556,0.0,0.1871796875000001,1.7951650000000002e-08
134.556,0.0,0.1869296875000001,1.80084e-08
134.556,0.0,0.1866796875000001,1.805695e-08
134.556,0.0,0.1864296875000001,1.804425e-08
134.556,0.0,0.1861796875000001,1.80442e-08
134.556,0.0,0.1859296875000001,1.80001e-08
134.556,0.0,0.1856796875000001,1.800515e-08
134.556,0.0,0.1854296875000001,1.79548e-08
134.556,0.0,0.1851796875000001,1.78511e-08
134.556,0.0,0.1849296875000001,1.78537e-08
134.556,0.0,0.1846796875000001,1.7907800000000003e-08
134.556,0.0,0.1844296875000001,1.801825e-08
134.556,0.0,0.1841796875000001,1.78869e-08
134.556,0.0,0.1839296875000001,1.7941500000000002e-08
134.556,0.0,0.1836796875000001,1.80103e-08
134.556,0.0,0.1834296875000001,1.8001749999999998e-08
134.556,0.0,0.1831796875000001,1.78349e-08
134.556,0.0,0.1829296875000001,1.7949749999999998e-08
134.556,0.0,0.1826796875000001,1.78734e-08
134.556,0.0,0.1824296875000001,1.7920299999999997e-08
134.556,0.0,0.1821796875000001,1.79878e-08
134.556,0.0,0.1819296875000001,1.7996849999999997e-08
134.556,0.0,0.1816796875000001,1.786315e-08
134.556,0.0,0.1814296875000001,1.7914499999999998e-08
134.556,0.0,0.1811796875000001,1.79583e-08
134.556,0.0,0.1809296875000001,1.791895e-08
134.556,0.0,0.1806796875000001,1.7929e-08
134.556,0.0,0.1804296875000001,1.8012000000000003e-08
134.556,0.0,0.1801796875000001,1.7854850000000002e-08
134.556,0.0,0.1799296875000001,1.80132e-08
134.556,0.0,0.1796796875000001,1.79231e-08
134.556,0.0,0.1794296875000001,1.789485e-08
134.556,0.0,0.1791796875000001,1.79514e-08
134.556,0.0,0.1789296875000001,1.7905549999999997e-08
134.556,0.0,0.1786796875000001,1.7879200000000002e-08
134.556,0.0,0.1784296875000001,1.791385e-08
134.556,0.0,0.1781796875000001,1.79296e-08
134.556,0.0,0.1779296875000001,1.795025e-08
134.556,0.0,0.17767968750000013,1.78755e-08
134.556,0.0,0.17742968750000013,1.80046e-08
134.556,0.0,0.17717968750000013,1.79491e-08
134.556,0.0,0.17692968750000013,1.7882e-08
134.556,0.0,0.17667968750000013,1.7871250000000002e-08
134.556,0.0,0.17642968750000013,1.7878e-08
134.556,0.0,0.17617968750000013,1.78764e-08
134.556,0.0,0.17592968750000013,1.785435e-08
134.556,0.0,0.17567968750000013,1.785095e-08
134.556,0.0,0.17542968750000013,1.776995e-08
134.556,0.0,0.17517968750000013,1.79603e-08
134.556,0.0,0.17492968750000013,1.7916e-08
134.556,0.0,0.17467968750000012,1.792315e-08
134.556,0.0,0.17442968750000012,1.794985e-08
134.556,0.0,0.17417968750000012,1.79062e-08
134.556,0.0,0.17392968750000012,1.79678e-08
134.556,0.0,0.17367968750000012,1.7950550000000002e-08
134.556,0.0,0.17342968750000012,1.7866350000000002e-08
134.556,0.0,0.17317968750000012,1.7937700000000002e-08
134.556,0.0,0.17292968750000012,1.803535e-08
134.556,0.0,0.17267968750000012,1.79536e-08
134.556,0.0,0.17242968750000012,1.7962050000000002e-08
134.556,0.0,0.17217968750000012,1.80024e-08
134.556,0.0,0.17192968750000012,1.785435e-08
134.556,0.0,0.17167968750000012,1.800865e-08
134.556,0.0,0.17142968750000012,1.798405e-08
134.556,0.0,0.17117968750000012,1.79951e-08
134.556,0.0,0.17092968750000012,1.798805e-08
134.556,0.0,0.17067968750000012,1.7931100000000002e-08
134.556,0.0,0.17042968750000012,1.79827e-08
134.556,0.0,0.17017968750000012,1.80365e-08
134.556,0.0,0.16992968750000012,1.806305e-08
134.556,0.0,0.16967968750000012,1.79875e-08
134.556,0.0,0.16942968750000012,1.78826e-08
134.556,0.0,0.16917968750000012,1.793915e-08
134.556,0.0,0.16892968750000012,1.798795e-08
134.556,0.0,0.16867968750000012,1.79739e-08
134.556,0.0,0.16842968750000012,1.79484e-08
134.556,0.0,0.16817968750000012,1.79583e-08
134.556,0.0,0.16792968750000012,1.7947049999999998e-08
134.556,0.0,0.16767968750000012,1.8007700000000002e-08
134.556,0.0,0.16742968750000012,1.7994500000000003e-08
134.556,0.0,0.16717968750000012,1.79301e-08
134.556,0.0,0.16692968750000012,1.79783e-08
134.556,0.0,0.16667968750000012,1.8022166666666665e-08
134.556,0.0,0.16642968750000012,1.78287e-08
134.556,0.0,0.16617968750000012,1.79757e-08
134.556,0.0,0.16592968750000012,1.81038e-08
134.556,0.0,0.16567968750000012,1.79888e-08
134.556,0.0,0.16542968750000012,1.79134e-08
134.556,0.0,0.16517968750000012,1.7951e-08
134.556,0.0,0.16492968750000012,1.797325e-08
134.556,0.0,0.16467968750000012,1.79537e-08
134.556,0.0,0.16442968750000012,1.7914499999999998e-08
134.556,0.0,0.16417968750000012,1.78727e-08
134.556,0.0,0.16392968750000012,1.79668e-08
134.556,0.0,0.16367968750000012,1.793615e-08
134.556,0.0,0.16342968750000011,1.79992e-08
134.556,0.0,0.16317968750000011,1.7867999999999998e-08
134.556,0.0,0.16292968750000011,1.80772e-08
134.556,0.0,0.16267968750000011,1.7999299999999998e-08
134.556,0.0,0.16242968750000011,1.795715e-08
134.556,0.0,0.1621796875000001,1.790325e-08
134.556,0.0,0.1619296875000001,1.793955e-08
134.556,0.0,0.1616796875000001,1.793895e-08
134.556,0.0,0.1614296875000001,1.79932e-08
134.556,0.0,0.1611796875000001,1.793675e-08
134.556,0.0,0.1609296875000001,1.79022e-08
134.556,0.0,0.1606796875000001,1.78838e-08
134.556,0.0,0.1604296875000001,1.79356e-08
134.556,0.0,0.1601796875000001,1.7936033333333336e-08
134.556,0.0,0.1599296875000001,1.8008200000000002e-08
134.556,0.0,0.1596796875000001,1.796315e-08
134.556,0.0,0.1594296875000001,1.79796e-08
134.556,0.0,0.1591796875000001,1.79618e-08
134.556,0.0,0.1589296875000001,1.7894799999999998e-08
134.556,0.0,0.1586796875000001,1.795995e-08
134.556,0.0,0.1584296875000001,1.79383e-08
134.556,0.0,0.1581796875000001,1.8014450000000003e-08
134.556,0.0,0.1579296875000001,1.80361e-08
134.556,0.0,0.1576796875000001,1.796e-08
134.556,0.0,0.1574296875000001,1.809435e-08
134.556,0.0,0.1571796875000001,1.797665e-08
134.556,0.0,0.1569296875000001,1.799145e-08
134.556,0.0,0.1566796875000001,1.802945e-08
134.556,0.0,0.1564296875000001,1.79676e-08
134.556,0.0,0.1561796875000001,1.797065e-08
134.556,0.0,0.1559296875000001,1.80062e-08
134.556,0.0,0.1556796875000001,1.794845e-08
134.556,0.0,0.1554296875000001,1.7901250000000003e-08
134.556,0.0,0.1551796875000001,1.80503e-08
134.556,0.0,0.1549296875000001,1.80007e-08
134.556,0.0,0.1546796875000001,1.79453e-08
134.556,0.0,0.1544296875000001,1.7943e-08
134.556,0.0,0.1541796875000001,1.797305e-08
134.556,0.0,0.1539296875000001,1.7945949999999998e-08
134.556,0.0,0.1536796875000001,1.78957e-08
134.556,0.0,0.1534296875000001,1.79176e-08
134.556,0.0,0.1531796875000001,1.7941750000000002e-08
134.556,0.0,0.1529296875000001,1.7942933333333335e-08
134.556,0.0,0.1526796875000001,1.7983e-08
134.556,0.0,0.1524296875000001,1.80614e-08
134.556,0.0,0.1521796875000001,1.80063e-08
134.556,0.0,0.1519296875000001,1.807165e-08
134.556,0.0,0.1516796875000001,1.80783e-08
134.556,0.0,0.1514296875000001,1.80552e-08
134.556,0.0,0.1511796875000001,1.807815e-08
134.556,0.0,0.1509296875000001,1.8030233333333334e-08
134.556,0.0,0.1506796875000001,1.81168e-08
134.556,0.0,0.1504296875000001,1.80565e-08
134.556,0.0,0.1501796875000001,1.804165e-08
134.556,0.0,0.1499296875000001,1.819545e-08
134.556,0.0,0.1496796875000001,1.80771e-08
134.556,0.0,0.1494296875000001,1.80334e-08
134.556,0.0,0.1491796875000001,1.8061e-08
134.556,0.0,0.1489296875000001,1.81217e-08
134.556,0.0,0.1486796875000001,1.80008e-08
134.556,0.0,0.1484296875000001,1.800835e-08
134.556,0.0,0.1481796875000001,1.808205e-08
134.556,0.0,0.1479296875000001,1.8080150000000002e-08
134.556,0.0,0.1476796875000001,1.80794e-08
134.556,0.0,0.1474296875000001,1.8064500000000003e-08
134.556,0.0,0.1471796875000001,1.804275e-08
134.556,0.0,0.1469296875000001,1.81234e-08
134.556,0.0,0.1466796875000001,1.81213e-08
134.556,0.0,0.14642968750000013,1.8257350000000002e-08
134.556,0.0,0.14617968750000013,1.81879e-08
134.556,0.0,0.14592968750000013,1.83224e-08
134.556,0.0,0.14567968750000013,1.83346e-08
134.556,0.0,0.14542968750000013,1.82843e-08
134.556,0.0,0.14517968750000013,1.81877e-08
134.556,0.0,0.14492968750000013,1.82121e-08
134.556,0.0,0.14467968750000013,1.8172e-08
134.556,0.0,0.14442968750000013,1.8264766666666668e-08
134.556,0.0,0.14417968750000013,1.82477e-08
134.556,0.0,0.14392968750000013,1.81804e-08
134.556,0.0,0.14367968750000013,1.82888e-08
134.556,0.0,0.14342968750000012,1.82012e-08
134.556,0.0,0.14317968750000012,1.83348e-08
134.556,0.0,0.14292968750000012,1.830145e-08
134.556,0.0,0.14267968750000012,1.82802e-08
134.556,0.0,0.14242968750000012,1.83568e-08
134.556,0.0,0.14217968750000012,1.83574e-08
134.556,0.0,0.14192968750000012,1.8443566666666665e-08
134.556,0.0,0.14167968750000012,1.84876e-08
134.556,0.0,0.14142968750000012,1.84671e-08
134.556,0.0,0.14117968750000012,1.84852e-08
134.556,0.0,0.14092968750000012,1.848445e-08
134.556,0.0,0.14067968750000012,1.85634e-08
134.556,0.0,0.14042968750000012,1.860145e-08
134.556,0.0,0.14017968750000012,1.8638e-08
134.556,0.0,0.13992968750000012,1.863465e-08
134.556,0.0,0.13967968750000012,1.86188e-08
134.556,0.0,0.13942968750000012,1.871275e-08
134.556,0.0,0.13917968750000012,1.869515e-08
134.556,0.0,0.13892968750000012,1.8753600000000002e-08
134.556,0.0,0.13867968750000012,1.88868e-08
134.556,0.0,0.13842968750000012,1.879355e-08
134.556,0.0,0.13817968750000012,1.879905e-08
134.556,0.0,0.13792968750000012,1.89428e-08
134.556,0.0,0.13767968750000012,1.88835e-08
134.556,0.0,0.13742968750000012,1.89509e-08
134.556,0.0,0.13717968750000012,1.9038250000000002e-08
134.556,0.0,0.13692968750000012,1.8946100000000002e-08
134.556,0.0,0.13667968750000012,1.89151e-08
134.556,0.0,0.13642968750000012,1.899445e-08
134.556,0.0,0.13617968750000012,1.913825e-08
134.556,0.0,0.13592968750000012,1.9165e-08
134.556,0.0,0.13567968750000012,1.91267e-08
134.556,0.0,0.13542968750000012,1.911725e-08
134.556,0.0,0.13517968750000012,1.91231e-08
134.556,0.0,0.13492968750000012,1.91949e-08
134.556,0.0,0.13467968750000012,1.91905e-08
134.556,0.0,0.13442968750000012,1.92554e-08
134.556,0.0,0.13417968750000012,1.921655e-08
134.556,0.0,0.13392968750000012,1.93058e-08
134.556,0.0,0.13367968750000012,1.9183e-08
134.556,0.0,0.13342968750000012,1.93262e-08
134.556,0.0,0.13317968750000012,1.921415e-08
134.556,0.0,0.13292968750000012,1.9277500000000002e-08
134.556,0.0,0.13267968750000012,1.9342750000000003e-08
134.556,0.0,0.13242968750000012,1.941055e-08
134.556,0.0,0.13217968750000011,1.95224e-08
134.556,0.0,0.13192968750000011,1.95216e-08
134.556,0.0,0.13167968750000011,1.95651e-08
134.556,0.0,0.13142968750000011,1.95929e-08
134.556,0.0,0.13117968750000011,1.96555e-08
134.556,0.0,0.1309296875000001,1.965415e-08
134.556,0.0,0.1306796875000001,1.962765e-08
134.556,0.0,0.1304296875000001,1.964695e-08
134.556,0.0,0.1301796875000001,1.963465e-08
134.556,0.0,0.1299296875000001,1.97168e-08
134.556,0.0,0.1296796875000001,1.967605e-08
134.556,0.0,0.1294296875000001,1.964075e-08
134.556,0.0,0.1291796875000001,1.970555e-08
134.556,0.0,0.1289296875000001,1.965515e-08
134.556,0.0,0.1286796875000001,1.970515e-08
134.556,0.0,0.1284296875000001,1.96957e-08
134.556,0.0,0.1281796875000001,1.970175e-08
134.556,0.0,0.1279296875000001,1.96778e-08
134.556,0.0,0.1276796875000001,1.9755e-08
134.556,0.0,0.1274296875000001,1.983725e-08
134.556,0.0,0.1271796875000001,1.989855e-08
134.556,0.0,0.1269296875000001,1.97909e-08
134.556,0.0,0.1266796875000001,1.98144e-08
134.556,0.0,0.1264296875000001,1.98005e-08
134.556,0.0,0.1261796875000001,1.9865900000000002e-08
134.556,0.0,0.1259296875000001,1.98561e-08
134.556,0.0,0.1256796875000001,1.992045e-08
134.556,0.0,0.1254296875000001,1.9934800000000002e-08
134.556,0.0,0.1251796875000001,1.99748e-08
134.556,0.0,0.12492968750000011,1.99285e-08
134.556,0.0,0.12467968750000011,1.99461e-08
134.556,0.0,0.12442968750000011,2.0007000000000002e-08
134.556,0.0,0.12417968750000011,2.00118e-08
134.556,0.0,0.12392968750000011,1.991905e-08
134.556,0.0,0.12367968750000011,2.00413e-08
134.556,0.0,0.12342968750000011,2.00837e-08
134.556,0.0,0.1231796875000001,2.01077e-08
134.556,0.0,0.12292968750000012,2.01122e-08
134.556,0.0,0.12267968750000012,2.006575e-08
134.556,0.0,0.12242968750000012,2.01901e-08
134.556,0.0,0.12217968750000012,2.0178600000000003e-08
134.556,0.0,0.12192968750000012,2.02942e-08
134.556,0.0,0.12167968750000012,2.020125e-08
134.556,0.0,0.12142968750000012,2.012355e-08
134.556,0.0,0.12117968750000012,2.0058400000000002e-08
134.556,0.0,0.12092968750000012,2.00764e-08
134.556,0.0,0.12067968750000012,2.01363e-08
134.556,0.0,0.12042968750000012,2.0089e-08
134.556,0.0,0.12017968750000012,2.007505e-08
134.556,0.0,0.11992968750000012,2.01469e-08
134.556,0.0,0.11967968750000012,2.004455e-08
134.556,0.0,0.11942968750000012,1.99904e-08
134.556,0.0,0.11917968750000012,2.007045e-08
134.556,0.0,0.11892968750000012,2.01447e-08
134.556,0.0,0.11867968750000012,2.01203e-08
134.556,0.0,0.11842968750000012,2.01329e-08
134.556,0.0,0.11817968750000012,2.00298e-08
134.556,0.0,0.11792968750000012,2.01801e-08
134.556,0.0,0.11767968750000012,2.007955e-08
134.556,0.0,0.11742968750000012,2.01231e-08
134.556,0.0,0.11717968750000012,2.011235e-08
134.556,0.0,0.11692968750000012,2.00959e-08
134.556,0.0,0.11667968750000011,1.997975e-08
134.556,0.0,0.11642968750000011,2.010185e-08
134.556,0.0,0.11617968750000011,2.00446e-08
134.556,0.0,0.11592968750000011,1.99844e-08
134.556,0.0,0.11567968750000011,2.00879e-08
134.556,0.0,0.11542968750000011,2.0034e-08
134.556,0.0,0.11517968750000011,2.00575e-08
134.556,0.0,0.11492968750000011,2.00689e-08
134.556,0.0,0.11467968750000011,2.0113733333333337e-08
134.556,0.0,0.11442968750000011,1.998045e-08
134.556,0.0,0.11417968750000011,2.00443e-08
134.556,0.0,0.11392968750000011,2.01107e-08
134.556,0.0,0.11367968750000011,2.008e-08
134.556,0.0,0.11342968750000011,2.02084e-08
134.556,0.0,0.11317968750000011,2.01369e-08
134.556,0.0,0.11292968750000011,2.03361e-08
134.556,0.0,0.11267968750000011,2.017245e-08
134.556,0.0,0.11242968750000011,2.02174e-08
134.556,0.0,0.11217968750000011,2.02218e-08
134.556,0.0,0.11192968750000011,2.023285e-08
134.556,0.0,0.11167968750000011,2.0239400000000002e-08
134.556,0.0,0.11142968750000011,2.02372e-08
134.556,0.0,0.11117968750000011,2.027375e-08
134.556,0.0,0.11092968750000011,2.03939e-08
134.556,0.0,0.11067968750000011,2.020325e-08
134.556,0.0,0.11042968750000011,2.01817e-08
134.556,0.0,0.11017968750000011,2.024e-08
134.556,0.0,0.10992968750000011,2.01836e-08
134.556,0.0,0.10967968750000011,2.032205e-08
134.556,0.0,0.10942968750000011,2.03055e-08
134.556,0.0,0.10917968750000011,2.03277e-08
134.556,0.0,0.10892968750000011,2.03718e-08
134.556,0.0,0.10867968750000011,2.03485e-08
134.556,0.0,0.10842968750000011,2.034275e-08
134.556,0.0,0.10817968750000011,2.02623e-08
134.556,0.0,0.10792968750000011,2.032295e-08
134.556,0.0,0.1076796875000001,2.03408e-08
134.556,0.0,0.10742968750000012,2.04766e-08
134.556,0.0,0.10717968750000012,2.05014e-08
134.556,0.0,0.10692968750000012,2.05873e-08
134.556,0.0,0.10667968750000012,2.05528e-08
134.556,0.0,0.10642968750000012,2.038175e-08
134.556,0.0,0.10617968750000012,2.04772e-08
134.556,0.0,0.10592968750000012,2.04972e-08
134.556,0.0,0.10567968750000012,2.041835e-08
134.556,0.0,0.10542968750000012,2.049785e-08
134.556,0.0,0.10517968750000012,2.05773e-08
134.556,0.0,0.10492968750000012,2.05995e-08
134.556,0.0,0.10467968750000012,2.03833e-08
134.556,0.0,0.10442968750000012,2.045965e-08
134.556,0.0,0.10417968750000012,2.06167e-08
134.556,0.0,0.10392968750000012,2.05644e-08
134.556,0.0,0.10367968750000012,2.0630333333333336e-08
134.556,0.0,0.10342968750000012,2.06385e-08
134.556,0.0,0.10317968750000012,2.06504e-08
134.556,0.0,0.10292968750000012,2.05492e-08
134.556,0.0,0.10267968750000012,2.056535e-08
134.556,0.0,0.10242968750000012,2.06032e-08
134.556,0.0,0.10217968750000012,2.05336e-08
134.556,0.0,0.10192968750000012,2.050355e-08
134.556,0.0,0.10167968750000012,2.06022e-08
134.556,0.0,0.10142968750000012,2.05489e-08
134.556,0.0,0.10117968750000012,2.05154e-08
134.556,0.0,0.10092968750000011,2.04679e-08
134.556,0.0,0.10067968750000011,2.04278e-08
134.556,0.0,0.10042968750000011,2.046545e-08
134.556,0.0,0.10017968750000011,2.05335e-08
134.556,0.0,0.09992968750000011,2.05641e-08
134.556,0.0,0.09967968750000011,2.04785e-08
134.556,0.0,0.09942968750000011,2.050035e-08
134.556,0.0,0.09917968750000011,2.05324e-08
134.556,0.0,0.09892968750000011,2.052015e-08
134.556,0.0,0.09867968750000011,2.0534700000000002e-08
134.556,0.0,0.09842968750000011,2.0567250000000002e-08
134.556,0.0,0.09817968750000011,2.05778e-08
134.556,0.0,0.09792968750000011,2.05545e-08
134.556,0.0,0.09767968750000011,2.065445e-08
134.556,0.0,0.09742968750000011,2.0653650000000002e-08
134.556,0.0,0.09717968750000011,2.06454e-08
134.556,0.0,0.09692968750000011,2.05752e-08
134.556,0.0,0.09667968750000011,2.06263e-08
134.556,0.0,0.09642968750000011,2.06491e-08
134.556,0.0,0.09617968750000011,2.06407e-08
134.556,0.0,0.09592968750000011,2.05741e-08
134.556,0.0,0.09567968750000011,2.0583300000000003e-08
134.556,0.0,0.09542968750000011,2.05895e-08
134.556,0.0,0.09517968750000011,2.06689e-08
134.556,0.0,0.09492968750000011,2.0347350000000006e-08
134.556,0.0,0.09467968750000011,2.053245e-08
134.556,0.0,0.09442968750000011,2.061415e-08
134.556,0.0,0.09417968750000011,2.05917e-08
134.556,0.0,0.09392968750000011,2.06134e-08
134.556,0.0,0.09367968750000011,2.057555e-08
134.556,0.0,0.09342968750000011,2.05764e-08
134.556,0.0,0.09317968750000011,2.05106e-08
134.556,0.0,0.09292968750000011,2.04931e-08
134.556,0.0,0.09267968750000011,2.047465e-08
134.556,0.0,0.09242968750000011,2.053175e-08
134.556,0.0,0.09217968750000011,2.05288e-08
134.556,0.0,0.0919296875000001,2.048815e-08
134.556,0.0,0.09167968750000012,2.04377e-08
134.556,0.0,0.09142968750000012,2.0379e-08
134.556,0.0,0.09117968750000012,2.047795e-08
134.556,0.0,0.09092968750000012,2.048095e-08
134.556,0.0,0.09067968750000012,2.050265e-08
134.556,0.0,0.09042968750000012,2.041555e-08
134.556,0.0,0.09017968750000012,2.047575e-08
134.556,0.0,0.08992968750000012,2.0357e-08
134.556,0.0,0.08967968750000012,2.042865e-08
134.556,0.0,0.08942968750000012,2.03359e-08
134.556,0.0,0.08917968750000012,2.030295e-08
134.556,0.0,0.08892968750000012,2.04124e-08
134.556,0.0,0.08867968750000012,2.033735e-08
134.556,0.0,0.08842968750000012,2.04128e-08
134.556,0.0,0.08817968750000012,2.029635e-08
134.556,0.0,0.08792968750000012,2.04407e-08
134.556,0.0,0.08767968750000012,2.040195e-08
134.556,0.0,0.08742968750000012,2.03008e-08
134.556,0.0,0.08717968750000012,2.04114e-08
134.556,0.0,0.08692968750000012,2.046255e-08
134.556,0.0,0.08667968750000012,2.04925e-08
134.556,0.0,0.08642968750000012,2.03581e-08
134.556,0.0,0.08617968750000012,2.045075e-08
134.556,0.0,0.08592968750000012,2.04199e-08
134.556,0.0,0.08567968750000012,2.047355e-08
134.556,0.0,0.08542968750000011,2.053835e-08
134.556,0.0,0.08517968750000011,2.040525e-08
134.556,0.0,0.08492968750000011,2.047215e-08
134.556,0.0,0.08467968750000011,2.040435e-08
134.556,0.0,0.08442968750000011,2.04582e-08
134.556,0.0,0.08417968750000011,2.047935e-08
134.556,0.0,0.08392968750000011,2.05713e-08
134.556,0.0,0.08367968750000011,2.04801e-08
134.556,0.0,0.08342968750000011,2.0357e-08
134.556,0.0,0.08317968750000011,2.043115e-08
134.556,0.0,0.08292968750000011,2.048495e-08
134.556,0.0,0.08267968750000011,2.045275e-08
134.556,0.0,0.08242968750000011,2.04634e-08
134.556,0.0,0.08217968750000011,2.036845e-08
134.556,0.0,0.08192968750000011,2.03529e-08
134.556,0.0,0.08167968750000011,2.0536800000000003e-08
134.556,0.0,0.08142968750000011,2.05071e-08
134.556,0.0,0.08117968750000011,2.047475e-08
134.556,0.0,0.08092968750000011,2.049213333333333e-08
134.556,0.0,0.08067968750000011,2.067035e-08
134.556,0.0,0.08042968750000011,2.0391e-08
134.556,0.0,0.08017968750000011,2.05657e-08
134.556,0.0,0.07992968750000011,2.0582200000000003e-08
134.556,0.0,0.07967968750000011,2.05241e-08
134.556,0.0,0.07942968750000011,2.0448e-08
134.556,0.0,0.07917968750000011,2.062535e-08
134.556,0.0,0.07892968750000011,2.0462250000000002e-08
134.556,0.0,0.07867968750000011,2.050713333333333e-08
134.556,0.0,0.07842968750000011,2.03834e-08
134.556,0.0,0.07817968750000011,2.052775e-08
134.556,0.0,0.07792968750000011,2.055415e-08
134.556,0.0,0.07767968750000011,2.048545e-08
134.556,0.0,0.07742968750000011,2.04991e-08
134.556,0.0,0.07717968750000011,2.04899e-08
134.556,0.0,0.07692968750000011,2.055425e-08
134.556,0.0,0.07667968750000011,2.050575e-08
134.556,0.0,0.0764296875000001,2.04774e-08
134.556,0.0,0.07617968750000012,2.04562e-08
134.556,0.0,0.07592968750000012,2.042385e-08
134.556,0.0,0.07567968750000012,2.05536e-08
134.556,0.0,0.07542968750000012,2.04858e-08
134.556,0.0,0.07517968750000012,2.063165e-08
134.556,0.0,0.07492968750000012,2.058135e-08
134.556,0.0,0.07467968750000012,2.056055e-08
134.556,0.0,0.07442968750000012,2.05918e-08
134.556,0.0,0.07417968750000012,2.057445e-08
134.556,0.0,0.07392968750000012,2.06213e-08
134.556,0.0,0.07367968750000012,2.05709e-08
134.556,0.0,0.07342968750000012,2.0604350000000003e-08
134.556,0.0,0.07317968750000012,2.061335e-08
134.556,0.0,0.07292968750000012,2.066295e-08
134.556,0.0,0.07267968750000012,2.0533250000000003e-08
134.556,0.0,0.07242968750000012,2.05756e-08
134.556,0.0,0.07217968750000012,2.07656e-08
134.556,0.0,0.07192968750000012,2.042135e-08
134.556,0.0,0.07167968750000012,2.05671e-08
134.556,0.0,0.07142968750000012,2.047815e-08
134.556,0.0,0.07117968750000012,2.06258e-08
134.556,0.0,0.07092968750000012,2.056655e-08
134.556,0.0,0.07067968750000012,2.06011e-08
134.556,0.0,0.07042968750000012,2.055935e-08
134.556,0.0,0.07017968750000012,2.051985e-08
134.556,0.0,0.06992968750000012,2.059565e-08
134.556,0.0,0.06967968750000011,2.06028e-08
134.556,0.0,0.06942968750000011,2.05862e-08
134.556,0.0,0.06917968750000011,2.058375e-08
134.556,0.0,0.06892968750000011,2.06525e-08
134.556,0.0,0.06867968750000011,2.07282e-08
134.556,0.0,0.06842968750000011,2.05896e-08
134.556,0.0,0.06817968750000011,2.07859e-08
134.556,0.0,0.06792968750000011,2.0726e-08
134.556,0.0,0.06767968750000011,2.068705e-08
134.556,0.0,0.06742968750000011,2.08135e-08
134.556,0.0,0.06717968750000011,2.067945e-08
134.556,0.0,0.06692968750000011,2.065565e-08
134.556,0.0,0.06667968750000011,2.06616e-08
134.556,0.0,0.06642968750000011,2.070385e-08
134.556,0.0,0.06617968750000011,2.0798450000000003e-08
134.556,0.0,0.06592968750000011,2.071475e-08
134.556,0.0,0.06567968750000011,2.0738e-08
134.556,0.0,0.06542968750000011,2.0804133333333334e-08
134.556,0.0,0.06517968750000011,2.06981e-08
134.556,0.0,0.06492968750000011,2.07544e-08
134.556,0.0,0.06467968750000011,2.06975e-08
134.556,0.0,0.06442968750000011,2.08192e-08
134.556,0.0,0.06417968750000011,2.07406e-08
134.556,0.0,0.06392968750000011,2.076225e-08
134.556,0.0,0.06367968750000011,2.07441e-08
134.556,0.0,0.06342968750000011,2.08631e-08
134.556,0.0,0.06317968750000011,2.07238e-08
134.556,0.0,0.06292968750000011,2.09978e-08
134.556,0.0,0.06267968750000011,2.08199e-08
134.556,0.0,0.062429687500000115,2.089825e-08
134.556,0.0,0.062179687500000115,2.0903550000000002e-08
134.556,0.0,0.061929687500000115,2.08232e-08
134.556,0.0,0.061679687500000115,2.07619e-08
134.556,0.0,0.061429687500000114,2.085465e-08
134.556,0.0,0.061179687500000114,2.077805e-08
134.556,0.0,0.060929687500000114,2.0841500000000002e-08
134.556,0.0,0.060679687500000114,2.08984e-08
134.556,0.0,0.060429687500000114,2.08699e-08
134.556,0.0,0.06017968750000011,2.09894e-08
134.556,0.0,0.05992968750000011,2.10347e-08
134.556,0.0,0.05967968750000011,2.10144e-08
134.556,0.0,0.05942968750000011,2.089505e-08
134.556,0.0,0.05917968750000011,2.10004e-08
134.556,0.0,0.05892968750000011,2.10434e-08
134.556,0.0,0.05867968750000011,2.108405e-08
134.556,0.0,0.05842968750000011,2.110095e-08
134.556,0.0,0.05817968750000011,2.11334e-08
134.556,0.0,0.05792968750000011,2.11475e-08
134.556,0.0,0.05767968750000011,2.10608e-08
134.556,0.0,0.05742968750000011,2.111495e-08
134.556,0.0,0.05717968750000011,2.102195e-08
134.556,0.0,0.05692968750000011,2.12416e-08
134.556,0.0,0.05667968750000012,2.11777e-08
134.556,0.0,0.05642968750000012,2.10972e-08
134.556,0.0,0.05617968750000012,2.112415e-08
134.556,0.0,0.055929687500000116,2.12247e-08
134.556,0.0,0.055679687500000116,2.12453e-08
134.556,0.0,0.055429687500000116,2.12416e-08
134.556,0.0,0.055179687500000116,2.122765e-08
134.556,0.0,0.054929687500000116,2.128255e-08
134.556,0.0,0.054679687500000115,2.12651e-08
134.556,0.0,0.054429687500000115,2.129215e-08
134.556,0.0,0.054179687500000115,2.144515e-08
134.556,0.0,0.053929687500000115,2.127325e-08
134.556,0.0,0.053679687500000114,2.136155e-08
134.556,0.0,0.053429687500000114,2.14158e-08
134.556,0.0,0.053179687500000114,2.1383150000000002e-08
134.556,0.0,0.052929687500000114,2.13792e-08
134.556,0.0,0.052679687500000114,2.16181e-08
134.556,0.0,0.05242968750000011,2.142105e-08
134.556,0.0,0.05217968750000011,2.1529150000000002e-08
134.556,0.0,0.05192968750000011,2.149375e-08
134.556,0.0,0.05167968750000011,2.1574550000000002e-08
134.556,0.0,0.05142968750000011,2.1497450000000002e-08
134.556,0.0,0.05117968750000011,2.151525e-08
134.556,0.0,0.05092968750000011,2.16561e-08
134.556,0.0,0.05067968750000011,2.141755e-08
134.556,0.0,0.05042968750000011,2.16875e-08
134.556,0.0,0.05017968750000011,2.16441e-08
134.556,0.0,0.04992968750000011,2.17324e-08
134.556,0.0,0.04967968750000011,2.16581e-08
134.556,0.0,0.04942968750000011,2.16475e-08
134.556,0.0,0.04917968750000011,2.17005e-08
134.556,0.0,0.04892968750000011,2.16054e-08
134.556,0.0,0.04867968750000012,2.16923e-08
134.556,0.0,0.04842968750000012,2.17661e-08
134.556,0.0,0.048179687500000117,2.166235e-08
134.556,0.0,0.047929687500000116,2.1758e-08
134.556,0.0,0.047679687500000116,2.16906e-08
134.556,0.0,0.047429687500000116,2.174785e-08
134.556,0.0,0.047179687500000116,2.16819e-08
134.556,0.0,0.046929687500000115,2.18087e-08
134.556,0.0,0.046679687500000115,2.18319e-08
134.556,0.0,0.046429687500000115,2.173825e-08
134.556,0.0,0.046179687500000115,2.181755e-08
134.556,0.0,0.045929687500000115,2.17532e-08
134.556,0.0,0.045679687500000114,2.184135e-08
134.556,0.0,0.045429687500000114,2.193715e-08
134.556,0.0,0.045179687500000114,2.188105e-08
134.556,0.0,0.044929687500000114,2.19559e-08
134.556,0.0,0.04467968750000011,2.189145e-08
134.556,0.0,0.04442968750000011,2.19413e-08
134.556,0.0,0.04417968750000011,2.19439e-08
134.556,0.0,0.04392968750000011,2.20283e-08
134.556,0.0,0.04367968750000011,2.206025e-08
134.556,0.0,0.04342968750000011,2.190015e-08
134.556,0.0,0.04317968750000011,2.18835e-08
134.556,0.0,0.04292968750000011,2.21282e-08
134.556,0.0,0.04267968750000011,2.215265e-08
134.556,0.0,0.04242968750000011,2.21677e-08
134.556,0.0,0.04217968750000011,2.190535e-08
134.556,0.0,0.04192968750000011,2.19094e-08
134.556,0.0,0.04167968750000011,2.20594e-08
134.556,0.0,0.04142968750000011,2.20561e-08
134.556,0.0,0.04117968750000011,2.208045e-08
134.556,0.0,0.04092968750000012,2.19917e-08
134.556,0.0,0.04067968750000012,2.211355e-08
134.556,0.0,0.04042968750000012,2.20866e-08
134.556,0.0,0.040179687500000116,2.216035e-08
134.556,0.0,0.039929687500000116,2.25285e-08
134.556,0.0,0.039679687500000116,2.212095e-08
134.556,0.0,0.039429687500000116,2.2341e-08
134.556,0.0,0.039179687500000115,2.21633e-08
134.556,0.0,0.038929687500000115,2.23098e-08
134.556,0.0,0.038679687500000115,2.230095e-08
134.556,0.0,0.038429687500000115,2.220235e-08
134.556,0.0,0.038179687500000115,2.2378e-08
134.556,0.0,0.037929687500000114,2.227285e-08
134.556,0.0,0.037679687500000114,2.22859e-08
134.556,0.0,0.037429687500000114,2.238415e-08
134.556,0.0,0.037179687500000114,2.229295e-08
134.556,0.0,0.03692968750000011,2.22477e-08
134.556,0.0,0.03667968750000011,2.217365e-08
134.556,0.0,0.03642968750000011,2.224695e-08
134.556,0.0,0.03617968750000011,2.222085e-08
134.556,0.0,0.03592968750000011,2.228875e-08
134.556,0.0,0.03567968750000011,2.229035e-08
134.556,0.0,0.03542968750000011,2.22011e-08
134.556,0.0,0.03517968750000011,2.23097e-08
134.556,0.0,0.03492968750000011,2.21724e-08
134.556,0.0,0.03467968750000011,2.214045e-08
134.556,0.0,0.03442968750000011,2.22039e-08
134.556,0.0,0.03417968750000011,2.2220100000000002e-08
134.556,0.0,0.03392968750000011,2.2219e-08
134.556,0.0,0.03367968750000011,2.216205e-08
134.556,0.0,0.03342968750000011,2.23061e-08
134.556,0.0,0.03317968750000012,2.22913e-08
134.556,0.0,0.03292968750000012,2.2231e-08
134.556,0.0,0.03267968750000012,2.216135e-08
134.556,0.0,0.032429687500000116,2.213415e-08
134.556,0.0,0.032179687500000116,2.22507e-08
134.556,0.0,0.031929687500000116,2.206385e-08
134.556,0.0,0.031679687500000116,2.21328e-08
134.556,0.0,0.031429687500000116,2.2248133333333333e-08
134.556,0.0,0.031179687500000115,2.2074e-08
134.556,0.0,0.030929687500000115,2.21401e-08
134.556,0.0,0.030679687500000115,2.208165e-08
134.556,0.0,0.030429687500000115,2.235365e-08
134.556,0.0,0.030179687500000114,2.2083e-08
134.556,0.0,0.029929687500000114,2.209945e-08
134.556,0.0,0.029679687500000114,2.21497e-08
134.556,0.0,0.029429687500000114,2.217905e-08
134.556,0.0,0.029179687500000114,2.199565e-08
134.556,0.0,0.028929687500000113,2.205875e-08
134.556,0.0,0.028679687500000113,2.193355e-08
134.556,0.0,0.028429687500000113,2.21031e-08
134.556,0.0,0.028179687500000113,2.2158e-08
134.556,0.0,0.027929687500000112,2.212125e-08
134.556,0.0,0.027679687500000112,2.20641e-08
134.556,0.0,0.027429687500000112,2.2111e-08
134.556,0.0,0.027179687500000115,2.215385e-08
134.556,0.0,0.026929687500000115,2.210535e-08
134.556,0.0,0.026679687500000115,2.1994e-08
134.556,0.0,0.026429687500000115,2.19871e-08
134.556,0.0,0.026179687500000114,2.20367e-08
134.556,0.0,0.025929687500000114,2.20303e-08
134.556,0.0,0.025679687500000114,2.20653e-08
134.556,0.0,0.025429687500000114,2.208345e-08
134.556,0.0,0.025179687500000113,2.20071e-08
134.556,0.0,0.024929687500000113,2.196385e-08
134.556,0.0,0.024679687500000113,2.1944666666666673e-08
134.556,0.0,0.024429687500000113,2.203875e-08
134.556,0.0,0.024179687500000113,2.18509e-08
134.556,0.0,0.023929687500000112,2.2026250000000002e-08
134.556,0.0,0.023679687500000112,2.19614e-08
134.556,0.0,0.023429687500000115,2.20096e-08
134.556,0.0,0.023179687500000115,2.20919e-08
134.556,0.0,0.022929687500000115,2.2185000000000003e-08
134.556,0.0,0.022679687500000115,2.20666e-08
134.556,0.0,0.022429687500000114,2.201035e-08
134.556,0.0,0.022179687500000114,2.20393e-08
134.556,0.0,0.021929687500000114,2.21608e-08
134.556,0.0,0.021679687500000114,2.196175e-08
134.556,0.0,0.021429687500000114,2.192965e-08
134.556,0.0,0.021179687500000113,2.20841e-08
134.556,0.0,0.020929687500000113,2.190655e-08
134.556,0.0,0.020679687500000113,2.20258e-08
134.556,0.0,0.020429687500000113,2.182985e-08
134.556,0.0,0.020179687500000112,2.18427e-08
134.556,0.0,0.019929687500000112,2.19169e-08
134.556,0.0,0.019679687500000112,2.1776600000000002e-08
134.556,0.0,0.019429687500000115,2.1767050000000002e-08
134.556,0.0,0.019179687500000115,2.18033e-08
134.556,0.0,0.018929687500000115,2.179455e-08
134.556,0.0,0.018679687500000115,2.17371e-08
134.556,0.0,0.018429687500000114,2.17725e-08
134.556,0.0,0.018179687500000114,2.18299e-08
134.556,0.0,0.017929687500000114,2.1743066666666664e-08
134.556,0.0,0.017679687500000114,2.171545e-08
134.556,0.0,0.017429687500000113,2.1602e-08
134.556,0.0,0.017179687500000113,2.1747e-08
134.556,0.0,0.016929687500000113,2.17229e-08
134.556,0.0,0.016679687500000113,2.15906e-08
134.556,0.0,0.016429687500000113,2.1703050000000002e-08
134.556,0.0,0.016179687500000112,2.16985e-08
134.556,0.0,0.015929687500000112,2.16526e-08
134.556,0.0,0.015679687500000115,2.17182e-08
134.556,0.0,0.015429687500000113,2.169015e-08
134.556,0.0,0.015179687500000113,2.1759850000000003e-08
134.556,0.0,0.014929687500000113,2.16872e-08
134.556,0.0,0.014679687500000115,2.165345e-08
134.556,0.0,0.014429687500000114,2.16212e-08
134.556,0.0,0.014179687500000114,2.167915e-08
134.556,0.0,0.013929687500000114,2.171545e-08
134.556,0.0,0.013679687500000114,2.16484e-08
134.556,0.0,0.013429687500000113,2.16627e-08
134.556,0.0,0.013179687500000113,2.16757e-08
134.556,0.0,0.012929687500000113,2.16512e-08
134.556,0.0,0.012679687500000114,2.171395e-08
134.556,0.0,0.012429687500000114,2.17168e-08
134.556,0.0,0.012179687500000114,2.1593150000000002e-08
134.556,0.0,0.011929687500000114,2.16954e-08
134.556,0.0,0.011679687500000114,2.15961e-08
134.556,0.0,0.011429687500000113,2.158805e-08
134.556,0.0,0.011179687500000113,2.161825e-08
134.556,0.0,0.010929687500000113,2.159385e-08
134.556,0.0,0.010679687500000114,2.1587050000000003e-08
134.556,0.0,0.010429687500000114,2.13815e-08
134.556,0.0,0.010179687500000114,2.149995e-08
134.556,0.0,0.009929687500000114,2.15312e-08
134.556,0.0,0.009679687500000114,2.155895e-08
134.556,0.0,0.009429687500000113,2.150545e-08
134.556,0.0,0.009179687500000113,2.147235e-08
134.556,0.0,0.008929687500000113,2.1575550000000003e-08
134.556,0.0,0.008679687500000114,2.14723e-08
134.556,0.0,0.008429687500000114,2.16808e-08
134.556,0.0,0.008179687500000114,2.16874e-08
134.556,0.0,0.007929687500000114,2.158145e-08
134.556,0.0,0.0076796875000001135,2.169995e-08
134.556,0.0,0.007429687500000113,2.17724e-08
134.556,0.0,0.007179687500000114,2.1691300000000002e-08
134.556,0.0,0.006929687500000114,2.1575e-08
134.556,0.0,0.0066796875000001135,2.167205e-08
134.556,0.0,0.006429687500000113,2.172775e-08
134.556,0.0,0.006179687500000114,2.164025e-08
134.556,0.0,0.005929687500000114,2.16382e-08
134.556,0.0,0.0056796875000001135,2.1614450000000002e-08
134.556,0.0,0.005429687500000114,2.1635e-08
134.556,0.0,0.005179687500000114,2.15871e-08
134.556,0.0,0.004929687500000114,2.15591e-08
134.556,0.0,0.0046796875000001134,2.1597450000000006e-08
134.556,0.0,0.004429687500000114,2.16718e-08
134.556,0.0,0.004179687500000114,2.164505e-08
134.556,0.0,0.003929687500000114,2.14755e-08
134.556,0.0,0.003679687500000114,2.16298e-08
134.556,0.0,0.0034296875000001136,2.16283e-08
134.556,0.0,0.003179687500000114,2.1597e-08
134.556,0.0,0.0029296875000001136,2.17107e-08
134.556,0.0,0.002679687500000114,2.16316e-08
134.556,0.0,0.0024296875000001136,2.15969e-08
134.556,0.0,0.002179687500000114,2.17153e-08
134.556,0.0,0.0019296875000001136,2.1799e-08
134.556,0.0,0.0016796875000001136,2.159145e-08
134.556,0.0,0.0014296875000001136,2.1699e-08
134.556,0.0,0.0011796875000001136,2.155455e-08
134.556,0.0,0.0009296875000001137,2.16479e-08
134.556,0.0,0.0006796875000001137,2.1668e-08
134.556,0.0,0.0004296875000001137,2.14962e-08
134.556,0.0,0.00017968750000011368,2.163215e-08
134.556,0.0,-7.031249999988632e-05,2.15629e-08
134.556,0.0,-0.00032031249999988633,2.16479e-08
134.556,0.0,-0.0005703124999998863,2.15511e-08
134.556,0.0,-0.0008203124999998863,2.15834e-08
134.556,0.0,-0.0010703124999998862,2.151425e-08
134.556,0.0,-0.0013203124999998862,2.14888e-08
134.556,0.0,-0.0015703124999998863,2.14867e-08
134.556,0.0,-0.0018203124999998863,2.16299e-08
134.556,0.0,-0.0020703124999998865,2.1553750000000002e-08
134.556,0.0,-0.0023203124999998863,2.15897e-08
134.556,0.0,-0.0025703124999998865,2.15213e-08
134.556,0.0,-0.0028203124999998863,2.17038e-08
134.556,0.0,-0.0030703124999998865,2.15989e-08
134.556,0.0,-0.0033203124999998863,2.16672e-08
134.556,0.0,-0.0035703124999998865,2.181375e-08
134.556,0.0,-0.0038203124999998863,2.16706e-08
134.556,0.0,-0.0040703124999998865,2.174075e-08
134.556,0.0,-0.004320312499999887,2.16273e-08
134.556,0.0,-0.004570312499999886,2.17355e-08
134.556,0.0,-0.004820312499999886,2.16882e-08
134.556,0.0,-0.0050703124999998865,2.1767566666666665e-08
134.556,0.0,-0.005320312499999886,2.15256e-08
134.556,0.0,-0.005570312499999886,2.161865e-08
134.556,0.0,-0.005820312499999886,2.171705e-08
134.556,0.0,-0.0060703124999998866,2.16312e-08
134.556,0.0,-0.006320312499999886,2.16953e-08
134.556,0.0,-0.006570312499999886,2.173945e-08
134.556,0.0,-0.006820312499999886,2.1791300000000006e-08
134.556,0.0,-0.007070312499999887,2.1757e-08
134.556,0.0,-0.007320312499999886,2.18279e-08
134.556,0.0,-0.007570312499999886,2.193785e-08
134.556,0.0,-0.007820312499999886,2.18832e-08
134.556,0.0,-0.008070312499999887,2.18076e-08
134.556,0.0,-0.008320312499999887,2.18587e-08
134.556,0.0,-0.008570312499999887,2.1753850000000006e-08
134.556,0.0,-0.008820312499999886,2.184025e-08
134.556,0.0,-0.009070312499999886,2.18872e-08
134.556,0.0,-0.009320312499999886,2.18553e-08
134.556,0.0,-0.009570312499999886,2.19369e-08
134.556,0.0,-0.009820312499999886,2.19159e-08
134.556,0.0,-0.010070312499999887,2.1968000000000002e-08
134.556,0.0,-0.010320312499999887,2.19371e-08
134.556,0.0,-0.010570312499999887,2.19225e-08
134.556,0.0,-0.010820312499999886,2.18355e-08
134.556,0.0,-0.011070312499999886,2.19616e-08
134.556,0.0,-0.011320312499999886,2.189905e-08
134.556,0.0,-0.011570312499999886,2.19973e-08
134.556,0.0,-0.011820312499999886,2.20326e-08
134.556,0.0,-0.012070312499999887,2.20896e-08
134.556,0.0,-0.012320312499999887,2.19707e-08
134.556,0.0,-0.012570312499999887,2.2109e-08
134.556,0.0,-0.012820312499999886,2.1955900000000003e-08
134.556,0.0,-0.013070312499999886,2.205815e-08
134.556,0.0,-0.013320312499999886,2.210855e-08
134.556,0.0,-0.013570312499999886,2.215045e-08
134.556,0.0,-0.013820312499999887,2.215e-08
134.556,0.0,-0.014070312499999887,2.22734e-08
134.556,0.0,-0.014320312499999887,2.23205e-08
134.556,0.0,-0.014570312499999887,2.224015e-08
134.556,0.0,-0.014820312499999886,2.231105e-08
134.556,0.0,-0.015070312499999886,2.2303e-08
134.556,0.0,-0.015320312499999886,2.2316e-08
134.556,0.0,-0.015570312499999886,2.238895e-08
134.556,0.0,-0.015820312499999885,2.24052e-08
134.556,0.0,-0.016070312499999885,2.23622e-08
134.556,0.0,-0.016320312499999885,2.23344e-08
134.556,0.0,-0.016570312499999885,2.24477e-08
134.556,0.0,-0.016820312499999886,2.2535350000000002e-08
134.556,0.0,-0.017070312499999886,2.243505e-08
134.556,0.0,-0.017320312499999886,2.25485e-08
134.556,0.0,-0.017570312499999886,2.254445e-08
134.556,0.0,-0.017820312499999887,2.258725e-08
134.556,0.0,-0.018070312499999887,2.247135e-08
134.556,0.0,-0.018320312499999887,2.2586500000000002e-08
134.556,0.0,-0.018570312499999887,2.25937e-08
134.556,0.0,-0.018820312499999887,2.261615e-08
134.556,0.0,-0.019070312499999888,2.268595e-08
134.556,0.0,-0.019320312499999888,2.26822e-08
134.556,0.0,-0.019570312499999885,2.26046e-08
134.556,0.0,-0.019820312499999885,2.26998e-08
134.556,0.0,-0.020070312499999885,2.266265e-08
134.556,0.0,-0.020320312499999885,2.264555e-08
134.556,0.0,-0.020570312499999886,2.28248e-08
134.556,0.0,-0.020820312499999886,2.276735e-08
134.556,0.0,-0.021070312499999886,2.2737e-08
134.556,0.0,-0.021320312499999886,2.28161e-08
134.556,0.0,-0.021570312499999886,2.282845e-08
134.556,0.0,-0.021820312499999887,2.2816e-08
134.556,0.0,-0.022070312499999887,2.27403e-08
134.556,0.0,-0.022320312499999887,2.28482e-08
134.556,0.0,-0.022570312499999887,2.280753333333333e-08
134.556,0.0,-0.022820312499999888,2.28284e-08
134.556,0.0,-0.023070312499999888,2.285215e-08
134.556,0.0,-0.023320312499999888,2.285815e-08
134.556,0.0,-0.023570312499999885,2.292555e-08
134.556,0.0,-0.023820312499999885,2.28712e-08
134.556,0.0,-0.024070312499999885,2.29552e-08
134.556,0.0,-0.024320312499999885,2.297415e-08
134.556,0.0,-0.024570312499999886,2.293965e-08
134.556,0.0,-0.024820312499999886,2.29684e-08
134.556,0.0,-0.025070312499999886,2.29389e-08
134.556,0.0,-0.025320312499999886,2.290945e-08
134.556,0.0,-0.025570312499999887,2.297945e-08
134.556,0.0,-0.025820312499999887,2.3031100000000002e-08
134.556,0.0,-0.026070312499999887,2.29466e-08
134.556,0.0,-0.026320312499999887,2.2911800000000006e-08
134.556,0.0,-0.026570312499999887,2.2914600000000002e-08
134.556,0.0,-0.026820312499999888,2.297225e-08
134.556,0.0,-0.027070312499999888,2.28664e-08
134.556,0.0,-0.027320312499999885,2.300045e-08
134.556,0.0,-0.027570312499999885,2.30202e-08
134.556,0.0,-0.027820312499999885,2.29658e-08
134.556,0.0,-0.028070312499999885,2.30021e-08
134.556,0.0,-0.028320312499999886,2.296785e-08
134.556,0.0,-0.028570312499999886,2.291795e-08
134.556,0.0,-0.028820312499999886,2.294505e-08
134.556,0.0,-0.029070312499999886,2.297725e-08
134.556,0.0,-0.029320312499999886,2.30107e-08
134.556,0.0,-0.029570312499999887,2.296395e-08
134.556,0.0,-0.029820312499999887,2.289325e-08
134.556,0.0,-0.030070312499999887,2.29477e-08
134.556,0.0,-0.030320312499999887,2.30172e-08
134.556,0.0,-0.030570312499999888,2.29995e-08
134.556,0.0,-0.030820312499999888,2.298405e-08
134.556,0.0,-0.031070312499999888,2.30229e-08
134.556,0.0,-0.031320312499999885,2.3052966666666665e-08
134.556,0.0,-0.031570312499999885,2.308975e-08
134.556,0.0,-0.031820312499999885,2.31619e-08
134.556,0.0,-0.032070312499999885,2.31573e-08
134.556,0.0,-0.032320312499999886,2.307315e-08
134.556,0.0,-0.032570312499999886,2.310805e-08
134.556,0.0,-0.032820312499999886,2.3170250000000002e-08
134.556,0.0,-0.033070312499999886,2.30896e-08
134.556,0.0,-0.033320312499999886,2.307335e-08
134.556,0.0,-0.03357031249999989,2.320045e-08
134.556,0.0,-0.03382031249999989,2.316815e-08
134.556,0.0,-0.03407031249999989,2.315365e-08
134.556,0.0,-0.03432031249999989,2.32014e-08
134.556,0.0,-0.03457031249999989,2.318295e-08
134.556,0.0,-0.03482031249999989,2.313485e-08
134.556,0.0,-0.03507031249999989,2.31353e-08
134.556,0.0,-0.03532031249999989,2.319685e-08
134.556,0.0,-0.03557031249999989,2.30993e-08
134.556,0.0,-0.03582031249999989,2.31319e-08
134.556,0.0,-0.03607031249999989,2.31322e-08
134.556,0.0,-0.03632031249999989,2.309925e-08
134.556,0.0,-0.03657031249999989,2.313685e-08
134.556,0.0,-0.03682031249999989,2.31852e-08
134.556,0.0,-0.03707031249999988,2.31559e-08
134.556,0.0,-0.03732031249999988,2.31245e-08
134.556,0.0,-0.03757031249999988,2.3135250000000002e-08
134.556,0.0,-0.037820312499999884,2.3161e-08
134.556,0.0,-0.038070312499999884,2.31582e-08
134.556,0.0,-0.038320312499999884,2.3142366666666665e-08
134.556,0.0,-0.038570312499999884,2.32249e-08
134.556,0.0,-0.038820312499999884,2.3351e-08
134.556,0.0,-0.039070312499999885,2.32927e-08
134.556,0.0,-0.039320312499999885,2.32336e-08
134.556,0.0,-0.039570312499999885,2.32681e-08
134.556,0.0,-0.039820312499999885,2.33707e-08
134.556,0.0,-0.040070312499999886,2.33426e-08
134.556,0.0,-0.040320312499999886,2.3371950000000003e-08
134.556,0.0,-0.040570312499999886,2.34679e-08
134.556,0.0,-0.040820312499999886,2.33606e-08
134.556,0.0,-0.041070312499999886,2.34189e-08
134.556,0.0,-0.04132031249999989,2.333675e-08
134.556,0.0,-0.04157031249999989,2.333425e-08
134.556,0.0,-0.04182031249999989,2.32914e-08
134.556,0.0,-0.04207031249999989,2.34356e-08
134.556,0.0,-0.04232031249999989,2.334415e-08
134.556,0.0,-0.04257031249999989,2.33585e-08
134.556,0.0,-0.04282031249999989,2.335375e-08
134.556,0.0,-0.04307031249999989,2.339295e-08
134.556,0.0,-0.04332031249999989,2.33985e-08
134.556,0.0,-0.04357031249999989,2.33867e-08
134.556,0.0,-0.04382031249999989,2.3306e-08
134.556,0.0,-0.04407031249999989,2.334615e-08
134.556,0.0,-0.04432031249999989,2.33997e-08
134.556,0.0,-0.04457031249999989,2.33884e-08
134.556,0.0,-0.04482031249999989,2.33298e-08
134.556,0.0,-0.04507031249999988,2.343275e-08
134.556,0.0,-0.04532031249999988,2.35117e-08
134.556,0.0,-0.045570312499999883,2.3694150000000002e-08
134.556,0.0,-0.045820312499999884,2.35601e-08
134.556,0.0,-0.046070312499999884,2.356785e-08
134.556,0.0,-0.046320312499999884,2.36431e-08
134.556,0.0,-0.046570312499999884,2.3662e-08
134.556,0.0,-0.046820312499999885,2.35586e-08
134.556,0.0,-0.047070312499999885,2.36389e-08
134.556,0.0,-0.047320312499999885,2.36849e-08
134.556,0.0,-0.047570312499999885,2.37569e-08
134.556,0.0,-0.047820312499999885,2.36625e-08
134.556,0.0,-0.048070312499999886,2.36645e-08
134.556,0.0,-0.048320312499999886,2.3716e-08
134.556,0.0,-0.048570312499999886,2.36332e-08
134.556,0.0,-0.048820312499999886,2.36967e-08
134.556,0.0,-0.04907031249999989,2.3698450000000006e-08
134.556,0.0,-0.04932031249999989,2.368175e-08
134.556,0.0,-0.04957031249999989,2.373805e-08
134.556,0.0,-0.04982031249999989,2.375795e-08
134.556,0.0,-0.05007031249999989,2.3878e-08
134.556,0.0,-0.05032031249999989,2.37826e-08
134.556,0.0,-0.05057031249999989,2.37953e-08
134.556,0.0,-0.05082031249999989,2.37729e-08
134.556,0.0,-0.05107031249999989,2.39608e-08
134.556,0.0,-0.05132031249999989,2.384965e-08
134.556,0.0,-0.05157031249999989,2.384905e-08
134.556,0.0,-0.05182031249999989,2.38784e-08
134.556,0.0,-0.05207031249999989,2.385955e-08
134.556,0.0,-0.05232031249999989,2.381235e-08
134.556,0.0,-0.05257031249999989,2.3968e-08
134.556,0.0,-0.05282031249999988,2.37893e-08
134.556,0.0,-0.05307031249999988,2.397355e-08
134.556,0.0,-0.05332031249999988,2.39927e-08
134.556,0.0,-0.053570312499999884,2.38614e-08
134.556,0.0,-0.053820312499999884,2.387e-08
134.556,0.0,-0.054070312499999884,2.399095e-08
134.556,0.0,-0.054320312499999884,2.3935866666666668e-08
134.556,0.0,-0.054570312499999885,2.390755e-08
134.556,0.0,-0.054820312499999885,2.39108e-08
134.556,0.0,-0.055070312499999885,2.38972e-08
134.556,0.0,-0.055320312499999885,2.38998e-08
134.556,0.0,-0.055570312499999885,2.39029e-08
134.556,0.0,-0.055820312499999886,2.3932e-08
134.556,0.0,-0.056070312499999886,2.39017e-08
134.556,0.0,-0.056320312499999886,2.383315e-08
134.556,0.0,-0.056570312499999886,2.38086e-08
134.556,0.0,-0.05682031249999989,2.395585e-08
134.556,0.0,-0.05707031249999989,2.38993e-08
134.556,0.0,-0.05732031249999989,2.39002e-08
134.556,0.0,-0.05757031249999989,2.40277e-08
134.556,0.0,-0.05782031249999989,2.39594e-08
134.556,0.0,-0.05807031249999989,2.398135e-08
134.556,0.0,-0.05832031249999989,2.39756e-08
134.556,0.0,-0.05857031249999989,2.404855e-08
134.556,0.0,-0.05882031249999989,2.397605e-08
134.556,0.0,-0.05907031249999989,2.39482e-08
134.556,0.0,-0.05932031249999989,2.405375e-08
134.556,0.0,-0.05957031249999989,2.40102e-08
134.556,0.0,-0.05982031249999989,2.405095e-08
134.556,0.0,-0.06007031249999989,2.40461e-08
134.556,0.0,-0.06032031249999989,2.408385e-08
134.556,0.0,-0.06057031249999988,2.41403e-08
134.556,0.0,-0.06082031249999988,2.417105e-08
134.556,0.0,-0.06107031249999988,2.428745e-08
134.556,0.0,-0.061320312499999884,2.42999e-08
134.556,0.0,-0.061570312499999884,2.4362e-08
134.556,0.0,-0.061820312499999884,2.43417e-08
134.556,0.0,-0.062070312499999884,2.44498e-08
134.556,0.0,-0.062320312499999884,2.443335e-08
134.556,0.0,-0.06257031249999989,2.44319e-08
134.556,0.0,-0.06282031249999989,2.44634e-08
134.556,0.0,-0.06307031249999989,2.44746e-08
134.556,0.0,-0.06332031249999989,2.44925e-08
134.556,0.0,-0.06357031249999989,2.45048e-08
134.556,0.0,-0.06382031249999989,2.459155e-08
134.556,0.0,-0.06407031249999989,2.4535750000000002e-08
134.556,0.0,-0.0643203124999999,2.45417e-08
134.556,0.0,-0.06457031249999988,2.45289e-08
134.556,0.0,-0.06482031249999988,2.445505e-08
134.556,0.0,-0.06507031249999988,2.4488e-08
134.556,0.0,-0.06532031249999988,2.4621800000000003e-08
134.556,0.0,-0.06557031249999988,2.45534e-08
134.556,0.0,-0.06582031249999988,2.45333e-08
134.556,0.0,-0.06607031249999988,2.460825e-08
134.556,0.0,-0.06632031249999988,2.45419e-08
134.556,0.0,-0.06657031249999988,2.45529e-08
134.556,0.0,-0.06682031249999988,2.45627e-08
134.556,0.0,-0.06707031249999988,2.465105e-08
134.556,0.0,-0.06732031249999988,2.45351e-08
134.556,0.0,-0.06757031249999988,2.468045e-08
134.556,0.0,-0.06782031249999988,2.460645e-08
134.556,0.0,-0.06807031249999988,2.46394e-08
134.556,0.0,-0.06832031249999988,2.456065e-08
134.556,0.0,-0.06857031249999988,2.46626e-08
134.556,0.0,-0.06882031249999988,2.462875e-08
134.556,0.0,-0.06907031249999988,2.4577850000000002e-08
134.556,0.0,-0.06932031249999988,2.46355e-08
134.556,0.0,-0.06957031249999988,2.46638e-08
134.556,0.0,-0.06982031249999988,2.465105e-08
134.556,0.0,-0.07007031249999988,2.468305e-08
134.556,0.0,-0.07032031249999988,2.4691050000000002e-08
134.556,0.0,-0.07057031249999988,2.46766e-08
134.556,0.0,-0.07082031249999989,2.47281e-08
134.556,0.0,-0.07107031249999989,2.482325e-08
134.556,0.0,-0.07132031249999989,2.4945350000000002e-08
134.556,0.0,-0.07157031249999989,2.47717e-08
134.556,0.0,-0.07182031249999989,2.489e-08
134.556,0.0,-0.07207031249999989,2.5024300000000006e-08
134.556,0.0,-0.07232031249999989,2.505275e-08
134.556,0.0,-0.07257031249999989,2.50977e-08
134.556,0.0,-0.07282031249999989,2.5103e-08
134.556,0.0,-0.07307031249999989,2.515865e-08
134.556,0.0,-0.07332031249999989,2.5183e-08
134.556,0.0,-0.07357031249999989,2.51707e-08
134.556,0.0,-0.07382031249999989,2.51797e-08
134.556,0.0,-0.07407031249999989,2.5283e-08
134.556,0.0,-0.07432031249999989,2.527535e-08
134.556,0.0,-0.07457031249999989,2.531255e-08
134.556,0.0,-0.07482031249999989,2.539145e-08
134.556,0.0,-0.07507031249999989,2.53414e-08
134.556,0.0,-0.07532031249999989,2.54476e-08
134.556,0.0,-0.07557031249999989,2.53864e-08
134.556,0.0,-0.07582031249999989,2.553145e-08
134.556,0.0,-0.07607031249999989,2.553525e-08
134.556,0.0,-0.07632031249999989,2.558865e-08
134.556,0.0,-0.07657031249999989,2.56477e-08
134.556,0.0,-0.07682031249999989,2.5699e-08
134.556,0.0,-0.07707031249999989,2.577635e-08
134.556,0.0,-0.07732031249999989,2.58242e-08
134.556,0.0,-0.07757031249999989,2.579305e-08
134.556,0.0,-0.07782031249999989,2.59069e-08
134.556,0.0,-0.07807031249999989,2.596075e-08
134.556,0.0,-0.07832031249999989,2.6089250000000003e-08
134.556,0.0,-0.07857031249999989,2.60933e-08
134.556,0.0,-0.07882031249999989,2.600595e-08
134.556,0.0,-0.07907031249999989,2.616733333333333e-08
134.556,0.0,-0.07932031249999989,2.61746e-08
134.556,0.0,-0.07957031249999989,2.61839e-08
134.556,0.0,-0.0798203124999999,2.633315e-08
134.556,0.0,-0.08007031249999988,2.64096e-08
134.556,0.0,-0.08032031249999988,2.63311e-08
134.556,0.0,-0.08057031249999988,2.63538e-08
134.556,0.0,-0.08082031249999988,2.646235e-08
134.556,0.0,-0.08107031249999988,2.64903e-08
134.556,0.0,-0.08132031249999988,2.657245e-08
134.556,0.0,-0.08157031249999988,2.66277e-08
134.556,0.0,-0.08182031249999988,2.668535e-08
134.556,0.0,-0.08207031249999988,2.674455e-08
134.556,0.0,-0.08232031249999988,2.67866e-08
134.556,0.0,-0.08257031249999988,2.67266e-08
134.556,0.0,-0.08282031249999988,2.68354e-08
134.556,0.0,-0.08307031249999988,2.691085e-08
134.556,0.0,-0.08332031249999988,2.697065e-08
134.556,0.0,-0.08357031249999988,2.71664e-08
134.556,0.0,-0.08382031249999988,2.712445e-08
134.556,0.0,-0.08407031249999988,2.72332e-08
134.556,0.0,-0.08432031249999988,2.73254e-08
134.556,0.0,-0.08457031249999988,2.73572e-08
134.556,0.0,-0.08482031249999988,2.74158e-08
134.556,0.0,-0.08507031249999988,2.750965e-08
134.556,0.0,-0.08532031249999988,2.75807e-08
134.556,0.0,-0.08557031249999988,2.76188e-08
134.556,0.0,-0.08582031249999988,2.7709050000000003e-08
134.556,0.0,-0.08607031249999988,2.7795633333333334e-08
134.556,0.0,-0.08632031249999988,2.77985e-08
134.556,0.0,-0.08657031249999989,2.79881e-08
134.556,0.0,-0.08682031249999989,2.80971e-08
134.556,0.0,-0.08707031249999989,2.82239e-08
134.556,0.0,-0.08732031249999989,2.82981e-08
134.556,0.0,-0.08757031249999989,2.83552e-08
134.556,0.0,-0.08782031249999989,2.83171e-08
134.556,0.0,-0.08807031249999989,2.85302e-08
134.556,0.0,-0.08832031249999989,2.855805e-08
134.556,0.0,-0.08857031249999989,2.8616350000000002e-08
134.556,0.0,-0.08882031249999989,2.874715e-08
134.556,0.0,-0.08907031249999989,2.873595e-08
134.556,0.0,-0.08932031249999989,2.88366e-08
134.556,0.0,-0.08957031249999989,2.884585e-08
134.556,0.0,-0.08982031249999989,2.893115e-08
134.556,0.0,-0.09007031249999989,2.89e-08
134.556,0.0,-0.09032031249999989,2.90447e-08
134.556,0.0,-0.09057031249999989,2.909005e-08
134.556,0.0,-0.09082031249999989,2.9186400000000006e-08
134.556,0.0,-0.09107031249999989,2.92992e-08
134.556,0.0,-0.09132031249999989,2.93134e-08
134.556,0.0,-0.09157031249999989,2.94373e-08
134.556,0.0,-0.09182031249999989,2.949825e-08
134.556,0.0,-0.09207031249999989,2.9524050000000003e-08
134.556,0.0,-0.09232031249999989,2.965085e-08
134.556,0.0,-0.09257031249999989,2.98504e-08
134.556,0.0,-0.09282031249999989,2.99457e-08
134.556,0.0,-0.09307031249999989,3.0124450000000003e-08
134.556,0.0,-0.09332031249999989,3.03179e-08
134.556,0.0,-0.09357031249999989,3.0305e-08
134.556,0.0,-0.09382031249999989,3.039805e-08
134.556,0.0,-0.09407031249999989,3.05609e-08
134.556,0.0,-0.09432031249999989,3.07318e-08
134.556,0.0,-0.09457031249999989,3.063705e-08
134.556,0.0,-0.09482031249999989,3.08306e-08
134.556,0.0,-0.09507031249999989,3.094765e-08
134.556,0.0,-0.09532031249999989,3.099015e-08
134.556,0.0,-0.0955703124999999,3.1096e-08
134.556,0.0,-0.09582031249999988,3.1138699999999995e-08
134.556,0.0,-0.09607031249999988,3.131125e-08
134.556,0.0,-0.09632031249999988,3.13296e-08
134.556,0.0,-0.09657031249999988,3.138995e-08
134.556,0.0,-0.09682031249999988,3.1440400000000004e-08
134.556,0.0,-0.09707031249999988,3.14366e-08
134.556,0.0,-0.09732031249999988,3.15008e-08
134.556,0.0,-0.09757031249999988,3.157425e-08
134.556,0.0,-0.09782031249999988,3.149355e-08
134.556,0.0,-0.09807031249999988,3.15657e-08
134.556,0.0,-0.09832031249999988,3.14879e-08
134.556,0.0,-0.09857031249999988,3.1530299999999995e-08
134.556,0.0,-0.09882031249999988,3.1436799999999995e-08
134.556,0.0,-0.09907031249999988,3.13882e-08
134.556,0.0,-0.09932031249999988,3.12974e-08
134.556,0.0,-0.09957031249999988,3.111265e-08
134.556,0.0,-0.09982031249999988,3.1121150000000006e-08
134.556,0.0,-0.10007031249999988,3.08961e-08
134.556,0.0,-0.10032031249999988,3.091345e-08
134.556,0.0,-0.10057031249999988,3.079e-08
134.556,0.0,-0.10082031249999988,3.05748e-08
134.556,0.0,-0.10107031249999988,3.03538e-08
134.556,0.0,-0.10132031249999988,3.01551e-08
134.556,0.0,-0.10157031249999988,2.988825e-08
134.556,0.0,-0.10182031249999988,2.954975e-08
134.556,0.0,-0.10207031249999989,2.92512e-08
134.556,0.0,-0.10232031249999989,2.88886e-08
134.556,0.0,-0.10257031249999989,2.84512e-08
134.556,0.0,-0.10282031249999989,2.802825e-08
134.556,0.0,-0.10307031249999989,2.75185e-08
134.556,0.0,-0.10332031249999989,2.71618e-08
134.556,0.0,-0.10357031249999989,2.656175e-08
134.556,0.0,-0.10382031249999989,2.598015e-08
144.056,0.0,0.9309296875000002,4.17329e-09
144.056,0.0,0.9306796875000001,4.239879999999999e-09
144.056,0.0,0.9304296875000001,4.3171649999999995e-09
144.056,0.0,0.9301796875000001,4.51005e-09
144.056,0.0,0.9299296875000002,4.54055e-09
144.056,0.0,0.9296796875000001,4.5411550000000005e-09
144.056,0.0,0.9294296875000001,4.58686e-09
144.056,0.0,0.9291796875000001,4.56492e-09
144.056,0.0,0.9289296875000002,4.57184e-09
144.056,0.0,0.9286796875000001,4.414565e-09
144.056,0.0,0.9284296875000001,4.24692e-09
144.056,0.0,0.9281796875000001,4.29442e-09
144.056,0.0,0.9279296875000002,4.104475e-09
144.056,0.0,0.9276796875000001,4.11783e-09
144.056,0.0,0.9274296875000001,4.50359e-09
144.056,0.0,0.9271796875000001,5.140955e-09
144.056,0.0,0.9269296875000002,5.905905e-09
144.056,0.0,0.9266796875000001,6.905855e-09
144.056,0.0,0.9264296875000001,7.74313e-09
144.056,0.0,0.9261796875000001,8.582845e-09
144.056,0.0,0.9259296875000002,9.259553333333337e-09
144.056,0.0,0.9256796875000001,9.17475e-09
144.056,0.0,0.9254296875000001,9.28254e-09
144.056,0.0,0.9251796875000001,9.287025e-09
144.056,0.0,0.9249296875000002,9.213645e-09
144.056,0.0,0.9246796875000001,9.21853e-09
144.056,0.0,0.9244296875000001,9.312805e-09
144.056,0.0,0.9241796875000001,9.95989e-09
144.056,0.0,0.9239296875000002,1.08645e-08
144.056,0.0,0.9236796875000001,1.18463e-08
144.056,0.0,0.9234296875000001,1.23652e-08
144.056,0.0,0.9231796875000001,1.306795e-08
144.056,0.0,0.9229296875000002,1.3682450000000001e-08
144.056,0.0,0.9226796875000001,1.43569e-08
144.056,0.0,0.9224296875000001,1.495185e-08
144.056,0.0,0.9221796875000001,1.58891e-08
144.056,0.0,0.9219296875000002,1.67135e-08
144.056,0.0,0.9216796875000001,1.758595e-08
144.056,0.0,0.9214296875000001,1.84132e-08
144.056,0.0,0.9211796875000001,1.892445e-08
144.056,0.0,0.9209296875000001,1.946045e-08
144.056,0.0,0.9206796875000001,2.00629e-08
144.056,0.0,0.9204296875000001,2.06207e-08
144.056,0.0,0.9201796875000001,2.11525e-08
144.056,0.0,0.9199296875000001,2.170705e-08
144.056,0.0,0.9196796875000001,2.202385e-08
144.056,0.0,0.9194296875000001,2.241705e-08
144.056,0.0,0.9191796875000001,2.270645e-08
144.056,0.0,0.9189296875000001,2.28836e-08
144.056,0.0,0.9186796875000001,2.33252e-08
144.056,0.0,0.9184296875000001,2.334535e-08
144.056,0.0,0.9181796875000001,2.33802e-08
144.056,0.0,0.9179296875000001,2.355655e-08
144.056,0.0,0.9176796875000001,2.3872e-08
144.056,0.0,0.9174296875000001,2.408305e-08
144.056,0.0,0.9171796875000001,2.426325e-08
144.056,0.0,0.9169296875000001,2.4431766666666663e-08
144.056,0.0,0.9166796875000001,2.4493e-08
144.056,0.0,0.9164296875000001,2.456405e-08
144.056,0.0,0.9161796875000001,2.45829e-08
144.056,0.0,0.9159296875000001,2.459305e-08
144.056,0.0,0.9156796875000001,2.45174e-08
144.056,0.0,0.9154296875000001,2.453505e-08
144.056,0.0,0.9151796875000001,2.44929e-08
144.056,0.0,0.9149296875000001,2.44243e-08
144.056,0.0,0.9146796875000001,2.440255e-08
144.056,0.0,0.9144296875000001,2.428555e-08
144.056,0.0,0.9141796875000001,2.438055e-08
144.056,0.0,0.9139296875000001,2.4402850000000002e-08
144.056,0.0,0.9136796875000001,2.43683e-08
144.056,0.0,0.9134296875000001,2.439505e-08
144.056,0.0,0.9131796875000001,2.43815e-08
144.056,0.0,0.9129296875000001,2.433445e-08
144.056,0.0,0.9126796875000001,2.426815e-08
144.056,0.0,0.9124296875000001,2.42887e-08
144.056,0.0,0.9121796875000001,2.43074e-08
144.056,0.0,0.9119296875000001,2.43664e-08
144.056,0.0,0.9116796875000002,2.44407e-08
144.056,0.0,0.9114296875000001,2.43263e-08
144.056,0.0,0.9111796875000001,2.43024e-08
144.056,0.0,0.9109296875000001,2.42124e-08
144.056,0.0,0.9106796875000002,2.414075e-08
144.056,0.0,0.9104296875000001,2.40533e-08
144.056,0.0,0.9101796875000001,2.39847e-08
144.056,0.0,0.9099296875000001,2.38688e-08
144.056,0.0,0.9096796875000002,2.390385e-08
144.056,0.0,0.9094296875000001,2.385735e-08
144.056,0.0,0.9091796875000001,2.382765e-08
144.056,0.0,0.9089296875000001,2.36554e-08
144.056,0.0,0.9086796875000002,2.36719e-08
144.056,0.0,0.9084296875000001,2.354665e-08
144.056,0.0,0.9081796875000001,2.3478233333333334e-08
144.056,0.0,0.9079296875000001,2.33182e-08
144.056,0.0,0.9076796875000002,2.33869e-08
144.056,0.0,0.9074296875000001,2.33258e-08
144.056,0.0,0.9071796875000001,2.33388e-08
144.056,0.0,0.9069296875000001,2.33492e-08
144.056,0.0,0.9066796875000002,2.32854e-08
144.056,0.0,0.9064296875000001,2.325675e-08
144.056,0.0,0.9061796875000001,2.325295e-08
144.056,0.0,0.9059296875000001,2.313775e-08
144.056,0.0,0.9056796875000002,2.31209e-08
144.056,0.0,0.9054296875000001,2.303645e-08
144.056,0.0,0.9051796875000001,2.288285e-08
144.056,0.0,0.9049296875000001,2.29299e-08
144.056,0.0,0.9046796875000002,2.290445e-08
144.056,0.0,0.9044296875000001,2.28819e-08
144.056,0.0,0.9041796875000001,2.280395e-08
144.056,0.0,0.9039296875000001,2.268775e-08
144.056,0.0,0.9036796875000002,2.2643e-08
144.056,0.0,0.9034296875000001,2.25594e-08
144.056,0.0,0.9031796875000001,2.26014e-08
144.056,0.0,0.9029296875000001,2.25293e-08
144.056,0.0,0.9026796875000002,2.247595e-08
144.056,0.0,0.9024296875000001,2.23615e-08
144.056,0.0,0.9021796875000001,2.237155e-08
144.056,0.0,0.9019296875000001,2.24269e-08
144.056,0.0,0.9016796875000002,2.2389800000000003e-08
144.056,0.0,0.9014296875000001,2.24212e-08
144.056,0.0,0.9011796875000001,2.2222e-08
144.056,0.0,0.9009296875000001,2.21597e-08
144.056,0.0,0.9006796875000002,2.21528e-08
144.056,0.0,0.9004296875000001,2.214995e-08
144.056,0.0,0.9001796875000001,2.211255e-08
144.056,0.0,0.8999296875000001,2.20355e-08
144.056,0.0,0.8996796875000002,2.203355e-08
144.056,0.0,0.8994296875000001,2.19613e-08
144.056,0.0,0.8991796875000001,2.191425e-08
144.056,0.0,0.8989296875000001,2.18321e-08
144.056,0.0,0.8986796875000002,2.17651e-08
144.056,0.0,0.8984296875000001,2.17789e-08
144.056,0.0,0.8981796875000001,2.172855e-08
144.056,0.0,0.8979296875000001,2.16334e-08
144.056,0.0,0.8976796875000002,2.16e-08
144.056,0.0,0.8974296875000001,2.159035e-08
144.056,0.0,0.8971796875000001,2.154575e-08
144.056,0.0,0.8969296875000001,2.137715e-08
144.056,0.0,0.8966796875000002,2.14175e-08
144.056,0.0,0.8964296875000001,2.13531e-08
144.056,0.0,0.8961796875000001,2.13116e-08
144.056,0.0,0.8959296875000001,2.12536e-08
144.056,0.0,0.8956796875000002,2.12113e-08
144.056,0.0,0.8954296875000001,2.121315e-08
144.056,0.0,0.8951796875000001,2.12452e-08
144.056,0.0,0.8949296875000001,2.1083e-08
144.056,0.0,0.8946796875000002,2.11045e-08
144.056,0.0,0.8944296875000001,2.104743333333333e-08
144.056,0.0,0.8941796875000001,2.099355e-08
144.056,0.0,0.8939296875000001,2.09257e-08
144.056,0.0,0.8936796875000002,2.095735e-08
144.056,0.0,0.8934296875000001,2.0817150000000002e-08
144.056,0.0,0.8931796875000001,2.07885e-08
144.056,0.0,0.8929296875000001,2.07004e-08
144.056,0.0,0.8926796875000002,2.07588e-08
144.056,0.0,0.8924296875000001,2.06529e-08
144.056,0.0,0.8921796875000001,2.06756e-08
144.056,0.0,0.8919296875000001,2.055955e-08
144.056,0.0,0.8916796875000002,2.05053e-08
144.056,0.0,0.8914296875000001,2.0456e-08
144.056,0.0,0.8911796875000001,2.056045e-08
144.056,0.0,0.8909296875000001,2.04119e-08
144.056,0.0,0.8906796875000002,2.03217e-08
144.056,0.0,0.8904296875000001,2.034745e-08
144.056,0.0,0.8901796875000001,2.0227550000000003e-08
144.056,0.0,0.8899296875000001,2.015905e-08
144.056,0.0,0.8896796875000001,2.008085e-08
144.056,0.0,0.8894296875000001,2.008425e-08
144.056,0.0,0.8891796875000001,1.99849e-08
144.056,0.0,0.8889296875000001,1.999065e-08
144.056,0.0,0.8886796875000001,2.005125e-08
144.056,0.0,0.8884296875000001,2.00125e-08
144.056,0.0,0.8881796875000001,1.998895e-08
144.056,0.0,0.8879296875000001,1.99182e-08
144.056,0.0,0.8876796875000001,1.993135e-08
144.056,0.0,0.8874296875000001,1.99317e-08
144.056,0.0,0.8871796875000001,1.98926e-08
144.056,0.0,0.8869296875000001,1.9912e-08
144.056,0.0,0.8866796875000001,1.987815e-08
144.056,0.0,0.8864296875000001,1.993425e-08
144.056,0.0,0.8861796875000001,1.9829e-08
144.056,0.0,0.8859296875000001,1.969405e-08
144.056,0.0,0.8856796875000001,1.9632866666666663e-08
144.056,0.0,0.8854296875000001,1.948765e-08
144.056,0.0,0.8851796875000001,1.94995e-08
144.056,0.0,0.8849296875000001,1.943895e-08
144.056,0.0,0.8846796875000001,1.932485e-08
144.056,0.0,0.8844296875000001,1.928915e-08
144.056,0.0,0.8841796875000001,1.92314e-08
144.056,0.0,0.8839296875000001,1.920255e-08
144.056,0.0,0.8836796875000001,1.91759e-08
144.056,0.0,0.8834296875000001,1.9170166666666664e-08
144.056,0.0,0.8831796875000001,1.92667e-08
144.056,0.0,0.8829296875000001,1.903665e-08
144.056,0.0,0.8826796875000001,1.90356e-08
144.056,0.0,0.8824296875000001,1.901705e-08
144.056,0.0,0.8821796875000001,1.90525e-08
144.056,0.0,0.8819296875000001,1.899455e-08
144.056,0.0,0.8816796875000001,1.89854e-08
144.056,0.0,0.8814296875000001,1.90098e-08
144.056,0.0,0.8811796875000001,1.89509e-08
144.056,0.0,0.8809296875000001,1.896095e-08
144.056,0.0,0.8806796875000001,1.877115e-08
144.056,0.0,0.8804296875000002,1.874505e-08
144.056,0.0,0.8801796875000001,1.88023e-08
144.056,0.0,0.8799296875000001,1.88127e-08
144.056,0.0,0.8796796875000001,1.880555e-08
144.056,0.0,0.8794296875000002,1.871275e-08
144.056,0.0,0.8791796875000001,1.86417e-08
144.056,0.0,0.8789296875000001,1.8635566666666664e-08
144.056,0.0,0.8786796875000001,1.86263e-08
144.056,0.0,0.8784296875000002,1.86846e-08
144.056,0.0,0.8781796875000001,1.86465e-08
144.056,0.0,0.8779296875000001,1.85614e-08
144.056,0.0,0.8776796875000001,1.85555e-08
144.056,0.0,0.8774296875000002,1.848375e-08
144.056,0.0,0.8771796875000001,1.85494e-08
144.056,0.0,0.8769296875000001,1.861995e-08
144.056,0.0,0.8766796875000001,1.852485e-08
144.056,0.0,0.8764296875000002,1.85282e-08
144.056,0.0,0.8761796875000001,1.8425500000000002e-08
144.056,0.0,0.8759296875000001,1.8419400000000003e-08
144.056,0.0,0.8756796875000001,1.83091e-08
144.056,0.0,0.8754296875000002,1.83413e-08
144.056,0.0,0.8751796875000001,1.82358e-08
144.056,0.0,0.8749296875000001,1.822925e-08
144.056,0.0,0.8746796875000001,1.81668e-08
144.056,0.0,0.8744296875000002,1.814705e-08
144.056,0.0,0.8741796875000001,1.808495e-08
144.056,0.0,0.8739296875000001,1.81315e-08
144.056,0.0,0.8736796875000001,1.79571e-08
144.056,0.0,0.8734296875000002,1.79684e-08
144.056,0.0,0.8731796875000001,1.80472e-08
144.056,0.0,0.8729296875000001,1.798255e-08
144.056,0.0,0.8726796875000001,1.80662e-08
144.056,0.0,0.8724296875000002,1.80895e-08
144.056,0.0,0.8721796875000001,1.7951650000000002e-08
144.056,0.0,0.8719296875000001,1.80093e-08
144.056,0.0,0.8716796875000001,1.801845e-08
144.056,0.0,0.8714296875000002,1.80031e-08
144.056,0.0,0.8711796875000001,1.786225e-08
144.056,0.0,0.8709296875000001,1.7895600000000002e-08
144.056,0.0,0.8706796875000001,1.785885e-08
144.056,0.0,0.8704296875000002,1.777105e-08
144.056,0.0,0.8701796875000001,1.7692e-08
144.056,0.0,0.8699296875000001,1.7738e-08
144.056,0.0,0.8696796875000001,1.75847e-08
144.056,0.0,0.8694296875000002,1.75885e-08
144.056,0.0,0.8691796875000001,1.74763e-08
144.056,0.0,0.8689296875000001,1.75763e-08
144.056,0.0,0.8686796875000001,1.75159e-08
144.056,0.0,0.8684296875000002,1.76214e-08
144.056,0.0,0.8681796875000001,1.75329e-08
144.056,0.0,0.8679296875000001,1.75366e-08
144.056,0.0,0.8676796875000001,1.7495349999999998e-08
144.056,0.0,0.8674296875000002,1.74463e-08
144.056,0.0,0.8671796875000001,1.759035e-08
144.056,0.0,0.8669296875000001,1.75074e-08
144.056,0.0,0.8666796875000001,1.74558e-08
144.056,0.0,0.8664296875000002,1.73847e-08
144.056,0.0,0.8661796875000001,1.7495599999999998e-08
144.056,0.0,0.8659296875000001,1.73822e-08
144.056,0.0,0.8656796875000001,1.742385e-08
144.056,0.0,0.8654296875000002,1.72635e-08
144.056,0.0,0.8651796875000001,1.73136e-08
144.056,0.0,0.8649296875000001,1.72579e-08
144.056,0.0,0.8646796875000001,1.713885e-08
144.056,0.0,0.8644296875000002,1.71869e-08
144.056,0.0,0.8641796875000001,1.7194899999999997e-08
144.056,0.0,0.8639296875000001,1.70812e-08
144.056,0.0,0.8636796875000001,1.71106e-08
144.056,0.0,0.8634296875000002,1.7110949999999997e-08
144.056,0.0,0.8631796875000001,1.7084399999999998e-08
144.056,0.0,0.8629296875000001,1.69792e-08
144.056,0.0,0.8626796875000001,1.686485e-08
144.056,0.0,0.8624296875000002,1.69622e-08
144.056,0.0,0.8621796875000001,1.6891000000000002e-08
144.056,0.0,0.8619296875000001,1.684505e-08
144.056,0.0,0.8616796875000001,1.68975e-08
144.056,0.0,0.8614296875000002,1.66796e-08
144.056,0.0,0.8611796875000001,1.664255e-08
144.056,0.0,0.8609296875000001,1.6855499999999998e-08
144.056,0.0,0.8606796875000001,1.6728649999999998e-08
144.056,0.0,0.8604296875000002,1.66589e-08
144.056,0.0,0.8601796875000001,1.6752950000000002e-08
144.056,0.0,0.8599296875000001,1.66844e-08
144.056,0.0,0.8596796875000001,1.659835e-08
144.056,0.0,0.8594296875000002,1.69667e-08
144.056,0.0,0.8591796875000001,1.665005e-08
144.056,0.0,0.8589296875000001,1.668195e-08
144.056,0.0,0.8586796875000001,1.663545e-08
144.056,0.0,0.8584296875000001,1.67119e-08
144.056,0.0,0.8581796875000001,1.652025e-08
144.056,0.0,0.8579296875000001,1.65617e-08
144.056,0.0,0.8576796875000001,1.647925e-08
144.056,0.0,0.8574296875000001,1.65776e-08
144.056,0.0,0.8571796875000001,1.6613849999999998e-08
144.056,0.0,0.8569296875000001,1.6472e-08
144.056,0.0,0.8566796875000001,1.6555e-08
144.056,0.0,0.8564296875000001,1.636955e-08
144.056,0.0,0.8561796875000001,1.63732e-08
144.056,0.0,0.8559296875000001,1.6462999999999997e-08
144.056,0.0,0.8556796875000001,1.65717e-08
144.056,0.0,0.8554296875000001,1.64733e-08
144.056,0.0,0.8551796875000001,1.6532599999999998e-08
144.056,0.0,0.8549296875000001,1.6487e-08
144.056,0.0,0.8546796875000001,1.64614e-08
144.056,0.0,0.8544296875000001,1.63299e-08
144.056,0.0,0.8541796875000001,1.64941e-08
144.056,0.0,0.8539296875000001,1.63636e-08
144.056,0.0,0.8536796875000001,1.6449e-08
144.056,0.0,0.8534296875000001,1.652535e-08
144.056,0.0,0.8531796875000001,1.65458e-08
144.056,0.0,0.8529296875000001,1.637135e-08
144.056,0.0,0.8526796875000001,1.64455e-08
144.056,0.0,0.8524296875000001,1.64929e-08
144.056,0.0,0.8521796875000001,1.64349e-08
144.056,0.0,0.8519296875000001,1.651145e-08
144.056,0.0,0.8516796875000001,1.631095e-08
144.056,0.0,0.8514296875000001,1.6441549999999998e-08
144.056,0.0,0.8511796875000001,1.6420499999999998e-08
144.056,0.0,0.8509296875000001,1.643215e-08
144.056,0.0,0.8506796875000001,1.64837e-08
144.056,0.0,0.8504296875000001,1.63377e-08
144.056,0.0,0.8501796875000001,1.63431e-08
144.056,0.0,0.8499296875000001,1.627325e-08
144.056,0.0,0.8496796875000001,1.627245e-08
144.056,0.0,0.8494296875000001,1.63439e-08
144.056,0.0,0.8491796875000002,1.637855e-08
144.056,0.0,0.8489296875000001,1.6319250000000002e-08
144.056,0.0,0.8486796875000001,1.63344e-08
144.056,0.0,0.8484296875000001,1.63685e-08
144.056,0.0,0.8481796875000002,1.640245e-08
144.056,0.0,0.8479296875000001,1.631135e-08
144.056,0.0,0.8476796875000001,1.620655e-08
144.056,0.0,0.8474296875000001,1.63388e-08
144.056,0.0,0.8471796875000002,1.6344749999999998e-08
144.056,0.0,0.8469296875000001,1.62888e-08
144.056,0.0,0.8466796875000001,1.61456e-08
144.056,0.0,0.8464296875000001,1.62261e-08
144.056,0.0,0.8461796875000002,1.624635e-08
144.056,0.0,0.8459296875000001,1.63078e-08
144.056,0.0,0.8456796875000001,1.61224e-08
144.056,0.0,0.8454296875000001,1.616955e-08
144.056,0.0,0.8451796875000002,1.61117e-08
144.056,0.0,0.8449296875000001,1.6097433333333333e-08
144.056,0.0,0.8446796875000001,1.61656e-08
144.056,0.0,0.8444296875000001,1.620735e-08
144.056,0.0,0.8441796875000002,1.602085e-08
144.056,0.0,0.8439296875000001,1.6118949999999998e-08
144.056,0.0,0.8436796875000001,1.59681e-08
144.056,0.0,0.8434296875000001,1.59856e-08
144.056,0.0,0.8431796875000002,1.5955650000000002e-08
144.056,0.0,0.8429296875000001,1.59988e-08
144.056,0.0,0.8426796875000001,1.6022e-08
144.056,0.0,0.8424296875000001,1.60737e-08
144.056,0.0,0.8421796875000002,1.59757e-08
144.056,0.0,0.8419296875000001,1.599615e-08
144.056,0.0,0.8416796875000001,1.59527e-08
144.056,0.0,0.8414296875000001,1.59918e-08
144.056,0.0,0.8411796875000002,1.5921900000000003e-08
144.056,0.0,0.8409296875000001,1.601295e-08
144.056,0.0,0.8406796875000001,1.599375e-08
144.056,0.0,0.8404296875000001,1.60256e-08
144.056,0.0,0.8401796875000002,1.6013949999999998e-08
144.056,0.0,0.8399296875000001,1.59704e-08
144.056,0.0,0.8396796875000001,1.59387e-08
144.056,0.0,0.8394296875000001,1.5883700000000002e-08
144.056,0.0,0.8391796875000002,1.6024599999999998e-08
144.056,0.0,0.8389296875000001,1.601155e-08
144.056,0.0,0.8386796875000001,1.60048e-08
144.056,0.0,0.8384296875000001,1.58784e-08
144.056,0.0,0.8381796875000002,1.5778749999999998e-08
144.056,0.0,0.8379296875000001,1.580935e-08
144.056,0.0,0.8376796875000001,1.56764e-08
144.056,0.0,0.8374296875000001,1.57354e-08
144.056,0.0,0.8371796875000002,1.574035e-08
144.056,0.0,0.8369296875000001,1.574575e-08
144.056,0.0,0.8366796875000001,1.56879e-08
144.056,0.0,0.8364296875000001,1.585085e-08
144.056,0.0,0.8361796875000002,1.5892e-08
144.056,0.0,0.8359296875000001,1.586905e-08
144.056,0.0,0.8356796875000001,1.592185e-08
144.056,0.0,0.8354296875000001,1.5980299999999998e-08
144.056,0.0,0.8351796875000002,1.5878849999999998e-08
144.056,0.0,0.8349296875000001,1.5970350000000002e-08
144.056,0.0,0.8346796875000001,1.60037e-08
144.056,0.0,0.8344296875000001,1.59068e-08
144.056,0.0,0.8341796875000002,1.596895e-08
144.056,0.0,0.8339296875000001,1.587225e-08
144.056,0.0,0.8336796875000001,1.58682e-08
144.056,0.0,0.8334296875000001,1.5788850000000002e-08
144.056,0.0,0.8331796875000002,1.574005e-08
144.056,0.0,0.8329296875000001,1.57955e-08
144.056,0.0,0.8326796875000001,1.5615950000000003e-08
144.056,0.0,0.8324296875000001,1.56559e-08
144.056,0.0,0.8321796875000002,1.569725e-08
144.056,0.0,0.8319296875000001,1.560745e-08
144.056,0.0,0.8316796875000001,1.563125e-08
144.056,0.0,0.8314296875000001,1.5628300000000002e-08
144.056,0.0,0.8311796875000002,1.562505e-08
144.056,0.0,0.8309296875000001,1.55909e-08
144.056,0.0,0.8306796875000001,1.569945e-08
144.056,0.0,0.8304296875000001,1.562735e-08
144.056,0.0,0.8301796875000002,1.55971e-08
144.056,0.0,0.8299296875000001,1.56897e-08
144.056,0.0,0.8296796875000001,1.562995e-08
144.056,0.0,0.8294296875000001,1.5709366666666667e-08
144.056,0.0,0.8291796875000002,1.5746400000000003e-08
144.056,0.0,0.8289296875000001,1.5532e-08
144.056,0.0,0.8286796875000001,1.563575e-08
144.056,0.0,0.8284296875000001,1.56466e-08
144.056,0.0,0.8281796875000002,1.5521e-08
144.056,0.0,0.8279296875000001,1.55396e-08
144.056,0.0,0.8276796875000001,1.56564e-08
144.056,0.0,0.8274296875000001,1.5484750000000002e-08
144.056,0.0,0.8271796875000001,1.5614600000000003e-08
144.056,0.0,0.8269296875000001,1.55762e-08
144.056,0.0,0.8266796875000001,1.5540099999999998e-08
144.056,0.0,0.8264296875000001,1.556315e-08
144.056,0.0,0.8261796875000001,1.55328e-08
144.056,0.0,0.8259296875000001,1.56104e-08
144.056,0.0,0.8256796875000001,1.5522099999999997e-08
144.056,0.0,0.8254296875000001,1.56027e-08
144.056,0.0,0.8251796875000001,1.550475e-08
144.056,0.0,0.8249296875000001,1.54917e-08
144.056,0.0,0.8246796875000001,1.54879e-08
144.056,0.0,0.8244296875000001,1.551295e-08
144.056,0.0,0.8241796875000001,1.5486e-08
144.056,0.0,0.8239296875000001,1.54889e-08
144.056,0.0,0.8236796875000001,1.55535e-08
144.056,0.0,0.8234296875000001,1.55032e-08
144.056,0.0,0.8231796875000001,1.564025e-08
144.056,0.0,0.8229296875000001,1.56216e-08
144.056,0.0,0.8226796875000001,1.5497933333333335e-08
144.056,0.0,0.8224296875000001,1.54185e-08
144.056,0.0,0.8221796875000001,1.55289e-08
144.056,0.0,0.8219296875000001,1.56615e-08
144.056,0.0,0.8216796875000001,1.5491850000000002e-08
144.056,0.0,0.8214296875000001,1.548545e-08
144.056,0.0,0.8211796875000001,1.54966e-08
144.056,0.0,0.8209296875000001,1.55371e-08
144.056,0.0,0.8206796875000001,1.541855e-08
144.056,0.0,0.8204296875000001,1.5366799999999997e-08
144.056,0.0,0.8201796875000001,1.5565199999999998e-08
144.056,0.0,0.8199296875000001,1.54737e-08
144.056,0.0,0.8196796875000001,1.529525e-08
144.056,0.0,0.8194296875000001,1.54247e-08
144.056,0.0,0.8191796875000001,1.5494650000000002e-08
144.056,0.0,0.8189296875000001,1.56034e-08
144.056,0.0,0.8186796875000001,1.553465e-08
144.056,0.0,0.8184296875000001,1.55719e-08
144.056,0.0,0.8181796875000001,1.554555e-08
144.056,0.0,0.8179296875000002,1.55927e-08
144.056,0.0,0.8176796875000001,1.54743e-08
144.056,0.0,0.8174296875000001,1.5452450000000003e-08
144.056,0.0,0.8171796875000001,1.55024e-08
144.056,0.0,0.8169296875000002,1.5423e-08
144.056,0.0,0.8166796875000001,1.55023e-08
144.056,0.0,0.8164296875000001,1.547615e-08
144.056,0.0,0.8161796875000001,1.55e-08
144.056,0.0,0.8159296875000002,1.534e-08
144.056,0.0,0.8156796875000001,1.55757e-08
144.056,0.0,0.8154296875000001,1.5602533333333333e-08
144.056,0.0,0.8151796875000001,1.54713e-08
144.056,0.0,0.8149296875000002,1.553205e-08
144.056,0.0,0.8146796875000001,1.53293e-08
144.056,0.0,0.8144296875000001,1.5558699999999998e-08
144.056,0.0,0.8141796875000001,1.555355e-08
144.056,0.0,0.8139296875000002,1.56998e-08
144.056,0.0,0.8136796875000001,1.560955e-08
144.056,0.0,0.8134296875000001,1.555155e-08
144.056,0.0,0.8131796875000001,1.5657550000000002e-08
144.056,0.0,0.8129296875000002,1.577965e-08
144.056,0.0,0.8126796875000001,1.567225e-08
144.056,0.0,0.8124296875000001,1.55661e-08
144.056,0.0,0.8121796875000001,1.57127e-08
144.056,0.0,0.8119296875000002,1.5653e-08
144.056,0.0,0.8116796875000001,1.5673350000000003e-08
144.056,0.0,0.8114296875000001,1.5697800000000002e-08
144.056,0.0,0.8111796875000001,1.5589649999999997e-08
144.056,0.0,0.8109296875000002,1.5555000000000003e-08
144.056,0.0,0.8106796875000001,1.548155e-08
144.056,0.0,0.8104296875000001,1.5556100000000006e-08
144.056,0.0,0.8101796875000001,1.57048e-08
144.056,0.0,0.8099296875000002,1.55094e-08
144.056,0.0,0.8096796875000001,1.555975e-08
144.056,0.0,0.8094296875000001,1.570925e-08
144.056,0.0,0.8091796875000001,1.56603e-08
144.056,0.0,0.8089296875000002,1.548935e-08
144.056,0.0,0.8086796875000001,1.55073e-08
144.056,0.0,0.8084296875000001,1.5492700000000002e-08
144.056,0.0,0.8081796875000001,1.55434e-08
144.056,0.0,0.8079296875000002,1.544555e-08
144.056,0.0,0.8076796875000001,1.5388550000000002e-08
144.056,0.0,0.8074296875000001,1.54397e-08
144.056,0.0,0.8071796875000001,1.54436e-08
144.056,0.0,0.8069296875000002,1.5420133333333333e-08
144.056,0.0,0.8066796875000001,1.547065e-08
144.056,0.0,0.8064296875000001,1.55767e-08
144.056,0.0,0.8061796875000001,1.54369e-08
144.056,0.0,0.8059296875000002,1.551155e-08
144.056,0.0,0.8056796875000001,1.54874e-08
144.056,0.0,0.8054296875000001,1.54241e-08
144.056,0.0,0.8051796875000001,1.54571e-08
144.056,0.0,0.8049296875000002,1.537945e-08
144.056,0.0,0.8046796875000001,1.5418699999999998e-08
144.056,0.0,0.8044296875000001,1.5503233333333334e-08
144.056,0.0,0.8041796875000001,1.54598e-08
144.056,0.0,0.8039296875000002,1.541025e-08
144.056,0.0,0.8036796875000001,1.54342e-08
144.056,0.0,0.8034296875000001,1.5233549999999998e-08
144.056,0.0,0.8031796875000001,1.52813e-08
144.056,0.0,0.8029296875000002,1.5327899999999998e-08
144.056,0.0,0.8026796875000001,1.52601e-08
144.056,0.0,0.8024296875000001,1.528425e-08
144.056,0.0,0.8021796875000001,1.532e-08
144.056,0.0,0.8019296875000002,1.5391899999999998e-08
144.056,0.0,0.8016796875000001,1.538105e-08
144.056,0.0,0.8014296875000001,1.526055e-08
144.056,0.0,0.8011796875000001,1.56008e-08
144.056,0.0,0.8009296875000002,1.534005e-08
144.056,0.0,0.8006796875000001,1.5378199999999998e-08
144.056,0.0,0.8004296875000001,1.5358499999999998e-08
144.056,0.0,0.8001796875000001,1.541085e-08
144.056,0.0,0.7999296875000002,1.524215e-08
144.056,0.0,0.7996796875000001,1.5339649999999998e-08
144.056,0.0,0.7994296875000001,1.54291e-08
144.056,0.0,0.7991796875000001,1.54111e-08
144.056,0.0,0.7989296875000002,1.540865e-08
144.056,0.0,0.7986796875000001,1.5401699999999998e-08
144.056,0.0,0.7984296875000001,1.53927e-08
144.056,0.0,0.7981796875000001,1.5333e-08
144.056,0.0,0.7979296875000002,1.5333366666666668e-08
144.056,0.0,0.7976796875000001,1.54661e-08
144.056,0.0,0.7974296875000001,1.5548e-08
144.056,0.0,0.7971796875000001,1.536085e-08
144.056,0.0,0.7969296875000002,1.54352e-08
144.056,0.0,0.7966796875000001,1.5439749999999998e-08
144.056,0.0,0.7964296875000001,1.54226e-08
144.056,0.0,0.7961796875000001,1.56195e-08
144.056,0.0,0.7959296875000001,1.54158e-08
144.056,0.0,0.7956796875000001,1.5569800000000002e-08
144.056,0.0,0.7954296875000001,1.546135e-08
144.056,0.0,0.7951796875000001,1.543415e-08
144.056,0.0,0.7949296875000001,1.5457700000000002e-08
144.056,0.0,0.7946796875000001,1.545585e-08
144.056,0.0,0.7944296875000001,1.54611e-08
144.056,0.0,0.7941796875000001,1.5481849999999998e-08
144.056,0.0,0.7939296875000001,1.548105e-08
144.056,0.0,0.7936796875000001,1.5379500000000002e-08
144.056,0.0,0.7934296875000001,1.5295349999999998e-08
144.056,0.0,0.7931796875000001,1.53581e-08
144.056,0.0,0.7929296875000001,1.5316433333333334e-08
144.056,0.0,0.7926796875000001,1.529295e-08
144.056,0.0,0.7924296875000001,1.53762e-08
144.056,0.0,0.7921796875000001,1.52508e-08
144.056,0.0,0.7919296875000001,1.52476e-08
144.056,0.0,0.7916796875000001,1.52341e-08
144.056,0.0,0.7914296875000001,1.53069e-08
144.056,0.0,0.7911796875000001,1.5205999999999997e-08
144.056,0.0,0.7909296875000001,1.5154450000000002e-08
144.056,0.0,0.7906796875000001,1.5252100000000002e-08
144.056,0.0,0.7904296875000001,1.52827e-08
144.056,0.0,0.7901796875000001,1.5207599999999998e-08
144.056,0.0,0.7899296875000001,1.52506e-08
144.056,0.0,0.7896796875000001,1.5280899999999998e-08
144.056,0.0,0.7894296875000001,1.52004e-08
144.056,0.0,0.7891796875000001,1.52033e-08
144.056,0.0,0.7889296875000001,1.5281633333333335e-08
144.056,0.0,0.7886796875000001,1.517055e-08
144.056,0.0,0.7884296875000001,1.52346e-08
144.056,0.0,0.7881796875000001,1.5123000000000002e-08
144.056,0.0,0.7879296875000001,1.52106e-08
144.056,0.0,0.7876796875000001,1.52589e-08
144.056,0.0,0.7874296875000001,1.51611e-08
144.056,0.0,0.7871796875000001,1.517845e-08
144.056,0.0,0.7869296875000001,1.49285e-08
144.056,0.0,0.7866796875000002,1.533065e-08
144.056,0.0,0.7864296875000001,1.518425e-08
144.056,0.0,0.7861796875000001,1.526865e-08
144.056,0.0,0.7859296875000001,1.5358200000000002e-08
144.056,0.0,0.7856796875000002,1.53094e-08
144.056,0.0,0.7854296875000001,1.51988e-08
144.056,0.0,0.7851796875000001,1.533355e-08
144.056,0.0,0.7849296875000001,1.509215e-08
144.056,0.0,0.7846796875000002,1.518755e-08
144.056,0.0,0.7844296875000001,1.50961e-08
144.056,0.0,0.7841796875000001,1.5153100000000002e-08
144.056,0.0,0.7839296875000001,1.51444e-08
144.056,0.0,0.7836796875000002,1.51504e-08
144.056,0.0,0.7834296875000001,1.52396e-08
144.056,0.0,0.7831796875000001,1.52282e-08
144.056,0.0,0.7829296875000001,1.520985e-08
144.056,0.0,0.7826796875000002,1.519795e-08
144.056,0.0,0.7824296875000001,1.51858e-08
144.056,0.0,0.7821796875000001,1.526945e-08
144.056,0.0,0.7819296875000001,1.5290566666666666e-08
144.056,0.0,0.7816796875000002,1.5194950000000002e-08
144.056,0.0,0.7814296875000001,1.51965e-08
144.056,0.0,0.7811796875000001,1.525135e-08
144.056,0.0,0.7809296875000001,1.5172200000000003e-08
144.056,0.0,0.7806796875000002,1.5216000000000002e-08
144.056,0.0,0.7804296875000001,1.52984e-08
144.056,0.0,0.7801796875000001,1.51441e-08
144.056,0.0,0.7799296875000001,1.5125450000000003e-08
144.056,0.0,0.7796796875000002,1.514125e-08
144.056,0.0,0.7794296875000001,1.5286500000000006e-08
144.056,0.0,0.7791796875000001,1.52823e-08
144.056,0.0,0.7789296875000001,1.524385e-08
144.056,0.0,0.7786796875000002,1.517305e-08
144.056,0.0,0.7784296875000001,1.51202e-08
144.056,0.0,0.7781796875000001,1.5247700000000002e-08
144.056,0.0,0.7779296875000001,1.517775e-08
144.056,0.0,0.7776796875000002,1.526735e-08
144.056,0.0,0.7774296875000001,1.520815e-08
144.056,0.0,0.7771796875000001,1.5103050000000002e-08
144.056,0.0,0.7769296875000001,1.51977e-08
144.056,0.0,0.7766796875000002,1.52261e-08
144.056,0.0,0.7764296875000001,1.515975e-08
144.056,0.0,0.7761796875000001,1.516345e-08
144.056,0.0,0.7759296875000001,1.50613e-08
144.056,0.0,0.7756796875000002,1.514785e-08
144.056,0.0,0.7754296875000001,1.50875e-08
144.056,0.0,0.7751796875000001,1.5067849999999998e-08
144.056,0.0,0.7749296875000001,1.507585e-08
144.056,0.0,0.7746796875000002,1.507345e-08
144.056,0.0,0.7744296875000001,1.5150650000000002e-08
144.056,0.0,0.7741796875000001,1.5113450000000002e-08
144.056,0.0,0.7739296875000001,1.51386e-08
144.056,0.0,0.7736796875000002,1.52411e-08
144.056,0.0,0.7734296875000001,1.5229749999999998e-08
144.056,0.0,0.7731796875000001,1.51517e-08
144.056,0.0,0.7729296875000001,1.5177200000000002e-08
144.056,0.0,0.7726796875000002,1.53114e-08
144.056,0.0,0.7724296875000001,1.523565e-08
144.056,0.0,0.7721796875000001,1.5305849999999997e-08
144.056,0.0,0.7719296875000001,1.514835e-08
144.056,0.0,0.7716796875000002,1.52176e-08
144.056,0.0,0.7714296875000001,1.50089e-08
144.056,0.0,0.7711796875000001,1.507745e-08
144.056,0.0,0.7709296875000001,1.50497e-08
144.056,0.0,0.7706796875000002,1.51098e-08
144.056,0.0,0.7704296875000001,1.5056e-08
144.056,0.0,0.7701796875000001,1.50951e-08
144.056,0.0,0.7699296875000001,1.5060700000000002e-08
144.056,0.0,0.7696796875000002,1.50113e-08
144.056,0.0,0.7694296875000001,1.506595e-08
144.056,0.0,0.7691796875000001,1.51566e-08
144.056,0.0,0.7689296875000001,1.50969e-08
144.056,0.0,0.7686796875000002,1.51391e-08
144.056,0.0,0.7684296875000001,1.518075e-08
144.056,0.0,0.7681796875000001,1.5245899999999998e-08
144.056,0.0,0.7679296875000001,1.51913e-08
144.056,0.0,0.7676796875000002,1.53253e-08
144.056,0.0,0.7674296875000001,1.52059e-08
144.056,0.0,0.7671796875000001,1.51555e-08
144.056,0.0,0.7669296875000001,1.53065e-08
144.056,0.0,0.7666796875000002,1.51332e-08
144.056,0.0,0.7664296875000001,1.526945e-08
144.056,0.0,0.7661796875000001,1.5295433333333334e-08
144.056,0.0,0.7659296875000001,1.5051150000000002e-08
144.056,0.0,0.7656796875000002,1.51949e-08
144.056,0.0,0.7654296875000001,1.51709e-08
144.056,0.0,0.7651796875000001,1.52381e-08
144.056,0.0,0.7649296875000001,1.526605e-08
144.056,0.0,0.7646796875000001,1.50324e-08
144.056,0.0,0.7644296875000001,1.504885e-08
144.056,0.0,0.7641796875000001,1.5166849999999998e-08
144.056,0.0,0.7639296875000001,1.52433e-08
144.056,0.0,0.7636796875000001,1.505125e-08
144.056,0.0,0.7634296875000001,1.511845e-08
144.056,0.0,0.7631796875000001,1.512775e-08
144.056,0.0,0.7629296875000001,1.519955e-08
144.056,0.0,0.7626796875000001,1.53264e-08
144.056,0.0,0.7624296875000001,1.527795e-08
144.056,0.0,0.7621796875000001,1.528595e-08
144.056,0.0,0.7619296875000001,1.534325e-08
144.056,0.0,0.7616796875000001,1.53215e-08
144.056,0.0,0.7614296875000001,1.5324e-08
144.056,0.0,0.7611796875000001,1.54077e-08
144.056,0.0,0.7609296875000001,1.54312e-08
144.056,0.0,0.7606796875000001,1.51537e-08
144.056,0.0,0.7604296875000001,1.5367799999999998e-08
144.056,0.0,0.7601796875000001,1.5307050000000002e-08
144.056,0.0,0.7599296875000001,1.531695e-08
144.056,0.0,0.7596796875000001,1.514275e-08
144.056,0.0,0.7594296875000001,1.5129149999999998e-08
144.056,0.0,0.7591796875000001,1.5264499999999997e-08
144.056,0.0,0.7589296875000001,1.51895e-08
144.056,0.0,0.7586796875000001,1.53296e-08
144.056,0.0,0.7584296875000001,1.50726e-08
144.056,0.0,0.7581796875000001,1.523515e-08
144.056,0.0,0.7579296875000001,1.513445e-08
144.056,0.0,0.7576796875000001,1.52116e-08
144.056,0.0,0.7574296875000001,1.5028400000000002e-08
144.056,0.0,0.7571796875000001,1.506415e-08
144.056,0.0,0.7569296875000001,1.5175e-08
144.056,0.0,0.7566796875000001,1.4973249999999998e-08
144.056,0.0,0.7564296875000001,1.5158850000000002e-08
144.056,0.0,0.7561796875000001,1.5187250000000006e-08
144.056,0.0,0.7559296875000001,1.51397e-08
144.056,0.0,0.7556796875000001,1.518425e-08
144.056,0.0,0.7554296875000002,1.50774e-08
144.056,0.0,0.7551796875000001,1.523815e-08
144.056,0.0,0.7549296875000001,1.525195e-08
144.056,0.0,0.7546796875000001,1.51746e-08
144.056,0.0,0.7544296875000002,1.52344e-08
144.056,0.0,0.7541796875000001,1.52225e-08
144.056,0.0,0.7539296875000001,1.51794e-08
144.056,0.0,0.7536796875000001,1.5403e-08
144.056,0.0,0.7534296875000002,1.5375100000000002e-08
144.056,0.0,0.7531796875000001,1.54091e-08
144.056,0.0,0.7529296875000001,1.54461e-08
144.056,0.0,0.7526796875000001,1.5417566666666668e-08
144.056,0.0,0.7524296875000002,1.53972e-08
144.056,0.0,0.7521796875000001,1.529735e-08
144.056,0.0,0.7519296875000001,1.54663e-08
144.056,0.0,0.7516796875000001,1.53183e-08
144.056,0.0,0.7514296875000002,1.533815e-08
144.056,0.0,0.7511796875000001,1.53391e-08
144.056,0.0,0.7509296875000001,1.53603e-08
144.056,0.0,0.7506796875000001,1.5382733333333333e-08
144.056,0.0,0.7504296875000002,1.54645e-08
144.056,0.0,0.7501796875000001,1.5277200000000003e-08
144.056,0.0,0.7499296875000001,1.54682e-08
144.056,0.0,0.7496796875000001,1.538515e-08
144.056,0.0,0.7494296875000002,1.536615e-08
144.056,0.0,0.7491796875000001,1.54616e-08
144.056,0.0,0.7489296875000001,1.54369e-08
144.056,0.0,0.7486796875000001,1.541485e-08
144.056,0.0,0.7484296875000002,1.5454e-08
144.056,0.0,0.7481796875000001,1.53932e-08
144.056,0.0,0.7479296875000001,1.54622e-08
144.056,0.0,0.7476796875000001,1.53602e-08
144.056,0.0,0.7474296875000002,1.54458e-08
144.056,0.0,0.7471796875000001,1.5369100000000002e-08
144.056,0.0,0.7469296875000001,1.54303e-08
144.056,0.0,0.7466796875000001,1.536235e-08
144.056,0.0,0.7464296875000002,1.5440700000000003e-08
144.056,0.0,0.7461796875000001,1.5416749999999998e-08
144.056,0.0,0.7459296875000001,1.5420750000000003e-08
144.056,0.0,0.7456796875000001,1.5461500000000002e-08
144.056,0.0,0.7454296875000002,1.5462100000000002e-08
144.056,0.0,0.7451796875000001,1.54303e-08
144.056,0.0,0.7449296875000001,1.54378e-08
144.056,0.0,0.7446796875000001,1.55458e-08
144.056,0.0,0.7444296875000002,1.5395449999999998e-08
144.056,0.0,0.7441796875000001,1.539735e-08
144.056,0.0,0.7439296875000001,1.53776e-08
144.056,0.0,0.7436796875000001,1.5406433333333334e-08
144.056,0.0,0.7434296875000002,1.553475e-08
144.056,0.0,0.7431796875000001,1.53631e-08
144.056,0.0,0.7429296875000001,1.53417e-08
144.056,0.0,0.7426796875000001,1.53538e-08
144.056,0.0,0.7424296875000002,1.54172e-08
144.056,0.0,0.7421796875000001,1.53469e-08
144.056,0.0,0.7419296875000001,1.54267e-08
144.056,0.0,0.7416796875000001,1.5342099999999998e-08
144.056,0.0,0.7414296875000002,1.5427433333333334e-08
144.056,0.0,0.7411796875000001,1.52775e-08
144.056,0.0,0.7409296875000001,1.532885e-08
144.056,0.0,0.7406796875000001,1.538755e-08
144.056,0.0,0.7404296875000002,1.541235e-08
144.056,0.0,0.7401796875000001,1.534615e-08
144.056,0.0,0.7399296875000001,1.53507e-08
144.056,0.0,0.7396796875000001,1.531905e-08
144.056,0.0,0.7394296875000002,1.536785e-08
144.056,0.0,0.7391796875000001,1.535255e-08
144.056,0.0,0.7389296875000001,1.53563e-08
144.056,0.0,0.7386796875000001,1.533025e-08
144.056,0.0,0.7384296875000002,1.5344750000000002e-08
144.056,0.0,0.7381796875000001,1.53322e-08
144.056,0.0,0.7379296875000001,1.5343400000000002e-08
144.056,0.0,0.7376796875000001,1.5311100000000003e-08
144.056,0.0,0.7374296875000002,1.53329e-08
144.056,0.0,0.7371796875000001,1.5431049999999997e-08
144.056,0.0,0.7369296875000001,1.54541e-08
144.056,0.0,0.7366796875000001,1.5445933333333332e-08
144.056,0.0,0.7364296875000002,1.5490299999999998e-08
144.056,0.0,0.7361796875000001,1.54452e-08
144.056,0.0,0.7359296875000001,1.53424e-08
144.056,0.0,0.7356796875000001,1.54062e-08
144.056,0.0,0.7354296875000002,1.55003e-08
144.056,0.0,0.7351796875000001,1.54453e-08
144.056,0.0,0.7349296875000001,1.53896e-08
144.056,0.0,0.7346796875000001,1.54569e-08
144.056,0.0,0.7344296875000002,1.548563333333333e-08
144.056,0.0,0.7341796875000001,1.54123e-08
144.056,0.0,0.7339296875000001,1.538435e-08
144.056,0.0,0.7336796875000001,1.5421350000000002e-08
144.056,0.0,0.7334296875000001,1.5508000000000002e-08
144.056,0.0,0.7331796875000001,1.536e-08
144.056,0.0,0.7329296875000001,1.55749e-08
144.056,0.0,0.7326796875000001,1.5436449999999998e-08
144.056,0.0,0.7324296875000001,1.530515e-08
144.056,0.0,0.7321796875000001,1.54809e-08
144.056,0.0,0.7319296875000001,1.54968e-08
144.056,0.0,0.7316796875000001,1.551895e-08
144.056,0.0,0.7314296875000001,1.54542e-08
144.056,0.0,0.7311796875000001,1.53459e-08
144.056,0.0,0.7309296875000001,1.550565e-08
144.056,0.0,0.7306796875000001,1.549585e-08
144.056,0.0,0.7304296875000001,1.55552e-08
144.056,0.0,0.7301796875000001,1.548975e-08
144.056,0.0,0.7299296875000001,1.551995e-08
144.056,0.0,0.7296796875000001,1.548945e-08
144.056,0.0,0.7294296875000001,1.551965e-08
144.056,0.0,0.7291796875000001,1.56118e-08
144.056,0.0,0.7289296875000001,1.5471449999999998e-08
144.056,0.0,0.7286796875000001,1.56542e-08
144.056,0.0,0.7284296875000001,1.5569349999999998e-08
144.056,0.0,0.7281796875000001,1.56258e-08
144.056,0.0,0.7279296875000001,1.5581550000000002e-08
144.056,0.0,0.7276796875000001,1.564785e-08
144.056,0.0,0.7274296875000001,1.57197e-08
144.056,0.0,0.7271796875000001,1.56456e-08
144.056,0.0,0.7269296875000001,1.567495e-08
144.056,0.0,0.7266796875000001,1.552095e-08
144.056,0.0,0.7264296875000001,1.5553199999999998e-08
144.056,0.0,0.7261796875000001,1.55865e-08
144.056,0.0,0.7259296875000001,1.564635e-08
144.056,0.0,0.7256796875000001,1.56164e-08
144.056,0.0,0.7254296875000001,1.5540666666666667e-08
144.056,0.0,0.7251796875000001,1.55996e-08
144.056,0.0,0.7249296875000001,1.550735e-08
144.056,0.0,0.7246796875000001,1.55593e-08
144.056,0.0,0.7244296875000001,1.551555e-08
144.056,0.0,0.7241796875000002,1.5466e-08
144.056,0.0,0.7239296875000001,1.5533450000000002e-08
144.056,0.0,0.7236796875000001,1.55429e-08
144.056,0.0,0.7234296875000001,1.54463e-08
144.056,0.0,0.7231796875000002,1.56268e-08
144.056,0.0,0.7229296875000001,1.562265e-08
144.056,0.0,0.7226796875000001,1.56073e-08
144.056,0.0,0.7224296875000001,1.5661749999999998e-08
144.056,0.0,0.7221796875000002,1.56351e-08
144.056,0.0,0.7219296875000001,1.56377e-08
144.056,0.0,0.7216796875000001,1.555925e-08
144.056,0.0,0.7214296875000001,1.5498249999999998e-08
144.056,0.0,0.7211796875000002,1.5652400000000002e-08
144.056,0.0,0.7209296875000001,1.555685e-08
144.056,0.0,0.7206796875000001,1.549365e-08
144.056,0.0,0.7204296875000001,1.55892e-08
144.056,0.0,0.7201796875000002,1.557775e-08
144.056,0.0,0.7199296875000001,1.56286e-08
144.056,0.0,0.7196796875000001,1.5716900000000002e-08
144.056,0.0,0.7194296875000001,1.5613399999999997e-08
144.056,0.0,0.7191796875000002,1.55724e-08
144.056,0.0,0.7189296875000001,1.5594533333333334e-08
144.056,0.0,0.7186796875000001,1.56617e-08
144.056,0.0,0.7184296875000001,1.56664e-08
144.056,0.0,0.7181796875000002,1.571365e-08
144.056,0.0,0.7179296875000001,1.5661e-08
144.056,0.0,0.7176796875000001,1.571435e-08
144.056,0.0,0.7174296875000001,1.5703e-08
144.056,0.0,0.7171796875000002,1.57057e-08
144.056,0.0,0.7169296875000001,1.55678e-08
144.056,0.0,0.7166796875000001,1.55754e-08
144.056,0.0,0.7164296875000001,1.567685e-08
144.056,0.0,0.7161796875000002,1.553065e-08
144.056,0.0,0.7159296875000001,1.5594400000000002e-08
144.056,0.0,0.7156796875000001,1.566215e-08
144.056,0.0,0.7154296875000001,1.56068e-08
144.056,0.0,0.7151796875000002,1.561615e-08
144.056,0.0,0.7149296875000001,1.56236e-08
144.056,0.0,0.7146796875000001,1.57544e-08
144.056,0.0,0.7144296875000001,1.576285e-08
144.056,0.0,0.7141796875000002,1.58141e-08
144.056,0.0,0.7139296875000001,1.57474e-08
144.056,0.0,0.7136796875000001,1.57665e-08
144.056,0.0,0.7134296875000001,1.58312e-08
144.056,0.0,0.7131796875000002,1.577815e-08
144.056,0.0,0.7129296875000001,1.5647799999999998e-08
144.056,0.0,0.7126796875000001,1.5647549999999998e-08
144.056,0.0,0.7124296875000001,1.55394e-08
144.056,0.0,0.7121796875000002,1.560465e-08
144.056,0.0,0.7119296875000001,1.5629166666666672e-08
144.056,0.0,0.7116796875000001,1.55621e-08
144.056,0.0,0.7114296875000001,1.56517e-08
144.056,0.0,0.7111796875000002,1.558695e-08
144.056,0.0,0.7109296875000001,1.559095e-08
144.056,0.0,0.7106796875000001,1.55865e-08
144.056,0.0,0.7104296875000001,1.55642e-08
144.056,0.0,0.7101796875000002,1.5649850000000003e-08
144.056,0.0,0.7099296875000001,1.5639433333333333e-08
144.056,0.0,0.7096796875000001,1.565695e-08
144.056,0.0,0.7094296875000001,1.56888e-08
144.056,0.0,0.7091796875000002,1.5734449999999998e-08
144.056,0.0,0.7089296875000001,1.577765e-08
144.056,0.0,0.7086796875000001,1.5700150000000003e-08
144.056,0.0,0.7084296875000001,1.55943e-08
144.056,0.0,0.7081796875000002,1.5720950000000003e-08
144.056,0.0,0.7079296875000001,1.567995e-08
144.056,0.0,0.7076796875000001,1.584215e-08
144.056,0.0,0.7074296875000001,1.576665e-08
144.056,0.0,0.7071796875000002,1.584395e-08
144.056,0.0,0.7069296875000001,1.57325e-08
144.056,0.0,0.7066796875000001,1.584275e-08
144.056,0.0,0.7064296875000001,1.575e-08
144.056,0.0,0.7061796875000002,1.5763900000000006e-08
144.056,0.0,0.7059296875000001,1.576115e-08
144.056,0.0,0.7056796875000001,1.581775e-08
144.056,0.0,0.7054296875000001,1.5665250000000002e-08
144.056,0.0,0.7051796875000002,1.5725749999999998e-08
144.056,0.0,0.7049296875000001,1.58834e-08
144.056,0.0,0.7046796875000001,1.57861e-08
144.056,0.0,0.7044296875000001,1.58389e-08
144.056,0.0,0.7041796875000002,1.589905e-08
144.056,0.0,0.7039296875000001,1.58917e-08
144.056,0.0,0.7036796875000001,1.58293e-08
144.056,0.0,0.7034296875000001,1.58925e-08
144.056,0.0,0.7031796875000002,1.59875e-08
144.056,0.0,0.7029296875000001,1.5901799999999998e-08
144.056,0.0,0.7026796875000001,1.57334e-08
144.056,0.0,0.7024296875000001,1.5904750000000002e-08
144.056,0.0,0.7021796875000001,1.585785e-08
144.056,0.0,0.7019296875000001,1.5833650000000002e-08
144.056,0.0,0.7016796875000001,1.580255e-08
144.056,0.0,0.7014296875000001,1.5984e-08
144.056,0.0,0.7011796875000001,1.58801e-08
144.056,0.0,0.7009296875000001,1.5886549999999997e-08
144.056,0.0,0.7006796875000001,1.58453e-08
144.056,0.0,0.7004296875000001,1.58754e-08
144.056,0.0,0.7001796875000001,1.590355e-08
144.056,0.0,0.6999296875000001,1.584265e-08
144.056,0.0,0.6996796875000001,1.5794e-08
144.056,0.0,0.6994296875000001,1.55769e-08
144.056,0.0,0.6991796875000001,1.58606e-08
144.056,0.0,0.6989296875000001,1.577285e-08
144.056,0.0,0.6986796875000001,1.57934e-08
144.056,0.0,0.6984296875000001,1.56793e-08
144.056,0.0,0.6981796875000001,1.57158e-08
144.056,0.0,0.6979296875000001,1.56268e-08
144.056,0.0,0.6976796875000001,1.57164e-08
144.056,0.0,0.6974296875000001,1.570865e-08
144.056,0.0,0.6971796875000001,1.558175e-08
144.056,0.0,0.6969296875000001,1.55493e-08
144.056,0.0,0.6966796875000001,1.57874e-08
144.056,0.0,0.6964296875000001,1.5629433333333332e-08
144.056,0.0,0.6961796875000001,1.56659e-08
144.056,0.0,0.6959296875000001,1.5739099999999998e-08
144.056,0.0,0.6956796875000001,1.56769e-08
144.056,0.0,0.6954296875000001,1.578435e-08
144.056,0.0,0.6951796875000001,1.5784200000000002e-08
144.056,0.0,0.6949296875000001,1.5788049999999998e-08
144.056,0.0,0.6946796875000001,1.58942e-08
144.056,0.0,0.6944296875000001,1.580405e-08
144.056,0.0,0.6941796875000001,1.584455e-08
144.056,0.0,0.6939296875000001,1.5801499999999998e-08
144.056,0.0,0.6936796875000001,1.580735e-08
144.056,0.0,0.6934296875000001,1.56364e-08
144.056,0.0,0.6931796875000001,1.574085e-08
144.056,0.0,0.6929296875000002,1.570865e-08
144.056,0.0,0.6926796875000001,1.60185e-08
144.056,0.0,0.6924296875000001,1.557865e-08
144.056,0.0,0.6921796875000001,1.5759000000000002e-08
144.056,0.0,0.6919296875000002,1.576185e-08
144.056,0.0,0.6916796875000001,1.581145e-08
144.056,0.0,0.6914296875000001,1.58969e-08
144.056,0.0,0.6911796875000001,1.57064e-08
144.056,0.0,0.6909296875000002,1.584315e-08
144.056,0.0,0.6906796875000001,1.59326e-08
144.056,0.0,0.6904296875000001,1.5823049999999998e-08
144.056,0.0,0.6901796875000001,1.58214e-08
144.056,0.0,0.6899296875000002,1.5797949999999998e-08
144.056,0.0,0.6896796875000001,1.57345e-08
144.056,0.0,0.6894296875000001,1.574695e-08
144.056,0.0,0.6891796875000001,1.58584e-08
144.056,0.0,0.6889296875000002,1.578395e-08
144.056,0.0,0.6886796875000001,1.60837e-08
144.056,0.0,0.6884296875000001,1.591655e-08
144.056,0.0,0.6881796875000001,1.58667e-08
144.056,0.0,0.6879296875000002,1.5854700000000002e-08
144.056,0.0,0.6876796875000001,1.585145e-08
144.056,0.0,0.6874296875000001,1.58056e-08
144.056,0.0,0.6871796875000001,1.597485e-08
144.056,0.0,0.6869296875000002,1.604395e-08
144.056,0.0,0.6866796875000001,1.60457e-08
144.056,0.0,0.6864296875000001,1.604485e-08
144.056,0.0,0.6861796875000001,1.5990199999999997e-08
144.056,0.0,0.6859296875000002,1.58253e-08
144.056,0.0,0.6856796875000001,1.59268e-08
144.056,0.0,0.6854296875000001,1.5748149999999998e-08
144.056,0.0,0.6851796875000001,1.5859149999999998e-08
144.056,0.0,0.6849296875000002,1.5829500000000003e-08
144.056,0.0,0.6846796875000001,1.58433e-08
144.056,0.0,0.6844296875000001,1.567715e-08
144.056,0.0,0.6841796875000001,1.564105e-08
144.056,0.0,0.6839296875000002,1.57082e-08
144.056,0.0,0.6836796875000001,1.57838e-08
144.056,0.0,0.6834296875000001,1.584e-08
144.056,0.0,0.6831796875000001,1.5784700000000002e-08
144.056,0.0,0.6829296875000002,1.5558449999999997e-08
144.056,0.0,0.6826796875000001,1.5778450000000002e-08
144.056,0.0,0.6824296875000001,1.5803449999999997e-08
144.056,0.0,0.6821796875000001,1.579645e-08
144.056,0.0,0.6819296875000002,1.58451e-08
144.056,0.0,0.6816796875000001,1.58946e-08
144.056,0.0,0.6814296875000001,1.5774099999999998e-08
144.056,0.0,0.6811796875000001,1.58352e-08
144.056,0.0,0.6809296875000002,1.574355e-08
144.056,0.0,0.6806796875000001,1.567625e-08
144.056,0.0,0.6804296875000001,1.56075e-08
144.056,0.0,0.6801796875000001,1.571295e-08
144.056,0.0,0.6799296875000002,1.58813e-08
144.056,0.0,0.6796796875000001,1.574555e-08
144.056,0.0,0.6794296875000001,1.58522e-08
144.056,0.0,0.6791796875000001,1.570365e-08
144.056,0.0,0.6789296875000002,1.57711e-08
144.056,0.0,0.6786796875000001,1.5698099999999998e-08
144.056,0.0,0.6784296875000001,1.5693499999999998e-08
144.056,0.0,0.6781796875000001,1.57639e-08
144.056,0.0,0.6779296875000002,1.55346e-08
144.056,0.0,0.6776796875000001,1.56706e-08
144.056,0.0,0.6774296875000001,1.5640199999999997e-08
144.056,0.0,0.6771796875000001,1.58175e-08
144.056,0.0,0.6769296875000002,1.57086e-08
144.056,0.0,0.6766796875000001,1.5704900000000002e-08
144.056,0.0,0.6764296875000001,1.5655850000000003e-08
144.056,0.0,0.6761796875000001,1.5736149999999998e-08
144.056,0.0,0.6759296875000002,1.565055e-08
144.056,0.0,0.6756796875000001,1.5687400000000002e-08
144.056,0.0,0.6754296875000001,1.5633200000000003e-08
144.056,0.0,0.6751796875000001,1.5642850000000002e-08
144.056,0.0,0.6749296875000002,1.56352e-08
144.056,0.0,0.6746796875000001,1.57458e-08
144.056,0.0,0.6744296875000001,1.57019e-08
144.056,0.0,0.6741796875000001,1.573865e-08
144.056,0.0,0.6739296875000002,1.55891e-08
144.056,0.0,0.6736796875000001,1.5793766666666672e-08
144.056,0.0,0.6734296875000001,1.58826e-08
144.056,0.0,0.6731796875000001,1.575805e-08
144.056,0.0,0.6729296875000002,1.56966e-08
144.056,0.0,0.6726796875000001,1.576815e-08
144.056,0.0,0.6724296875000001,1.56859e-08
144.056,0.0,0.6721796875000001,1.57276e-08
144.056,0.0,0.6719296875000002,1.57058e-08
144.056,0.0,0.6716796875000001,1.56511e-08
144.056,0.0,0.6714296875000001,1.57134e-08
144.056,0.0,0.6711796875000001,1.570565e-08
144.056,0.0,0.6709296875000001,1.57369e-08
144.056,0.0,0.6706796875000001,1.563315e-08
144.056,0.0,0.6704296875000001,1.561e-08
144.056,0.0,0.6701796875000001,1.56793e-08
144.056,0.0,0.6699296875000001,1.57185e-08
144.056,0.0,0.6696796875000001,1.56689e-08
144.056,0.0,0.6694296875000001,1.55438e-08
144.056,0.0,0.6691796875000001,1.5646400000000002e-08
144.056,0.0,0.6689296875000001,1.56789e-08
144.056,0.0,0.6686796875000001,1.5614600000000003e-08
144.056,0.0,0.6684296875000001,1.5535650000000002e-08
144.056,0.0,0.6681796875000001,1.55865e-08
144.056,0.0,0.6679296875000001,1.55887e-08
144.056,0.0,0.6676796875000001,1.574955e-08
144.056,0.0,0.6674296875000001,1.56777e-08
144.056,0.0,0.6671796875000001,1.559265e-08
144.056,0.0,0.6669296875000001,1.5593099999999998e-08
144.056,0.0,0.6666796875000001,1.55922e-08
144.056,0.0,0.6664296875000001,1.56979e-08
144.056,0.0,0.6661796875000001,1.561785e-08
144.056,0.0,0.6659296875000001,1.55275e-08
144.056,0.0,0.6656796875000001,1.566225e-08
144.056,0.0,0.6654296875000001,1.54547e-08
144.056,0.0,0.6651796875000001,1.5606400000000003e-08
144.056,0.0,0.6649296875000001,1.55599e-08
144.056,0.0,0.6646796875000001,1.5505099999999998e-08
144.056,0.0,0.6644296875000001,1.5486e-08
144.056,0.0,0.6641796875000001,1.55287e-08
144.056,0.0,0.6639296875000001,1.5517349999999998e-08
144.056,0.0,0.6636796875000001,1.55408e-08
144.056,0.0,0.6634296875000001,1.5535300000000003e-08
144.056,0.0,0.6631796875000001,1.5465e-08
144.056,0.0,0.6629296875000001,1.55753e-08
144.056,0.0,0.6626796875000001,1.5483e-08
144.056,0.0,0.6624296875000001,1.5467e-08
144.056,0.0,0.6621796875000001,1.54837e-08
144.056,0.0,0.6619296875000001,1.5553150000000002e-08
144.056,0.0,0.6616796875000002,1.549075e-08
144.056,0.0,0.6614296875000001,1.545325e-08
144.056,0.0,0.6611796875000001,1.55752e-08
144.056,0.0,0.6609296875000001,1.54057e-08
144.056,0.0,0.6606796875000002,1.5301449999999997e-08
144.056,0.0,0.6604296875000001,1.53395e-08
144.056,0.0,0.6601796875000001,1.545375e-08
144.056,0.0,0.6599296875000001,1.518625e-08
144.056,0.0,0.6596796875000002,1.5333e-08
144.056,0.0,0.6594296875000001,1.53505e-08
144.056,0.0,0.6591796875000001,1.53082e-08
144.056,0.0,0.6589296875000001,1.525645e-08
144.056,0.0,0.6586796875000002,1.5354949999999998e-08
144.056,0.0,0.6584296875000001,1.52832e-08
144.056,0.0,0.6581796875000001,1.534175e-08
144.056,0.0,0.6579296875000001,1.522415e-08
144.056,0.0,0.6576796875000002,1.53143e-08
144.056,0.0,0.6574296875000001,1.531185e-08
144.056,0.0,0.6571796875000001,1.51045e-08
144.056,0.0,0.6569296875000001,1.54026e-08
144.056,0.0,0.6566796875000002,1.533785e-08
144.056,0.0,0.6564296875000001,1.529895e-08
144.056,0.0,0.6561796875000001,1.52145e-08
144.056,0.0,0.6559296875000001,1.540175e-08
144.056,0.0,0.6556796875000002,1.530065e-08
144.056,0.0,0.6554296875000001,1.5213766666666666e-08
144.056,0.0,0.6551796875000001,1.50375e-08
144.056,0.0,0.6549296875000001,1.5177e-08
144.056,0.0,0.6546796875000002,1.532755e-08
144.056,0.0,0.6544296875000001,1.5160849999999998e-08
144.056,0.0,0.6541796875000001,1.52908e-08
144.056,0.0,0.6539296875000001,1.53703e-08
144.056,0.0,0.6536796875000002,1.520265e-08
144.056,0.0,0.6534296875000001,1.500125e-08
144.056,0.0,0.6531796875000001,1.52128e-08
144.056,0.0,0.6529296875000001,1.521545e-08
144.056,0.0,0.6526796875000002,1.52138e-08
144.056,0.0,0.6524296875000001,1.5162900000000003e-08
144.056,0.0,0.6521796875000001,1.52103e-08
144.056,0.0,0.6519296875000001,1.526565e-08
144.056,0.0,0.6516796875000002,1.5250750000000002e-08
144.056,0.0,0.6514296875000001,1.5349549999999997e-08
144.056,0.0,0.6511796875000001,1.5165100000000006e-08
144.056,0.0,0.6509296875000001,1.5134250000000002e-08
144.056,0.0,0.6506796875000002,1.514945e-08
144.056,0.0,0.6504296875000001,1.521825e-08
144.056,0.0,0.6501796875000001,1.50683e-08
144.056,0.0,0.6499296875000001,1.50879e-08
144.056,0.0,0.6496796875000002,1.522155e-08
144.056,0.0,0.6494296875000001,1.51751e-08
144.056,0.0,0.6491796875000001,1.51252e-08
144.056,0.0,0.6489296875000001,1.50324e-08
144.056,0.0,0.6486796875000002,1.524165e-08
144.056,0.0,0.6484296875000001,1.514595e-08
144.056,0.0,0.6481796875000001,1.51239e-08
144.056,0.0,0.6479296875000001,1.513955e-08
144.056,0.0,0.6476796875000002,1.510735e-08
144.056,0.0,0.6474296875000001,1.510345e-08
144.056,0.0,0.6471796875000001,1.52478e-08
144.056,0.0,0.6469296875000001,1.5118133333333332e-08
144.056,0.0,0.6466796875000002,1.514825e-08
144.056,0.0,0.6464296875000001,1.51296e-08
144.056,0.0,0.6461796875000001,1.508015e-08
144.056,0.0,0.6459296875000001,1.499795e-08
144.056,0.0,0.6456796875000002,1.517945e-08
144.056,0.0,0.6454296875000001,1.505375e-08
144.056,0.0,0.6451796875000001,1.52819e-08
144.056,0.0,0.6449296875000001,1.49683e-08
144.056,0.0,0.6446796875000002,1.5123600000000002e-08
144.056,0.0,0.6444296875000001,1.516475e-08
144.056,0.0,0.6441796875000001,1.5088850000000002e-08
144.056,0.0,0.6439296875000001,1.51817e-08
144.056,0.0,0.6436796875000002,1.50424e-08
144.056,0.0,0.6434296875000001,1.52751e-08
144.056,0.0,0.6431796875000001,1.49537e-08
144.056,0.0,0.6429296875000001,1.50653e-08
144.056,0.0,0.6426796875000002,1.512175e-08
144.056,0.0,0.6424296875000001,1.50631e-08
144.056,0.0,0.6421796875000001,1.507915e-08
144.056,0.0,0.6419296875000001,1.496155e-08
144.056,0.0,0.6416796875000002,1.5123399999999998e-08
144.056,0.0,0.6414296875000001,1.50731e-08
144.056,0.0,0.6411796875000001,1.499275e-08
144.056,0.0,0.6409296875000001,1.5115199999999998e-08
144.056,0.0,0.6406796875000002,1.52271e-08
144.056,0.0,0.6404296875000001,1.50499e-08
144.056,0.0,0.6401796875000001,1.51333e-08
144.056,0.0,0.6399296875000001,1.5043433333333332e-08
144.056,0.0,0.6396796875000001,1.50368e-08
144.056,0.0,0.6394296875000001,1.49316e-08
144.056,0.0,0.6391796875000001,1.5014249999999998e-08
144.056,0.0,0.6389296875000001,1.489385e-08
144.056,0.0,0.6386796875000001,1.495985e-08
144.056,0.0,0.6384296875000001,1.48429e-08
144.056,0.0,0.6381796875000001,1.47959e-08
144.056,0.0,0.6379296875000001,1.495695e-08
144.056,0.0,0.6376796875000001,1.48155e-08
144.056,0.0,0.6374296875000001,1.4707e-08
144.056,0.0,0.6371796875000001,1.48085e-08
144.056,0.0,0.6369296875000001,1.47412e-08
144.056,0.0,0.6366796875000001,1.49994e-08
144.056,0.0,0.6364296875000001,1.47892e-08
144.056,0.0,0.6361796875000001,1.46754e-08
144.056,0.0,0.6359296875000001,1.47888e-08
144.056,0.0,0.6356796875000001,1.474565e-08
144.056,0.0,0.6354296875000001,1.4928699999999998e-08
144.056,0.0,0.6351796875000001,1.489e-08
144.056,0.0,0.6349296875000001,1.4834e-08
144.056,0.0,0.6346796875000001,1.48279e-08
144.056,0.0,0.6344296875000001,1.48975e-08
144.056,0.0,0.6341796875000001,1.48826e-08
144.056,0.0,0.6339296875000001,1.47985e-08
144.056,0.0,0.6336796875000001,1.479425e-08
144.056,0.0,0.6334296875000001,1.49676e-08
144.056,0.0,0.6331796875000001,1.49094e-08
144.056,0.0,0.6329296875000001,1.4896833333333333e-08
144.056,0.0,0.6326796875000001,1.488415e-08
144.056,0.0,0.6324296875000001,1.48124e-08
144.056,0.0,0.6321796875000001,1.460675e-08
144.056,0.0,0.6319296875000001,1.485325e-08
144.056,0.0,0.6316796875000001,1.4962599999999998e-08
144.056,0.0,0.6314296875000001,1.48413e-08
144.056,0.0,0.6311796875000001,1.48859e-08
144.056,0.0,0.6309296875000001,1.47654e-08
144.056,0.0,0.6306796875000001,1.47963e-08
144.056,0.0,0.6304296875000002,1.50032e-08
144.056,0.0,0.6301796875000001,1.477085e-08
144.056,0.0,0.6299296875000001,1.4930649999999997e-08
144.056,0.0,0.6296796875000001,1.46655e-08
144.056,0.0,0.6294296875000002,1.47925e-08
144.056,0.0,0.6291796875000001,1.467815e-08
144.056,0.0,0.6289296875000001,1.485235e-08
144.056,0.0,0.6286796875000001,1.474375e-08
144.056,0.0,0.6284296875000002,1.461525e-08
144.056,0.0,0.6281796875000001,1.46452e-08
144.056,0.0,0.6279296875000001,1.46752e-08
144.056,0.0,0.6276796875000001,1.46517e-08
144.056,0.0,0.6274296875000002,1.46776e-08
144.056,0.0,0.6271796875000001,1.457415e-08
144.056,0.0,0.6269296875000001,1.45153e-08
144.056,0.0,0.6266796875000001,1.46115e-08
144.056,0.0,0.6264296875000002,1.451905e-08
144.056,0.0,0.6261796875000001,1.456855e-08
144.056,0.0,0.6259296875000001,1.459705e-08
144.056,0.0,0.6256796875000001,1.46466e-08
144.056,0.0,0.6254296875000002,1.472195e-08
144.056,0.0,0.6251796875000001,1.47331e-08
144.056,0.0,0.6249296875000001,1.464855e-08
144.056,0.0,0.6246796875000001,1.45808e-08
144.056,0.0,0.6244296875000002,1.4527e-08
144.056,0.0,0.6241796875000001,1.471305e-08
144.056,0.0,0.6239296875000001,1.4562866666666666e-08
144.056,0.0,0.6236796875000001,1.47051e-08
144.056,0.0,0.6234296875000002,1.466875e-08
144.056,0.0,0.6231796875000001,1.46544e-08
144.056,0.0,0.6229296875000001,1.471205e-08
144.056,0.0,0.6226796875000001,1.44937e-08
144.056,0.0,0.6224296875000002,1.46969e-08
144.056,0.0,0.6221796875000001,1.462755e-08
144.056,0.0,0.6219296875000001,1.4700933333333333e-08
144.056,0.0,0.6216796875000001,1.45513e-08
144.056,0.0,0.6214296875000002,1.47172e-08
144.056,0.0,0.6211796875000001,1.458285e-08
144.056,0.0,0.6209296875000001,1.47315e-08
144.056,0.0,0.6206796875000001,1.4631e-08
144.056,0.0,0.6204296875000002,1.46107e-08
144.056,0.0,0.6201796875000001,1.464055e-08
144.056,0.0,0.6199296875000001,1.461765e-08
144.056,0.0,0.6196796875000001,1.46716e-08
144.056,0.0,0.6194296875000002,1.464265e-08
144.056,0.0,0.6191796875000001,1.469785e-08
144.056,0.0,0.6189296875000001,1.47076e-08
144.056,0.0,0.6186796875000001,1.44974e-08
144.056,0.0,0.6184296875000002,1.471845e-08
144.056,0.0,0.6181796875000001,1.470605e-08
144.056,0.0,0.6179296875000001,1.476155e-08
144.056,0.0,0.6176796875000001,1.470165e-08
144.056,0.0,0.6174296875000002,1.470215e-08
144.056,0.0,0.6171796875000001,1.471695e-08
144.056,0.0,0.6169296875000001,1.47168e-08
144.056,0.0,0.6166796875000001,1.48025e-08
144.056,0.0,0.6164296875000002,1.476365e-08
144.056,0.0,0.6161796875000001,1.47991e-08
144.056,0.0,0.6159296875000001,1.4769e-08
144.056,0.0,0.6156796875000001,1.47905e-08
144.056,0.0,0.6154296875000002,1.47047e-08
144.056,0.0,0.6151796875000001,1.472055e-08
144.056,0.0,0.6149296875000001,1.47836e-08
144.056,0.0,0.6146796875000001,1.473985e-08
144.056,0.0,0.6144296875000002,1.47947e-08
144.056,0.0,0.6141796875000001,1.4878350000000002e-08
144.056,0.0,0.6139296875000001,1.47864e-08
144.056,0.0,0.6136796875000001,1.49385e-08
144.056,0.0,0.6134296875000002,1.48811e-08
144.056,0.0,0.6131796875000001,1.480225e-08
144.056,0.0,0.6129296875000001,1.486285e-08
144.056,0.0,0.6126796875000001,1.48656e-08
144.056,0.0,0.6124296875000002,1.48988e-08
144.056,0.0,0.6121796875000001,1.5003200000000003e-08
144.056,0.0,0.6119296875000001,1.492395e-08
144.056,0.0,0.6116796875000001,1.48675e-08
144.056,0.0,0.6114296875000002,1.4957699999999998e-08
144.056,0.0,0.6111796875000001,1.50127e-08
144.056,0.0,0.6109296875000001,1.49242e-08
144.056,0.0,0.6106796875000001,1.495505e-08
144.056,0.0,0.6104296875000002,1.4924750000000003e-08
144.056,0.0,0.6101796875000001,1.496585e-08
144.056,0.0,0.6099296875000001,1.485565e-08
144.056,0.0,0.6096796875000001,1.48241e-08
144.056,0.0,0.6094296875000002,1.487355e-08
144.056,0.0,0.6091796875000001,1.479855e-08
144.056,0.0,0.6089296875000001,1.492215e-08
144.056,0.0,0.6086796875000001,1.49416e-08
144.056,0.0,0.6084296875000001,1.489435e-08
144.056,0.0,0.6081796875000001,1.48307e-08
144.056,0.0,0.6079296875000001,1.48136e-08
144.056,0.0,0.6076796875000001,1.47769e-08
144.056,0.0,0.6074296875000001,1.47859e-08
144.056,0.0,0.6071796875000001,1.486015e-08
144.056,0.0,0.6069296875000001,1.486805e-08
144.056,0.0,0.6066796875000001,1.48773e-08
144.056,0.0,0.6064296875000001,1.48377e-08
144.056,0.0,0.6061796875000001,1.4804e-08
144.056,0.0,0.6059296875000001,1.478635e-08
144.056,0.0,0.6056796875000001,1.484865e-08
144.056,0.0,0.6054296875000001,1.465195e-08
144.056,0.0,0.6051796875000001,1.465115e-08
144.056,0.0,0.6049296875000001,1.46842e-08
144.056,0.0,0.6046796875000001,1.474025e-08
144.056,0.0,0.6044296875000001,1.47468e-08
144.056,0.0,0.6041796875000001,1.47506e-08
144.056,0.0,0.6039296875000001,1.473715e-08
144.056,0.0,0.6036796875000001,1.47976e-08
144.056,0.0,0.6034296875000001,1.484695e-08
144.056,0.0,0.6031796875000001,1.47742e-08
144.056,0.0,0.6029296875000001,1.48843e-08
144.056,0.0,0.6026796875000001,1.481875e-08
144.056,0.0,0.6024296875000001,1.48746e-08
144.056,0.0,0.6021796875000001,1.484805e-08
144.056,0.0,0.6019296875000001,1.50295e-08
144.056,0.0,0.6016796875000001,1.501135e-08
144.056,0.0,0.6014296875000001,1.4874250000000002e-08
144.056,0.0,0.6011796875000001,1.48468e-08
144.056,0.0,0.6009296875000001,1.48909e-08
144.056,0.0,0.6006796875000001,1.48395e-08
144.056,0.0,0.6004296875000001,1.488425e-08
144.056,0.0,0.6001796875000001,1.485955e-08
144.056,0.0,0.5999296875000001,1.49391e-08
144.056,0.0,0.5996796875000001,1.48444e-08
144.056,0.0,0.5994296875000001,1.482355e-08
144.056,0.0,0.5991796875000002,1.487375e-08
144.056,0.0,0.5989296875000001,1.5006e-08
144.056,0.0,0.5986796875000001,1.49769e-08
144.056,0.0,0.5984296875000001,1.49979e-08
144.056,0.0,0.5981796875000002,1.495345e-08
144.056,0.0,0.5979296875000001,1.50422e-08
144.056,0.0,0.5976796875000001,1.48781e-08
144.056,0.0,0.5974296875000001,1.4933300000000002e-08
144.056,0.0,0.5971796875000002,1.4993549999999997e-08
144.056,0.0,0.5969296875000001,1.493325e-08
144.056,0.0,0.5966796875000001,1.49819e-08
144.056,0.0,0.5964296875000001,1.4961700000000002e-08
144.056,0.0,0.5961796875000002,1.501195e-08
144.056,0.0,0.5959296875000001,1.48743e-08
144.056,0.0,0.5956796875000001,1.4914700000000002e-08
144.056,0.0,0.5954296875000001,1.49022e-08
144.056,0.0,0.5951796875000002,1.50181e-08
144.056,0.0,0.5949296875000001,1.49652e-08
144.056,0.0,0.5946796875000001,1.4918433333333333e-08
144.056,0.0,0.5944296875000001,1.4914e-08
144.056,0.0,0.5941796875000002,1.493765e-08
144.056,0.0,0.5939296875000001,1.50008e-08
144.056,0.0,0.5936796875000001,1.48688e-08
144.056,0.0,0.5934296875000001,1.496055e-08
144.056,0.0,0.5931796875000002,1.49648e-08
144.056,0.0,0.5929296875000001,1.48976e-08
144.056,0.0,0.5926796875000001,1.49359e-08
144.056,0.0,0.5924296875000001,1.4908333333333333e-08
144.056,0.0,0.5921796875000002,1.48947e-08
144.056,0.0,0.5919296875000001,1.50174e-08
144.056,0.0,0.5916796875000001,1.49042e-08
144.056,0.0,0.5914296875000001,1.492125e-08
144.056,0.0,0.5911796875000002,1.485515e-08
144.056,0.0,0.5909296875000001,1.49652e-08
144.056,0.0,0.5906796875000001,1.499605e-08
144.056,0.0,0.5904296875000001,1.4903866666666667e-08
144.056,0.0,0.5901796875000002,1.48662e-08
144.056,0.0,0.5899296875000001,1.491125e-08
144.056,0.0,0.5896796875000001,1.48216e-08
144.056,0.0,0.5894296875000001,1.485895e-08
144.056,0.0,0.5891796875000002,1.480985e-08
144.056,0.0,0.5889296875000001,1.48259e-08
144.056,0.0,0.5886796875000001,1.48424e-08
144.056,0.0,0.5884296875000001,1.47899e-08
144.056,0.0,0.5881796875000002,1.48637e-08
144.056,0.0,0.5879296875000001,1.4898300000000002e-08
144.056,0.0,0.5876796875000001,1.48801e-08
144.056,0.0,0.5874296875000001,1.48202e-08
144.056,0.0,0.5871796875000002,1.49022e-08
144.056,0.0,0.5869296875000001,1.48488e-08
144.056,0.0,0.5866796875000001,1.48621e-08
144.056,0.0,0.5864296875000001,1.4885449999999998e-08
144.056,0.0,0.5861796875000002,1.496485e-08
144.056,0.0,0.5859296875000001,1.485915e-08
144.056,0.0,0.5856796875000001,1.485215e-08
144.056,0.0,0.5854296875000001,1.49564e-08
144.056,0.0,0.5851796875000002,1.48745e-08
144.056,0.0,0.5849296875000001,1.490785e-08
144.056,0.0,0.5846796875000001,1.497915e-08
144.056,0.0,0.5844296875000001,1.499015e-08
144.056,0.0,0.5841796875000002,1.49356e-08
144.056,0.0,0.5839296875000001,1.497995e-08
144.056,0.0,0.5836796875000001,1.5023433333333333e-08
144.056,0.0,0.5834296875000001,1.4986050000000002e-08
144.056,0.0,0.5831796875000002,1.49629e-08
144.056,0.0,0.5829296875000001,1.4945449999999997e-08
144.056,0.0,0.5826796875000001,1.507325e-08
144.056,0.0,0.5824296875000001,1.50218e-08
144.056,0.0,0.5821796875000002,1.49931e-08
144.056,0.0,0.5819296875000001,1.493915e-08
144.056,0.0,0.5816796875000001,1.50254e-08
144.056,0.0,0.5814296875000001,1.50437e-08
144.056,0.0,0.5811796875000002,1.5065649999999998e-08
144.056,0.0,0.5809296875000001,1.5034549999999997e-08
144.056,0.0,0.5806796875000001,1.5013749999999998e-08
144.056,0.0,0.5804296875000001,1.4990450000000002e-08
144.056,0.0,0.5801796875000002,1.51212e-08
144.056,0.0,0.5799296875000001,1.501755e-08
144.056,0.0,0.5796796875000001,1.5005e-08
144.056,0.0,0.5794296875000001,1.498105e-08
144.056,0.0,0.5791796875000002,1.49957e-08
144.056,0.0,0.5789296875000001,1.496835e-08
144.056,0.0,0.5786796875000001,1.508345e-08
144.056,0.0,0.5784296875000001,1.504165e-08
144.056,0.0,0.5781796875000002,1.50435e-08
144.056,0.0,0.5779296875000001,1.493585e-08
144.056,0.0,0.5776796875000001,1.49978e-08
144.056,0.0,0.5774296875000001,1.4969400000000002e-08
144.056,0.0,0.5771796875000001,1.48956e-08
144.056,0.0,0.5769296875000001,1.487095e-08
144.056,0.0,0.5766796875000001,1.4946266666666667e-08
144.056,0.0,0.5764296875000001,1.49376e-08
144.056,0.0,0.5761796875000001,1.49286e-08
144.056,0.0,0.5759296875000001,1.48583e-08
144.056,0.0,0.5756796875000001,1.480915e-08
144.056,0.0,0.5754296875000001,1.479485e-08
144.056,0.0,0.5751796875000001,1.49661e-08
144.056,0.0,0.5749296875000001,1.484575e-08
144.056,0.0,0.5746796875000001,1.48336e-08
144.056,0.0,0.5744296875000001,1.47988e-08
144.056,0.0,0.5741796875000001,1.47611e-08
144.056,0.0,0.5739296875000001,1.473945e-08
144.056,0.0,0.5736796875000001,1.47851e-08
144.056,0.0,0.5734296875000001,1.47282e-08
144.056,0.0,0.5731796875000001,1.47393e-08
144.056,0.0,0.5729296875000001,1.470105e-08
144.056,0.0,0.5726796875000001,1.471575e-08
144.056,0.0,0.5724296875000001,1.48257e-08
144.056,0.0,0.5721796875000001,1.4731850000000001e-08
144.056,0.0,0.5719296875000001,1.476175e-08
144.056,0.0,0.5716796875000001,1.48041e-08
144.056,0.0,0.5714296875000001,1.48064e-08
144.056,0.0,0.5711796875000001,1.46907e-08
144.056,0.0,0.5709296875000001,1.473885e-08
144.056,0.0,0.5706796875000001,1.471675e-08
144.056,0.0,0.5704296875000001,1.48127e-08
144.056,0.0,0.5701796875000001,1.479015e-08
144.056,0.0,0.5699296875000001,1.482015e-08
144.056,0.0,0.5696796875000001,1.47877e-08
144.056,0.0,0.5694296875000001,1.47632e-08
144.056,0.0,0.5691796875000001,1.489975e-08
144.056,0.0,0.5689296875000001,1.486905e-08
144.056,0.0,0.5686796875000001,1.48473e-08
144.056,0.0,0.5684296875000001,1.48856e-08
144.056,0.0,0.5681796875000001,1.48835e-08
144.056,0.0,0.5679296875000002,1.4804333333333334e-08
144.056,0.0,0.5676796875000001,1.4798850000000001e-08
144.056,0.0,0.5674296875000001,1.47559e-08
144.056,0.0,0.5671796875000001,1.48122e-08
144.056,0.0,0.5669296875000002,1.48248e-08
144.056,0.0,0.5666796875000001,1.48434e-08
144.056,0.0,0.5664296875000001,1.48154e-08
144.056,0.0,0.5661796875000001,1.47707e-08
144.056,0.0,0.5659296875000002,1.4723e-08
144.056,0.0,0.5656796875000001,1.4759949999999998e-08
144.056,0.0,0.5654296875000001,1.4724e-08
144.056,0.0,0.5651796875000001,1.47101e-08
144.056,0.0,0.5649296875000002,1.471405e-08
144.056,0.0,0.5646796875000001,1.47435e-08
144.056,0.0,0.5644296875000001,1.48131e-08
144.056,0.0,0.5641796875000001,1.476205e-08
144.056,0.0,0.5639296875000002,1.47291e-08
144.056,0.0,0.5636796875000001,1.47051e-08
144.056,0.0,0.5634296875000001,1.480385e-08
144.056,0.0,0.5631796875000001,1.47812e-08
144.056,0.0,0.5629296875000002,1.47083e-08
144.056,0.0,0.5626796875000001,1.479325e-08
144.056,0.0,0.5624296875000001,1.46649e-08
144.056,0.0,0.5621796875000001,1.473835e-08
144.056,0.0,0.5619296875000002,1.46763e-08
144.056,0.0,0.5616796875000001,1.475595e-08
144.056,0.0,0.5614296875000001,1.4707e-08
144.056,0.0,0.5611796875000001,1.464995e-08
144.056,0.0,0.5609296875000002,1.4732950000000001e-08
144.056,0.0,0.5606796875000001,1.462205e-08
144.056,0.0,0.5604296875000001,1.46016e-08
144.056,0.0,0.5601796875000001,1.465225e-08
144.056,0.0,0.5599296875000002,1.470235e-08
144.056,0.0,0.5596796875000001,1.463345e-08
144.056,0.0,0.5594296875000001,1.46655e-08
144.056,0.0,0.5591796875000001,1.47184e-08
144.056,0.0,0.5589296875000002,1.4711566666666668e-08
144.056,0.0,0.5586796875000001,1.465595e-08
144.056,0.0,0.5584296875000001,1.46699e-08
144.056,0.0,0.5581796875000001,1.4685650000000001e-08
144.056,0.0,0.5579296875000002,1.465875e-08
144.056,0.0,0.5576796875000001,1.471265e-08
144.056,0.0,0.5574296875000001,1.46958e-08
144.056,0.0,0.5571796875000001,1.475895e-08
144.056,0.0,0.5569296875000002,1.47417e-08
144.056,0.0,0.5566796875000001,1.47573e-08
144.056,0.0,0.5564296875000001,1.476075e-08
144.056,0.0,0.5561796875000001,1.47158e-08
144.056,0.0,0.5559296875000002,1.4836300000000001e-08
144.056,0.0,0.5556796875000001,1.47625e-08
144.056,0.0,0.5554296875000001,1.47351e-08
144.056,0.0,0.5551796875000001,1.47857e-08
144.056,0.0,0.5549296875000002,1.475115e-08
144.056,0.0,0.5546796875000001,1.471075e-08
144.056,0.0,0.5544296875000001,1.47241e-08
144.056,0.0,0.5541796875000001,1.4840166666666666e-08
144.056,0.0,0.5539296875000002,1.47658e-08
144.056,0.0,0.5536796875000001,1.47433e-08
144.056,0.0,0.5534296875000001,1.47282e-08
144.056,0.0,0.5531796875000001,1.478905e-08
144.056,0.0,0.5529296875000002,1.4774e-08
144.056,0.0,0.5526796875000001,1.477225e-08
144.056,0.0,0.5524296875000001,1.4791e-08
144.056,0.0,0.5521796875000001,1.481595e-08
144.056,0.0,0.5519296875000002,1.48511e-08
144.056,0.0,0.5516796875000001,1.48038e-08
144.056,0.0,0.5514296875000001,1.48274e-08
144.056,0.0,0.5511796875000001,1.4942399999999998e-08
144.056,0.0,0.5509296875000002,1.49343e-08
144.056,0.0,0.5506796875000001,1.48038e-08
144.056,0.0,0.5504296875000001,1.49361e-08
144.056,0.0,0.5501796875000001,1.4903799999999998e-08
144.056,0.0,0.5499296875000002,1.49306e-08
144.056,0.0,0.5496796875000001,1.486855e-08
144.056,0.0,0.5494296875000001,1.49588e-08
144.056,0.0,0.5491796875000001,1.49282e-08
144.056,0.0,0.5489296875000002,1.48239e-08
144.056,0.0,0.5486796875000001,1.48334e-08
144.056,0.0,0.5484296875000001,1.482205e-08
144.056,0.0,0.5481796875000001,1.483745e-08
144.056,0.0,0.5479296875000002,1.483995e-08
144.056,0.0,0.5476796875000001,1.48068e-08
144.056,0.0,0.5474296875000001,1.477275e-08
144.056,0.0,0.5471796875000001,1.483915e-08
144.056,0.0,0.5469296875000002,1.479025e-08
144.056,0.0,0.5466796875000001,1.49213e-08
144.056,0.0,0.5464296875000001,1.4842600000000001e-08
144.056,0.0,0.5461796875000001,1.477655e-08
144.056,0.0,0.5459296875000001,1.484365e-08
144.056,0.0,0.5456796875000001,1.48774e-08
144.056,0.0,0.5454296875000001,1.479285e-08
144.056,0.0,0.5451796875000001,1.480945e-08
144.056,0.0,0.5449296875000001,1.48265e-08
144.056,0.0,0.5446796875000001,1.48488e-08
144.056,0.0,0.5444296875000001,1.47719e-08
144.056,0.0,0.5441796875000001,1.48182e-08
144.056,0.0,0.5439296875000001,1.48602e-08
144.056,0.0,0.5436796875000001,1.4776e-08
144.056,0.0,0.5434296875000001,1.486465e-08
144.056,0.0,0.5431796875000001,1.47775e-08
144.056,0.0,0.5429296875000001,1.4799766666666668e-08
144.056,0.0,0.5426796875000001,1.47255e-08
144.056,0.0,0.5424296875000001,1.46645e-08
144.056,0.0,0.5421796875000001,1.470885e-08
144.056,0.0,0.5419296875000001,1.47516e-08
144.056,0.0,0.5416796875000001,1.48006e-08
144.056,0.0,0.5414296875000001,1.48617e-08
144.056,0.0,0.5411796875000001,1.48513e-08
144.056,0.0,0.5409296875000001,1.48001e-08
144.056,0.0,0.5406796875000001,1.48332e-08
144.056,0.0,0.5404296875000001,1.489915e-08
144.056,0.0,0.5401796875000001,1.4845e-08
144.056,0.0,0.5399296875000001,1.48976e-08
144.056,0.0,0.5396796875000001,1.48868e-08
144.056,0.0,0.5394296875000001,1.493515e-08
144.056,0.0,0.5391796875000001,1.491725e-08
144.056,0.0,0.5389296875000001,1.4977899999999998e-08
144.056,0.0,0.5386796875000001,1.496795e-08
144.056,0.0,0.5384296875000001,1.502895e-08
144.056,0.0,0.5381796875000001,1.4910300000000002e-08
144.056,0.0,0.5379296875000001,1.48761e-08
144.056,0.0,0.5376796875000001,1.48906e-08
144.056,0.0,0.5374296875000001,1.49032e-08
144.056,0.0,0.5371796875000001,1.4878349999999998e-08
144.056,0.0,0.5369296875000001,1.4777999999999998e-08
144.056,0.0,0.5366796875000002,1.48048e-08
144.056,0.0,0.5364296875000001,1.47951e-08
144.056,0.0,0.5361796875000001,1.47771e-08
144.056,0.0,0.5359296875000001,1.4768333333333333e-08
144.056,0.0,0.5356796875000002,1.4744e-08
144.056,0.0,0.5354296875000001,1.478405e-08
144.056,0.0,0.5351796875000001,1.47304e-08
144.056,0.0,0.5349296875000001,1.48358e-08
144.056,0.0,0.5346796875000002,1.4716e-08
144.056,0.0,0.5344296875000001,1.47936e-08
144.056,0.0,0.5341796875000001,1.47363e-08
144.056,0.0,0.5339296875000001,1.474835e-08
144.056,0.0,0.5336796875000002,1.46929e-08
144.056,0.0,0.5334296875000001,1.47047e-08
144.056,0.0,0.5331796875000001,1.48336e-08
144.056,0.0,0.5329296875000001,1.475035e-08
144.056,0.0,0.5326796875000002,1.47478e-08
144.056,0.0,0.5324296875000001,1.472745e-08
144.056,0.0,0.5321796875000001,1.470385e-08
144.056,0.0,0.5319296875000001,1.47439e-08
144.056,0.0,0.5316796875000002,1.47146e-08
144.056,0.0,0.5314296875000001,1.479195e-08
144.056,0.0,0.5311796875000001,1.476765e-08
144.056,0.0,0.5309296875000001,1.47427e-08
144.056,0.0,0.5306796875000002,1.471295e-08
144.056,0.0,0.5304296875000001,1.4721e-08
144.056,0.0,0.5301796875000001,1.481175e-08
144.056,0.0,0.5299296875000001,1.477875e-08
144.056,0.0,0.5296796875000002,1.47408e-08
144.056,0.0,0.5294296875000001,1.472055e-08
144.056,0.0,0.5291796875000001,1.480965e-08
144.056,0.0,0.5289296875000001,1.47888e-08
144.056,0.0,0.5286796875000002,1.46835e-08
144.056,0.0,0.5284296875000001,1.47221e-08
144.056,0.0,0.5281796875000001,1.481805e-08
144.056,0.0,0.5279296875000001,1.48215e-08
144.056,0.0,0.5276796875000002,1.483695e-08
144.056,0.0,0.5274296875000001,1.4831866666666668e-08
144.056,0.0,0.5271796875000001,1.483845e-08
144.056,0.0,0.5269296875000001,1.48406e-08
144.056,0.0,0.5266796875000002,1.489385e-08
144.056,0.0,0.5264296875000001,1.48422e-08
144.056,0.0,0.5261796875000001,1.4963e-08
144.056,0.0,0.5259296875000001,1.47848e-08
144.056,0.0,0.5256796875000002,1.485405e-08
144.056,0.0,0.5254296875000001,1.49301e-08
144.056,0.0,0.5251796875000001,1.49472e-08
144.056,0.0,0.5249296875000001,1.500425e-08
144.056,0.0,0.5246796875000002,1.49784e-08
144.056,0.0,0.5244296875000001,1.49565e-08
144.056,0.0,0.5241796875000001,1.49175e-08
144.056,0.0,0.5239296875000001,1.5007e-08
144.056,0.0,0.5236796875000002,1.495735e-08
144.056,0.0,0.5234296875000001,1.50902e-08
144.056,0.0,0.5231796875000001,1.49268e-08
144.056,0.0,0.5229296875000001,1.49719e-08
144.056,0.0,0.5226796875000002,1.4986099999999998e-08
144.056,0.0,0.5224296875000001,1.495535e-08
144.056,0.0,0.5221796875000001,1.49419e-08
144.056,0.0,0.5219296875000001,1.48828e-08
144.056,0.0,0.5216796875000002,1.506375e-08
144.056,0.0,0.5214296875000001,1.49668e-08
144.056,0.0,0.5211796875000001,1.498685e-08
144.056,0.0,0.5209296875000001,1.49132e-08
144.056,0.0,0.5206796875000002,1.49077e-08
144.056,0.0,0.5204296875000001,1.49206e-08
144.056,0.0,0.5201796875000001,1.4990249999999998e-08
144.056,0.0,0.5199296875000001,1.49966e-08
144.056,0.0,0.5196796875000002,1.504245e-08
144.056,0.0,0.5194296875000001,1.500185e-08
144.056,0.0,0.5191796875000001,1.498955e-08
144.056,0.0,0.5189296875000001,1.50433e-08
144.056,0.0,0.5186796875000002,1.4991e-08
144.056,0.0,0.5184296875000001,1.507815e-08
144.056,0.0,0.5181796875000001,1.5081799999999998e-08
144.056,0.0,0.5179296875000001,1.50529e-08
144.056,0.0,0.5176796875000002,1.50414e-08
144.056,0.0,0.5174296875000001,1.5065399999999998e-08
144.056,0.0,0.5171796875000001,1.507125e-08
144.056,0.0,0.5169296875000001,1.50088e-08
144.056,0.0,0.5166796875000002,1.5126449999999997e-08
144.056,0.0,0.5164296875000001,1.5081799999999998e-08
144.056,0.0,0.5161796875000001,1.5073099999999998e-08
144.056,0.0,0.5159296875000001,1.514545e-08
144.056,0.0,0.5156796875000002,1.5098799999999998e-08
144.056,0.0,0.5154296875000001,1.513385e-08
144.056,0.0,0.5151796875000001,1.5199850000000002e-08
144.056,0.0,0.5149296875000001,1.51351e-08
144.056,0.0,0.5146796875000001,1.508225e-08
144.056,0.0,0.5144296875000001,1.508955e-08
144.056,0.0,0.5141796875000001,1.508145e-08
144.056,0.0,0.5139296875000001,1.50717e-08
144.056,0.0,0.5136796875000001,1.5182749999999997e-08
144.056,0.0,0.5134296875000001,1.50671e-08
144.056,0.0,0.5131796875000001,1.5161e-08
144.056,0.0,0.5129296875000001,1.512615e-08
144.056,0.0,0.5126796875000001,1.502615e-08
144.056,0.0,0.5124296875000001,1.50892e-08
144.056,0.0,0.5121796875000001,1.51182e-08
144.056,0.0,0.5119296875000001,1.51628e-08
144.056,0.0,0.5116796875000001,1.515405e-08
144.056,0.0,0.5114296875000001,1.5238466666666668e-08
144.056,0.0,0.5111796875000001,1.50978e-08
144.056,0.0,0.5109296875000001,1.507415e-08
144.056,0.0,0.5106796875000001,1.517645e-08
144.056,0.0,0.5104296875000001,1.511665e-08
144.056,0.0,0.5101796875000001,1.51566e-08
144.056,0.0,0.5099296875000001,1.521945e-08
144.056,0.0,0.5096796875000001,1.5219599999999998e-08
144.056,0.0,0.5094296875000001,1.5226e-08
144.056,0.0,0.5091796875000001,1.520465e-08
144.056,0.0,0.5089296875000001,1.526695e-08
144.056,0.0,0.5086796875000001,1.53222e-08
144.056,0.0,0.5084296875000001,1.528565e-08
144.056,0.0,0.5081796875000001,1.52741e-08
144.056,0.0,0.5079296875000001,1.5186e-08
144.056,0.0,0.5076796875000001,1.5178849999999998e-08
144.056,0.0,0.5074296875000001,1.5226699999999998e-08
144.056,0.0,0.5071796875000001,1.521195e-08
144.056,0.0,0.5069296875000001,1.527905e-08
144.056,0.0,0.5066796875000001,1.52312e-08
144.056,0.0,0.5064296875000001,1.51556e-08
144.056,0.0,0.5061796875000001,1.5306e-08
144.056,0.0,0.5059296875000001,1.5217100000000002e-08
144.056,0.0,0.5056796875000001,1.5179699999999998e-08
144.056,0.0,0.5054296875000002,1.5170149999999998e-08
144.056,0.0,0.5051796875000001,1.51096e-08
144.056,0.0,0.5049296875000001,1.5127066666666666e-08
144.056,0.0,0.5046796875000001,1.52098e-08
144.056,0.0,0.5044296875000002,1.52031e-08
144.056,0.0,0.5041796875000001,1.5141e-08
144.056,0.0,0.5039296875000001,1.518525e-08
144.056,0.0,0.5036796875000001,1.513035e-08
144.056,0.0,0.5034296875000002,1.51653e-08
144.056,0.0,0.5031796875000001,1.52414e-08
144.056,0.0,0.5029296875000001,1.519415e-08
144.056,0.0,0.5026796875000001,1.524695e-08
144.056,0.0,0.5024296875000002,1.5224433333333333e-08
144.056,0.0,0.5021796875000001,1.52085e-08
144.056,0.0,0.5019296875000001,1.52188e-08
144.056,0.0,0.5016796875000001,1.528185e-08
144.056,0.0,0.5014296875000002,1.526905e-08
144.056,0.0,0.5011796875000001,1.53244e-08
144.056,0.0,0.5009296875000001,1.533725e-08
144.056,0.0,0.5006796875000001,1.514875e-08
144.056,0.0,0.5004296875000002,1.5260099999999998e-08
144.056,0.0,0.5001796875000001,1.52366e-08
144.056,0.0,0.4999296875000001,1.52988e-08
144.056,0.0,0.49967968750000014,1.530945e-08
144.056,0.0,0.4994296875000001,1.530495e-08
144.056,0.0,0.49917968750000014,1.52711e-08
144.056,0.0,0.4989296875000001,1.53113e-08
144.056,0.0,0.49867968750000014,1.537545e-08
144.056,0.0,0.4984296875000001,1.52414e-08
144.056,0.0,0.49817968750000013,1.531275e-08
144.056,0.0,0.4979296875000001,1.528505e-08
144.056,0.0,0.49767968750000013,1.530785e-08
144.056,0.0,0.4974296875000001,1.53708e-08
144.056,0.0,0.49717968750000013,1.53408e-08
144.056,0.0,0.4969296875000001,1.53895e-08
144.056,0.0,0.49667968750000013,1.54117e-08
144.056,0.0,0.4964296875000001,1.545325e-08
144.056,0.0,0.49617968750000013,1.54296e-08
144.056,0.0,0.4959296875000001,1.5387249999999998e-08
144.056,0.0,0.49567968750000013,1.5544350000000002e-08
144.056,0.0,0.4954296875000001,1.5383e-08
144.056,0.0,0.49517968750000013,1.5404350000000006e-08
144.056,0.0,0.4949296875000001,1.53715e-08
144.056,0.0,0.49467968750000013,1.54114e-08
144.056,0.0,0.4944296875000001,1.54024e-08
144.056,0.0,0.49417968750000013,1.54407e-08
144.056,0.0,0.4939296875000001,1.55112e-08
144.056,0.0,0.49367968750000013,1.542265e-08
144.056,0.0,0.4934296875000001,1.554075e-08
144.056,0.0,0.49317968750000013,1.55994e-08
144.056,0.0,0.4929296875000001,1.55944e-08
144.056,0.0,0.49267968750000013,1.5605949999999998e-08
144.056,0.0,0.4924296875000001,1.55627e-08
144.056,0.0,0.49217968750000013,1.558615e-08
144.056,0.0,0.4919296875000001,1.55781e-08
144.056,0.0,0.49167968750000013,1.5576050000000003e-08
144.056,0.0,0.4914296875000001,1.56064e-08
144.056,0.0,0.49117968750000013,1.55502e-08
144.056,0.0,0.4909296875000001,1.5519500000000002e-08
144.056,0.0,0.49067968750000013,1.552945e-08
144.056,0.0,0.4904296875000001,1.54523e-08
144.056,0.0,0.4901796875000001,1.5500650000000002e-08
144.056,0.0,0.4899296875000001,1.5472299999999998e-08
144.056,0.0,0.4896796875000001,1.5503950000000002e-08
144.056,0.0,0.4894296875000001,1.54167e-08
144.056,0.0,0.4891796875000001,1.537365e-08
144.056,0.0,0.4889296875000001,1.5317249999999998e-08
144.056,0.0,0.4886796875000001,1.53077e-08
144.056,0.0,0.4884296875000001,1.54495e-08
144.056,0.0,0.4881796875000001,1.54566e-08
144.056,0.0,0.4879296875000001,1.5330349999999998e-08
144.056,0.0,0.4876796875000001,1.5385750000000003e-08
144.056,0.0,0.4874296875000001,1.5343e-08
144.056,0.0,0.4871796875000001,1.53772e-08
144.056,0.0,0.4869296875000001,1.542855e-08
144.056,0.0,0.4866796875000001,1.5456566666666666e-08
144.056,0.0,0.4864296875000001,1.54773e-08
144.056,0.0,0.4861796875000001,1.54494e-08
144.056,0.0,0.4859296875000001,1.5519500000000002e-08
144.056,0.0,0.4856796875000001,1.548865e-08
144.056,0.0,0.4854296875000001,1.53561e-08
144.056,0.0,0.4851796875000001,1.54376e-08
144.056,0.0,0.4849296875000001,1.558435e-08
144.056,0.0,0.4846796875000001,1.55701e-08
144.056,0.0,0.4844296875000001,1.551285e-08
144.056,0.0,0.4841796875000001,1.54855e-08
144.056,0.0,0.4839296875000001,1.554105e-08
144.056,0.0,0.4836796875000001,1.547455e-08
144.056,0.0,0.4834296875000001,1.54112e-08
144.056,0.0,0.4831796875000001,1.554565e-08
144.056,0.0,0.4829296875000001,1.555725e-08
144.056,0.0,0.4826796875000001,1.55705e-08
144.056,0.0,0.4824296875000001,1.558345e-08
144.056,0.0,0.4821796875000001,1.5625649999999998e-08
144.056,0.0,0.4819296875000001,1.56226e-08
144.056,0.0,0.4816796875000001,1.5561000000000003e-08
144.056,0.0,0.4814296875000001,1.55987e-08
144.056,0.0,0.4811796875000001,1.55307e-08
144.056,0.0,0.4809296875000001,1.55919e-08
144.056,0.0,0.4806796875000001,1.55438e-08
144.056,0.0,0.4804296875000001,1.55142e-08
144.056,0.0,0.4801796875000001,1.554565e-08
144.056,0.0,0.4799296875000001,1.5488033333333336e-08
144.056,0.0,0.4796796875000001,1.542805e-08
144.056,0.0,0.4794296875000001,1.54702e-08
144.056,0.0,0.4791796875000001,1.548355e-08
144.056,0.0,0.4789296875000001,1.550845e-08
144.056,0.0,0.4786796875000001,1.553685e-08
144.056,0.0,0.4784296875000001,1.54011e-08
144.056,0.0,0.4781796875000001,1.5554750000000002e-08
144.056,0.0,0.4779296875000001,1.55232e-08
144.056,0.0,0.4776796875000001,1.555615e-08
144.056,0.0,0.4774296875000001,1.544825e-08
144.056,0.0,0.4771796875000001,1.558145e-08
144.056,0.0,0.4769296875000001,1.5474149999999998e-08
144.056,0.0,0.4766796875000001,1.5529300000000003e-08
144.056,0.0,0.4764296875000001,1.55917e-08
144.056,0.0,0.4761796875000001,1.55267e-08
144.056,0.0,0.4759296875000001,1.54717e-08
144.056,0.0,0.4756796875000001,1.5505550000000002e-08
144.056,0.0,0.4754296875000001,1.54694e-08
144.056,0.0,0.4751796875000001,1.549865e-08
144.056,0.0,0.4749296875000001,1.538075e-08
144.056,0.0,0.4746796875000001,1.55084e-08
144.056,0.0,0.47442968750000014,1.54212e-08
144.056,0.0,0.4741796875000001,1.54536e-08
144.056,0.0,0.47392968750000014,1.54335e-08
144.056,0.0,0.4736796875000001,1.53608e-08
144.056,0.0,0.47342968750000014,1.54536e-08
144.056,0.0,0.4731796875000001,1.536065e-08
144.056,0.0,0.47292968750000014,1.543225e-08
144.056,0.0,0.4726796875000001,1.536035e-08
144.056,0.0,0.47242968750000014,1.5367549999999998e-08
144.056,0.0,0.4721796875000001,1.547005e-08
144.056,0.0,0.47192968750000014,1.54926e-08
144.056,0.0,0.4716796875000001,1.54199e-08
144.056,0.0,0.47142968750000014,1.550175e-08
144.056,0.0,0.4711796875000001,1.5487450000000003e-08
144.056,0.0,0.47092968750000014,1.54779e-08
144.056,0.0,0.4706796875000001,1.55961e-08
144.056,0.0,0.47042968750000014,1.5486999999999998e-08
144.056,0.0,0.4701796875000001,1.5449250000000002e-08
144.056,0.0,0.46992968750000014,1.558835e-08
144.056,0.0,0.4696796875000001,1.54259e-08
144.056,0.0,0.46942968750000014,1.55088e-08
144.056,0.0,0.4691796875000001,1.5523e-08
144.056,0.0,0.46892968750000014,1.55757e-08
144.056,0.0,0.4686796875000001,1.550015e-08
144.056,0.0,0.46842968750000014,1.5422450000000002e-08
144.056,0.0,0.4681796875000001,1.55061e-08
144.056,0.0,0.46792968750000014,1.551205e-08
144.056,0.0,0.4676796875000001,1.55391e-08
144.056,0.0,0.46742968750000014,1.551915e-08
144.056,0.0,0.4671796875000001,1.560795e-08
144.056,0.0,0.46692968750000013,1.556395e-08
144.056,0.0,0.4666796875000001,1.5558050000000002e-08
144.056,0.0,0.46642968750000013,1.552975e-08
144.056,0.0,0.4661796875000001,1.55245e-08
144.056,0.0,0.46592968750000013,1.56067e-08
144.056,0.0,0.4656796875000001,1.5617e-08
144.056,0.0,0.46542968750000013,1.562475e-08
144.056,0.0,0.4651796875000001,1.56217e-08
144.056,0.0,0.46492968750000013,1.565665e-08
144.056,0.0,0.4646796875000001,1.57407e-08
144.056,0.0,0.46442968750000013,1.56813e-08
144.056,0.0,0.4641796875000001,1.5637100000000002e-08
144.056,0.0,0.46392968750000013,1.5677300000000002e-08
144.056,0.0,0.4636796875000001,1.56081e-08
144.056,0.0,0.46342968750000013,1.5625649999999998e-08
144.056,0.0,0.4631796875000001,1.564905e-08
144.056,0.0,0.46292968750000013,1.559685e-08
144.056,0.0,0.4626796875000001,1.5704e-08
144.056,0.0,0.46242968750000013,1.56215e-08
144.056,0.0,0.4621796875000001,1.55345e-08
144.056,0.0,0.46192968750000013,1.5534200000000003e-08
144.056,0.0,0.4616796875000001,1.5511e-08
144.056,0.0,0.46142968750000013,1.555605e-08
144.056,0.0,0.4611796875000001,1.54507e-08
144.056,0.0,0.46092968750000013,1.552015e-08
144.056,0.0,0.4606796875000001,1.5515e-08
144.056,0.0,0.46042968750000013,1.549775e-08
144.056,0.0,0.4601796875000001,1.548725e-08
144.056,0.0,0.45992968750000013,1.549485e-08
144.056,0.0,0.4596796875000001,1.54519e-08
144.056,0.0,0.45942968750000013,1.53944e-08
144.056,0.0,0.4591796875000001,1.54907e-08
144.056,0.0,0.4589296875000001,1.54915e-08
144.056,0.0,0.4586796875000001,1.544e-08
144.056,0.0,0.4584296875000001,1.556015e-08
144.056,0.0,0.4581796875000001,1.5516450000000006e-08
144.056,0.0,0.4579296875000001,1.55495e-08
144.056,0.0,0.4576796875000001,1.54352e-08
144.056,0.0,0.4574296875000001,1.54638e-08
144.056,0.0,0.4571796875000001,1.5446849999999998e-08
144.056,0.0,0.4569296875000001,1.55027e-08
144.056,0.0,0.4566796875000001,1.54849e-08
144.056,0.0,0.4564296875000001,1.549575e-08
144.056,0.0,0.4561796875000001,1.53665e-08
144.056,0.0,0.4559296875000001,1.547335e-08
144.056,0.0,0.4556796875000001,1.54011e-08
144.056,0.0,0.4554296875000001,1.54024e-08
144.056,0.0,0.4551796875000001,1.5489199999999998e-08
144.056,0.0,0.4549296875000001,1.53881e-08
144.056,0.0,0.4546796875000001,1.53047e-08
144.056,0.0,0.4544296875000001,1.53745e-08
144.056,0.0,0.4541796875000001,1.54208e-08
144.056,0.0,0.4539296875000001,1.53157e-08
144.056,0.0,0.4536796875000001,1.54227e-08
144.056,0.0,0.4534296875000001,1.544945e-08
144.056,0.0,0.4531796875000001,1.53874e-08
144.056,0.0,0.4529296875000001,1.5362850000000002e-08
144.056,0.0,0.4526796875000001,1.53794e-08
144.056,0.0,0.4524296875000001,1.5423800000000002e-08
144.056,0.0,0.4521796875000001,1.546835e-08
144.056,0.0,0.4519296875000001,1.54696e-08
144.056,0.0,0.4516796875000001,1.53967e-08
144.056,0.0,0.4514296875000001,1.5356250000000002e-08
144.056,0.0,0.4511796875000001,1.545735e-08
144.056,0.0,0.4509296875000001,1.5420750000000003e-08
144.056,0.0,0.4506796875000001,1.53797e-08
144.056,0.0,0.4504296875000001,1.533445e-08
144.056,0.0,0.4501796875000001,1.53579e-08
144.056,0.0,0.4499296875000001,1.54156e-08
144.056,0.0,0.4496796875000001,1.53773e-08
144.056,0.0,0.4494296875000001,1.5301349999999998e-08
144.056,0.0,0.4491796875000001,1.53694e-08
144.056,0.0,0.4489296875000001,1.53028e-08
144.056,0.0,0.4486796875000001,1.537423333333333e-08
144.056,0.0,0.4484296875000001,1.52937e-08
144.056,0.0,0.4481796875000001,1.54535e-08
144.056,0.0,0.4479296875000001,1.53922e-08
144.056,0.0,0.4476796875000001,1.5393249999999998e-08
144.056,0.0,0.4474296875000001,1.540725e-08
144.056,0.0,0.4471796875000001,1.54452e-08
144.056,0.0,0.4469296875000001,1.5436e-08
144.056,0.0,0.4466796875000001,1.539425e-08
144.056,0.0,0.4464296875000001,1.5424949999999998e-08
144.056,0.0,0.4461796875000001,1.54798e-08
144.056,0.0,0.4459296875000001,1.5405450000000002e-08
144.056,0.0,0.4456796875000001,1.5487599999999998e-08
144.056,0.0,0.4454296875000001,1.54394e-08
144.056,0.0,0.4451796875000001,1.53616e-08
144.056,0.0,0.4449296875000001,1.55214e-08
144.056,0.0,0.4446796875000001,1.54677e-08
144.056,0.0,0.4444296875000001,1.546535e-08
144.056,0.0,0.4441796875000001,1.537255e-08
144.056,0.0,0.4439296875000001,1.543205e-08
144.056,0.0,0.4436796875000001,1.5391899999999998e-08
144.056,0.0,0.4434296875000001,1.5283849999999998e-08
144.056,0.0,0.44317968750000014,1.55061e-08
144.056,0.0,0.4429296875000001,1.54243e-08
144.056,0.0,0.44267968750000014,1.53823e-08
144.056,0.0,0.4424296875000001,1.535595e-08
144.056,0.0,0.44217968750000014,1.532575e-08
144.056,0.0,0.4419296875000001,1.5318e-08
144.056,0.0,0.44167968750000014,1.53467e-08
144.056,0.0,0.4414296875000001,1.536585e-08
144.056,0.0,0.44117968750000014,1.53723e-08
144.056,0.0,0.4409296875000001,1.5359e-08
144.056,0.0,0.44067968750000014,1.539345e-08
144.056,0.0,0.4404296875000001,1.54167e-08
144.056,0.0,0.44017968750000014,1.5381e-08
144.056,0.0,0.4399296875000001,1.53583e-08
144.056,0.0,0.43967968750000014,1.5467049999999998e-08
144.056,0.0,0.4394296875000001,1.54388e-08
144.056,0.0,0.43917968750000014,1.53294e-08
144.056,0.0,0.4389296875000001,1.535325e-08
144.056,0.0,0.43867968750000014,1.5302400000000002e-08
144.056,0.0,0.4384296875000001,1.52903e-08
144.056,0.0,0.43817968750000014,1.539865e-08
144.056,0.0,0.4379296875000001,1.53961e-08
144.056,0.0,0.43767968750000014,1.535235e-08
144.056,0.0,0.4374296875000001,1.52882e-08
144.056,0.0,0.43717968750000014,1.52941e-08
144.056,0.0,0.4369296875000001,1.53282e-08
144.056,0.0,0.43667968750000014,1.521155e-08
144.056,0.0,0.4364296875000001,1.531405e-08
144.056,0.0,0.43617968750000014,1.52253e-08
144.056,0.0,0.4359296875000001,1.525865e-08
144.056,0.0,0.43567968750000013,1.52106e-08
144.056,0.0,0.4354296875000001,1.52425e-08
144.056,0.0,0.43517968750000013,1.5193850000000002e-08
144.056,0.0,0.4349296875000001,1.53089e-08
144.056,0.0,0.43467968750000013,1.526646666666667e-08
144.056,0.0,0.4344296875000001,1.53087e-08
144.056,0.0,0.43417968750000013,1.521e-08
144.056,0.0,0.4339296875000001,1.527195e-08
144.056,0.0,0.43367968750000013,1.52804e-08
144.056,0.0,0.4334296875000001,1.52478e-08
144.056,0.0,0.43317968750000013,1.52899e-08
144.056,0.0,0.4329296875000001,1.527545e-08
144.056,0.0,0.43267968750000013,1.530195e-08
144.056,0.0,0.4324296875000001,1.5308033333333333e-08
144.056,0.0,0.43217968750000013,1.53145e-08
144.056,0.0,0.4319296875000001,1.520015e-08
144.056,0.0,0.43167968750000013,1.5225949999999997e-08
144.056,0.0,0.4314296875000001,1.53018e-08
144.056,0.0,0.43117968750000013,1.51618e-08
144.056,0.0,0.4309296875000001,1.530455e-08
144.056,0.0,0.43067968750000013,1.52905e-08
144.056,0.0,0.4304296875000001,1.5234566666666666e-08
144.056,0.0,0.43017968750000013,1.51674e-08
144.056,0.0,0.4299296875000001,1.526505e-08
144.056,0.0,0.42967968750000013,1.52432e-08
144.056,0.0,0.4294296875000001,1.52305e-08
144.056,0.0,0.42917968750000013,1.5208e-08
144.056,0.0,0.4289296875000001,1.530455e-08
144.056,0.0,0.42867968750000013,1.51898e-08
144.056,0.0,0.4284296875000001,1.522735e-08
144.056,0.0,0.42817968750000013,1.522185e-08
144.056,0.0,0.4279296875000001,1.515745e-08
144.056,0.0,0.4276796875000001,1.519775e-08
144.056,0.0,0.4274296875000001,1.518555e-08
144.056,0.0,0.4271796875000001,1.51133e-08
144.056,0.0,0.4269296875000001,1.520825e-08
144.056,0.0,0.4266796875000001,1.5199850000000002e-08
144.056,0.0,0.4264296875000001,1.52446e-08
144.056,0.0,0.4261796875000001,1.52229e-08
144.056,0.0,0.4259296875000001,1.5216433333333333e-08
144.056,0.0,0.4256796875000001,1.5279650000000003e-08
144.056,0.0,0.4254296875000001,1.5227150000000003e-08
144.056,0.0,0.4251796875000001,1.52398e-08
144.056,0.0,0.4249296875000001,1.52372e-08
144.056,0.0,0.4246796875000001,1.53098e-08
144.056,0.0,0.4244296875000001,1.5239549999999998e-08
144.056,0.0,0.4241796875000001,1.53454e-08
144.056,0.0,0.4239296875000001,1.530585e-08
144.056,0.0,0.4236796875000001,1.537825e-08
144.056,0.0,0.4234296875000001,1.53128e-08
144.056,0.0,0.4231796875000001,1.53217e-08
144.056,0.0,0.4229296875000001,1.53171e-08
144.056,0.0,0.4226796875000001,1.52363e-08
144.056,0.0,0.4224296875000001,1.53657e-08
144.056,0.0,0.4221796875000001,1.5308e-08
144.056,0.0,0.4219296875000001,1.5335450000000006e-08
144.056,0.0,0.4216796875000001,1.5333899999999998e-08
144.056,0.0,0.4214296875000001,1.531405e-08
144.056,0.0,0.4211796875000001,1.53997e-08
144.056,0.0,0.4209296875000001,1.534375e-08
144.056,0.0,0.4206796875000001,1.5344049999999998e-08
144.056,0.0,0.4204296875000001,1.53346e-08
144.056,0.0,0.4201796875000001,1.53704e-08
144.056,0.0,0.4199296875000001,1.5395699999999998e-08
144.056,0.0,0.4196796875000001,1.540905e-08
144.056,0.0,0.4194296875000001,1.5379649999999997e-08
144.056,0.0,0.4191796875000001,1.538455e-08
144.056,0.0,0.4189296875000001,1.5357e-08
144.056,0.0,0.4186796875000001,1.539765e-08
144.056,0.0,0.4184296875000001,1.53141e-08
144.056,0.0,0.4181796875000001,1.531715e-08
144.056,0.0,0.4179296875000001,1.5315250000000002e-08
144.056,0.0,0.4176796875000001,1.529385e-08
144.056,0.0,0.4174296875000001,1.5311499999999998e-08
144.056,0.0,0.4171796875000001,1.52361e-08
144.056,0.0,0.4169296875000001,1.527705e-08
144.056,0.0,0.4166796875000001,1.5247e-08
144.056,0.0,0.4164296875000001,1.52641e-08
144.056,0.0,0.4161796875000001,1.52921e-08
144.056,0.0,0.4159296875000001,1.52483e-08
144.056,0.0,0.4156796875000001,1.530855e-08
144.056,0.0,0.4154296875000001,1.53816e-08
144.056,0.0,0.4151796875000001,1.5284900000000002e-08
144.056,0.0,0.4149296875000001,1.52648e-08
144.056,0.0,0.4146796875000001,1.533065e-08
144.056,0.0,0.4144296875000001,1.52738e-08
144.056,0.0,0.4141796875000001,1.53676e-08
144.056,0.0,0.4139296875000001,1.5312849999999998e-08
144.056,0.0,0.4136796875000001,1.532405e-08
144.056,0.0,0.4134296875000001,1.51971e-08
144.056,0.0,0.4131796875000001,1.531595e-08
144.056,0.0,0.4129296875000001,1.529625e-08
144.056,0.0,0.4126796875000001,1.53094e-08
144.056,0.0,0.4124296875000001,1.5261400000000002e-08
144.056,0.0,0.4121796875000001,1.540115e-08
144.056,0.0,0.41192968750000014,1.527035e-08
144.056,0.0,0.4116796875000001,1.520875e-08
144.056,0.0,0.41142968750000014,1.52907e-08
144.056,0.0,0.4111796875000001,1.53406e-08
144.056,0.0,0.41092968750000014,1.5338500000000002e-08
144.056,0.0,0.4106796875000001,1.52785e-08
144.056,0.0,0.41042968750000014,1.537985e-08
144.056,0.0,0.4101796875000001,1.52766e-08
144.056,0.0,0.40992968750000014,1.5270700000000002e-08
144.056,0.0,0.4096796875000001,1.52906e-08
144.056,0.0,0.40942968750000014,1.53955e-08
144.056,0.0,0.4091796875000001,1.533045e-08
144.056,0.0,0.40892968750000014,1.536345e-08
144.056,0.0,0.4086796875000001,1.53638e-08
144.056,0.0,0.40842968750000014,1.53732e-08
144.056,0.0,0.4081796875000001,1.539975e-08
144.056,0.0,0.40792968750000014,1.5350566666666668e-08
144.056,0.0,0.4076796875000001,1.538375e-08
144.056,0.0,0.40742968750000014,1.53705e-08
144.056,0.0,0.4071796875000001,1.537855e-08
144.056,0.0,0.40692968750000014,1.532495e-08
144.056,0.0,0.4066796875000001,1.54552e-08
144.056,0.0,0.40642968750000014,1.54323e-08
144.056,0.0,0.4061796875000001,1.53043e-08
144.056,0.0,0.40592968750000014,1.54414e-08
144.056,0.0,0.4056796875000001,1.533675e-08
144.056,0.0,0.40542968750000014,1.541175e-08
144.056,0.0,0.4051796875000001,1.53409e-08
144.056,0.0,0.40492968750000014,1.53777e-08
144.056,0.0,0.4046796875000001,1.5334950000000002e-08
144.056,0.0,0.40442968750000013,1.53865e-08
144.056,0.0,0.4041796875000001,1.53375e-08
144.056,0.0,0.40392968750000013,1.5302650000000002e-08
144.056,0.0,0.4036796875000001,1.5347550000000002e-08
144.056,0.0,0.40342968750000013,1.53647e-08
144.056,0.0,0.4031796875000001,1.531365e-08
144.056,0.0,0.40292968750000013,1.5291e-08
144.056,0.0,0.4026796875000001,1.522055e-08
144.056,0.0,0.40242968750000013,1.52982e-08
144.056,0.0,0.4021796875000001,1.5187e-08
144.056,0.0,0.40192968750000013,1.53151e-08
144.056,0.0,0.4016796875000001,1.51511e-08
144.056,0.0,0.40142968750000013,1.51436e-08
144.056,0.0,0.4011796875000001,1.5207e-08
144.056,0.0,0.40092968750000013,1.5210933333333334e-08
144.056,0.0,0.4006796875000001,1.5181e-08
144.056,0.0,0.40042968750000013,1.527e-08
144.056,0.0,0.4001796875000001,1.510515e-08
144.056,0.0,0.39992968750000013,1.5128049999999998e-08
144.056,0.0,0.3996796875000001,1.51188e-08
144.056,0.0,0.39942968750000013,1.514e-08
144.056,0.0,0.3991796875000001,1.512215e-08
144.056,0.0,0.39892968750000013,1.50571e-08
144.056,0.0,0.3986796875000001,1.514165e-08
144.056,0.0,0.39842968750000013,1.5217999999999998e-08
144.056,0.0,0.3981796875000001,1.51197e-08
144.056,0.0,0.39792968750000013,1.51603e-08
144.056,0.0,0.3976796875000001,1.51371e-08
144.056,0.0,0.39742968750000013,1.51283e-08
144.056,0.0,0.3971796875000001,1.509895e-08
144.056,0.0,0.39692968750000013,1.5103300000000003e-08
144.056,0.0,0.3966796875000001,1.51464e-08
144.056,0.0,0.3964296875000001,1.5137849999999998e-08
144.056,0.0,0.3961796875000001,1.50792e-08
144.056,0.0,0.3959296875000001,1.5004699999999998e-08
144.056,0.0,0.3956796875000001,1.50953e-08
144.056,0.0,0.3954296875000001,1.51676e-08
144.056,0.0,0.3951796875000001,1.51046e-08
144.056,0.0,0.3949296875000001,1.51211e-08
144.056,0.0,0.3946796875000001,1.50343e-08
144.056,0.0,0.3944296875000001,1.512505e-08
144.056,0.0,0.3941796875000001,1.5099250000000002e-08
144.056,0.0,0.3939296875000001,1.51132e-08
144.056,0.0,0.3936796875000001,1.50426e-08
144.056,0.0,0.3934296875000001,1.5092e-08
144.056,0.0,0.3931796875000001,1.506715e-08
144.056,0.0,0.3929296875000001,1.510595e-08
144.056,0.0,0.3926796875000001,1.50748e-08
144.056,0.0,0.3924296875000001,1.506455e-08
144.056,0.0,0.3921796875000001,1.50921e-08
144.056,0.0,0.3919296875000001,1.5276450000000002e-08
144.056,0.0,0.3916796875000001,1.50686e-08
144.056,0.0,0.3914296875000001,1.52173e-08
144.056,0.0,0.3911796875000001,1.520245e-08
144.056,0.0,0.3909296875000001,1.5209799999999998e-08
144.056,0.0,0.3906796875000001,1.52246e-08
144.056,0.0,0.3904296875000001,1.521635e-08
144.056,0.0,0.3901796875000001,1.5222149999999997e-08
144.056,0.0,0.3899296875000001,1.519e-08
144.056,0.0,0.3896796875000001,1.5103e-08
144.056,0.0,0.3894296875000001,1.517915e-08
144.056,0.0,0.3891796875000001,1.518275e-08
144.056,0.0,0.3889296875000001,1.50965e-08
144.056,0.0,0.3886796875000001,1.5093e-08
144.056,0.0,0.3884296875000001,1.511445e-08
144.056,0.0,0.3881796875000001,1.51052e-08
144.056,0.0,0.3879296875000001,1.50995e-08
144.056,0.0,0.3876796875000001,1.5030250000000003e-08
144.056,0.0,0.3874296875000001,1.49749e-08
144.056,0.0,0.3871796875000001,1.5075299999999997e-08
144.056,0.0,0.3869296875000001,1.50861e-08
144.056,0.0,0.3866796875000001,1.50435e-08
144.056,0.0,0.3864296875000001,1.509865e-08
144.056,0.0,0.3861796875000001,1.513765e-08
144.056,0.0,0.3859296875000001,1.51136e-08
144.056,0.0,0.3856796875000001,1.5078e-08
144.056,0.0,0.3854296875000001,1.50035e-08
144.056,0.0,0.3851796875000001,1.505265e-08
144.056,0.0,0.3849296875000001,1.51491e-08
144.056,0.0,0.3846796875000001,1.51056e-08
144.056,0.0,0.3844296875000001,1.512945e-08
144.056,0.0,0.3841796875000001,1.512425e-08
144.056,0.0,0.3839296875000001,1.5162e-08
144.056,0.0,0.3836796875000001,1.5138e-08
144.056,0.0,0.3834296875000001,1.51012e-08
144.056,0.0,0.3831796875000001,1.519015e-08
144.056,0.0,0.3829296875000001,1.5216850000000002e-08
144.056,0.0,0.3826796875000001,1.512345e-08
144.056,0.0,0.3824296875000001,1.515095e-08
144.056,0.0,0.3821796875000001,1.5096849999999998e-08
144.056,0.0,0.3819296875000001,1.50262e-08
144.056,0.0,0.3816796875000001,1.51677e-08
144.056,0.0,0.3814296875000001,1.51243e-08
144.056,0.0,0.3811796875000001,1.503085e-08
144.056,0.0,0.3809296875000001,1.50728e-08
144.056,0.0,0.38067968750000014,1.5093049999999998e-08
144.056,0.0,0.3804296875000001,1.49919e-08
144.056,0.0,0.38017968750000014,1.51213e-08
144.056,0.0,0.3799296875000001,1.49164e-08
144.056,0.0,0.37967968750000014,1.4977649999999998e-08
144.056,0.0,0.3794296875000001,1.5098199999999998e-08
144.056,0.0,0.37917968750000014,1.5026349999999997e-08
144.056,0.0,0.3789296875000001,1.498575e-08
144.056,0.0,0.37867968750000014,1.4976799999999998e-08
144.056,0.0,0.3784296875000001,1.50336e-08
144.056,0.0,0.37817968750000014,1.503425e-08
144.056,0.0,0.3779296875000001,1.50502e-08
144.056,0.0,0.37767968750000014,1.498775e-08
144.056,0.0,0.3774296875000001,1.49321e-08
144.056,0.0,0.37717968750000014,1.4994049999999998e-08
144.056,0.0,0.3769296875000001,1.48937e-08
144.056,0.0,0.37667968750000014,1.4962849999999998e-08
144.056,0.0,0.3764296875000001,1.49687e-08
144.056,0.0,0.37617968750000014,1.49359e-08
144.056,0.0,0.3759296875000001,1.48319e-08
144.056,0.0,0.37567968750000014,1.492175e-08
144.056,0.0,0.3754296875000001,1.48744e-08
144.056,0.0,0.37517968750000014,1.47959e-08
144.056,0.0,0.3749296875000001,1.4953e-08
144.056,0.0,0.37467968750000014,1.47155e-08
144.056,0.0,0.3744296875000001,1.487395e-08
144.056,0.0,0.37417968750000014,1.475425e-08
144.056,0.0,0.3739296875000001,1.48651e-08
144.056,0.0,0.37367968750000014,1.4898e-08
144.056,0.0,0.3734296875000001,1.48623e-08
144.056,0.0,0.37317968750000013,1.485265e-08
144.056,0.0,0.3729296875000001,1.48004e-08
144.056,0.0,0.37267968750000013,1.481225e-08
144.056,0.0,0.3724296875000001,1.48432e-08
144.056,0.0,0.37217968750000013,1.49443e-08
144.056,0.0,0.3719296875000001,1.48334e-08
144.056,0.0,0.37167968750000013,1.482855e-08
144.056,0.0,0.3714296875000001,1.472605e-08
144.056,0.0,0.37117968750000013,1.48098e-08
144.056,0.0,0.3709296875000001,1.49054e-08
144.056,0.0,0.37067968750000013,1.4859199999999998e-08
144.056,0.0,0.3704296875000001,1.48221e-08
144.056,0.0,0.37017968750000013,1.484355e-08
144.056,0.0,0.3699296875000001,1.48755e-08
144.056,0.0,0.36967968750000013,1.48584e-08
144.056,0.0,0.3694296875000001,1.4905699999999998e-08
144.056,0.0,0.36917968750000013,1.4869600000000002e-08
144.056,0.0,0.3689296875000001,1.486e-08
144.056,0.0,0.36867968750000013,1.4687e-08
144.056,0.0,0.3684296875000001,1.48446e-08
144.056,0.0,0.36817968750000013,1.491425e-08
144.056,0.0,0.3679296875000001,1.50085e-08
144.056,0.0,0.36767968750000013,1.48581e-08
144.056,0.0,0.3674296875000001,1.477075e-08
144.056,0.0,0.36717968750000013,1.49428e-08
144.056,0.0,0.3669296875000001,1.5041500000000003e-08
144.056,0.0,0.36667968750000013,1.4998650000000002e-08
144.056,0.0,0.3664296875000001,1.5017750000000002e-08
144.056,0.0,0.36617968750000013,1.4814e-08
144.056,0.0,0.3659296875000001,1.50538e-08
144.056,0.0,0.36567968750000013,1.50389e-08
144.056,0.0,0.3654296875000001,1.5041250000000002e-08
144.056,0.0,0.3651796875000001,1.5056699999999997e-08
144.056,0.0,0.3649296875000001,1.495715e-08
144.056,0.0,0.3646796875000001,1.509695e-08
144.056,0.0,0.3644296875000001,1.513445e-08
144.056,0.0,0.3641796875000001,1.5115050000000003e-08
144.056,0.0,0.3639296875000001,1.49925e-08
144.056,0.0,0.3636796875000001,1.50162e-08
144.056,0.0,0.3634296875000001,1.500485e-08
144.056,0.0,0.3631796875000001,1.5046549999999998e-08
144.056,0.0,0.3629296875000001,1.4968300000000002e-08
144.056,0.0,0.3626796875000001,1.49526e-08
144.056,0.0,0.3624296875000001,1.501125e-08
144.056,0.0,0.3621796875000001,1.50918e-08
144.056,0.0,0.3619296875000001,1.508965e-08
144.056,0.0,0.3616796875000001,1.4964400000000003e-08
144.056,0.0,0.3614296875000001,1.49865e-08
144.056,0.0,0.3611796875000001,1.49428e-08
144.056,0.0,0.3609296875000001,1.52312e-08
144.056,0.0,0.3606796875000001,1.4924250000000002e-08
144.056,0.0,0.3604296875000001,1.4970566666666664e-08
144.056,0.0,0.3601796875000001,1.49244e-08
144.056,0.0,0.3599296875000001,1.479505e-08
144.056,0.0,0.3596796875000001,1.498435e-08
144.056,0.0,0.3594296875000001,1.4925149999999998e-08
144.056,0.0,0.3591796875000001,1.50093e-08
144.056,0.0,0.3589296875000001,1.4930000000000002e-08
144.056,0.0,0.3586796875000001,1.494265e-08
144.056,0.0,0.3584296875000001,1.494895e-08
144.056,0.0,0.3581796875000001,1.5007100000000002e-08
144.056,0.0,0.3579296875000001,1.494165e-08
144.056,0.0,0.3576796875000001,1.49086e-08
144.056,0.0,0.3574296875000001,1.510665e-08
144.056,0.0,0.3571796875000001,1.52474e-08
144.056,0.0,0.3569296875000001,1.50128e-08
144.056,0.0,0.3566796875000001,1.487105e-08
144.056,0.0,0.3564296875000001,1.492625e-08
144.056,0.0,0.3561796875000001,1.49561e-08
144.056,0.0,0.3559296875000001,1.48733e-08
144.056,0.0,0.3556796875000001,1.4932066666666667e-08
144.056,0.0,0.3554296875000001,1.493925e-08
144.056,0.0,0.3551796875000001,1.50416e-08
144.056,0.0,0.3549296875000001,1.498925e-08
144.056,0.0,0.3546796875000001,1.48768e-08
144.056,0.0,0.3544296875000001,1.48534e-08
144.056,0.0,0.3541796875000001,1.51495e-08
144.056,0.0,0.3539296875000001,1.498195e-08
144.056,0.0,0.3536796875000001,1.482945e-08
144.056,0.0,0.3534296875000001,1.4938266666666668e-08
144.056,0.0,0.3531796875000001,1.52222e-08
144.056,0.0,0.3529296875000001,1.476665e-08
144.056,0.0,0.3526796875000001,1.498765e-08
144.056,0.0,0.3524296875000001,1.49376e-08
144.056,0.0,0.3521796875000001,1.47996e-08
144.056,0.0,0.3519296875000001,1.48943e-08
144.056,0.0,0.3516796875000001,1.492305e-08
144.056,0.0,0.3514296875000001,1.484125e-08
144.056,0.0,0.3511796875000001,1.48799e-08
144.056,0.0,0.3509296875000001,1.4994000000000002e-08
144.056,0.0,0.3506796875000001,1.4944349999999997e-08
144.056,0.0,0.3504296875000001,1.4818e-08
144.056,0.0,0.3501796875000001,1.48393e-08
144.056,0.0,0.3499296875000001,1.50833e-08
144.056,0.0,0.3496796875000001,1.490415e-08
144.056,0.0,0.34942968750000014,1.49895e-08
144.056,0.0,0.3491796875000001,1.49828e-08
144.056,0.0,0.34892968750000014,1.48235e-08
144.056,0.0,0.3486796875000001,1.476325e-08
144.056,0.0,0.34842968750000014,1.4888750000000002e-08
144.056,0.0,0.3481796875000001,1.49399e-08
144.056,0.0,0.34792968750000014,1.47294e-08
144.056,0.0,0.3476796875000001,1.488365e-08
144.056,0.0,0.34742968750000014,1.489285e-08
144.056,0.0,0.3471796875000001,1.49011e-08
144.056,0.0,0.34692968750000014,1.4937233333333334e-08
144.056,0.0,0.3466796875000001,1.5086e-08
144.056,0.0,0.34642968750000014,1.498335e-08
144.056,0.0,0.3461796875000001,1.4909e-08
144.056,0.0,0.34592968750000014,1.49053e-08
144.056,0.0,0.3456796875000001,1.49888e-08
144.056,0.0,0.34542968750000014,1.488595e-08
144.056,0.0,0.3451796875000001,1.48925e-08
144.056,0.0,0.34492968750000014,1.492975e-08
144.056,0.0,0.3446796875000001,1.4851066666666666e-08
144.056,0.0,0.34442968750000014,1.48995e-08
144.056,0.0,0.3441796875000001,1.486835e-08
144.056,0.0,0.34392968750000014,1.495055e-08
144.056,0.0,0.3436796875000001,1.4831e-08
144.056,0.0,0.34342968750000014,1.46061e-08
144.056,0.0,0.3431796875000001,1.47762e-08
144.056,0.0,0.34292968750000014,1.47284e-08
144.056,0.0,0.3426796875000001,1.47724e-08
144.056,0.0,0.34242968750000014,1.48418e-08
144.056,0.0,0.3421796875000001,1.484285e-08
144.056,0.0,0.34192968750000013,1.46989e-08
144.056,0.0,0.3416796875000001,1.47568e-08
144.056,0.0,0.34142968750000013,1.47183e-08
144.056,0.0,0.3411796875000001,1.47896e-08
144.056,0.0,0.34092968750000013,1.460055e-08
144.056,0.0,0.3406796875000001,1.48629e-08
144.056,0.0,0.34042968750000013,1.48854e-08
144.056,0.0,0.3401796875000001,1.47973e-08
144.056,0.0,0.33992968750000013,1.479655e-08
144.056,0.0,0.3396796875000001,1.48072e-08
144.056,0.0,0.33942968750000013,1.50155e-08
144.056,0.0,0.3391796875000001,1.499535e-08
144.056,0.0,0.33892968750000013,1.48636e-08
144.056,0.0,0.3386796875000001,1.477775e-08
144.056,0.0,0.33842968750000013,1.47943e-08
144.056,0.0,0.3381796875000001,1.494775e-08
144.056,0.0,0.33792968750000013,1.4886266666666668e-08
144.056,0.0,0.3376796875000001,1.497445e-08
144.056,0.0,0.33742968750000013,1.48347e-08
144.056,0.0,0.3371796875000001,1.493015e-08
144.056,0.0,0.33692968750000013,1.49357e-08
144.056,0.0,0.3366796875000001,1.49816e-08
144.056,0.0,0.33642968750000013,1.49953e-08
144.056,0.0,0.3361796875000001,1.485685e-08
144.056,0.0,0.33592968750000013,1.49496e-08
144.056,0.0,0.3356796875000001,1.48768e-08
144.056,0.0,0.33542968750000013,1.492775e-08
144.056,0.0,0.3351796875000001,1.508e-08
144.056,0.0,0.33492968750000013,1.473935e-08
144.056,0.0,0.3346796875000001,1.504845e-08
144.056,0.0,0.33442968750000013,1.48364e-08
144.056,0.0,0.3341796875000001,1.51355e-08
144.056,0.0,0.3339296875000001,1.50412e-08
144.056,0.0,0.3336796875000001,1.4963050000000002e-08
144.056,0.0,0.3334296875000001,1.496385e-08
144.056,0.0,0.3331796875000001,1.48807e-08
144.056,0.0,0.3329296875000001,1.4928650000000002e-08
144.056,0.0,0.3326796875000001,1.5122500000000002e-08
144.056,0.0,0.3324296875000001,1.49827e-08
144.056,0.0,0.3321796875000001,1.494095e-08
144.056,0.0,0.3319296875000001,1.505485e-08
144.056,0.0,0.3316796875000001,1.502635e-08
144.056,0.0,0.3314296875000001,1.520475e-08
144.056,0.0,0.3311796875000001,1.51714e-08
144.056,0.0,0.3309296875000001,1.510155e-08
144.056,0.0,0.3306796875000001,1.50013e-08
144.056,0.0,0.3304296875000001,1.52781e-08
144.056,0.0,0.3301796875000001,1.508545e-08
144.056,0.0,0.3299296875000001,1.49986e-08
144.056,0.0,0.3296796875000001,1.51309e-08
144.056,0.0,0.3294296875000001,1.51973e-08
144.056,0.0,0.3291796875000001,1.507075e-08
144.056,0.0,0.3289296875000001,1.5063733333333335e-08
144.056,0.0,0.3286796875000001,1.5218700000000002e-08
144.056,0.0,0.3284296875000001,1.50917e-08
144.056,0.0,0.3281796875000001,1.52326e-08
144.056,0.0,0.3279296875000001,1.517385e-08
144.056,0.0,0.3276796875000001,1.526085e-08
144.056,0.0,0.3274296875000001,1.52494e-08
144.056,0.0,0.3271796875000001,1.5256400000000003e-08
144.056,0.0,0.3269296875000001,1.51717e-08
144.056,0.0,0.3266796875000001,1.51888e-08
144.056,0.0,0.3264296875000001,1.5207599999999998e-08
144.056,0.0,0.3261796875000001,1.531655e-08
144.056,0.0,0.3259296875000001,1.51404e-08
144.056,0.0,0.3256796875000001,1.52698e-08
144.056,0.0,0.3254296875000001,1.51557e-08
144.056,0.0,0.3251796875000001,1.523145e-08
144.056,0.0,0.3249296875000001,1.5255449999999998e-08
144.056,0.0,0.3246796875000001,1.524135e-08
144.056,0.0,0.3244296875000001,1.51287e-08
144.056,0.0,0.3241796875000001,1.519775e-08
144.056,0.0,0.3239296875000001,1.5360949999999998e-08
144.056,0.0,0.3236796875000001,1.5097e-08
144.056,0.0,0.3234296875000001,1.50487e-08
144.056,0.0,0.3231796875000001,1.501315e-08
144.056,0.0,0.3229296875000001,1.509605e-08
144.056,0.0,0.3226796875000001,1.49255e-08
144.056,0.0,0.3224296875000001,1.51252e-08
144.056,0.0,0.3221796875000001,1.50121e-08
144.056,0.0,0.3219296875000001,1.5098833333333334e-08
144.056,0.0,0.3216796875000001,1.50667e-08
144.056,0.0,0.3214296875000001,1.5075049999999997e-08
144.056,0.0,0.3211796875000001,1.5094649999999998e-08
144.056,0.0,0.3209296875000001,1.506715e-08
144.056,0.0,0.3206796875000001,1.48622e-08
144.056,0.0,0.3204296875000001,1.508645e-08
144.056,0.0,0.3201796875000001,1.5042600000000003e-08
144.056,0.0,0.3199296875000001,1.496533333333333e-08
144.056,0.0,0.3196796875000001,1.50175e-08
144.056,0.0,0.3194296875000001,1.50608e-08
144.056,0.0,0.3191796875000001,1.537435e-08
144.056,0.0,0.3189296875000001,1.509665e-08
144.056,0.0,0.3186796875000001,1.57251e-08
144.056,0.0,0.3184296875000001,1.51935e-08
144.056,0.0,0.31817968750000014,1.51087e-08
144.056,0.0,0.3179296875000001,1.512865e-08
144.056,0.0,0.31767968750000014,1.5087799999999998e-08
144.056,0.0,0.3174296875000001,1.532055e-08
144.056,0.0,0.31717968750000014,1.48504e-08
144.056,0.0,0.3169296875000001,1.51512e-08
144.056,0.0,0.31667968750000014,1.5326e-08
144.056,0.0,0.3164296875000001,1.500725e-08
144.056,0.0,0.31617968750000014,1.497115e-08
144.056,0.0,0.3159296875000001,1.516645e-08
144.056,0.0,0.31567968750000014,1.5168e-08
144.056,0.0,0.3154296875000001,1.49764e-08
144.056,0.0,0.31517968750000014,1.5053600000000002e-08
144.056,0.0,0.3149296875000001,1.525935e-08
144.056,0.0,0.31467968750000014,1.49473e-08
144.056,0.0,0.3144296875000001,1.50792e-08
144.056,0.0,0.31417968750000014,1.486975e-08
144.056,0.0,0.3139296875000001,1.51548e-08
144.056,0.0,0.31367968750000014,1.50913e-08
144.056,0.0,0.3134296875000001,1.5075650000000003e-08
144.056,0.0,0.31317968750000014,1.5058250000000002e-08
144.056,0.0,0.3129296875000001,1.5088000000000002e-08
144.056,0.0,0.31267968750000014,1.50776e-08
144.056,0.0,0.3124296875000001,1.515245e-08
144.056,0.0,0.31217968750000014,1.5091449999999997e-08
144.056,0.0,0.3119296875000001,1.492255e-08
144.056,0.0,0.31167968750000014,1.51865e-08
144.056,0.0,0.3114296875000001,1.5296400000000002e-08
144.056,0.0,0.31117968750000014,1.506165e-08
144.056,0.0,0.3109296875000001,1.524315e-08
144.056,0.0,0.31067968750000013,1.49935e-08
144.056,0.0,0.3104296875000001,1.5080050000000003e-08
144.056,0.0,0.31017968750000013,1.516075e-08
144.056,0.0,0.3099296875000001,1.5145299999999997e-08
144.056,0.0,0.30967968750000013,1.51627e-08
144.056,0.0,0.3094296875000001,1.5091300000000002e-08
144.056,0.0,0.30917968750000013,1.516805e-08
144.056,0.0,0.3089296875000001,1.516735e-08
144.056,0.0,0.30867968750000013,1.513745e-08
144.056,0.0,0.3084296875000001,1.5197900000000003e-08
144.056,0.0,0.30817968750000013,1.5286250000000002e-08
144.056,0.0,0.3079296875000001,1.520395e-08
144.056,0.0,0.30767968750000013,1.53715e-08
144.056,0.0,0.3074296875000001,1.52771e-08
144.056,0.0,0.30717968750000013,1.548945e-08
144.056,0.0,0.3069296875000001,1.52323e-08
144.056,0.0,0.30667968750000013,1.518595e-08
144.056,0.0,0.3064296875000001,1.53157e-08
144.056,0.0,0.30617968750000013,1.5241950000000002e-08
144.056,0.0,0.3059296875000001,1.52895e-08
144.056,0.0,0.30567968750000013,1.529845e-08
144.056,0.0,0.3054296875000001,1.5194950000000002e-08
144.056,0.0,0.30517968750000013,1.540135e-08
144.056,0.0,0.3049296875000001,1.5301e-08
144.056,0.0,0.30467968750000013,1.53223e-08
144.056,0.0,0.3044296875000001,1.534665e-08
144.056,0.0,0.30417968750000013,1.52923e-08
144.056,0.0,0.3039296875000001,1.530345e-08
144.056,0.0,0.30367968750000013,1.530255e-08
144.056,0.0,0.3034296875000001,1.530785e-08
144.056,0.0,0.30317968750000013,1.541385e-08
144.056,0.0,0.3029296875000001,1.53691e-08
144.056,0.0,0.3026796875000001,1.5344e-08
144.056,0.0,0.3024296875000001,1.533435e-08
144.056,0.0,0.3021796875000001,1.5421600000000002e-08
144.056,0.0,0.3019296875000001,1.5433149999999998e-08
144.056,0.0,0.3016796875000001,1.529005e-08
144.056,0.0,0.3014296875000001,1.540515e-08
144.056,0.0,0.3011796875000001,1.541205e-08
144.056,0.0,0.3009296875000001,1.53204e-08
144.056,0.0,0.3006796875000001,1.5375249999999997e-08
144.056,0.0,0.3004296875000001,1.5525000000000002e-08
144.056,0.0,0.3001796875000001,1.5438250000000006e-08
144.056,0.0,0.2999296875000001,1.537475e-08
144.056,0.0,0.2996796875000001,1.543255e-08
144.056,0.0,0.2994296875000001,1.5646449999999998e-08
144.056,0.0,0.2991796875000001,1.552225e-08
144.056,0.0,0.2989296875000001,1.54227e-08
144.056,0.0,0.2986796875000001,1.534245e-08
144.056,0.0,0.2984296875000001,1.5322499999999997e-08
144.056,0.0,0.2981796875000001,1.538215e-08
144.056,0.0,0.2979296875000001,1.55327e-08
144.056,0.0,0.2976796875000001,1.55104e-08
144.056,0.0,0.2974296875000001,1.5261766666666667e-08
144.056,0.0,0.2971796875000001,1.55255e-08
144.056,0.0,0.2969296875000001,1.54819e-08
144.056,0.0,0.2966796875000001,1.5452849999999998e-08
144.056,0.0,0.2964296875000001,1.5398950000000002e-08
144.056,0.0,0.2961796875000001,1.542825e-08
144.056,0.0,0.2959296875000001,1.52176e-08
144.056,0.0,0.2956796875000001,1.523655e-08
144.056,0.0,0.2954296875000001,1.5371300000000002e-08
144.056,0.0,0.2951796875000001,1.54172e-08
144.056,0.0,0.2949296875000001,1.5436699999999998e-08
144.056,0.0,0.2946796875000001,1.55175e-08
144.056,0.0,0.2944296875000001,1.552545e-08
144.056,0.0,0.2941796875000001,1.521805e-08
144.056,0.0,0.2939296875000001,1.54729e-08
144.056,0.0,0.2936796875000001,1.5408e-08
144.056,0.0,0.2934296875000001,1.548025e-08
144.056,0.0,0.2931796875000001,1.53286e-08
144.056,0.0,0.2929296875000001,1.54377e-08
144.056,0.0,0.2926796875000001,1.5497466666666667e-08
144.056,0.0,0.2924296875000001,1.5413650000000002e-08
144.056,0.0,0.2921796875000001,1.55422e-08
144.056,0.0,0.2919296875000001,1.55541e-08
144.056,0.0,0.2916796875000001,1.5667e-08
144.056,0.0,0.2914296875000001,1.55822e-08
144.056,0.0,0.2911796875000001,1.577885e-08
144.056,0.0,0.2909296875000001,1.56619e-08
144.056,0.0,0.2906796875000001,1.5593699999999998e-08
144.056,0.0,0.2904296875000001,1.565285e-08
144.056,0.0,0.2901796875000001,1.56428e-08
144.056,0.0,0.2899296875000001,1.56805e-08
144.056,0.0,0.2896796875000001,1.5672399999999998e-08
144.056,0.0,0.2894296875000001,1.5745449999999998e-08
144.056,0.0,0.2891796875000001,1.56515e-08
144.056,0.0,0.2889296875000001,1.57008e-08
144.056,0.0,0.2886796875000001,1.5677899999999998e-08
144.056,0.0,0.2884296875000001,1.57322e-08
144.056,0.0,0.2881796875000001,1.57466e-08
144.056,0.0,0.2879296875000001,1.556235e-08
144.056,0.0,0.2876796875000001,1.584715e-08
144.056,0.0,0.2874296875000001,1.577965e-08
144.056,0.0,0.2871796875000001,1.57379e-08
144.056,0.0,0.28692968750000014,1.57531e-08
144.056,0.0,0.2866796875000001,1.5884200000000003e-08
144.056,0.0,0.28642968750000014,1.578515e-08
144.056,0.0,0.2861796875000001,1.5791300000000002e-08
144.056,0.0,0.28592968750000014,1.5801350000000003e-08
144.056,0.0,0.2856796875000001,1.5842749999999998e-08
144.056,0.0,0.28542968750000014,1.58612e-08
144.056,0.0,0.2851796875000001,1.58935e-08
144.056,0.0,0.28492968750000014,1.58357e-08
144.056,0.0,0.2846796875000001,1.5728300000000003e-08
144.056,0.0,0.28442968750000014,1.5864149999999997e-08
144.056,0.0,0.2841796875000001,1.585435e-08
144.056,0.0,0.28392968750000014,1.59025e-08
144.056,0.0,0.2836796875000001,1.5884800000000002e-08
144.056,0.0,0.28342968750000014,1.574075e-08
144.056,0.0,0.2831796875000001,1.59726e-08
144.056,0.0,0.28292968750000014,1.5844699999999998e-08
144.056,0.0,0.2826796875000001,1.59279e-08
144.056,0.0,0.28242968750000014,1.590435e-08
144.056,0.0,0.2821796875000001,1.58087e-08
144.056,0.0,0.28192968750000014,1.588845e-08
144.056,0.0,0.2816796875000001,1.5927333333333334e-08
144.056,0.0,0.28142968750000014,1.606185e-08
144.056,0.0,0.2811796875000001,1.59489e-08
144.056,0.0,0.28092968750000014,1.5968750000000002e-08
144.056,0.0,0.2806796875000001,1.594495e-08
144.056,0.0,0.28042968750000014,1.59505e-08
144.056,0.0,0.2801796875000001,1.58947e-08
144.056,0.0,0.27992968750000014,1.59236e-08
144.056,0.0,0.2796796875000001,1.593895e-08
144.056,0.0,0.27942968750000013,1.5926466666666667e-08
144.056,0.0,0.2791796875000001,1.58674e-08
144.056,0.0,0.27892968750000013,1.594515e-08
144.056,0.0,0.2786796875000001,1.5950549999999997e-08
144.056,0.0,0.27842968750000013,1.5916250000000002e-08
144.056,0.0,0.2781796875000001,1.59668e-08
144.056,0.0,0.27792968750000013,1.60943e-08
144.056,0.0,0.2776796875000001,1.6009549999999998e-08
144.056,0.0,0.27742968750000013,1.611905e-08
144.056,0.0,0.2771796875000001,1.598645e-08
144.056,0.0,0.27692968750000013,1.612495e-08
144.056,0.0,0.2766796875000001,1.616305e-08
144.056,0.0,0.27642968750000013,1.62203e-08
144.056,0.0,0.2761796875000001,1.61328e-08
144.056,0.0,0.27592968750000013,1.619215e-08
144.056,0.0,0.2756796875000001,1.6231299999999998e-08
144.056,0.0,0.27542968750000013,1.6278649999999997e-08
144.056,0.0,0.2751796875000001,1.63915e-08
144.056,0.0,0.27492968750000013,1.62919e-08
144.056,0.0,0.2746796875000001,1.63129e-08
144.056,0.0,0.27442968750000013,1.62931e-08
144.056,0.0,0.2741796875000001,1.61824e-08
144.056,0.0,0.27392968750000013,1.63774e-08
144.056,0.0,0.2736796875000001,1.63384e-08
144.056,0.0,0.27342968750000013,1.63435e-08
144.056,0.0,0.2731796875000001,1.63326e-08
144.056,0.0,0.27292968750000013,1.633085e-08
144.056,0.0,0.2726796875000001,1.64413e-08
144.056,0.0,0.27242968750000013,1.6454749999999997e-08
144.056,0.0,0.2721796875000001,1.643055e-08
144.056,0.0,0.27192968750000013,1.64044e-08
144.056,0.0,0.2716796875000001,1.6477250000000003e-08
144.056,0.0,0.2714296875000001,1.64373e-08
144.056,0.0,0.2711796875000001,1.63596e-08
144.056,0.0,0.2709296875000001,1.651275e-08
144.056,0.0,0.2706796875000001,1.64097e-08
144.056,0.0,0.2704296875000001,1.645445e-08
144.056,0.0,0.2701796875000001,1.649835e-08
144.056,0.0,0.2699296875000001,1.648725e-08
144.056,0.0,0.2696796875000001,1.6481150000000002e-08
144.056,0.0,0.2694296875000001,1.64569e-08
144.056,0.0,0.2691796875000001,1.67058e-08
144.056,0.0,0.2689296875000001,1.65956e-08
144.056,0.0,0.2686796875000001,1.655205e-08
144.056,0.0,0.2684296875000001,1.67791e-08
144.056,0.0,0.2681796875000001,1.66099e-08
144.056,0.0,0.2679296875000001,1.6613849999999998e-08
144.056,0.0,0.2676796875000001,1.6638699999999998e-08
144.056,0.0,0.2674296875000001,1.67802e-08
144.056,0.0,0.2671796875000001,1.663105e-08
144.056,0.0,0.2669296875000001,1.662625e-08
144.056,0.0,0.2666796875000001,1.6556900000000002e-08
144.056,0.0,0.2664296875000001,1.67387e-08
144.056,0.0,0.2661796875000001,1.67765e-08
144.056,0.0,0.2659296875000001,1.67866e-08
144.056,0.0,0.2656796875000001,1.68937e-08
144.056,0.0,0.2654296875000001,1.6879e-08
144.056,0.0,0.2651796875000001,1.6876550000000002e-08
144.056,0.0,0.2649296875000001,1.68945e-08
144.056,0.0,0.2646796875000001,1.695815e-08
144.056,0.0,0.2644296875000001,1.69952e-08
144.056,0.0,0.2641796875000001,1.682175e-08
144.056,0.0,0.2639296875000001,1.695805e-08
144.056,0.0,0.2636796875000001,1.691565e-08
144.056,0.0,0.2634296875000001,1.68863e-08
144.056,0.0,0.2631796875000001,1.7012e-08
144.056,0.0,0.2629296875000001,1.704195e-08
144.056,0.0,0.2626796875000001,1.6979e-08
144.056,0.0,0.2624296875000001,1.69912e-08
144.056,0.0,0.2621796875000001,1.70862e-08
144.056,0.0,0.2619296875000001,1.68913e-08
144.056,0.0,0.2616796875000001,1.706055e-08
144.056,0.0,0.2614296875000001,1.708835e-08
144.056,0.0,0.2611796875000001,1.71585e-08
144.056,0.0,0.2609296875000001,1.7041300000000003e-08
144.056,0.0,0.2606796875000001,1.707715e-08
144.056,0.0,0.2604296875000001,1.70934e-08
144.056,0.0,0.2601796875000001,1.700695e-08
144.056,0.0,0.2599296875000001,1.71494e-08
144.056,0.0,0.2596796875000001,1.7188049999999998e-08
144.056,0.0,0.2594296875000001,1.710525e-08
144.056,0.0,0.2591796875000001,1.711395e-08
144.056,0.0,0.2589296875000001,1.70949e-08
144.056,0.0,0.2586796875000001,1.712525e-08
144.056,0.0,0.2584296875000001,1.69953e-08
144.056,0.0,0.2581796875000001,1.71392e-08
144.056,0.0,0.2579296875000001,1.711905e-08
144.056,0.0,0.2576796875000001,1.71317e-08
144.056,0.0,0.2574296875000001,1.7012e-08
144.056,0.0,0.2571796875000001,1.710625e-08
144.056,0.0,0.2569296875000001,1.711535e-08
144.056,0.0,0.2566796875000001,1.71251e-08
144.056,0.0,0.2564296875000001,1.711885e-08
144.056,0.0,0.2561796875000001,1.7055399999999998e-08
144.056,0.0,0.2559296875000001,1.70594e-08
144.056,0.0,0.25567968750000014,1.71162e-08
144.056,0.0,0.2554296875000001,1.70347e-08
144.056,0.0,0.25517968750000014,1.69556e-08
144.056,0.0,0.2549296875000001,1.7162200000000006e-08
144.056,0.0,0.25467968750000014,1.720155e-08
144.056,0.0,0.2544296875000001,1.71203e-08
144.056,0.0,0.25417968750000014,1.717315e-08
144.056,0.0,0.2539296875000001,1.717525e-08
144.056,0.0,0.25367968750000014,1.7129e-08
144.056,0.0,0.2534296875000001,1.71582e-08
144.056,0.0,0.25317968750000014,1.7107250000000006e-08
144.056,0.0,0.2529296875000001,1.712615e-08
144.056,0.0,0.25267968750000014,1.7078149999999997e-08
144.056,0.0,0.2524296875000001,1.712965e-08
144.056,0.0,0.25217968750000014,1.713125e-08
144.056,0.0,0.2519296875000001,1.699975e-08
144.056,0.0,0.25167968750000014,1.715635e-08
144.056,0.0,0.2514296875000001,1.71831e-08
144.056,0.0,0.25117968750000014,1.709155e-08
144.056,0.0,0.2509296875000001,1.7169949999999998e-08
144.056,0.0,0.25067968750000014,1.710575e-08
144.056,0.0,0.2504296875000001,1.72104e-08
144.056,0.0,0.25017968750000014,1.72367e-08
144.056,0.0,0.2499296875000001,1.72226e-08
144.056,0.0,0.2496796875000001,1.72211e-08
144.056,0.0,0.2494296875000001,1.727595e-08
144.056,0.0,0.2491796875000001,1.72455e-08
144.056,0.0,0.2489296875000001,1.7237249999999998e-08
144.056,0.0,0.2486796875000001,1.71663e-08
144.056,0.0,0.2484296875000001,1.7081e-08
144.056,0.0,0.2481796875000001,1.7251650000000002e-08
144.056,0.0,0.2479296875000001,1.71849e-08
144.056,0.0,0.2476796875000001,1.7256e-08
144.056,0.0,0.2474296875000001,1.716925e-08
144.056,0.0,0.2471796875000001,1.732325e-08
144.056,0.0,0.2469296875000001,1.7319700000000006e-08
144.056,0.0,0.2466796875000001,1.73986e-08
144.056,0.0,0.2464296875000001,1.733585e-08
144.056,0.0,0.2461796875000001,1.7421049999999997e-08
144.056,0.0,0.2459296875000001,1.742005e-08
144.056,0.0,0.2456796875000001,1.73768e-08
144.056,0.0,0.2454296875000001,1.7449e-08
144.056,0.0,0.2451796875000001,1.741505e-08
144.056,0.0,0.2449296875000001,1.745505e-08
144.056,0.0,0.2446796875000001,1.73158e-08
144.056,0.0,0.2444296875000001,1.744785e-08
144.056,0.0,0.2441796875000001,1.74813e-08
144.056,0.0,0.2439296875000001,1.7546749999999998e-08
144.056,0.0,0.2436796875000001,1.73822e-08
144.056,0.0,0.2434296875000001,1.7376066666666665e-08
144.056,0.0,0.2431796875000001,1.73565e-08
144.056,0.0,0.2429296875000001,1.74268e-08
144.056,0.0,0.2426796875000001,1.73673e-08
144.056,0.0,0.2424296875000001,1.74241e-08
144.056,0.0,0.2421796875000001,1.7387899999999998e-08
144.056,0.0,0.2419296875000001,1.74665e-08
144.056,0.0,0.2416796875000001,1.74621e-08
144.056,0.0,0.2414296875000001,1.748545e-08
144.056,0.0,0.2411796875000001,1.747055e-08
144.056,0.0,0.2409296875000001,1.748823333333333e-08
144.056,0.0,0.2406796875000001,1.75383e-08
144.056,0.0,0.2404296875000001,1.750145e-08
144.056,0.0,0.24017968750000013,1.747935e-08
144.056,0.0,0.23992968750000013,1.75124e-08
144.056,0.0,0.23967968750000013,1.74591e-08
144.056,0.0,0.23942968750000013,1.7536e-08
144.056,0.0,0.23917968750000013,1.7489450000000003e-08
144.056,0.0,0.23892968750000013,1.75803e-08
144.056,0.0,0.23867968750000013,1.76025e-08
144.056,0.0,0.23842968750000013,1.74748e-08
144.056,0.0,0.23817968750000013,1.76605e-08
144.056,0.0,0.23792968750000013,1.76146e-08
144.056,0.0,0.23767968750000013,1.76658e-08
144.056,0.0,0.23742968750000013,1.75872e-08
144.056,0.0,0.23717968750000012,1.765165e-08
144.056,0.0,0.23692968750000012,1.7581999999999998e-08
144.056,0.0,0.23667968750000012,1.76013e-08
144.056,0.0,0.23642968750000012,1.7710633333333333e-08
144.056,0.0,0.23617968750000012,1.767105e-08
144.056,0.0,0.23592968750000012,1.777595e-08
144.056,0.0,0.23567968750000012,1.77167e-08
144.056,0.0,0.23542968750000012,1.76485e-08
144.056,0.0,0.23517968750000012,1.768155e-08
144.056,0.0,0.23492968750000012,1.7697100000000002e-08
144.056,0.0,0.23467968750000012,1.78311e-08
144.056,0.0,0.23442968750000012,1.7780499999999998e-08
144.056,0.0,0.23417968750000012,1.782115e-08
144.056,0.0,0.23392968750000012,1.7768249999999998e-08
144.056,0.0,0.23367968750000012,1.7750850000000003e-08
144.056,0.0,0.23342968750000012,1.778125e-08
144.056,0.0,0.23317968750000012,1.77726e-08
144.056,0.0,0.23292968750000012,1.7771150000000002e-08
144.056,0.0,0.23267968750000012,1.77057e-08
144.056,0.0,0.23242968750000012,1.782485e-08
144.056,0.0,0.23217968750000012,1.789705e-08
144.056,0.0,0.23192968750000012,1.78444e-08
144.056,0.0,0.23167968750000012,1.78337e-08
144.056,0.0,0.23142968750000012,1.78153e-08
144.056,0.0,0.23117968750000012,1.789635e-08
144.056,0.0,0.23092968750000012,1.78727e-08
144.056,0.0,0.23067968750000012,1.79286e-08
144.056,0.0,0.23042968750000012,1.793365e-08
144.056,0.0,0.23017968750000012,1.7913399999999998e-08
144.056,0.0,0.22992968750000012,1.7962949999999997e-08
144.056,0.0,0.22967968750000012,1.7959e-08
144.056,0.0,0.22942968750000012,1.801095e-08
144.056,0.0,0.22917968750000012,1.7997599999999998e-08
144.056,0.0,0.22892968750000012,1.79619e-08
144.056,0.0,0.22867968750000012,1.792935e-08
144.056,0.0,0.22842968750000012,1.798025e-08
144.056,0.0,0.22817968750000012,1.79431e-08
144.056,0.0,0.22792968750000012,1.7964e-08
144.056,0.0,0.22767968750000012,1.7989e-08
144.056,0.0,0.22742968750000012,1.8079e-08
144.056,0.0,0.22717968750000012,1.80605e-08
144.056,0.0,0.22692968750000012,1.80134e-08
144.056,0.0,0.22667968750000012,1.80595e-08
144.056,0.0,0.22642968750000012,1.80478e-08
144.056,0.0,0.22617968750000012,1.801785e-08
144.056,0.0,0.22592968750000011,1.80806e-08
144.056,0.0,0.22567968750000011,1.805755e-08
144.056,0.0,0.22542968750000011,1.8177e-08
144.056,0.0,0.22517968750000011,1.815595e-08
144.056,0.0,0.22492968750000011,1.81504e-08
144.056,0.0,0.2246796875000001,1.81095e-08
144.056,0.0,0.2244296875000001,1.813185e-08
144.056,0.0,0.2241796875000001,1.8149e-08
144.056,0.0,0.2239296875000001,1.8226e-08
144.056,0.0,0.2236796875000001,1.82327e-08
144.056,0.0,0.2234296875000001,1.81847e-08
144.056,0.0,0.2231796875000001,1.826245e-08
144.056,0.0,0.2229296875000001,1.816885e-08
144.056,0.0,0.2226796875000001,1.814675e-08
144.056,0.0,0.2224296875000001,1.82685e-08
144.056,0.0,0.2221796875000001,1.817545e-08
144.056,0.0,0.2219296875000001,1.83415e-08
144.056,0.0,0.2216796875000001,1.82402e-08
144.056,0.0,0.2214296875000001,1.82344e-08
144.056,0.0,0.2211796875000001,1.825465e-08
144.056,0.0,0.2209296875000001,1.82437e-08
144.056,0.0,0.2206796875000001,1.82955e-08
144.056,0.0,0.2204296875000001,1.8292500000000003e-08
144.056,0.0,0.2201796875000001,1.817365e-08
144.056,0.0,0.2199296875000001,1.84356e-08
144.056,0.0,0.2196796875000001,1.83652e-08
144.056,0.0,0.2194296875000001,1.83481e-08
144.056,0.0,0.2191796875000001,1.84226e-08
144.056,0.0,0.2189296875000001,1.83295e-08
144.056,0.0,0.2186796875000001,1.82936e-08
144.056,0.0,0.2184296875000001,1.847965e-08
144.056,0.0,0.2181796875000001,1.840235e-08
144.056,0.0,0.2179296875000001,1.83881e-08
144.056,0.0,0.2176796875000001,1.848305e-08
144.056,0.0,0.2174296875000001,1.830495e-08
144.056,0.0,0.2171796875000001,1.84718e-08
144.056,0.0,0.2169296875000001,1.83325e-08
144.056,0.0,0.2166796875000001,1.83389e-08
144.056,0.0,0.2164296875000001,1.839545e-08
144.056,0.0,0.2161796875000001,1.828195e-08
144.056,0.0,0.2159296875000001,1.836645e-08
144.056,0.0,0.2156796875000001,1.83862e-08
144.056,0.0,0.2154296875000001,1.833785e-08
144.056,0.0,0.2151796875000001,1.836845e-08
144.056,0.0,0.2149296875000001,1.83235e-08
144.056,0.0,0.2146796875000001,1.82804e-08
144.056,0.0,0.2144296875000001,1.838175e-08
144.056,0.0,0.2141796875000001,1.845225e-08
144.056,0.0,0.2139296875000001,1.85541e-08
144.056,0.0,0.2136796875000001,1.8451933333333333e-08
144.056,0.0,0.2134296875000001,1.841205e-08
144.056,0.0,0.2131796875000001,1.84894e-08
144.056,0.0,0.2129296875000001,1.83505e-08
144.056,0.0,0.2126796875000001,1.833385e-08
144.056,0.0,0.2124296875000001,1.85713e-08
144.056,0.0,0.2121796875000001,1.84212e-08
144.056,0.0,0.2119296875000001,1.86554e-08
144.056,0.0,0.2116796875000001,1.8365966666666668e-08
144.056,0.0,0.2114296875000001,1.85775e-08
144.056,0.0,0.2111796875000001,1.83507e-08
144.056,0.0,0.2109296875000001,1.8362000000000006e-08
144.056,0.0,0.2106796875000001,1.854865e-08
144.056,0.0,0.2104296875000001,1.84357e-08
144.056,0.0,0.2101796875000001,1.83914e-08
144.056,0.0,0.2099296875000001,1.83756e-08
144.056,0.0,0.2096796875000001,1.836865e-08
144.056,0.0,0.2094296875000001,1.8405966666666663e-08
144.056,0.0,0.2091796875000001,1.83687e-08
144.056,0.0,0.20892968750000013,1.83996e-08
144.056,0.0,0.20867968750000013,1.8347300000000002e-08
144.056,0.0,0.20842968750000013,1.841425e-08
144.056,0.0,0.20817968750000013,1.84629e-08
144.056,0.0,0.20792968750000013,1.84421e-08
144.056,0.0,0.20767968750000013,1.84451e-08
144.056,0.0,0.20742968750000013,1.8425666666666663e-08
144.056,0.0,0.20717968750000013,1.83277e-08
144.056,0.0,0.20692968750000013,1.839e-08
144.056,0.0,0.20667968750000013,1.8379e-08
144.056,0.0,0.20642968750000013,1.832445e-08
144.056,0.0,0.20617968750000013,1.82315e-08
144.056,0.0,0.20592968750000012,1.83325e-08
144.056,0.0,0.20567968750000012,1.83278e-08
144.056,0.0,0.20542968750000012,1.83427e-08
144.056,0.0,0.20517968750000012,1.835395e-08
144.056,0.0,0.20492968750000012,1.83238e-08
144.056,0.0,0.20467968750000012,1.8271550000000002e-08
144.056,0.0,0.20442968750000012,1.82888e-08
144.056,0.0,0.20417968750000012,1.82809e-08
144.056,0.0,0.20392968750000012,1.832315e-08
144.056,0.0,0.20367968750000012,1.82807e-08
144.056,0.0,0.20342968750000012,1.826025e-08
144.056,0.0,0.20317968750000012,1.82389e-08
144.056,0.0,0.20292968750000012,1.826705e-08
144.056,0.0,0.20267968750000012,1.8268566666666665e-08
144.056,0.0,0.20242968750000012,1.8278e-08
144.056,0.0,0.20217968750000012,1.81625e-08
144.056,0.0,0.20192968750000012,1.82383e-08
144.056,0.0,0.20167968750000012,1.82754e-08
144.056,0.0,0.20142968750000012,1.815105e-08
144.056,0.0,0.20117968750000012,1.808e-08
144.056,0.0,0.20092968750000012,1.823625e-08
144.056,0.0,0.20067968750000012,1.8234100000000002e-08
144.056,0.0,0.20042968750000012,1.81573e-08
144.056,0.0,0.20017968750000012,1.81876e-08
144.056,0.0,0.19992968750000012,1.80486e-08
144.056,0.0,0.19967968750000012,1.8032300000000002e-08
144.056,0.0,0.19942968750000012,1.806295e-08
144.056,0.0,0.19917968750000012,1.7895e-08
144.056,0.0,0.19892968750000012,1.800045e-08
144.056,0.0,0.19867968750000012,1.79822e-08
144.056,0.0,0.19842968750000012,1.79851e-08
144.056,0.0,0.19817968750000012,1.78906e-08
144.056,0.0,0.19792968750000012,1.79729e-08
144.056,0.0,0.19767968750000012,1.7953649999999997e-08
144.056,0.0,0.19742968750000012,1.7922e-08
144.056,0.0,0.19717968750000012,1.8012e-08
144.056,0.0,0.19692968750000012,1.800605e-08
144.056,0.0,0.19667968750000012,1.791255e-08
144.056,0.0,0.19642968750000012,1.78845e-08
144.056,0.0,0.19617968750000012,1.79695e-08
144.056,0.0,0.19592968750000012,1.793925e-08
144.056,0.0,0.19567968750000012,1.79601e-08
144.056,0.0,0.19542968750000012,1.801725e-08
144.056,0.0,0.19517968750000012,1.78108e-08
144.056,0.0,0.19492968750000012,1.79371e-08
144.056,0.0,0.19467968750000011,1.79175e-08
144.056,0.0,0.19442968750000011,1.79542e-08
144.056,0.0,0.19417968750000011,1.78726e-08
144.056,0.0,0.19392968750000011,1.79017e-08
144.056,0.0,0.19367968750000011,1.78903e-08
144.056,0.0,0.1934296875000001,1.78938e-08
144.056,0.0,0.1931796875000001,1.78e-08
144.056,0.0,0.1929296875000001,1.78143e-08
144.056,0.0,0.1926796875000001,1.7796149999999998e-08
144.056,0.0,0.1924296875000001,1.78105e-08
144.056,0.0,0.1921796875000001,1.78413e-08
144.056,0.0,0.1919296875000001,1.783225e-08
144.056,0.0,0.1916796875000001,1.78293e-08
144.056,0.0,0.1914296875000001,1.784795e-08
144.056,0.0,0.1911796875000001,1.7825600000000002e-08
144.056,0.0,0.1909296875000001,1.78541e-08
144.056,0.0,0.1906796875000001,1.7901899999999998e-08
144.056,0.0,0.1904296875000001,1.78521e-08
144.056,0.0,0.1901796875000001,1.7780700000000006e-08
144.056,0.0,0.1899296875000001,1.787655e-08
144.056,0.0,0.1896796875000001,1.784465e-08
144.056,0.0,0.1894296875000001,1.78624e-08
144.056,0.0,0.1891796875000001,1.783425e-08
144.056,0.0,0.1889296875000001,1.789555e-08
144.056,0.0,0.1886796875000001,1.800285e-08
144.056,0.0,0.1884296875000001,1.78302e-08
144.056,0.0,0.1881796875000001,1.79779e-08
144.056,0.0,0.1879296875000001,1.791605e-08
144.056,0.0,0.1876796875000001,1.79235e-08
144.056,0.0,0.1874296875000001,1.793695e-08
144.056,0.0,0.1871796875000001,1.7874599999999998e-08
144.056,0.0,0.1869296875000001,1.785525e-08
144.056,0.0,0.1866796875000001,1.788115e-08
144.056,0.0,0.1864296875000001,1.7914e-08
144.056,0.0,0.1861796875000001,1.788325e-08
144.056,0.0,0.1859296875000001,1.78444e-08
144.056,0.0,0.1856796875000001,1.78105e-08
144.056,0.0,0.1854296875000001,1.79111e-08
144.056,0.0,0.1851796875000001,1.7875e-08
144.056,0.0,0.1849296875000001,1.7838499999999998e-08
144.056,0.0,0.1846796875000001,1.7840133333333338e-08
144.056,0.0,0.1844296875000001,1.787e-08
144.056,0.0,0.1841796875000001,1.79053e-08
144.056,0.0,0.1839296875000001,1.767935e-08
144.056,0.0,0.1836796875000001,1.7919e-08
144.056,0.0,0.1834296875000001,1.7827e-08
144.056,0.0,0.1831796875000001,1.778855e-08
144.056,0.0,0.1829296875000001,1.78532e-08
144.056,0.0,0.1826796875000001,1.7848850000000002e-08
144.056,0.0,0.1824296875000001,1.778005e-08
144.056,0.0,0.1821796875000001,1.7874550000000002e-08
144.056,0.0,0.1819296875000001,1.7852e-08
144.056,0.0,0.1816796875000001,1.7739249999999998e-08
144.056,0.0,0.1814296875000001,1.78375e-08
144.056,0.0,0.1811796875000001,1.772275e-08
144.056,0.0,0.1809296875000001,1.77648e-08
144.056,0.0,0.1806796875000001,1.765545e-08
144.056,0.0,0.1804296875000001,1.77254e-08
144.056,0.0,0.1801796875000001,1.7740599999999998e-08
144.056,0.0,0.1799296875000001,1.77826e-08
144.056,0.0,0.1796796875000001,1.77433e-08
144.056,0.0,0.1794296875000001,1.77784e-08
144.056,0.0,0.1791796875000001,1.7856249999999998e-08
144.056,0.0,0.1789296875000001,1.771855e-08
144.056,0.0,0.1786796875000001,1.79043e-08
144.056,0.0,0.1784296875000001,1.77695e-08
144.056,0.0,0.1781796875000001,1.762425e-08
144.056,0.0,0.1779296875000001,1.7695100000000003e-08
144.056,0.0,0.17767968750000013,1.76629e-08
144.056,0.0,0.17742968750000013,1.77144e-08
144.056,0.0,0.17717968750000013,1.7676099999999998e-08
144.056,0.0,0.17692968750000013,1.766375e-08
144.056,0.0,0.17667968750000013,1.7643799999999998e-08
144.056,0.0,0.17642968750000013,1.76347e-08
144.056,0.0,0.17617968750000013,1.768555e-08
144.056,0.0,0.17592968750000013,1.764765e-08
144.056,0.0,0.17567968750000013,1.769695e-08
144.056,0.0,0.17542968750000013,1.771775e-08
144.056,0.0,0.17517968750000013,1.771945e-08
144.056,0.0,0.17492968750000013,1.766045e-08
144.056,0.0,0.17467968750000012,1.7831000000000006e-08
144.056,0.0,0.17442968750000012,1.7767e-08
144.056,0.0,0.17417968750000012,1.779105e-08
144.056,0.0,0.17392968750000012,1.782765e-08
144.056,0.0,0.17367968750000012,1.77662e-08
144.056,0.0,0.17342968750000012,1.77994e-08
144.056,0.0,0.17317968750000012,1.7793199999999997e-08
144.056,0.0,0.17292968750000012,1.783575e-08
144.056,0.0,0.17267968750000012,1.77672e-08
144.056,0.0,0.17242968750000012,1.78157e-08
144.056,0.0,0.17217968750000012,1.785675e-08
144.056,0.0,0.17192968750000012,1.78705e-08
144.056,0.0,0.17167968750000012,1.77797e-08
144.056,0.0,0.17142968750000012,1.78642e-08
144.056,0.0,0.17117968750000012,1.7861999999999998e-08
144.056,0.0,0.17092968750000012,1.7888133333333333e-08
144.056,0.0,0.17067968750000012,1.78345e-08
144.056,0.0,0.17042968750000012,1.782495e-08
144.056,0.0,0.17017968750000012,1.787085e-08
144.056,0.0,0.16992968750000012,1.783805e-08
144.056,0.0,0.16967968750000012,1.7846e-08
144.056,0.0,0.16942968750000012,1.787115e-08
144.056,0.0,0.16917968750000012,1.7771549999999997e-08
144.056,0.0,0.16892968750000012,1.7808666666666665e-08
144.056,0.0,0.16867968750000012,1.77934e-08
144.056,0.0,0.16842968750000012,1.777155e-08
144.056,0.0,0.16817968750000012,1.773065e-08
144.056,0.0,0.16792968750000012,1.77716e-08
144.056,0.0,0.16767968750000012,1.77548e-08
144.056,0.0,0.16742968750000012,1.77841e-08
144.056,0.0,0.16717968750000012,1.773905e-08
144.056,0.0,0.16692968750000012,1.775415e-08
144.056,0.0,0.16667968750000012,1.77863e-08
144.056,0.0,0.16642968750000012,1.772105e-08
144.056,0.0,0.16617968750000012,1.772515e-08
144.056,0.0,0.16592968750000012,1.7739e-08
144.056,0.0,0.16567968750000012,1.76084e-08
144.056,0.0,0.16542968750000012,1.770815e-08
144.056,0.0,0.16517968750000012,1.76957e-08
144.056,0.0,0.16492968750000012,1.766155e-08
144.056,0.0,0.16467968750000012,1.77109e-08
144.056,0.0,0.16442968750000012,1.776945e-08
144.056,0.0,0.16417968750000012,1.767075e-08
144.056,0.0,0.16392968750000012,1.763885e-08
144.056,0.0,0.16367968750000012,1.75893e-08
144.056,0.0,0.16342968750000011,1.7605849999999997e-08
144.056,0.0,0.16317968750000011,1.764285e-08
144.056,0.0,0.16292968750000011,1.76744e-08
144.056,0.0,0.16267968750000011,1.76671e-08
144.056,0.0,0.16242968750000011,1.7725049999999998e-08
144.056,0.0,0.1621796875000001,1.773355e-08
144.056,0.0,0.1619296875000001,1.767363333333333e-08
144.056,0.0,0.1616796875000001,1.77917e-08
144.056,0.0,0.1614296875000001,1.7576249999999998e-08
144.056,0.0,0.1611796875000001,1.7696299999999998e-08
144.056,0.0,0.1609296875000001,1.770145e-08
144.056,0.0,0.1606796875000001,1.7569e-08
144.056,0.0,0.1604296875000001,1.76618e-08
144.056,0.0,0.1601796875000001,1.77147e-08
144.056,0.0,0.1599296875000001,1.770575e-08
144.056,0.0,0.1596796875000001,1.77141e-08
144.056,0.0,0.1594296875000001,1.76647e-08
144.056,0.0,0.1591796875000001,1.767225e-08
144.056,0.0,0.1589296875000001,1.76346e-08
144.056,0.0,0.1586796875000001,1.76059e-08
144.056,0.0,0.1584296875000001,1.76609e-08
144.056,0.0,0.1581796875000001,1.76526e-08
144.056,0.0,0.1579296875000001,1.768395e-08
144.056,0.0,0.1576796875000001,1.76677e-08
144.056,0.0,0.1574296875000001,1.76877e-08
144.056,0.0,0.1571796875000001,1.782205e-08
144.056,0.0,0.1569296875000001,1.77539e-08
144.056,0.0,0.1566796875000001,1.76957e-08
144.056,0.0,0.1564296875000001,1.77841e-08
144.056,0.0,0.1561796875000001,1.772365e-08
144.056,0.0,0.1559296875000001,1.78001e-08
144.056,0.0,0.1556796875000001,1.77267e-08
144.056,0.0,0.1554296875000001,1.77082e-08
144.056,0.0,0.1551796875000001,1.779035e-08
144.056,0.0,0.1549296875000001,1.7807299999999998e-08
144.056,0.0,0.1546796875000001,1.775175e-08
144.056,0.0,0.1544296875000001,1.767825e-08
144.056,0.0,0.1541796875000001,1.77012e-08
144.056,0.0,0.1539296875000001,1.7702000000000002e-08
144.056,0.0,0.1536796875000001,1.77397e-08
144.056,0.0,0.1534296875000001,1.780295e-08
144.056,0.0,0.1531796875000001,1.78023e-08
144.056,0.0,0.1529296875000001,1.783465e-08
144.056,0.0,0.1526796875000001,1.78193e-08
144.056,0.0,0.1524296875000001,1.77935e-08
144.056,0.0,0.1521796875000001,1.7859150000000003e-08
144.056,0.0,0.1519296875000001,1.79161e-08
144.056,0.0,0.1516796875000001,1.7887199999999998e-08
144.056,0.0,0.1514296875000001,1.78849e-08
144.056,0.0,0.1511796875000001,1.794985e-08
144.056,0.0,0.1509296875000001,1.78723e-08
144.056,0.0,0.1506796875000001,1.7907149999999998e-08
144.056,0.0,0.1504296875000001,1.79434e-08
144.056,0.0,0.1501796875000001,1.79581e-08
144.056,0.0,0.1499296875000001,1.796e-08
144.056,0.0,0.1496796875000001,1.793785e-08
144.056,0.0,0.1494296875000001,1.789065e-08
144.056,0.0,0.1491796875000001,1.794255e-08
144.056,0.0,0.1489296875000001,1.7937999999999998e-08
144.056,0.0,0.1486796875000001,1.790285e-08
144.056,0.0,0.1484296875000001,1.79729e-08
144.056,0.0,0.1481796875000001,1.7972499999999998e-08
144.056,0.0,0.1479296875000001,1.77234e-08
144.056,0.0,0.1476796875000001,1.793865e-08
144.056,0.0,0.1474296875000001,1.79162e-08
144.056,0.0,0.1471796875000001,1.797525e-08
144.056,0.0,0.1469296875000001,1.7888e-08
144.056,0.0,0.1466796875000001,1.7992449999999998e-08
144.056,0.0,0.14642968750000013,1.79272e-08
144.056,0.0,0.14617968750000013,1.800385e-08
144.056,0.0,0.14592968750000013,1.80006e-08
144.056,0.0,0.14567968750000013,1.8013450000000002e-08
144.056,0.0,0.14542968750000013,1.8039150000000002e-08
144.056,0.0,0.14517968750000013,1.79799e-08
144.056,0.0,0.14492968750000013,1.80754e-08
144.056,0.0,0.14467968750000013,1.79155e-08
144.056,0.0,0.14442968750000013,1.796295e-08
144.056,0.0,0.14417968750000013,1.7994049999999998e-08
144.056,0.0,0.14392968750000013,1.80594e-08
144.056,0.0,0.14367968750000013,1.800115e-08
144.056,0.0,0.14342968750000012,1.799995e-08
144.056,0.0,0.14317968750000012,1.80555e-08
144.056,0.0,0.14292968750000012,1.80357e-08
144.056,0.0,0.14267968750000012,1.797115e-08
144.056,0.0,0.14242968750000012,1.7998e-08
144.056,0.0,0.14217968750000012,1.79706e-08
144.056,0.0,0.14192968750000012,1.80162e-08
144.056,0.0,0.14167968750000012,1.81505e-08
144.056,0.0,0.14142968750000012,1.81633e-08
144.056,0.0,0.14117968750000012,1.809435e-08
144.056,0.0,0.14092968750000012,1.81394e-08
144.056,0.0,0.14067968750000012,1.80752e-08
144.056,0.0,0.14042968750000012,1.81074e-08
144.056,0.0,0.14017968750000012,1.81976e-08
144.056,0.0,0.13992968750000012,1.80845e-08
144.056,0.0,0.13967968750000012,1.81461e-08
144.056,0.0,0.13942968750000012,1.81281e-08
144.056,0.0,0.13917968750000012,1.8207e-08
144.056,0.0,0.13892968750000012,1.82003e-08
144.056,0.0,0.13867968750000012,1.81669e-08
144.056,0.0,0.13842968750000012,1.82315e-08
144.056,0.0,0.13817968750000012,1.829845e-08
144.056,0.0,0.13792968750000012,1.8214e-08
144.056,0.0,0.13767968750000012,1.824175e-08
144.056,0.0,0.13742968750000012,1.826675e-08
144.056,0.0,0.13717968750000012,1.84022e-08
144.056,0.0,0.13692968750000012,1.845885e-08
144.056,0.0,0.13667968750000012,1.842785e-08
144.056,0.0,0.13642968750000012,1.85235e-08
144.056,0.0,0.13617968750000012,1.84598e-08
144.056,0.0,0.13592968750000012,1.84785e-08
144.056,0.0,0.13567968750000012,1.861755e-08
144.056,0.0,0.13542968750000012,1.85614e-08
144.056,0.0,0.13517968750000012,1.858395e-08
144.056,0.0,0.13492968750000012,1.859825e-08
144.056,0.0,0.13467968750000012,1.86186e-08
144.056,0.0,0.13442968750000012,1.866795e-08
144.056,0.0,0.13417968750000012,1.87416e-08
144.056,0.0,0.13392968750000012,1.86991e-08
144.056,0.0,0.13367968750000012,1.878675e-08
144.056,0.0,0.13342968750000012,1.87688e-08
144.056,0.0,0.13317968750000012,1.86835e-08
144.056,0.0,0.13292968750000012,1.88506e-08
144.056,0.0,0.13267968750000012,1.892293333333333e-08
144.056,0.0,0.13242968750000012,1.880725e-08
144.056,0.0,0.13217968750000011,1.90206e-08
144.056,0.0,0.13192968750000011,1.90154e-08
144.056,0.0,0.13167968750000011,1.89715e-08
144.056,0.0,0.13142968750000011,1.90502e-08
144.056,0.0,0.13117968750000011,1.91414e-08
144.056,0.0,0.1309296875000001,1.915835e-08
144.056,0.0,0.1306796875000001,1.911503333333333e-08
144.056,0.0,0.1304296875000001,1.906195e-08
144.056,0.0,0.1301796875000001,1.91092e-08
144.056,0.0,0.1299296875000001,1.907445e-08
144.056,0.0,0.1296796875000001,1.91959e-08
144.056,0.0,0.1294296875000001,1.93251e-08
144.056,0.0,0.1291796875000001,1.89899e-08
144.056,0.0,0.1289296875000001,1.912245e-08
144.056,0.0,0.1286796875000001,1.91855e-08
144.056,0.0,0.1284296875000001,1.9292933333333334e-08
144.056,0.0,0.1281796875000001,1.92336e-08
144.056,0.0,0.1279296875000001,1.919505e-08
144.056,0.0,0.1276796875000001,1.930685e-08
144.056,0.0,0.1274296875000001,1.93164e-08
144.056,0.0,0.1271796875000001,1.9559e-08
144.056,0.0,0.1269296875000001,1.9382400000000003e-08
144.056,0.0,0.1266796875000001,1.95157e-08
144.056,0.0,0.1264296875000001,1.944355e-08
144.056,0.0,0.1261796875000001,1.950765e-08
144.056,0.0,0.1259296875000001,1.953705e-08
144.056,0.0,0.1256796875000001,1.954105e-08
144.056,0.0,0.1254296875000001,1.958385e-08
144.056,0.0,0.1251796875000001,1.94592e-08
144.056,0.0,0.12492968750000011,1.95942e-08
144.056,0.0,0.12467968750000011,1.96232e-08
144.056,0.0,0.12442968750000011,1.957965e-08
144.056,0.0,0.12417968750000011,1.96803e-08
144.056,0.0,0.12392968750000011,1.967945e-08
144.056,0.0,0.12367968750000011,1.9669500000000003e-08
144.056,0.0,0.12342968750000011,1.975995e-08
144.056,0.0,0.1231796875000001,1.97511e-08
144.056,0.0,0.12292968750000012,1.974975e-08
144.056,0.0,0.12267968750000012,1.97561e-08
144.056,0.0,0.12242968750000012,1.98023e-08
144.056,0.0,0.12217968750000012,1.98642e-08
144.056,0.0,0.12192968750000012,1.99647e-08
144.056,0.0,0.12167968750000012,1.99247e-08
144.056,0.0,0.12142968750000012,1.9915833333333333e-08
144.056,0.0,0.12117968750000012,1.98567e-08
144.056,0.0,0.12092968750000012,1.99098e-08
144.056,0.0,0.12067968750000012,1.987435e-08
144.056,0.0,0.12042968750000012,1.98747e-08
144.056,0.0,0.12017968750000012,1.98762e-08
144.056,0.0,0.11992968750000012,1.994215e-08
144.056,0.0,0.11967968750000012,1.98868e-08
144.056,0.0,0.11942968750000012,1.982655e-08
144.056,0.0,0.11917968750000012,1.986135e-08
144.056,0.0,0.11892968750000012,1.9841300000000002e-08
144.056,0.0,0.11867968750000012,1.986815e-08
144.056,0.0,0.11842968750000012,1.989695e-08
144.056,0.0,0.11817968750000012,1.99524e-08
144.056,0.0,0.11792968750000012,1.980915e-08
144.056,0.0,0.11767968750000012,1.98534e-08
144.056,0.0,0.11742968750000012,1.988595e-08
144.056,0.0,0.11717968750000012,1.99281e-08
144.056,0.0,0.11692968750000012,1.98849e-08
144.056,0.0,0.11667968750000011,1.9880600000000006e-08
144.056,0.0,0.11642968750000011,1.99265e-08
144.056,0.0,0.11617968750000011,1.99292e-08
144.056,0.0,0.11592968750000011,1.995865e-08
144.056,0.0,0.11567968750000011,1.983685e-08
144.056,0.0,0.11542968750000011,1.97278e-08
144.056,0.0,0.11517968750000011,1.97818e-08
144.056,0.0,0.11492968750000011,1.98518e-08
144.056,0.0,0.11467968750000011,1.97559e-08
144.056,0.0,0.11442968750000011,1.981425e-08
144.056,0.0,0.11417968750000011,1.972545e-08
144.056,0.0,0.11392968750000011,1.98178e-08
144.056,0.0,0.11367968750000011,1.992815e-08
144.056,0.0,0.11342968750000011,1.97891e-08
144.056,0.0,0.11317968750000011,1.98811e-08
144.056,0.0,0.11292968750000011,1.98113e-08
144.056,0.0,0.11267968750000011,1.972765e-08
144.056,0.0,0.11242968750000011,1.98703e-08
144.056,0.0,0.11217968750000011,1.98368e-08
144.056,0.0,0.11192968750000011,1.9868100000000002e-08
144.056,0.0,0.11167968750000011,1.986915e-08
144.056,0.0,0.11142968750000011,1.98229e-08
144.056,0.0,0.11117968750000011,1.978475e-08
144.056,0.0,0.11092968750000011,1.983925e-08
144.056,0.0,0.11067968750000011,1.992585e-08
144.056,0.0,0.11042968750000011,1.97953e-08
144.056,0.0,0.11017968750000011,1.97495e-08
144.056,0.0,0.10992968750000011,1.97994e-08
144.056,0.0,0.10967968750000011,1.986315e-08
144.056,0.0,0.10942968750000011,1.97871e-08
144.056,0.0,0.10917968750000011,1.987405e-08
144.056,0.0,0.10892968750000011,1.98179e-08
144.056,0.0,0.10867968750000011,1.97482e-08
144.056,0.0,0.10842968750000011,1.979525e-08
144.056,0.0,0.10817968750000011,1.99027e-08
144.056,0.0,0.10792968750000011,1.98021e-08
144.056,0.0,0.1076796875000001,1.98699e-08
144.056,0.0,0.10742968750000012,1.99255e-08
144.056,0.0,0.10717968750000012,1.99166e-08
144.056,0.0,0.10692968750000012,1.99225e-08
144.056,0.0,0.10667968750000012,1.970505e-08
144.056,0.0,0.10642968750000012,1.98794e-08
144.056,0.0,0.10617968750000012,1.993325e-08
144.056,0.0,0.10592968750000012,2.005e-08
144.056,0.0,0.10567968750000012,1.99518e-08
144.056,0.0,0.10542968750000012,2.00197e-08
144.056,0.0,0.10517968750000012,2.001e-08
144.056,0.0,0.10492968750000012,2.002165e-08
144.056,0.0,0.10467968750000012,2.00363e-08
144.056,0.0,0.10442968750000012,1.99761e-08
144.056,0.0,0.10417968750000012,2.007205e-08
144.056,0.0,0.10392968750000012,2.016935e-08
144.056,0.0,0.10367968750000012,2.014755e-08
144.056,0.0,0.10342968750000012,2.02048e-08
144.056,0.0,0.10317968750000012,2.0200850000000002e-08
144.056,0.0,0.10292968750000012,2.008245e-08
144.056,0.0,0.10267968750000012,2.02533e-08
144.056,0.0,0.10242968750000012,2.03231e-08
144.056,0.0,0.10217968750000012,2.01185e-08
144.056,0.0,0.10192968750000012,2.002055e-08
144.056,0.0,0.10167968750000012,2.018195e-08
144.056,0.0,0.10142968750000012,2.01044e-08
144.056,0.0,0.10117968750000012,2.01814e-08
144.056,0.0,0.10092968750000011,2.01546e-08
144.056,0.0,0.10067968750000011,2.018565e-08
144.056,0.0,0.10042968750000011,2.01158e-08
144.056,0.0,0.10017968750000011,2.031305e-08
144.056,0.0,0.09992968750000011,2.022865e-08
144.056,0.0,0.09967968750000011,2.0080200000000003e-08
144.056,0.0,0.09942968750000011,2.01686e-08
144.056,0.0,0.09917968750000011,2.027575e-08
144.056,0.0,0.09892968750000011,2.0267866666666665e-08
144.056,0.0,0.09867968750000011,2.03043e-08
144.056,0.0,0.09842968750000011,2.03285e-08
144.056,0.0,0.09817968750000011,2.02178e-08
144.056,0.0,0.09792968750000011,2.033255e-08
144.056,0.0,0.09767968750000011,2.03968e-08
144.056,0.0,0.09742968750000011,2.05564e-08
144.056,0.0,0.09717968750000011,2.039485e-08
144.056,0.0,0.09692968750000011,2.035885e-08
144.056,0.0,0.09667968750000011,2.04428e-08
144.056,0.0,0.09642968750000011,2.04877e-08
144.056,0.0,0.09617968750000011,2.0457600000000002e-08
144.056,0.0,0.09592968750000011,2.048525e-08
144.056,0.0,0.09567968750000011,2.04041e-08
144.056,0.0,0.09542968750000011,2.0506e-08
144.056,0.0,0.09517968750000011,2.047755e-08
144.056,0.0,0.09492968750000011,2.03496e-08
144.056,0.0,0.09467968750000011,2.021085e-08
144.056,0.0,0.09442968750000011,2.02916e-08
144.056,0.0,0.09417968750000011,2.035065e-08
144.056,0.0,0.09392968750000011,2.030075e-08
144.056,0.0,0.09367968750000011,2.02586e-08
144.056,0.0,0.09342968750000011,2.017435e-08
144.056,0.0,0.09317968750000011,2.023025e-08
144.056,0.0,0.09292968750000011,2.03071e-08
144.056,0.0,0.09267968750000011,2.01834e-08
144.056,0.0,0.09242968750000011,2.01853e-08
144.056,0.0,0.09217968750000011,2.014843333333333e-08
144.056,0.0,0.0919296875000001,2.02114e-08
144.056,0.0,0.09167968750000012,2.01907e-08
144.056,0.0,0.09142968750000012,2.02048e-08
144.056,0.0,0.09117968750000012,2.014275e-08
144.056,0.0,0.09092968750000012,2.011165e-08
144.056,0.0,0.09067968750000012,2.0104e-08
144.056,0.0,0.09042968750000012,2.01276e-08
144.056,0.0,0.09017968750000012,2.012175e-08
144.056,0.0,0.08992968750000012,2.0051300000000002e-08
144.056,0.0,0.08967968750000012,2.01559e-08
144.056,0.0,0.08942968750000012,2.013145e-08
144.056,0.0,0.08917968750000012,2.007905e-08
144.056,0.0,0.08892968750000012,2.001685e-08
144.056,0.0,0.08867968750000012,2.0101e-08
144.056,0.0,0.08842968750000012,1.996525e-08
144.056,0.0,0.08817968750000012,1.99987e-08
144.056,0.0,0.08792968750000012,2.010135e-08
144.056,0.0,0.08767968750000012,2.012815e-08
144.056,0.0,0.08742968750000012,2.012925e-08
144.056,0.0,0.08717968750000012,1.988505e-08
144.056,0.0,0.08692968750000012,2.01775e-08
144.056,0.0,0.08667968750000012,2.00726e-08
144.056,0.0,0.08642968750000012,2.01316e-08
144.056,0.0,0.08617968750000012,2.015195e-08
144.056,0.0,0.08592968750000012,2.00554e-08
144.056,0.0,0.08567968750000012,2.020335e-08
144.056,0.0,0.08542968750000011,2.00857e-08
144.056,0.0,0.08517968750000011,2.015065e-08
144.056,0.0,0.08492968750000011,2.017255e-08
144.056,0.0,0.08467968750000011,2.00601e-08
144.056,0.0,0.08442968750000011,2.0156550000000002e-08
144.056,0.0,0.08417968750000011,2.01104e-08
144.056,0.0,0.08392968750000011,2.0165250000000006e-08
144.056,0.0,0.08367968750000011,2.01546e-08
144.056,0.0,0.08342968750000011,2.003495e-08
144.056,0.0,0.08317968750000011,2.02945e-08
144.056,0.0,0.08292968750000011,2.00275e-08
144.056,0.0,0.08267968750000011,2.01296e-08
144.056,0.0,0.08242968750000011,2.01298e-08
144.056,0.0,0.08217968750000011,2.00712e-08
144.056,0.0,0.08192968750000011,2.00993e-08
144.056,0.0,0.08167968750000011,2.01792e-08
144.056,0.0,0.08142968750000011,2.029135e-08
144.056,0.0,0.08117968750000011,2.01201e-08
144.056,0.0,0.08092968750000011,2.024255e-08
144.056,0.0,0.08067968750000011,2.009255e-08
144.056,0.0,0.08042968750000011,2.01848e-08
144.056,0.0,0.08017968750000011,2.0098e-08
144.056,0.0,0.07992968750000011,2.018515e-08
144.056,0.0,0.07967968750000011,2.01574e-08
144.056,0.0,0.07942968750000011,2.007825e-08
144.056,0.0,0.07917968750000011,2.00955e-08
144.056,0.0,0.07892968750000011,2.017985e-08
144.056,0.0,0.07867968750000011,2.00899e-08
144.056,0.0,0.07842968750000011,2.00795e-08
144.056,0.0,0.07817968750000011,2.01599e-08
144.056,0.0,0.07792968750000011,2.00745e-08
144.056,0.0,0.07767968750000011,2.005965e-08
144.056,0.0,0.07742968750000011,2.012555e-08
144.056,0.0,0.07717968750000011,2.011075e-08
144.056,0.0,0.07692968750000011,2.00611e-08
144.056,0.0,0.07667968750000011,1.99353e-08
144.056,0.0,0.0764296875000001,2.01067e-08
144.056,0.0,0.07617968750000012,2.00715e-08
144.056,0.0,0.07592968750000012,2.00976e-08
144.056,0.0,0.07567968750000012,2.00661e-08
144.056,0.0,0.07542968750000012,1.9985e-08
144.056,0.0,0.07517968750000012,1.999505e-08
144.056,0.0,0.07492968750000012,2.00949e-08
144.056,0.0,0.07467968750000012,2.0069050000000002e-08
144.056,0.0,0.07442968750000012,2.00382e-08
144.056,0.0,0.07417968750000012,1.9860150000000002e-08
144.056,0.0,0.07392968750000012,2.0003e-08
144.056,0.0,0.07367968750000012,2.006005e-08
144.056,0.0,0.07342968750000012,2.011195e-08
144.056,0.0,0.07317968750000012,2.007915e-08
144.056,0.0,0.07292968750000012,2.01181e-08
144.056,0.0,0.07267968750000012,1.99658e-08
144.056,0.0,0.07242968750000012,2.00498e-08
144.056,0.0,0.07217968750000012,2.009875e-08
144.056,0.0,0.07192968750000012,2.009185e-08
144.056,0.0,0.07167968750000012,2.008335e-08
144.056,0.0,0.07142968750000012,2.012165e-08
144.056,0.0,0.07117968750000012,2.0201600000000003e-08
144.056,0.0,0.07092968750000012,2.0162e-08
144.056,0.0,0.07067968750000012,2.02613e-08
144.056,0.0,0.07042968750000012,2.01443e-08
144.056,0.0,0.07017968750000012,2.0107e-08
144.056,0.0,0.06992968750000012,2.018045e-08
144.056,0.0,0.06967968750000011,2.031085e-08
144.056,0.0,0.06942968750000011,2.027115e-08
144.056,0.0,0.06917968750000011,2.0249e-08
144.056,0.0,0.06892968750000011,2.03536e-08
144.056,0.0,0.06867968750000011,2.02551e-08
144.056,0.0,0.06842968750000011,2.035535e-08
144.056,0.0,0.06817968750000011,2.03923e-08
144.056,0.0,0.06792968750000011,2.03244e-08
144.056,0.0,0.06767968750000011,2.040945e-08
144.056,0.0,0.06742968750000011,2.03066e-08
144.056,0.0,0.06717968750000011,2.044695e-08
144.056,0.0,0.06692968750000011,2.04248e-08
144.056,0.0,0.06667968750000011,2.0359350000000003e-08
144.056,0.0,0.06642968750000011,2.037405e-08
144.056,0.0,0.06617968750000011,2.048555e-08
144.056,0.0,0.06592968750000011,2.03661e-08
144.056,0.0,0.06567968750000011,2.04366e-08
144.056,0.0,0.06542968750000011,2.04547e-08
144.056,0.0,0.06517968750000011,2.04193e-08
144.056,0.0,0.06492968750000011,2.04907e-08
144.056,0.0,0.06467968750000011,2.04334e-08
144.056,0.0,0.06442968750000011,2.054095e-08
144.056,0.0,0.06417968750000011,2.05064e-08
144.056,0.0,0.06392968750000011,2.04628e-08
144.056,0.0,0.06367968750000011,2.047355e-08
144.056,0.0,0.06342968750000011,2.0563e-08
144.056,0.0,0.06317968750000011,2.054785e-08
144.056,0.0,0.06292968750000011,2.06246e-08
144.056,0.0,0.06267968750000011,2.056665e-08
144.056,0.0,0.062429687500000115,2.05638e-08
144.056,0.0,0.062179687500000115,2.0602250000000002e-08
144.056,0.0,0.061929687500000115,2.03961e-08
144.056,0.0,0.061679687500000115,2.060055e-08
144.056,0.0,0.061429687500000114,2.056195e-08
144.056,0.0,0.061179687500000114,2.05371e-08
144.056,0.0,0.060929687500000114,2.068405e-08
144.056,0.0,0.060679687500000114,2.0759e-08
144.056,0.0,0.060429687500000114,2.07117e-08
144.056,0.0,0.06017968750000011,2.06032e-08
144.056,0.0,0.05992968750000011,2.075775e-08
144.056,0.0,0.05967968750000011,2.084815e-08
144.056,0.0,0.05942968750000011,2.09588e-08
144.056,0.0,0.05917968750000011,2.07921e-08
144.056,0.0,0.05892968750000011,2.078e-08
144.056,0.0,0.05867968750000011,2.0843e-08
144.056,0.0,0.05842968750000011,2.09588e-08
144.056,0.0,0.05817968750000011,2.100265e-08
144.056,0.0,0.05792968750000011,2.082745e-08
144.056,0.0,0.05767968750000011,2.088995e-08
144.056,0.0,0.05742968750000011,2.10604e-08
144.056,0.0,0.05717968750000011,2.09518e-08
144.056,0.0,0.05692968750000011,2.101535e-08
144.056,0.0,0.05667968750000012,2.08882e-08
144.056,0.0,0.05642968750000012,2.09291e-08
144.056,0.0,0.05617968750000012,2.107705e-08
144.056,0.0,0.055929687500000116,2.11047e-08
144.056,0.0,0.055679687500000116,2.10672e-08
144.056,0.0,0.055429687500000116,2.109595e-08
144.056,0.0,0.055179687500000116,2.07527e-08
144.056,0.0,0.054929687500000116,2.10993e-08
144.056,0.0,0.054679687500000115,2.11608e-08
144.056,0.0,0.054429687500000115,2.12112e-08
144.056,0.0,0.054179687500000115,2.11661e-08
144.056,0.0,0.053929687500000115,2.120345e-08
144.056,0.0,0.053679687500000114,2.1232233333333328e-08
144.056,0.0,0.053429687500000114,2.13483e-08
144.056,0.0,0.053179687500000114,2.13377e-08
144.056,0.0,0.052929687500000114,2.128555e-08
144.056,0.0,0.052679687500000114,2.131245e-08
144.056,0.0,0.05242968750000011,2.128785e-08
144.056,0.0,0.05217968750000011,2.11748e-08
144.056,0.0,0.05192968750000011,2.131415e-08
144.056,0.0,0.05167968750000011,2.1253166666666663e-08
144.056,0.0,0.05142968750000011,2.13211e-08
144.056,0.0,0.05117968750000011,2.1264e-08
144.056,0.0,0.05092968750000011,2.11988e-08
144.056,0.0,0.05067968750000011,2.121495e-08
144.056,0.0,0.05042968750000011,2.11837e-08
144.056,0.0,0.05017968750000011,2.12886e-08
144.056,0.0,0.04992968750000011,2.124955e-08
144.056,0.0,0.04967968750000011,2.128725e-08
144.056,0.0,0.04942968750000011,2.1316633333333333e-08
144.056,0.0,0.04917968750000011,2.11665e-08
144.056,0.0,0.04892968750000011,2.122885e-08
144.056,0.0,0.04867968750000012,2.119225e-08
144.056,0.0,0.04842968750000012,2.13301e-08
144.056,0.0,0.048179687500000117,2.12841e-08
144.056,0.0,0.047929687500000116,2.130695e-08
144.056,0.0,0.047679687500000116,2.13808e-08
144.056,0.0,0.047429687500000116,2.135555e-08
144.056,0.0,0.047179687500000116,2.12847e-08
144.056,0.0,0.046929687500000115,2.12864e-08
144.056,0.0,0.046679687500000115,2.136855e-08
144.056,0.0,0.046429687500000115,2.123995e-08
144.056,0.0,0.046179687500000115,2.13096e-08
144.056,0.0,0.045929687500000115,2.1347e-08
144.056,0.0,0.045679687500000114,2.13818e-08
144.056,0.0,0.045429687500000114,2.142345e-08
144.056,0.0,0.045179687500000114,2.14064e-08
144.056,0.0,0.044929687500000114,2.1409066666666666e-08
144.056,0.0,0.04467968750000011,2.141605e-08
144.056,0.0,0.04442968750000011,2.1485e-08
144.056,0.0,0.04417968750000011,2.15571e-08
144.056,0.0,0.04392968750000011,2.152645e-08
144.056,0.0,0.04367968750000011,2.1513e-08
144.056,0.0,0.04342968750000011,2.153695e-08
144.056,0.0,0.04317968750000011,2.15843e-08
144.056,0.0,0.04292968750000011,2.15609e-08
144.056,0.0,0.04267968750000011,2.16567e-08
144.056,0.0,0.04242968750000011,2.167005e-08
144.056,0.0,0.04217968750000011,2.1527450000000006e-08
144.056,0.0,0.04192968750000011,2.1661700000000006e-08
144.056,0.0,0.04167968750000011,2.169615e-08
144.056,0.0,0.04142968750000011,2.17097e-08
144.056,0.0,0.04117968750000011,2.16184e-08
144.056,0.0,0.04092968750000012,2.16952e-08
144.056,0.0,0.04067968750000012,2.18313e-08
144.056,0.0,0.04042968750000012,2.17626e-08
144.056,0.0,0.040179687500000116,2.179425e-08
144.056,0.0,0.039929687500000116,2.19903e-08
144.056,0.0,0.039679687500000116,2.179325e-08
144.056,0.0,0.039429687500000116,2.18623e-08
144.056,0.0,0.039179687500000115,2.194055e-08
144.056,0.0,0.038929687500000115,2.1884800000000003e-08
144.056,0.0,0.038679687500000115,2.19681e-08
144.056,0.0,0.038429687500000115,2.1879400000000002e-08
144.056,0.0,0.038179687500000115,2.20076e-08
144.056,0.0,0.037929687500000114,2.188795e-08
144.056,0.0,0.037679687500000114,2.200275e-08
144.056,0.0,0.037429687500000114,2.19806e-08
144.056,0.0,0.037179687500000114,2.210395e-08
144.056,0.0,0.03692968750000011,2.197535e-08
144.056,0.0,0.03667968750000011,2.19596e-08
144.056,0.0,0.03642968750000011,2.19705e-08
144.056,0.0,0.03617968750000011,2.195635e-08
144.056,0.0,0.03592968750000011,2.191985e-08
144.056,0.0,0.03567968750000011,2.199115e-08
144.056,0.0,0.03542968750000011,2.20198e-08
144.056,0.0,0.03517968750000011,2.205775e-08
144.056,0.0,0.03492968750000011,2.197845e-08
144.056,0.0,0.03467968750000011,2.202435e-08
144.056,0.0,0.03442968750000011,2.19336e-08
144.056,0.0,0.03417968750000011,2.199645e-08
144.056,0.0,0.03392968750000011,2.200425e-08
144.056,0.0,0.03367968750000011,2.19606e-08
144.056,0.0,0.03342968750000011,2.19925e-08
144.056,0.0,0.03317968750000012,2.209805e-08
144.056,0.0,0.03292968750000012,2.20828e-08
144.056,0.0,0.03267968750000012,2.20237e-08
144.056,0.0,0.032429687500000116,2.19721e-08
144.056,0.0,0.032179687500000116,2.21141e-08
144.056,0.0,0.031929687500000116,2.212005e-08
144.056,0.0,0.031679687500000116,2.20751e-08
144.056,0.0,0.031429687500000116,2.21017e-08
144.056,0.0,0.031179687500000115,2.20364e-08
144.056,0.0,0.030929687500000115,2.21573e-08
144.056,0.0,0.030679687500000115,2.2092950000000002e-08
144.056,0.0,0.030429687500000115,2.21261e-08
144.056,0.0,0.030179687500000114,2.19712e-08
144.056,0.0,0.029929687500000114,2.188225e-08
144.056,0.0,0.029679687500000114,2.2060150000000002e-08
144.056,0.0,0.029429687500000114,2.200745e-08
144.056,0.0,0.029179687500000114,2.20315e-08
144.056,0.0,0.028929687500000113,2.1974e-08
144.056,0.0,0.028679687500000113,2.19915e-08
144.056,0.0,0.028429687500000113,2.20378e-08
144.056,0.0,0.028179687500000113,2.215245e-08
144.056,0.0,0.027929687500000112,2.19659e-08
144.056,0.0,0.027679687500000112,2.190605e-08
144.056,0.0,0.027429687500000112,2.19694e-08
144.056,0.0,0.027179687500000115,2.19953e-08
144.056,0.0,0.026929687500000115,2.19406e-08
144.056,0.0,0.026679687500000115,2.1915e-08
144.056,0.0,0.026429687500000115,2.20476e-08
144.056,0.0,0.026179687500000114,2.19004e-08
144.056,0.0,0.025929687500000114,2.19549e-08
144.056,0.0,0.025679687500000114,2.19656e-08
144.056,0.0,0.025429687500000114,2.1964e-08
144.056,0.0,0.025179687500000113,2.185985e-08
144.056,0.0,0.024929687500000113,2.18752e-08
144.056,0.0,0.024679687500000113,2.178135e-08
144.056,0.0,0.024429687500000113,2.192365e-08
144.056,0.0,0.024179687500000113,2.19112e-08
144.056,0.0,0.023929687500000112,2.2018e-08
144.056,0.0,0.023679687500000112,2.191605e-08
144.056,0.0,0.023429687500000115,2.19699e-08
144.056,0.0,0.023179687500000115,2.1997250000000002e-08
144.056,0.0,0.022929687500000115,2.194655e-08
144.056,0.0,0.022679687500000115,2.21941e-08
144.056,0.0,0.022429687500000114,2.18791e-08
144.056,0.0,0.022179687500000114,2.19311e-08
144.056,0.0,0.021929687500000114,2.18667e-08
144.056,0.0,0.021679687500000114,2.18131e-08
144.056,0.0,0.021429687500000114,2.18082e-08
144.056,0.0,0.021179687500000113,2.17807e-08
144.056,0.0,0.020929687500000113,2.18245e-08
144.056,0.0,0.020679687500000113,2.172775e-08
144.056,0.0,0.020429687500000113,2.18367e-08
144.056,0.0,0.020179687500000112,2.175905e-08
144.056,0.0,0.019929687500000112,2.1773066666666668e-08
144.056,0.0,0.019679687500000112,2.18304e-08
144.056,0.0,0.019429687500000115,2.18e-08
144.056,0.0,0.019179687500000115,2.170615e-08
144.056,0.0,0.018929687500000115,2.175405e-08
144.056,0.0,0.018679687500000115,2.18076e-08
144.056,0.0,0.018429687500000114,2.163515e-08
144.056,0.0,0.018179687500000114,2.171175e-08
144.056,0.0,0.017929687500000114,2.17722e-08
144.056,0.0,0.017679687500000114,2.1653e-08
144.056,0.0,0.017429687500000113,2.159505e-08
144.056,0.0,0.017179687500000113,2.166055e-08
144.056,0.0,0.016929687500000113,2.17072e-08
144.056,0.0,0.016679687500000113,2.17315e-08
144.056,0.0,0.016429687500000113,2.15924e-08
144.056,0.0,0.016179687500000112,2.160105e-08
144.056,0.0,0.015929687500000112,2.15164e-08
144.056,0.0,0.015679687500000115,2.160205e-08
144.056,0.0,0.015429687500000113,2.162965e-08
144.056,0.0,0.015179687500000113,2.1656300000000002e-08
144.056,0.0,0.014929687500000113,2.15853e-08
144.056,0.0,0.014679687500000115,2.15736e-08
144.056,0.0,0.014429687500000114,2.15246e-08
144.056,0.0,0.014179687500000114,2.160375e-08
144.056,0.0,0.013929687500000114,2.153475e-08
144.056,0.0,0.013679687500000114,2.15861e-08
144.056,0.0,0.013429687500000113,2.147925e-08
144.056,0.0,0.013179687500000113,2.1408966666666667e-08
144.056,0.0,0.012929687500000113,2.14745e-08
144.056,0.0,0.012679687500000114,2.14557e-08
144.056,0.0,0.012429687500000114,2.141255e-08
144.056,0.0,0.012179687500000114,2.143845e-08
144.056,0.0,0.011929687500000114,2.142285e-08
144.056,0.0,0.011679687500000114,2.12925e-08
144.056,0.0,0.011429687500000113,2.14095e-08
144.056,0.0,0.011179687500000113,2.13903e-08
144.056,0.0,0.010929687500000113,2.123233333333333e-08
144.056,0.0,0.010679687500000114,2.13075e-08
144.056,0.0,0.010429687500000114,2.131595e-08
144.056,0.0,0.010179687500000114,2.11756e-08
144.056,0.0,0.009929687500000114,2.127605e-08
144.056,0.0,0.009679687500000114,2.13223e-08
144.056,0.0,0.009429687500000113,2.1218e-08
144.056,0.0,0.009179687500000113,2.12498e-08
144.056,0.0,0.008929687500000113,2.13874e-08
144.056,0.0,0.008679687500000114,2.14097e-08
144.056,0.0,0.008429687500000114,2.129445e-08
144.056,0.0,0.008179687500000114,2.144365e-08
144.056,0.0,0.007929687500000114,2.13766e-08
144.056,0.0,0.0076796875000001135,2.1546e-08
144.056,0.0,0.007429687500000113,2.1428200000000006e-08
144.056,0.0,0.007179687500000114,2.14745e-08
144.056,0.0,0.006929687500000114,2.152615e-08
144.056,0.0,0.0066796875000001135,2.13608e-08
144.056,0.0,0.006429687500000113,2.13772e-08
144.056,0.0,0.006179687500000114,2.143415e-08
144.056,0.0,0.005929687500000114,2.14438e-08
144.056,0.0,0.0056796875000001135,2.13937e-08
144.056,0.0,0.005429687500000114,2.134005e-08
144.056,0.0,0.005179687500000114,2.13439e-08
144.056,0.0,0.004929687500000114,2.13381e-08
144.056,0.0,0.0046796875000001134,2.13785e-08
144.056,0.0,0.004429687500000114,2.1452266666666666e-08
144.056,0.0,0.004179687500000114,2.123525e-08
144.056,0.0,0.003929687500000114,2.12705e-08
144.056,0.0,0.003679687500000114,2.131615e-08
144.056,0.0,0.0034296875000001136,2.136495e-08
144.056,0.0,0.003179687500000114,2.14112e-08
144.056,0.0,0.0029296875000001136,2.13462e-08
144.056,0.0,0.002679687500000114,2.13065e-08
144.056,0.0,0.0024296875000001136,2.132175e-08
144.056,0.0,0.002179687500000114,2.140085e-08
144.056,0.0,0.0019296875000001136,2.14245e-08
144.056,0.0,0.0016796875000001136,2.13628e-08
144.056,0.0,0.0014296875000001136,2.14398e-08
144.056,0.0,0.0011796875000001136,2.144675e-08
144.056,0.0,0.0009296875000001137,2.13299e-08
144.056,0.0,0.0006796875000001137,2.138625e-08
144.056,0.0,0.0004296875000001137,2.136035e-08
144.056,0.0,0.00017968750000011368,2.130745e-08
144.056,0.0,-7.031249999988632e-05,2.14103e-08
144.056,0.0,-0.00032031249999988633,2.145365e-08
144.056,0.0,-0.0005703124999998863,2.13452e-08
144.056,0.0,-0.0008203124999998863,2.14312e-08
144.056,0.0,-0.0010703124999998862,2.13889e-08
144.056,0.0,-0.0013203124999998862,2.13977e-08
144.056,0.0,-0.0015703124999998863,2.146295e-08
144.056,0.0,-0.0018203124999998863,2.14536e-08
144.056,0.0,-0.0020703124999998865,2.15182e-08
144.056,0.0,-0.0023203124999998863,2.15655e-08
144.056,0.0,-0.0025703124999998865,2.159845e-08
144.056,0.0,-0.0028203124999998863,2.15382e-08
144.056,0.0,-0.0030703124999998865,2.17369e-08
144.056,0.0,-0.0033203124999998863,2.15927e-08
144.056,0.0,-0.0035703124999998865,2.177245e-08
144.056,0.0,-0.0038203124999998863,2.1716e-08
144.056,0.0,-0.0040703124999998865,2.1681e-08
144.056,0.0,-0.004320312499999887,2.16773e-08
144.056,0.0,-0.004570312499999886,2.1783e-08
144.056,0.0,-0.004820312499999886,2.17288e-08
144.056,0.0,-0.0050703124999998865,2.168e-08
144.056,0.0,-0.005320312499999886,2.17428e-08
144.056,0.0,-0.005570312499999886,2.18505e-08
144.056,0.0,-0.005820312499999886,2.1888e-08
144.056,0.0,-0.0060703124999998866,2.17067e-08
144.056,0.0,-0.006320312499999886,2.181205e-08
144.056,0.0,-0.006570312499999886,2.18016e-08
144.056,0.0,-0.006820312499999886,2.185565e-08
144.056,0.0,-0.007070312499999887,2.17401e-08
144.056,0.0,-0.007320312499999886,2.185265e-08
144.056,0.0,-0.007570312499999886,2.184385e-08
144.056,0.0,-0.007820312499999886,2.181905e-08
144.056,0.0,-0.008070312499999887,2.18987e-08
144.056,0.0,-0.008320312499999887,2.180685e-08
144.056,0.0,-0.008570312499999887,2.18977e-08
144.056,0.0,-0.008820312499999886,2.178905e-08
144.056,0.0,-0.009070312499999886,2.1877e-08
144.056,0.0,-0.009320312499999886,2.184375e-08
144.056,0.0,-0.009570312499999886,2.18728e-08
144.056,0.0,-0.009820312499999886,2.195885e-08
144.056,0.0,-0.010070312499999887,2.19283e-08
144.056,0.0,-0.010320312499999887,2.18063e-08
144.056,0.0,-0.010570312499999887,2.1951250000000003e-08
144.056,0.0,-0.010820312499999886,2.183745e-08
144.056,0.0,-0.011070312499999886,2.189585e-08
144.056,0.0,-0.011320312499999886,2.18909e-08
144.056,0.0,-0.011570312499999886,2.19198e-08
144.056,0.0,-0.011820312499999886,2.185815e-08
144.056,0.0,-0.012070312499999887,2.19802e-08
144.056,0.0,-0.012320312499999887,2.193895e-08
144.056,0.0,-0.012570312499999887,2.1871700000000006e-08
144.056,0.0,-0.012820312499999886,2.18902e-08
144.056,0.0,-0.013070312499999886,2.19146e-08
144.056,0.0,-0.013320312499999886,2.19078e-08
144.056,0.0,-0.013570312499999886,2.18565e-08
144.056,0.0,-0.013820312499999887,2.18858e-08
144.056,0.0,-0.014070312499999887,2.183175e-08
144.056,0.0,-0.014320312499999887,2.196155e-08
144.056,0.0,-0.014570312499999887,2.190105e-08
144.056,0.0,-0.014820312499999886,2.197715e-08
144.056,0.0,-0.015070312499999886,2.19073e-08
144.056,0.0,-0.015320312499999886,2.193145e-08
144.056,0.0,-0.015570312499999886,2.19295e-08
144.056,0.0,-0.015820312499999885,2.20076e-08
144.056,0.0,-0.016070312499999885,2.206435e-08
144.056,0.0,-0.016320312499999885,2.21527e-08
144.056,0.0,-0.016570312499999885,2.22412e-08
144.056,0.0,-0.016820312499999886,2.2121e-08
144.056,0.0,-0.017070312499999886,2.20815e-08
144.056,0.0,-0.017320312499999886,2.21389e-08
144.056,0.0,-0.017570312499999886,2.22497e-08
144.056,0.0,-0.017820312499999887,2.21572e-08
144.056,0.0,-0.018070312499999887,2.23114e-08
144.056,0.0,-0.018320312499999887,2.22785e-08
144.056,0.0,-0.018570312499999887,2.231545e-08
144.056,0.0,-0.018820312499999887,2.23605e-08
144.056,0.0,-0.019070312499999888,2.238135e-08
144.056,0.0,-0.019320312499999888,2.24337e-08
144.056,0.0,-0.019570312499999885,2.25095e-08
144.056,0.0,-0.019820312499999885,2.24869e-08
144.056,0.0,-0.020070312499999885,2.24634e-08
144.056,0.0,-0.020320312499999885,2.24903e-08
144.056,0.0,-0.020570312499999886,2.249405e-08
144.056,0.0,-0.020820312499999886,2.25717e-08
144.056,0.0,-0.021070312499999886,2.25084e-08
144.056,0.0,-0.021320312499999886,2.25033e-08
144.056,0.0,-0.021570312499999886,2.2493e-08
144.056,0.0,-0.021820312499999887,2.24617e-08
144.056,0.0,-0.022070312499999887,2.253035e-08
144.056,0.0,-0.022320312499999887,2.256395e-08
144.056,0.0,-0.022570312499999887,2.25555e-08
144.056,0.0,-0.022820312499999888,2.263555e-08
144.056,0.0,-0.023070312499999888,2.2563e-08
144.056,0.0,-0.023320312499999888,2.26079e-08
144.056,0.0,-0.023570312499999885,2.26222e-08
144.056,0.0,-0.023820312499999885,2.25694e-08
144.056,0.0,-0.024070312499999885,2.27007e-08
144.056,0.0,-0.024320312499999885,2.27566e-08
144.056,0.0,-0.024570312499999886,2.275555e-08
144.056,0.0,-0.024820312499999886,2.2805e-08
144.056,0.0,-0.025070312499999886,2.27462e-08
144.056,0.0,-0.025320312499999886,2.267955e-08
144.056,0.0,-0.025570312499999887,2.27323e-08
144.056,0.0,-0.025820312499999887,2.27863e-08
144.056,0.0,-0.026070312499999887,2.27742e-08
144.056,0.0,-0.026320312499999887,2.274245e-08
144.056,0.0,-0.026570312499999887,2.275525e-08
144.056,0.0,-0.026820312499999888,2.27199e-08
144.056,0.0,-0.027070312499999888,2.27469e-08
144.056,0.0,-0.027320312499999885,2.27549e-08
144.056,0.0,-0.027570312499999885,2.2766366666666666e-08
144.056,0.0,-0.027820312499999885,2.27975e-08
144.056,0.0,-0.028070312499999885,2.282485e-08
144.056,0.0,-0.028320312499999886,2.2779250000000002e-08
144.056,0.0,-0.028570312499999886,2.2783900000000002e-08
144.056,0.0,-0.028820312499999886,2.27109e-08
144.056,0.0,-0.029070312499999886,2.27991e-08
144.056,0.0,-0.029320312499999886,2.28019e-08
144.056,0.0,-0.029570312499999887,2.27457e-08
144.056,0.0,-0.029820312499999887,2.28598e-08
144.056,0.0,-0.030070312499999887,2.282175e-08
144.056,0.0,-0.030320312499999887,2.280385e-08
144.056,0.0,-0.030570312499999888,2.27188e-08
144.056,0.0,-0.030820312499999888,2.28996e-08
144.056,0.0,-0.031070312499999888,2.285045e-08
144.056,0.0,-0.031320312499999885,2.28729e-08
144.056,0.0,-0.031570312499999885,2.28821e-08
144.056,0.0,-0.031820312499999885,2.298895e-08
144.056,0.0,-0.032070312499999885,2.293265e-08
144.056,0.0,-0.032320312499999886,2.29061e-08
144.056,0.0,-0.032570312499999886,2.2897100000000002e-08
144.056,0.0,-0.032820312499999886,2.30296e-08
144.056,0.0,-0.033070312499999886,2.296005e-08
144.056,0.0,-0.033320312499999886,2.29689e-08
144.056,0.0,-0.03357031249999989,2.297735e-08
144.056,0.0,-0.03382031249999989,2.29726e-08
144.056,0.0,-0.03407031249999989,2.2955566666666666e-08
144.056,0.0,-0.03432031249999989,2.301105e-08
144.056,0.0,-0.03457031249999989,2.29705e-08
144.056,0.0,-0.03482031249999989,2.29479e-08
144.056,0.0,-0.03507031249999989,2.29877e-08
144.056,0.0,-0.03532031249999989,2.30699e-08
144.056,0.0,-0.03557031249999989,2.293215e-08
144.056,0.0,-0.03582031249999989,2.30192e-08
144.056,0.0,-0.03607031249999989,2.290945e-08
144.056,0.0,-0.03632031249999989,2.2982266666666667e-08
144.056,0.0,-0.03657031249999989,2.30657e-08
144.056,0.0,-0.03682031249999989,2.308725e-08
144.056,0.0,-0.03707031249999988,2.303765e-08
144.056,0.0,-0.03732031249999988,2.306405e-08
144.056,0.0,-0.03757031249999988,2.30105e-08
144.056,0.0,-0.037820312499999884,2.29856e-08
144.056,0.0,-0.038070312499999884,2.304695e-08
144.056,0.0,-0.038320312499999884,2.3056e-08
144.056,0.0,-0.038570312499999884,2.31511e-08
144.056,0.0,-0.038820312499999884,2.30541e-08
144.056,0.0,-0.039070312499999885,2.3160700000000002e-08
144.056,0.0,-0.039320312499999885,2.31636e-08
144.056,0.0,-0.039570312499999885,2.31017e-08
144.056,0.0,-0.039820312499999885,2.31372e-08
144.056,0.0,-0.040070312499999886,2.31675e-08
144.056,0.0,-0.040320312499999886,2.318355e-08
144.056,0.0,-0.040570312499999886,2.320935e-08
144.056,0.0,-0.040820312499999886,2.31803e-08
144.056,0.0,-0.041070312499999886,2.31765e-08
144.056,0.0,-0.04132031249999989,2.3140650000000003e-08
144.056,0.0,-0.04157031249999989,2.31205e-08
144.056,0.0,-0.04182031249999989,2.31331e-08
144.056,0.0,-0.04207031249999989,2.325315e-08
144.056,0.0,-0.04232031249999989,2.320875e-08
144.056,0.0,-0.04257031249999989,2.32598e-08
144.056,0.0,-0.04282031249999989,2.31222e-08
144.056,0.0,-0.04307031249999989,2.31829e-08
144.056,0.0,-0.04332031249999989,2.318185e-08
144.056,0.0,-0.04357031249999989,2.32822e-08
144.056,0.0,-0.04382031249999989,2.31912e-08
144.056,0.0,-0.04407031249999989,2.320045e-08
144.056,0.0,-0.04432031249999989,2.32322e-08
144.056,0.0,-0.04457031249999989,2.32028e-08
144.056,0.0,-0.04482031249999989,2.32234e-08
144.056,0.0,-0.04507031249999988,2.321515e-08
144.056,0.0,-0.04532031249999988,2.331465e-08
144.056,0.0,-0.045570312499999883,2.334135e-08
144.056,0.0,-0.045820312499999884,2.336715e-08
144.056,0.0,-0.046070312499999884,2.3333400000000003e-08
144.056,0.0,-0.046320312499999884,2.340265e-08
144.056,0.0,-0.046570312499999884,2.33893e-08
144.056,0.0,-0.046820312499999885,2.33715e-08
144.056,0.0,-0.047070312499999885,2.331195e-08
144.056,0.0,-0.047320312499999885,2.333105e-08
144.056,0.0,-0.047570312499999885,2.33421e-08
144.056,0.0,-0.047820312499999885,2.333875e-08
144.056,0.0,-0.048070312499999886,2.32906e-08
144.056,0.0,-0.048320312499999886,2.32715e-08
144.056,0.0,-0.048570312499999886,2.33568e-08
144.056,0.0,-0.048820312499999886,2.33624e-08
144.056,0.0,-0.04907031249999989,2.337505e-08
144.056,0.0,-0.04932031249999989,2.34136e-08
144.056,0.0,-0.04957031249999989,2.34616e-08
144.056,0.0,-0.04982031249999989,2.338575e-08
144.056,0.0,-0.05007031249999989,2.343125e-08
144.056,0.0,-0.05032031249999989,2.34275e-08
144.056,0.0,-0.05057031249999989,2.35096e-08
144.056,0.0,-0.05082031249999989,2.35268e-08
144.056,0.0,-0.05107031249999989,2.348745e-08
144.056,0.0,-0.05132031249999989,2.340575e-08
144.056,0.0,-0.05157031249999989,2.33548e-08
144.056,0.0,-0.05182031249999989,2.336415e-08
144.056,0.0,-0.05207031249999989,2.337563333333333e-08
144.056,0.0,-0.05232031249999989,2.32681e-08
144.056,0.0,-0.05257031249999989,2.33995e-08
144.056,0.0,-0.05282031249999988,2.33597e-08
144.056,0.0,-0.05307031249999988,2.343465e-08
144.056,0.0,-0.05332031249999988,2.34884e-08
144.056,0.0,-0.053570312499999884,2.33871e-08
144.056,0.0,-0.053820312499999884,2.34242e-08
144.056,0.0,-0.054070312499999884,2.3402400000000002e-08
144.056,0.0,-0.054320312499999884,2.34153e-08
144.056,0.0,-0.054570312499999885,2.34274e-08
144.056,0.0,-0.054820312499999885,2.3425550000000003e-08
144.056,0.0,-0.055070312499999885,2.343805e-08
144.056,0.0,-0.055320312499999885,2.34217e-08
144.056,0.0,-0.055570312499999885,2.34234e-08
144.056,0.0,-0.055820312499999886,2.342735e-08
144.056,0.0,-0.056070312499999886,2.34714e-08
144.056,0.0,-0.056320312499999886,2.34093e-08
144.056,0.0,-0.056570312499999886,2.34064e-08
144.056,0.0,-0.05682031249999989,2.34416e-08
144.056,0.0,-0.05707031249999989,2.33442e-08
144.056,0.0,-0.05732031249999989,2.33978e-08
144.056,0.0,-0.05757031249999989,2.34583e-08
144.056,0.0,-0.05782031249999989,2.34739e-08
144.056,0.0,-0.05807031249999989,2.35916e-08
144.056,0.0,-0.05832031249999989,2.36701e-08
144.056,0.0,-0.05857031249999989,2.37167e-08
144.056,0.0,-0.05882031249999989,2.384455e-08
144.056,0.0,-0.05907031249999989,2.37894e-08
144.056,0.0,-0.05932031249999989,2.38512e-08
144.056,0.0,-0.05957031249999989,2.39068e-08
144.056,0.0,-0.05982031249999989,2.3843450000000002e-08
144.056,0.0,-0.06007031249999989,2.39012e-08
144.056,0.0,-0.06032031249999989,2.39956e-08
144.056,0.0,-0.06057031249999988,2.395755e-08
144.056,0.0,-0.06082031249999988,2.39679e-08
144.056,0.0,-0.06107031249999988,2.40589e-08
144.056,0.0,-0.061320312499999884,2.40998e-08
144.056,0.0,-0.061570312499999884,2.40549e-08
144.056,0.0,-0.061820312499999884,2.41535e-08
144.056,0.0,-0.062070312499999884,2.43218e-08
144.056,0.0,-0.062320312499999884,2.41654e-08
144.056,0.0,-0.06257031249999989,2.4230050000000002e-08
144.056,0.0,-0.06282031249999989,2.42822e-08
144.056,0.0,-0.06307031249999989,2.42831e-08
144.056,0.0,-0.06332031249999989,2.434035e-08
144.056,0.0,-0.06357031249999989,2.441965e-08
144.056,0.0,-0.06382031249999989,2.435015e-08
144.056,0.0,-0.06407031249999989,2.436705e-08
144.056,0.0,-0.0643203124999999,2.45129e-08
144.056,0.0,-0.06457031249999988,2.436135e-08
144.056,0.0,-0.06482031249999988,2.44565e-08
144.056,0.0,-0.06507031249999988,2.43884e-08
144.056,0.0,-0.06532031249999988,2.44849e-08
144.056,0.0,-0.06557031249999988,2.44995e-08
144.056,0.0,-0.06582031249999988,2.435145e-08
144.056,0.0,-0.06607031249999988,2.4434233333333333e-08
144.056,0.0,-0.06632031249999988,2.4437e-08
144.056,0.0,-0.06657031249999988,2.444015e-08
144.056,0.0,-0.06682031249999988,2.44083e-08
144.056,0.0,-0.06707031249999988,2.451565e-08
144.056,0.0,-0.06732031249999988,2.4463e-08
144.056,0.0,-0.06757031249999988,2.44224e-08
144.056,0.0,-0.06782031249999988,2.44698e-08
144.056,0.0,-0.06807031249999988,2.44131e-08
144.056,0.0,-0.06832031249999988,2.4423e-08
144.056,0.0,-0.06857031249999988,2.43926e-08
144.056,0.0,-0.06882031249999988,2.435865e-08
144.056,0.0,-0.06907031249999988,2.428935e-08
144.056,0.0,-0.06932031249999988,2.42999e-08
144.056,0.0,-0.06957031249999988,2.42728e-08
144.056,0.0,-0.06982031249999988,2.44034e-08
144.056,0.0,-0.07007031249999988,2.43685e-08
144.056,0.0,-0.07032031249999988,2.45045e-08
144.056,0.0,-0.07057031249999988,2.44919e-08
144.056,0.0,-0.07082031249999989,2.449185e-08
144.056,0.0,-0.07107031249999989,2.4567450000000002e-08
144.056,0.0,-0.07132031249999989,2.46511e-08
144.056,0.0,-0.07157031249999989,2.4680650000000002e-08
144.056,0.0,-0.07182031249999989,2.4794e-08
144.056,0.0,-0.07207031249999989,2.48017e-08
144.056,0.0,-0.07232031249999989,2.48829e-08
144.056,0.0,-0.07257031249999989,2.4868e-08
144.056,0.0,-0.07282031249999989,2.49121e-08
144.056,0.0,-0.07307031249999989,2.49099e-08
144.056,0.0,-0.07332031249999989,2.49894e-08
144.056,0.0,-0.07357031249999989,2.493e-08
144.056,0.0,-0.07382031249999989,2.506395e-08
144.056,0.0,-0.07407031249999989,2.495215e-08
144.056,0.0,-0.07432031249999989,2.49979e-08
144.056,0.0,-0.07457031249999989,2.501323333333333e-08
144.056,0.0,-0.07482031249999989,2.50885e-08
144.056,0.0,-0.07507031249999989,2.51824e-08
144.056,0.0,-0.07532031249999989,2.51803e-08
144.056,0.0,-0.07557031249999989,2.52299e-08
144.056,0.0,-0.07582031249999989,2.5245e-08
144.056,0.0,-0.07607031249999989,2.51921e-08
144.056,0.0,-0.07632031249999989,2.5306250000000002e-08
144.056,0.0,-0.07657031249999989,2.5497400000000002e-08
144.056,0.0,-0.07682031249999989,2.5435250000000006e-08
144.056,0.0,-0.07707031249999989,2.54553e-08
144.056,0.0,-0.07732031249999989,2.55054e-08
144.056,0.0,-0.07757031249999989,2.55549e-08
144.056,0.0,-0.07782031249999989,2.553255e-08
144.056,0.0,-0.07807031249999989,2.56695e-08
144.056,0.0,-0.07832031249999989,2.566075e-08
144.056,0.0,-0.07857031249999989,2.560645e-08
144.056,0.0,-0.07882031249999989,2.56933e-08
144.056,0.0,-0.07907031249999989,2.56964e-08
144.056,0.0,-0.07932031249999989,2.575355e-08
144.056,0.0,-0.07957031249999989,2.579505e-08
144.056,0.0,-0.0798203124999999,2.588235e-08
144.056,0.0,-0.08007031249999988,2.58897e-08
144.056,0.0,-0.08032031249999988,2.58296e-08
144.056,0.0,-0.08057031249999988,2.59869e-08
144.056,0.0,-0.08082031249999988,2.60595e-08
144.056,0.0,-0.08107031249999988,2.60255e-08
144.056,0.0,-0.08132031249999988,2.606455e-08
144.056,0.0,-0.08157031249999988,2.614745e-08
144.056,0.0,-0.08182031249999988,2.617845e-08
144.056,0.0,-0.08207031249999988,2.63083e-08
144.056,0.0,-0.08232031249999988,2.623095e-08
144.056,0.0,-0.08257031249999988,2.632265e-08
144.056,0.0,-0.08282031249999988,2.635615e-08
144.056,0.0,-0.08307031249999988,2.63055e-08
144.056,0.0,-0.08332031249999988,2.64608e-08
144.056,0.0,-0.08357031249999988,2.661385e-08
144.056,0.0,-0.08382031249999988,2.6639e-08
144.056,0.0,-0.08407031249999988,2.669415e-08
144.056,0.0,-0.08432031249999988,2.67669e-08
144.056,0.0,-0.08457031249999988,2.68234e-08
144.056,0.0,-0.08482031249999988,2.685965e-08
144.056,0.0,-0.08507031249999988,2.69488e-08
144.056,0.0,-0.08532031249999988,2.70611e-08
144.056,0.0,-0.08557031249999988,2.71077e-08
144.056,0.0,-0.08582031249999988,2.71248e-08
144.056,0.0,-0.08607031249999988,2.73008e-08
144.056,0.0,-0.08632031249999988,2.73127e-08
144.056,0.0,-0.08657031249999989,2.751975e-08
144.056,0.0,-0.08682031249999989,2.756345e-08
144.056,0.0,-0.08707031249999989,2.7676e-08
144.056,0.0,-0.08732031249999989,2.780415e-08
144.056,0.0,-0.08757031249999989,2.77442e-08
144.056,0.0,-0.08782031249999989,2.795245e-08
144.056,0.0,-0.08807031249999989,2.795645e-08
144.056,0.0,-0.08832031249999989,2.805255e-08
144.056,0.0,-0.08857031249999989,2.829145e-08
144.056,0.0,-0.08882031249999989,2.83318e-08
144.056,0.0,-0.08907031249999989,2.83757e-08
144.056,0.0,-0.08932031249999989,2.84469e-08
144.056,0.0,-0.08957031249999989,2.8558950000000002e-08
144.056,0.0,-0.08982031249999989,2.855765e-08
144.056,0.0,-0.09007031249999989,2.8624300000000002e-08
144.056,0.0,-0.09032031249999989,2.87286e-08
144.056,0.0,-0.09057031249999989,2.884955e-08
144.056,0.0,-0.09082031249999989,2.8895e-08
144.056,0.0,-0.09107031249999989,2.90179e-08
144.056,0.0,-0.09132031249999989,2.91228e-08
144.056,0.0,-0.09157031249999989,2.913555e-08
144.056,0.0,-0.09182031249999989,2.93263e-08
144.056,0.0,-0.09207031249999989,2.92907e-08
144.056,0.0,-0.09232031249999989,2.9489050000000003e-08
144.056,0.0,-0.09257031249999989,2.9598766666666665e-08
144.056,0.0,-0.09282031249999989,2.9847e-08
144.056,0.0,-0.09307031249999989,3.00351e-08
144.056,0.0,-0.09332031249999989,3.0049649999999995e-08
144.056,0.0,-0.09357031249999989,3.014235e-08
144.056,0.0,-0.09382031249999989,3.01662e-08
144.056,0.0,-0.09407031249999989,3.03235e-08
144.056,0.0,-0.09432031249999989,3.04317e-08
144.056,0.0,-0.09457031249999989,3.0584000000000004e-08
144.056,0.0,-0.09482031249999989,3.07455e-08
144.056,0.0,-0.09507031249999989,3.079795e-08
144.056,0.0,-0.09532031249999989,3.099095e-08
144.056,0.0,-0.0955703124999999,3.111595e-08
144.056,0.0,-0.09582031249999988,3.1124e-08
144.056,0.0,-0.09607031249999988,3.1185549999999994e-08
144.056,0.0,-0.09632031249999988,3.12538e-08
144.056,0.0,-0.09657031249999988,3.14641e-08
144.056,0.0,-0.09682031249999988,3.13884e-08
144.056,0.0,-0.09707031249999988,3.1438700000000005e-08
144.056,0.0,-0.09732031249999988,3.15998e-08
144.056,0.0,-0.09757031249999988,3.15816e-08
144.056,0.0,-0.09782031249999988,3.15529e-08
144.056,0.0,-0.09807031249999988,3.157095e-08
144.056,0.0,-0.09832031249999988,3.173535e-08
144.056,0.0,-0.09857031249999988,3.168105e-08
144.056,0.0,-0.09882031249999988,3.15212e-08
144.056,0.0,-0.09907031249999988,3.16086e-08
144.056,0.0,-0.09932031249999988,3.147616666666666e-08
144.056,0.0,-0.09957031249999988,3.14734e-08
144.056,0.0,-0.09982031249999988,3.13209e-08
144.056,0.0,-0.10007031249999988,3.136495e-08
144.056,0.0,-0.10032031249999988,3.12503e-08
144.056,0.0,-0.10057031249999988,3.11231e-08
144.056,0.0,-0.10082031249999988,3.08601e-08
144.056,0.0,-0.10107031249999988,3.0949e-08
144.056,0.0,-0.10132031249999988,3.05675e-08
144.056,0.0,-0.10157031249999988,3.040505e-08
144.056,0.0,-0.10182031249999988,3.00909e-08
144.056,0.0,-0.10207031249999989,2.98472e-08
144.056,0.0,-0.10232031249999989,2.947885e-08
144.056,0.0,-0.10257031249999989,2.90643e-08
144.056,0.0,-0.10282031249999989,2.86753e-08
144.056,0.0,-0.10307031249999989,2.82573e-08
144.056,0.0,-0.10332031249999989,2.77582e-08
144.056,0.0,-0.10357031249999989,2.720375e-08
144.056,0.0,-0.10382031249999989,2.66144e-08
154.039,0.0,0.9309296875000002,5.57624e-09
154.039,0.0,0.9306796875000001,5.665813333333332e-09
154.039,0.0,0.9304296875000001,6.3435533333333325e-09
154.039,0.0,0.9301796875000001,7.78715e-09
154.039,0.0,0.9299296875000002,8.43793e-09
154.039,0.0,0.9296796875000001,8.506745e-09
154.039,0.0,0.9294296875000001,8.604815e-09
154.039,0.0,0.9291796875000001,8.686055e-09
154.039,0.0,0.9289296875000002,8.56067e-09
154.039,0.0,0.9286796875000001,8.65114e-09
154.039,0.0,0.9284296875000001,8.710973333333333e-09
154.039,0.0,0.9281796875000001,8.78606e-09
154.039,0.0,0.9279296875000002,8.895325e-09
154.039,0.0,0.9276796875000001,8.41693e-09
154.039,0.0,0.9274296875000001,8.226215e-09
154.039,0.0,0.9271796875000001,8.873555e-09
154.039,0.0,0.9269296875000002,9.3503e-09
154.039,0.0,0.9266796875000001,9.62384e-09
154.039,0.0,0.9264296875000001,1.0088995e-08
154.039,0.0,0.9261796875000001,1.0661e-08
154.039,0.0,0.9259296875000002,1.142035e-08
154.039,0.0,0.9256796875000001,1.2024e-08
154.039,0.0,0.9254296875000001,1.2648350000000001e-08
154.039,0.0,0.9251796875000001,1.31654e-08
154.039,0.0,0.9249296875000002,1.402965e-08
154.039,0.0,0.9246796875000001,1.46165e-08
154.039,0.0,0.9244296875000001,1.50234e-08
154.039,0.0,0.9241796875000001,1.54639e-08
154.039,0.0,0.9239296875000002,1.5801e-08
154.039,0.0,0.9236796875000001,1.629965e-08
154.039,0.0,0.9234296875000001,1.668105e-08
154.039,0.0,0.9231796875000001,1.70146e-08
154.039,0.0,0.9229296875000002,1.720285e-08
154.039,0.0,0.9226796875000001,1.74252e-08
154.039,0.0,0.9224296875000001,1.7636400000000002e-08
154.039,0.0,0.9221796875000001,1.78106e-08
154.039,0.0,0.9219296875000002,1.7923750000000002e-08
154.039,0.0,0.9216796875000001,1.82466e-08
154.039,0.0,0.9214296875000001,1.843065e-08
154.039,0.0,0.9211796875000001,1.8749e-08
154.039,0.0,0.9209296875000001,1.895995e-08
154.039,0.0,0.9206796875000001,1.946025e-08
154.039,0.0,0.9204296875000001,2.030865e-08
154.039,0.0,0.9201796875000001,2.44685e-08
154.039,0.0,0.9199296875000001,2.4357e-08
154.039,0.0,0.9196796875000001,2.45909e-08
154.039,0.0,0.9194296875000001,2.461355e-08
154.039,0.0,0.9191796875000001,2.4720800000000006e-08
154.039,0.0,0.9189296875000001,2.46501e-08
154.039,0.0,0.9186796875000001,2.46445e-08
154.039,0.0,0.9184296875000001,2.45314e-08
154.039,0.0,0.9181796875000001,2.45039e-08
154.039,0.0,0.9179296875000001,2.43946e-08
154.039,0.0,0.9176796875000001,2.427e-08
154.039,0.0,0.9174296875000001,2.41256e-08
154.039,0.0,0.9171796875000001,2.4242900000000002e-08
154.039,0.0,0.9169296875000001,2.430555e-08
154.039,0.0,0.9166796875000001,2.407825e-08
154.039,0.0,0.9164296875000001,2.42514e-08
154.039,0.0,0.9161796875000001,2.43029e-08
154.039,0.0,0.9159296875000001,2.438305e-08
154.039,0.0,0.9156796875000001,2.4580050000000002e-08
154.039,0.0,0.9154296875000001,2.477545e-08
154.039,0.0,0.9151796875000001,2.50257e-08
154.039,0.0,0.9149296875000001,2.501105e-08
154.039,0.0,0.9146796875000001,2.5111566666666672e-08
154.039,0.0,0.9144296875000001,2.518355e-08
154.039,0.0,0.9141796875000001,2.50804e-08
154.039,0.0,0.9139296875000001,2.517895e-08
154.039,0.0,0.9136796875000001,2.512805e-08
154.039,0.0,0.9134296875000001,2.514925e-08
154.039,0.0,0.9131796875000001,2.529e-08
154.039,0.0,0.9129296875000001,2.518985e-08
154.039,0.0,0.9126796875000001,2.5133200000000002e-08
154.039,0.0,0.9124296875000001,2.51816e-08
154.039,0.0,0.9121796875000001,2.5086e-08
154.039,0.0,0.9119296875000001,2.50706e-08
154.039,0.0,0.9116796875000002,2.49751e-08
154.039,0.0,0.9114296875000001,2.485525e-08
154.039,0.0,0.9111796875000001,2.47962e-08
154.039,0.0,0.9109296875000001,2.472205e-08
154.039,0.0,0.9106796875000002,2.456925e-08
154.039,0.0,0.9104296875000001,2.44544e-08
154.039,0.0,0.9101796875000001,2.4437e-08
154.039,0.0,0.9099296875000001,2.43592e-08
154.039,0.0,0.9096796875000002,2.4324300000000003e-08
154.039,0.0,0.9094296875000001,2.4258e-08
154.039,0.0,0.9091796875000001,2.42955e-08
154.039,0.0,0.9089296875000001,2.41888e-08
154.039,0.0,0.9086796875000002,2.40255e-08
154.039,0.0,0.9084296875000001,2.4016250000000002e-08
154.039,0.0,0.9081796875000001,2.40313e-08
154.039,0.0,0.9079296875000001,2.397715e-08
154.039,0.0,0.9076796875000002,2.39888e-08
154.039,0.0,0.9074296875000001,2.37907e-08
154.039,0.0,0.9071796875000001,2.3926e-08
154.039,0.0,0.9069296875000001,2.38029e-08
154.039,0.0,0.9066796875000002,2.383655e-08
154.039,0.0,0.9064296875000001,2.370175e-08
154.039,0.0,0.9061796875000001,2.36796e-08
154.039,0.0,0.9059296875000001,2.36742e-08
154.039,0.0,0.9056796875000002,2.350903333333333e-08
154.039,0.0,0.9054296875000001,2.34042e-08
154.039,0.0,0.9051796875000001,2.345065e-08
154.039,0.0,0.9049296875000001,2.337815e-08
154.039,0.0,0.9046796875000002,2.326655e-08
154.039,0.0,0.9044296875000001,2.31971e-08
154.039,0.0,0.9041796875000001,2.311095e-08
154.039,0.0,0.9039296875000001,2.313105e-08
154.039,0.0,0.9036796875000002,2.30129e-08
154.039,0.0,0.9034296875000001,2.305945e-08
154.039,0.0,0.9031796875000001,2.29562e-08
154.039,0.0,0.9029296875000001,2.282985e-08
154.039,0.0,0.9026796875000002,2.28622e-08
154.039,0.0,0.9024296875000001,2.27432e-08
154.039,0.0,0.9021796875000001,2.275055e-08
154.039,0.0,0.9019296875000001,2.27594e-08
154.039,0.0,0.9016796875000002,2.26699e-08
154.039,0.0,0.9014296875000001,2.26248e-08
154.039,0.0,0.9011796875000001,2.257485e-08
154.039,0.0,0.9009296875000001,2.248965e-08
154.039,0.0,0.9006796875000002,2.24321e-08
154.039,0.0,0.9004296875000001,2.23938e-08
154.039,0.0,0.9001796875000001,2.22915e-08
154.039,0.0,0.8999296875000001,2.232705e-08
154.039,0.0,0.8996796875000002,2.220235e-08
154.039,0.0,0.8994296875000001,2.22035e-08
154.039,0.0,0.8991796875000001,2.2125500000000002e-08
154.039,0.0,0.8989296875000001,2.2103350000000002e-08
154.039,0.0,0.8986796875000002,2.20329e-08
154.039,0.0,0.8984296875000001,2.1994e-08
154.039,0.0,0.8981796875000001,2.19202e-08
154.039,0.0,0.8979296875000001,2.19548e-08
154.039,0.0,0.8976796875000002,2.18681e-08
154.039,0.0,0.8974296875000001,2.18908e-08
154.039,0.0,0.8971796875000001,2.172655e-08
154.039,0.0,0.8969296875000001,2.1763750000000002e-08
154.039,0.0,0.8966796875000002,2.16566e-08
154.039,0.0,0.8964296875000001,2.16949e-08
154.039,0.0,0.8961796875000001,2.16364e-08
154.039,0.0,0.8959296875000001,2.159025e-08
154.039,0.0,0.8956796875000002,2.1524e-08
154.039,0.0,0.8954296875000001,2.14287e-08
154.039,0.0,0.8951796875000001,2.143715e-08
154.039,0.0,0.8949296875000001,2.14682e-08
154.039,0.0,0.8946796875000002,2.13764e-08
154.039,0.0,0.8944296875000001,2.137875e-08
154.039,0.0,0.8941796875000001,2.13101e-08
154.039,0.0,0.8939296875000001,2.1241e-08
154.039,0.0,0.8936796875000002,2.111185e-08
154.039,0.0,0.8934296875000001,2.11817e-08
154.039,0.0,0.8931796875000001,2.11464e-08
154.039,0.0,0.8929296875000001,2.10255e-08
154.039,0.0,0.8926796875000002,2.10491e-08
154.039,0.0,0.8924296875000001,2.081915e-08
154.039,0.0,0.8921796875000001,2.08558e-08
154.039,0.0,0.8919296875000001,2.076485e-08
154.039,0.0,0.8916796875000002,2.071685e-08
154.039,0.0,0.8914296875000001,2.06263e-08
154.039,0.0,0.8911796875000001,2.06124e-08
154.039,0.0,0.8909296875000001,2.059625e-08
154.039,0.0,0.8906796875000002,2.050195e-08
154.039,0.0,0.8904296875000001,2.06158e-08
154.039,0.0,0.8901796875000001,2.043485e-08
154.039,0.0,0.8899296875000001,2.0453066666666667e-08
154.039,0.0,0.8896796875000001,2.03708e-08
154.039,0.0,0.8894296875000001,2.02399e-08
154.039,0.0,0.8891796875000001,2.014035e-08
154.039,0.0,0.8889296875000001,2.012245e-08
154.039,0.0,0.8886796875000001,2.0039800000000002e-08
154.039,0.0,0.8884296875000001,1.99495e-08
154.039,0.0,0.8881796875000001,2.00022e-08
154.039,0.0,0.8879296875000001,1.9937433333333336e-08
154.039,0.0,0.8876796875000001,1.99827e-08
154.039,0.0,0.8874296875000001,1.98909e-08
154.039,0.0,0.8871796875000001,1.98897e-08
154.039,0.0,0.8869296875000001,1.982695e-08
154.039,0.0,0.8866796875000001,1.97632e-08
154.039,0.0,0.8864296875000001,1.972025e-08
154.039,0.0,0.8861796875000001,1.9713e-08
154.039,0.0,0.8859296875000001,1.94553e-08
154.039,0.0,0.8856796875000001,1.94871e-08
154.039,0.0,0.8854296875000001,1.951395e-08
154.039,0.0,0.8851796875000001,1.935275e-08
154.039,0.0,0.8849296875000001,1.925125e-08
154.039,0.0,0.8846796875000001,1.92948e-08
154.039,0.0,0.8844296875000001,1.924955e-08
154.039,0.0,0.8841796875000001,1.906155e-08
154.039,0.0,0.8839296875000001,1.90805e-08
154.039,0.0,0.8836796875000001,1.92152e-08
154.039,0.0,0.8834296875000001,1.9112466666666667e-08
154.039,0.0,0.8831796875000001,1.9092850000000003e-08
154.039,0.0,0.8829296875000001,1.90512e-08
154.039,0.0,0.8826796875000001,1.90915e-08
154.039,0.0,0.8824296875000001,1.909565e-08
154.039,0.0,0.8821796875000001,1.90381e-08
154.039,0.0,0.8819296875000001,1.89846e-08
154.039,0.0,0.8816796875000001,1.88829e-08
154.039,0.0,0.8814296875000001,1.89417e-08
154.039,0.0,0.8811796875000001,1.87942e-08
154.039,0.0,0.8809296875000001,1.88014e-08
154.039,0.0,0.8806796875000001,1.87564e-08
154.039,0.0,0.8804296875000002,1.87379e-08
154.039,0.0,0.8801796875000001,1.86421e-08
154.039,0.0,0.8799296875000001,1.868565e-08
154.039,0.0,0.8796796875000001,1.86256e-08
154.039,0.0,0.8794296875000002,1.8610050000000002e-08
154.039,0.0,0.8791796875000001,1.860245e-08
154.039,0.0,0.8789296875000001,1.85471e-08
154.039,0.0,0.8786796875000001,1.854485e-08
154.039,0.0,0.8784296875000002,1.84175e-08
154.039,0.0,0.8781796875000001,1.84448e-08
154.039,0.0,0.8779296875000001,1.84641e-08
154.039,0.0,0.8776796875000001,1.83761e-08
154.039,0.0,0.8774296875000002,1.834325e-08
154.039,0.0,0.8771796875000001,1.829185e-08
154.039,0.0,0.8769296875000001,1.832175e-08
154.039,0.0,0.8766796875000001,1.81304e-08
154.039,0.0,0.8764296875000002,1.81587e-08
154.039,0.0,0.8761796875000001,1.81002e-08
154.039,0.0,0.8759296875000001,1.81932e-08
154.039,0.0,0.8756796875000001,1.79818e-08
154.039,0.0,0.8754296875000002,1.79543e-08
154.039,0.0,0.8751796875000001,1.7912000000000002e-08
154.039,0.0,0.8749296875000001,1.786345e-08
154.039,0.0,0.8746796875000001,1.77184e-08
154.039,0.0,0.8744296875000002,1.7745200000000002e-08
154.039,0.0,0.8741796875000001,1.78337e-08
154.039,0.0,0.8739296875000001,1.78246e-08
154.039,0.0,0.8736796875000001,1.767455e-08
154.039,0.0,0.8734296875000002,1.77408e-08
154.039,0.0,0.8731796875000001,1.77039e-08
154.039,0.0,0.8729296875000001,1.784355e-08
154.039,0.0,0.8726796875000001,1.79298e-08
154.039,0.0,0.8724296875000002,1.78171e-08
154.039,0.0,0.8721796875000001,1.77748e-08
154.039,0.0,0.8719296875000001,1.78408e-08
154.039,0.0,0.8716796875000001,1.7742150000000002e-08
154.039,0.0,0.8714296875000002,1.776585e-08
154.039,0.0,0.8711796875000001,1.7810599999999998e-08
154.039,0.0,0.8709296875000001,1.769555e-08
154.039,0.0,0.8706796875000001,1.76421e-08
154.039,0.0,0.8704296875000002,1.7624099999999998e-08
154.039,0.0,0.8701796875000001,1.761345e-08
154.039,0.0,0.8699296875000001,1.746e-08
154.039,0.0,0.8696796875000001,1.74826e-08
154.039,0.0,0.8694296875000002,1.752405e-08
154.039,0.0,0.8691796875000001,1.74194e-08
154.039,0.0,0.8689296875000001,1.75932e-08
154.039,0.0,0.8686796875000001,1.743265e-08
154.039,0.0,0.8684296875000002,1.74658e-08
154.039,0.0,0.8681796875000001,1.75438e-08
154.039,0.0,0.8679296875000001,1.73867e-08
154.039,0.0,0.8676796875000001,1.73844e-08
154.039,0.0,0.8674296875000002,1.739395e-08
154.039,0.0,0.8671796875000001,1.746335e-08
154.039,0.0,0.8669296875000001,1.7366e-08
154.039,0.0,0.8666796875000001,1.730755e-08
154.039,0.0,0.8664296875000002,1.726385e-08
154.039,0.0,0.8661796875000001,1.71706e-08
154.039,0.0,0.8659296875000001,1.71699e-08
154.039,0.0,0.8656796875000001,1.709375e-08
154.039,0.0,0.8654296875000002,1.7024000000000004e-08
154.039,0.0,0.8651796875000001,1.70084e-08
154.039,0.0,0.8649296875000001,1.70359e-08
154.039,0.0,0.8646796875000001,1.6973399999999998e-08
154.039,0.0,0.8644296875000002,1.692965e-08
154.039,0.0,0.8641796875000001,1.6829700000000003e-08
154.039,0.0,0.8639296875000001,1.68514e-08
154.039,0.0,0.8636796875000001,1.6790449999999998e-08
154.039,0.0,0.8634296875000002,1.66413e-08
154.039,0.0,0.8631796875000001,1.67799e-08
154.039,0.0,0.8629296875000001,1.6786049999999998e-08
154.039,0.0,0.8626796875000001,1.673845e-08
154.039,0.0,0.8624296875000002,1.673455e-08
154.039,0.0,0.8621796875000001,1.6653499999999998e-08
154.039,0.0,0.8619296875000001,1.65746e-08
154.039,0.0,0.8616796875000001,1.659985e-08
154.039,0.0,0.8614296875000002,1.67605e-08
154.039,0.0,0.8611796875000001,1.66933e-08
154.039,0.0,0.8609296875000001,1.66463e-08
154.039,0.0,0.8606796875000001,1.6625200000000006e-08
154.039,0.0,0.8604296875000002,1.6497300000000002e-08
154.039,0.0,0.8601796875000001,1.636805e-08
154.039,0.0,0.8599296875000001,1.66476e-08
154.039,0.0,0.8596796875000001,1.667775e-08
154.039,0.0,0.8594296875000002,1.65335e-08
154.039,0.0,0.8591796875000001,1.649035e-08
154.039,0.0,0.8589296875000001,1.66738e-08
154.039,0.0,0.8586796875000001,1.6535666666666667e-08
154.039,0.0,0.8584296875000001,1.65757e-08
154.039,0.0,0.8581796875000001,1.6471000000000002e-08
154.039,0.0,0.8579296875000001,1.64097e-08
154.039,0.0,0.8576796875000001,1.638535e-08
154.039,0.0,0.8574296875000001,1.64857e-08
154.039,0.0,0.8571796875000001,1.634295e-08
154.039,0.0,0.8569296875000001,1.65054e-08
154.039,0.0,0.8566796875000001,1.644e-08
154.039,0.0,0.8564296875000001,1.641625e-08
154.039,0.0,0.8561796875000001,1.6489399999999998e-08
154.039,0.0,0.8559296875000001,1.644795e-08
154.039,0.0,0.8556796875000001,1.63557e-08
154.039,0.0,0.8554296875000001,1.645e-08
154.039,0.0,0.8551796875000001,1.64186e-08
154.039,0.0,0.8549296875000001,1.64209e-08
154.039,0.0,0.8546796875000001,1.63681e-08
154.039,0.0,0.8544296875000001,1.6348000000000002e-08
154.039,0.0,0.8541796875000001,1.63624e-08
154.039,0.0,0.8539296875000001,1.624695e-08
154.039,0.0,0.8536796875000001,1.6460749999999997e-08
154.039,0.0,0.8534296875000001,1.63919e-08
154.039,0.0,0.8531796875000001,1.64757e-08
154.039,0.0,0.8529296875000001,1.64526e-08
154.039,0.0,0.8526796875000001,1.6376799999999997e-08
154.039,0.0,0.8524296875000001,1.635095e-08
154.039,0.0,0.8521796875000001,1.6316849999999998e-08
154.039,0.0,0.8519296875000001,1.63185e-08
154.039,0.0,0.8516796875000001,1.63593e-08
154.039,0.0,0.8514296875000001,1.634305e-08
154.039,0.0,0.8511796875000001,1.63509e-08
154.039,0.0,0.8509296875000001,1.615025e-08
154.039,0.0,0.8506796875000001,1.5966800000000002e-08
154.039,0.0,0.8504296875000001,1.610345e-08
154.039,0.0,0.8501796875000001,1.604885e-08
154.039,0.0,0.8499296875000001,1.61266e-08
154.039,0.0,0.8496796875000001,1.6122749999999998e-08
154.039,0.0,0.8494296875000001,1.60563e-08
154.039,0.0,0.8491796875000002,1.61186e-08
154.039,0.0,0.8489296875000001,1.61407e-08
154.039,0.0,0.8486796875000001,1.6127399999999998e-08
154.039,0.0,0.8484296875000001,1.616635e-08
154.039,0.0,0.8481796875000002,1.60422e-08
154.039,0.0,0.8479296875000001,1.6023249999999998e-08
154.039,0.0,0.8476796875000001,1.6205550000000002e-08
154.039,0.0,0.8474296875000001,1.61936e-08
154.039,0.0,0.8471796875000002,1.6173000000000002e-08
154.039,0.0,0.8469296875000001,1.614035e-08
154.039,0.0,0.8466796875000001,1.6073e-08
154.039,0.0,0.8464296875000001,1.6123099999999997e-08
154.039,0.0,0.8461796875000002,1.60666e-08
154.039,0.0,0.8459296875000001,1.596e-08
154.039,0.0,0.8456796875000001,1.5957049999999998e-08
154.039,0.0,0.8454296875000001,1.60161e-08
154.039,0.0,0.8451796875000002,1.60208e-08
154.039,0.0,0.8449296875000001,1.59336e-08
154.039,0.0,0.8446796875000001,1.594235e-08
154.039,0.0,0.8444296875000001,1.5796200000000002e-08
154.039,0.0,0.8441796875000002,1.58738e-08
154.039,0.0,0.8439296875000001,1.589725e-08
154.039,0.0,0.8436796875000001,1.59548e-08
154.039,0.0,0.8434296875000001,1.589265e-08
154.039,0.0,0.8431796875000002,1.5867e-08
154.039,0.0,0.8429296875000001,1.5838533333333336e-08
154.039,0.0,0.8426796875000001,1.5858049999999998e-08
154.039,0.0,0.8424296875000001,1.582695e-08
154.039,0.0,0.8421796875000002,1.57972e-08
154.039,0.0,0.8419296875000001,1.5819950000000003e-08
154.039,0.0,0.8416796875000001,1.5888100000000002e-08
154.039,0.0,0.8414296875000001,1.58169e-08
154.039,0.0,0.8411796875000002,1.58302e-08
154.039,0.0,0.8409296875000001,1.58871e-08
154.039,0.0,0.8406796875000001,1.587175e-08
154.039,0.0,0.8404296875000001,1.5939366666666667e-08
154.039,0.0,0.8401796875000002,1.58833e-08
154.039,0.0,0.8399296875000001,1.5938150000000002e-08
154.039,0.0,0.8396796875000001,1.5828e-08
154.039,0.0,0.8394296875000001,1.5801999999999998e-08
154.039,0.0,0.8391796875000002,1.57296e-08
154.039,0.0,0.8389296875000001,1.581385e-08
154.039,0.0,0.8386796875000001,1.576865e-08
154.039,0.0,0.8384296875000001,1.55935e-08
154.039,0.0,0.8381796875000002,1.565225e-08
154.039,0.0,0.8379296875000001,1.5736350000000002e-08
154.039,0.0,0.8376796875000001,1.55852e-08
154.039,0.0,0.8374296875000001,1.5657099999999998e-08
154.039,0.0,0.8371796875000002,1.56177e-08
154.039,0.0,0.8369296875000001,1.56985e-08
154.039,0.0,0.8366796875000001,1.57783e-08
154.039,0.0,0.8364296875000001,1.574965e-08
154.039,0.0,0.8361796875000002,1.58268e-08
154.039,0.0,0.8359296875000001,1.57505e-08
154.039,0.0,0.8356796875000001,1.5754266666666667e-08
154.039,0.0,0.8354296875000001,1.577595e-08
154.039,0.0,0.8351796875000002,1.57617e-08
154.039,0.0,0.8349296875000001,1.57505e-08
154.039,0.0,0.8346796875000001,1.5875e-08
154.039,0.0,0.8344296875000001,1.57108e-08
154.039,0.0,0.8341796875000002,1.5712e-08
154.039,0.0,0.8339296875000001,1.56815e-08
154.039,0.0,0.8336796875000001,1.57259e-08
154.039,0.0,0.8334296875000001,1.57507e-08
154.039,0.0,0.8331796875000002,1.560395e-08
154.039,0.0,0.8329296875000001,1.5583049999999997e-08
154.039,0.0,0.8326796875000001,1.56235e-08
154.039,0.0,0.8324296875000001,1.560235e-08
154.039,0.0,0.8321796875000002,1.54401e-08
154.039,0.0,0.8319296875000001,1.5529650000000002e-08
154.039,0.0,0.8316796875000001,1.542655e-08
154.039,0.0,0.8314296875000001,1.5471449999999998e-08
154.039,0.0,0.8311796875000002,1.5519750000000002e-08
154.039,0.0,0.8309296875000001,1.550405e-08
154.039,0.0,0.8306796875000001,1.545385e-08
154.039,0.0,0.8304296875000001,1.5536e-08
154.039,0.0,0.8301796875000002,1.5454199999999998e-08
154.039,0.0,0.8299296875000001,1.55079e-08
154.039,0.0,0.8296796875000001,1.550485e-08
154.039,0.0,0.8294296875000001,1.548265e-08
154.039,0.0,0.8291796875000002,1.55776e-08
154.039,0.0,0.8289296875000001,1.55148e-08
154.039,0.0,0.8286796875000001,1.5561350000000002e-08
154.039,0.0,0.8284296875000001,1.55125e-08
154.039,0.0,0.8281796875000002,1.547885e-08
154.039,0.0,0.8279296875000001,1.552985e-08
154.039,0.0,0.8276796875000001,1.5518e-08
154.039,0.0,0.8274296875000001,1.548305e-08
154.039,0.0,0.8271796875000001,1.54572e-08
154.039,0.0,0.8269296875000001,1.5539849999999997e-08
154.039,0.0,0.8266796875000001,1.543265e-08
154.039,0.0,0.8264296875000001,1.55835e-08
154.039,0.0,0.8261796875000001,1.54801e-08
154.039,0.0,0.8259296875000001,1.552985e-08
154.039,0.0,0.8256796875000001,1.54244e-08
154.039,0.0,0.8254296875000001,1.55859e-08
154.039,0.0,0.8251796875000001,1.553795e-08
154.039,0.0,0.8249296875000001,1.549675e-08
154.039,0.0,0.8246796875000001,1.5503466666666668e-08
154.039,0.0,0.8244296875000001,1.56333e-08
154.039,0.0,0.8241796875000001,1.534875e-08
154.039,0.0,0.8239296875000001,1.5509749999999998e-08
154.039,0.0,0.8236796875000001,1.548585e-08
154.039,0.0,0.8234296875000001,1.54843e-08
154.039,0.0,0.8231796875000001,1.5558199999999997e-08
154.039,0.0,0.8229296875000001,1.550705e-08
154.039,0.0,0.8226796875000001,1.54765e-08
154.039,0.0,0.8224296875000001,1.54619e-08
154.039,0.0,0.8221796875000001,1.547115e-08
154.039,0.0,0.8219296875000001,1.5531299999999998e-08
154.039,0.0,0.8216796875000001,1.546275e-08
154.039,0.0,0.8214296875000001,1.54237e-08
154.039,0.0,0.8211796875000001,1.5320750000000002e-08
154.039,0.0,0.8209296875000001,1.53115e-08
154.039,0.0,0.8206796875000001,1.5319050000000002e-08
154.039,0.0,0.8204296875000001,1.543265e-08
154.039,0.0,0.8201796875000001,1.53805e-08
154.039,0.0,0.8199296875000001,1.538795e-08
154.039,0.0,0.8196796875000001,1.534415e-08
154.039,0.0,0.8194296875000001,1.53459e-08
154.039,0.0,0.8191796875000001,1.533815e-08
154.039,0.0,0.8189296875000001,1.5426899999999998e-08
154.039,0.0,0.8186796875000001,1.5432500000000003e-08
154.039,0.0,0.8184296875000001,1.53805e-08
154.039,0.0,0.8181796875000001,1.53535e-08
154.039,0.0,0.8179296875000002,1.542e-08
154.039,0.0,0.8176796875000001,1.5322600000000002e-08
154.039,0.0,0.8174296875000001,1.53914e-08
154.039,0.0,0.8171796875000001,1.52703e-08
154.039,0.0,0.8169296875000002,1.5239299999999998e-08
154.039,0.0,0.8166796875000001,1.52969e-08
154.039,0.0,0.8164296875000001,1.53108e-08
154.039,0.0,0.8161796875000001,1.530805e-08
154.039,0.0,0.8159296875000002,1.523645e-08
154.039,0.0,0.8156796875000001,1.529255e-08
154.039,0.0,0.8154296875000001,1.527865e-08
154.039,0.0,0.8151796875000001,1.53592e-08
154.039,0.0,0.8149296875000002,1.5309549999999998e-08
154.039,0.0,0.8146796875000001,1.536855e-08
154.039,0.0,0.8144296875000001,1.53701e-08
154.039,0.0,0.8141796875000001,1.5397399999999997e-08
154.039,0.0,0.8139296875000002,1.5315299999999998e-08
154.039,0.0,0.8136796875000001,1.543155e-08
154.039,0.0,0.8134296875000001,1.5283349999999998e-08
154.039,0.0,0.8131796875000001,1.5360699999999998e-08
154.039,0.0,0.8129296875000002,1.537515e-08
154.039,0.0,0.8126796875000001,1.52255e-08
154.039,0.0,0.8124296875000001,1.53081e-08
154.039,0.0,0.8121796875000001,1.53462e-08
154.039,0.0,0.8119296875000002,1.525835e-08
154.039,0.0,0.8116796875000001,1.536435e-08
154.039,0.0,0.8114296875000001,1.57843e-08
154.039,0.0,0.8111796875000001,1.53174e-08
154.039,0.0,0.8109296875000002,1.5399e-08
154.039,0.0,0.8106796875000001,1.55185e-08
154.039,0.0,0.8104296875000001,1.554425e-08
154.039,0.0,0.8101796875000001,1.535415e-08
154.039,0.0,0.8099296875000002,1.53546e-08
154.039,0.0,0.8096796875000001,1.54877e-08
154.039,0.0,0.8094296875000001,1.5541400000000002e-08
154.039,0.0,0.8091796875000001,1.54124e-08
154.039,0.0,0.8089296875000002,1.53941e-08
154.039,0.0,0.8086796875000001,1.55441e-08
154.039,0.0,0.8084296875000001,1.53989e-08
154.039,0.0,0.8081796875000001,1.545275e-08
154.039,0.0,0.8079296875000002,1.5412099999999998e-08
154.039,0.0,0.8076796875000001,1.55661e-08
154.039,0.0,0.8074296875000001,1.534535e-08
154.039,0.0,0.8071796875000001,1.5273199999999998e-08
154.039,0.0,0.8069296875000002,1.5256799999999998e-08
154.039,0.0,0.8066796875000001,1.52694e-08
154.039,0.0,0.8064296875000001,1.5178849999999998e-08
154.039,0.0,0.8061796875000001,1.5625649999999998e-08
154.039,0.0,0.8059296875000002,1.54097e-08
154.039,0.0,0.8056796875000001,1.55848e-08
154.039,0.0,0.8054296875000001,1.535965e-08
154.039,0.0,0.8051796875000001,1.533015e-08
154.039,0.0,0.8049296875000002,1.5218450000000002e-08
154.039,0.0,0.8046796875000001,1.5418949999999998e-08
154.039,0.0,0.8044296875000001,1.51976e-08
154.039,0.0,0.8041796875000001,1.529675e-08
154.039,0.0,0.8039296875000002,1.5169000000000002e-08
154.039,0.0,0.8036796875000001,1.51656e-08
154.039,0.0,0.8034296875000001,1.522245e-08
154.039,0.0,0.8031796875000001,1.519375e-08
154.039,0.0,0.8029296875000002,1.52331e-08
154.039,0.0,0.8026796875000001,1.50889e-08
154.039,0.0,0.8024296875000001,1.5210399999999997e-08
154.039,0.0,0.8021796875000001,1.5140299999999998e-08
154.039,0.0,0.8019296875000002,1.5290866666666673e-08
154.039,0.0,0.8016796875000001,1.51996e-08
154.039,0.0,0.8014296875000001,1.5111850000000002e-08
154.039,0.0,0.8011796875000001,1.5173449999999997e-08
154.039,0.0,0.8009296875000002,1.522605e-08
154.039,0.0,0.8006796875000001,1.51173e-08
154.039,0.0,0.8004296875000001,1.5287e-08
154.039,0.0,0.8001796875000001,1.522305e-08
154.039,0.0,0.7999296875000002,1.515015e-08
154.039,0.0,0.7996796875000001,1.51156e-08
154.039,0.0,0.7994296875000001,1.51904e-08
154.039,0.0,0.7991796875000001,1.522845e-08
154.039,0.0,0.7989296875000002,1.51844e-08
154.039,0.0,0.7986796875000001,1.52445e-08
154.039,0.0,0.7984296875000001,1.5170850000000002e-08
154.039,0.0,0.7981796875000001,1.517695e-08
154.039,0.0,0.7979296875000002,1.519665e-08
154.039,0.0,0.7976796875000001,1.51642e-08
154.039,0.0,0.7974296875000001,1.520175e-08
154.039,0.0,0.7971796875000001,1.518e-08
154.039,0.0,0.7969296875000002,1.511885e-08
154.039,0.0,0.7966796875000001,1.50989e-08
154.039,0.0,0.7964296875000001,1.522475e-08
154.039,0.0,0.7961796875000001,1.531495e-08
154.039,0.0,0.7959296875000001,1.522815e-08
154.039,0.0,0.7956796875000001,1.51503e-08
154.039,0.0,0.7954296875000001,1.5091099999999998e-08
154.039,0.0,0.7951796875000001,1.527855e-08
154.039,0.0,0.7949296875000001,1.52449e-08
154.039,0.0,0.7946796875000001,1.530515e-08
154.039,0.0,0.7944296875000001,1.527135e-08
154.039,0.0,0.7941796875000001,1.51712e-08
154.039,0.0,0.7939296875000001,1.5192799999999998e-08
154.039,0.0,0.7936796875000001,1.5089e-08
154.039,0.0,0.7934296875000001,1.51715e-08
154.039,0.0,0.7931796875000001,1.5249949999999998e-08
154.039,0.0,0.7929296875000001,1.51102e-08
154.039,0.0,0.7926796875000001,1.517485e-08
154.039,0.0,0.7924296875000001,1.516385e-08
154.039,0.0,0.7921796875000001,1.5179949999999998e-08
154.039,0.0,0.7919296875000001,1.5254e-08
154.039,0.0,0.7916796875000001,1.5095950000000002e-08
154.039,0.0,0.7914296875000001,1.50099e-08
154.039,0.0,0.7911796875000001,1.48489e-08
154.039,0.0,0.7909296875000001,1.502355e-08
154.039,0.0,0.7906796875000001,1.51048e-08
154.039,0.0,0.7904296875000001,1.50474e-08
154.039,0.0,0.7901796875000001,1.49223e-08
154.039,0.0,0.7899296875000001,1.50157e-08
154.039,0.0,0.7896796875000001,1.51096e-08
154.039,0.0,0.7894296875000001,1.5056050000000002e-08
154.039,0.0,0.7891796875000001,1.49882e-08
154.039,0.0,0.7889296875000001,1.51745e-08
154.039,0.0,0.7886796875000001,1.4913e-08
154.039,0.0,0.7884296875000001,1.505455e-08
154.039,0.0,0.7881796875000001,1.50168e-08
154.039,0.0,0.7879296875000001,1.50859e-08
154.039,0.0,0.7876796875000001,1.493055e-08
154.039,0.0,0.7874296875000001,1.500635e-08
154.039,0.0,0.7871796875000001,1.503205e-08
154.039,0.0,0.7869296875000001,1.50588e-08
154.039,0.0,0.7866796875000002,1.502415e-08
154.039,0.0,0.7864296875000001,1.4955866666666663e-08
154.039,0.0,0.7861796875000001,1.499095e-08
154.039,0.0,0.7859296875000001,1.49997e-08
154.039,0.0,0.7856796875000002,1.5007100000000002e-08
154.039,0.0,0.7854296875000001,1.503935e-08
154.039,0.0,0.7851796875000001,1.50209e-08
154.039,0.0,0.7849296875000001,1.49489e-08
154.039,0.0,0.7846796875000002,1.4990499999999998e-08
154.039,0.0,0.7844296875000001,1.499725e-08
154.039,0.0,0.7841796875000001,1.4957099999999998e-08
154.039,0.0,0.7839296875000001,1.50677e-08
154.039,0.0,0.7836796875000002,1.48927e-08
154.039,0.0,0.7834296875000001,1.4994250000000002e-08
154.039,0.0,0.7831796875000001,1.49696e-08
154.039,0.0,0.7829296875000001,1.50121e-08
154.039,0.0,0.7826796875000002,1.5011799999999998e-08
154.039,0.0,0.7824296875000001,1.507805e-08
154.039,0.0,0.7821796875000001,1.50323e-08
154.039,0.0,0.7819296875000001,1.497765e-08
154.039,0.0,0.7816796875000002,1.49974e-08
154.039,0.0,0.7814296875000001,1.5032550000000002e-08
154.039,0.0,0.7811796875000001,1.49978e-08
154.039,0.0,0.7809296875000001,1.50073e-08
154.039,0.0,0.7806796875000002,1.5042749999999998e-08
154.039,0.0,0.7804296875000001,1.499555e-08
154.039,0.0,0.7801796875000001,1.476535e-08
154.039,0.0,0.7799296875000001,1.53719e-08
154.039,0.0,0.7796796875000002,1.5192133333333336e-08
154.039,0.0,0.7794296875000001,1.5105299999999998e-08
154.039,0.0,0.7791796875000001,1.50719e-08
154.039,0.0,0.7789296875000001,1.48835e-08
154.039,0.0,0.7786796875000002,1.5039e-08
154.039,0.0,0.7784296875000001,1.508295e-08
154.039,0.0,0.7781796875000001,1.499015e-08
154.039,0.0,0.7779296875000001,1.49737e-08
154.039,0.0,0.7776796875000002,1.501945e-08
154.039,0.0,0.7774296875000001,1.4825e-08
154.039,0.0,0.7771796875000001,1.49202e-08
154.039,0.0,0.7769296875000001,1.48318e-08
154.039,0.0,0.7766796875000002,1.510585e-08
154.039,0.0,0.7764296875000001,1.49341e-08
154.039,0.0,0.7761796875000001,1.48125e-08
154.039,0.0,0.7759296875000001,1.48059e-08
154.039,0.0,0.7756796875000002,1.487375e-08
154.039,0.0,0.7754296875000001,1.49123e-08
154.039,0.0,0.7751796875000001,1.473955e-08
154.039,0.0,0.7749296875000001,1.494495e-08
154.039,0.0,0.7746796875000002,1.4889e-08
154.039,0.0,0.7744296875000001,1.482955e-08
154.039,0.0,0.7741796875000001,1.50325e-08
154.039,0.0,0.7739296875000001,1.501465e-08
154.039,0.0,0.7736796875000002,1.48635e-08
154.039,0.0,0.7734296875000001,1.48886e-08
154.039,0.0,0.7731796875000001,1.488295e-08
154.039,0.0,0.7729296875000001,1.50906e-08
154.039,0.0,0.7726796875000002,1.4985900000000004e-08
154.039,0.0,0.7724296875000001,1.4909200000000002e-08
154.039,0.0,0.7721796875000001,1.50582e-08
154.039,0.0,0.7719296875000001,1.487535e-08
154.039,0.0,0.7716796875000002,1.49769e-08
154.039,0.0,0.7714296875000001,1.491305e-08
154.039,0.0,0.7711796875000001,1.4906e-08
154.039,0.0,0.7709296875000001,1.50294e-08
154.039,0.0,0.7706796875000002,1.48415e-08
154.039,0.0,0.7704296875000001,1.49646e-08
154.039,0.0,0.7701796875000001,1.49202e-08
154.039,0.0,0.7699296875000001,1.4857e-08
154.039,0.0,0.7696796875000002,1.492705e-08
154.039,0.0,0.7694296875000001,1.493015e-08
154.039,0.0,0.7691796875000001,1.49549e-08
154.039,0.0,0.7689296875000001,1.4994000000000002e-08
154.039,0.0,0.7686796875000002,1.50755e-08
154.039,0.0,0.7684296875000001,1.5042933333333332e-08
154.039,0.0,0.7681796875000001,1.50919e-08
154.039,0.0,0.7679296875000001,1.52172e-08
154.039,0.0,0.7676796875000002,1.5068699999999998e-08
154.039,0.0,0.7674296875000001,1.51642e-08
154.039,0.0,0.7671796875000001,1.5147e-08
154.039,0.0,0.7669296875000001,1.5223999999999998e-08
154.039,0.0,0.7666796875000002,1.503525e-08
154.039,0.0,0.7664296875000001,1.5081500000000002e-08
154.039,0.0,0.7661796875000001,1.50584e-08
154.039,0.0,0.7659296875000001,1.5012600000000002e-08
154.039,0.0,0.7656796875000002,1.514315e-08
154.039,0.0,0.7654296875000001,1.50606e-08
154.039,0.0,0.7651796875000001,1.51985e-08
154.039,0.0,0.7649296875000001,1.5012000000000002e-08
154.039,0.0,0.7646796875000001,1.49095e-08
154.039,0.0,0.7644296875000001,1.495725e-08
154.039,0.0,0.7641796875000001,1.49425e-08
154.039,0.0,0.7639296875000001,1.48965e-08
154.039,0.0,0.7636796875000001,1.499855e-08
154.039,0.0,0.7634296875000001,1.4907399999999998e-08
154.039,0.0,0.7631796875000001,1.50009e-08
154.039,0.0,0.7629296875000001,1.49714e-08
154.039,0.0,0.7626796875000001,1.49357e-08
154.039,0.0,0.7624296875000001,1.50584e-08
154.039,0.0,0.7621796875000001,1.51448e-08
154.039,0.0,0.7619296875000001,1.51267e-08
154.039,0.0,0.7616796875000001,1.508215e-08
154.039,0.0,0.7614296875000001,1.5044933333333334e-08
154.039,0.0,0.7611796875000001,1.49954e-08
154.039,0.0,0.7609296875000001,1.50526e-08
154.039,0.0,0.7606796875000001,1.506065e-08
154.039,0.0,0.7604296875000001,1.50752e-08
154.039,0.0,0.7601796875000001,1.50749e-08
154.039,0.0,0.7599296875000001,1.50626e-08
154.039,0.0,0.7596796875000001,1.505435e-08
154.039,0.0,0.7594296875000001,1.49893e-08
154.039,0.0,0.7591796875000001,1.48576e-08
154.039,0.0,0.7589296875000001,1.493995e-08
154.039,0.0,0.7586796875000001,1.485275e-08
154.039,0.0,0.7584296875000001,1.4960100000000002e-08
154.039,0.0,0.7581796875000001,1.49094e-08
154.039,0.0,0.7579296875000001,1.492355e-08
154.039,0.0,0.7576796875000001,1.493095e-08
154.039,0.0,0.7574296875000001,1.49408e-08
154.039,0.0,0.7571796875000001,1.49279e-08
154.039,0.0,0.7569296875000001,1.4903866666666667e-08
154.039,0.0,0.7566796875000001,1.493025e-08
154.039,0.0,0.7564296875000001,1.49088e-08
154.039,0.0,0.7561796875000001,1.49175e-08
154.039,0.0,0.7559296875000001,1.489825e-08
154.039,0.0,0.7556796875000001,1.5037950000000003e-08
154.039,0.0,0.7554296875000002,1.49893e-08
154.039,0.0,0.7551796875000001,1.49373e-08
154.039,0.0,0.7549296875000001,1.498355e-08
154.039,0.0,0.7546796875000001,1.498215e-08
154.039,0.0,0.7544296875000002,1.494295e-08
154.039,0.0,0.7541796875000001,1.497095e-08
154.039,0.0,0.7539296875000001,1.4997550000000002e-08
154.039,0.0,0.7536796875000001,1.498575e-08
154.039,0.0,0.7534296875000002,1.51483e-08
154.039,0.0,0.7531796875000001,1.50602e-08
154.039,0.0,0.7529296875000001,1.5151799999999998e-08
154.039,0.0,0.7526796875000001,1.50997e-08
154.039,0.0,0.7524296875000002,1.5009e-08
154.039,0.0,0.7521796875000001,1.51407e-08
154.039,0.0,0.7519296875000001,1.51385e-08
154.039,0.0,0.7516796875000001,1.5012000000000002e-08
154.039,0.0,0.7514296875000002,1.49585e-08
154.039,0.0,0.7511796875000001,1.51276e-08
154.039,0.0,0.7509296875000001,1.5046799999999998e-08
154.039,0.0,0.7506796875000001,1.5061849999999998e-08
154.039,0.0,0.7504296875000002,1.508555e-08
154.039,0.0,0.7501796875000001,1.5161050000000002e-08
154.039,0.0,0.7499296875000001,1.511915e-08
154.039,0.0,0.7496796875000001,1.51306e-08
154.039,0.0,0.7494296875000002,1.50731e-08
154.039,0.0,0.7491796875000001,1.516415e-08
154.039,0.0,0.7489296875000001,1.5106350000000002e-08
154.039,0.0,0.7486796875000001,1.504835e-08
154.039,0.0,0.7484296875000002,1.510115e-08
154.039,0.0,0.7481796875000001,1.51021e-08
154.039,0.0,0.7479296875000001,1.5204500000000002e-08
154.039,0.0,0.7476796875000001,1.523015e-08
154.039,0.0,0.7474296875000002,1.50267e-08
154.039,0.0,0.7471796875000001,1.51481e-08
154.039,0.0,0.7469296875000001,1.508075e-08
154.039,0.0,0.7466796875000001,1.51882e-08
154.039,0.0,0.7464296875000002,1.5104e-08
154.039,0.0,0.7461796875000001,1.505725e-08
154.039,0.0,0.7459296875000001,1.50904e-08
154.039,0.0,0.7456796875000001,1.5121166666666665e-08
154.039,0.0,0.7454296875000002,1.51416e-08
154.039,0.0,0.7451796875000001,1.505235e-08
154.039,0.0,0.7449296875000001,1.509995e-08
154.039,0.0,0.7446796875000001,1.499435e-08
154.039,0.0,0.7444296875000002,1.50508e-08
154.039,0.0,0.7441796875000001,1.5130249999999997e-08
154.039,0.0,0.7439296875000001,1.516525e-08
154.039,0.0,0.7436796875000001,1.51413e-08
154.039,0.0,0.7434296875000002,1.495185e-08
154.039,0.0,0.7431796875000001,1.5057e-08
154.039,0.0,0.7429296875000001,1.50723e-08
154.039,0.0,0.7426796875000001,1.49775e-08
154.039,0.0,0.7424296875000002,1.51596e-08
154.039,0.0,0.7421796875000001,1.505395e-08
154.039,0.0,0.7419296875000001,1.512605e-08
154.039,0.0,0.7416796875000001,1.505135e-08
154.039,0.0,0.7414296875000002,1.51298e-08
154.039,0.0,0.7411796875000001,1.50377e-08
154.039,0.0,0.7409296875000001,1.504315e-08
154.039,0.0,0.7406796875000001,1.5157299999999998e-08
154.039,0.0,0.7404296875000002,1.50878e-08
154.039,0.0,0.7401796875000001,1.51238e-08
154.039,0.0,0.7399296875000001,1.5185449999999998e-08
154.039,0.0,0.7396796875000001,1.512085e-08
154.039,0.0,0.7394296875000002,1.52041e-08
154.039,0.0,0.7391796875000001,1.51189e-08
154.039,0.0,0.7389296875000001,1.5120133333333334e-08
154.039,0.0,0.7386796875000001,1.50922e-08
154.039,0.0,0.7384296875000002,1.5328950000000002e-08
154.039,0.0,0.7381796875000001,1.5194100000000002e-08
154.039,0.0,0.7379296875000001,1.514705e-08
154.039,0.0,0.7376796875000001,1.51464e-08
154.039,0.0,0.7374296875000002,1.50943e-08
154.039,0.0,0.7371796875000001,1.5134049999999998e-08
154.039,0.0,0.7369296875000001,1.51783e-08
154.039,0.0,0.7366796875000001,1.51699e-08
154.039,0.0,0.7364296875000002,1.51931e-08
154.039,0.0,0.7361796875000001,1.5171749999999998e-08
154.039,0.0,0.7359296875000001,1.5220400000000002e-08
154.039,0.0,0.7356796875000001,1.51824e-08
154.039,0.0,0.7354296875000002,1.52005e-08
154.039,0.0,0.7351796875000001,1.512595e-08
154.039,0.0,0.7349296875000001,1.53311e-08
154.039,0.0,0.7346796875000001,1.5191e-08
154.039,0.0,0.7344296875000002,1.528055e-08
154.039,0.0,0.7341796875000001,1.520905e-08
154.039,0.0,0.7339296875000001,1.52876e-08
154.039,0.0,0.7336796875000001,1.5303e-08
154.039,0.0,0.7334296875000001,1.5320650000000003e-08
154.039,0.0,0.7331796875000001,1.53302e-08
154.039,0.0,0.7329296875000001,1.536245e-08
154.039,0.0,0.7326796875000001,1.5423e-08
154.039,0.0,0.7324296875000001,1.524865e-08
154.039,0.0,0.7321796875000001,1.5292000000000002e-08
154.039,0.0,0.7319296875000001,1.5253733333333332e-08
154.039,0.0,0.7316796875000001,1.52158e-08
154.039,0.0,0.7314296875000001,1.526155e-08
154.039,0.0,0.7311796875000001,1.52079e-08
154.039,0.0,0.7309296875000001,1.5327850000000002e-08
154.039,0.0,0.7306796875000001,1.51708e-08
154.039,0.0,0.7304296875000001,1.5256299999999997e-08
154.039,0.0,0.7301796875000001,1.52927e-08
154.039,0.0,0.7299296875000001,1.5413400000000002e-08
154.039,0.0,0.7296796875000001,1.53468e-08
154.039,0.0,0.7294296875000001,1.532005e-08
154.039,0.0,0.7291796875000001,1.5316000000000003e-08
154.039,0.0,0.7289296875000001,1.52697e-08
154.039,0.0,0.7286796875000001,1.52467e-08
154.039,0.0,0.7284296875000001,1.5384199999999998e-08
154.039,0.0,0.7281796875000001,1.53332e-08
154.039,0.0,0.7279296875000001,1.54199e-08
154.039,0.0,0.7276796875000001,1.53687e-08
154.039,0.0,0.7274296875000001,1.5391299999999998e-08
154.039,0.0,0.7271796875000001,1.542325e-08
154.039,0.0,0.7269296875000001,1.542085e-08
154.039,0.0,0.7266796875000001,1.54019e-08
154.039,0.0,0.7264296875000001,1.53083e-08
154.039,0.0,0.7261796875000001,1.540795e-08
154.039,0.0,0.7259296875000001,1.53854e-08
154.039,0.0,0.7256796875000001,1.5283349999999998e-08
154.039,0.0,0.7254296875000001,1.54447e-08
154.039,0.0,0.7251796875000001,1.532805e-08
154.039,0.0,0.7249296875000001,1.535975e-08
154.039,0.0,0.7246796875000001,1.5225e-08
154.039,0.0,0.7244296875000001,1.538845e-08
154.039,0.0,0.7241796875000002,1.530295e-08
154.039,0.0,0.7239296875000001,1.5388599999999998e-08
154.039,0.0,0.7236796875000001,1.53563e-08
154.039,0.0,0.7234296875000001,1.5385299999999998e-08
154.039,0.0,0.7231796875000002,1.54284e-08
154.039,0.0,0.7229296875000001,1.5414366666666667e-08
154.039,0.0,0.7226796875000001,1.53063e-08
154.039,0.0,0.7224296875000001,1.54098e-08
154.039,0.0,0.7221796875000002,1.5560049999999998e-08
154.039,0.0,0.7219296875000001,1.5459449999999998e-08
154.039,0.0,0.7216796875000001,1.5548e-08
154.039,0.0,0.7214296875000001,1.543235e-08
154.039,0.0,0.7211796875000002,1.55011e-08
154.039,0.0,0.7209296875000001,1.5383e-08
154.039,0.0,0.7206796875000001,1.534085e-08
154.039,0.0,0.7204296875000001,1.545185e-08
154.039,0.0,0.7201796875000002,1.540865e-08
154.039,0.0,0.7199296875000001,1.5537049999999998e-08
154.039,0.0,0.7196796875000001,1.54589e-08
154.039,0.0,0.7194296875000001,1.5490500000000002e-08
154.039,0.0,0.7191796875000002,1.549905e-08
154.039,0.0,0.7189296875000001,1.547395e-08
154.039,0.0,0.7186796875000001,1.554045e-08
154.039,0.0,0.7184296875000001,1.562015e-08
154.039,0.0,0.7181796875000002,1.5554750000000002e-08
154.039,0.0,0.7179296875000001,1.56082e-08
154.039,0.0,0.7176796875000001,1.557195e-08
154.039,0.0,0.7174296875000001,1.554335e-08
154.039,0.0,0.7171796875000002,1.5406949999999998e-08
154.039,0.0,0.7169296875000001,1.55219e-08
154.039,0.0,0.7166796875000001,1.54292e-08
154.039,0.0,0.7164296875000001,1.56098e-08
154.039,0.0,0.7161796875000002,1.543905e-08
154.039,0.0,0.7159296875000001,1.5536150000000002e-08
154.039,0.0,0.7156796875000001,1.559125e-08
154.039,0.0,0.7154296875000001,1.55986e-08
154.039,0.0,0.7151796875000002,1.5607250000000002e-08
154.039,0.0,0.7149296875000001,1.54899e-08
154.039,0.0,0.7146796875000001,1.55739e-08
154.039,0.0,0.7144296875000001,1.568465e-08
154.039,0.0,0.7141796875000002,1.55719e-08
154.039,0.0,0.7139296875000001,1.56591e-08
154.039,0.0,0.7136796875000001,1.56288e-08
154.039,0.0,0.7134296875000001,1.5571049999999997e-08
154.039,0.0,0.7131796875000002,1.55158e-08
154.039,0.0,0.7129296875000001,1.55633e-08
154.039,0.0,0.7126796875000001,1.549445e-08
154.039,0.0,0.7124296875000001,1.5380149999999998e-08
154.039,0.0,0.7121796875000002,1.53677e-08
154.039,0.0,0.7119296875000001,1.543755e-08
154.039,0.0,0.7116796875000001,1.534165e-08
154.039,0.0,0.7114296875000001,1.542505e-08
154.039,0.0,0.7111796875000002,1.536735e-08
154.039,0.0,0.7109296875000001,1.54235e-08
154.039,0.0,0.7106796875000001,1.531335e-08
154.039,0.0,0.7104296875000001,1.534105e-08
154.039,0.0,0.7101796875000002,1.534585e-08
154.039,0.0,0.7099296875000001,1.5539450000000002e-08
154.039,0.0,0.7096796875000001,1.54522e-08
154.039,0.0,0.7094296875000001,1.547445e-08
154.039,0.0,0.7091796875000002,1.555575e-08
154.039,0.0,0.7089296875000001,1.54303e-08
154.039,0.0,0.7086796875000001,1.5549649999999998e-08
154.039,0.0,0.7084296875000001,1.5594150000000002e-08
154.039,0.0,0.7081796875000002,1.546955e-08
154.039,0.0,0.7079296875000001,1.5479649999999998e-08
154.039,0.0,0.7076796875000001,1.55969e-08
154.039,0.0,0.7074296875000001,1.554855e-08
154.039,0.0,0.7071796875000002,1.559475e-08
154.039,0.0,0.7069296875000001,1.55037e-08
154.039,0.0,0.7066796875000001,1.54787e-08
154.039,0.0,0.7064296875000001,1.5474e-08
154.039,0.0,0.7061796875000002,1.551045e-08
154.039,0.0,0.7059296875000001,1.56577e-08
154.039,0.0,0.7056796875000001,1.55083e-08
154.039,0.0,0.7054296875000001,1.554475e-08
154.039,0.0,0.7051796875000002,1.557485e-08
154.039,0.0,0.7049296875000001,1.56153e-08
154.039,0.0,0.7046796875000001,1.55973e-08
154.039,0.0,0.7044296875000001,1.55455e-08
154.039,0.0,0.7041796875000002,1.57547e-08
154.039,0.0,0.7039296875000001,1.57609e-08
154.039,0.0,0.7036796875000001,1.56658e-08
154.039,0.0,0.7034296875000001,1.563465e-08
154.039,0.0,0.7031796875000002,1.5569849999999998e-08
154.039,0.0,0.7029296875000001,1.563535e-08
154.039,0.0,0.7026796875000001,1.56094e-08
154.039,0.0,0.7024296875000001,1.559205e-08
154.039,0.0,0.7021796875000001,1.5741299999999998e-08
154.039,0.0,0.7019296875000001,1.56081e-08
154.039,0.0,0.7016796875000001,1.56766e-08
154.039,0.0,0.7014296875000001,1.565695e-08
154.039,0.0,0.7011796875000001,1.574335e-08
154.039,0.0,0.7009296875000001,1.572255e-08
154.039,0.0,0.7006796875000001,1.562255e-08
154.039,0.0,0.7004296875000001,1.57929e-08
154.039,0.0,0.7001796875000001,1.56793e-08
154.039,0.0,0.6999296875000001,1.55344e-08
154.039,0.0,0.6996796875000001,1.55365e-08
154.039,0.0,0.6994296875000001,1.55153e-08
154.039,0.0,0.6991796875000001,1.538655e-08
154.039,0.0,0.6989296875000001,1.553e-08
154.039,0.0,0.6986796875000001,1.54835e-08
154.039,0.0,0.6984296875000001,1.5496366666666667e-08
154.039,0.0,0.6981796875000001,1.54778e-08
154.039,0.0,0.6979296875000001,1.550985e-08
154.039,0.0,0.6976796875000001,1.540515e-08
154.039,0.0,0.6974296875000001,1.54642e-08
154.039,0.0,0.6971796875000001,1.52669e-08
154.039,0.0,0.6969296875000001,1.54172e-08
154.039,0.0,0.6966796875000001,1.55506e-08
154.039,0.0,0.6964296875000001,1.54129e-08
154.039,0.0,0.6961796875000001,1.54911e-08
154.039,0.0,0.6959296875000001,1.55907e-08
154.039,0.0,0.6956796875000001,1.5486950000000002e-08
154.039,0.0,0.6954296875000001,1.557565e-08
154.039,0.0,0.6951796875000001,1.54405e-08
154.039,0.0,0.6949296875000001,1.5552949999999998e-08
154.039,0.0,0.6946796875000001,1.5476099999999998e-08
154.039,0.0,0.6944296875000001,1.5574450000000002e-08
154.039,0.0,0.6941796875000001,1.56496e-08
154.039,0.0,0.6939296875000001,1.532163333333333e-08
154.039,0.0,0.6936796875000001,1.5579999999999998e-08
154.039,0.0,0.6934296875000001,1.55861e-08
154.039,0.0,0.6931796875000001,1.54776e-08
154.039,0.0,0.6929296875000002,1.546035e-08
154.039,0.0,0.6926796875000001,1.53816e-08
154.039,0.0,0.6924296875000001,1.54419e-08
154.039,0.0,0.6921796875000001,1.55044e-08
154.039,0.0,0.6919296875000002,1.5743950000000002e-08
154.039,0.0,0.6916796875000001,1.5600100000000003e-08
154.039,0.0,0.6914296875000001,1.564015e-08
154.039,0.0,0.6911796875000001,1.56751e-08
154.039,0.0,0.6909296875000002,1.56778e-08
154.039,0.0,0.6906796875000001,1.56279e-08
154.039,0.0,0.6904296875000001,1.555775e-08
154.039,0.0,0.6901796875000001,1.55565e-08
154.039,0.0,0.6899296875000002,1.55617e-08
154.039,0.0,0.6896796875000001,1.5660000000000006e-08
154.039,0.0,0.6894296875000001,1.5616833333333332e-08
154.039,0.0,0.6891796875000001,1.55982e-08
154.039,0.0,0.6889296875000002,1.5506449999999998e-08
154.039,0.0,0.6886796875000001,1.5751050000000006e-08
154.039,0.0,0.6884296875000001,1.56058e-08
154.039,0.0,0.6881796875000001,1.56383e-08
154.039,0.0,0.6879296875000002,1.5659299999999998e-08
154.039,0.0,0.6876796875000001,1.565205e-08
154.039,0.0,0.6874296875000001,1.573335e-08
154.039,0.0,0.6871796875000001,1.567645e-08
154.039,0.0,0.6869296875000002,1.55944e-08
154.039,0.0,0.6866796875000001,1.556005e-08
154.039,0.0,0.6864296875000001,1.55489e-08
154.039,0.0,0.6861796875000001,1.5587e-08
154.039,0.0,0.6859296875000002,1.5598e-08
154.039,0.0,0.6856796875000001,1.55539e-08
154.039,0.0,0.6854296875000001,1.56137e-08
154.039,0.0,0.6851796875000001,1.54922e-08
154.039,0.0,0.6849296875000002,1.5503300000000003e-08
154.039,0.0,0.6846796875000001,1.54339e-08
154.039,0.0,0.6844296875000001,1.5447300000000002e-08
154.039,0.0,0.6841796875000001,1.54507e-08
154.039,0.0,0.6839296875000002,1.5388599999999998e-08
154.039,0.0,0.6836796875000001,1.544705e-08
154.039,0.0,0.6834296875000001,1.54453e-08
154.039,0.0,0.6831796875000001,1.54551e-08
154.039,0.0,0.6829296875000002,1.537785e-08
154.039,0.0,0.6826796875000001,1.5507433333333333e-08
154.039,0.0,0.6824296875000001,1.56363e-08
154.039,0.0,0.6821796875000001,1.55562e-08
154.039,0.0,0.6819296875000002,1.55076e-08
154.039,0.0,0.6816796875000001,1.5476699999999997e-08
154.039,0.0,0.6814296875000001,1.55814e-08
154.039,0.0,0.6811796875000001,1.53496e-08
154.039,0.0,0.6809296875000002,1.537745e-08
154.039,0.0,0.6806796875000001,1.549505e-08
154.039,0.0,0.6804296875000001,1.54686e-08
154.039,0.0,0.6801796875000001,1.54902e-08
154.039,0.0,0.6799296875000002,1.552715e-08
154.039,0.0,0.6796796875000001,1.5360699999999998e-08
154.039,0.0,0.6794296875000001,1.5522e-08
154.039,0.0,0.6791796875000001,1.5515e-08
154.039,0.0,0.6789296875000002,1.548955e-08
154.039,0.0,0.6786796875000001,1.554505e-08
154.039,0.0,0.6784296875000001,1.5451950000000002e-08
154.039,0.0,0.6781796875000001,1.545315e-08
154.039,0.0,0.6779296875000002,1.5432e-08
154.039,0.0,0.6776796875000001,1.53993e-08
154.039,0.0,0.6774296875000001,1.53718e-08
154.039,0.0,0.6771796875000001,1.53896e-08
154.039,0.0,0.6769296875000002,1.5428849999999997e-08
154.039,0.0,0.6766796875000001,1.529835e-08
154.039,0.0,0.6764296875000001,1.54603e-08
154.039,0.0,0.6761796875000001,1.5265599999999997e-08
154.039,0.0,0.6759296875000002,1.53809e-08
154.039,0.0,0.6756796875000001,1.5376733333333333e-08
154.039,0.0,0.6754296875000001,1.53345e-08
154.039,0.0,0.6751796875000001,1.5344750000000002e-08
154.039,0.0,0.6749296875000002,1.53207e-08
154.039,0.0,0.6746796875000001,1.547195e-08
154.039,0.0,0.6744296875000001,1.53326e-08
154.039,0.0,0.6741796875000001,1.53684e-08
154.039,0.0,0.6739296875000002,1.553225e-08
154.039,0.0,0.6736796875000001,1.54152e-08
154.039,0.0,0.6734296875000001,1.546265e-08
154.039,0.0,0.6731796875000001,1.540305e-08
154.039,0.0,0.6729296875000002,1.5321899999999998e-08
154.039,0.0,0.6726796875000001,1.5317200000000002e-08
154.039,0.0,0.6724296875000001,1.53166e-08
154.039,0.0,0.6721796875000001,1.543305e-08
154.039,0.0,0.6719296875000002,1.53148e-08
154.039,0.0,0.6716796875000001,1.5291400000000003e-08
154.039,0.0,0.6714296875000001,1.5279e-08
154.039,0.0,0.6711796875000001,1.542425e-08
154.039,0.0,0.6709296875000001,1.5338750000000002e-08
154.039,0.0,0.6706796875000001,1.544655e-08
154.039,0.0,0.6704296875000001,1.54194e-08
154.039,0.0,0.6701796875000001,1.538895e-08
154.039,0.0,0.6699296875000001,1.5474e-08
154.039,0.0,0.6696796875000001,1.5385049999999998e-08
154.039,0.0,0.6694296875000001,1.5378900000000003e-08
154.039,0.0,0.6691796875000001,1.5308650000000006e-08
154.039,0.0,0.6689296875000001,1.5380999999999997e-08
154.039,0.0,0.6686796875000001,1.532925e-08
154.039,0.0,0.6684296875000001,1.52418e-08
154.039,0.0,0.6681796875000001,1.5446599999999998e-08
154.039,0.0,0.6679296875000001,1.5251000000000002e-08
154.039,0.0,0.6676796875000001,1.532825e-08
154.039,0.0,0.6674296875000001,1.51976e-08
154.039,0.0,0.6671796875000001,1.54198e-08
154.039,0.0,0.6669296875000001,1.5263433333333334e-08
154.039,0.0,0.6666796875000001,1.5336099999999998e-08
154.039,0.0,0.6664296875000001,1.53849e-08
154.039,0.0,0.6661796875000001,1.5322350000000002e-08
154.039,0.0,0.6659296875000001,1.534975e-08
154.039,0.0,0.6656796875000001,1.52873e-08
154.039,0.0,0.6654296875000001,1.52626e-08
154.039,0.0,0.6651796875000001,1.52872e-08
154.039,0.0,0.6649296875000001,1.527215e-08
154.039,0.0,0.6646796875000001,1.523585e-08
154.039,0.0,0.6644296875000001,1.545895e-08
154.039,0.0,0.6641796875000001,1.519225e-08
154.039,0.0,0.6639296875000001,1.533245e-08
154.039,0.0,0.6636796875000001,1.533795e-08
154.039,0.0,0.6634296875000001,1.52651e-08
154.039,0.0,0.6631796875000001,1.551475e-08
154.039,0.0,0.6629296875000001,1.517605e-08
154.039,0.0,0.6626796875000001,1.5295099999999998e-08
154.039,0.0,0.6624296875000001,1.53222e-08
154.039,0.0,0.6621796875000001,1.510055e-08
154.039,0.0,0.6619296875000001,1.532875e-08
154.039,0.0,0.6616796875000002,1.5045e-08
154.039,0.0,0.6614296875000001,1.518275e-08
154.039,0.0,0.6611796875000001,1.51361e-08
154.039,0.0,0.6609296875000001,1.511315e-08
154.039,0.0,0.6606796875000002,1.50198e-08
154.039,0.0,0.6604296875000001,1.51081e-08
154.039,0.0,0.6601796875000001,1.506265e-08
154.039,0.0,0.6599296875000001,1.5076966666666667e-08
154.039,0.0,0.6596796875000002,1.51736e-08
154.039,0.0,0.6594296875000001,1.51525e-08
154.039,0.0,0.6591796875000001,1.52123e-08
154.039,0.0,0.6589296875000001,1.49476e-08
154.039,0.0,0.6586796875000002,1.50321e-08
154.039,0.0,0.6584296875000001,1.509585e-08
154.039,0.0,0.6581796875000001,1.50431e-08
154.039,0.0,0.6579296875000001,1.5055733333333336e-08
154.039,0.0,0.6576796875000002,1.50408e-08
154.039,0.0,0.6574296875000001,1.5016449999999998e-08
154.039,0.0,0.6571796875000001,1.50675e-08
154.039,0.0,0.6569296875000001,1.50861e-08
154.039,0.0,0.6566796875000002,1.50771e-08
154.039,0.0,0.6564296875000001,1.50146e-08
154.039,0.0,0.6561796875000001,1.5068199999999997e-08
154.039,0.0,0.6559296875000001,1.500855e-08
154.039,0.0,0.6556796875000002,1.47689e-08
154.039,0.0,0.6554296875000001,1.4981700000000002e-08
154.039,0.0,0.6551796875000001,1.494465e-08
154.039,0.0,0.6549296875000001,1.498845e-08
154.039,0.0,0.6546796875000002,1.49354e-08
154.039,0.0,0.6544296875000001,1.4990450000000002e-08
154.039,0.0,0.6541796875000001,1.504305e-08
154.039,0.0,0.6539296875000001,1.493305e-08
154.039,0.0,0.6536796875000002,1.50317e-08
154.039,0.0,0.6534296875000001,1.5002266666666668e-08
154.039,0.0,0.6531796875000001,1.501545e-08
154.039,0.0,0.6529296875000001,1.4948899999999998e-08
154.039,0.0,0.6526796875000002,1.4854e-08
154.039,0.0,0.6524296875000001,1.494075e-08
154.039,0.0,0.6521796875000001,1.5015300000000002e-08
154.039,0.0,0.6519296875000001,1.49483e-08
154.039,0.0,0.6516796875000002,1.49484e-08
154.039,0.0,0.6514296875000001,1.49876e-08
154.039,0.0,0.6511796875000001,1.49796e-08
154.039,0.0,0.6509296875000001,1.496783333333333e-08
154.039,0.0,0.6506796875000002,1.48996e-08
154.039,0.0,0.6504296875000001,1.50039e-08
154.039,0.0,0.6501796875000001,1.500215e-08
154.039,0.0,0.6499296875000001,1.4973349999999997e-08
154.039,0.0,0.6496796875000002,1.4993e-08
154.039,0.0,0.6494296875000001,1.513265e-08
154.039,0.0,0.6491796875000001,1.49422e-08
154.039,0.0,0.6489296875000001,1.496495e-08
154.039,0.0,0.6486796875000002,1.5002100000000003e-08
154.039,0.0,0.6484296875000001,1.493725e-08
154.039,0.0,0.6481796875000001,1.4907399999999998e-08
154.039,0.0,0.6479296875000001,1.49569e-08
154.039,0.0,0.6476796875000002,1.4838e-08
154.039,0.0,0.6474296875000001,1.49023e-08
154.039,0.0,0.6471796875000001,1.4939599999999998e-08
154.039,0.0,0.6469296875000001,1.4882e-08
154.039,0.0,0.6466796875000002,1.486855e-08
154.039,0.0,0.6464296875000001,1.488395e-08
154.039,0.0,0.6461796875000001,1.477035e-08
154.039,0.0,0.6459296875000001,1.481955e-08
154.039,0.0,0.6456796875000002,1.47744e-08
154.039,0.0,0.6454296875000001,1.4766e-08
154.039,0.0,0.6451796875000001,1.47648e-08
154.039,0.0,0.6449296875000001,1.484e-08
154.039,0.0,0.6446796875000002,1.46613e-08
154.039,0.0,0.6444296875000001,1.47039e-08
154.039,0.0,0.6441796875000001,1.46551e-08
154.039,0.0,0.6439296875000001,1.45885e-08
154.039,0.0,0.6436796875000002,1.47791e-08
154.039,0.0,0.6434296875000001,1.472555e-08
154.039,0.0,0.6431796875000001,1.48192e-08
154.039,0.0,0.6429296875000001,1.4858450000000001e-08
154.039,0.0,0.6426796875000002,1.47855e-08
154.039,0.0,0.6424296875000001,1.4744e-08
154.039,0.0,0.6421796875000001,1.4697e-08
154.039,0.0,0.6419296875000001,1.48782e-08
154.039,0.0,0.6416796875000002,1.481555e-08
154.039,0.0,0.6414296875000001,1.478505e-08
154.039,0.0,0.6411796875000001,1.49163e-08
154.039,0.0,0.6409296875000001,1.48513e-08
154.039,0.0,0.6406796875000002,1.476545e-08
154.039,0.0,0.6404296875000001,1.48062e-08
154.039,0.0,0.6401796875000001,1.477155e-08
154.039,0.0,0.6399296875000001,1.45674e-08
154.039,0.0,0.6396796875000001,1.46508e-08
154.039,0.0,0.6394296875000001,1.462775e-08
154.039,0.0,0.6391796875000001,1.461685e-08
154.039,0.0,0.6389296875000001,1.46316e-08
154.039,0.0,0.6386796875000001,1.45198e-08
154.039,0.0,0.6384296875000001,1.46048e-08
154.039,0.0,0.6381796875000001,1.46305e-08
154.039,0.0,0.6379296875000001,1.45547e-08
154.039,0.0,0.6376796875000001,1.454175e-08
154.039,0.0,0.6374296875000001,1.4529250000000001e-08
154.039,0.0,0.6371796875000001,1.440505e-08
154.039,0.0,0.6369296875000001,1.45765e-08
154.039,0.0,0.6366796875000001,1.44713e-08
154.039,0.0,0.6364296875000001,1.45352e-08
154.039,0.0,0.6361796875000001,1.4635050000000001e-08
154.039,0.0,0.6359296875000001,1.4364e-08
154.039,0.0,0.6356796875000001,1.453945e-08
154.039,0.0,0.6354296875000001,1.45545e-08
154.039,0.0,0.6351796875000001,1.456955e-08
154.039,0.0,0.6349296875000001,1.465005e-08
154.039,0.0,0.6346796875000001,1.456255e-08
154.039,0.0,0.6344296875000001,1.46802e-08
154.039,0.0,0.6341796875000001,1.4638e-08
154.039,0.0,0.6339296875000001,1.44655e-08
154.039,0.0,0.6336796875000001,1.47225e-08
154.039,0.0,0.6334296875000001,1.473925e-08
154.039,0.0,0.6331796875000001,1.451125e-08
154.039,0.0,0.6329296875000001,1.46516e-08
154.039,0.0,0.6326796875000001,1.452985e-08
154.039,0.0,0.6324296875000001,1.45885e-08
154.039,0.0,0.6321796875000001,1.46072e-08
154.039,0.0,0.6319296875000001,1.46349e-08
154.039,0.0,0.6316796875000001,1.45696e-08
154.039,0.0,0.6314296875000001,1.46425e-08
154.039,0.0,0.6311796875000001,1.4722000000000001e-08
154.039,0.0,0.6309296875000001,1.462975e-08
154.039,0.0,0.6306796875000001,1.464105e-08
154.039,0.0,0.6304296875000002,1.467075e-08
154.039,0.0,0.6301796875000001,1.464065e-08
154.039,0.0,0.6299296875000001,1.46265e-08
154.039,0.0,0.6296796875000001,1.45364e-08
154.039,0.0,0.6294296875000002,1.444135e-08
154.039,0.0,0.6291796875000001,1.456265e-08
154.039,0.0,0.6289296875000001,1.4510650000000001e-08
154.039,0.0,0.6286796875000001,1.4489600000000001e-08
154.039,0.0,0.6284296875000002,1.43827e-08
154.039,0.0,0.6281796875000001,1.447225e-08
154.039,0.0,0.6279296875000001,1.44774e-08
154.039,0.0,0.6276796875000001,1.4419600000000001e-08
154.039,0.0,0.6274296875000002,1.445285e-08
154.039,0.0,0.6271796875000001,1.44017e-08
154.039,0.0,0.6269296875000001,1.43602e-08
154.039,0.0,0.6266796875000001,1.438685e-08
154.039,0.0,0.6264296875000002,1.443795e-08
154.039,0.0,0.6261796875000001,1.445065e-08
154.039,0.0,0.6259296875000001,1.44119e-08
154.039,0.0,0.6256796875000001,1.44368e-08
154.039,0.0,0.6254296875000002,1.4510100000000001e-08
154.039,0.0,0.6251796875000001,1.45538e-08
154.039,0.0,0.6249296875000001,1.44555e-08
154.039,0.0,0.6246796875000001,1.446425e-08
154.039,0.0,0.6244296875000002,1.44606e-08
154.039,0.0,0.6241796875000001,1.445305e-08
154.039,0.0,0.6239296875000001,1.4358350000000001e-08
154.039,0.0,0.6236796875000001,1.445635e-08
154.039,0.0,0.6234296875000002,1.454545e-08
154.039,0.0,0.6231796875000001,1.44764e-08
154.039,0.0,0.6229296875000001,1.44429e-08
154.039,0.0,0.6226796875000001,1.44479e-08
154.039,0.0,0.6224296875000002,1.444155e-08
154.039,0.0,0.6221796875000001,1.450255e-08
154.039,0.0,0.6219296875000001,1.4441750000000001e-08
154.039,0.0,0.6216796875000001,1.44523e-08
154.039,0.0,0.6214296875000002,1.443415e-08
154.039,0.0,0.6211796875000001,1.43853e-08
154.039,0.0,0.6209296875000001,1.447085e-08
154.039,0.0,0.6206796875000001,1.4417950000000001e-08
154.039,0.0,0.6204296875000002,1.44186e-08
154.039,0.0,0.6201796875000001,1.44637e-08
154.039,0.0,0.6199296875000001,1.437055e-08
154.039,0.0,0.6196796875000001,1.44371e-08
154.039,0.0,0.6194296875000002,1.445215e-08
154.039,0.0,0.6191796875000001,1.45689e-08
154.039,0.0,0.6189296875000001,1.443825e-08
154.039,0.0,0.6186796875000001,1.447205e-08
154.039,0.0,0.6184296875000002,1.44945e-08
154.039,0.0,0.6181796875000001,1.45633e-08
154.039,0.0,0.6179296875000001,1.45378e-08
154.039,0.0,0.6176796875000001,1.45378e-08
154.039,0.0,0.6174296875000002,1.46394e-08
154.039,0.0,0.6171796875000001,1.454385e-08
154.039,0.0,0.6169296875000001,1.45338e-08
154.039,0.0,0.6166796875000001,1.460305e-08
154.039,0.0,0.6164296875000002,1.450485e-08
154.039,0.0,0.6161796875000001,1.44379e-08
154.039,0.0,0.6159296875000001,1.44204e-08
154.039,0.0,0.6156796875000001,1.45261e-08
154.039,0.0,0.6154296875000002,1.452395e-08
154.039,0.0,0.6151796875000001,1.44376e-08
154.039,0.0,0.6149296875000001,1.4495833333333332e-08
154.039,0.0,0.6146796875000001,1.45409e-08
154.039,0.0,0.6144296875000002,1.45534e-08
154.039,0.0,0.6141796875000001,1.45363e-08
154.039,0.0,0.6139296875000001,1.46124e-08
154.039,0.0,0.6136796875000001,1.45829e-08
154.039,0.0,0.6134296875000002,1.4653650000000001e-08
154.039,0.0,0.6131796875000001,1.45518e-08
154.039,0.0,0.6129296875000001,1.465655e-08
154.039,0.0,0.6126796875000001,1.470395e-08
154.039,0.0,0.6124296875000002,1.47113e-08
154.039,0.0,0.6121796875000001,1.4701e-08
154.039,0.0,0.6119296875000001,1.477025e-08
154.039,0.0,0.6116796875000001,1.473625e-08
154.039,0.0,0.6114296875000002,1.47266e-08
154.039,0.0,0.6111796875000001,1.46132e-08
154.039,0.0,0.6109296875000001,1.471525e-08
154.039,0.0,0.6106796875000001,1.47087e-08
154.039,0.0,0.6104296875000002,1.4764133333333332e-08
154.039,0.0,0.6101796875000001,1.46692e-08
154.039,0.0,0.6099296875000001,1.46503e-08
154.039,0.0,0.6096796875000001,1.47552e-08
154.039,0.0,0.6094296875000002,1.47697e-08
154.039,0.0,0.6091796875000001,1.46019e-08
154.039,0.0,0.6089296875000001,1.47352e-08
154.039,0.0,0.6086796875000001,1.46573e-08
154.039,0.0,0.6084296875000001,1.46707e-08
154.039,0.0,0.6081796875000001,1.469645e-08
154.039,0.0,0.6079296875000001,1.4761650000000001e-08
154.039,0.0,0.6076796875000001,1.47164e-08
154.039,0.0,0.6074296875000001,1.467345e-08
154.039,0.0,0.6071796875000001,1.46254e-08
154.039,0.0,0.6069296875000001,1.46551e-08
154.039,0.0,0.6066796875000001,1.467455e-08
154.039,0.0,0.6064296875000001,1.461725e-08
154.039,0.0,0.6061796875000001,1.45826e-08
154.039,0.0,0.6059296875000001,1.46879e-08
154.039,0.0,0.6056796875000001,1.466425e-08
154.039,0.0,0.6054296875000001,1.46387e-08
154.039,0.0,0.6051796875000001,1.46403e-08
154.039,0.0,0.6049296875000001,1.4589400000000001e-08
154.039,0.0,0.6046796875000001,1.457675e-08
154.039,0.0,0.6044296875000001,1.44932e-08
154.039,0.0,0.6041796875000001,1.44703e-08
154.039,0.0,0.6039296875000001,1.45701e-08
154.039,0.0,0.6036796875000001,1.45349e-08
154.039,0.0,0.6034296875000001,1.46239e-08
154.039,0.0,0.6031796875000001,1.452125e-08
154.039,0.0,0.6029296875000001,1.4585300000000001e-08
154.039,0.0,0.6026796875000001,1.468995e-08
154.039,0.0,0.6024296875000001,1.46052e-08
154.039,0.0,0.6021796875000001,1.47105e-08
154.039,0.0,0.6019296875000001,1.471205e-08
154.039,0.0,0.6016796875000001,1.471285e-08
154.039,0.0,0.6014296875000001,1.4704e-08
154.039,0.0,0.6011796875000001,1.467985e-08
154.039,0.0,0.6009296875000001,1.473995e-08
154.039,0.0,0.6006796875000001,1.479975e-08
154.039,0.0,0.6004296875000001,1.47087e-08
154.039,0.0,0.6001796875000001,1.47588e-08
154.039,0.0,0.5999296875000001,1.477585e-08
154.039,0.0,0.5996796875000001,1.48473e-08
154.039,0.0,0.5994296875000001,1.47825e-08
154.039,0.0,0.5991796875000002,1.483665e-08
154.039,0.0,0.5989296875000001,1.476405e-08
154.039,0.0,0.5986796875000001,1.469575e-08
154.039,0.0,0.5984296875000001,1.48931e-08
154.039,0.0,0.5981796875000002,1.47601e-08
154.039,0.0,0.5979296875000001,1.4791e-08
154.039,0.0,0.5976796875000001,1.4794200000000001e-08
154.039,0.0,0.5974296875000001,1.48509e-08
154.039,0.0,0.5971796875000002,1.48848e-08
154.039,0.0,0.5969296875000001,1.4778566666666668e-08
154.039,0.0,0.5966796875000001,1.481405e-08
154.039,0.0,0.5964296875000001,1.47576e-08
154.039,0.0,0.5961796875000002,1.48407e-08
154.039,0.0,0.5959296875000001,1.4815800000000001e-08
154.039,0.0,0.5956796875000001,1.479075e-08
154.039,0.0,0.5954296875000001,1.48331e-08
154.039,0.0,0.5951796875000002,1.46984e-08
154.039,0.0,0.5949296875000001,1.477855e-08
154.039,0.0,0.5946796875000001,1.481365e-08
154.039,0.0,0.5944296875000001,1.480385e-08
154.039,0.0,0.5941796875000002,1.48225e-08
154.039,0.0,0.5939296875000001,1.481715e-08
154.039,0.0,0.5936796875000001,1.48531e-08
154.039,0.0,0.5934296875000001,1.48018e-08
154.039,0.0,0.5931796875000002,1.48287e-08
154.039,0.0,0.5929296875000001,1.48292e-08
154.039,0.0,0.5926796875000001,1.48289e-08
154.039,0.0,0.5924296875000001,1.474705e-08
154.039,0.0,0.5921796875000002,1.489695e-08
154.039,0.0,0.5919296875000001,1.4856800000000001e-08
154.039,0.0,0.5916796875000001,1.49163e-08
154.039,0.0,0.5914296875000001,1.48952e-08
154.039,0.0,0.5911796875000002,1.49851e-08
154.039,0.0,0.5909296875000001,1.490575e-08
154.039,0.0,0.5906796875000001,1.483515e-08
154.039,0.0,0.5904296875000001,1.4916e-08
154.039,0.0,0.5901796875000002,1.496015e-08
154.039,0.0,0.5899296875000001,1.49191e-08
154.039,0.0,0.5896796875000001,1.493345e-08
154.039,0.0,0.5894296875000001,1.50231e-08
154.039,0.0,0.5891796875000002,1.494675e-08
154.039,0.0,0.5889296875000001,1.497785e-08
154.039,0.0,0.5886796875000001,1.504035e-08
154.039,0.0,0.5884296875000001,1.496295e-08
154.039,0.0,0.5881796875000002,1.504135e-08
154.039,0.0,0.5879296875000001,1.497065e-08
154.039,0.0,0.5876796875000001,1.49941e-08
154.039,0.0,0.5874296875000001,1.492275e-08
154.039,0.0,0.5871796875000002,1.507085e-08
154.039,0.0,0.5869296875000001,1.508725e-08
154.039,0.0,0.5866796875000001,1.51256e-08
154.039,0.0,0.5864296875000001,1.51015e-08
154.039,0.0,0.5861796875000002,1.502675e-08
154.039,0.0,0.5859296875000001,1.507e-08
154.039,0.0,0.5856796875000001,1.51603e-08
154.039,0.0,0.5854296875000001,1.507875e-08
154.039,0.0,0.5851796875000002,1.514275e-08
154.039,0.0,0.5849296875000001,1.5104799999999998e-08
154.039,0.0,0.5846796875000001,1.50882e-08
154.039,0.0,0.5844296875000001,1.51466e-08
154.039,0.0,0.5841796875000002,1.520315e-08
154.039,0.0,0.5839296875000001,1.513085e-08
154.039,0.0,0.5836796875000001,1.52151e-08
154.039,0.0,0.5834296875000001,1.51172e-08
154.039,0.0,0.5831796875000002,1.51286e-08
154.039,0.0,0.5829296875000001,1.51077e-08
154.039,0.0,0.5826796875000001,1.51375e-08
154.039,0.0,0.5824296875000001,1.51216e-08
154.039,0.0,0.5821796875000002,1.5115400000000002e-08
154.039,0.0,0.5819296875000001,1.5052799999999998e-08
154.039,0.0,0.5816796875000001,1.50864e-08
154.039,0.0,0.5814296875000001,1.5090466666666672e-08
154.039,0.0,0.5811796875000002,1.51049e-08
154.039,0.0,0.5809296875000001,1.503545e-08
154.039,0.0,0.5806796875000001,1.50508e-08
154.039,0.0,0.5804296875000001,1.506395e-08
154.039,0.0,0.5801796875000002,1.507815e-08
154.039,0.0,0.5799296875000001,1.5123899999999998e-08
154.039,0.0,0.5796796875000001,1.50432e-08
154.039,0.0,0.5794296875000001,1.49962e-08
154.039,0.0,0.5791796875000002,1.50024e-08
154.039,0.0,0.5789296875000001,1.4991533333333332e-08
154.039,0.0,0.5786796875000001,1.499e-08
154.039,0.0,0.5784296875000001,1.497335e-08
154.039,0.0,0.5781796875000002,1.48704e-08
154.039,0.0,0.5779296875000001,1.48838e-08
154.039,0.0,0.5776796875000001,1.48757e-08
154.039,0.0,0.5774296875000001,1.492055e-08
154.039,0.0,0.5771796875000001,1.4807600000000001e-08
154.039,0.0,0.5769296875000001,1.47917e-08
154.039,0.0,0.5766796875000001,1.47765e-08
154.039,0.0,0.5764296875000001,1.476885e-08
154.039,0.0,0.5761796875000001,1.48207e-08
154.039,0.0,0.5759296875000001,1.47035e-08
154.039,0.0,0.5756796875000001,1.47255e-08
154.039,0.0,0.5754296875000001,1.474315e-08
154.039,0.0,0.5751796875000001,1.47916e-08
154.039,0.0,0.5749296875000001,1.46642e-08
154.039,0.0,0.5746796875000001,1.46317e-08
154.039,0.0,0.5744296875000001,1.4742100000000001e-08
154.039,0.0,0.5741796875000001,1.466225e-08
154.039,0.0,0.5739296875000001,1.4674e-08
154.039,0.0,0.5736796875000001,1.47311e-08
154.039,0.0,0.5734296875000001,1.468445e-08
154.039,0.0,0.5731796875000001,1.462245e-08
154.039,0.0,0.5729296875000001,1.46841e-08
154.039,0.0,0.5726796875000001,1.46283e-08
154.039,0.0,0.5724296875000001,1.47056e-08
154.039,0.0,0.5721796875000001,1.46174e-08
154.039,0.0,0.5719296875000001,1.4681833333333332e-08
154.039,0.0,0.5716796875000001,1.4763e-08
154.039,0.0,0.5714296875000001,1.457555e-08
154.039,0.0,0.5711796875000001,1.463035e-08
154.039,0.0,0.5709296875000001,1.473e-08
154.039,0.0,0.5706796875000001,1.46468e-08
154.039,0.0,0.5704296875000001,1.47102e-08
154.039,0.0,0.5701796875000001,1.47796e-08
154.039,0.0,0.5699296875000001,1.47465e-08
154.039,0.0,0.5696796875000001,1.48291e-08
154.039,0.0,0.5694296875000001,1.472455e-08
154.039,0.0,0.5691796875000001,1.467605e-08
154.039,0.0,0.5689296875000001,1.47923e-08
154.039,0.0,0.5686796875000001,1.46959e-08
154.039,0.0,0.5684296875000001,1.477135e-08
154.039,0.0,0.5681796875000001,1.468505e-08
154.039,0.0,0.5679296875000002,1.476025e-08
154.039,0.0,0.5676796875000001,1.460655e-08
154.039,0.0,0.5674296875000001,1.462425e-08
154.039,0.0,0.5671796875000001,1.4587750000000001e-08
154.039,0.0,0.5669296875000002,1.46306e-08
154.039,0.0,0.5666796875000001,1.46078e-08
154.039,0.0,0.5664296875000001,1.4584e-08
154.039,0.0,0.5661796875000001,1.45832e-08
154.039,0.0,0.5659296875000002,1.4546750000000001e-08
154.039,0.0,0.5656796875000001,1.45272e-08
154.039,0.0,0.5654296875000001,1.4502666666666665e-08
154.039,0.0,0.5651796875000001,1.4535800000000001e-08
154.039,0.0,0.5649296875000002,1.45558e-08
154.039,0.0,0.5646796875000001,1.44719e-08
154.039,0.0,0.5644296875000001,1.458375e-08
154.039,0.0,0.5641796875000001,1.44748e-08
154.039,0.0,0.5639296875000002,1.45691e-08
154.039,0.0,0.5636796875000001,1.457715e-08
154.039,0.0,0.5634296875000001,1.443755e-08
154.039,0.0,0.5631796875000001,1.461585e-08
154.039,0.0,0.5629296875000002,1.45478e-08
154.039,0.0,0.5626796875000001,1.45413e-08
154.039,0.0,0.5624296875000001,1.45919e-08
154.039,0.0,0.5621796875000001,1.45553e-08
154.039,0.0,0.5619296875000002,1.44765e-08
154.039,0.0,0.5616796875000001,1.447575e-08
154.039,0.0,0.5614296875000001,1.4503550000000001e-08
154.039,0.0,0.5611796875000001,1.447855e-08
154.039,0.0,0.5609296875000002,1.447075e-08
154.039,0.0,0.5606796875000001,1.44304e-08
154.039,0.0,0.5604296875000001,1.44235e-08
154.039,0.0,0.5601796875000001,1.456395e-08
154.039,0.0,0.5599296875000002,1.44155e-08
154.039,0.0,0.5596796875000001,1.449225e-08
154.039,0.0,0.5594296875000001,1.4571300000000002e-08
154.039,0.0,0.5591796875000001,1.44757e-08
154.039,0.0,0.5589296875000002,1.446025e-08
154.039,0.0,0.5586796875000001,1.45009e-08
154.039,0.0,0.5584296875000001,1.446965e-08
154.039,0.0,0.5581796875000001,1.451595e-08
154.039,0.0,0.5579296875000002,1.46086e-08
154.039,0.0,0.5576796875000001,1.44976e-08
154.039,0.0,0.5574296875000001,1.446375e-08
154.039,0.0,0.5571796875000001,1.444165e-08
154.039,0.0,0.5569296875000002,1.45648e-08
154.039,0.0,0.5566796875000001,1.45234e-08
154.039,0.0,0.5564296875000001,1.4581166666666666e-08
154.039,0.0,0.5561796875000001,1.45196e-08
154.039,0.0,0.5559296875000002,1.45625e-08
154.039,0.0,0.5556796875000001,1.459115e-08
154.039,0.0,0.5554296875000001,1.460665e-08
154.039,0.0,0.5551796875000001,1.45728e-08
154.039,0.0,0.5549296875000002,1.45232e-08
154.039,0.0,0.5546796875000001,1.458045e-08
154.039,0.0,0.5544296875000001,1.459565e-08
154.039,0.0,0.5541796875000001,1.45603e-08
154.039,0.0,0.5539296875000002,1.46607e-08
154.039,0.0,0.5536796875000001,1.460515e-08
154.039,0.0,0.5534296875000001,1.45661e-08
154.039,0.0,0.5531796875000001,1.46491e-08
154.039,0.0,0.5529296875000002,1.47157e-08
154.039,0.0,0.5526796875000001,1.462765e-08
154.039,0.0,0.5524296875000001,1.465915e-08
154.039,0.0,0.5521796875000001,1.460475e-08
154.039,0.0,0.5519296875000002,1.467915e-08
154.039,0.0,0.5516796875000001,1.47043e-08
154.039,0.0,0.5514296875000001,1.46782e-08
154.039,0.0,0.5511796875000001,1.471555e-08
154.039,0.0,0.5509296875000002,1.4631e-08
154.039,0.0,0.5506796875000001,1.46753e-08
154.039,0.0,0.5504296875000001,1.465305e-08
154.039,0.0,0.5501796875000001,1.463105e-08
154.039,0.0,0.5499296875000002,1.45782e-08
154.039,0.0,0.5496796875000001,1.459355e-08
154.039,0.0,0.5494296875000001,1.456505e-08
154.039,0.0,0.5491796875000001,1.45421e-08
154.039,0.0,0.5489296875000002,1.452155e-08
154.039,0.0,0.5486796875000001,1.456175e-08
154.039,0.0,0.5484296875000001,1.44982e-08
154.039,0.0,0.5481796875000001,1.455005e-08
154.039,0.0,0.5479296875000002,1.45292e-08
154.039,0.0,0.5476796875000001,1.4569e-08
154.039,0.0,0.5474296875000001,1.454345e-08
154.039,0.0,0.5471796875000001,1.45348e-08
154.039,0.0,0.5469296875000002,1.44361e-08
154.039,0.0,0.5466796875000001,1.45189e-08
154.039,0.0,0.5464296875000001,1.46382e-08
154.039,0.0,0.5461796875000001,1.44389e-08
154.039,0.0,0.5459296875000001,1.4596500000000001e-08
154.039,0.0,0.5456796875000001,1.46062e-08
154.039,0.0,0.5454296875000001,1.46662e-08
154.039,0.0,0.5451796875000001,1.4576550000000001e-08
154.039,0.0,0.5449296875000001,1.4598e-08
154.039,0.0,0.5446796875000001,1.46579e-08
154.039,0.0,0.5444296875000001,1.460295e-08
154.039,0.0,0.5441796875000001,1.45527e-08
154.039,0.0,0.5439296875000001,1.467415e-08
154.039,0.0,0.5436796875000001,1.46698e-08
154.039,0.0,0.5434296875000001,1.45343e-08
154.039,0.0,0.5431796875000001,1.46256e-08
154.039,0.0,0.5429296875000001,1.459155e-08
154.039,0.0,0.5426796875000001,1.4566e-08
154.039,0.0,0.5424296875000001,1.45892e-08
154.039,0.0,0.5421796875000001,1.46159e-08
154.039,0.0,0.5419296875000001,1.4617e-08
154.039,0.0,0.5416796875000001,1.46588e-08
154.039,0.0,0.5414296875000001,1.46149e-08
154.039,0.0,0.5411796875000001,1.46029e-08
154.039,0.0,0.5409296875000001,1.4664566666666666e-08
154.039,0.0,0.5406796875000001,1.45823e-08
154.039,0.0,0.5404296875000001,1.462755e-08
154.039,0.0,0.5401796875000001,1.46779e-08
154.039,0.0,0.5399296875000001,1.471335e-08
154.039,0.0,0.5396796875000001,1.471735e-08
154.039,0.0,0.5394296875000001,1.466995e-08
154.039,0.0,0.5391796875000001,1.47038e-08
154.039,0.0,0.5389296875000001,1.4671700000000001e-08
154.039,0.0,0.5386796875000001,1.462645e-08
154.039,0.0,0.5384296875000001,1.4653133333333332e-08
154.039,0.0,0.5381796875000001,1.45306e-08
154.039,0.0,0.5379296875000001,1.46312e-08
154.039,0.0,0.5376796875000001,1.459955e-08
154.039,0.0,0.5374296875000001,1.45758e-08
154.039,0.0,0.5371796875000001,1.44198e-08
154.039,0.0,0.5369296875000001,1.446595e-08
154.039,0.0,0.5366796875000002,1.443675e-08
154.039,0.0,0.5364296875000001,1.43542e-08
154.039,0.0,0.5361796875000001,1.439015e-08
154.039,0.0,0.5359296875000001,1.42893e-08
154.039,0.0,0.5356796875000002,1.435365e-08
154.039,0.0,0.5354296875000001,1.43422e-08
154.039,0.0,0.5351796875000001,1.4351e-08
154.039,0.0,0.5349296875000001,1.4392800000000001e-08
154.039,0.0,0.5346796875000002,1.43074e-08
154.039,0.0,0.5344296875000001,1.435055e-08
154.039,0.0,0.5341796875000001,1.43824e-08
154.039,0.0,0.5339296875000001,1.445665e-08
154.039,0.0,0.5336796875000002,1.4332966666666669e-08
154.039,0.0,0.5334296875000001,1.44006e-08
154.039,0.0,0.5331796875000001,1.43486e-08
154.039,0.0,0.5329296875000001,1.445335e-08
154.039,0.0,0.5326796875000002,1.4347150000000001e-08
154.039,0.0,0.5324296875000001,1.438715e-08
154.039,0.0,0.5321796875000001,1.44352e-08
154.039,0.0,0.5319296875000001,1.432655e-08
154.039,0.0,0.5316796875000002,1.437705e-08
154.039,0.0,0.5314296875000001,1.437365e-08
154.039,0.0,0.5311796875000001,1.447595e-08
154.039,0.0,0.5309296875000001,1.44438e-08
154.039,0.0,0.5306796875000002,1.43896e-08
154.039,0.0,0.5304296875000001,1.441815e-08
154.039,0.0,0.5301796875000001,1.44564e-08
154.039,0.0,0.5299296875000001,1.44795e-08
154.039,0.0,0.5296796875000002,1.45337e-08
154.039,0.0,0.5294296875000001,1.45031e-08
154.039,0.0,0.5291796875000001,1.4466e-08
154.039,0.0,0.5289296875000001,1.44718e-08
154.039,0.0,0.5286796875000002,1.456385e-08
154.039,0.0,0.5284296875000001,1.45488e-08
154.039,0.0,0.5281796875000001,1.4533549999999998e-08
154.039,0.0,0.5279296875000001,1.460425e-08
154.039,0.0,0.5276796875000002,1.460365e-08
154.039,0.0,0.5274296875000001,1.45256e-08
154.039,0.0,0.5271796875000001,1.465835e-08
154.039,0.0,0.5269296875000001,1.45684e-08
154.039,0.0,0.5266796875000002,1.459025e-08
154.039,0.0,0.5264296875000001,1.4655e-08
154.039,0.0,0.5261796875000001,1.463765e-08
154.039,0.0,0.5259296875000001,1.46221e-08
154.039,0.0,0.5256796875000002,1.46195e-08
154.039,0.0,0.5254296875000001,1.46403e-08
154.039,0.0,0.5251796875000001,1.46803e-08
154.039,0.0,0.5249296875000001,1.4614233333333332e-08
154.039,0.0,0.5246796875000002,1.466355e-08
154.039,0.0,0.5244296875000001,1.46495e-08
154.039,0.0,0.5241796875000001,1.46533e-08
154.039,0.0,0.5239296875000001,1.464695e-08
154.039,0.0,0.5236796875000002,1.46535e-08
154.039,0.0,0.5234296875000001,1.46264e-08
154.039,0.0,0.5231796875000001,1.46849e-08
154.039,0.0,0.5229296875000001,1.46398e-08
154.039,0.0,0.5226796875000002,1.4738733333333334e-08
154.039,0.0,0.5224296875000001,1.4712e-08
154.039,0.0,0.5221796875000001,1.468165e-08
154.039,0.0,0.5219296875000001,1.47823e-08
154.039,0.0,0.5216796875000002,1.47036e-08
154.039,0.0,0.5214296875000001,1.47673e-08
154.039,0.0,0.5211796875000001,1.47938e-08
154.039,0.0,0.5209296875000001,1.46918e-08
154.039,0.0,0.5206796875000002,1.472375e-08
154.039,0.0,0.5204296875000001,1.481195e-08
154.039,0.0,0.5201796875000001,1.474265e-08
154.039,0.0,0.5199296875000001,1.47491e-08
154.039,0.0,0.5196796875000002,1.47601e-08
154.039,0.0,0.5194296875000001,1.47585e-08
154.039,0.0,0.5191796875000001,1.47962e-08
154.039,0.0,0.5189296875000001,1.475215e-08
154.039,0.0,0.5186796875000002,1.4781900000000001e-08
154.039,0.0,0.5184296875000001,1.478115e-08
154.039,0.0,0.5181796875000001,1.47356e-08
154.039,0.0,0.5179296875000001,1.478455e-08
154.039,0.0,0.5176796875000002,1.4742800000000001e-08
154.039,0.0,0.5174296875000001,1.47455e-08
154.039,0.0,0.5171796875000001,1.47675e-08
154.039,0.0,0.5169296875000001,1.47986e-08
154.039,0.0,0.5166796875000002,1.48835e-08
154.039,0.0,0.5164296875000001,1.48741e-08
154.039,0.0,0.5161796875000001,1.48288e-08
154.039,0.0,0.5159296875000001,1.482835e-08
154.039,0.0,0.5156796875000002,1.476375e-08
154.039,0.0,0.5154296875000001,1.47358e-08
154.039,0.0,0.5151796875000001,1.4845000000000002e-08
154.039,0.0,0.5149296875000001,1.4793100000000001e-08
154.039,0.0,0.5146796875000001,1.4832750000000001e-08
154.039,0.0,0.5144296875000001,1.47605e-08
154.039,0.0,0.5141796875000001,1.48211e-08
154.039,0.0,0.5139296875000001,1.48373e-08
154.039,0.0,0.5136796875000001,1.48237e-08
154.039,0.0,0.5134296875000001,1.48148e-08
154.039,0.0,0.5131796875000001,1.477565e-08
154.039,0.0,0.5129296875000001,1.477575e-08
154.039,0.0,0.5126796875000001,1.476185e-08
154.039,0.0,0.5124296875000001,1.47305e-08
154.039,0.0,0.5121796875000001,1.47668e-08
154.039,0.0,0.5119296875000001,1.47626e-08
154.039,0.0,0.5116796875000001,1.481195e-08
154.039,0.0,0.5114296875000001,1.479555e-08
154.039,0.0,0.5111796875000001,1.47763e-08
154.039,0.0,0.5109296875000001,1.47303e-08
154.039,0.0,0.5106796875000001,1.47272e-08
154.039,0.0,0.5104296875000001,1.48156e-08
154.039,0.0,0.5101796875000001,1.481665e-08
154.039,0.0,0.5099296875000001,1.48689e-08
154.039,0.0,0.5096796875000001,1.4870150000000002e-08
154.039,0.0,0.5094296875000001,1.484415e-08
154.039,0.0,0.5091796875000001,1.48762e-08
154.039,0.0,0.5089296875000001,1.486645e-08
154.039,0.0,0.5086796875000001,1.47807e-08
154.039,0.0,0.5084296875000001,1.477495e-08
154.039,0.0,0.5081796875000001,1.49056e-08
154.039,0.0,0.5079296875000001,1.486575e-08
154.039,0.0,0.5076796875000001,1.50008e-08
154.039,0.0,0.5074296875000001,1.490855e-08
154.039,0.0,0.5071796875000001,1.483975e-08
154.039,0.0,0.5069296875000001,1.4876366666666668e-08
154.039,0.0,0.5066796875000001,1.48752e-08
154.039,0.0,0.5064296875000001,1.484675e-08
154.039,0.0,0.5061796875000001,1.48855e-08
154.039,0.0,0.5059296875000001,1.47774e-08
154.039,0.0,0.5056796875000001,1.47618e-08
154.039,0.0,0.5054296875000002,1.4841150000000002e-08
154.039,0.0,0.5051796875000001,1.48171e-08
154.039,0.0,0.5049296875000001,1.4920499999999998e-08
154.039,0.0,0.5046796875000001,1.4797750000000001e-08
154.039,0.0,0.5044296875000002,1.49647e-08
154.039,0.0,0.5041796875000001,1.4834e-08
154.039,0.0,0.5039296875000001,1.484055e-08
154.039,0.0,0.5036796875000001,1.48852e-08
154.039,0.0,0.5034296875000002,1.490505e-08
154.039,0.0,0.5031796875000001,1.4869800000000001e-08
154.039,0.0,0.5029296875000001,1.49279e-08
154.039,0.0,0.5026796875000001,1.488685e-08
154.039,0.0,0.5024296875000002,1.4916050000000002e-08
154.039,0.0,0.5021796875000001,1.4911e-08
154.039,0.0,0.5019296875000001,1.489145e-08
154.039,0.0,0.5016796875000001,1.4893e-08
154.039,0.0,0.5014296875000002,1.497745e-08
154.039,0.0,0.5011796875000001,1.48763e-08
154.039,0.0,0.5009296875000001,1.49474e-08
154.039,0.0,0.5006796875000001,1.49347e-08
154.039,0.0,0.5004296875000002,1.4928e-08
154.039,0.0,0.5001796875000001,1.486095e-08
154.039,0.0,0.4999296875000001,1.4929133333333333e-08
154.039,0.0,0.49967968750000014,1.49076e-08
154.039,0.0,0.4994296875000001,1.4949999999999998e-08
154.039,0.0,0.49917968750000014,1.50018e-08
154.039,0.0,0.4989296875000001,1.4908700000000002e-08
154.039,0.0,0.49867968750000014,1.50088e-08
154.039,0.0,0.4984296875000001,1.5060749999999998e-08
154.039,0.0,0.49817968750000013,1.4976549999999998e-08
154.039,0.0,0.4979296875000001,1.498315e-08
154.039,0.0,0.49767968750000013,1.499305e-08
154.039,0.0,0.4974296875000001,1.50675e-08
154.039,0.0,0.49717968750000013,1.502455e-08
154.039,0.0,0.4969296875000001,1.5004e-08
154.039,0.0,0.49667968750000013,1.50602e-08
154.039,0.0,0.4964296875000001,1.5050349999999998e-08
154.039,0.0,0.49617968750000013,1.503645e-08
154.039,0.0,0.4959296875000001,1.49787e-08
154.039,0.0,0.49567968750000013,1.49494e-08
154.039,0.0,0.4954296875000001,1.4946700000000002e-08
154.039,0.0,0.49517968750000013,1.50028e-08
154.039,0.0,0.4949296875000001,1.49979e-08
154.039,0.0,0.49467968750000013,1.50579e-08
154.039,0.0,0.4944296875000001,1.502525e-08
154.039,0.0,0.49417968750000013,1.50137e-08
154.039,0.0,0.4939296875000001,1.51059e-08
154.039,0.0,0.49367968750000013,1.51521e-08
154.039,0.0,0.4934296875000001,1.508125e-08
154.039,0.0,0.49317968750000013,1.515405e-08
154.039,0.0,0.4929296875000001,1.50245e-08
154.039,0.0,0.49267968750000013,1.50343e-08
154.039,0.0,0.4924296875000001,1.5039699999999998e-08
154.039,0.0,0.49217968750000013,1.4959299999999998e-08
154.039,0.0,0.4919296875000001,1.498515e-08
154.039,0.0,0.49167968750000013,1.5018e-08
154.039,0.0,0.4914296875000001,1.498635e-08
154.039,0.0,0.49117968750000013,1.507615e-08
154.039,0.0,0.4909296875000001,1.50763e-08
154.039,0.0,0.49067968750000013,1.498155e-08
154.039,0.0,0.4904296875000001,1.4988500000000002e-08
154.039,0.0,0.4901796875000001,1.49326e-08
154.039,0.0,0.4899296875000001,1.49033e-08
154.039,0.0,0.4896796875000001,1.489715e-08
154.039,0.0,0.4894296875000001,1.492145e-08
154.039,0.0,0.4891796875000001,1.49146e-08
154.039,0.0,0.4889296875000001,1.485705e-08
154.039,0.0,0.4886796875000001,1.4905199999999998e-08
154.039,0.0,0.4884296875000001,1.489315e-08
154.039,0.0,0.4881796875000001,1.48075e-08
154.039,0.0,0.4879296875000001,1.49448e-08
154.039,0.0,0.4876796875000001,1.488585e-08
154.039,0.0,0.4874296875000001,1.4983649999999998e-08
154.039,0.0,0.4871796875000001,1.49258e-08
154.039,0.0,0.4869296875000001,1.49832e-08
154.039,0.0,0.4866796875000001,1.49964e-08
154.039,0.0,0.4864296875000001,1.4960399999999998e-08
154.039,0.0,0.4861796875000001,1.50051e-08
154.039,0.0,0.4859296875000001,1.49497e-08
154.039,0.0,0.4856796875000001,1.49822e-08
154.039,0.0,0.4854296875000001,1.490085e-08
154.039,0.0,0.4851796875000001,1.500615e-08
154.039,0.0,0.4849296875000001,1.48772e-08
154.039,0.0,0.4846796875000001,1.49775e-08
154.039,0.0,0.4844296875000001,1.49388e-08
154.039,0.0,0.4841796875000001,1.497145e-08
154.039,0.0,0.4839296875000001,1.50532e-08
154.039,0.0,0.4836796875000001,1.498685e-08
154.039,0.0,0.4834296875000001,1.511045e-08
154.039,0.0,0.4831796875000001,1.509125e-08
154.039,0.0,0.4829296875000001,1.50486e-08
154.039,0.0,0.4826796875000001,1.51341e-08
154.039,0.0,0.4824296875000001,1.5138900000000002e-08
154.039,0.0,0.4821796875000001,1.51271e-08
154.039,0.0,0.4819296875000001,1.50978e-08
154.039,0.0,0.4816796875000001,1.5203e-08
154.039,0.0,0.4814296875000001,1.518235e-08
154.039,0.0,0.4811796875000001,1.51147e-08
154.039,0.0,0.4809296875000001,1.51329e-08
154.039,0.0,0.4806796875000001,1.51232e-08
154.039,0.0,0.4804296875000001,1.5132550000000003e-08
154.039,0.0,0.4801796875000001,1.5101700000000002e-08
154.039,0.0,0.4799296875000001,1.5106999999999998e-08
154.039,0.0,0.4796796875000001,1.519125e-08
154.039,0.0,0.4794296875000001,1.5062900000000002e-08
154.039,0.0,0.4791796875000001,1.50928e-08
154.039,0.0,0.4789296875000001,1.50359e-08
154.039,0.0,0.4786796875000001,1.513835e-08
154.039,0.0,0.4784296875000001,1.50849e-08
154.039,0.0,0.4781796875000001,1.50994e-08
154.039,0.0,0.4779296875000001,1.50311e-08
154.039,0.0,0.4776796875000001,1.51532e-08
154.039,0.0,0.4774296875000001,1.51483e-08
154.039,0.0,0.4771796875000001,1.511265e-08
154.039,0.0,0.4769296875000001,1.5117e-08
154.039,0.0,0.4766796875000001,1.50588e-08
154.039,0.0,0.4764296875000001,1.515465e-08
154.039,0.0,0.4761796875000001,1.508615e-08
154.039,0.0,0.4759296875000001,1.50662e-08
154.039,0.0,0.4756796875000001,1.51126e-08
154.039,0.0,0.4754296875000001,1.5170250000000003e-08
154.039,0.0,0.4751796875000001,1.5149099999999998e-08
154.039,0.0,0.4749296875000001,1.507875e-08
154.039,0.0,0.4746796875000001,1.507175e-08
154.039,0.0,0.47442968750000014,1.5091949999999998e-08
154.039,0.0,0.4741796875000001,1.515125e-08
154.039,0.0,0.47392968750000014,1.51697e-08
154.039,0.0,0.4736796875000001,1.510355e-08
154.039,0.0,0.47342968750000014,1.5099150000000003e-08
154.039,0.0,0.4731796875000001,1.50936e-08
154.039,0.0,0.47292968750000014,1.51065e-08
154.039,0.0,0.4726796875000001,1.514015e-08
154.039,0.0,0.47242968750000014,1.51424e-08
154.039,0.0,0.4721796875000001,1.52066e-08
154.039,0.0,0.47192968750000014,1.51177e-08
154.039,0.0,0.4716796875000001,1.5158e-08
154.039,0.0,0.47142968750000014,1.507995e-08
154.039,0.0,0.4711796875000001,1.521515e-08
154.039,0.0,0.47092968750000014,1.5139650000000003e-08
154.039,0.0,0.4706796875000001,1.51736e-08
154.039,0.0,0.47042968750000014,1.5137700000000003e-08
154.039,0.0,0.4701796875000001,1.51949e-08
154.039,0.0,0.46992968750000014,1.5141399999999998e-08
154.039,0.0,0.4696796875000001,1.5077e-08
154.039,0.0,0.46942968750000014,1.513685e-08
154.039,0.0,0.4691796875000001,1.51797e-08
154.039,0.0,0.46892968750000014,1.5131466666666666e-08
154.039,0.0,0.4686796875000001,1.52155e-08
154.039,0.0,0.46842968750000014,1.5224450000000002e-08
154.039,0.0,0.4681796875000001,1.52074e-08
154.039,0.0,0.46792968750000014,1.517515e-08
154.039,0.0,0.4676796875000001,1.52031e-08
154.039,0.0,0.46742968750000014,1.51844e-08
154.039,0.0,0.4671796875000001,1.52753e-08
154.039,0.0,0.46692968750000013,1.52512e-08
154.039,0.0,0.4666796875000001,1.5277800000000002e-08
154.039,0.0,0.46642968750000013,1.526155e-08
154.039,0.0,0.4661796875000001,1.5359300000000002e-08
154.039,0.0,0.46592968750000013,1.5340999999999998e-08
154.039,0.0,0.4656796875000001,1.53854e-08
154.039,0.0,0.46542968750000013,1.5378549999999997e-08
154.039,0.0,0.4651796875000001,1.54009e-08
154.039,0.0,0.46492968750000013,1.53665e-08
154.039,0.0,0.4646796875000001,1.531725e-08
154.039,0.0,0.46442968750000013,1.534485e-08
154.039,0.0,0.4641796875000001,1.52899e-08
154.039,0.0,0.46392968750000013,1.53102e-08
154.039,0.0,0.4636796875000001,1.52798e-08
154.039,0.0,0.46342968750000013,1.532555e-08
154.039,0.0,0.4631796875000001,1.52142e-08
154.039,0.0,0.46292968750000013,1.521275e-08
154.039,0.0,0.4626796875000001,1.5263250000000003e-08
154.039,0.0,0.46242968750000013,1.521315e-08
154.039,0.0,0.4621796875000001,1.51367e-08
154.039,0.0,0.46192968750000013,1.51618e-08
154.039,0.0,0.4616796875000001,1.5211499999999997e-08
154.039,0.0,0.46142968750000013,1.51948e-08
154.039,0.0,0.4611796875000001,1.50711e-08
154.039,0.0,0.46092968750000013,1.5106100000000002e-08
154.039,0.0,0.4606796875000001,1.513415e-08
154.039,0.0,0.46042968750000013,1.51081e-08
154.039,0.0,0.4601796875000001,1.5099e-08
154.039,0.0,0.45992968750000013,1.51e-08
154.039,0.0,0.4596796875000001,1.51057e-08
154.039,0.0,0.45942968750000013,1.5147866666666666e-08
154.039,0.0,0.4591796875000001,1.52032e-08
154.039,0.0,0.4589296875000001,1.5113499999999998e-08
154.039,0.0,0.4586796875000001,1.51351e-08
154.039,0.0,0.4584296875000001,1.522855e-08
154.039,0.0,0.4581796875000001,1.521e-08
154.039,0.0,0.4579296875000001,1.5184300000000002e-08
154.039,0.0,0.4576796875000001,1.51246e-08
154.039,0.0,0.4574296875000001,1.5037499999999998e-08
154.039,0.0,0.4571796875000001,1.5185400000000002e-08
154.039,0.0,0.4569296875000001,1.5173e-08
154.039,0.0,0.4566796875000001,1.524515e-08
154.039,0.0,0.4564296875000001,1.51061e-08
154.039,0.0,0.4561796875000001,1.50826e-08
154.039,0.0,0.4559296875000001,1.51552e-08
154.039,0.0,0.4556796875000001,1.506885e-08
154.039,0.0,0.4554296875000001,1.5037700000000002e-08
154.039,0.0,0.4551796875000001,1.50899e-08
154.039,0.0,0.4549296875000001,1.502745e-08
154.039,0.0,0.4546796875000001,1.499716666666667e-08
154.039,0.0,0.4544296875000001,1.49917e-08
154.039,0.0,0.4541796875000001,1.50647e-08
154.039,0.0,0.4539296875000001,1.5083e-08
154.039,0.0,0.4536796875000001,1.506985e-08
154.039,0.0,0.4534296875000001,1.503215e-08
154.039,0.0,0.4531796875000001,1.50986e-08
154.039,0.0,0.4529296875000001,1.51351e-08
154.039,0.0,0.4526796875000001,1.503825e-08
154.039,0.0,0.4524296875000001,1.507985e-08
154.039,0.0,0.4521796875000001,1.512585e-08
154.039,0.0,0.4519296875000001,1.514845e-08
154.039,0.0,0.4516796875000001,1.516975e-08
154.039,0.0,0.4514296875000001,1.51553e-08
154.039,0.0,0.4511796875000001,1.51899e-08
154.039,0.0,0.4509296875000001,1.51116e-08
154.039,0.0,0.4506796875000001,1.50834e-08
154.039,0.0,0.4504296875000001,1.51167e-08
154.039,0.0,0.4501796875000001,1.510905e-08
154.039,0.0,0.4499296875000001,1.502785e-08
154.039,0.0,0.4496796875000001,1.512485e-08
154.039,0.0,0.4494296875000001,1.49639e-08
154.039,0.0,0.4491796875000001,1.4978600000000003e-08
154.039,0.0,0.4489296875000001,1.502985e-08
154.039,0.0,0.4486796875000001,1.51049e-08
154.039,0.0,0.4484296875000001,1.51181e-08
154.039,0.0,0.4481796875000001,1.505585e-08
154.039,0.0,0.4479296875000001,1.50367e-08
154.039,0.0,0.4476796875000001,1.51286e-08
154.039,0.0,0.4474296875000001,1.50823e-08
154.039,0.0,0.4471796875000001,1.510325e-08
154.039,0.0,0.4469296875000001,1.503245e-08
154.039,0.0,0.4466796875000001,1.5048999999999998e-08
154.039,0.0,0.4464296875000001,1.50624e-08
154.039,0.0,0.4461796875000001,1.5066450000000002e-08
154.039,0.0,0.4459296875000001,1.51174e-08
154.039,0.0,0.4456796875000001,1.50954e-08
154.039,0.0,0.4454296875000001,1.50628e-08
154.039,0.0,0.4451796875000001,1.50742e-08
154.039,0.0,0.4449296875000001,1.5050300000000002e-08
154.039,0.0,0.4446796875000001,1.503265e-08
154.039,0.0,0.4444296875000001,1.50872e-08
154.039,0.0,0.4441796875000001,1.5095100000000003e-08
154.039,0.0,0.4439296875000001,1.500345e-08
154.039,0.0,0.4436796875000001,1.50135e-08
154.039,0.0,0.4434296875000001,1.497415e-08
154.039,0.0,0.44317968750000014,1.4969699999999998e-08
154.039,0.0,0.4429296875000001,1.492635e-08
154.039,0.0,0.44267968750000014,1.502705e-08
154.039,0.0,0.4424296875000001,1.49942e-08
154.039,0.0,0.44217968750000014,1.50187e-08
154.039,0.0,0.4419296875000001,1.5011e-08
154.039,0.0,0.44167968750000014,1.503425e-08
154.039,0.0,0.4414296875000001,1.4964750000000002e-08
154.039,0.0,0.44117968750000014,1.49622e-08
154.039,0.0,0.4409296875000001,1.49187e-08
154.039,0.0,0.44067968750000014,1.48555e-08
154.039,0.0,0.4404296875000001,1.49136e-08
154.039,0.0,0.44017968750000014,1.497635e-08
154.039,0.0,0.4399296875000001,1.501855e-08
154.039,0.0,0.43967968750000014,1.497235e-08
154.039,0.0,0.4394296875000001,1.4922350000000002e-08
154.039,0.0,0.43917968750000014,1.495805e-08
154.039,0.0,0.4389296875000001,1.4989999999999997e-08
154.039,0.0,0.43867968750000014,1.49792e-08
154.039,0.0,0.4384296875000001,1.50439e-08
154.039,0.0,0.43817968750000014,1.493295e-08
154.039,0.0,0.4379296875000001,1.4933300000000002e-08
154.039,0.0,0.43767968750000014,1.4952400000000002e-08
154.039,0.0,0.4374296875000001,1.4971e-08
154.039,0.0,0.43717968750000014,1.49608e-08
154.039,0.0,0.4369296875000001,1.4944200000000002e-08
154.039,0.0,0.43667968750000014,1.490285e-08
154.039,0.0,0.4364296875000001,1.493275e-08
154.039,0.0,0.43617968750000014,1.489005e-08
154.039,0.0,0.4359296875000001,1.484545e-08
154.039,0.0,0.43567968750000013,1.47941e-08
154.039,0.0,0.4354296875000001,1.49209e-08
154.039,0.0,0.43517968750000013,1.501935e-08
154.039,0.0,0.4349296875000001,1.50504e-08
154.039,0.0,0.43467968750000013,1.4998449999999998e-08
154.039,0.0,0.4344296875000001,1.49512e-08
154.039,0.0,0.43417968750000013,1.49328e-08
154.039,0.0,0.4339296875000001,1.49629e-08
154.039,0.0,0.43367968750000013,1.48675e-08
154.039,0.0,0.4334296875000001,1.486355e-08
154.039,0.0,0.43317968750000013,1.500075e-08
154.039,0.0,0.4329296875000001,1.49275e-08
154.039,0.0,0.43267968750000013,1.4984999999999998e-08
154.039,0.0,0.4324296875000001,1.50007e-08
154.039,0.0,0.43217968750000013,1.492105e-08
154.039,0.0,0.4319296875000001,1.49082e-08
154.039,0.0,0.43167968750000013,1.48689e-08
154.039,0.0,0.4314296875000001,1.49179e-08
154.039,0.0,0.43117968750000013,1.48986e-08
154.039,0.0,0.4309296875000001,1.49457e-08
154.039,0.0,0.43067968750000013,1.49674e-08
154.039,0.0,0.4304296875000001,1.496915e-08
154.039,0.0,0.43017968750000013,1.49283e-08
154.039,0.0,0.4299296875000001,1.4971850000000002e-08
154.039,0.0,0.42967968750000013,1.48823e-08
154.039,0.0,0.4294296875000001,1.4985599999999998e-08
154.039,0.0,0.42917968750000013,1.495915e-08
154.039,0.0,0.4289296875000001,1.49326e-08
154.039,0.0,0.42867968750000013,1.49203e-08
154.039,0.0,0.4284296875000001,1.49509e-08
154.039,0.0,0.42817968750000013,1.49239e-08
154.039,0.0,0.4279296875000001,1.490735e-08
154.039,0.0,0.4276796875000001,1.4888e-08
154.039,0.0,0.4274296875000001,1.486155e-08
154.039,0.0,0.4271796875000001,1.486155e-08
154.039,0.0,0.4269296875000001,1.47994e-08
154.039,0.0,0.4266796875000001,1.48699e-08
154.039,0.0,0.4264296875000001,1.48779e-08
154.039,0.0,0.4261796875000001,1.4927800000000002e-08
154.039,0.0,0.4259296875000001,1.4904800000000006e-08
154.039,0.0,0.4256796875000001,1.49666e-08
154.039,0.0,0.4254296875000001,1.49211e-08
154.039,0.0,0.4251796875000001,1.4949749999999998e-08
154.039,0.0,0.4249296875000001,1.483405e-08
154.039,0.0,0.4246796875000001,1.50081e-08
154.039,0.0,0.4244296875000001,1.5000049999999998e-08
154.039,0.0,0.4241796875000001,1.49676e-08
154.039,0.0,0.4239296875000001,1.493035e-08
154.039,0.0,0.4236796875000001,1.49714e-08
154.039,0.0,0.4234296875000001,1.4864200000000001e-08
154.039,0.0,0.4231796875000001,1.48893e-08
154.039,0.0,0.4229296875000001,1.489325e-08
154.039,0.0,0.4226796875000001,1.48412e-08
154.039,0.0,0.4224296875000001,1.480515e-08
154.039,0.0,0.4221796875000001,1.4913850000000002e-08
154.039,0.0,0.4219296875000001,1.47842e-08
154.039,0.0,0.4216796875000001,1.48128e-08
154.039,0.0,0.4214296875000001,1.48833e-08
154.039,0.0,0.4211796875000001,1.495965e-08
154.039,0.0,0.4209296875000001,1.4974633333333338e-08
154.039,0.0,0.4206796875000001,1.50015e-08
154.039,0.0,0.4204296875000001,1.49774e-08
154.039,0.0,0.4201796875000001,1.49795e-08
154.039,0.0,0.4199296875000001,1.4978e-08
154.039,0.0,0.4196796875000001,1.50075e-08
154.039,0.0,0.4194296875000001,1.5006000000000002e-08
154.039,0.0,0.4191796875000001,1.49831e-08
154.039,0.0,0.4189296875000001,1.4963e-08
154.039,0.0,0.4186796875000001,1.49807e-08
154.039,0.0,0.4184296875000001,1.49716e-08
154.039,0.0,0.4181796875000001,1.499595e-08
154.039,0.0,0.4179296875000001,1.492105e-08
154.039,0.0,0.4176796875000001,1.47988e-08
154.039,0.0,0.4174296875000001,1.49095e-08
154.039,0.0,0.4171796875000001,1.4884150000000001e-08
154.039,0.0,0.4169296875000001,1.486545e-08
154.039,0.0,0.4166796875000001,1.486455e-08
154.039,0.0,0.4164296875000001,1.48471e-08
154.039,0.0,0.4161796875000001,1.483905e-08
154.039,0.0,0.4159296875000001,1.4938e-08
154.039,0.0,0.4156796875000001,1.483885e-08
154.039,0.0,0.4154296875000001,1.493305e-08
154.039,0.0,0.4151796875000001,1.49155e-08
154.039,0.0,0.4149296875000001,1.49585e-08
154.039,0.0,0.4146796875000001,1.50252e-08
154.039,0.0,0.4144296875000001,1.494335e-08
154.039,0.0,0.4141796875000001,1.490305e-08
154.039,0.0,0.4139296875000001,1.500805e-08
154.039,0.0,0.4136796875000001,1.495485e-08
154.039,0.0,0.4134296875000001,1.49241e-08
154.039,0.0,0.4131796875000001,1.4971049999999998e-08
154.039,0.0,0.4129296875000001,1.49413e-08
154.039,0.0,0.4126796875000001,1.493205e-08
154.039,0.0,0.4124296875000001,1.494595e-08
154.039,0.0,0.4121796875000001,1.4985849999999998e-08
154.039,0.0,0.41192968750000014,1.4986050000000002e-08
154.039,0.0,0.4116796875000001,1.494835e-08
154.039,0.0,0.41142968750000014,1.50504e-08
154.039,0.0,0.4111796875000001,1.49857e-08
154.039,0.0,0.41092968750000014,1.50289e-08
154.039,0.0,0.4106796875000001,1.5030399999999998e-08
154.039,0.0,0.41042968750000014,1.4951050000000002e-08
154.039,0.0,0.4101796875000001,1.4937600000000003e-08
154.039,0.0,0.40992968750000014,1.504385e-08
154.039,0.0,0.4096796875000001,1.501255e-08
154.039,0.0,0.40942968750000014,1.49041e-08
154.039,0.0,0.4091796875000001,1.497745e-08
154.039,0.0,0.40892968750000014,1.49753e-08
154.039,0.0,0.4086796875000001,1.50464e-08
154.039,0.0,0.40842968750000014,1.500975e-08
154.039,0.0,0.4081796875000001,1.492475e-08
154.039,0.0,0.40792968750000014,1.5036850000000003e-08
154.039,0.0,0.4076796875000001,1.498265e-08
154.039,0.0,0.40742968750000014,1.502295e-08
154.039,0.0,0.4071796875000001,1.499845e-08
154.039,0.0,0.40692968750000014,1.49373e-08
154.039,0.0,0.4066796875000001,1.498625e-08
154.039,0.0,0.40642968750000014,1.491055e-08
154.039,0.0,0.4061796875000001,1.481405e-08
154.039,0.0,0.40592968750000014,1.49399e-08
154.039,0.0,0.4056796875000001,1.49493e-08
154.039,0.0,0.40542968750000014,1.4835066666666666e-08
154.039,0.0,0.4051796875000001,1.4812250000000001e-08
154.039,0.0,0.40492968750000014,1.48646e-08
154.039,0.0,0.4046796875000001,1.48766e-08
154.039,0.0,0.40442968750000013,1.4958199999999998e-08
154.039,0.0,0.4041796875000001,1.48043e-08
154.039,0.0,0.40392968750000013,1.48596e-08
154.039,0.0,0.4036796875000001,1.49373e-08
154.039,0.0,0.40342968750000013,1.48585e-08
154.039,0.0,0.4031796875000001,1.484755e-08
154.039,0.0,0.40292968750000013,1.4733e-08
154.039,0.0,0.4026796875000001,1.48272e-08
154.039,0.0,0.40242968750000013,1.48192e-08
154.039,0.0,0.4021796875000001,1.4897000000000001e-08
154.039,0.0,0.40192968750000013,1.48668e-08
154.039,0.0,0.4016796875000001,1.48577e-08
154.039,0.0,0.40142968750000013,1.485415e-08
154.039,0.0,0.4011796875000001,1.485415e-08
154.039,0.0,0.40092968750000013,1.49069e-08
154.039,0.0,0.4006796875000001,1.489015e-08
154.039,0.0,0.40042968750000013,1.490445e-08
154.039,0.0,0.4001796875000001,1.491455e-08
154.039,0.0,0.39992968750000013,1.48604e-08
154.039,0.0,0.3996796875000001,1.487695e-08
154.039,0.0,0.39942968750000013,1.482095e-08
154.039,0.0,0.3991796875000001,1.48998e-08
154.039,0.0,0.39892968750000013,1.480975e-08
154.039,0.0,0.3986796875000001,1.4814150000000001e-08
154.039,0.0,0.39842968750000013,1.48402e-08
154.039,0.0,0.3981796875000001,1.49278e-08
154.039,0.0,0.39792968750000013,1.47845e-08
154.039,0.0,0.3976796875000001,1.48367e-08
154.039,0.0,0.39742968750000013,1.481815e-08
154.039,0.0,0.3971796875000001,1.47993e-08
154.039,0.0,0.39692968750000013,1.47413e-08
154.039,0.0,0.3966796875000001,1.476875e-08
154.039,0.0,0.3964296875000001,1.47966e-08
154.039,0.0,0.3961796875000001,1.466955e-08
154.039,0.0,0.3959296875000001,1.47892e-08
154.039,0.0,0.3956796875000001,1.4755100000000001e-08
154.039,0.0,0.3954296875000001,1.467565e-08
154.039,0.0,0.3951796875000001,1.46644e-08
154.039,0.0,0.3949296875000001,1.465875e-08
154.039,0.0,0.3946796875000001,1.47661e-08
154.039,0.0,0.3944296875000001,1.47666e-08
154.039,0.0,0.3941796875000001,1.474545e-08
154.039,0.0,0.3939296875000001,1.47489e-08
154.039,0.0,0.3936796875000001,1.47124e-08
154.039,0.0,0.3934296875000001,1.47643e-08
154.039,0.0,0.3931796875000001,1.46357e-08
154.039,0.0,0.3929296875000001,1.466055e-08
154.039,0.0,0.3926796875000001,1.4648e-08
154.039,0.0,0.3924296875000001,1.472035e-08
154.039,0.0,0.3921796875000001,1.46835e-08
154.039,0.0,0.3919296875000001,1.4731266666666666e-08
154.039,0.0,0.3916796875000001,1.47624e-08
154.039,0.0,0.3914296875000001,1.4709150000000001e-08
154.039,0.0,0.3911796875000001,1.47098e-08
154.039,0.0,0.3909296875000001,1.47724e-08
154.039,0.0,0.3906796875000001,1.479055e-08
154.039,0.0,0.3904296875000001,1.478595e-08
154.039,0.0,0.3901796875000001,1.4704e-08
154.039,0.0,0.3899296875000001,1.4791399999999998e-08
154.039,0.0,0.3896796875000001,1.476045e-08
154.039,0.0,0.3894296875000001,1.476085e-08
154.039,0.0,0.3891796875000001,1.46582e-08
154.039,0.0,0.3889296875000001,1.467865e-08
154.039,0.0,0.3886796875000001,1.46496e-08
154.039,0.0,0.3884296875000001,1.471355e-08
154.039,0.0,0.3881796875000001,1.46779e-08
154.039,0.0,0.3879296875000001,1.4650050000000002e-08
154.039,0.0,0.3876796875000001,1.465335e-08
154.039,0.0,0.3874296875000001,1.4583266666666669e-08
154.039,0.0,0.3871796875000001,1.45969e-08
154.039,0.0,0.3869296875000001,1.464105e-08
154.039,0.0,0.3866796875000001,1.473125e-08
154.039,0.0,0.3864296875000001,1.465075e-08
154.039,0.0,0.3861796875000001,1.46128e-08
154.039,0.0,0.3859296875000001,1.45375e-08
154.039,0.0,0.3856796875000001,1.458895e-08
154.039,0.0,0.3854296875000001,1.457225e-08
154.039,0.0,0.3851796875000001,1.455595e-08
154.039,0.0,0.3849296875000001,1.46138e-08
154.039,0.0,0.3846796875000001,1.45772e-08
154.039,0.0,0.3844296875000001,1.451415e-08
154.039,0.0,0.3841796875000001,1.45737e-08
154.039,0.0,0.3839296875000001,1.449345e-08
154.039,0.0,0.3836796875000001,1.45896e-08
154.039,0.0,0.3834296875000001,1.453565e-08
154.039,0.0,0.3831796875000001,1.4513e-08
154.039,0.0,0.3829296875000001,1.45987e-08
154.039,0.0,0.3826796875000001,1.456135e-08
154.039,0.0,0.3824296875000001,1.457475e-08
154.039,0.0,0.3821796875000001,1.4671e-08
154.039,0.0,0.3819296875000001,1.45858e-08
154.039,0.0,0.3816796875000001,1.452785e-08
154.039,0.0,0.3814296875000001,1.448815e-08
154.039,0.0,0.3811796875000001,1.45211e-08
154.039,0.0,0.3809296875000001,1.44883e-08
154.039,0.0,0.38067968750000014,1.45781e-08
154.039,0.0,0.3804296875000001,1.46352e-08
154.039,0.0,0.38017968750000014,1.455555e-08
154.039,0.0,0.3799296875000001,1.45439e-08
154.039,0.0,0.37967968750000014,1.450625e-08
154.039,0.0,0.3794296875000001,1.462235e-08
154.039,0.0,0.37917968750000014,1.45441e-08
154.039,0.0,0.3789296875000001,1.458695e-08
154.039,0.0,0.37867968750000014,1.45257e-08
154.039,0.0,0.3784296875000001,1.448165e-08
154.039,0.0,0.37817968750000014,1.451565e-08
154.039,0.0,0.3779296875000001,1.446105e-08
154.039,0.0,0.37767968750000014,1.451295e-08
154.039,0.0,0.3774296875000001,1.45355e-08
154.039,0.0,0.37717968750000014,1.44025e-08
154.039,0.0,0.3769296875000001,1.45063e-08
154.039,0.0,0.37667968750000014,1.44535e-08
154.039,0.0,0.3764296875000001,1.43651e-08
154.039,0.0,0.37617968750000014,1.46037e-08
154.039,0.0,0.3759296875000001,1.44881e-08
154.039,0.0,0.37567968750000014,1.4502366666666669e-08
154.039,0.0,0.3754296875000001,1.44253e-08
154.039,0.0,0.37517968750000014,1.438175e-08
154.039,0.0,0.3749296875000001,1.440835e-08
154.039,0.0,0.37467968750000014,1.44504e-08
154.039,0.0,0.3744296875000001,1.44019e-08
154.039,0.0,0.37417968750000014,1.443055e-08
154.039,0.0,0.3739296875000001,1.4381050000000001e-08
154.039,0.0,0.37367968750000014,1.4466666666666669e-08
154.039,0.0,0.3734296875000001,1.44726e-08
154.039,0.0,0.37317968750000013,1.45273e-08
154.039,0.0,0.3729296875000001,1.4528700000000001e-08
154.039,0.0,0.37267968750000013,1.444915e-08
154.039,0.0,0.3724296875000001,1.45036e-08
154.039,0.0,0.37217968750000013,1.451145e-08
154.039,0.0,0.3719296875000001,1.45554e-08
154.039,0.0,0.37167968750000013,1.443065e-08
154.039,0.0,0.3714296875000001,1.441515e-08
154.039,0.0,0.37117968750000013,1.45059e-08
154.039,0.0,0.3709296875000001,1.44029e-08
154.039,0.0,0.37067968750000013,1.445165e-08
154.039,0.0,0.3704296875000001,1.45651e-08
154.039,0.0,0.37017968750000013,1.454705e-08
154.039,0.0,0.3699296875000001,1.453385e-08
154.039,0.0,0.36967968750000013,1.449515e-08
154.039,0.0,0.3694296875000001,1.45909e-08
154.039,0.0,0.36917968750000013,1.457315e-08
154.039,0.0,0.3689296875000001,1.4632600000000001e-08
154.039,0.0,0.36867968750000013,1.447765e-08
154.039,0.0,0.3684296875000001,1.43633e-08
154.039,0.0,0.36817968750000013,1.439055e-08
154.039,0.0,0.3679296875000001,1.46639e-08
154.039,0.0,0.36767968750000013,1.45351e-08
154.039,0.0,0.3674296875000001,1.449935e-08
154.039,0.0,0.36717968750000013,1.446265e-08
154.039,0.0,0.3669296875000001,1.466305e-08
154.039,0.0,0.36667968750000013,1.45756e-08
154.039,0.0,0.3664296875000001,1.44284e-08
154.039,0.0,0.36617968750000013,1.4593e-08
154.039,0.0,0.3659296875000001,1.458835e-08
154.039,0.0,0.36567968750000013,1.468775e-08
154.039,0.0,0.3654296875000001,1.47267e-08
154.039,0.0,0.3651796875000001,1.456325e-08
154.039,0.0,0.3649296875000001,1.472845e-08
154.039,0.0,0.3646796875000001,1.4678333333333332e-08
154.039,0.0,0.3644296875000001,1.46928e-08
154.039,0.0,0.3641796875000001,1.467955e-08
154.039,0.0,0.3639296875000001,1.46675e-08
154.039,0.0,0.3636796875000001,1.47705e-08
154.039,0.0,0.3634296875000001,1.45769e-08
154.039,0.0,0.3631796875000001,1.45459e-08
154.039,0.0,0.3629296875000001,1.468e-08
154.039,0.0,0.3626796875000001,1.475e-08
154.039,0.0,0.3624296875000001,1.47413e-08
154.039,0.0,0.3621796875000001,1.4643e-08
154.039,0.0,0.3619296875000001,1.46895e-08
154.039,0.0,0.3616796875000001,1.4651200000000001e-08
154.039,0.0,0.3614296875000001,1.46418e-08
154.039,0.0,0.3611796875000001,1.45911e-08
154.039,0.0,0.3609296875000001,1.47737e-08
154.039,0.0,0.3606796875000001,1.458805e-08
154.039,0.0,0.3604296875000001,1.465745e-08
154.039,0.0,0.3601796875000001,1.472485e-08
154.039,0.0,0.3599296875000001,1.45344e-08
154.039,0.0,0.3596796875000001,1.468e-08
154.039,0.0,0.3594296875000001,1.4587e-08
154.039,0.0,0.3591796875000001,1.46575e-08
154.039,0.0,0.3589296875000001,1.455895e-08
154.039,0.0,0.3586796875000001,1.460555e-08
154.039,0.0,0.3584296875000001,1.46756e-08
154.039,0.0,0.3581796875000001,1.468985e-08
154.039,0.0,0.3579296875000001,1.45226e-08
154.039,0.0,0.3576796875000001,1.47553e-08
154.039,0.0,0.3574296875000001,1.480525e-08
154.039,0.0,0.3571796875000001,1.465575e-08
154.039,0.0,0.3569296875000001,1.46972e-08
154.039,0.0,0.3566796875000001,1.44073e-08
154.039,0.0,0.3564296875000001,1.4727200000000001e-08
154.039,0.0,0.3561796875000001,1.474735e-08
154.039,0.0,0.3559296875000001,1.45888e-08
154.039,0.0,0.3556796875000001,1.4609850000000002e-08
154.039,0.0,0.3554296875000001,1.4624950000000001e-08
154.039,0.0,0.3551796875000001,1.473285e-08
154.039,0.0,0.3549296875000001,1.465015e-08
154.039,0.0,0.3546796875000001,1.47872e-08
154.039,0.0,0.3544296875000001,1.458655e-08
154.039,0.0,0.3541796875000001,1.47702e-08
154.039,0.0,0.3539296875000001,1.47692e-08
154.039,0.0,0.3536796875000001,1.469485e-08
154.039,0.0,0.3534296875000001,1.466095e-08
154.039,0.0,0.3531796875000001,1.46001e-08
154.039,0.0,0.3529296875000001,1.4509e-08
154.039,0.0,0.3526796875000001,1.45452e-08
154.039,0.0,0.3524296875000001,1.45284e-08
154.039,0.0,0.3521796875000001,1.46598e-08
154.039,0.0,0.3519296875000001,1.45011e-08
154.039,0.0,0.3516796875000001,1.45882e-08
154.039,0.0,0.3514296875000001,1.4455266666666668e-08
154.039,0.0,0.3511796875000001,1.45981e-08
154.039,0.0,0.3509296875000001,1.444065e-08
154.039,0.0,0.3506796875000001,1.45157e-08
154.039,0.0,0.3504296875000001,1.44606e-08
154.039,0.0,0.3501796875000001,1.434625e-08
154.039,0.0,0.3499296875000001,1.453145e-08
154.039,0.0,0.3496796875000001,1.4456e-08
154.039,0.0,0.34942968750000014,1.45172e-08
154.039,0.0,0.3491796875000001,1.454345e-08
154.039,0.0,0.34892968750000014,1.4437066666666666e-08
154.039,0.0,0.3486796875000001,1.43797e-08
154.039,0.0,0.34842968750000014,1.454095e-08
154.039,0.0,0.3481796875000001,1.44612e-08
154.039,0.0,0.34792968750000014,1.44771e-08
154.039,0.0,0.3476796875000001,1.45317e-08
154.039,0.0,0.34742968750000014,1.45639e-08
154.039,0.0,0.3471796875000001,1.44137e-08
154.039,0.0,0.34692968750000014,1.449985e-08
154.039,0.0,0.3466796875000001,1.44928e-08
154.039,0.0,0.34642968750000014,1.443795e-08
154.039,0.0,0.3461796875000001,1.44022e-08
154.039,0.0,0.34592968750000014,1.437795e-08
154.039,0.0,0.3456796875000001,1.456e-08
154.039,0.0,0.34542968750000014,1.44683e-08
154.039,0.0,0.3451796875000001,1.43751e-08
154.039,0.0,0.34492968750000014,1.449525e-08
154.039,0.0,0.3446796875000001,1.4341400000000001e-08
154.039,0.0,0.34442968750000014,1.439715e-08
154.039,0.0,0.3441796875000001,1.44267e-08
154.039,0.0,0.34392968750000014,1.45936e-08
154.039,0.0,0.3436796875000001,1.43578e-08
154.039,0.0,0.34342968750000014,1.42626e-08
154.039,0.0,0.3431796875000001,1.43884e-08
154.039,0.0,0.34292968750000014,1.43047e-08
154.039,0.0,0.3426796875000001,1.42254e-08
154.039,0.0,0.34242968750000014,1.43349e-08
154.039,0.0,0.3421796875000001,1.43742e-08
154.039,0.0,0.34192968750000013,1.44136e-08
154.039,0.0,0.3416796875000001,1.44817e-08
154.039,0.0,0.34142968750000013,1.45095e-08
154.039,0.0,0.3411796875000001,1.44002e-08
154.039,0.0,0.34092968750000013,1.44761e-08
154.039,0.0,0.3406796875000001,1.4179e-08
154.039,0.0,0.34042968750000013,1.448525e-08
154.039,0.0,0.3401796875000001,1.44444e-08
154.039,0.0,0.33992968750000013,1.4462200000000002e-08
154.039,0.0,0.3396796875000001,1.437105e-08
154.039,0.0,0.33942968750000013,1.44777e-08
154.039,0.0,0.3391796875000001,1.455625e-08
154.039,0.0,0.33892968750000013,1.45643e-08
154.039,0.0,0.3386796875000001,1.45283e-08
154.039,0.0,0.33842968750000013,1.450625e-08
154.039,0.0,0.3381796875000001,1.455465e-08
154.039,0.0,0.33792968750000013,1.45175e-08
154.039,0.0,0.3376796875000001,1.44418e-08
154.039,0.0,0.33742968750000013,1.44983e-08
154.039,0.0,0.3371796875000001,1.45194e-08
154.039,0.0,0.33692968750000013,1.45589e-08
154.039,0.0,0.3366796875000001,1.458865e-08
154.039,0.0,0.33642968750000013,1.45441e-08
154.039,0.0,0.3361796875000001,1.45139e-08
154.039,0.0,0.33592968750000013,1.46768e-08
154.039,0.0,0.3356796875000001,1.4575450000000001e-08
154.039,0.0,0.33542968750000013,1.4511933333333334e-08
154.039,0.0,0.3351796875000001,1.460665e-08
154.039,0.0,0.33492968750000013,1.45589e-08
154.039,0.0,0.3346796875000001,1.4596500000000001e-08
154.039,0.0,0.33442968750000013,1.454955e-08
154.039,0.0,0.3341796875000001,1.44665e-08
154.039,0.0,0.3339296875000001,1.44628e-08
154.039,0.0,0.3336796875000001,1.461525e-08
154.039,0.0,0.3334296875000001,1.474725e-08
154.039,0.0,0.3331796875000001,1.458e-08
154.039,0.0,0.3329296875000001,1.459315e-08
154.039,0.0,0.3326796875000001,1.442935e-08
154.039,0.0,0.3324296875000001,1.4609350000000001e-08
154.039,0.0,0.3321796875000001,1.452585e-08
154.039,0.0,0.3319296875000001,1.44933e-08
154.039,0.0,0.3316796875000001,1.455105e-08
154.039,0.0,0.3314296875000001,1.460035e-08
154.039,0.0,0.3311796875000001,1.459485e-08
154.039,0.0,0.3309296875000001,1.45294e-08
154.039,0.0,0.3306796875000001,1.44878e-08
154.039,0.0,0.3304296875000001,1.455425e-08
154.039,0.0,0.3301796875000001,1.457815e-08
154.039,0.0,0.3299296875000001,1.43945e-08
154.039,0.0,0.3296796875000001,1.46389e-08
154.039,0.0,0.3294296875000001,1.4583100000000001e-08
154.039,0.0,0.3291796875000001,1.436025e-08
154.039,0.0,0.3289296875000001,1.460925e-08
154.039,0.0,0.3286796875000001,1.4623e-08
154.039,0.0,0.3284296875000001,1.467125e-08
154.039,0.0,0.3281796875000001,1.464775e-08
154.039,0.0,0.3279296875000001,1.45901e-08
154.039,0.0,0.3276796875000001,1.45529e-08
154.039,0.0,0.3274296875000001,1.470535e-08
154.039,0.0,0.3271796875000001,1.456705e-08
154.039,0.0,0.3269296875000001,1.46274e-08
154.039,0.0,0.3266796875000001,1.4652866666666669e-08
154.039,0.0,0.3264296875000001,1.45888e-08
154.039,0.0,0.3261796875000001,1.473855e-08
154.039,0.0,0.3259296875000001,1.47372e-08
154.039,0.0,0.3256796875000001,1.465185e-08
154.039,0.0,0.3254296875000001,1.46983e-08
154.039,0.0,0.3251796875000001,1.46563e-08
154.039,0.0,0.3249296875000001,1.46251e-08
154.039,0.0,0.3246796875000001,1.45865e-08
154.039,0.0,0.3244296875000001,1.461615e-08
154.039,0.0,0.3241796875000001,1.462145e-08
154.039,0.0,0.3239296875000001,1.45282e-08
154.039,0.0,0.3236796875000001,1.4635600000000001e-08
154.039,0.0,0.3234296875000001,1.4587750000000001e-08
154.039,0.0,0.3231796875000001,1.46855e-08
154.039,0.0,0.3229296875000001,1.46486e-08
154.039,0.0,0.3226796875000001,1.454115e-08
154.039,0.0,0.3224296875000001,1.469055e-08
154.039,0.0,0.3221796875000001,1.466545e-08
154.039,0.0,0.3219296875000001,1.4497750000000002e-08
154.039,0.0,0.3216796875000001,1.474805e-08
154.039,0.0,0.3214296875000001,1.4615650000000001e-08
154.039,0.0,0.3211796875000001,1.45562e-08
154.039,0.0,0.3209296875000001,1.456925e-08
154.039,0.0,0.3206796875000001,1.46227e-08
154.039,0.0,0.3204296875000001,1.4649550000000001e-08
154.039,0.0,0.3201796875000001,1.45818e-08
154.039,0.0,0.3199296875000001,1.4661e-08
154.039,0.0,0.3196796875000001,1.4685849999999998e-08
154.039,0.0,0.3194296875000001,1.469725e-08
154.039,0.0,0.3191796875000001,1.46422e-08
154.039,0.0,0.3189296875000001,1.462335e-08
154.039,0.0,0.3186796875000001,1.47126e-08
154.039,0.0,0.3184296875000001,1.466575e-08
154.039,0.0,0.31817968750000014,1.49948e-08
154.039,0.0,0.3179296875000001,1.472535e-08
154.039,0.0,0.31767968750000014,1.4736566666666668e-08
154.039,0.0,0.3174296875000001,1.49719e-08
154.039,0.0,0.31717968750000014,1.47717e-08
154.039,0.0,0.3169296875000001,1.47907e-08
154.039,0.0,0.31667968750000014,1.474795e-08
154.039,0.0,0.3164296875000001,1.480155e-08
154.039,0.0,0.31617968750000014,1.46916e-08
154.039,0.0,0.3159296875000001,1.478705e-08
154.039,0.0,0.31567968750000014,1.4732350000000002e-08
154.039,0.0,0.3154296875000001,1.4713250000000001e-08
154.039,0.0,0.31517968750000014,1.46543e-08
154.039,0.0,0.3149296875000001,1.454125e-08
154.039,0.0,0.31467968750000014,1.46373e-08
154.039,0.0,0.3144296875000001,1.4596500000000001e-08
154.039,0.0,0.31417968750000014,1.45563e-08
154.039,0.0,0.3139296875000001,1.462025e-08
154.039,0.0,0.31367968750000014,1.46277e-08
154.039,0.0,0.3134296875000001,1.470115e-08
154.039,0.0,0.31317968750000014,1.47246e-08
154.039,0.0,0.3129296875000001,1.46956e-08
154.039,0.0,0.31267968750000014,1.47771e-08
154.039,0.0,0.3124296875000001,1.476505e-08
154.039,0.0,0.31217968750000014,1.4719e-08
154.039,0.0,0.3119296875000001,1.466585e-08
154.039,0.0,0.31167968750000014,1.475655e-08
154.039,0.0,0.3114296875000001,1.474195e-08
154.039,0.0,0.31117968750000014,1.47484e-08
154.039,0.0,0.3109296875000001,1.4788433333333336e-08
154.039,0.0,0.31067968750000013,1.473125e-08
154.039,0.0,0.3104296875000001,1.475225e-08
154.039,0.0,0.31017968750000013,1.48001e-08
154.039,0.0,0.3099296875000001,1.472835e-08
154.039,0.0,0.30967968750000013,1.48066e-08
154.039,0.0,0.3094296875000001,1.48316e-08
154.039,0.0,0.30917968750000013,1.47522e-08
154.039,0.0,0.3089296875000001,1.470395e-08
154.039,0.0,0.30867968750000013,1.4759066666666666e-08
154.039,0.0,0.3084296875000001,1.477825e-08
154.039,0.0,0.30817968750000013,1.47136e-08
154.039,0.0,0.3079296875000001,1.48188e-08
154.039,0.0,0.30767968750000013,1.47233e-08
154.039,0.0,0.3074296875000001,1.479945e-08
154.039,0.0,0.30717968750000013,1.4996e-08
154.039,0.0,0.3069296875000001,1.492275e-08
154.039,0.0,0.30667968750000013,1.484105e-08
154.039,0.0,0.3064296875000001,1.484725e-08
154.039,0.0,0.30617968750000013,1.47735e-08
154.039,0.0,0.3059296875000001,1.465465e-08
154.039,0.0,0.30567968750000013,1.46935e-08
154.039,0.0,0.3054296875000001,1.48435e-08
154.039,0.0,0.30517968750000013,1.48645e-08
154.039,0.0,0.3049296875000001,1.48326e-08
154.039,0.0,0.30467968750000013,1.478355e-08
154.039,0.0,0.3044296875000001,1.4842249999999998e-08
154.039,0.0,0.30417968750000013,1.481e-08
154.039,0.0,0.3039296875000001,1.4753433333333333e-08
154.039,0.0,0.30367968750000013,1.47105e-08
154.039,0.0,0.3034296875000001,1.45583e-08
154.039,0.0,0.30317968750000013,1.47958e-08
154.039,0.0,0.3029296875000001,1.477345e-08
154.039,0.0,0.3026796875000001,1.477175e-08
154.039,0.0,0.3024296875000001,1.476335e-08
154.039,0.0,0.3021796875000001,1.48375e-08
154.039,0.0,0.3019296875000001,1.465465e-08
154.039,0.0,0.3016796875000001,1.4729866666666668e-08
154.039,0.0,0.3014296875000001,1.4855e-08
154.039,0.0,0.3011796875000001,1.46866e-08
154.039,0.0,0.3009296875000001,1.48149e-08
154.039,0.0,0.3006796875000001,1.47418e-08
154.039,0.0,0.3004296875000001,1.48914e-08
154.039,0.0,0.3001796875000001,1.489905e-08
154.039,0.0,0.2999296875000001,1.4833e-08
154.039,0.0,0.2996796875000001,1.482935e-08
154.039,0.0,0.2994296875000001,1.4917e-08
154.039,0.0,0.2991796875000001,1.471935e-08
154.039,0.0,0.2989296875000001,1.48852e-08
154.039,0.0,0.2986796875000001,1.478905e-08
154.039,0.0,0.2984296875000001,1.49414e-08
154.039,0.0,0.2981796875000001,1.481355e-08
154.039,0.0,0.2979296875000001,1.49591e-08
154.039,0.0,0.2976796875000001,1.49171e-08
154.039,0.0,0.2974296875000001,1.49088e-08
154.039,0.0,0.2971796875000001,1.500745e-08
154.039,0.0,0.2969296875000001,1.503385e-08
154.039,0.0,0.2966796875000001,1.5016400000000002e-08
154.039,0.0,0.2964296875000001,1.5102e-08
154.039,0.0,0.2961796875000001,1.5063199999999998e-08
154.039,0.0,0.2959296875000001,1.5001100000000002e-08
154.039,0.0,0.2956796875000001,1.512805e-08
154.039,0.0,0.2954296875000001,1.50058e-08
154.039,0.0,0.2951796875000001,1.504515e-08
154.039,0.0,0.2949296875000001,1.500765e-08
154.039,0.0,0.2946796875000001,1.5076433333333334e-08
154.039,0.0,0.2944296875000001,1.50302e-08
154.039,0.0,0.2941796875000001,1.49655e-08
154.039,0.0,0.2939296875000001,1.504145e-08
154.039,0.0,0.2936796875000001,1.50879e-08
154.039,0.0,0.2934296875000001,1.51771e-08
154.039,0.0,0.2931796875000001,1.519455e-08
154.039,0.0,0.2929296875000001,1.50571e-08
154.039,0.0,0.2926796875000001,1.512815e-08
154.039,0.0,0.2924296875000001,1.512725e-08
154.039,0.0,0.2921796875000001,1.508075e-08
154.039,0.0,0.2919296875000001,1.515765e-08
154.039,0.0,0.2916796875000001,1.505235e-08
154.039,0.0,0.2914296875000001,1.51609e-08
154.039,0.0,0.2911796875000001,1.52381e-08
154.039,0.0,0.2909296875000001,1.51435e-08
154.039,0.0,0.2906796875000001,1.518315e-08
154.039,0.0,0.2904296875000001,1.519455e-08
154.039,0.0,0.2901796875000001,1.509345e-08
154.039,0.0,0.2899296875000001,1.514015e-08
154.039,0.0,0.2896796875000001,1.526515e-08
154.039,0.0,0.2894296875000001,1.51373e-08
154.039,0.0,0.2891796875000001,1.51177e-08
154.039,0.0,0.2889296875000001,1.510955e-08
154.039,0.0,0.2886796875000001,1.508585e-08
154.039,0.0,0.2884296875000001,1.532255e-08
154.039,0.0,0.2881796875000001,1.51751e-08
154.039,0.0,0.2879296875000001,1.527995e-08
154.039,0.0,0.2876796875000001,1.517955e-08
154.039,0.0,0.2874296875000001,1.53253e-08
154.039,0.0,0.2871796875000001,1.527615e-08
154.039,0.0,0.28692968750000014,1.536765e-08
154.039,0.0,0.2866796875000001,1.5332549999999998e-08
154.039,0.0,0.28642968750000014,1.52885e-08
154.039,0.0,0.2861796875000001,1.53979e-08
154.039,0.0,0.28592968750000014,1.5388533333333332e-08
154.039,0.0,0.2856796875000001,1.53568e-08
154.039,0.0,0.28542968750000014,1.5336800000000003e-08
154.039,0.0,0.2851796875000001,1.53077e-08
154.039,0.0,0.28492968750000014,1.542195e-08
154.039,0.0,0.2846796875000001,1.5453300000000002e-08
154.039,0.0,0.28442968750000014,1.53934e-08
154.039,0.0,0.2841796875000001,1.5450600000000002e-08
154.039,0.0,0.28392968750000014,1.551125e-08
154.039,0.0,0.2836796875000001,1.54575e-08
154.039,0.0,0.28342968750000014,1.5504200000000002e-08
154.039,0.0,0.2831796875000001,1.554825e-08
154.039,0.0,0.28292968750000014,1.549875e-08
154.039,0.0,0.2826796875000001,1.55834e-08
154.039,0.0,0.28242968750000014,1.550705e-08
154.039,0.0,0.2821796875000001,1.557465e-08
154.039,0.0,0.28192968750000014,1.548725e-08
154.039,0.0,0.2816796875000001,1.55257e-08
154.039,0.0,0.28142968750000014,1.55777e-08
154.039,0.0,0.2811796875000001,1.555155e-08
154.039,0.0,0.28092968750000014,1.544775e-08
154.039,0.0,0.2806796875000001,1.55012e-08
154.039,0.0,0.28042968750000014,1.5475e-08
154.039,0.0,0.2801796875000001,1.554005e-08
154.039,0.0,0.27992968750000014,1.549875e-08
154.039,0.0,0.2796796875000001,1.55148e-08
154.039,0.0,0.27942968750000013,1.5499966666666667e-08
154.039,0.0,0.2791796875000001,1.548785e-08
154.039,0.0,0.27892968750000013,1.553115e-08
154.039,0.0,0.2786796875000001,1.54879e-08
154.039,0.0,0.27842968750000013,1.5537049999999998e-08
154.039,0.0,0.2781796875000001,1.55547e-08
154.039,0.0,0.27792968750000013,1.546155e-08
154.039,0.0,0.2776796875000001,1.56026e-08
154.039,0.0,0.27742968750000013,1.55464e-08
154.039,0.0,0.2771796875000001,1.552975e-08
154.039,0.0,0.27692968750000013,1.56857e-08
154.039,0.0,0.2766796875000001,1.5662200000000002e-08
154.039,0.0,0.27642968750000013,1.57747e-08
154.039,0.0,0.2761796875000001,1.560615e-08
154.039,0.0,0.27592968750000013,1.5755200000000002e-08
154.039,0.0,0.2756796875000001,1.56887e-08
154.039,0.0,0.27542968750000013,1.581645e-08
154.039,0.0,0.2751796875000001,1.57695e-08
154.039,0.0,0.27492968750000013,1.5768900000000002e-08
154.039,0.0,0.2746796875000001,1.57175e-08
154.039,0.0,0.27442968750000013,1.5758750000000002e-08
154.039,0.0,0.2741796875000001,1.5699400000000002e-08
154.039,0.0,0.27392968750000013,1.579405e-08
154.039,0.0,0.2736796875000001,1.57836e-08
154.039,0.0,0.27342968750000013,1.589075e-08
154.039,0.0,0.2731796875000001,1.583165e-08
154.039,0.0,0.27292968750000013,1.584355e-08
154.039,0.0,0.2726796875000001,1.58727e-08
154.039,0.0,0.27242968750000013,1.5865433333333335e-08
154.039,0.0,0.2721796875000001,1.583495e-08
154.039,0.0,0.27192968750000013,1.5957299999999998e-08
154.039,0.0,0.2716796875000001,1.58633e-08
154.039,0.0,0.2714296875000001,1.5804449999999998e-08
154.039,0.0,0.2711796875000001,1.59336e-08
154.039,0.0,0.2709296875000001,1.59774e-08
154.039,0.0,0.2706796875000001,1.58803e-08
154.039,0.0,0.2704296875000001,1.59095e-08
154.039,0.0,0.2701796875000001,1.59675e-08
154.039,0.0,0.2699296875000001,1.582975e-08
154.039,0.0,0.2696796875000001,1.59809e-08
154.039,0.0,0.2694296875000001,1.59552e-08
154.039,0.0,0.2691796875000001,1.597825e-08
154.039,0.0,0.2689296875000001,1.5989599999999998e-08
154.039,0.0,0.2686796875000001,1.61672e-08
154.039,0.0,0.2684296875000001,1.5984550000000003e-08
154.039,0.0,0.2681796875000001,1.5977450000000006e-08
154.039,0.0,0.2679296875000001,1.599755e-08
154.039,0.0,0.2676796875000001,1.60879e-08
154.039,0.0,0.2674296875000001,1.618355e-08
154.039,0.0,0.2671796875000001,1.61003e-08
154.039,0.0,0.2669296875000001,1.6110950000000002e-08
154.039,0.0,0.2666796875000001,1.63407e-08
154.039,0.0,0.2664296875000001,1.631175e-08
154.039,0.0,0.2661796875000001,1.62637e-08
154.039,0.0,0.2659296875000001,1.62318e-08
154.039,0.0,0.2656796875000001,1.62981e-08
154.039,0.0,0.2654296875000001,1.62695e-08
154.039,0.0,0.2651796875000001,1.6272000000000002e-08
154.039,0.0,0.2649296875000001,1.62593e-08
154.039,0.0,0.2646796875000001,1.6375e-08
154.039,0.0,0.2644296875000001,1.639905e-08
154.039,0.0,0.2641796875000001,1.634615e-08
154.039,0.0,0.2639296875000001,1.641275e-08
154.039,0.0,0.2636796875000001,1.63299e-08
154.039,0.0,0.2634296875000001,1.6410266666666666e-08
154.039,0.0,0.2631796875000001,1.6407649999999998e-08
154.039,0.0,0.2629296875000001,1.64372e-08
154.039,0.0,0.2626796875000001,1.65606e-08
154.039,0.0,0.2624296875000001,1.651875e-08
154.039,0.0,0.2621796875000001,1.65607e-08
154.039,0.0,0.2619296875000001,1.67447e-08
154.039,0.0,0.2616796875000001,1.657495e-08
154.039,0.0,0.2614296875000001,1.6586150000000002e-08
154.039,0.0,0.2611796875000001,1.65642e-08
154.039,0.0,0.2609296875000001,1.65691e-08
154.039,0.0,0.2606796875000001,1.649115e-08
154.039,0.0,0.2604296875000001,1.65917e-08
154.039,0.0,0.2601796875000001,1.65624e-08
154.039,0.0,0.2599296875000001,1.66147e-08
154.039,0.0,0.2596796875000001,1.6628899999999997e-08
154.039,0.0,0.2594296875000001,1.6580150000000002e-08
154.039,0.0,0.2591796875000001,1.660165e-08
154.039,0.0,0.2589296875000001,1.65242e-08
154.039,0.0,0.2586796875000001,1.659775e-08
154.039,0.0,0.2584296875000001,1.6566e-08
154.039,0.0,0.2581796875000001,1.66182e-08
154.039,0.0,0.2579296875000001,1.65682e-08
154.039,0.0,0.2576796875000001,1.65656e-08
154.039,0.0,0.2574296875000001,1.66314e-08
154.039,0.0,0.2571796875000001,1.6604750000000002e-08
154.039,0.0,0.2569296875000001,1.6591949999999998e-08
154.039,0.0,0.2566796875000001,1.65789e-08
154.039,0.0,0.2564296875000001,1.651335e-08
154.039,0.0,0.2561796875000001,1.65532e-08
154.039,0.0,0.2559296875000001,1.65862e-08
154.039,0.0,0.25567968750000014,1.65876e-08
154.039,0.0,0.2554296875000001,1.661105e-08
154.039,0.0,0.25517968750000014,1.6629350000000002e-08
154.039,0.0,0.2549296875000001,1.67015e-08
154.039,0.0,0.25467968750000014,1.657375e-08
154.039,0.0,0.2544296875000001,1.6652e-08
154.039,0.0,0.25417968750000014,1.6562699999999998e-08
154.039,0.0,0.2539296875000001,1.66218e-08
154.039,0.0,0.25367968750000014,1.662805e-08
154.039,0.0,0.2534296875000001,1.67816e-08
154.039,0.0,0.25317968750000014,1.673615e-08
154.039,0.0,0.2529296875000001,1.66574e-08
154.039,0.0,0.25267968750000014,1.67271e-08
154.039,0.0,0.2524296875000001,1.67392e-08
154.039,0.0,0.25217968750000014,1.6758749999999998e-08
154.039,0.0,0.2519296875000001,1.671535e-08
154.039,0.0,0.25167968750000014,1.673095e-08
154.039,0.0,0.2514296875000001,1.67034e-08
154.039,0.0,0.25117968750000014,1.67893e-08
154.039,0.0,0.2509296875000001,1.67051e-08
154.039,0.0,0.25067968750000014,1.68009e-08
154.039,0.0,0.2504296875000001,1.669735e-08
154.039,0.0,0.25017968750000014,1.66884e-08
154.039,0.0,0.2499296875000001,1.67143e-08
154.039,0.0,0.2496796875000001,1.683745e-08
154.039,0.0,0.2494296875000001,1.67686e-08
154.039,0.0,0.2491796875000001,1.68472e-08
154.039,0.0,0.2489296875000001,1.6871e-08
154.039,0.0,0.2486796875000001,1.68677e-08
154.039,0.0,0.2484296875000001,1.69077e-08
154.039,0.0,0.2481796875000001,1.677965e-08
154.039,0.0,0.2479296875000001,1.6783300000000002e-08
154.039,0.0,0.2476796875000001,1.67943e-08
154.039,0.0,0.2474296875000001,1.69487e-08
154.039,0.0,0.2471796875000001,1.69398e-08
154.039,0.0,0.2469296875000001,1.68923e-08
154.039,0.0,0.2466796875000001,1.6907900000000003e-08
154.039,0.0,0.2464296875000001,1.69018e-08
154.039,0.0,0.2461796875000001,1.70065e-08
154.039,0.0,0.2459296875000001,1.69541e-08
154.039,0.0,0.2456796875000001,1.7049350000000002e-08
154.039,0.0,0.2454296875000001,1.708515e-08
154.039,0.0,0.2451796875000001,1.70145e-08
154.039,0.0,0.2449296875000001,1.69963e-08
154.039,0.0,0.2446796875000001,1.70384e-08
154.039,0.0,0.2444296875000001,1.70285e-08
154.039,0.0,0.2441796875000001,1.70392e-08
154.039,0.0,0.2439296875000001,1.70247e-08
154.039,0.0,0.2436796875000001,1.6995e-08
154.039,0.0,0.2434296875000001,1.6985100000000002e-08
154.039,0.0,0.2431796875000001,1.699365e-08
154.039,0.0,0.2429296875000001,1.69687e-08
154.039,0.0,0.2426796875000001,1.6930799999999997e-08
154.039,0.0,0.2424296875000001,1.698655e-08
154.039,0.0,0.2421796875000001,1.70424e-08
154.039,0.0,0.2419296875000001,1.705875e-08
154.039,0.0,0.2416796875000001,1.7048899999999997e-08
154.039,0.0,0.2414296875000001,1.702175e-08
154.039,0.0,0.2411796875000001,1.697885e-08
154.039,0.0,0.2409296875000001,1.70499e-08
154.039,0.0,0.2406796875000001,1.700125e-08
154.039,0.0,0.2404296875000001,1.7050499999999998e-08
154.039,0.0,0.24017968750000013,1.70802e-08
154.039,0.0,0.23992968750000013,1.701495e-08
154.039,0.0,0.23967968750000013,1.698705e-08
154.039,0.0,0.23942968750000013,1.7079350000000003e-08
154.039,0.0,0.23917968750000013,1.69287e-08
154.039,0.0,0.23892968750000013,1.7096699999999998e-08
154.039,0.0,0.23867968750000013,1.7071299999999997e-08
154.039,0.0,0.23842968750000013,1.696305e-08
154.039,0.0,0.23817968750000013,1.70755e-08
154.039,0.0,0.23792968750000013,1.713195e-08
154.039,0.0,0.23767968750000013,1.7041650000000002e-08
154.039,0.0,0.23742968750000013,1.70582e-08
154.039,0.0,0.23717968750000012,1.68948e-08
154.039,0.0,0.23692968750000012,1.7081349999999998e-08
154.039,0.0,0.23667968750000012,1.702635e-08
154.039,0.0,0.23642968750000012,1.7173849999999997e-08
154.039,0.0,0.23617968750000012,1.7198949999999998e-08
154.039,0.0,0.23592968750000012,1.704895e-08
154.039,0.0,0.23567968750000012,1.7189850000000002e-08
154.039,0.0,0.23542968750000012,1.707845e-08
154.039,0.0,0.23517968750000012,1.71541e-08
154.039,0.0,0.23492968750000012,1.71816e-08
154.039,0.0,0.23467968750000012,1.7242399999999998e-08
154.039,0.0,0.23442968750000012,1.7168e-08
154.039,0.0,0.23417968750000012,1.71528e-08
154.039,0.0,0.23392968750000012,1.7145266666666666e-08
154.039,0.0,0.23367968750000012,1.7228799999999997e-08
154.039,0.0,0.23342968750000012,1.72148e-08
154.039,0.0,0.23317968750000012,1.72487e-08
154.039,0.0,0.23292968750000012,1.72223e-08
154.039,0.0,0.23267968750000012,1.72037e-08
154.039,0.0,0.23242968750000012,1.710755e-08
154.039,0.0,0.23217968750000012,1.7167e-08
154.039,0.0,0.23192968750000012,1.71458e-08
154.039,0.0,0.23167968750000012,1.71796e-08
154.039,0.0,0.23142968750000012,1.71962e-08
154.039,0.0,0.23117968750000012,1.71779e-08
154.039,0.0,0.23092968750000012,1.72898e-08
154.039,0.0,0.23067968750000012,1.730305e-08
154.039,0.0,0.23042968750000012,1.7272849999999997e-08
154.039,0.0,0.23017968750000012,1.7254e-08
154.039,0.0,0.22992968750000012,1.733245e-08
154.039,0.0,0.22967968750000012,1.73273e-08
154.039,0.0,0.22942968750000012,1.7655e-08
154.039,0.0,0.22917968750000012,1.7345049999999997e-08
154.039,0.0,0.22892968750000012,1.740115e-08
154.039,0.0,0.22867968750000012,1.72994e-08
154.039,0.0,0.22842968750000012,1.736355e-08
154.039,0.0,0.22817968750000012,1.73735e-08
154.039,0.0,0.22792968750000012,1.7341399999999998e-08
154.039,0.0,0.22767968750000012,1.73683e-08
154.039,0.0,0.22742968750000012,1.74926e-08
154.039,0.0,0.22717968750000012,1.74865e-08
154.039,0.0,0.22692968750000012,1.7417499999999997e-08
154.039,0.0,0.22667968750000012,1.747055e-08
154.039,0.0,0.22642968750000012,1.74664e-08
154.039,0.0,0.22617968750000012,1.743615e-08
154.039,0.0,0.22592968750000011,1.757475e-08
154.039,0.0,0.22567968750000011,1.76585e-08
154.039,0.0,0.22542968750000011,1.74833e-08
154.039,0.0,0.22517968750000011,1.750165e-08
154.039,0.0,0.22492968750000011,1.75804e-08
154.039,0.0,0.2246796875000001,1.7553e-08
154.039,0.0,0.2244296875000001,1.75182e-08
154.039,0.0,0.2241796875000001,1.752315e-08
154.039,0.0,0.2239296875000001,1.766425e-08
154.039,0.0,0.2236796875000001,1.76604e-08
154.039,0.0,0.2234296875000001,1.75404e-08
154.039,0.0,0.2231796875000001,1.76352e-08
154.039,0.0,0.2229296875000001,1.7715400000000002e-08
154.039,0.0,0.2226796875000001,1.7669249999999998e-08
154.039,0.0,0.2224296875000001,1.77278e-08
154.039,0.0,0.2221796875000001,1.7906250000000002e-08
154.039,0.0,0.2219296875000001,1.7842049999999998e-08
154.039,0.0,0.2216796875000001,1.779045e-08
154.039,0.0,0.2214296875000001,1.78201e-08
154.039,0.0,0.2211796875000001,1.774205e-08
154.039,0.0,0.2209296875000001,1.7626750000000003e-08
154.039,0.0,0.2206796875000001,1.77186e-08
154.039,0.0,0.2204296875000001,1.769225e-08
154.039,0.0,0.2201796875000001,1.7702250000000002e-08
154.039,0.0,0.2199296875000001,1.78553e-08
154.039,0.0,0.2196796875000001,1.77722e-08
154.039,0.0,0.2194296875000001,1.78343e-08
154.039,0.0,0.2191796875000001,1.7908e-08
154.039,0.0,0.2189296875000001,1.7893400000000002e-08
154.039,0.0,0.2186796875000001,1.791005e-08
154.039,0.0,0.2184296875000001,1.788795e-08
154.039,0.0,0.2181796875000001,1.787825e-08
154.039,0.0,0.2179296875000001,1.79261e-08
154.039,0.0,0.2176796875000001,1.792965e-08
154.039,0.0,0.2174296875000001,1.77705e-08
154.039,0.0,0.2171796875000001,1.78149e-08
154.039,0.0,0.2169296875000001,1.79095e-08
154.039,0.0,0.2166796875000001,1.78465e-08
154.039,0.0,0.2164296875000001,1.79032e-08
154.039,0.0,0.2161796875000001,1.7851599999999998e-08
154.039,0.0,0.2159296875000001,1.7831350000000002e-08
154.039,0.0,0.2156796875000001,1.79266e-08
154.039,0.0,0.2154296875000001,1.76746e-08
154.039,0.0,0.2151796875000001,1.776495e-08
154.039,0.0,0.2149296875000001,1.78023e-08
154.039,0.0,0.2146796875000001,1.7984450000000002e-08
154.039,0.0,0.2144296875000001,1.79036e-08
154.039,0.0,0.2141796875000001,1.79822e-08
154.039,0.0,0.2139296875000001,1.805165e-08
154.039,0.0,0.2136796875000001,1.79635e-08
154.039,0.0,0.2134296875000001,1.795155e-08
154.039,0.0,0.2131796875000001,1.80013e-08
154.039,0.0,0.2129296875000001,1.784215e-08
154.039,0.0,0.2126796875000001,1.7912899999999998e-08
154.039,0.0,0.2124296875000001,1.78693e-08
154.039,0.0,0.2121796875000001,1.793345e-08
154.039,0.0,0.2119296875000001,1.793825e-08
154.039,0.0,0.2116796875000001,1.78883e-08
154.039,0.0,0.2114296875000001,1.7937749999999998e-08
154.039,0.0,0.2111796875000001,1.79349e-08
154.039,0.0,0.2109296875000001,1.7950849999999998e-08
154.039,0.0,0.2106796875000001,1.79455e-08
154.039,0.0,0.2104296875000001,1.78728e-08
154.039,0.0,0.2101796875000001,1.790645e-08
154.039,0.0,0.2099296875000001,1.790925e-08
154.039,0.0,0.2096796875000001,1.792635e-08
154.039,0.0,0.2094296875000001,1.786585e-08
154.039,0.0,0.2091796875000001,1.79132e-08
154.039,0.0,0.20892968750000013,1.7898e-08
154.039,0.0,0.20867968750000013,1.79458e-08
154.039,0.0,0.20842968750000013,1.790475e-08
154.039,0.0,0.20817968750000013,1.7858650000000002e-08
154.039,0.0,0.20792968750000013,1.787935e-08
154.039,0.0,0.20767968750000013,1.7886349999999998e-08
154.039,0.0,0.20742968750000013,1.7953500000000006e-08
154.039,0.0,0.20717968750000013,1.7925e-08
154.039,0.0,0.20692968750000013,1.79302e-08
154.039,0.0,0.20667968750000013,1.7881e-08
154.039,0.0,0.20642968750000013,1.792895e-08
154.039,0.0,0.20617968750000013,1.800655e-08
154.039,0.0,0.20592968750000012,1.786675e-08
154.039,0.0,0.20567968750000012,1.81081e-08
154.039,0.0,0.20542968750000012,1.7798099999999997e-08
154.039,0.0,0.20517968750000012,1.787635e-08
154.039,0.0,0.20492968750000012,1.7920700000000002e-08
154.039,0.0,0.20467968750000012,1.7902e-08
154.039,0.0,0.20442968750000012,1.787675e-08
154.039,0.0,0.20417968750000012,1.79109e-08
154.039,0.0,0.20392968750000012,1.78219e-08
154.039,0.0,0.20367968750000012,1.78172e-08
154.039,0.0,0.20342968750000012,1.7827700000000003e-08
154.039,0.0,0.20317968750000012,1.79293e-08
154.039,0.0,0.20292968750000012,1.805735e-08
154.039,0.0,0.20267968750000012,1.7874550000000002e-08
154.039,0.0,0.20242968750000012,1.788e-08
154.039,0.0,0.20217968750000012,1.78306e-08
154.039,0.0,0.20192968750000012,1.7838749999999998e-08
154.039,0.0,0.20167968750000012,1.77196e-08
154.039,0.0,0.20142968750000012,1.77407e-08
154.039,0.0,0.20117968750000012,1.768165e-08
154.039,0.0,0.20092968750000012,1.7676800000000002e-08
154.039,0.0,0.20067968750000012,1.76887e-08
154.039,0.0,0.20042968750000012,1.766525e-08
154.039,0.0,0.20017968750000012,1.763875e-08
154.039,0.0,0.19992968750000012,1.769105e-08
154.039,0.0,0.19967968750000012,1.76181e-08
154.039,0.0,0.19942968750000012,1.754635e-08
154.039,0.0,0.19917968750000012,1.75954e-08
154.039,0.0,0.19892968750000012,1.75583e-08
154.039,0.0,0.19867968750000012,1.74968e-08
154.039,0.0,0.19842968750000012,1.75764e-08
154.039,0.0,0.19817968750000012,1.751475e-08
154.039,0.0,0.19792968750000012,1.7441666666666666e-08
154.039,0.0,0.19767968750000012,1.74148e-08
154.039,0.0,0.19742968750000012,1.7537e-08
154.039,0.0,0.19717968750000012,1.7528000000000003e-08
154.039,0.0,0.19692968750000012,1.7470700000000002e-08
154.039,0.0,0.19667968750000012,1.73986e-08
154.039,0.0,0.19642968750000012,1.743445e-08
154.039,0.0,0.19617968750000012,1.74445e-08
154.039,0.0,0.19592968750000012,1.73362e-08
154.039,0.0,0.19567968750000012,1.744245e-08
154.039,0.0,0.19542968750000012,1.73862e-08
154.039,0.0,0.19517968750000012,1.739935e-08
154.039,0.0,0.19492968750000012,1.7431949999999997e-08
154.039,0.0,0.19467968750000011,1.74574e-08
154.039,0.0,0.19442968750000011,1.741105e-08
154.039,0.0,0.19417968750000011,1.74049e-08
154.039,0.0,0.19392968750000011,1.73373e-08
154.039,0.0,0.19367968750000011,1.72948e-08
154.039,0.0,0.1934296875000001,1.7339033333333334e-08
154.039,0.0,0.1931796875000001,1.729365e-08
154.039,0.0,0.1929296875000001,1.7308849999999998e-08
154.039,0.0,0.1926796875000001,1.72069e-08
154.039,0.0,0.1924296875000001,1.73253e-08
154.039,0.0,0.1921796875000001,1.735795e-08
154.039,0.0,0.1919296875000001,1.73386e-08
154.039,0.0,0.1916796875000001,1.72954e-08
154.039,0.0,0.1914296875000001,1.7310433333333332e-08
154.039,0.0,0.1911796875000001,1.734945e-08
154.039,0.0,0.1909296875000001,1.73493e-08
154.039,0.0,0.1906796875000001,1.74237e-08
154.039,0.0,0.1904296875000001,1.7261099999999997e-08
154.039,0.0,0.1901796875000001,1.730675e-08
154.039,0.0,0.1899296875000001,1.73814e-08
154.039,0.0,0.1896796875000001,1.72735e-08
154.039,0.0,0.1894296875000001,1.732005e-08
154.039,0.0,0.1891796875000001,1.728025e-08
154.039,0.0,0.1889296875000001,1.730515e-08
154.039,0.0,0.1886796875000001,1.733045e-08
154.039,0.0,0.1884296875000001,1.735625e-08
154.039,0.0,0.1881796875000001,1.725625e-08
154.039,0.0,0.1879296875000001,1.73487e-08
154.039,0.0,0.1876796875000001,1.737345e-08
154.039,0.0,0.1874296875000001,1.7353e-08
154.039,0.0,0.1871796875000001,1.7375500000000002e-08
154.039,0.0,0.1869296875000001,1.7228900000000003e-08
154.039,0.0,0.1866796875000001,1.73732e-08
154.039,0.0,0.1864296875000001,1.7315699999999998e-08
154.039,0.0,0.1861796875000001,1.7373099999999998e-08
154.039,0.0,0.1859296875000001,1.72761e-08
154.039,0.0,0.1856796875000001,1.7376399999999998e-08
154.039,0.0,0.1854296875000001,1.7346500000000002e-08
154.039,0.0,0.1851796875000001,1.74221e-08
154.039,0.0,0.1849296875000001,1.74163e-08
154.039,0.0,0.1846796875000001,1.7397400000000002e-08
154.039,0.0,0.1844296875000001,1.7400950000000002e-08
154.039,0.0,0.1841796875000001,1.73849e-08
154.039,0.0,0.1839296875000001,1.74372e-08
154.039,0.0,0.1836796875000001,1.7347999999999998e-08
154.039,0.0,0.1834296875000001,1.73258e-08
154.039,0.0,0.1831796875000001,1.730625e-08
154.039,0.0,0.1829296875000001,1.74281e-08
154.039,0.0,0.1826796875000001,1.7309e-08
154.039,0.0,0.1824296875000001,1.7374466666666665e-08
154.039,0.0,0.1821796875000001,1.742435e-08
154.039,0.0,0.1819296875000001,1.74897e-08
154.039,0.0,0.1816796875000001,1.734875e-08
154.039,0.0,0.1814296875000001,1.73736e-08
154.039,0.0,0.1811796875000001,1.73399e-08
154.039,0.0,0.1809296875000001,1.74019e-08
154.039,0.0,0.1806796875000001,1.7457899999999998e-08
154.039,0.0,0.1804296875000001,1.73419e-08
154.039,0.0,0.1801796875000001,1.7438e-08
154.039,0.0,0.1799296875000001,1.7379900000000002e-08
154.039,0.0,0.1796796875000001,1.738385e-08
154.039,0.0,0.1794296875000001,1.734755e-08
154.039,0.0,0.1791796875000001,1.744715e-08
154.039,0.0,0.1789296875000001,1.73924e-08
154.039,0.0,0.1786796875000001,1.738515e-08
154.039,0.0,0.1784296875000001,1.74161e-08
154.039,0.0,0.1781796875000001,1.740665e-08
154.039,0.0,0.1779296875000001,1.737455e-08
154.039,0.0,0.17767968750000013,1.7365999999999998e-08
154.039,0.0,0.17742968750000013,1.7478300000000002e-08
154.039,0.0,0.17717968750000013,1.73477e-08
154.039,0.0,0.17692968750000013,1.73274e-08
154.039,0.0,0.17667968750000013,1.736495e-08
154.039,0.0,0.17642968750000013,1.73457e-08
154.039,0.0,0.17617968750000013,1.743825e-08
154.039,0.0,0.17592968750000013,1.73788e-08
154.039,0.0,0.17567968750000013,1.7343e-08
154.039,0.0,0.17542968750000013,1.734565e-08
154.039,0.0,0.17517968750000013,1.7408e-08
154.039,0.0,0.17492968750000013,1.73679e-08
154.039,0.0,0.17467968750000012,1.73444e-08
154.039,0.0,0.17442968750000012,1.7434899999999998e-08
154.039,0.0,0.17417968750000012,1.7400499999999998e-08
154.039,0.0,0.17392968750000012,1.74283e-08
154.039,0.0,0.17367968750000012,1.73251e-08
154.039,0.0,0.17342968750000012,1.74459e-08
154.039,0.0,0.17317968750000012,1.74167e-08
154.039,0.0,0.17292968750000012,1.743605e-08
154.039,0.0,0.17267968750000012,1.7454800000000002e-08
154.039,0.0,0.17242968750000012,1.73412e-08
154.039,0.0,0.17217968750000012,1.74248e-08
154.039,0.0,0.17192968750000012,1.74496e-08
154.039,0.0,0.17167968750000012,1.742935e-08
154.039,0.0,0.17142968750000012,1.74976e-08
154.039,0.0,0.17117968750000012,1.7413800000000002e-08
154.039,0.0,0.17092968750000012,1.748965e-08
154.039,0.0,0.17067968750000012,1.741765e-08
154.039,0.0,0.17042968750000012,1.74534e-08
154.039,0.0,0.17017968750000012,1.74978e-08
154.039,0.0,0.16992968750000012,1.7437349999999998e-08
154.039,0.0,0.16967968750000012,1.740135e-08
154.039,0.0,0.16942968750000012,1.738325e-08
154.039,0.0,0.16917968750000012,1.7457899999999998e-08
154.039,0.0,0.16892968750000012,1.73739e-08
154.039,0.0,0.16867968750000012,1.73242e-08
154.039,0.0,0.16842968750000012,1.730805e-08
154.039,0.0,0.16817968750000012,1.74253e-08
154.039,0.0,0.16792968750000012,1.73667e-08
154.039,0.0,0.16767968750000012,1.7375250000000002e-08
154.039,0.0,0.16742968750000012,1.7253649999999998e-08
154.039,0.0,0.16717968750000012,1.72645e-08
154.039,0.0,0.16692968750000012,1.731475e-08
154.039,0.0,0.16667968750000012,1.7289733333333338e-08
154.039,0.0,0.16642968750000012,1.72555e-08
154.039,0.0,0.16617968750000012,1.72768e-08
154.039,0.0,0.16592968750000012,1.72542e-08
154.039,0.0,0.16567968750000012,1.72471e-08
154.039,0.0,0.16542968750000012,1.720895e-08
154.039,0.0,0.16517968750000012,1.71833e-08
154.039,0.0,0.16492968750000012,1.722225e-08
154.039,0.0,0.16467968750000012,1.7215349999999998e-08
154.039,0.0,0.16442968750000012,1.7270299999999998e-08
154.039,0.0,0.16417968750000012,1.723785e-08
154.039,0.0,0.16392968750000012,1.708585e-08
154.039,0.0,0.16367968750000012,1.71704e-08
154.039,0.0,0.16342968750000011,1.724265e-08
154.039,0.0,0.16317968750000011,1.72194e-08
154.039,0.0,0.16292968750000011,1.7279550000000002e-08
154.039,0.0,0.16267968750000011,1.72198e-08
154.039,0.0,0.16242968750000011,1.721915e-08
154.039,0.0,0.1621796875000001,1.718995e-08
154.039,0.0,0.1619296875000001,1.717295e-08
154.039,0.0,0.1616796875000001,1.7208499999999998e-08
154.039,0.0,0.1614296875000001,1.716295e-08
154.039,0.0,0.1611796875000001,1.71702e-08
154.039,0.0,0.1609296875000001,1.72395e-08
154.039,0.0,0.1606796875000001,1.715745e-08
154.039,0.0,0.1604296875000001,1.715515e-08
154.039,0.0,0.1601796875000001,1.73655e-08
154.039,0.0,0.1599296875000001,1.7211499999999998e-08
154.039,0.0,0.1596796875000001,1.716915e-08
154.039,0.0,0.1594296875000001,1.718625e-08
154.039,0.0,0.1591796875000001,1.7264e-08
154.039,0.0,0.1589296875000001,1.7095500000000002e-08
154.039,0.0,0.1586796875000001,1.709155e-08
154.039,0.0,0.1584296875000001,1.725995e-08
154.039,0.0,0.1581796875000001,1.72041e-08
154.039,0.0,0.1579296875000001,1.7160649999999998e-08
154.039,0.0,0.1576796875000001,1.7165000000000002e-08
154.039,0.0,0.1574296875000001,1.7227566666666666e-08
154.039,0.0,0.1571796875000001,1.7375e-08
154.039,0.0,0.1569296875000001,1.733195e-08
154.039,0.0,0.1566796875000001,1.7256949999999998e-08
154.039,0.0,0.1564296875000001,1.73413e-08
154.039,0.0,0.1561796875000001,1.72963e-08
154.039,0.0,0.1559296875000001,1.7285e-08
154.039,0.0,0.1556796875000001,1.7341399999999998e-08
154.039,0.0,0.1554296875000001,1.72874e-08
154.039,0.0,0.1551796875000001,1.7236350000000002e-08
154.039,0.0,0.1549296875000001,1.72077e-08
154.039,0.0,0.1546796875000001,1.729715e-08
154.039,0.0,0.1544296875000001,1.73085e-08
154.039,0.0,0.1541796875000001,1.73594e-08
154.039,0.0,0.1539296875000001,1.72314e-08
154.039,0.0,0.1536796875000001,1.7293799999999998e-08
154.039,0.0,0.1534296875000001,1.732165e-08
154.039,0.0,0.1531796875000001,1.7263e-08
154.039,0.0,0.1529296875000001,1.73457e-08
154.039,0.0,0.1526796875000001,1.7371933333333332e-08
154.039,0.0,0.1524296875000001,1.74069e-08
154.039,0.0,0.1521796875000001,1.735245e-08
154.039,0.0,0.1519296875000001,1.73995e-08
154.039,0.0,0.1516796875000001,1.74308e-08
154.039,0.0,0.1514296875000001,1.7423600000000006e-08
154.039,0.0,0.1511796875000001,1.74025e-08
154.039,0.0,0.1509296875000001,1.75604e-08
154.039,0.0,0.1506796875000001,1.7505633333333333e-08
154.039,0.0,0.1504296875000001,1.74662e-08
154.039,0.0,0.1501796875000001,1.746155e-08
154.039,0.0,0.1499296875000001,1.749945e-08
154.039,0.0,0.1496796875000001,1.74438e-08
154.039,0.0,0.1494296875000001,1.74181e-08
154.039,0.0,0.1491796875000001,1.74396e-08
154.039,0.0,0.1489296875000001,1.747435e-08
154.039,0.0,0.1486796875000001,1.74341e-08
154.039,0.0,0.1484296875000001,1.7388950000000002e-08
154.039,0.0,0.1481796875000001,1.73759e-08
154.039,0.0,0.1479296875000001,1.73472e-08
154.039,0.0,0.1476796875000001,1.73918e-08
154.039,0.0,0.1474296875000001,1.74885e-08
154.039,0.0,0.1471796875000001,1.74711e-08
154.039,0.0,0.1469296875000001,1.755925e-08
154.039,0.0,0.1466796875000001,1.743055e-08
154.039,0.0,0.14642968750000013,1.753845e-08
154.039,0.0,0.14617968750000013,1.752135e-08
154.039,0.0,0.14592968750000013,1.754645e-08
154.039,0.0,0.14567968750000013,1.74831e-08
154.039,0.0,0.14542968750000013,1.75883e-08
154.039,0.0,0.14517968750000013,1.75955e-08
154.039,0.0,0.14492968750000013,1.75818e-08
154.039,0.0,0.14467968750000013,1.757315e-08
154.039,0.0,0.14442968750000013,1.7518e-08
154.039,0.0,0.14417968750000013,1.7486899999999998e-08
154.039,0.0,0.14392968750000013,1.7540566666666667e-08
154.039,0.0,0.14367968750000013,1.759535e-08
154.039,0.0,0.14342968750000012,1.76098e-08
154.039,0.0,0.14317968750000012,1.760125e-08
154.039,0.0,0.14292968750000012,1.755695e-08
154.039,0.0,0.14267968750000012,1.765485e-08
154.039,0.0,0.14242968750000012,1.76166e-08
154.039,0.0,0.14217968750000012,1.749765e-08
154.039,0.0,0.14192968750000012,1.7585049999999998e-08
154.039,0.0,0.14167968750000012,1.7616866666666663e-08
154.039,0.0,0.14142968750000012,1.75314e-08
154.039,0.0,0.14117968750000012,1.76326e-08
154.039,0.0,0.14092968750000012,1.75182e-08
154.039,0.0,0.14067968750000012,1.7573899999999997e-08
154.039,0.0,0.14042968750000012,1.75702e-08
154.039,0.0,0.14017968750000012,1.75436e-08
154.039,0.0,0.13992968750000012,1.7593700000000002e-08
154.039,0.0,0.13967968750000012,1.757875e-08
154.039,0.0,0.13942968750000012,1.764185e-08
154.039,0.0,0.13917968750000012,1.7606300000000002e-08
154.039,0.0,0.13892968750000012,1.7664550000000002e-08
154.039,0.0,0.13867968750000012,1.77444e-08
154.039,0.0,0.13842968750000012,1.75319e-08
154.039,0.0,0.13817968750000012,1.77454e-08
154.039,0.0,0.13792968750000012,1.76892e-08
154.039,0.0,0.13767968750000012,1.77759e-08
154.039,0.0,0.13742968750000012,1.776315e-08
154.039,0.0,0.13717968750000012,1.78001e-08
154.039,0.0,0.13692968750000012,1.7848850000000002e-08
154.039,0.0,0.13667968750000012,1.786185e-08
154.039,0.0,0.13642968750000012,1.78617e-08
154.039,0.0,0.13617968750000012,1.7932849999999998e-08
154.039,0.0,0.13592968750000012,1.791635e-08
154.039,0.0,0.13567968750000012,1.7899400000000002e-08
154.039,0.0,0.13542968750000012,1.79033e-08
154.039,0.0,0.13517968750000012,1.78648e-08
154.039,0.0,0.13492968750000012,1.78996e-08
154.039,0.0,0.13467968750000012,1.79794e-08
154.039,0.0,0.13442968750000012,1.7957650000000002e-08
154.039,0.0,0.13417968750000012,1.80287e-08
154.039,0.0,0.13392968750000012,1.79945e-08
154.039,0.0,0.13367968750000012,1.807515e-08
154.039,0.0,0.13342968750000012,1.81463e-08
154.039,0.0,0.13317968750000012,1.81195e-08
154.039,0.0,0.13292968750000012,1.82025e-08
154.039,0.0,0.13267968750000012,1.81907e-08
154.039,0.0,0.13242968750000012,1.82921e-08
154.039,0.0,0.13217968750000011,1.8253e-08
154.039,0.0,0.13192968750000011,1.8327600000000002e-08
154.039,0.0,0.13167968750000011,1.83041e-08
154.039,0.0,0.13142968750000011,1.83902e-08
154.039,0.0,0.13117968750000011,1.83517e-08
154.039,0.0,0.1309296875000001,1.83312e-08
154.039,0.0,0.1306796875000001,1.834295e-08
154.039,0.0,0.1304296875000001,1.846525e-08
154.039,0.0,0.1301796875000001,1.84074e-08
154.039,0.0,0.1299296875000001,1.84518e-08
154.039,0.0,0.1296796875000001,1.84883e-08
154.039,0.0,0.1294296875000001,1.8523e-08
154.039,0.0,0.1291796875000001,1.847755e-08
154.039,0.0,0.1289296875000001,1.859805e-08
154.039,0.0,0.1286796875000001,1.863695e-08
154.039,0.0,0.1284296875000001,1.84857e-08
154.039,0.0,0.1281796875000001,1.854745e-08
154.039,0.0,0.1279296875000001,1.85189e-08
154.039,0.0,0.1276796875000001,1.85205e-08
154.039,0.0,0.1274296875000001,1.864305e-08
154.039,0.0,0.1271796875000001,1.857135e-08
154.039,0.0,0.1269296875000001,1.86233e-08
154.039,0.0,0.1266796875000001,1.85657e-08
154.039,0.0,0.1264296875000001,1.865625e-08
154.039,0.0,0.1261796875000001,1.86544e-08
154.039,0.0,0.1259296875000001,1.88012e-08
154.039,0.0,0.1256796875000001,1.8868e-08
154.039,0.0,0.1254296875000001,1.8809e-08
154.039,0.0,0.1251796875000001,1.867045e-08
154.039,0.0,0.12492968750000011,1.885165e-08
154.039,0.0,0.12467968750000011,1.87789e-08
154.039,0.0,0.12442968750000011,1.887165e-08
154.039,0.0,0.12417968750000011,1.879045e-08
154.039,0.0,0.12392968750000011,1.888495e-08
154.039,0.0,0.12367968750000011,1.90008e-08
154.039,0.0,0.12342968750000011,1.898635e-08
154.039,0.0,0.1231796875000001,1.9033600000000002e-08
154.039,0.0,0.12292968750000012,1.893545e-08
154.039,0.0,0.12267968750000012,1.90017e-08
154.039,0.0,0.12242968750000012,1.9007e-08
154.039,0.0,0.12217968750000012,1.91164e-08
154.039,0.0,0.12192968750000012,1.91097e-08
154.039,0.0,0.12167968750000012,1.909125e-08
154.039,0.0,0.12142968750000012,1.918885e-08
154.039,0.0,0.12117968750000012,1.9080350000000002e-08
154.039,0.0,0.12092968750000012,1.9041450000000003e-08
154.039,0.0,0.12067968750000012,1.91673e-08
154.039,0.0,0.12042968750000012,1.910035e-08
154.039,0.0,0.12017968750000012,1.915895e-08
154.039,0.0,0.11992968750000012,1.91449e-08
154.039,0.0,0.11967968750000012,1.9171e-08
154.039,0.0,0.11942968750000012,1.906775e-08
154.039,0.0,0.11917968750000012,1.9077066666666672e-08
154.039,0.0,0.11892968750000012,1.919865e-08
154.039,0.0,0.11867968750000012,1.91588e-08
154.039,0.0,0.11842968750000012,1.911885e-08
154.039,0.0,0.11817968750000012,1.92132e-08
154.039,0.0,0.11792968750000012,1.91724e-08
154.039,0.0,0.11767968750000012,1.91887e-08
154.039,0.0,0.11742968750000012,1.928095e-08
154.039,0.0,0.11717968750000012,1.91039e-08
154.039,0.0,0.11692968750000012,1.92711e-08
154.039,0.0,0.11667968750000011,1.92242e-08
154.039,0.0,0.11642968750000011,1.92329e-08
154.039,0.0,0.11617968750000011,1.92816e-08
154.039,0.0,0.11592968750000011,1.919695e-08
154.039,0.0,0.11567968750000011,1.93177e-08
154.039,0.0,0.11542968750000011,1.90855e-08
154.039,0.0,0.11517968750000011,1.917035e-08
154.039,0.0,0.11492968750000011,1.924665e-08
154.039,0.0,0.11467968750000011,1.92646e-08
154.039,0.0,0.11442968750000011,1.928215e-08
154.039,0.0,0.11417968750000011,1.9120000000000002e-08
154.039,0.0,0.11392968750000011,1.93147e-08
154.039,0.0,0.11367968750000011,1.93705e-08
154.039,0.0,0.11342968750000011,1.93095e-08
154.039,0.0,0.11317968750000011,1.928865e-08
154.039,0.0,0.11292968750000011,1.928655e-08
154.039,0.0,0.11267968750000011,1.93207e-08
154.039,0.0,0.11242968750000011,1.93852e-08
154.039,0.0,0.11217968750000011,1.9325e-08
154.039,0.0,0.11192968750000011,1.92128e-08
154.039,0.0,0.11167968750000011,1.93357e-08
154.039,0.0,0.11142968750000011,1.929675e-08
154.039,0.0,0.11117968750000011,1.929535e-08
154.039,0.0,0.11092968750000011,1.93504e-08
154.039,0.0,0.11067968750000011,1.92896e-08
154.039,0.0,0.11042968750000011,1.923625e-08
154.039,0.0,0.11017968750000011,1.924455e-08
154.039,0.0,0.10992968750000011,1.924295e-08
154.039,0.0,0.10967968750000011,1.936755e-08
154.039,0.0,0.10942968750000011,1.90851e-08
154.039,0.0,0.10917968750000011,1.9193550000000002e-08
154.039,0.0,0.10892968750000011,1.93884e-08
154.039,0.0,0.10867968750000011,1.92508e-08
154.039,0.0,0.10842968750000011,1.93346e-08
154.039,0.0,0.10817968750000011,1.929685e-08
154.039,0.0,0.10792968750000011,1.94278e-08
154.039,0.0,0.1076796875000001,1.93182e-08
154.039,0.0,0.10742968750000012,1.926995e-08
154.039,0.0,0.10717968750000012,1.94108e-08
154.039,0.0,0.10692968750000012,1.92746e-08
154.039,0.0,0.10667968750000012,1.923965e-08
154.039,0.0,0.10642968750000012,1.936905e-08
154.039,0.0,0.10617968750000012,1.928715e-08
154.039,0.0,0.10592968750000012,1.930855e-08
154.039,0.0,0.10567968750000012,1.930115e-08
154.039,0.0,0.10542968750000012,1.935445e-08
154.039,0.0,0.10517968750000012,1.95199e-08
154.039,0.0,0.10492968750000012,1.94467e-08
154.039,0.0,0.10467968750000012,1.93987e-08
154.039,0.0,0.10442968750000012,1.949465e-08
154.039,0.0,0.10417968750000012,1.94951e-08
154.039,0.0,0.10392968750000012,1.94831e-08
154.039,0.0,0.10367968750000012,1.956095e-08
154.039,0.0,0.10342968750000012,1.94914e-08
154.039,0.0,0.10317968750000012,1.955395e-08
154.039,0.0,0.10292968750000012,1.95065e-08
154.039,0.0,0.10267968750000012,1.964505e-08
154.039,0.0,0.10242968750000012,1.953825e-08
154.039,0.0,0.10217968750000012,1.95117e-08
154.039,0.0,0.10192968750000012,1.95255e-08
154.039,0.0,0.10167968750000012,1.95459e-08
154.039,0.0,0.10142968750000012,1.94892e-08
154.039,0.0,0.10117968750000012,1.95202e-08
154.039,0.0,0.10092968750000011,1.952315e-08
154.039,0.0,0.10067968750000011,1.955745e-08
154.039,0.0,0.10042968750000011,1.951265e-08
154.039,0.0,0.10017968750000011,1.96222e-08
154.039,0.0,0.09992968750000011,1.96043e-08
154.039,0.0,0.09967968750000011,1.949905e-08
154.039,0.0,0.09942968750000011,1.95741e-08
154.039,0.0,0.09917968750000011,1.9618450000000002e-08
154.039,0.0,0.09892968750000011,1.962045e-08
154.039,0.0,0.09867968750000011,1.96305e-08
154.039,0.0,0.09842968750000011,1.96806e-08
154.039,0.0,0.09817968750000011,1.96264e-08
154.039,0.0,0.09792968750000011,1.97196e-08
154.039,0.0,0.09767968750000011,1.97081e-08
154.039,0.0,0.09742968750000011,1.97146e-08
154.039,0.0,0.09717968750000011,1.975185e-08
154.039,0.0,0.09692968750000011,1.9624e-08
154.039,0.0,0.09667968750000011,1.978475e-08
154.039,0.0,0.09642968750000011,1.97248e-08
154.039,0.0,0.09617968750000011,1.96397e-08
154.039,0.0,0.09592968750000011,1.97256e-08
154.039,0.0,0.09567968750000011,1.97049e-08
154.039,0.0,0.09542968750000011,1.980725e-08
154.039,0.0,0.09517968750000011,1.98135e-08
154.039,0.0,0.09492968750000011,1.97473e-08
154.039,0.0,0.09467968750000011,1.974955e-08
154.039,0.0,0.09442968750000011,1.975745e-08
154.039,0.0,0.09417968750000011,1.983105e-08
154.039,0.0,0.09392968750000011,1.97982e-08
154.039,0.0,0.09367968750000011,1.980565e-08
154.039,0.0,0.09342968750000011,1.96002e-08
154.039,0.0,0.09317968750000011,1.97047e-08
154.039,0.0,0.09292968750000011,1.967605e-08
154.039,0.0,0.09267968750000011,1.956095e-08
154.039,0.0,0.09242968750000011,1.967155e-08
154.039,0.0,0.09217968750000011,1.971385e-08
154.039,0.0,0.0919296875000001,1.95804e-08
154.039,0.0,0.09167968750000012,1.96031e-08
154.039,0.0,0.09142968750000012,1.967055e-08
154.039,0.0,0.09117968750000012,1.96129e-08
154.039,0.0,0.09092968750000012,1.95828e-08
154.039,0.0,0.09067968750000012,1.97091e-08
154.039,0.0,0.09042968750000012,1.9659950000000006e-08
154.039,0.0,0.09017968750000012,1.964915e-08
154.039,0.0,0.08992968750000012,1.954465e-08
154.039,0.0,0.08967968750000012,1.9679150000000002e-08
154.039,0.0,0.08942968750000012,1.9677e-08
154.039,0.0,0.08917968750000012,1.95902e-08
154.039,0.0,0.08892968750000012,1.967035e-08
154.039,0.0,0.08867968750000012,1.96464e-08
154.039,0.0,0.08842968750000012,1.968415e-08
154.039,0.0,0.08817968750000012,1.95151e-08
154.039,0.0,0.08792968750000012,1.9551333333333333e-08
154.039,0.0,0.08767968750000012,1.948985e-08
154.039,0.0,0.08742968750000012,1.946905e-08
154.039,0.0,0.08717968750000012,1.95362e-08
154.039,0.0,0.08692968750000012,1.948975e-08
154.039,0.0,0.08667968750000012,1.95446e-08
154.039,0.0,0.08642968750000012,1.96659e-08
154.039,0.0,0.08617968750000012,1.95588e-08
154.039,0.0,0.08592968750000012,1.96598e-08
154.039,0.0,0.08567968750000012,1.96736e-08
154.039,0.0,0.08542968750000011,1.96859e-08
154.039,0.0,0.08517968750000011,1.958965e-08
154.039,0.0,0.08492968750000011,1.963515e-08
154.039,0.0,0.08467968750000011,1.959215e-08
154.039,0.0,0.08442968750000011,1.95937e-08
154.039,0.0,0.08417968750000011,1.9684e-08
154.039,0.0,0.08392968750000011,1.955475e-08
154.039,0.0,0.08367968750000011,1.949135e-08
154.039,0.0,0.08342968750000011,1.958215e-08
154.039,0.0,0.08317968750000011,1.956895e-08
154.039,0.0,0.08292968750000011,1.9662e-08
154.039,0.0,0.08267968750000011,1.95812e-08
154.039,0.0,0.08242968750000011,1.94451e-08
154.039,0.0,0.08217968750000011,1.9583e-08
154.039,0.0,0.08192968750000011,1.96105e-08
154.039,0.0,0.08167968750000011,1.96935e-08
154.039,0.0,0.08142968750000011,1.96543e-08
154.039,0.0,0.08117968750000011,1.96675e-08
154.039,0.0,0.08092968750000011,1.96083e-08
154.039,0.0,0.08067968750000011,1.96066e-08
154.039,0.0,0.08042968750000011,1.9712800000000002e-08
154.039,0.0,0.08017968750000011,1.97196e-08
154.039,0.0,0.07992968750000011,1.9697e-08
154.039,0.0,0.07967968750000011,1.977925e-08
154.039,0.0,0.07942968750000011,1.97191e-08
154.039,0.0,0.07917968750000011,1.98371e-08
154.039,0.0,0.07892968750000011,1.970435e-08
154.039,0.0,0.07867968750000011,1.9662566666666667e-08
154.039,0.0,0.07842968750000011,1.96284e-08
154.039,0.0,0.07817968750000011,1.96605e-08
154.039,0.0,0.07792968750000011,1.9573550000000006e-08
154.039,0.0,0.07767968750000011,1.972975e-08
154.039,0.0,0.07742968750000011,1.97593e-08
154.039,0.0,0.07717968750000011,2.00266e-08
154.039,0.0,0.07692968750000011,1.95889e-08
154.039,0.0,0.07667968750000011,1.968165e-08
154.039,0.0,0.0764296875000001,1.97381e-08
154.039,0.0,0.07617968750000012,1.973635e-08
154.039,0.0,0.07592968750000012,1.962075e-08
154.039,0.0,0.07567968750000012,1.974865e-08
154.039,0.0,0.07542968750000012,1.95913e-08
154.039,0.0,0.07517968750000012,1.978075e-08
154.039,0.0,0.07492968750000012,1.969905e-08
154.039,0.0,0.07467968750000012,1.976475e-08
154.039,0.0,0.07442968750000012,1.964595e-08
154.039,0.0,0.07417968750000012,1.96356e-08
154.039,0.0,0.07392968750000012,1.9670600000000003e-08
154.039,0.0,0.07367968750000012,1.9746166666666665e-08
154.039,0.0,0.07342968750000012,1.96861e-08
154.039,0.0,0.07317968750000012,1.96512e-08
154.039,0.0,0.07292968750000012,1.9663e-08
154.039,0.0,0.07267968750000012,1.96419e-08
154.039,0.0,0.07242968750000012,1.98295e-08
154.039,0.0,0.07217968750000012,1.975525e-08
154.039,0.0,0.07192968750000012,1.976545e-08
154.039,0.0,0.07167968750000012,1.9670766666666667e-08
154.039,0.0,0.07142968750000012,1.97214e-08
154.039,0.0,0.07117968750000012,1.97127e-08
154.039,0.0,0.07092968750000012,1.96436e-08
154.039,0.0,0.07067968750000012,1.953755e-08
154.039,0.0,0.07042968750000012,1.97254e-08
154.039,0.0,0.07017968750000012,1.973445e-08
154.039,0.0,0.06992968750000012,1.97049e-08
154.039,0.0,0.06967968750000011,1.955073333333333e-08
154.039,0.0,0.06942968750000011,1.96339e-08
154.039,0.0,0.06917968750000011,1.961265e-08
154.039,0.0,0.06892968750000011,1.983365e-08
154.039,0.0,0.06867968750000011,1.96687e-08
154.039,0.0,0.06842968750000011,1.98168e-08
154.039,0.0,0.06817968750000011,1.9739e-08
154.039,0.0,0.06792968750000011,1.97536e-08
154.039,0.0,0.06767968750000011,1.97119e-08
154.039,0.0,0.06742968750000011,1.978005e-08
154.039,0.0,0.06717968750000011,1.9576350000000002e-08
154.039,0.0,0.06692968750000011,1.97613e-08
154.039,0.0,0.06667968750000011,1.959675e-08
154.039,0.0,0.06642968750000011,1.9709e-08
154.039,0.0,0.06617968750000011,1.9780600000000002e-08
154.039,0.0,0.06592968750000011,1.970235e-08
154.039,0.0,0.06567968750000011,1.97114e-08
154.039,0.0,0.06542968750000011,1.96257e-08
154.039,0.0,0.06517968750000011,1.958395e-08
154.039,0.0,0.06492968750000011,1.97356e-08
154.039,0.0,0.06467968750000011,1.963385e-08
154.039,0.0,0.06442968750000011,1.97458e-08
154.039,0.0,0.06417968750000011,1.9673e-08
154.039,0.0,0.06392968750000011,1.97547e-08
154.039,0.0,0.06367968750000011,1.978135e-08
154.039,0.0,0.06342968750000011,1.98639e-08
154.039,0.0,0.06317968750000011,1.977615e-08
154.039,0.0,0.06292968750000011,1.98981e-08
154.039,0.0,0.06267968750000011,1.982223333333333e-08
154.039,0.0,0.062429687500000115,1.99147e-08
154.039,0.0,0.062179687500000115,1.990465e-08
154.039,0.0,0.061929687500000115,1.994475e-08
154.039,0.0,0.061679687500000115,1.98795e-08
154.039,0.0,0.061429687500000114,1.98825e-08
154.039,0.0,0.061179687500000114,1.98096e-08
154.039,0.0,0.060929687500000114,1.9873750000000003e-08
154.039,0.0,0.060679687500000114,1.98799e-08
154.039,0.0,0.060429687500000114,1.989715e-08
154.039,0.0,0.06017968750000011,1.998895e-08
154.039,0.0,0.05992968750000011,2.01977e-08
154.039,0.0,0.05967968750000011,2.0113250000000003e-08
154.039,0.0,0.05942968750000011,2.01737e-08
154.039,0.0,0.05917968750000011,2.01558e-08
154.039,0.0,0.05892968750000011,2.006355e-08
154.039,0.0,0.05867968750000011,2.011395e-08
154.039,0.0,0.05842968750000011,2.009355e-08
154.039,0.0,0.05817968750000011,1.999535e-08
154.039,0.0,0.05792968750000011,2.02769e-08
154.039,0.0,0.05767968750000011,2.00498e-08
154.039,0.0,0.05742968750000011,2.00582e-08
154.039,0.0,0.05717968750000011,1.9997e-08
154.039,0.0,0.05692968750000011,1.997915e-08
154.039,0.0,0.05667968750000012,1.996435e-08
154.039,0.0,0.05642968750000012,2.00513e-08
154.039,0.0,0.05617968750000012,2.00543e-08
154.039,0.0,0.055929687500000116,2.02036e-08
154.039,0.0,0.055679687500000116,2.005545e-08
154.039,0.0,0.055429687500000116,2.00959e-08
154.039,0.0,0.055179687500000116,2.003395e-08
154.039,0.0,0.054929687500000116,2.0171e-08
154.039,0.0,0.054679687500000115,2.0241e-08
154.039,0.0,0.054429687500000115,2.01184e-08
154.039,0.0,0.054179687500000115,2.03069e-08
154.039,0.0,0.053929687500000115,2.030545e-08
154.039,0.0,0.053679687500000114,2.029515e-08
154.039,0.0,0.053429687500000114,2.02884e-08
154.039,0.0,0.053179687500000114,2.03084e-08
154.039,0.0,0.052929687500000114,2.035575e-08
154.039,0.0,0.052679687500000114,2.04322e-08
154.039,0.0,0.05242968750000011,2.03576e-08
154.039,0.0,0.05217968750000011,2.03628e-08
154.039,0.0,0.05192968750000011,2.0379e-08
154.039,0.0,0.05167968750000011,2.045425e-08
154.039,0.0,0.05142968750000011,2.0440100000000002e-08
154.039,0.0,0.05117968750000011,2.051975e-08
154.039,0.0,0.05092968750000011,2.041165e-08
154.039,0.0,0.05067968750000011,2.04411e-08
154.039,0.0,0.05042968750000011,2.05413e-08
154.039,0.0,0.05017968750000011,2.062165e-08
154.039,0.0,0.04992968750000011,2.06014e-08
154.039,0.0,0.04967968750000011,2.052935e-08
154.039,0.0,0.04942968750000011,2.07859e-08
154.039,0.0,0.04917968750000011,2.069545e-08
154.039,0.0,0.04892968750000011,2.069385e-08
154.039,0.0,0.04867968750000012,2.05885e-08
154.039,0.0,0.04842968750000012,2.0694e-08
154.039,0.0,0.048179687500000117,2.08013e-08
154.039,0.0,0.047929687500000116,2.08975e-08
154.039,0.0,0.047679687500000116,2.07637e-08
154.039,0.0,0.047429687500000116,2.0821800000000002e-08
154.039,0.0,0.047179687500000116,2.09335e-08
154.039,0.0,0.046929687500000115,2.0853133333333333e-08
154.039,0.0,0.046679687500000115,2.06491e-08
154.039,0.0,0.046429687500000115,2.06854e-08
154.039,0.0,0.046179687500000115,2.06723e-08
154.039,0.0,0.045929687500000115,2.07374e-08
154.039,0.0,0.045679687500000114,2.07013e-08
154.039,0.0,0.045429687500000114,2.081395e-08
154.039,0.0,0.045179687500000114,2.07636e-08
154.039,0.0,0.044929687500000114,2.067205e-08
154.039,0.0,0.04467968750000011,2.0947e-08
154.039,0.0,0.04442968750000011,2.074925e-08
154.039,0.0,0.04417968750000011,2.08794e-08
154.039,0.0,0.04392968750000011,2.06525e-08
154.039,0.0,0.04367968750000011,2.06769e-08
154.039,0.0,0.04342968750000011,2.07319e-08
154.039,0.0,0.04317968750000011,2.080275e-08
154.039,0.0,0.04292968750000011,2.0849e-08
154.039,0.0,0.04267968750000011,2.077965e-08
154.039,0.0,0.04242968750000011,2.0776900000000006e-08
154.039,0.0,0.04217968750000011,2.079705e-08
154.039,0.0,0.04192968750000011,2.101125e-08
154.039,0.0,0.04167968750000011,2.08268e-08
154.039,0.0,0.04142968750000011,2.08609e-08
154.039,0.0,0.04117968750000011,2.073525e-08
154.039,0.0,0.04092968750000012,2.080995e-08
154.039,0.0,0.04067968750000012,2.07887e-08
154.039,0.0,0.04042968750000012,2.0779066666666663e-08
154.039,0.0,0.040179687500000116,2.086285e-08
154.039,0.0,0.039929687500000116,2.10128e-08
154.039,0.0,0.039679687500000116,2.091905e-08
154.039,0.0,0.039429687500000116,2.0911400000000003e-08
154.039,0.0,0.039179687500000115,2.08985e-08
154.039,0.0,0.038929687500000115,2.09515e-08
154.039,0.0,0.038679687500000115,2.09693e-08
154.039,0.0,0.038429687500000115,2.10871e-08
154.039,0.0,0.038179687500000115,2.108355e-08
154.039,0.0,0.037929687500000114,2.099605e-08
154.039,0.0,0.037679687500000114,2.10917e-08
154.039,0.0,0.037429687500000114,2.105095e-08
154.039,0.0,0.037179687500000114,2.12463e-08
154.039,0.0,0.03692968750000011,2.10967e-08
154.039,0.0,0.03667968750000011,2.09985e-08
154.039,0.0,0.03642968750000011,2.1192500000000006e-08
154.039,0.0,0.03617968750000011,2.121905e-08
154.039,0.0,0.03592968750000011,2.11906e-08
154.039,0.0,0.03567968750000011,2.11785e-08
154.039,0.0,0.03542968750000011,2.12033e-08
154.039,0.0,0.03517968750000011,2.1232750000000002e-08
154.039,0.0,0.03492968750000011,2.13573e-08
154.039,0.0,0.03467968750000011,2.13207e-08
154.039,0.0,0.03442968750000011,2.12061e-08
154.039,0.0,0.03417968750000011,2.113165e-08
154.039,0.0,0.03392968750000011,2.11982e-08
154.039,0.0,0.03367968750000011,2.1220400000000006e-08
154.039,0.0,0.03342968750000011,2.1191366666666663e-08
154.039,0.0,0.03317968750000012,2.12433e-08
154.039,0.0,0.03292968750000012,2.12242e-08
154.039,0.0,0.03267968750000012,2.13729e-08
154.039,0.0,0.032429687500000116,2.13721e-08
154.039,0.0,0.032179687500000116,2.111225e-08
154.039,0.0,0.031929687500000116,2.12566e-08
154.039,0.0,0.031679687500000116,2.131605e-08
154.039,0.0,0.031429687500000116,2.142083333333333e-08
154.039,0.0,0.031179687500000115,2.129505e-08
154.039,0.0,0.030929687500000115,2.13119e-08
154.039,0.0,0.030679687500000115,2.13637e-08
154.039,0.0,0.030429687500000115,2.11864e-08
154.039,0.0,0.030179687500000114,2.120155e-08
154.039,0.0,0.029929687500000114,2.1345e-08
154.039,0.0,0.029679687500000114,2.13438e-08
154.039,0.0,0.029429687500000114,2.123005e-08
154.039,0.0,0.029179687500000114,2.13145e-08
154.039,0.0,0.028929687500000113,2.13384e-08
154.039,0.0,0.028679687500000113,2.13694e-08
154.039,0.0,0.028429687500000113,2.160535e-08
154.039,0.0,0.028179687500000113,2.1484e-08
154.039,0.0,0.027929687500000112,2.1226e-08
154.039,0.0,0.027679687500000112,2.124775e-08
154.039,0.0,0.027429687500000112,2.1379600000000002e-08
154.039,0.0,0.027179687500000115,2.150985e-08
154.039,0.0,0.026929687500000115,2.14309e-08
154.039,0.0,0.026679687500000115,2.134215e-08
154.039,0.0,0.026429687500000115,2.1259e-08
154.039,0.0,0.026179687500000114,2.14398e-08
154.039,0.0,0.025929687500000114,2.15225e-08
154.039,0.0,0.025679687500000114,2.13081e-08
154.039,0.0,0.025429687500000114,2.12881e-08
154.039,0.0,0.025179687500000113,2.141855e-08
154.039,0.0,0.024929687500000113,2.13454e-08
154.039,0.0,0.024679687500000113,2.129255e-08
154.039,0.0,0.024429687500000113,2.1409366666666672e-08
154.039,0.0,0.024179687500000113,2.1477650000000003e-08
154.039,0.0,0.023929687500000112,2.12014e-08
154.039,0.0,0.023679687500000112,2.1479950000000002e-08
154.039,0.0,0.023429687500000115,2.13503e-08
154.039,0.0,0.023179687500000115,2.155005e-08
154.039,0.0,0.022929687500000115,2.14695e-08
154.039,0.0,0.022679687500000115,2.152885e-08
154.039,0.0,0.022429687500000114,2.144185e-08
154.039,0.0,0.022179687500000114,2.1489e-08
154.039,0.0,0.021929687500000114,2.145415e-08
154.039,0.0,0.021679687500000114,2.131365e-08
154.039,0.0,0.021429687500000114,2.13078e-08
154.039,0.0,0.021179687500000113,2.12792e-08
154.039,0.0,0.020929687500000113,2.12122e-08
154.039,0.0,0.020679687500000113,2.135555e-08
154.039,0.0,0.020429687500000113,2.119075e-08
154.039,0.0,0.020179687500000112,2.12595e-08
154.039,0.0,0.019929687500000112,2.118305e-08
154.039,0.0,0.019679687500000112,2.11911e-08
154.039,0.0,0.019429687500000115,2.11023e-08
154.039,0.0,0.019179687500000115,2.11577e-08
154.039,0.0,0.018929687500000115,2.11733e-08
154.039,0.0,0.018679687500000115,2.11944e-08
154.039,0.0,0.018429687500000114,2.11991e-08
154.039,0.0,0.018179687500000114,2.1119200000000003e-08
154.039,0.0,0.017929687500000114,2.12531e-08
154.039,0.0,0.017679687500000114,2.1166e-08
154.039,0.0,0.017429687500000113,2.106015e-08
154.039,0.0,0.017179687500000113,2.12491e-08
154.039,0.0,0.016929687500000113,2.11031e-08
154.039,0.0,0.016679687500000113,2.10545e-08
154.039,0.0,0.016429687500000113,2.101995e-08
154.039,0.0,0.016179687500000112,2.08713e-08
154.039,0.0,0.015929687500000112,2.098135e-08
154.039,0.0,0.015679687500000115,2.1028500000000002e-08
154.039,0.0,0.015429687500000113,2.103675e-08
154.039,0.0,0.015179687500000113,2.10583e-08
154.039,0.0,0.014929687500000113,2.11224e-08
154.039,0.0,0.014679687500000115,2.08756e-08
154.039,0.0,0.014429687500000114,2.101725e-08
154.039,0.0,0.014179687500000114,2.09839e-08
154.039,0.0,0.013929687500000114,2.105305e-08
154.039,0.0,0.013679687500000114,2.107525e-08
154.039,0.0,0.013429687500000113,2.09291e-08
154.039,0.0,0.013179687500000113,2.077165e-08
154.039,0.0,0.012929687500000113,2.109585e-08
154.039,0.0,0.012679687500000114,2.0937e-08
154.039,0.0,0.012429687500000114,2.09879e-08
154.039,0.0,0.012179687500000114,2.08654e-08
154.039,0.0,0.011929687500000114,2.10474e-08
154.039,0.0,0.011679687500000114,2.0928e-08
154.039,0.0,0.011429687500000113,2.09533e-08
154.039,0.0,0.011179687500000113,2.096945e-08
154.039,0.0,0.010929687500000113,2.089035e-08
154.039,0.0,0.010679687500000114,2.08927e-08
154.039,0.0,0.010429687500000114,2.091965e-08
154.039,0.0,0.010179687500000114,2.09322e-08
154.039,0.0,0.009929687500000114,2.100695e-08
154.039,0.0,0.009679687500000114,2.091985e-08
154.039,0.0,0.009429687500000113,2.09086e-08
154.039,0.0,0.009179687500000113,2.09121e-08
154.039,0.0,0.008929687500000113,2.0946500000000005e-08
154.039,0.0,0.008679687500000114,2.09941e-08
154.039,0.0,0.008429687500000114,2.071885e-08
154.039,0.0,0.008179687500000114,2.10681e-08
154.039,0.0,0.007929687500000114,2.08978e-08
154.039,0.0,0.0076796875000001135,2.085835e-08
154.039,0.0,0.007429687500000113,2.091115e-08
154.039,0.0,0.007179687500000114,2.09202e-08
154.039,0.0,0.006929687500000114,2.095795e-08
154.039,0.0,0.0066796875000001135,2.099145e-08
154.039,0.0,0.006429687500000113,2.0901266666666663e-08
154.039,0.0,0.006179687500000114,2.09589e-08
154.039,0.0,0.005929687500000114,2.089785e-08
154.039,0.0,0.0056796875000001135,2.09377e-08
154.039,0.0,0.005429687500000114,2.08569e-08
154.039,0.0,0.005179687500000114,2.09255e-08
154.039,0.0,0.004929687500000114,2.08168e-08
154.039,0.0,0.0046796875000001134,2.086415e-08
154.039,0.0,0.004429687500000114,2.099375e-08
154.039,0.0,0.004179687500000114,2.08247e-08
154.039,0.0,0.003929687500000114,2.0765e-08
154.039,0.0,0.003679687500000114,2.08537e-08
154.039,0.0,0.0034296875000001136,2.0889350000000002e-08
154.039,0.0,0.003179687500000114,2.09575e-08
154.039,0.0,0.0029296875000001136,2.0835750000000002e-08
154.039,0.0,0.002679687500000114,2.08753e-08
154.039,0.0,0.0024296875000001136,2.0762100000000003e-08
154.039,0.0,0.002179687500000114,2.079405e-08
154.039,0.0,0.0019296875000001136,2.085825e-08
154.039,0.0,0.0016796875000001136,2.0941e-08
154.039,0.0,0.0014296875000001136,2.09527e-08
154.039,0.0,0.0011796875000001136,2.08701e-08
154.039,0.0,0.0009296875000001137,2.08944e-08
154.039,0.0,0.0006796875000001137,2.08785e-08
154.039,0.0,0.0004296875000001137,2.079785e-08
154.039,0.0,0.00017968750000011368,2.08349e-08
154.039,0.0,-7.031249999988632e-05,2.085175e-08
154.039,0.0,-0.00032031249999988633,2.0904766666666664e-08
154.039,0.0,-0.0005703124999998863,2.08194e-08
154.039,0.0,-0.0008203124999998863,2.0906e-08
154.039,0.0,-0.0010703124999998862,2.091625e-08
154.039,0.0,-0.0013203124999998862,2.08631e-08
154.039,0.0,-0.0015703124999998863,2.08214e-08
154.039,0.0,-0.0018203124999998863,2.08536e-08
154.039,0.0,-0.0020703124999998865,2.0977100000000002e-08
154.039,0.0,-0.0023203124999998863,2.092735e-08
154.039,0.0,-0.0025703124999998865,2.097615e-08
154.039,0.0,-0.0028203124999998863,2.09366e-08
154.039,0.0,-0.0030703124999998865,2.09622e-08
154.039,0.0,-0.0033203124999998863,2.10472e-08
154.039,0.0,-0.0035703124999998865,2.09707e-08
154.039,0.0,-0.0038203124999998863,2.098165e-08
154.039,0.0,-0.0040703124999998865,2.09672e-08
154.039,0.0,-0.004320312499999887,2.098625e-08
154.039,0.0,-0.004570312499999886,2.10205e-08
154.039,0.0,-0.004820312499999886,2.098143333333333e-08
154.039,0.0,-0.0050703124999998865,2.108325e-08
154.039,0.0,-0.005320312499999886,2.097285e-08
154.039,0.0,-0.005570312499999886,2.08717e-08
154.039,0.0,-0.005820312499999886,2.102355e-08
154.039,0.0,-0.0060703124999998866,2.08906e-08
154.039,0.0,-0.006320312499999886,2.094045e-08
154.039,0.0,-0.006570312499999886,2.09239e-08
154.039,0.0,-0.006820312499999886,2.09549e-08
154.039,0.0,-0.007070312499999887,2.096955e-08
154.039,0.0,-0.007320312499999886,2.099293333333333e-08
154.039,0.0,-0.007570312499999886,2.09615e-08
154.039,0.0,-0.007820312499999886,2.102945e-08
154.039,0.0,-0.008070312499999887,2.103595e-08
154.039,0.0,-0.008320312499999887,2.101065e-08
154.039,0.0,-0.008570312499999887,2.10518e-08
154.039,0.0,-0.008820312499999886,2.10982e-08
154.039,0.0,-0.009070312499999886,2.093005e-08
154.039,0.0,-0.009320312499999886,2.1013766666666668e-08
154.039,0.0,-0.009570312499999886,2.12615e-08
154.039,0.0,-0.009820312499999886,2.104255e-08
154.039,0.0,-0.010070312499999887,2.113285e-08
154.039,0.0,-0.010320312499999887,2.113045e-08
154.039,0.0,-0.010570312499999887,2.1183e-08
154.039,0.0,-0.010820312499999886,2.11638e-08
154.039,0.0,-0.011070312499999886,2.117685e-08
154.039,0.0,-0.011320312499999886,2.124595e-08
154.039,0.0,-0.011570312499999886,2.130395e-08
154.039,0.0,-0.011820312499999886,2.12951e-08
154.039,0.0,-0.012070312499999887,2.128755e-08
154.039,0.0,-0.012320312499999887,2.12739e-08
154.039,0.0,-0.012570312499999887,2.13625e-08
154.039,0.0,-0.012820312499999886,2.12752e-08
154.039,0.0,-0.013070312499999886,2.125665e-08
154.039,0.0,-0.013320312499999886,2.12881e-08
154.039,0.0,-0.013570312499999886,2.14151e-08
154.039,0.0,-0.013820312499999887,2.140105e-08
154.039,0.0,-0.014070312499999887,2.13748e-08
154.039,0.0,-0.014320312499999887,2.13827e-08
154.039,0.0,-0.014570312499999887,2.13594e-08
154.039,0.0,-0.014820312499999886,2.15366e-08
154.039,0.0,-0.015070312499999886,2.147595e-08
154.039,0.0,-0.015320312499999886,2.143475e-08
154.039,0.0,-0.015570312499999886,2.17797e-08
154.039,0.0,-0.015820312499999885,2.168175e-08
154.039,0.0,-0.016070312499999885,2.160573333333333e-08
154.039,0.0,-0.016320312499999885,2.16617e-08
154.039,0.0,-0.016570312499999885,2.17341e-08
154.039,0.0,-0.016820312499999886,2.17135e-08
154.039,0.0,-0.017070312499999886,2.172195e-08
154.039,0.0,-0.017320312499999886,2.181865e-08
154.039,0.0,-0.017570312499999886,2.1667e-08
154.039,0.0,-0.017820312499999887,2.171865e-08
154.039,0.0,-0.018070312499999887,2.17756e-08
154.039,0.0,-0.018320312499999887,2.18185e-08
154.039,0.0,-0.018570312499999887,2.190305e-08
154.039,0.0,-0.018820312499999887,2.185455e-08
154.039,0.0,-0.019070312499999888,2.196205e-08
154.039,0.0,-0.019320312499999888,2.18385e-08
154.039,0.0,-0.019570312499999885,2.197535e-08
154.039,0.0,-0.019820312499999885,2.193555e-08
154.039,0.0,-0.020070312499999885,2.193425e-08
154.039,0.0,-0.020320312499999885,2.197495e-08
154.039,0.0,-0.020570312499999886,2.207695e-08
154.039,0.0,-0.020820312499999886,2.2035800000000002e-08
154.039,0.0,-0.021070312499999886,2.1971450000000003e-08
154.039,0.0,-0.021320312499999886,2.19598e-08
154.039,0.0,-0.021570312499999886,2.20469e-08
154.039,0.0,-0.021820312499999887,2.207535e-08
154.039,0.0,-0.022070312499999887,2.20001e-08
154.039,0.0,-0.022320312499999887,2.21276e-08
154.039,0.0,-0.022570312499999887,2.2105366666666667e-08
154.039,0.0,-0.022820312499999888,2.20745e-08
154.039,0.0,-0.023070312499999888,2.213375e-08
154.039,0.0,-0.023320312499999888,2.2065e-08
154.039,0.0,-0.023570312499999885,2.217265e-08
154.039,0.0,-0.023820312499999885,2.215255e-08
154.039,0.0,-0.024070312499999885,2.221225e-08
154.039,0.0,-0.024320312499999885,2.21902e-08
154.039,0.0,-0.024570312499999886,2.22164e-08
154.039,0.0,-0.024820312499999886,2.218465e-08
154.039,0.0,-0.025070312499999886,2.21223e-08
154.039,0.0,-0.025320312499999886,2.2168e-08
154.039,0.0,-0.025570312499999887,2.2192e-08
154.039,0.0,-0.025820312499999887,2.21639e-08
154.039,0.0,-0.026070312499999887,2.21239e-08
154.039,0.0,-0.026320312499999887,2.2234e-08
154.039,0.0,-0.026570312499999887,2.22323e-08
154.039,0.0,-0.026820312499999888,2.2227950000000003e-08
154.039,0.0,-0.027070312499999888,2.221965e-08
154.039,0.0,-0.027320312499999885,2.234645e-08
154.039,0.0,-0.027570312499999885,2.236155e-08
154.039,0.0,-0.027820312499999885,2.242955e-08
154.039,0.0,-0.028070312499999885,2.24408e-08
154.039,0.0,-0.028320312499999886,2.23277e-08
154.039,0.0,-0.028570312499999886,2.23591e-08
154.039,0.0,-0.028820312499999886,2.237475e-08
154.039,0.0,-0.029070312499999886,2.242265e-08
154.039,0.0,-0.029320312499999886,2.24035e-08
154.039,0.0,-0.029570312499999887,2.239955e-08
154.039,0.0,-0.029820312499999887,2.2512600000000006e-08
154.039,0.0,-0.030070312499999887,2.24053e-08
154.039,0.0,-0.030320312499999887,2.2437e-08
154.039,0.0,-0.030570312499999888,2.241495e-08
154.039,0.0,-0.030820312499999888,2.24271e-08
154.039,0.0,-0.031070312499999888,2.249975e-08
154.039,0.0,-0.031320312499999885,2.25068e-08
154.039,0.0,-0.031570312499999885,2.250753333333333e-08
154.039,0.0,-0.031820312499999885,2.25191e-08
154.039,0.0,-0.032070312499999885,2.256525e-08
154.039,0.0,-0.032320312499999886,2.25789e-08
154.039,0.0,-0.032570312499999886,2.25137e-08
154.039,0.0,-0.032820312499999886,2.26116e-08
154.039,0.0,-0.033070312499999886,2.25404e-08
154.039,0.0,-0.033320312499999886,2.27245e-08
154.039,0.0,-0.03357031249999989,2.258435e-08
154.039,0.0,-0.03382031249999989,2.26094e-08
154.039,0.0,-0.03407031249999989,2.25089e-08
154.039,0.0,-0.03432031249999989,2.258935e-08
154.039,0.0,-0.03457031249999989,2.24848e-08
154.039,0.0,-0.03482031249999989,2.2557250000000002e-08
154.039,0.0,-0.03507031249999989,2.255825e-08
154.039,0.0,-0.03532031249999989,2.24727e-08
154.039,0.0,-0.03557031249999989,2.24961e-08
154.039,0.0,-0.03582031249999989,2.24352e-08
154.039,0.0,-0.03607031249999989,2.2483950000000002e-08
154.039,0.0,-0.03632031249999989,2.24552e-08
154.039,0.0,-0.03657031249999989,2.245775e-08
154.039,0.0,-0.03682031249999989,2.250565e-08
154.039,0.0,-0.03707031249999988,2.2469e-08
154.039,0.0,-0.03732031249999988,2.24401e-08
154.039,0.0,-0.03757031249999988,2.24428e-08
154.039,0.0,-0.037820312499999884,2.2493250000000002e-08
154.039,0.0,-0.038070312499999884,2.23542e-08
154.039,0.0,-0.038320312499999884,2.24647e-08
154.039,0.0,-0.038570312499999884,2.2460633333333333e-08
154.039,0.0,-0.038820312499999884,2.2471e-08
154.039,0.0,-0.039070312499999885,2.24505e-08
154.039,0.0,-0.039320312499999885,2.241885e-08
154.039,0.0,-0.039570312499999885,2.23632e-08
154.039,0.0,-0.039820312499999885,2.235945e-08
154.039,0.0,-0.040070312499999886,2.25066e-08
154.039,0.0,-0.040320312499999886,2.232385e-08
154.039,0.0,-0.040570312499999886,2.23526e-08
154.039,0.0,-0.040820312499999886,2.23739e-08
154.039,0.0,-0.041070312499999886,2.243645e-08
154.039,0.0,-0.04132031249999989,2.23968e-08
154.039,0.0,-0.04157031249999989,2.248305e-08
154.039,0.0,-0.04182031249999989,2.24386e-08
154.039,0.0,-0.04207031249999989,2.23092e-08
154.039,0.0,-0.04232031249999989,2.237385e-08
154.039,0.0,-0.04257031249999989,2.240355e-08
154.039,0.0,-0.04282031249999989,2.2414700000000003e-08
154.039,0.0,-0.04307031249999989,2.238015e-08
154.039,0.0,-0.04332031249999989,2.231595e-08
154.039,0.0,-0.04357031249999989,2.246055e-08
154.039,0.0,-0.04382031249999989,2.23723e-08
154.039,0.0,-0.04407031249999989,2.25033e-08
154.039,0.0,-0.04432031249999989,2.238075e-08
154.039,0.0,-0.04457031249999989,2.248015e-08
154.039,0.0,-0.04482031249999989,2.234415e-08
154.039,0.0,-0.04507031249999988,2.25055e-08
154.039,0.0,-0.04532031249999988,2.24306e-08
154.039,0.0,-0.045570312499999883,2.25529e-08
154.039,0.0,-0.045820312499999884,2.25051e-08
154.039,0.0,-0.046070312499999884,2.25822e-08
154.039,0.0,-0.046320312499999884,2.261535e-08
154.039,0.0,-0.046570312499999884,2.258005e-08
154.039,0.0,-0.046820312499999885,2.2566e-08
154.039,0.0,-0.047070312499999885,2.2622e-08
154.039,0.0,-0.047320312499999885,2.25579e-08
154.039,0.0,-0.047570312499999885,2.26185e-08
154.039,0.0,-0.047820312499999885,2.254135e-08
154.039,0.0,-0.048070312499999886,2.251505e-08
154.039,0.0,-0.048320312499999886,2.260855e-08
154.039,0.0,-0.048570312499999886,2.25652e-08
154.039,0.0,-0.048820312499999886,2.251395e-08
154.039,0.0,-0.04907031249999989,2.27225e-08
154.039,0.0,-0.04932031249999989,2.26606e-08
154.039,0.0,-0.04957031249999989,2.26662e-08
154.039,0.0,-0.04982031249999989,2.2793e-08
154.039,0.0,-0.05007031249999989,2.286275e-08
154.039,0.0,-0.05032031249999989,2.2836e-08
154.039,0.0,-0.05057031249999989,2.29215e-08
154.039,0.0,-0.05082031249999989,2.291055e-08
154.039,0.0,-0.05107031249999989,2.28552e-08
154.039,0.0,-0.05132031249999989,2.291885e-08
154.039,0.0,-0.05157031249999989,2.311855e-08
154.039,0.0,-0.05182031249999989,2.307265e-08
154.039,0.0,-0.05207031249999989,2.298945e-08
154.039,0.0,-0.05232031249999989,2.3067450000000002e-08
154.039,0.0,-0.05257031249999989,2.3023900000000003e-08
154.039,0.0,-0.05282031249999988,2.30203e-08
154.039,0.0,-0.05307031249999988,2.29944e-08
154.039,0.0,-0.05332031249999988,2.306425e-08
154.039,0.0,-0.053570312499999884,2.3054600000000002e-08
154.039,0.0,-0.053820312499999884,2.299065e-08
154.039,0.0,-0.054070312499999884,2.30634e-08
154.039,0.0,-0.054320312499999884,2.30061e-08
154.039,0.0,-0.054570312499999885,2.29748e-08
154.039,0.0,-0.054820312499999885,2.30218e-08
154.039,0.0,-0.055070312499999885,2.30527e-08
154.039,0.0,-0.055320312499999885,2.303995e-08
154.039,0.0,-0.055570312499999885,2.301485e-08
154.039,0.0,-0.055820312499999886,2.303815e-08
154.039,0.0,-0.056070312499999886,2.29884e-08
154.039,0.0,-0.056320312499999886,2.305995e-08
154.039,0.0,-0.056570312499999886,2.3068e-08
154.039,0.0,-0.05682031249999989,2.305965e-08
154.039,0.0,-0.05707031249999989,2.30059e-08
154.039,0.0,-0.05732031249999989,2.30523e-08
154.039,0.0,-0.05757031249999989,2.30942e-08
154.039,0.0,-0.05782031249999989,2.30985e-08
154.039,0.0,-0.05807031249999989,2.309965e-08
154.039,0.0,-0.05832031249999989,2.315905e-08
154.039,0.0,-0.05857031249999989,2.3128050000000003e-08
154.039,0.0,-0.05882031249999989,2.311905e-08
154.039,0.0,-0.05907031249999989,2.304355e-08
154.039,0.0,-0.05932031249999989,2.3051e-08
154.039,0.0,-0.05957031249999989,2.3056800000000002e-08
154.039,0.0,-0.05982031249999989,2.30874e-08
154.039,0.0,-0.06007031249999989,2.31675e-08
154.039,0.0,-0.06032031249999989,2.31359e-08
154.039,0.0,-0.06057031249999988,2.322855e-08
154.039,0.0,-0.06082031249999988,2.319425e-08
154.039,0.0,-0.06107031249999988,2.32522e-08
154.039,0.0,-0.061320312499999884,2.3237700000000003e-08
154.039,0.0,-0.061570312499999884,2.32907e-08
154.039,0.0,-0.061820312499999884,2.3369e-08
154.039,0.0,-0.062070312499999884,2.34928e-08
154.039,0.0,-0.062320312499999884,2.34619e-08
154.039,0.0,-0.06257031249999989,2.35381e-08
154.039,0.0,-0.06282031249999989,2.35304e-08
154.039,0.0,-0.06307031249999989,2.344675e-08
154.039,0.0,-0.06332031249999989,2.34867e-08
154.039,0.0,-0.06357031249999989,2.3541466666666663e-08
154.039,0.0,-0.06382031249999989,2.34857e-08
154.039,0.0,-0.06407031249999989,2.36252e-08
154.039,0.0,-0.0643203124999999,2.359785e-08
154.039,0.0,-0.06457031249999988,2.36805e-08
154.039,0.0,-0.06482031249999988,2.36872e-08
154.039,0.0,-0.06507031249999988,2.367325e-08
154.039,0.0,-0.06532031249999988,2.364845e-08
154.039,0.0,-0.06557031249999988,2.374575e-08
154.039,0.0,-0.06582031249999988,2.371e-08
154.039,0.0,-0.06607031249999988,2.36856e-08
154.039,0.0,-0.06632031249999988,2.371625e-08
154.039,0.0,-0.06657031249999988,2.37249e-08
154.039,0.0,-0.06682031249999988,2.36586e-08
154.039,0.0,-0.06707031249999988,2.3664e-08
154.039,0.0,-0.06732031249999988,2.370165e-08
154.039,0.0,-0.06757031249999988,2.35868e-08
154.039,0.0,-0.06782031249999988,2.357435e-08
154.039,0.0,-0.06807031249999988,2.35024e-08
154.039,0.0,-0.06832031249999988,2.340995e-08
154.039,0.0,-0.06857031249999988,2.35132e-08
154.039,0.0,-0.06882031249999988,2.34542e-08
154.039,0.0,-0.06907031249999988,2.3466e-08
154.039,0.0,-0.06932031249999988,2.36116e-08
154.039,0.0,-0.06957031249999988,2.3695250000000002e-08
154.039,0.0,-0.06982031249999988,2.36784e-08
154.039,0.0,-0.07007031249999988,2.3685366666666672e-08
154.039,0.0,-0.07032031249999988,2.385755e-08
154.039,0.0,-0.07057031249999988,2.384615e-08
154.039,0.0,-0.07082031249999989,2.3822e-08
154.039,0.0,-0.07107031249999989,2.39313e-08
154.039,0.0,-0.07132031249999989,2.40151e-08
154.039,0.0,-0.07157031249999989,2.40199e-08
154.039,0.0,-0.07182031249999989,2.40433e-08
154.039,0.0,-0.07207031249999989,2.4070300000000003e-08
154.039,0.0,-0.07232031249999989,2.407995e-08
154.039,0.0,-0.07257031249999989,2.41302e-08
154.039,0.0,-0.07282031249999989,2.408935e-08
154.039,0.0,-0.07307031249999989,2.415775e-08
154.039,0.0,-0.07332031249999989,2.4213e-08
154.039,0.0,-0.07357031249999989,2.42223e-08
154.039,0.0,-0.07382031249999989,2.42764e-08
154.039,0.0,-0.07407031249999989,2.428515e-08
154.039,0.0,-0.07432031249999989,2.431e-08
154.039,0.0,-0.07457031249999989,2.42698e-08
154.039,0.0,-0.07482031249999989,2.42944e-08
154.039,0.0,-0.07507031249999989,2.43528e-08
154.039,0.0,-0.07532031249999989,2.4343750000000006e-08
154.039,0.0,-0.07557031249999989,2.44354e-08
154.039,0.0,-0.07582031249999989,2.445935e-08
154.039,0.0,-0.07607031249999989,2.448485e-08
154.039,0.0,-0.07632031249999989,2.4637e-08
154.039,0.0,-0.07657031249999989,2.46334e-08
154.039,0.0,-0.07682031249999989,2.458255e-08
154.039,0.0,-0.07707031249999989,2.465395e-08
154.039,0.0,-0.07732031249999989,2.46906e-08
154.039,0.0,-0.07757031249999989,2.47315e-08
154.039,0.0,-0.07782031249999989,2.47803e-08
154.039,0.0,-0.07807031249999989,2.475665e-08
154.039,0.0,-0.07832031249999989,2.4657150000000002e-08
154.039,0.0,-0.07857031249999989,2.48213e-08
154.039,0.0,-0.07882031249999989,2.487175e-08
154.039,0.0,-0.07907031249999989,2.4983266666666673e-08
154.039,0.0,-0.07932031249999989,2.50665e-08
154.039,0.0,-0.07957031249999989,2.52073e-08
154.039,0.0,-0.0798203124999999,2.51736e-08
154.039,0.0,-0.08007031249999988,2.51722e-08
154.039,0.0,-0.08032031249999988,2.525665e-08
154.039,0.0,-0.08057031249999988,2.51157e-08
154.039,0.0,-0.08082031249999988,2.5227e-08
154.039,0.0,-0.08107031249999988,2.53087e-08
154.039,0.0,-0.08132031249999988,2.5314100000000003e-08
154.039,0.0,-0.08157031249999988,2.53807e-08
154.039,0.0,-0.08182031249999988,2.542965e-08
154.039,0.0,-0.08207031249999988,2.542655e-08
154.039,0.0,-0.08232031249999988,2.555615e-08
154.039,0.0,-0.08257031249999988,2.55856e-08
154.039,0.0,-0.08282031249999988,2.56207e-08
154.039,0.0,-0.08307031249999988,2.567645e-08
154.039,0.0,-0.08332031249999988,2.566795e-08
154.039,0.0,-0.08357031249999988,2.58222e-08
154.039,0.0,-0.08382031249999988,2.5790400000000003e-08
154.039,0.0,-0.08407031249999988,2.59402e-08
154.039,0.0,-0.08432031249999988,2.591415e-08
154.039,0.0,-0.08457031249999988,2.60215e-08
154.039,0.0,-0.08482031249999988,2.60887e-08
154.039,0.0,-0.08507031249999988,2.61475e-08
154.039,0.0,-0.08532031249999988,2.61408e-08
154.039,0.0,-0.08557031249999988,2.63505e-08
154.039,0.0,-0.08582031249999988,2.63782e-08
154.039,0.0,-0.08607031249999988,2.643505e-08
154.039,0.0,-0.08632031249999988,2.6508733333333336e-08
154.039,0.0,-0.08657031249999989,2.66588e-08
154.039,0.0,-0.08682031249999989,2.6649350000000002e-08
154.039,0.0,-0.08707031249999989,2.68192e-08
154.039,0.0,-0.08732031249999989,2.680485e-08
154.039,0.0,-0.08757031249999989,2.69157e-08
154.039,0.0,-0.08782031249999989,2.698895e-08
154.039,0.0,-0.08807031249999989,2.707645e-08
154.039,0.0,-0.08832031249999989,2.7158933333333333e-08
154.039,0.0,-0.08857031249999989,2.73356e-08
154.039,0.0,-0.08882031249999989,2.73461e-08
154.039,0.0,-0.08907031249999989,2.742385e-08
154.039,0.0,-0.08932031249999989,2.75655e-08
154.039,0.0,-0.08957031249999989,2.75884e-08
154.039,0.0,-0.08982031249999989,2.762115e-08
154.039,0.0,-0.09007031249999989,2.769715e-08
154.039,0.0,-0.09032031249999989,2.77584e-08
154.039,0.0,-0.09057031249999989,2.792235e-08
154.039,0.0,-0.09082031249999989,2.797825e-08
154.039,0.0,-0.09107031249999989,2.820215e-08
154.039,0.0,-0.09132031249999989,2.830385e-08
154.039,0.0,-0.09157031249999989,2.83812e-08
154.039,0.0,-0.09182031249999989,2.849155e-08
154.039,0.0,-0.09207031249999989,2.85533e-08
154.039,0.0,-0.09232031249999989,2.87233e-08
154.039,0.0,-0.09257031249999989,2.889685e-08
154.039,0.0,-0.09282031249999989,2.9066700000000002e-08
154.039,0.0,-0.09307031249999989,2.9029e-08
154.039,0.0,-0.09332031249999989,2.91821e-08
154.039,0.0,-0.09357031249999989,2.923355e-08
154.039,0.0,-0.09382031249999989,2.9475e-08
154.039,0.0,-0.09407031249999989,2.95188e-08
154.039,0.0,-0.09432031249999989,2.95869e-08
154.039,0.0,-0.09457031249999989,2.96778e-08
154.039,0.0,-0.09482031249999989,2.98388e-08
154.039,0.0,-0.09507031249999989,2.992873333333333e-08
154.039,0.0,-0.09532031249999989,3.00666e-08
154.039,0.0,-0.0955703124999999,3.01447e-08
154.039,0.0,-0.09582031249999988,3.01587e-08
154.039,0.0,-0.09607031249999988,3.0189200000000004e-08
154.039,0.0,-0.09632031249999988,3.03448e-08
154.039,0.0,-0.09657031249999988,3.03631e-08
154.039,0.0,-0.09682031249999988,3.04219e-08
154.039,0.0,-0.09707031249999988,3.059615e-08
154.039,0.0,-0.09732031249999988,3.053595e-08
154.039,0.0,-0.09757031249999988,3.04544e-08
154.039,0.0,-0.09782031249999988,3.05729e-08
154.039,0.0,-0.09807031249999988,3.064085e-08
154.039,0.0,-0.09832031249999988,3.06003e-08
154.039,0.0,-0.09857031249999988,3.06414e-08
154.039,0.0,-0.09882031249999988,3.06042e-08
154.039,0.0,-0.09907031249999988,3.052095e-08
154.039,0.0,-0.09932031249999988,3.0414e-08
154.039,0.0,-0.09957031249999988,3.0312300000000003e-08
154.039,0.0,-0.09982031249999988,3.039655e-08
154.039,0.0,-0.10007031249999988,3.029605e-08
154.039,0.0,-0.10032031249999988,3.00916e-08
154.039,0.0,-0.10057031249999988,3.000705e-08
154.039,0.0,-0.10082031249999988,2.987025e-08
154.039,0.0,-0.10107031249999988,2.961605e-08
154.039,0.0,-0.10132031249999988,2.9490400000000003e-08
154.039,0.0,-0.10157031249999988,2.91308e-08
154.039,0.0,-0.10182031249999988,2.89189e-08
154.039,0.0,-0.10207031249999989,2.8607900000000002e-08
154.039,0.0,-0.10232031249999989,2.80851e-08
154.039,0.0,-0.10257031249999989,2.78281e-08
154.039,0.0,-0.10282031249999989,2.73077e-08
154.039,0.0,-0.10307031249999989,2.678575e-08
154.039,0.0,-0.10332031249999989,2.61804e-08
154.039,0.0,-0.10357031249999989,2.574295e-08
154.039,0.0,-0.10382031249999989,2.515575e-08
